1757664954.236328 -0.042916 0.007820 -0.002480 -0.003242 0.014517 -0.001358 -0.023842 -0.001717 0.013924 -0.016975 -0.002154 0.005368 0.084115 -0.018120 0.001717 -0.000572 -0.055505 -0.036431 0.013161 -0.317578 0.094034 -0.008583 -0.001717
1757664954.238293 -0.042916 0.007820 -0.002480 -0.003242 0.014517 -0.001358 -0.023842 -0.001717 0.013924 -0.016975 -0.002154 0.005368 0.084115 -0.018120 0.001717 -0.000572 -0.055505 -0.036431 0.013161 -0.317578 0.094034 -0.008583 -0.001717
1757664954.240306 -0.042916 0.007820 -0.002480 -0.003242 0.014517 -0.001358 -0.023842 -0.001717 0.013924 -0.016975 -0.002154 0.005368 0.084115 -0.018120 0.001717 -0.000572 -0.055505 -0.036431 0.013161 -0.317578 0.094034 -0.008583 -0.001717
1757664954.242281 -0.042916 0.007820 -0.002480 -0.003242 0.014517 -0.001358 -0.023842 -0.001717 0.013924 -0.016975 -0.002154 0.005368 0.084115 -0.018120 0.001717 -0.000572 -0.055505 -0.036431 0.013161 -0.317578 0.094034 -0.008583 -0.001717
1757664954.244298 -0.042916 0.007820 -0.002480 -0.003242 0.014517 -0.001358 -0.023842 -0.001717 0.013924 -0.016975 -0.002154 0.005368 0.084115 -0.018120 0.001717 -0.000572 -0.055505 -0.036431 0.013161 -0.317578 0.094034 -0.008583 -0.001717
1757664954.246304 -0.042916 0.007820 -0.002480 -0.003242 0.014517 -0.001358 -0.023842 -0.001717 0.013924 -0.016975 -0.002154 0.005368 0.084115 -0.018120 0.001717 -0.000572 -0.055505 -0.036431 0.013161 -0.317578 0.094034 -0.008583 -0.001717
1757664954.248366 -0.042916 0.007820 -0.002480 -0.003242 0.014517 -0.001358 -0.023842 -0.001717 0.013924 -0.016975 -0.002154 0.005368 0.084115 -0.018120 0.001717 -0.000572 -0.055505 -0.036431 0.013542 -0.317578 0.094034 -0.008583 -0.001717
1757664954.250308 -0.042916 0.007820 -0.002480 -0.003242 0.014517 -0.001358 -0.023842 -0.001717 0.013924 -0.016975 -0.002154 0.005368 0.084115 -0.018120 0.001717 -0.000572 -0.055505 -0.036431 0.013161 -0.317578 0.094034 -0.008583 -0.001717
1757664954.252294 -0.042916 0.007820 -0.002480 -0.003242 0.014517 -0.001358 -0.023842 -0.001717 0.013924 -0.016975 -0.002154 0.005368 0.084115 -0.018120 0.001717 -0.000572 -0.055505 -0.036431 0.013161 -0.317578 0.094034 -0.008583 -0.001717
1757664954.254303 -0.042916 0.007820 -0.002480 -0.003242 0.014517 -0.001358 -0.023842 -0.001717 0.013924 -0.016975 -0.002154 0.005368 0.084115 -0.018120 0.001717 -0.000572 -0.055505 -0.036431 0.013161 -0.317578 0.094034 -0.008583 -0.001717
1757664954.256291 -0.042916 0.007820 -0.002480 -0.003242 0.014517 -0.001358 -0.023842 -0.001717 0.013924 -0.016975 -0.002154 0.005368 0.084115 -0.018120 0.001717 -0.000572 -0.055505 -0.036431 0.013161 -0.317578 0.094034 -0.008583 -0.001717
1757664954.258299 -0.042916 0.007820 -0.002480 -0.003242 0.014517 -0.001358 -0.023842 -0.001717 0.013924 -0.016975 -0.002154 0.005368 0.084115 -0.018120 0.001717 -0.000572 -0.055505 -0.036431 0.013161 -0.317578 0.094034 -0.008583 -0.001717
1757664954.260303 -0.042916 0.007820 -0.002480 -0.003242 0.014517 -0.001358 -0.023842 -0.001717 0.013924 -0.016975 -0.002154 0.005368 0.084115 -0.018120 0.001717 -0.000572 -0.055505 -0.036431 0.013161 -0.317578 0.094034 -0.008583 -0.001717
1757664954.262295 -0.042916 0.007820 -0.002480 -0.003242 0.014517 -0.001358 -0.023842 -0.001717 0.013924 -0.016975 -0.002154 0.005368 0.084115 -0.018120 0.001717 -0.000572 -0.055505 -0.036431 0.013161 -0.317578 0.094034 -0.008583 -0.001717
1757664954.264326 -0.042916 0.007820 -0.002480 -0.003242 0.014517 -0.001358 -0.023842 -0.001717 0.013924 -0.016975 -0.002154 0.005368 0.084115 -0.018120 0.001717 -0.000572 -0.055505 -0.036431 0.013161 -0.317578 0.094034 -0.008583 -0.001717
1757664954.266315 -0.042916 0.007820 -0.002480 -0.003242 0.014517 -0.001358 -0.023842 -0.001717 0.013924 -0.016975 -0.002154 0.005368 0.084115 -0.018120 0.001717 -0.000572 -0.055505 -0.036431 0.013161 -0.317578 0.094034 -0.008583 -0.001717
1757664954.268311 -0.042916 0.007820 -0.002480 -0.003242 0.014517 -0.001358 -0.023842 -0.001717 0.013924 -0.016975 -0.002154 0.005368 0.084115 -0.018120 0.001717 -0.000572 -0.055505 -0.036431 0.013161 -0.317578 0.094034 -0.008583 -0.001717
1757664954.270294 -0.042916 0.007820 -0.002480 -0.003242 0.014517 -0.001358 -0.023842 -0.001717 0.013924 -0.016975 -0.002154 0.005368 0.084115 -0.018120 0.001717 -0.000572 -0.055505 -0.036431 0.013161 -0.317578 0.094034 -0.008583 -0.001717
1757664954.272297 -0.042916 0.007820 -0.002480 -0.003242 0.014517 -0.001358 -0.023842 -0.001717 0.013924 -0.016975 -0.002154 0.005368 0.084115 -0.018120 0.001717 -0.000572 -0.055505 -0.036431 0.013161 -0.317578 0.094034 -0.008583 -0.001717
1757664954.274301 -0.042916 0.007820 -0.002480 -0.003242 0.014517 -0.001358 -0.023842 -0.001717 0.013924 -0.016975 -0.002154 0.005368 0.084115 -0.018120 0.001717 -0.000572 -0.055505 -0.036431 0.013161 -0.317578 0.094034 -0.008583 -0.001717
1757664954.276287 -0.042916 0.007820 -0.002480 -0.003242 0.014517 -0.001358 -0.023842 -0.001717 0.013924 -0.016975 -0.002154 0.005368 0.084115 -0.018120 0.001717 -0.000572 -0.055505 -0.036431 0.013161 -0.317578 0.094034 -0.008583 -0.001717
1757664954.278299 -0.042916 0.007820 -0.002480 -0.003242 0.014517 -0.001358 -0.023842 -0.001717 0.013924 -0.016975 -0.002154 0.005368 0.084115 -0.018120 0.001717 -0.000572 -0.055505 -0.036431 0.013161 -0.317578 0.094034 -0.008583 -0.001717
1757664954.280298 -0.042916 0.007820 -0.002480 -0.003242 0.014517 -0.001358 -0.023842 -0.001717 0.013924 -0.016975 -0.002154 0.005368 0.084115 -0.018120 0.001717 -0.000572 -0.055505 -0.036431 0.013161 -0.317578 0.094034 -0.008583 -0.001717
1757664954.282310 -0.042916 0.007820 -0.002480 -0.003242 0.014517 -0.001358 -0.023842 -0.001717 0.013924 -0.016975 -0.002154 0.005368 0.084115 -0.018120 0.001717 -0.000572 -0.055505 -0.036431 0.013161 -0.317578 0.094034 -0.008583 -0.001717
1757664954.284287 -0.042916 0.007820 -0.002480 -0.003242 0.014517 -0.001358 -0.023842 -0.001717 0.013924 -0.016975 -0.002154 0.005368 0.084115 -0.018120 0.001717 -0.000572 -0.055505 -0.036431 0.013161 -0.317578 0.094034 -0.008583 -0.001717
1757664954.286296 -0.042916 0.007820 -0.002480 -0.003242 0.014517 -0.001358 -0.023842 -0.001717 0.013924 -0.016975 -0.002154 0.005368 0.084115 -0.018120 0.001717 -0.000572 -0.055505 -0.036431 0.013161 -0.317578 0.094034 -0.008583 -0.001717
1757664954.288329 -0.042916 0.007820 -0.002480 -0.003242 0.014517 -0.001358 -0.023842 -0.001717 0.013924 -0.016975 -0.002154 0.005368 0.084115 -0.018120 0.001717 -0.000572 -0.055505 -0.036431 0.013161 -0.317578 0.094034 -0.008583 -0.001717
1757664954.290296 -0.042916 0.007820 -0.002480 -0.003242 0.014517 -0.001358 -0.023842 -0.001717 0.013924 -0.016975 -0.002154 0.005368 0.084115 -0.018120 0.001717 -0.000572 -0.055505 -0.036431 0.013161 -0.317578 0.094034 -0.008583 -0.001717
1757664954.292294 -0.042916 0.007820 -0.002480 -0.003242 0.014517 -0.001358 -0.023842 -0.001717 0.013924 -0.016975 -0.002154 0.005368 0.084115 -0.018120 0.001717 -0.000572 -0.055505 -0.036431 0.013161 -0.317578 0.094034 -0.008583 -0.001717
1757664954.294296 -0.042916 0.007820 -0.002480 -0.003242 0.014517 -0.001358 -0.023842 -0.001717 0.013924 -0.016975 -0.002154 0.005368 0.084115 -0.018120 0.001717 -0.000572 -0.055505 -0.036431 0.013161 -0.317578 0.094034 -0.008583 -0.001717
1757664954.296357 -0.042916 0.007820 -0.002480 -0.003242 0.014517 -0.001358 -0.023842 -0.001717 0.013924 -0.016975 -0.002154 0.005368 0.084115 -0.018120 0.001717 -0.000572 -0.055505 -0.036431 0.013161 -0.317578 0.094034 -0.008583 -0.001717
1757664954.298295 -0.042916 0.007820 -0.002480 -0.003242 0.014517 -0.001358 -0.023842 -0.001717 0.013924 -0.016975 -0.002154 0.005368 0.084115 -0.018120 0.001717 -0.000572 -0.055505 -0.036431 0.013161 -0.317578 0.094034 -0.008583 -0.001717
1757664954.300295 -0.042916 0.007820 -0.002480 -0.003242 0.014517 -0.001358 -0.023842 -0.001717 0.013924 -0.016975 -0.002154 0.005368 0.084115 -0.018120 0.001717 -0.000572 -0.055505 -0.036431 0.013161 -0.317578 0.094034 -0.008583 -0.001717
1757664954.302379 -0.042916 0.007820 -0.002480 -0.003242 0.014517 -0.001358 -0.023842 -0.001717 0.013924 -0.016975 -0.002154 0.005368 0.084115 -0.018120 0.001717 -0.000572 -0.055505 -0.036431 0.013161 -0.317578 0.094034 -0.008583 -0.001717
1757664954.304324 -0.042916 0.007820 -0.002480 -0.003242 0.014517 -0.001358 -0.023842 -0.001717 0.013924 -0.016975 -0.002154 0.005368 0.084115 -0.018120 0.001717 -0.000572 -0.055505 -0.036431 0.013161 -0.317578 0.094034 -0.008583 -0.001717
1757664954.306313 -0.042916 0.007820 -0.002480 -0.003242 0.014517 -0.001358 -0.023842 -0.001717 0.013924 -0.016975 -0.002154 0.005368 0.084115 -0.018120 0.001717 -0.000572 -0.055505 -0.036431 0.013161 -0.317578 0.094034 -0.008583 -0.001717
1757664954.308321 -0.042916 0.007820 -0.002480 -0.003242 0.014517 -0.001358 -0.023842 -0.001717 0.013924 -0.016975 -0.002154 0.005368 0.084115 -0.018120 0.001717 -0.000572 -0.055505 -0.036431 0.013161 -0.317578 0.094034 -0.008583 -0.001717
1757664954.310392 -0.042916 0.007820 -0.002480 -0.003242 0.014517 -0.001358 -0.023842 -0.001717 0.013924 -0.016975 -0.002154 0.005368 0.084115 -0.018120 0.001717 -0.000572 -0.055505 -0.036431 0.013161 -0.317578 0.094034 -0.008583 -0.001717
1757664954.312311 -0.042916 0.007820 -0.002480 -0.003242 0.014517 -0.001358 -0.023842 -0.001717 0.013924 -0.016975 -0.002154 0.005368 0.084115 -0.018120 0.001717 -0.000572 -0.055505 -0.036431 0.013161 -0.317578 0.094034 -0.008583 -0.001717
1757664954.314308 -0.042916 0.007820 -0.002480 -0.003242 0.014517 -0.001358 -0.023842 -0.001717 0.013924 -0.016975 -0.002154 0.005368 0.084115 -0.018120 0.001717 -0.000572 -0.055505 -0.036431 0.013161 -0.317578 0.094034 -0.008583 -0.001717
1757664954.316305 -0.042916 0.007820 -0.002480 -0.003242 0.014517 -0.001358 -0.023842 -0.001717 0.013924 -0.016975 -0.002154 0.005368 0.084115 -0.018120 0.001717 -0.000572 -0.055505 -0.036431 0.013161 -0.317578 0.094034 -0.008583 -0.001717
1757664954.318303 -0.042916 0.007820 -0.002480 -0.003242 0.014517 -0.001358 -0.023842 -0.001717 0.013924 -0.016975 -0.002154 0.005368 0.084115 -0.018120 0.001717 -0.000572 -0.055505 -0.036431 0.013161 -0.317578 0.094034 -0.008583 -0.001717
1757664954.320310 -0.042916 0.007820 -0.002480 -0.003242 0.014517 -0.001358 -0.023842 -0.001717 0.013924 -0.016975 -0.002154 0.005368 0.084115 -0.018120 0.001717 -0.000572 -0.055505 -0.036431 0.013161 -0.317578 0.094034 -0.008583 -0.001717
1757664954.322300 -0.042916 0.007820 -0.002480 -0.003242 0.014517 -0.001358 -0.023842 -0.001717 0.013924 -0.016975 -0.002154 0.005368 0.084115 -0.018120 0.001717 -0.000572 -0.055505 -0.036431 0.013161 -0.317578 0.094034 -0.008583 -0.001717
1757664954.324295 -0.042916 0.007820 -0.002480 -0.003242 0.014517 -0.001358 -0.023842 -0.001717 0.013924 -0.016975 -0.002154 0.005368 0.084115 -0.018120 0.001717 -0.000572 -0.055505 -0.036431 0.013161 -0.317578 0.094034 -0.008583 -0.001717
1757664954.326296 -0.042916 0.007820 -0.002480 -0.003242 0.014517 -0.001358 -0.023842 -0.001717 0.013924 -0.016975 -0.002154 0.005368 0.084115 -0.018120 0.001717 -0.000572 -0.055505 -0.036431 0.013161 -0.317578 0.094034 -0.008583 -0.001717
1757664954.328299 -0.042916 0.007820 -0.002480 -0.003242 0.014517 -0.001358 -0.023842 -0.001717 0.013924 -0.016975 -0.002154 0.005368 0.084115 -0.018120 0.001717 -0.000572 -0.055505 -0.036431 0.013161 -0.317578 0.094034 -0.008583 -0.001717
1757664954.330328 -0.042916 0.007820 -0.002480 -0.003242 0.014517 -0.001358 -0.023842 -0.001717 0.013924 -0.016975 -0.002154 0.005368 0.084115 -0.018120 0.001717 -0.000572 -0.055505 -0.036431 0.013161 -0.317578 0.094034 -0.008583 -0.001717
1757664954.332293 -0.042916 0.007820 -0.002480 -0.003242 0.014517 -0.001358 -0.023842 -0.001717 0.013924 -0.016975 -0.002154 0.005368 0.084115 -0.018120 0.001717 -0.000572 -0.055505 -0.036431 0.013161 -0.317578 0.094034 -0.008583 -0.001717
1757664954.334301 -0.042916 0.007820 -0.002480 -0.003242 0.014517 -0.001358 -0.023842 -0.001717 0.013924 -0.016975 -0.002154 0.005368 0.084115 -0.018120 0.001717 -0.000572 -0.055505 -0.036431 0.013161 -0.317578 0.094034 -0.008583 -0.001717
1757664954.336309 -0.042916 0.007820 -0.002480 -0.003242 0.014517 -0.001358 -0.023842 -0.001717 0.013924 -0.016975 -0.002154 0.005368 0.084115 -0.018120 0.001717 -0.000572 -0.055505 -0.036431 0.013161 -0.317578 0.094034 -0.008583 -0.001717
1757664954.338288 -0.042916 0.007820 -0.002480 -0.003242 0.014517 -0.001358 -0.023842 -0.001717 0.013924 -0.016975 -0.002154 0.005368 0.084115 -0.018120 0.001717 -0.000572 -0.055505 -0.036431 0.013161 -0.317578 0.094034 -0.008583 -0.001717
1757664954.340283 -0.042916 0.007820 -0.002480 -0.003242 0.014517 -0.001358 -0.023842 -0.001717 0.013924 -0.016975 -0.002154 0.005368 0.084115 -0.018120 0.001717 -0.000572 -0.055505 -0.036431 0.013161 -0.317578 0.094034 -0.008583 -0.001717
1757664954.342290 -0.042916 0.007820 -0.002480 -0.003242 0.014517 -0.001358 -0.023842 -0.001717 0.013924 -0.016975 -0.002154 0.005368 0.084115 -0.018120 0.001717 -0.000572 -0.055505 -0.036431 0.013161 -0.317578 0.094034 -0.008583 -0.001717
1757664954.344305 -0.042916 0.007820 -0.002480 -0.003242 0.014517 -0.001358 -0.023842 -0.001717 0.013924 -0.016975 -0.002154 0.005368 0.084115 -0.018120 0.001717 -0.000572 -0.055505 -0.036431 0.013161 -0.317578 0.094034 -0.008583 -0.001717
1757664954.346290 -0.042916 0.007820 -0.002480 -0.003242 0.014517 -0.001358 -0.023842 -0.001717 0.013924 -0.016975 -0.002154 0.005368 0.084115 -0.018120 0.001717 -0.000572 -0.055505 -0.036431 0.013161 -0.317578 0.094034 -0.008583 -0.001717
1757664954.348282 -0.042916 0.007820 -0.002480 -0.003242 0.014517 -0.001358 -0.023842 -0.001717 0.013924 -0.016975 -0.002154 0.005368 0.084115 -0.018120 0.001717 -0.000572 -0.055505 -0.036431 0.013161 -0.317578 0.094034 -0.008583 -0.001717
1757664954.350284 -0.042916 0.007820 -0.002480 -0.003242 0.014517 -0.001358 -0.023842 -0.001717 0.013924 -0.016975 -0.002154 0.005368 0.084115 -0.018120 0.001717 -0.000572 -0.055505 -0.036431 0.013161 -0.317578 0.094034 -0.008583 -0.001717
1757664954.352297 -0.042916 0.007820 -0.002480 -0.003242 0.014517 -0.001358 -0.023842 -0.001717 0.013924 -0.016975 -0.002154 0.005368 0.084115 -0.018120 0.001717 -0.000572 -0.055505 -0.036431 0.013161 -0.317578 0.094034 -0.008583 -0.001717
1757664954.354284 -0.042916 0.007820 -0.002480 -0.003242 0.014517 -0.001358 -0.023842 -0.001717 0.013924 -0.016975 -0.002154 0.005368 0.084115 -0.018120 0.001717 -0.000572 -0.055505 -0.036431 0.013161 -0.317578 0.094034 -0.008583 -0.001717
1757664954.356282 -0.042916 0.007820 -0.002480 -0.003242 0.014517 -0.001358 -0.023842 -0.001717 0.013924 -0.016975 -0.002154 0.005368 0.084115 -0.018120 0.001717 -0.000572 -0.055505 -0.036431 0.013161 -0.317578 0.094034 -0.008583 -0.001717
1757664954.358302 -0.042916 0.007820 -0.002480 -0.003242 0.014517 -0.001358 -0.023842 -0.001717 0.013924 -0.016975 -0.002154 0.005368 0.084115 -0.018120 0.001717 -0.000572 -0.055505 -0.036431 0.013161 -0.317578 0.094034 -0.008583 -0.001717
1757664954.360298 -0.042916 0.007820 -0.002480 -0.003242 0.014517 -0.001358 -0.023842 -0.001717 0.013924 -0.016975 -0.002154 0.005368 0.084115 -0.018120 0.001717 -0.000572 -0.055505 -0.036431 0.013161 -0.317578 0.094034 -0.008583 -0.001717
1757664954.362287 -0.042916 0.007820 -0.002480 -0.003242 0.014517 -0.001358 -0.023842 -0.001717 0.013924 -0.016975 -0.002154 0.005368 0.084115 -0.018120 0.001717 -0.000572 -0.055505 -0.036431 0.013161 -0.317578 0.094034 -0.008583 -0.001717
1757664954.364372 -0.042916 0.007820 -0.002480 -0.003242 0.014517 -0.001358 -0.023842 -0.001717 0.013924 -0.016975 -0.002154 0.005368 0.084115 -0.018120 0.001717 -0.000572 -0.055505 -0.036431 0.013161 -0.317578 0.094034 -0.008583 -0.001717
1757664954.366279 -0.042916 0.007820 -0.002480 -0.003242 0.014517 -0.001358 -0.023842 -0.001717 0.013924 -0.016975 -0.002154 0.005368 0.084115 -0.018120 0.001717 -0.000572 -0.055505 -0.036431 0.013161 -0.317578 0.094034 -0.008583 -0.001717
1757664954.368275 -0.042916 0.007820 -0.002480 -0.003242 0.014517 -0.001358 -0.023842 -0.001717 0.013924 -0.016975 -0.002154 0.005368 0.084115 -0.018120 0.001717 -0.000572 -0.055505 -0.036431 0.013161 -0.317578 0.094034 -0.008583 -0.001717
1757664954.370298 -0.042916 0.007820 -0.002480 -0.003242 0.014517 -0.001358 -0.023842 -0.001717 0.013924 -0.016975 -0.002154 0.005368 0.084115 -0.018120 0.001717 -0.000572 -0.055505 -0.036431 0.013161 -0.317578 0.094034 -0.008583 -0.001717
1757664954.372329 -0.042916 0.007820 -0.002480 -0.003242 0.014517 -0.001358 -0.023842 -0.001717 0.013924 -0.016975 -0.002154 0.005368 0.084115 -0.018120 0.001717 -0.000572 -0.055505 -0.036431 0.013161 -0.317578 0.094034 -0.008583 -0.001717
1757664954.374610 -0.042916 0.007820 -0.002480 -0.003242 0.014517 -0.001358 -0.023842 -0.001717 0.013924 -0.016975 -0.002154 0.005368 0.084115 -0.018120 0.001717 -0.000572 -0.055505 -0.036431 0.013161 -0.317578 0.094034 -0.008583 -0.001717
1757664954.376325 -0.042916 0.007820 -0.002480 -0.003242 0.014517 -0.001358 -0.023842 -0.001717 0.013924 -0.016975 -0.002154 0.005368 0.084115 -0.018120 0.001717 -0.000572 -0.055505 -0.036431 0.013161 -0.317578 0.094034 -0.008583 -0.001717
1757664954.378376 -0.042916 0.007820 -0.002480 -0.003242 0.014517 -0.001358 -0.023842 -0.001717 0.013924 -0.016975 -0.002154 0.005368 0.084115 -0.018120 0.001717 -0.000572 -0.055505 -0.036431 0.013161 -0.317578 0.094034 -0.008583 -0.001717
1757664954.380330 -0.042916 0.007820 -0.002480 -0.003242 0.014517 -0.001358 -0.023842 -0.001717 0.013924 -0.016975 -0.002154 0.005368 0.084115 -0.018120 0.001717 -0.000572 -0.055505 -0.036431 0.013161 -0.317578 0.094034 -0.008583 -0.001717
1757664954.382325 -0.042916 0.007820 -0.002480 -0.003242 0.014517 -0.001358 -0.023842 -0.001717 0.013924 -0.016975 -0.002154 0.005368 0.084115 -0.018120 0.001717 -0.000572 -0.055505 -0.036431 0.013161 -0.317578 0.094034 -0.008583 -0.001717
1757664954.384326 -0.042916 0.007820 -0.002480 -0.003242 0.014517 -0.001358 -0.023842 -0.001717 0.013924 -0.016975 -0.002154 0.005368 0.084115 -0.018120 0.001717 -0.000572 -0.055505 -0.036431 0.013161 -0.317578 0.094034 -0.008583 -0.001717
1757664954.386316 -0.042916 0.007820 -0.002480 -0.003242 0.014517 -0.001358 -0.023842 -0.001717 0.013924 -0.016975 -0.002154 0.005368 0.084115 -0.018120 0.001717 -0.000572 -0.055505 -0.036431 0.013161 -0.317578 0.094034 -0.008583 -0.001717
1757664954.388340 -0.042916 0.007820 -0.002480 -0.003242 0.014517 -0.001358 -0.023842 -0.001717 0.013924 -0.016975 -0.002154 0.005368 0.084115 -0.018120 0.001717 -0.000572 -0.055505 -0.036431 0.013161 -0.317578 0.094034 -0.008583 -0.001717
1757664954.390341 -0.042916 0.007820 -0.002480 -0.003242 0.014517 -0.001358 -0.023842 -0.001717 0.013924 -0.016975 -0.002154 0.005368 0.084115 -0.018120 0.001717 -0.000572 -0.055505 -0.036431 0.013161 -0.317578 0.094034 -0.008583 -0.001717
1757664954.392287 -0.042916 0.007820 -0.002480 -0.003242 0.014517 -0.001358 -0.023842 -0.001717 0.013924 -0.016975 -0.002154 0.005368 0.084115 -0.018120 0.001717 -0.000572 -0.055505 -0.036431 0.013161 -0.317578 0.094034 -0.008583 -0.001717
1757664954.394285 -0.042916 0.007820 -0.002480 -0.003242 0.014517 -0.001358 -0.023842 -0.001717 0.013924 -0.016975 -0.002154 0.005368 0.084115 -0.018120 0.001717 -0.000572 -0.055505 -0.036431 0.013161 -0.317578 0.094034 -0.008583 -0.001717
1757664954.396267 -0.042916 0.007820 -0.002480 -0.003242 0.014517 -0.001358 -0.023842 -0.001717 0.013924 -0.016975 -0.002154 0.005368 0.084115 -0.018120 0.001717 -0.000572 -0.055505 -0.036431 0.013161 -0.317578 0.094034 -0.008583 -0.001717
1757664954.398262 -0.042916 0.007820 -0.002480 -0.003242 0.014517 -0.001358 -0.023842 -0.001717 0.013924 -0.016975 -0.002154 0.005368 0.084115 -0.018120 0.001717 -0.000572 -0.055505 -0.036431 0.013161 -0.317578 0.094034 -0.008583 -0.001717
1757664954.400266 -0.042916 0.007820 -0.002480 -0.003242 0.014517 -0.001358 -0.023842 -0.001717 0.013924 -0.016975 -0.002154 0.005368 0.084115 -0.018120 0.001717 -0.000572 -0.055505 -0.036431 0.013161 -0.317578 0.094034 -0.008583 -0.001717
1757664954.402261 -0.042916 0.007820 -0.002480 -0.003242 0.014517 -0.001358 -0.023842 -0.001717 0.013924 -0.016975 -0.002154 0.005368 0.084115 -0.018120 0.001717 -0.000572 -0.055505 -0.036431 0.013161 -0.317578 0.094034 -0.008583 -0.001717
1757664954.404260 -0.042916 0.007820 -0.002480 -0.003242 0.014517 -0.001358 -0.023842 -0.001717 0.013924 -0.016975 -0.002154 0.005368 0.084115 -0.018120 0.001717 -0.000572 -0.055505 -0.036431 0.013161 -0.317578 0.094034 -0.008583 -0.001717
1757664954.406258 -0.042916 0.007820 -0.002480 -0.003242 0.014517 -0.001358 -0.023842 -0.001717 0.013924 -0.016975 -0.002154 0.005368 0.084115 -0.018120 0.001717 -0.000572 -0.055505 -0.036431 0.013161 -0.317578 0.094034 -0.008583 -0.001717
1757664954.408266 -0.042916 0.007820 -0.002480 -0.003242 0.014517 -0.001358 -0.023842 -0.001717 0.013924 -0.016975 -0.002154 0.005368 0.084115 -0.018120 0.001717 -0.000572 -0.055505 -0.036431 0.013161 -0.317578 0.094034 -0.008583 -0.001717
1757664954.410264 -0.042916 0.007820 -0.002480 -0.003242 0.014517 -0.001358 -0.023842 -0.001717 0.013924 -0.016975 -0.002154 0.005368 0.084115 -0.018120 0.001717 -0.000572 -0.055505 -0.036431 0.013161 -0.317578 0.094034 -0.008583 -0.001717
1757664954.412271 -0.042916 0.007820 -0.002480 -0.003242 0.014517 -0.001358 -0.023842 -0.001717 0.013924 -0.016975 -0.002154 0.005368 0.084115 -0.018120 0.001717 -0.000572 -0.055505 -0.036431 0.013161 -0.317578 0.094034 -0.008583 -0.001717
1757664954.414291 -0.042916 0.007820 -0.002480 -0.003242 0.014517 -0.001358 -0.023842 -0.001717 0.013924 -0.016975 -0.002154 0.005368 0.084115 -0.018120 0.001717 -0.000572 -0.055505 -0.036431 0.013161 -0.317578 0.094034 -0.008583 -0.001717
1757664954.416279 -0.042916 0.007820 -0.002480 -0.003242 0.014517 -0.001358 -0.023842 -0.001717 0.013924 -0.016975 -0.002154 0.005368 0.084115 -0.018120 0.001717 -0.000572 -0.055505 -0.036431 0.013161 -0.317578 0.094034 -0.008583 -0.001717
1757664954.418287 -0.042916 0.007820 -0.002480 -0.003242 0.014517 -0.001358 -0.023842 -0.001717 0.013924 -0.016975 -0.002154 0.005368 0.084115 -0.018120 0.001717 -0.000572 -0.055505 -0.036431 0.013161 -0.317578 0.094034 -0.008583 -0.001717
1757664954.420296 -0.042916 0.007820 -0.002480 -0.003242 0.014517 -0.001358 -0.023842 -0.001717 0.013924 -0.016975 -0.002154 0.005368 0.084115 -0.018120 0.001717 -0.000572 -0.055505 -0.036431 0.013161 -0.317578 0.094034 -0.008583 -0.001717
1757664954.422306 -0.042916 0.007820 -0.002480 -0.003242 0.014517 -0.001358 -0.023842 -0.001717 0.013924 -0.016975 -0.002154 0.005368 0.084115 -0.018120 0.001717 -0.000572 -0.055505 -0.036431 0.013161 -0.317578 0.094034 -0.008583 -0.001717
1757664954.424289 -0.042916 0.007820 -0.002480 -0.003242 0.014517 -0.001358 -0.023842 -0.001717 0.013924 -0.016975 -0.002154 0.005368 0.084115 -0.018120 0.001717 -0.000572 -0.055505 -0.036431 0.013161 -0.317578 0.094034 -0.008583 -0.001717
1757664954.426280 -0.042916 0.007820 -0.002480 -0.003242 0.014517 -0.001358 -0.023842 -0.001717 0.013924 -0.016975 -0.002154 0.005368 0.084115 -0.018120 0.001717 -0.000572 -0.055505 -0.036431 0.013161 -0.317578 0.094034 -0.008583 -0.001717
1757664954.428292 -0.042916 0.007820 -0.002480 -0.003242 0.014517 -0.001358 -0.023842 -0.001717 0.013924 -0.016975 -0.002154 0.005368 0.084115 -0.018120 0.001717 -0.000572 -0.055505 -0.036431 0.013161 -0.317578 0.094034 -0.008583 -0.001717
1757664954.430280 -0.042916 0.007820 -0.002480 -0.003242 0.014517 -0.001358 -0.023842 -0.001717 0.013924 -0.016975 -0.002154 0.005368 0.084115 -0.018120 0.001717 -0.000572 -0.055505 -0.036431 0.013161 -0.317578 0.094034 -0.008583 -0.001717
1757664954.432278 -0.042916 0.007820 -0.002480 -0.003242 0.014517 -0.001358 -0.023842 -0.001717 0.013924 -0.016975 -0.002154 0.005368 0.084115 -0.018120 0.001717 -0.000572 -0.055505 -0.036431 0.013161 -0.317578 0.094034 -0.008583 -0.001717
1757664954.434321 -0.042916 0.007820 -0.002480 -0.003242 0.014517 -0.001358 -0.023842 -0.001717 0.013924 -0.016975 -0.002154 0.005368 0.084115 -0.018120 0.001717 -0.000572 -0.055505 -0.036431 0.013161 -0.317578 0.094034 -0.008583 -0.001717
1757664954.436281 -0.042916 0.007820 -0.002480 -0.003242 0.014517 -0.001358 -0.023842 -0.001717 0.013924 -0.016975 -0.002154 0.005368 0.084115 -0.018120 0.001717 -0.000572 -0.055505 -0.036431 0.013161 -0.317578 0.094034 -0.008583 -0.001717
1757664954.438281 -0.042916 0.007820 -0.002480 -0.003242 0.014517 -0.001358 -0.023842 -0.001717 0.013924 -0.016975 -0.002154 0.005368 0.084115 -0.018120 0.001717 -0.000572 -0.055505 -0.036431 0.013161 -0.317578 0.094034 -0.008583 -0.001717
1757664954.440276 -0.042916 0.007820 -0.002480 -0.003242 0.014517 -0.001358 -0.023842 -0.001717 0.013924 -0.016975 -0.002154 0.005368 0.084115 -0.018120 0.001717 -0.000572 -0.055505 -0.036431 0.013161 -0.317578 0.094034 -0.008583 -0.001717
1757664954.442283 -0.042916 0.007820 -0.002480 -0.003242 0.014517 -0.001358 -0.023842 -0.001717 0.013924 -0.016975 -0.002154 0.005368 0.084115 -0.018120 0.001717 -0.000572 -0.055505 -0.036431 0.013161 -0.317578 0.094034 -0.008583 -0.001717
1757664954.444281 -0.042916 0.007820 -0.002480 -0.003242 0.014517 -0.001358 -0.023842 -0.001717 0.013924 -0.016975 -0.002154 0.005368 0.084115 -0.018120 0.001717 -0.000572 -0.055505 -0.036431 0.013161 -0.317578 0.094034 -0.008583 -0.001717
1757664954.446278 -0.042916 0.007820 -0.002480 -0.003242 0.014517 -0.001358 -0.023842 -0.001717 0.013924 -0.016975 -0.002154 0.005368 0.084115 -0.018120 0.001717 -0.000572 -0.055505 -0.036431 0.013161 -0.317578 0.094034 -0.008583 -0.001717
1757664954.448308 -0.042916 0.007820 -0.002480 -0.003242 0.014517 -0.001358 -0.023842 -0.001717 0.013924 -0.016975 -0.002154 0.005368 0.084115 -0.018120 0.001717 -0.000572 -0.055505 -0.036431 0.013161 -0.317578 0.094034 -0.008583 -0.001717
1757664954.450279 -0.042916 0.007820 -0.002480 -0.003242 0.014517 -0.001358 -0.023842 -0.001717 0.013924 -0.016975 -0.002154 0.005368 0.084115 -0.018120 0.001717 -0.000572 -0.055505 -0.036431 0.013161 -0.317578 0.094034 -0.008583 -0.001717
1757664954.452287 -0.042916 0.007820 -0.002480 -0.003242 0.014517 -0.001358 -0.023842 -0.001717 0.013924 -0.016975 -0.002154 0.005368 0.084115 -0.018120 0.001717 -0.000572 -0.055505 -0.036431 0.013161 -0.317578 0.094034 -0.008583 -0.001717
1757664954.454286 -0.042916 0.007820 -0.002480 -0.003242 0.014517 -0.001358 -0.023842 -0.001717 0.013924 -0.016975 -0.002154 0.005368 0.084115 -0.018120 0.001717 -0.000572 -0.055505 -0.036431 0.013161 -0.317578 0.094034 -0.008583 -0.001717
1757664954.456280 -0.042916 0.007820 -0.002480 -0.003242 0.014517 -0.001358 -0.023842 -0.001717 0.013924 -0.016975 -0.002154 0.005368 0.084115 -0.018120 0.001717 -0.000572 -0.055505 -0.036431 0.013161 -0.317578 0.094034 -0.008583 -0.001717
1757664954.458262 -0.042916 0.007820 -0.002480 -0.003242 0.014517 -0.001358 -0.023842 -0.001717 0.013924 -0.016975 -0.002154 0.005368 0.084115 -0.018120 0.001717 -0.000572 -0.055505 -0.036431 0.013161 -0.317578 0.094034 -0.008583 -0.001717
1757664954.460278 -0.042916 0.007820 -0.002480 -0.003242 0.014517 -0.001358 -0.023842 -0.001717 0.013924 -0.016975 -0.002154 0.005368 0.084115 -0.018120 0.001717 -0.000572 -0.055505 -0.036431 0.013161 -0.317578 0.094034 -0.008583 -0.001717
1757664954.462276 -0.042916 0.007820 -0.002480 -0.003242 0.014517 -0.001358 -0.023842 -0.001717 0.013924 -0.016975 -0.002154 0.005368 0.084115 -0.018120 0.001717 -0.000572 -0.055505 -0.036431 0.013161 -0.317578 0.094034 -0.008583 -0.001717
1757664954.464263 -0.042916 0.007820 -0.002480 -0.003242 0.014517 -0.001358 -0.023842 -0.001717 0.013924 -0.016975 -0.002154 0.005368 0.084115 -0.018120 0.001717 -0.000572 -0.055505 -0.036431 0.013161 -0.317578 0.094034 -0.008583 -0.001717
1757664954.466264 -0.042916 0.007820 -0.002480 -0.003242 0.014517 -0.001358 -0.023842 -0.001717 0.013924 -0.016975 -0.002154 0.005368 0.084115 -0.018120 0.001717 -0.000572 -0.055505 -0.036431 0.013161 -0.317578 0.094034 -0.008583 -0.001717
1757664954.468251 -0.042916 0.007820 -0.002480 -0.003242 0.014517 -0.001358 -0.023842 -0.001717 0.013924 -0.016975 -0.002154 0.005368 0.084115 -0.018120 0.001717 -0.000572 -0.055505 -0.036431 0.013161 -0.317578 0.094034 -0.008583 -0.001717
1757664954.470286 -0.042916 0.007820 -0.002480 -0.003242 0.014517 -0.001358 -0.023842 -0.001717 0.013924 -0.016975 -0.002154 0.005368 0.084115 -0.018120 0.001717 -0.000572 -0.055505 -0.036431 0.013161 -0.317578 0.094034 -0.008583 -0.001717
1757664954.472265 -0.042916 0.007820 -0.002480 -0.003242 0.014517 -0.001358 -0.023842 -0.001717 0.013924 -0.016975 -0.002154 0.005368 0.084115 -0.018120 0.001717 -0.000572 -0.055505 -0.036431 0.013161 -0.317578 0.094034 -0.008583 -0.001717
1757664954.474259 -0.042916 0.007820 -0.002480 -0.003242 0.014517 -0.001358 -0.023842 -0.001717 0.013924 -0.016975 -0.002154 0.005368 0.084115 -0.018120 0.001717 -0.000572 -0.055505 -0.036431 0.013161 -0.317578 0.094034 -0.008583 -0.001717
1757664954.476279 -0.042916 0.007820 -0.002480 -0.003242 0.014517 -0.001358 -0.023842 -0.001717 0.013924 -0.016975 -0.002154 0.005368 0.084115 -0.018120 0.001717 -0.000572 -0.055505 -0.036431 0.013161 -0.317578 0.094034 -0.008583 -0.001717
1757664954.478267 -0.042916 0.007820 -0.002480 -0.003242 0.014517 -0.001358 -0.023842 -0.001717 0.013924 -0.016975 -0.002154 0.005368 0.084115 -0.018120 0.001717 -0.000572 -0.055505 -0.036431 0.013161 -0.317578 0.094034 -0.008583 -0.001717
1757664954.480296 -0.042916 0.007820 -0.002480 -0.003242 0.014517 -0.001358 -0.023842 -0.001717 0.013924 -0.016975 -0.002154 0.005368 0.084115 -0.018120 0.001717 -0.000572 -0.055505 -0.036431 0.013161 -0.317578 0.094034 -0.008583 -0.001717
1757664954.482262 -0.042916 0.007820 -0.002480 -0.003242 0.014517 -0.001358 -0.023842 -0.001717 0.013924 -0.016975 -0.002154 0.005368 0.084115 -0.018120 0.001717 -0.000572 -0.055505 -0.036431 0.013161 -0.317578 0.094034 -0.008583 -0.001717
1757664954.484285 -0.042916 0.007820 -0.002480 -0.003242 0.014517 -0.001358 -0.023842 -0.001717 0.013924 -0.016975 -0.002154 0.005368 0.084115 -0.018120 0.001717 -0.000572 -0.055505 -0.036431 0.013161 -0.317578 0.094034 -0.008583 -0.001717
1757664954.486268 -0.042916 0.007820 -0.002480 -0.003242 0.014517 -0.001358 -0.023842 -0.001717 0.013924 -0.016975 -0.002154 0.005368 0.084115 -0.018120 0.001717 -0.000572 -0.055505 -0.036431 0.013161 -0.317578 0.094034 -0.008583 -0.001717
1757664954.488298 -0.042916 0.007820 -0.002480 -0.003242 0.014517 -0.001358 -0.023842 -0.001717 0.013924 -0.016975 -0.002154 0.005368 0.084115 -0.018120 0.001717 -0.000572 -0.055505 -0.036431 0.013161 -0.317578 0.094034 -0.008583 -0.001717
1757664954.490280 -0.042916 0.007820 -0.002480 -0.003242 0.014517 -0.001358 -0.023842 -0.001717 0.013924 -0.016975 -0.002154 0.005368 0.084115 -0.018120 0.001717 -0.000572 -0.055505 -0.036431 0.013161 -0.317578 0.094034 -0.008583 -0.001717
1757664954.492247 -0.042916 0.007820 -0.002480 -0.003242 0.014517 -0.001358 -0.023842 -0.001717 0.013924 -0.016975 -0.002154 0.005368 0.084115 -0.018120 0.001717 -0.000572 -0.055505 -0.036431 0.013161 -0.317578 0.094034 -0.008583 -0.001717
1757664954.494266 -0.042916 0.007820 -0.002480 -0.003242 0.014517 -0.001358 -0.023842 -0.001717 0.013924 -0.016975 -0.002154 0.005368 0.084115 -0.018120 0.001717 -0.000572 -0.055505 -0.036431 0.013161 -0.317578 0.094034 -0.008583 -0.001717
1757664954.496255 -0.042916 0.007820 -0.002480 -0.003242 0.014517 -0.001358 -0.023842 -0.001717 0.013924 -0.016975 -0.002154 0.005368 0.084115 -0.018120 0.001717 -0.000572 -0.055505 -0.036431 0.013161 -0.317578 0.094034 -0.008583 -0.001717
1757664954.498257 -0.042916 0.007820 -0.002480 -0.003242 0.014517 -0.001358 -0.023842 -0.001717 0.013924 -0.016975 -0.002154 0.005368 0.084115 -0.018120 0.001717 -0.000572 -0.055505 -0.036431 0.013161 -0.317578 0.094034 -0.008583 -0.001717
1757664954.500257 -0.042916 0.007820 -0.002480 -0.003242 0.014517 -0.001358 -0.023842 -0.001717 0.013924 -0.016975 -0.002154 0.005368 0.084115 -0.018120 0.001717 -0.000572 -0.055505 -0.036431 0.013161 -0.317578 0.094034 -0.008583 -0.001717
1757664954.502261 -0.042916 0.007820 -0.002480 -0.003242 0.014517 -0.001358 -0.023842 -0.001717 0.013924 -0.016975 -0.002154 0.005368 0.084115 -0.018120 0.001717 -0.000572 -0.055505 -0.036431 0.013161 -0.317578 0.094034 -0.008583 -0.001717
1757664954.504277 -0.042916 0.007820 -0.002480 -0.003242 0.014517 -0.001358 -0.023842 -0.001717 0.013924 -0.016975 -0.002154 0.005368 0.084115 -0.018120 0.001717 -0.000572 -0.055505 -0.036431 0.013161 -0.317578 0.094034 -0.008583 -0.001717
1757664954.506271 -0.042916 0.007820 -0.002480 -0.003242 0.014517 -0.001358 -0.023842 -0.001717 0.013924 -0.016975 -0.002154 0.005368 0.084115 -0.018120 0.001717 -0.000572 -0.055505 -0.036431 0.013161 -0.317578 0.094034 -0.008583 -0.001717
1757664954.508273 -0.042916 0.007820 -0.002480 -0.003242 0.014517 -0.001358 -0.023842 -0.001717 0.013924 -0.016975 -0.002154 0.005368 0.084115 -0.018120 0.001717 -0.000572 -0.055505 -0.036431 0.013161 -0.317578 0.094034 -0.008583 -0.001717
1757664954.510283 -0.042916 0.007820 -0.002480 -0.003242 0.014517 -0.001358 -0.023842 -0.001717 0.013924 -0.016975 -0.002154 0.005368 0.084115 -0.018120 0.001717 -0.000572 -0.055505 -0.036431 0.013161 -0.317578 0.094034 -0.008583 -0.001717
1757664954.512293 -0.042916 0.007820 -0.002480 -0.003242 0.014517 -0.001358 -0.023842 -0.001717 0.013924 -0.016975 -0.002154 0.005368 0.084115 -0.018120 0.001717 -0.000572 -0.055505 -0.036431 0.013161 -0.317578 0.094034 -0.008583 -0.001717
1757664954.514296 -0.042916 0.007820 -0.002480 -0.003242 0.014517 -0.001358 -0.023842 -0.001717 0.013924 -0.016975 -0.002154 0.005368 0.084115 -0.018120 0.001717 -0.000572 -0.055505 -0.036431 0.013161 -0.317578 0.094034 -0.008583 -0.001717
1757664954.516321 -0.042916 0.007820 -0.002480 -0.003242 0.014517 -0.001358 -0.023842 -0.001717 0.013924 -0.016975 -0.002154 0.005368 0.084115 -0.018120 0.001717 -0.000572 -0.055505 -0.036431 0.013161 -0.317578 0.094034 -0.008583 -0.001717
1757664954.518308 -0.042916 0.007820 -0.002480 -0.003242 0.014517 -0.001358 -0.023842 -0.001717 0.013924 -0.016975 -0.002154 0.005368 0.084115 -0.018120 0.001717 -0.000572 -0.055505 -0.036431 0.013161 -0.317578 0.094034 -0.008583 -0.001717
1757664954.520286 -0.042916 0.007820 -0.002480 -0.003242 0.014517 -0.001358 -0.023842 -0.001717 0.013924 -0.016975 -0.002154 0.005368 0.084115 -0.018120 0.001717 -0.000572 -0.055505 -0.036431 0.013161 -0.317578 0.094034 -0.008583 -0.001717
1757664954.522274 -0.042916 0.007820 -0.002480 -0.003242 0.014517 -0.001358 -0.023842 -0.001717 0.013924 -0.016975 -0.002154 0.005368 0.084115 -0.018120 0.001717 -0.000572 -0.055505 -0.036431 0.013161 -0.317578 0.094034 -0.008583 -0.001717
1757664954.524274 -0.042916 0.007820 -0.002480 -0.003242 0.014517 -0.001358 -0.023842 -0.001717 0.013924 -0.016975 -0.002154 0.005368 0.084115 -0.018120 0.001717 -0.000572 -0.055505 -0.036431 0.013161 -0.317578 0.094034 -0.008583 -0.001717
1757664954.526274 -0.042916 0.007820 -0.002480 -0.003242 0.014517 -0.001358 -0.023842 -0.001717 0.013924 -0.016975 -0.002154 0.005368 0.084115 -0.018120 0.001717 -0.000572 -0.055505 -0.036431 0.013161 -0.317578 0.094034 -0.008583 -0.001717
1757664954.528267 -0.042916 0.007820 -0.002480 -0.003242 0.014517 -0.001358 -0.023842 -0.001717 0.013924 -0.016975 -0.002154 0.005368 0.084496 -0.018120 0.001717 -0.000572 -0.055505 -0.036431 0.013161 -0.317578 0.094034 -0.008583 -0.001717
1757664954.530271 -0.042916 0.007820 -0.002480 -0.003242 0.014517 -0.001358 -0.023842 -0.001717 0.013924 -0.016975 -0.002154 0.005368 0.084496 -0.018120 0.001717 -0.000572 -0.055505 -0.036431 0.013161 -0.317578 0.094034 -0.008583 -0.001717
1757664954.532285 -0.042916 0.007820 -0.002480 -0.003242 0.014517 -0.001358 -0.023842 -0.001717 0.013924 -0.016975 -0.002154 0.005368 0.084496 -0.018120 0.001717 -0.000572 -0.055505 -0.036431 0.013161 -0.317578 0.094034 -0.008583 -0.001717
1757664954.534281 -0.042916 0.007820 -0.002480 -0.003242 0.014517 -0.001358 -0.023842 -0.001717 0.013924 -0.016975 -0.002154 0.005368 0.084496 -0.018120 0.001717 -0.000572 -0.055505 -0.036431 0.013161 -0.317578 0.094034 -0.008583 -0.001717
1757664954.536275 -0.042916 0.007820 -0.002480 -0.003242 0.014517 -0.001358 -0.023842 -0.001717 0.013924 -0.016975 -0.002154 0.005368 0.084496 -0.018120 0.001717 -0.000572 -0.055505 -0.036431 0.013161 -0.317578 0.094034 -0.008583 -0.001717
1757664954.538321 -0.042916 0.007820 -0.002480 -0.003242 0.014517 -0.001358 -0.023842 -0.001717 0.013924 -0.016975 -0.002154 0.005368 0.084496 -0.018120 0.001717 -0.000572 -0.055505 -0.036431 0.013161 -0.317578 0.094034 -0.008583 -0.001717
1757664954.540288 -0.042916 0.007820 -0.002480 -0.003242 0.014517 -0.001358 -0.023842 -0.001717 0.013924 -0.016975 -0.002154 0.005368 0.084496 -0.018120 0.001717 -0.000572 -0.055505 -0.036431 0.013161 -0.317578 0.094034 -0.008583 -0.001717
1757664954.542278 -0.042916 0.007820 -0.002480 -0.003242 0.014517 -0.001358 -0.023842 -0.001717 0.013924 -0.016975 -0.002154 0.005368 0.084496 -0.018120 0.001717 -0.000572 -0.055505 -0.036431 0.013161 -0.317578 0.094034 -0.008583 -0.001717
1757664954.544277 -0.042916 0.007820 -0.002480 -0.003242 0.014517 -0.001358 -0.023842 -0.001717 0.013924 -0.016975 -0.002154 0.005368 0.084496 -0.018120 0.001717 -0.000572 -0.055505 -0.036431 0.013161 -0.317578 0.094034 -0.008583 -0.001717
1757664954.546335 -0.042916 0.007820 -0.002480 -0.003242 0.014517 -0.001358 -0.023842 -0.001717 0.013924 -0.016975 -0.002154 0.005368 0.084496 -0.018120 0.001717 -0.000572 -0.055505 -0.036431 0.013161 -0.317578 0.094034 -0.008583 -0.001717
1757664954.548301 -0.042916 0.007820 -0.002480 -0.003242 0.014517 -0.001358 -0.023842 -0.001717 0.013924 -0.016975 -0.002154 0.005368 0.084496 -0.018120 0.001717 -0.000572 -0.055505 -0.036431 0.013161 -0.317578 0.094034 -0.008583 -0.001717
1757664954.550276 -0.042916 0.007820 -0.002480 -0.003242 0.014517 -0.001358 -0.023842 -0.001717 0.013924 -0.016975 -0.002154 0.005368 0.084496 -0.018120 0.001717 -0.000572 -0.055505 -0.036431 0.013161 -0.317578 0.094034 -0.008583 -0.001717
1757664954.552306 -0.042916 0.007820 -0.002480 -0.003242 0.014517 -0.001358 -0.023842 -0.001717 0.013924 -0.016975 -0.002154 0.005368 0.084496 -0.018120 0.001717 -0.000572 -0.055505 -0.036431 0.013161 -0.317578 0.094034 -0.008583 -0.001717
1757664954.554284 -0.042916 0.007820 -0.002480 -0.003242 0.014517 -0.001358 -0.023842 -0.001717 0.013924 -0.016975 -0.002154 0.005368 0.084496 -0.018120 0.001717 -0.000572 -0.055505 -0.036431 0.013161 -0.317578 0.094034 -0.008583 -0.001717
1757664954.556278 -0.042916 0.007820 -0.002480 -0.003242 0.014517 -0.001358 -0.023842 -0.001717 0.013924 -0.016975 -0.002154 0.005368 0.084496 -0.018120 0.001717 -0.000572 -0.055505 -0.036431 0.013161 -0.317578 0.094034 -0.008583 -0.001717
1757664954.558277 -0.042916 0.007820 -0.002480 -0.003242 0.014517 -0.001358 -0.023842 -0.001717 0.013924 -0.016975 -0.002154 0.005368 0.084496 -0.018120 0.001717 -0.000572 -0.055505 -0.036431 0.013161 -0.317578 0.094034 -0.008583 -0.001717
1757664954.560288 -0.042916 0.007820 -0.002480 -0.003242 0.014517 -0.001358 -0.023842 -0.001717 0.013924 -0.016975 -0.002154 0.005368 0.084496 -0.018120 0.001717 -0.000572 -0.055505 -0.036431 0.013161 -0.317578 0.094034 -0.008583 -0.001717
1757664954.562274 -0.042916 0.007820 -0.002480 -0.003242 0.014517 -0.001358 -0.023842 -0.001717 0.013924 -0.016975 -0.002154 0.005368 0.084496 -0.018120 0.001717 -0.000572 -0.055505 -0.036431 0.013161 -0.317578 0.094034 -0.008583 -0.001717
1757664954.564275 -0.042916 0.007820 -0.002480 -0.003242 0.014517 -0.001358 -0.023842 -0.001717 0.013924 -0.016975 -0.002154 0.005368 0.084496 -0.018120 0.001717 -0.000572 -0.055505 -0.036431 0.013161 -0.317578 0.094034 -0.008583 -0.001717
1757664954.566291 -0.042916 0.007820 -0.002480 -0.003242 0.014517 -0.001358 -0.023842 -0.001717 0.013924 -0.016975 -0.002154 0.005368 0.084496 -0.018120 0.001717 -0.000572 -0.055505 -0.036431 0.013161 -0.317578 0.094034 -0.008583 -0.001717
1757664954.568290 -0.042916 0.007820 -0.002480 -0.003242 0.014517 -0.001358 -0.023842 -0.001717 0.013924 -0.016975 -0.002154 0.005368 0.084496 -0.018120 0.001717 -0.000572 -0.055505 -0.036431 0.013161 -0.317578 0.094034 -0.008583 -0.001717
1757664954.570286 -0.042916 0.007820 -0.002480 -0.003242 0.014517 -0.001358 -0.023842 -0.001717 0.013924 -0.016975 -0.002154 0.005368 0.084496 -0.018120 0.001717 -0.000572 -0.055505 -0.036431 0.013161 -0.317578 0.094034 -0.008583 -0.001717
1757664954.572277 -0.042916 0.007820 -0.002480 -0.003242 0.014517 -0.001358 -0.023842 -0.001717 0.013924 -0.016975 -0.002154 0.005368 0.084496 -0.018120 0.001717 -0.000572 -0.055505 -0.036431 0.013161 -0.317578 0.094034 -0.008583 -0.001717
1757664954.574291 -0.042916 0.007820 -0.002480 -0.003242 0.014517 -0.001358 -0.023842 -0.001717 0.013924 -0.016975 -0.002154 0.005368 0.084496 -0.018120 0.001717 -0.000572 -0.055505 -0.036431 0.013161 -0.317578 0.094034 -0.008583 -0.001717
1757664954.576276 -0.042916 0.007820 -0.002480 -0.003242 0.014517 -0.001358 -0.023842 -0.001717 0.013924 -0.016975 -0.002154 0.005368 0.084496 -0.018120 0.001717 -0.000572 -0.055505 -0.036431 0.013161 -0.317578 0.094034 -0.008583 -0.001717
1757664954.578276 -0.042916 0.007820 -0.002480 -0.003242 0.014517 -0.001358 -0.023842 -0.001717 0.013924 -0.016975 -0.002154 0.005368 0.084496 -0.018120 0.001717 -0.000572 -0.055505 -0.036431 0.013161 -0.317578 0.094034 -0.008583 -0.001717
1757664954.580325 -0.042916 0.007820 -0.002480 -0.003242 0.014517 -0.001358 -0.023842 -0.001717 0.013924 -0.016975 -0.002154 0.005368 0.084496 -0.018120 0.001717 -0.000572 -0.055505 -0.036431 0.013161 -0.317578 0.094034 -0.008583 -0.001717
1757664954.582283 -0.042916 0.007820 -0.002480 -0.003242 0.014517 -0.001358 -0.023842 -0.001717 0.013924 -0.016975 -0.002154 0.005368 0.084496 -0.018120 0.001717 -0.000572 -0.055505 -0.036431 0.013161 -0.317578 0.094034 -0.008583 -0.001717
1757664954.584273 -0.042916 0.007820 -0.002480 -0.003242 0.014517 -0.001358 -0.023842 -0.001717 0.013924 -0.016975 -0.002154 0.005368 0.084496 -0.018120 0.001717 -0.000572 -0.055505 -0.036431 0.013161 -0.317578 0.094034 -0.008583 -0.001717
1757664954.586274 -0.042916 0.007820 -0.002480 -0.003242 0.014517 -0.001358 -0.023842 -0.001717 0.013924 -0.016975 -0.002154 0.005368 0.084496 -0.018120 0.001717 -0.000572 -0.055505 -0.036431 0.013161 -0.317578 0.094034 -0.008583 -0.001717
1757664954.588287 -0.042916 0.007820 -0.002480 -0.003242 0.014517 -0.001358 -0.023842 -0.001717 0.013924 -0.016975 -0.002154 0.005368 0.084496 -0.018120 0.001717 -0.000572 -0.055505 -0.036431 0.013161 -0.317578 0.094034 -0.008583 -0.001717
1757664954.590274 -0.042916 0.007820 -0.002480 -0.003242 0.014517 -0.001358 -0.023842 -0.001717 0.013924 -0.016975 -0.002154 0.005368 0.084496 -0.018120 0.001717 -0.000572 -0.055505 -0.036431 0.013161 -0.317578 0.094034 -0.008583 -0.001717
1757664954.592275 -0.042916 0.007820 -0.002480 -0.003242 0.014517 -0.001358 -0.023842 -0.001717 0.013924 -0.016975 -0.002154 0.005368 0.084496 -0.018120 0.001717 -0.000572 -0.055505 -0.036431 0.013161 -0.317578 0.094034 -0.008583 -0.001717
1757664954.594293 -0.042916 0.007820 -0.002480 -0.003242 0.014517 -0.001358 -0.023842 -0.001717 0.013924 -0.016975 -0.002154 0.005368 0.084496 -0.018120 0.001717 -0.000572 -0.055505 -0.036431 0.013161 -0.317578 0.094034 -0.008583 -0.001717
1757664954.596285 -0.042916 0.007820 -0.002480 -0.003242 0.014517 -0.001358 -0.023842 -0.001717 0.013924 -0.016975 -0.002154 0.005368 0.084496 -0.018120 0.001717 -0.000572 -0.055505 -0.036431 0.013161 -0.317578 0.094034 -0.008583 -0.001717
1757664954.598275 -0.042916 0.007820 -0.002480 -0.003242 0.014517 -0.001358 -0.023842 -0.001717 0.013924 -0.016975 -0.002154 0.005368 0.084496 -0.018120 0.001717 -0.000572 -0.055505 -0.036431 0.013161 -0.317578 0.094034 -0.008583 -0.001717
1757664954.600276 -0.042916 0.007820 -0.002480 -0.003242 0.014517 -0.001358 -0.023842 -0.001717 0.013924 -0.016975 -0.002154 0.005368 0.084496 -0.018120 0.001717 -0.000572 -0.055505 -0.036431 0.013161 -0.317578 0.094034 -0.008583 -0.001717
1757664954.602284 -0.042916 0.007820 -0.002480 -0.003242 0.014517 -0.001358 -0.023842 -0.001717 0.013924 -0.016975 -0.002154 0.005368 0.084496 -0.018120 0.001717 -0.000572 -0.055505 -0.036431 0.013161 -0.317578 0.094034 -0.008583 -0.001717
1757664954.604277 -0.042916 0.007820 -0.002480 -0.003242 0.014517 -0.001358 -0.023842 -0.001717 0.013924 -0.016975 -0.002154 0.005368 0.084496 -0.018120 0.001717 -0.000572 -0.055505 -0.036431 0.013161 -0.317578 0.094034 -0.008583 -0.001717
1757664954.606277 -0.042916 0.007820 -0.002480 -0.003242 0.014517 -0.001358 -0.023842 -0.001717 0.013924 -0.016975 -0.002154 0.005368 0.084496 -0.018120 0.001717 -0.000572 -0.055505 -0.036431 0.013161 -0.317578 0.094034 -0.008583 -0.001717
1757664954.608320 -0.042916 0.007820 -0.002480 -0.003242 0.014517 -0.001358 -0.023842 -0.001717 0.013924 -0.016975 -0.002154 0.005368 0.084496 -0.018120 0.001717 -0.000572 -0.055505 -0.036431 0.013161 -0.317578 0.094034 -0.008583 -0.001717
1757664954.610317 -0.042916 0.007820 -0.002480 -0.003242 0.014517 -0.001358 -0.023842 -0.001717 0.013924 -0.016975 -0.002154 0.005368 0.084496 -0.018120 0.001717 -0.000572 -0.055505 -0.036431 0.013161 -0.317578 0.094034 -0.008583 -0.001717
1757664954.612279 -0.042916 0.007820 -0.002480 -0.003242 0.014517 -0.001358 -0.023842 -0.001717 0.013924 -0.016975 -0.002154 0.005368 0.084496 -0.018120 0.001717 -0.000572 -0.055505 -0.036431 0.013161 -0.317578 0.094034 -0.008583 -0.001717
1757664954.614274 -0.042916 0.007820 -0.002480 -0.003242 0.014517 -0.001358 -0.023842 -0.001717 0.013924 -0.016975 -0.002154 0.005368 0.084115 -0.018120 0.001717 -0.000572 -0.055505 -0.036431 0.013161 -0.317578 0.094034 -0.008583 -0.001717
1757664954.616283 -0.042916 0.007820 -0.002480 -0.003242 0.014517 -0.001358 -0.023842 -0.001717 0.013924 -0.016975 -0.002154 0.005368 0.084496 -0.018120 0.001717 -0.000572 -0.055505 -0.036431 0.013161 -0.317578 0.094034 -0.008583 -0.001717
1757664954.618277 -0.042916 0.007820 -0.002480 -0.003242 0.014517 -0.001358 -0.023842 -0.001717 0.013924 -0.016975 -0.002154 0.005368 0.084496 -0.018120 0.001717 -0.000572 -0.055505 -0.036431 0.013161 -0.317578 0.094034 -0.008583 -0.001717
1757664954.620278 -0.042916 0.007820 -0.002480 -0.003242 0.014517 -0.001358 -0.023842 -0.001717 0.013924 -0.016975 -0.002154 0.005368 0.084496 -0.018120 0.001717 -0.000572 -0.055505 -0.036431 0.013161 -0.317578 0.094034 -0.008583 -0.001717
1757664954.622288 -0.042916 0.007820 -0.002480 -0.003242 0.014517 -0.001358 -0.023842 -0.001717 0.013924 -0.016975 -0.002154 0.005368 0.084496 -0.018120 0.001717 -0.000572 -0.055505 -0.036431 0.013161 -0.317578 0.094034 -0.008583 -0.001717
1757664954.624274 -0.042916 0.007820 -0.002480 -0.003242 0.014517 -0.001358 -0.023842 -0.001717 0.013924 -0.016975 -0.002154 0.005368 0.084115 -0.018120 0.001717 -0.000572 -0.055505 -0.036431 0.013161 -0.317578 0.094034 -0.008583 -0.001717
1757664954.626274 -0.042916 0.007820 -0.002480 -0.003242 0.014517 -0.001358 -0.023842 -0.001717 0.013924 -0.016975 -0.002154 0.005368 0.084496 -0.018120 0.001717 -0.000572 -0.055505 -0.036431 0.013161 -0.317578 0.094034 -0.008583 -0.001717
1757664954.628272 -0.042916 0.007820 -0.002480 -0.003242 0.014517 -0.001358 -0.023842 -0.001717 0.013924 -0.016975 -0.002154 0.005368 0.084115 -0.018120 0.001717 -0.000572 -0.055505 -0.036431 0.013161 -0.317578 0.094034 -0.008583 -0.001717
1757664954.630291 -0.042916 0.007820 -0.002480 -0.003242 0.014517 -0.001358 -0.023842 -0.001717 0.013924 -0.016975 -0.002154 0.005368 0.084115 -0.018120 0.001717 -0.000572 -0.055505 -0.036431 0.013161 -0.317578 0.094034 -0.008583 -0.001717
1757664954.632278 -0.042916 0.007820 -0.002480 -0.003242 0.014517 -0.001358 -0.023842 -0.001717 0.013924 -0.016975 -0.002154 0.005368 0.084496 -0.018120 0.001717 -0.000572 -0.055505 -0.036431 0.013161 -0.317578 0.094034 -0.008583 -0.001717
1757664954.634276 -0.042916 0.007820 -0.002480 -0.003242 0.014517 -0.001358 -0.023842 -0.001717 0.013924 -0.016975 -0.002154 0.005368 0.084115 -0.018120 0.001717 -0.000572 -0.055505 -0.036431 0.013161 -0.317578 0.094034 -0.008583 -0.001717
1757664954.636288 -0.042916 0.007820 -0.002480 -0.003242 0.014517 -0.001358 -0.023842 -0.001717 0.013924 -0.016975 -0.002154 0.005368 0.084496 -0.018120 0.001717 -0.000572 -0.055505 -0.036431 0.013161 -0.317578 0.094034 -0.008583 -0.001717
1757664954.638277 -0.042916 0.007820 -0.002480 -0.003242 0.014517 -0.001358 -0.023842 -0.001717 0.013924 -0.016975 -0.002154 0.005368 0.084115 -0.018120 0.001717 -0.000572 -0.055505 -0.036431 0.013161 -0.317578 0.094034 -0.008583 -0.001717
1757664954.640275 -0.042916 0.007820 -0.002480 -0.003242 0.014517 -0.001358 -0.023842 -0.001717 0.013924 -0.016975 -0.002154 0.005368 0.084496 -0.018120 0.001717 -0.000572 -0.055505 -0.036431 0.013161 -0.317578 0.094034 -0.008583 -0.001717
1757664954.642273 -0.042916 0.007820 -0.002480 -0.003242 0.014517 -0.001358 -0.023842 -0.001717 0.013924 -0.016975 -0.002154 0.005368 0.084115 -0.018120 0.001717 -0.000572 -0.055505 -0.036431 0.013161 -0.317578 0.094034 -0.008583 -0.001717
1757664954.644287 -0.042916 0.007820 -0.002480 -0.003242 0.014517 -0.001358 -0.023842 -0.001717 0.013924 -0.016975 -0.002154 0.005368 0.084115 -0.018120 0.001717 -0.000572 -0.055505 -0.036431 0.013161 -0.317578 0.094034 -0.008583 -0.001717
1757664954.646273 -0.042916 0.007820 -0.002480 -0.003242 0.014517 -0.001358 -0.023842 -0.001717 0.013924 -0.016975 -0.002154 0.005368 0.084115 -0.018120 0.001717 -0.000572 -0.055505 -0.036431 0.013161 -0.317578 0.094034 -0.008583 -0.001717
1757664954.648274 -0.042916 0.007820 -0.002480 -0.003242 0.014517 -0.001358 -0.023842 -0.001717 0.013924 -0.016975 -0.002154 0.005368 0.084115 -0.018120 0.001717 -0.000572 -0.055505 -0.036431 0.013161 -0.317578 0.094034 -0.008583 -0.001717
1757664954.650287 -0.042916 0.007820 -0.002480 -0.003242 0.014517 -0.001358 -0.023842 -0.001717 0.013924 -0.016975 -0.002154 0.005368 0.084115 -0.018120 0.001717 -0.000572 -0.055505 -0.036431 0.013161 -0.317578 0.094034 -0.008583 -0.001717
1757664954.652274 -0.042916 0.007820 -0.002480 -0.003242 0.014517 -0.001358 -0.023842 -0.001717 0.013924 -0.016975 -0.002154 0.005368 0.084115 -0.018120 0.001717 -0.000572 -0.055505 -0.036431 0.013161 -0.317578 0.094034 -0.008583 -0.001717
1757664954.654274 -0.042916 0.007820 -0.002480 -0.003242 0.014517 -0.001358 -0.023842 -0.001717 0.013924 -0.016975 -0.002154 0.005368 0.084115 -0.018120 0.001717 -0.000572 -0.055505 -0.036431 0.013161 -0.317578 0.094034 -0.008583 -0.001717
1757664954.656275 -0.042916 0.007820 -0.002480 -0.003242 0.014517 -0.001358 -0.023842 -0.001717 0.013924 -0.016975 -0.002154 0.005368 0.084115 -0.018120 0.001717 -0.000572 -0.055505 -0.036431 0.013161 -0.317578 0.094034 -0.008583 -0.001717
1757664954.658283 -0.042916 0.007820 -0.002480 -0.003242 0.014517 -0.001358 -0.023842 -0.001717 0.013924 -0.016975 -0.002154 0.005368 0.084115 -0.018120 0.001717 -0.000572 -0.055505 -0.036431 0.013161 -0.317578 0.094034 -0.008583 -0.001717
1757664954.660274 -0.042916 0.007820 -0.002480 -0.003242 0.014517 -0.001358 -0.023842 -0.001717 0.013924 -0.016975 -0.002154 0.005368 0.084496 -0.018120 0.001717 -0.000572 -0.055505 -0.036431 0.013161 -0.317578 0.094034 -0.008583 -0.001717
1757664954.662275 -0.042916 0.007820 -0.002480 -0.003242 0.014517 -0.001358 -0.023842 -0.001717 0.013924 -0.016975 -0.002154 0.005368 0.084115 -0.018120 0.001717 -0.000572 -0.055505 -0.036431 0.013161 -0.317578 0.094034 -0.008583 -0.001717
1757664954.664287 -0.042916 0.007820 -0.002480 -0.003242 0.014517 -0.001358 -0.023842 -0.001717 0.013924 -0.016975 -0.002154 0.005368 0.084496 -0.018120 0.001717 -0.000572 -0.055505 -0.036431 0.013161 -0.317578 0.094034 -0.008583 -0.001717
1757664954.666277 -0.042916 0.007820 -0.002480 -0.003242 0.014517 -0.001358 -0.023842 -0.001717 0.013924 -0.016975 -0.002154 0.005368 0.084496 -0.018120 0.001717 -0.000572 -0.055505 -0.036431 0.013161 -0.317578 0.094034 -0.008583 -0.001717
1757664954.668274 -0.042916 0.007820 -0.002480 -0.003242 0.014517 -0.001358 -0.023842 -0.001717 0.013924 -0.016975 -0.002154 0.005368 0.084115 -0.018120 0.001717 -0.000572 -0.055505 -0.036431 0.013161 -0.317578 0.094034 -0.008583 -0.001717
1757664954.670290 -0.042916 0.007820 -0.002480 -0.003242 0.014517 -0.001358 -0.023842 -0.001717 0.013924 -0.016975 -0.002154 0.005368 0.084496 -0.018120 0.001717 -0.000572 -0.055505 -0.036431 0.013161 -0.317578 0.094034 -0.008583 -0.001717
1757664954.672331 -0.042916 0.007820 -0.002480 -0.003242 0.014517 -0.001358 -0.023842 -0.001717 0.013924 -0.016975 -0.002154 0.005368 0.084115 -0.018120 0.001717 -0.000572 -0.055505 -0.036431 0.013161 -0.317578 0.094034 -0.008583 -0.001717
1757664954.674337 -0.042916 0.007820 -0.002480 -0.003242 0.014517 -0.001358 -0.023842 -0.001717 0.013924 -0.016975 -0.002154 0.005368 0.084115 -0.018120 0.001717 -0.000572 -0.055505 -0.036431 0.013161 -0.317578 0.094034 -0.008583 -0.001717
1757664954.676320 -0.042916 0.007820 -0.002480 -0.003242 0.014517 -0.001358 -0.023842 -0.001717 0.013924 -0.016975 -0.002154 0.005368 0.084496 -0.018120 0.001717 -0.000572 -0.055505 -0.036431 0.013161 -0.317578 0.094034 -0.008583 -0.001717
1757664954.678323 -0.042916 0.007820 -0.002480 -0.003242 0.014517 -0.001358 -0.023842 -0.001717 0.013924 -0.016975 -0.002154 0.005368 0.084496 -0.018120 0.001717 -0.000572 -0.055505 -0.036431 0.013161 -0.317578 0.094034 -0.008583 -0.001717
1757664954.680318 -0.042916 0.007820 -0.002480 -0.003242 0.014517 -0.001358 -0.023842 -0.001717 0.013924 -0.016975 -0.002154 0.005368 0.084496 -0.018120 0.001717 -0.000572 -0.055505 -0.036431 0.013161 -0.317578 0.094034 -0.008583 -0.001717
1757664954.682364 -0.042916 0.007820 -0.002480 -0.003242 0.014517 -0.001358 -0.023842 -0.001717 0.013924 -0.016975 -0.002154 0.005368 0.084496 -0.018120 0.001717 -0.000572 -0.055505 -0.036431 0.013161 -0.317578 0.094034 -0.008583 -0.001717
1757664954.684356 -0.042916 0.007820 -0.002480 -0.003242 0.014517 -0.001358 -0.023842 -0.001717 0.013924 -0.016975 -0.002154 0.005368 0.084496 -0.018120 0.001717 -0.000572 -0.055505 -0.036431 0.013161 -0.317578 0.094034 -0.008583 -0.001717
1757664954.686327 -0.042916 0.007820 -0.002480 -0.003242 0.014517 -0.001358 -0.023842 -0.001717 0.013924 -0.016975 -0.002154 0.005368 0.084115 -0.018120 0.001717 -0.000572 -0.055505 -0.036431 0.013161 -0.317578 0.094034 -0.008583 -0.001717
1757664954.688326 -0.042916 0.007820 -0.002480 -0.003242 0.014517 -0.001358 -0.023842 -0.001717 0.013924 -0.016975 -0.002154 0.005368 0.084496 -0.018120 0.001717 -0.000572 -0.055505 -0.036431 0.013161 -0.317578 0.094034 -0.008583 -0.001717
1757664954.690325 -0.042916 0.007820 -0.002480 -0.003242 0.014517 -0.001358 -0.023842 -0.001717 0.013924 -0.016975 -0.002154 0.005368 0.084496 -0.018120 0.001717 -0.000572 -0.055505 -0.036431 0.013161 -0.317578 0.094034 -0.008583 -0.001717
1757664954.692314 -0.042916 0.007820 -0.002480 -0.003242 0.014517 -0.001358 -0.023842 -0.001717 0.013924 -0.016975 -0.002154 0.005368 0.084496 -0.018120 0.001717 -0.000572 -0.055505 -0.036431 0.013161 -0.317578 0.094034 -0.008583 -0.001717
1757664954.694290 -0.042916 0.007820 -0.002480 -0.003242 0.014517 -0.001358 -0.023842 -0.001717 0.013924 -0.016975 -0.002154 0.005368 0.084496 -0.018120 0.001717 -0.000572 -0.055505 -0.036431 0.013161 -0.317578 0.094034 -0.008583 -0.001717
1757664954.696285 -0.042916 0.007820 -0.002480 -0.003242 0.014517 -0.001358 -0.023842 -0.001717 0.013924 -0.016975 -0.002154 0.005368 0.084496 -0.018120 0.001717 -0.000572 -0.055505 -0.036431 0.013161 -0.317578 0.094034 -0.008583 -0.001717
1757664954.698316 -0.042916 0.007820 -0.002480 -0.003242 0.014517 -0.001358 -0.023842 -0.001717 0.013924 -0.016975 -0.002154 0.005368 0.084496 -0.018120 0.001717 -0.000572 -0.055505 -0.036431 0.013161 -0.317578 0.094034 -0.008583 -0.001717
1757664954.700283 -0.042916 0.007820 -0.002480 -0.003242 0.014517 -0.001358 -0.023842 -0.001717 0.013924 -0.016975 -0.002154 0.005368 0.084496 -0.018120 0.001717 -0.000572 -0.055505 -0.036431 0.013161 -0.317578 0.094034 -0.008583 -0.001717
1757664954.702278 -0.042916 0.007820 -0.002480 -0.003242 0.014517 -0.001358 -0.023842 -0.001717 0.013924 -0.016975 -0.002154 0.005368 0.084496 -0.018120 0.001717 -0.000572 -0.055505 -0.036431 0.013161 -0.317578 0.094034 -0.008583 -0.001717
1757664954.704288 -0.042916 0.007820 -0.002480 -0.003242 0.014517 -0.001358 -0.023842 -0.001717 0.013924 -0.016975 -0.002154 0.005368 0.084496 -0.018120 0.001717 -0.000572 -0.055505 -0.036431 0.013161 -0.317578 0.094034 -0.008583 -0.001717
1757664954.706291 -0.042916 0.007820 -0.002480 -0.003242 0.014517 -0.001358 -0.023842 -0.001717 0.013924 -0.016975 -0.002154 0.005368 0.084496 -0.018120 0.001717 -0.000572 -0.055505 -0.036431 0.013161 -0.317578 0.094034 -0.008583 -0.001717
1757664954.708284 -0.042916 0.007820 -0.002480 -0.003242 0.014517 -0.001358 -0.023842 -0.001717 0.013924 -0.016975 -0.002154 0.005368 0.084115 -0.018120 0.001717 -0.000572 -0.055505 -0.036431 0.013161 -0.317578 0.094034 -0.008583 -0.001717
1757664954.710300 -0.042916 0.007820 -0.002480 -0.003242 0.014517 -0.001358 -0.023842 -0.001717 0.013924 -0.016975 -0.002154 0.005368 0.084496 -0.018120 0.001717 -0.000572 -0.055505 -0.036431 0.013161 -0.317578 0.094034 -0.008583 -0.001717
1757664954.712297 -0.042916 0.007820 -0.002480 -0.003242 0.014517 -0.001358 -0.023842 -0.001717 0.013924 -0.016975 -0.002154 0.005368 0.084496 -0.018120 0.001717 -0.000572 -0.055505 -0.036431 0.013161 -0.317578 0.094034 -0.008583 -0.001717
1757664954.714283 -0.042916 0.007820 -0.002480 -0.003242 0.014517 -0.001358 -0.023842 -0.001717 0.013924 -0.016975 -0.002154 0.005368 0.084496 -0.018120 0.001717 -0.000572 -0.055505 -0.036431 0.013161 -0.317578 0.094034 -0.008583 -0.001717
1757664954.716276 -0.042916 0.007820 -0.002480 -0.003242 0.014517 -0.001358 -0.023842 -0.001717 0.013924 -0.016975 -0.002154 0.005368 0.084496 -0.018120 0.001717 -0.000572 -0.055505 -0.036431 0.013161 -0.317578 0.094034 -0.008583 -0.001717
1757664954.718273 -0.042916 0.007820 -0.002480 -0.003242 0.014517 -0.001358 -0.023842 -0.001717 0.013924 -0.016975 -0.002154 0.005368 0.084496 -0.018120 0.001717 -0.000572 -0.055505 -0.036431 0.013161 -0.317578 0.094034 -0.008583 -0.001717
1757664954.720293 -0.042916 0.007820 -0.002480 -0.003242 0.014517 -0.001358 -0.023842 -0.001717 0.013924 -0.016975 -0.002154 0.005368 0.084496 -0.018120 0.001717 -0.000572 -0.055505 -0.036431 0.013161 -0.317578 0.094034 -0.008583 -0.001717
1757664954.722275 -0.042916 0.007820 -0.002480 -0.003242 0.014517 -0.001358 -0.023842 -0.001717 0.013924 -0.016975 -0.002154 0.005368 0.084496 -0.018120 0.001717 -0.000572 -0.055505 -0.036431 0.013161 -0.317578 0.094034 -0.008583 -0.001717
1757664954.724276 -0.042916 0.007820 -0.002480 -0.003242 0.014517 -0.001358 -0.023842 -0.001717 0.013924 -0.016975 -0.002154 0.005368 0.084496 -0.018120 0.001717 -0.000572 -0.055505 -0.036431 0.013161 -0.317578 0.094034 -0.008583 -0.001717
1757664954.726294 -0.042916 0.007820 -0.002480 -0.003242 0.014517 -0.001358 -0.023842 -0.001717 0.013924 -0.016975 -0.002154 0.005368 0.084496 -0.018120 0.001717 -0.000572 -0.055505 -0.036431 0.013161 -0.317578 0.094034 -0.008583 -0.001717
1757664954.728276 -0.042916 0.007820 -0.002480 -0.003242 0.014517 -0.001358 -0.023842 -0.001717 0.013924 -0.016975 -0.002154 0.005368 0.084115 -0.018120 0.001717 -0.000572 -0.055505 -0.036431 0.013161 -0.317578 0.094034 -0.008583 -0.001717
1757664954.730272 -0.042916 0.007820 -0.002480 -0.003242 0.014517 -0.001358 -0.023842 -0.001717 0.013924 -0.016975 -0.002154 0.005368 0.084496 -0.018120 0.001717 -0.000572 -0.055505 -0.036431 0.013161 -0.317578 0.094034 -0.008583 -0.001717
1757664954.732270 -0.042916 0.007820 -0.002480 -0.003242 0.014517 -0.001358 -0.023842 -0.001717 0.013924 -0.016975 -0.002154 0.005368 0.084115 -0.018120 0.001717 -0.000572 -0.055505 -0.036431 0.013161 -0.317578 0.094034 -0.008583 -0.001717
1757664954.734303 -0.042916 0.007820 -0.002480 -0.003242 0.014517 -0.001358 -0.023842 -0.001717 0.013924 -0.016975 -0.002154 0.005368 0.084496 -0.018120 0.001717 -0.000572 -0.055505 -0.036431 0.013161 -0.317578 0.094034 -0.008583 -0.001717
1757664954.736276 -0.042916 0.007820 -0.002480 -0.003242 0.014517 -0.001358 -0.023842 -0.001717 0.013924 -0.016975 -0.002154 0.005368 0.084496 -0.018120 0.001717 -0.000572 -0.055505 -0.036431 0.013161 -0.317578 0.094034 -0.008583 -0.001717
1757664954.738274 -0.042916 0.007820 -0.002480 -0.003242 0.014517 -0.001358 -0.023842 -0.001717 0.013924 -0.016975 -0.002154 0.005368 0.084496 -0.018120 0.001717 -0.000572 -0.055505 -0.036431 0.013161 -0.317578 0.094034 -0.008583 -0.001717
1757664954.740295 -0.042916 0.007820 -0.002480 -0.003242 0.014517 -0.001358 -0.023842 -0.001717 0.013924 -0.016975 -0.002154 0.005368 0.084496 -0.018120 0.001717 -0.000572 -0.055505 -0.036431 0.013161 -0.317578 0.094034 -0.008583 -0.001717
1757664954.742289 -0.042916 0.007820 -0.002480 -0.003242 0.014517 -0.001358 -0.023842 -0.001717 0.013924 -0.016975 -0.002154 0.005368 0.084496 -0.018120 0.001717 -0.000572 -0.055505 -0.036431 0.013161 -0.317578 0.094034 -0.008583 -0.001717
1757664954.744277 -0.042916 0.007820 -0.002480 -0.003242 0.014517 -0.001358 -0.023842 -0.001717 0.013924 -0.016975 -0.002154 0.005368 0.084496 -0.018120 0.001717 -0.000572 -0.055505 -0.036431 0.013161 -0.317578 0.094034 -0.008583 -0.001717
1757664954.746291 -0.042916 0.007820 -0.002480 -0.003242 0.014517 -0.001358 -0.023842 -0.001717 0.013924 -0.016975 -0.002154 0.005368 0.084496 -0.018120 0.001717 -0.000572 -0.055505 -0.036431 0.013161 -0.317578 0.094034 -0.008583 -0.001717
1757664954.748296 -0.042916 0.007820 -0.002480 -0.003242 0.014517 -0.001358 -0.023842 -0.001717 0.013924 -0.016975 -0.002154 0.005368 0.084496 -0.018120 0.001717 -0.000572 -0.055505 -0.036431 0.013161 -0.317578 0.094034 -0.008583 -0.001717
1757664954.750285 -0.042916 0.007820 -0.002480 -0.003242 0.014517 -0.001358 -0.023842 -0.001717 0.013924 -0.016975 -0.002154 0.005368 0.084496 -0.018120 0.001717 -0.000572 -0.055505 -0.036431 0.013161 -0.317578 0.094034 -0.008583 -0.001717
1757664954.752293 -0.042916 0.007820 -0.002480 -0.003242 0.014517 -0.001358 -0.023842 -0.001717 0.013924 -0.016975 -0.002154 0.005368 0.084496 -0.018120 0.001717 -0.000572 -0.055505 -0.036431 0.013161 -0.317578 0.094034 -0.008583 -0.001717
1757664954.754336 -0.042916 0.007820 -0.002480 -0.003242 0.014517 -0.001358 -0.023842 -0.001717 0.013924 -0.016975 -0.002154 0.005368 0.084496 -0.018120 0.001717 -0.000572 -0.055505 -0.036431 0.013161 -0.317578 0.094034 -0.008583 -0.001717
1757664954.756294 -0.042916 0.007820 -0.002480 -0.003242 0.014517 -0.001358 -0.023842 -0.001717 0.013924 -0.016975 -0.002154 0.005368 0.084496 -0.018120 0.001717 -0.000572 -0.055505 -0.036431 0.013161 -0.317578 0.094034 -0.008583 -0.001717
1757664954.758283 -0.042916 0.007820 -0.002480 -0.003242 0.014517 -0.001358 -0.023842 -0.001717 0.013924 -0.016975 -0.002154 0.005368 0.084496 -0.018120 0.001717 -0.000572 -0.055505 -0.036431 0.013161 -0.317578 0.094034 -0.008583 -0.001717
1757664954.760275 -0.042916 0.007820 -0.002480 -0.003242 0.014517 -0.001358 -0.023842 -0.001717 0.013924 -0.016975 -0.002154 0.005368 0.084496 -0.018120 0.001717 -0.000572 -0.055505 -0.036431 0.013161 -0.317578 0.094034 -0.008583 -0.001717
1757664954.762303 -0.042916 0.007820 -0.002480 -0.003242 0.014517 -0.001358 -0.023842 -0.001717 0.013924 -0.016975 -0.002154 0.005368 0.084496 -0.018120 0.001717 -0.000572 -0.055505 -0.036431 0.013161 -0.317578 0.094034 -0.008583 -0.001717
1757664954.764293 -0.042916 0.007820 -0.002480 -0.003242 0.014517 -0.001358 -0.023842 -0.001717 0.013924 -0.016975 -0.002154 0.005368 0.084496 -0.018120 0.001717 -0.000572 -0.055505 -0.036431 0.013161 -0.317578 0.094034 -0.008583 -0.001717
1757664954.766276 -0.042916 0.007820 -0.002480 -0.003242 0.014517 -0.001358 -0.023842 -0.001717 0.013924 -0.016975 -0.002154 0.005368 0.084496 -0.018120 0.001717 -0.000572 -0.055505 -0.036431 0.013161 -0.317578 0.094034 -0.008583 -0.001717
1757664954.768324 -0.042916 0.007820 -0.002480 -0.003242 0.014517 -0.001358 -0.023842 -0.001717 0.013924 -0.016975 -0.002154 0.005368 0.084496 -0.018120 0.001717 -0.000572 -0.055505 -0.036431 0.013161 -0.317578 0.094034 -0.008583 -0.001717
1757664954.770303 -0.042916 0.007820 -0.002480 -0.003242 0.014517 -0.001358 -0.023842 -0.001717 0.013924 -0.016975 -0.002154 0.005368 0.084115 -0.018120 0.001717 -0.000572 -0.055505 -0.036431 0.013161 -0.317578 0.094034 -0.008583 -0.001717
1757664954.772292 -0.042916 0.007820 -0.002480 -0.003242 0.014517 -0.001358 -0.023842 -0.001717 0.013924 -0.016975 -0.002154 0.005368 0.084496 -0.018120 0.001717 -0.000572 -0.055505 -0.036431 0.013161 -0.317578 0.094034 -0.008583 -0.001717
1757664954.774273 -0.042916 0.007820 -0.002480 -0.003242 0.014517 -0.001358 -0.023842 -0.001717 0.013924 -0.016975 -0.002154 0.005368 0.084496 -0.018120 0.001717 -0.000572 -0.055505 -0.036431 0.013161 -0.317578 0.094034 -0.008583 -0.001717
1757664954.776293 -0.042916 0.007820 -0.002480 -0.003242 0.014517 -0.001358 -0.023842 -0.001717 0.013924 -0.016975 -0.002154 0.005368 0.084496 -0.018120 0.001717 -0.000572 -0.055505 -0.036431 0.013161 -0.317578 0.094034 -0.008583 -0.001717
1757664954.778281 -0.042916 0.007820 -0.002480 -0.003242 0.014517 -0.001358 -0.023842 -0.001717 0.013924 -0.016975 -0.002154 0.005368 0.084496 -0.018120 0.001717 -0.000572 -0.055505 -0.036431 0.013161 -0.317578 0.094034 -0.008583 -0.001717
1757664954.780289 -0.042916 0.007820 -0.002480 -0.003242 0.014517 -0.001358 -0.023842 -0.001717 0.013924 -0.016975 -0.002154 0.005368 0.084496 -0.018120 0.001717 -0.000572 -0.055505 -0.036431 0.013161 -0.317578 0.094034 -0.008583 -0.001717
1757664954.782292 -0.042916 0.007820 -0.002480 -0.003242 0.014517 -0.001358 -0.023842 -0.001717 0.013924 -0.016975 -0.002154 0.005368 0.084496 -0.018120 0.001717 -0.000572 -0.055505 -0.036431 0.013161 -0.317578 0.094034 -0.008583 -0.001717
1757664954.784284 -0.042916 0.007820 -0.002480 -0.003242 0.014517 -0.001358 -0.023842 -0.001717 0.013924 -0.016975 -0.002154 0.005368 0.084496 -0.018120 0.001717 -0.000572 -0.055505 -0.036431 0.013161 -0.317578 0.094034 -0.008583 -0.001717
1757664954.786275 -0.042916 0.007820 -0.002480 -0.003242 0.014517 -0.001358 -0.023842 -0.001717 0.013924 -0.016975 -0.002154 0.005368 0.084496 -0.018120 0.001717 -0.000572 -0.055505 -0.036431 0.013161 -0.317578 0.094034 -0.008583 -0.001717
1757664954.788324 -0.042916 0.007820 -0.002480 -0.003242 0.014517 -0.001358 -0.023842 -0.001717 0.013924 -0.016975 -0.002154 0.005368 0.084496 -0.018120 0.001717 -0.000572 -0.055505 -0.036431 0.013161 -0.317578 0.094034 -0.008583 -0.001717
1757664954.790294 -0.042916 0.007820 -0.002480 -0.003242 0.014517 -0.001358 -0.023842 -0.001717 0.013924 -0.016975 -0.002154 0.005368 0.084115 -0.018120 0.001717 -0.000572 -0.055505 -0.036431 0.013161 -0.317578 0.094034 -0.008583 -0.001717
1757664954.792273 -0.042916 0.007820 -0.002480 -0.003242 0.014517 -0.001358 -0.023842 -0.001717 0.013924 -0.016975 -0.002154 0.005368 0.084496 -0.018120 0.001717 -0.000572 -0.055505 -0.036431 0.013161 -0.317578 0.094034 -0.008583 -0.001717
1757664954.794312 -0.042916 0.007820 -0.002480 -0.003242 0.014517 -0.001358 -0.023842 -0.001717 0.013924 -0.016975 -0.002154 0.005368 0.084496 -0.018120 0.001717 -0.000572 -0.055505 -0.036431 0.013161 -0.317578 0.094034 -0.008583 -0.001717
1757664954.796287 -0.042916 0.007820 -0.002480 -0.003242 0.014517 -0.001358 -0.023842 -0.001717 0.013924 -0.016975 -0.002154 0.005368 0.084496 -0.018120 0.001717 -0.000572 -0.055505 -0.036431 0.013161 -0.317578 0.094034 -0.008583 -0.001717
1757664954.798274 -0.042916 0.007820 -0.002480 -0.003242 0.014517 -0.001358 -0.023842 -0.001717 0.013924 -0.016975 -0.002154 0.005368 0.084496 -0.018120 0.001717 -0.000572 -0.055505 -0.036431 0.013161 -0.317578 0.094034 -0.008583 -0.001717
1757664954.800311 -0.042916 0.007820 -0.002480 -0.003242 0.014517 -0.001358 -0.023842 -0.001717 0.013924 -0.016975 -0.002154 0.005368 0.084496 -0.018120 0.001717 -0.000572 -0.055505 -0.036431 0.013161 -0.317578 0.094034 -0.008583 -0.001717
1757664954.802319 -0.042916 0.007820 -0.002480 -0.003242 0.014517 -0.001358 -0.023842 -0.001717 0.013924 -0.016975 -0.002154 0.005368 0.084496 -0.018120 0.001717 -0.000572 -0.055505 -0.036431 0.013161 -0.317578 0.094034 -0.008583 -0.001717
1757664954.804298 -0.042916 0.007820 -0.002480 -0.003242 0.014517 -0.001358 -0.023842 -0.001717 0.013924 -0.016975 -0.002154 0.005368 0.084496 -0.018120 0.001717 -0.000572 -0.055505 -0.036431 0.013161 -0.317578 0.094034 -0.008583 -0.001717
1757664954.806272 -0.042916 0.007820 -0.002480 -0.003242 0.014517 -0.001358 -0.023842 -0.001717 0.013924 -0.016975 -0.002154 0.005368 0.084496 -0.018120 0.001717 -0.000572 -0.055505 -0.036431 0.013161 -0.317578 0.094034 -0.008583 -0.001717
1757664954.808297 -0.042916 0.007820 -0.002480 -0.003242 0.014517 -0.001358 -0.023842 -0.001717 0.013924 -0.016975 -0.002154 0.005368 0.084496 -0.018120 0.001717 -0.000572 -0.055505 -0.036431 0.013161 -0.317578 0.094034 -0.008583 -0.001717
1757664954.810293 -0.042916 0.007820 -0.002480 -0.003242 0.014517 -0.001358 -0.023842 -0.001717 0.013924 -0.016975 -0.002154 0.005368 0.084496 -0.018120 0.001717 -0.000572 -0.055505 -0.036431 0.013161 -0.317578 0.094034 -0.008583 -0.001717
1757664954.812295 -0.042916 0.007820 -0.002480 -0.003242 0.014517 -0.001358 -0.023842 -0.001717 0.013924 -0.016975 -0.002154 0.005368 0.084496 -0.018120 0.001717 -0.000572 -0.055505 -0.036431 0.013161 -0.317578 0.094034 -0.008583 -0.001717
1757664954.814285 -0.042916 0.007820 -0.002480 -0.003242 0.014517 -0.001358 -0.023842 -0.001717 0.013924 -0.016975 -0.002154 0.005368 0.084496 -0.018120 0.001717 -0.000572 -0.055505 -0.036431 0.013161 -0.317578 0.094034 -0.008583 -0.001717
1757664954.816295 -0.042916 0.007820 -0.002480 -0.003242 0.014517 -0.001358 -0.023842 -0.001717 0.013924 -0.016975 -0.002154 0.005368 0.084496 -0.018120 0.001717 -0.000572 -0.055505 -0.036431 0.013161 -0.317578 0.094034 -0.008583 -0.001717
1757664954.818293 -0.042916 0.007820 -0.002480 -0.003242 0.014517 -0.001358 -0.023842 -0.001717 0.013924 -0.016975 -0.002154 0.005368 0.084496 -0.018120 0.001717 -0.000572 -0.055505 -0.036431 0.013161 -0.317578 0.094034 -0.008583 -0.001717
1757664954.820299 -0.042916 0.007820 -0.002480 -0.003242 0.014517 -0.001358 -0.023842 -0.001717 0.013924 -0.016975 -0.002154 0.005368 0.084496 -0.018120 0.001717 -0.000572 -0.055505 -0.036431 0.013161 -0.317578 0.094034 -0.008583 -0.001717
1757664954.822286 -0.042916 0.007820 -0.002480 -0.003242 0.014517 -0.001358 -0.023842 -0.001717 0.013924 -0.016975 -0.002154 0.005368 0.084496 -0.018120 0.001717 -0.000572 -0.055505 -0.036431 0.013161 -0.317578 0.094034 -0.008583 -0.001717
1757664954.824291 -0.042916 0.007820 -0.002480 -0.003242 0.014517 -0.001358 -0.023842 -0.001717 0.013924 -0.016975 -0.002154 0.005368 0.084496 -0.018120 0.001717 -0.000572 -0.055505 -0.036431 0.013161 -0.317578 0.094034 -0.008583 -0.001717
1757664954.826293 -0.042916 0.007820 -0.002480 -0.003242 0.014517 -0.001358 -0.023842 -0.001717 0.013924 -0.016975 -0.002154 0.005368 0.084496 -0.018120 0.001717 -0.000572 -0.055505 -0.036431 0.013161 -0.317578 0.094034 -0.008583 -0.001717
1757664954.828273 -0.042916 0.007820 -0.002480 -0.003242 0.014517 -0.001358 -0.023842 -0.001717 0.013924 -0.016975 -0.002154 0.005368 0.084496 -0.018120 0.001717 -0.000572 -0.055505 -0.036431 0.013161 -0.317578 0.094034 -0.008583 -0.001717
1757664954.830341 -0.042916 0.007820 -0.002480 -0.003242 0.014517 -0.001358 -0.023842 -0.001717 0.013924 -0.016975 -0.002154 0.005368 0.084115 -0.018120 0.001717 -0.000572 -0.055505 -0.036431 0.013161 -0.317578 0.094034 -0.008583 -0.001717
1757664954.832302 -0.042916 0.007820 -0.002480 -0.003242 0.014517 -0.001358 -0.023842 -0.001717 0.013924 -0.016975 -0.002154 0.005368 0.084115 -0.018120 0.001717 -0.000572 -0.055505 -0.036431 0.013161 -0.317578 0.094034 -0.008583 -0.001717
1757664954.834277 -0.042916 0.007820 -0.002480 -0.003242 0.014517 -0.001358 -0.023842 -0.001717 0.013924 -0.016975 -0.002154 0.005368 0.084496 -0.018120 0.001717 -0.000572 -0.055505 -0.036431 0.013161 -0.317578 0.094034 -0.008583 -0.001717
1757664954.836293 -0.042916 0.007820 -0.002480 -0.003242 0.014517 -0.001358 -0.023842 -0.001717 0.013924 -0.016975 -0.002154 0.005368 0.084496 -0.018120 0.001717 -0.000572 -0.055505 -0.036431 0.013161 -0.317578 0.094034 -0.008583 -0.001717
1757664954.838285 -0.042916 0.007820 -0.002480 -0.003242 0.014517 -0.001358 -0.023842 -0.001717 0.013924 -0.016975 -0.002154 0.005368 0.084496 -0.018120 0.001717 -0.000572 -0.055505 -0.036431 0.013161 -0.317578 0.094034 -0.008583 -0.001717
1757664954.840285 -0.042916 0.007820 -0.002480 -0.003242 0.014517 -0.001358 -0.023842 -0.001717 0.013924 -0.016975 -0.002154 0.005368 0.084496 -0.018120 0.001717 -0.000572 -0.055505 -0.036431 0.013161 -0.317578 0.094034 -0.008583 -0.001717
1757664954.842310 -0.042916 0.007820 -0.002480 -0.003242 0.014517 -0.001358 -0.023842 -0.001717 0.013924 -0.016975 -0.002154 0.005368 0.084496 -0.018120 0.001717 -0.000572 -0.055505 -0.036431 0.013161 -0.317578 0.094034 -0.008583 -0.001717
1757664954.844286 -0.042916 0.007820 -0.002480 -0.003242 0.014517 -0.001358 -0.023842 -0.001717 0.013924 -0.016975 -0.002154 0.005368 0.084115 -0.018120 0.001717 -0.000572 -0.055505 -0.036431 0.013161 -0.317578 0.094034 -0.008583 -0.001717
1757664954.846303 -0.042916 0.007820 -0.002480 -0.003242 0.014517 -0.001358 -0.023842 -0.001717 0.013924 -0.016975 -0.002154 0.005368 0.084115 -0.018120 0.001717 -0.000572 -0.055505 -0.036431 0.013161 -0.317578 0.094034 -0.008583 -0.001717
1757664954.848276 -0.042916 0.007820 -0.002480 -0.003242 0.014517 -0.001358 -0.023842 -0.001717 0.013924 -0.016975 -0.002154 0.005368 0.084496 -0.018120 0.001717 -0.000572 -0.055505 -0.036431 0.013161 -0.317578 0.094034 -0.008583 -0.001717
1757664954.850291 -0.042916 0.007820 -0.002480 -0.003242 0.014517 -0.001358 -0.023842 -0.001717 0.013924 -0.016975 -0.002154 0.005368 0.084496 -0.018120 0.001717 -0.000572 -0.055505 -0.036431 0.013161 -0.317578 0.094034 -0.008583 -0.001717
1757664954.852288 -0.042916 0.007820 -0.002480 -0.003242 0.014517 -0.001358 -0.023842 -0.001717 0.013924 -0.016975 -0.002154 0.005368 0.084115 -0.018120 0.001717 -0.000572 -0.055505 -0.036431 0.013161 -0.317578 0.094034 -0.008583 -0.001717
1757664954.854295 -0.042916 0.007820 -0.002480 -0.003242 0.014517 -0.001358 -0.023842 -0.001717 0.013924 -0.016975 -0.002154 0.005368 0.084496 -0.018120 0.001717 -0.000572 -0.055505 -0.036431 0.013161 -0.317578 0.094034 -0.008583 -0.001717
1757664954.856287 -0.042916 0.007820 -0.002480 -0.003242 0.014517 -0.001358 -0.023842 -0.001717 0.013924 -0.016975 -0.002154 0.005368 0.084496 -0.018120 0.001717 -0.000572 -0.055505 -0.036431 0.013161 -0.317578 0.094034 -0.008583 -0.001717
1757664954.858344 -0.042916 0.007820 -0.002480 -0.003242 0.014517 -0.001358 -0.023842 -0.001717 0.013924 -0.016975 -0.002154 0.005368 0.084115 -0.018120 0.001717 -0.000572 -0.055505 -0.036431 0.013161 -0.317578 0.094034 -0.008583 -0.001717
1757664954.860387 -0.042916 0.007820 -0.002480 -0.003242 0.014517 -0.001358 -0.023842 -0.001717 0.013924 -0.016975 -0.002154 0.005368 0.084496 -0.018120 0.001717 -0.000572 -0.055505 -0.036431 0.013161 -0.317578 0.094034 -0.008583 -0.001717
1757664954.862306 -0.042916 0.007820 -0.002480 -0.003242 0.014517 -0.001358 -0.023842 -0.001717 0.013924 -0.016975 -0.002154 0.005368 0.084115 -0.018120 0.001717 -0.000572 -0.055505 -0.036431 0.013161 -0.317578 0.094034 -0.008583 -0.001717
1757664954.864316 -0.042916 0.007820 -0.002480 -0.003242 0.014517 -0.001358 -0.023842 -0.001717 0.013924 -0.016975 -0.002154 0.005368 0.084115 -0.018120 0.001717 -0.000572 -0.055505 -0.036431 0.013161 -0.317578 0.094034 -0.008583 -0.001717
1757664954.866305 -0.042916 0.007820 -0.002480 -0.003242 0.014517 -0.001358 -0.023842 -0.001717 0.013924 -0.016975 -0.002154 0.005368 0.084496 -0.018120 0.001717 -0.000572 -0.055505 -0.036431 0.013161 -0.317578 0.094034 -0.008583 -0.001717
1757664954.868301 -0.042916 0.007820 -0.002480 -0.003242 0.014517 -0.001358 -0.023842 -0.001717 0.013924 -0.016975 -0.002154 0.005368 0.084496 -0.018120 0.001717 -0.000572 -0.055505 -0.036431 0.013161 -0.317578 0.094034 -0.008583 -0.001717
1757664954.870312 -0.042916 0.007820 -0.002480 -0.003242 0.014517 -0.001358 -0.023842 -0.001717 0.013924 -0.016975 -0.002154 0.005368 0.084496 -0.018120 0.001717 -0.000572 -0.055505 -0.036431 0.013161 -0.317578 0.094034 -0.008583 -0.001717
1757664954.872308 -0.042916 0.007820 -0.002480 -0.003242 0.014517 -0.001358 -0.023842 -0.001717 0.013924 -0.016975 -0.002154 0.005368 0.084496 -0.018120 0.001717 -0.000572 -0.055505 -0.036431 0.013161 -0.317578 0.094034 -0.008583 -0.001717
1757664954.874309 -0.042916 0.007820 -0.002480 -0.003242 0.014517 -0.001358 -0.023842 -0.001717 0.013924 -0.016975 -0.002154 0.005368 0.084496 -0.018120 0.001717 -0.000572 -0.055505 -0.036431 0.013161 -0.317578 0.094034 -0.008583 -0.001717
1757664954.876301 -0.042916 0.007820 -0.002480 -0.003242 0.014517 -0.001358 -0.023842 -0.001717 0.013924 -0.016975 -0.002154 0.005368 0.084496 -0.018120 0.001717 -0.000572 -0.055505 -0.036431 0.013161 -0.317578 0.094034 -0.008583 -0.001717
1757664954.878293 -0.042916 0.007820 -0.002480 -0.003242 0.014517 -0.001358 -0.023842 -0.001717 0.013924 -0.016975 -0.002154 0.005368 0.084496 -0.018120 0.001717 -0.000572 -0.055505 -0.036431 0.013161 -0.317578 0.094034 -0.008583 -0.001717
1757664954.880301 -0.042916 0.007820 -0.002480 -0.003242 0.014517 -0.001358 -0.023842 -0.001717 0.013924 -0.016975 -0.002154 0.005368 0.084115 -0.018120 0.001717 -0.000572 -0.055505 -0.036431 0.013161 -0.317578 0.094034 -0.008583 -0.001717
1757664954.882302 -0.042916 0.007820 -0.002480 -0.003242 0.014517 -0.001358 -0.023842 -0.001717 0.013924 -0.016975 -0.002154 0.005368 0.084496 -0.018120 0.001717 -0.000572 -0.055505 -0.036431 0.013161 -0.317578 0.094034 -0.008583 -0.001717
1757664954.884303 -0.042916 0.007820 -0.002480 -0.003242 0.014517 -0.001358 -0.023842 -0.001717 0.013924 -0.016975 -0.002154 0.005368 0.084496 -0.018120 0.001717 -0.000572 -0.055505 -0.036431 0.013161 -0.317578 0.094034 -0.008583 -0.001717
1757664954.886299 -0.042916 0.007820 -0.002480 -0.003242 0.014517 -0.001358 -0.023842 -0.001717 0.013924 -0.016975 -0.002154 0.005368 0.084496 -0.018120 0.001717 -0.000572 -0.055505 -0.036431 0.013161 -0.317578 0.094034 -0.008583 -0.001717
1757664954.888285 -0.042916 0.007820 -0.002480 -0.003242 0.014517 -0.001358 -0.023842 -0.001717 0.013924 -0.016975 -0.002154 0.005368 0.084496 -0.018120 0.001717 -0.000572 -0.055505 -0.036431 0.013161 -0.317578 0.094034 -0.008583 -0.001717
1757664954.890281 -0.042916 0.007820 -0.002480 -0.003242 0.014517 -0.001358 -0.023842 -0.001717 0.013924 -0.016975 -0.002154 0.005368 0.084496 -0.018120 0.001717 -0.000572 -0.055505 -0.036431 0.013161 -0.317578 0.094034 -0.008583 -0.001717
1757664954.892343 -0.042916 0.007820 -0.002480 -0.003242 0.014517 -0.001358 -0.023842 -0.001717 0.013924 -0.016975 -0.002154 0.005368 0.084496 -0.018120 0.001717 -0.000572 -0.055505 -0.036431 0.013161 -0.317578 0.094034 -0.008583 -0.001717
1757664954.894327 -0.042916 0.007820 -0.002480 -0.003242 0.014517 -0.001358 -0.023842 -0.001717 0.013924 -0.016975 -0.002154 0.005368 0.084496 -0.018120 0.001717 -0.000572 -0.055505 -0.036431 0.013161 -0.317578 0.094034 -0.008583 -0.001717
1757664954.896306 -0.042916 0.007820 -0.002480 -0.003242 0.014517 -0.001358 -0.023842 -0.001717 0.013924 -0.016975 -0.002154 0.005368 0.084496 -0.018120 0.001717 -0.000572 -0.055505 -0.036431 0.013161 -0.317578 0.094034 -0.008583 -0.001717
1757664954.898291 -0.042916 0.007820 -0.002480 -0.003242 0.014517 -0.001358 -0.023842 -0.001717 0.013924 -0.016975 -0.002154 0.005368 0.084496 -0.018120 0.001717 -0.000572 -0.055505 -0.036431 0.013161 -0.317578 0.094034 -0.008583 -0.001717
1757664954.900288 -0.042916 0.007820 -0.002480 -0.003242 0.014517 -0.001358 -0.023842 -0.001717 0.013924 -0.016975 -0.002154 0.005368 0.084496 -0.018120 0.001717 -0.000572 -0.055505 -0.036431 0.013161 -0.317578 0.094034 -0.008583 -0.001717
1757664954.902267 -0.042916 0.007820 -0.002480 -0.003242 0.014517 -0.001358 -0.023842 -0.001717 0.013924 -0.016975 -0.002154 0.005368 0.084496 -0.018120 0.001717 -0.000572 -0.055505 -0.036431 0.013161 -0.317578 0.094034 -0.008583 -0.001717
1757664954.904264 -0.042916 0.007820 -0.002480 -0.003242 0.014517 -0.001358 -0.023842 -0.001717 0.013924 -0.016975 -0.002154 0.005368 0.084115 -0.018120 0.001717 -0.000572 -0.055505 -0.036431 0.013161 -0.317578 0.094034 -0.008583 -0.001717
1757664954.906267 -0.042916 0.007820 -0.002480 -0.003242 0.014517 -0.001358 -0.023842 -0.001717 0.013924 -0.016975 -0.002154 0.005368 0.084496 -0.018120 0.001717 -0.000572 -0.055505 -0.036431 0.013161 -0.317578 0.094034 -0.008583 -0.001717
1757664954.908283 -0.042916 0.007820 -0.002480 -0.003242 0.014517 -0.001358 -0.023842 -0.001717 0.013924 -0.016975 -0.002154 0.005368 0.084496 -0.018120 0.001717 -0.000572 -0.055505 -0.036431 0.013161 -0.317578 0.094034 -0.008583 -0.001717
1757664954.910269 -0.042916 0.007820 -0.002480 -0.003242 0.014517 -0.001358 -0.023842 -0.001717 0.013924 -0.016975 -0.002154 0.005368 0.084496 -0.018120 0.001717 -0.000572 -0.055505 -0.036431 0.013161 -0.317578 0.094034 -0.008583 -0.001717
1757664954.912266 -0.042916 0.007820 -0.002480 -0.003242 0.014517 -0.001358 -0.023842 -0.001717 0.013924 -0.016975 -0.002154 0.005368 0.084115 -0.018120 0.001717 -0.000572 -0.055505 -0.036431 0.013161 -0.317578 0.094034 -0.008583 -0.001717
1757664954.914290 -0.042916 0.007820 -0.002480 -0.003242 0.014517 -0.001358 -0.023842 -0.001717 0.013924 -0.016975 -0.002154 0.005368 0.084496 -0.018120 0.001717 -0.000572 -0.055505 -0.036431 0.013161 -0.317578 0.094034 -0.008583 -0.001717
1757664954.916269 -0.042916 0.007820 -0.002480 -0.003242 0.014517 -0.001358 -0.023842 -0.001717 0.013924 -0.016975 -0.002154 0.005368 0.084496 -0.018120 0.001717 -0.000572 -0.055505 -0.036431 0.013161 -0.317578 0.094034 -0.008583 -0.001717
1757664954.918282 -0.042916 0.007820 -0.002480 -0.003242 0.014517 -0.001358 -0.023842 -0.001717 0.013924 -0.016975 -0.002154 0.005368 0.084496 -0.018120 0.001717 -0.000572 -0.055505 -0.036431 0.013161 -0.317578 0.094034 -0.008583 -0.001717
1757664954.920271 -0.042916 0.007820 -0.002480 -0.003242 0.014517 -0.001358 -0.023842 -0.001717 0.013924 -0.016975 -0.002154 0.005368 0.084496 -0.018120 0.001717 -0.000572 -0.055505 -0.036431 0.013161 -0.317578 0.094034 -0.008583 -0.001717
1757664954.922306 -0.042916 0.007820 -0.002480 -0.003242 0.014517 -0.001358 -0.023842 -0.001717 0.013924 -0.016975 -0.002154 0.005368 0.084115 -0.018120 0.001717 -0.000572 -0.055505 -0.036431 0.013161 -0.317578 0.094034 -0.008583 -0.001717
1757664954.924301 -0.042916 0.007820 -0.002480 -0.003242 0.014517 -0.001358 -0.023842 -0.001717 0.013924 -0.016975 -0.002154 0.005368 0.084496 -0.018120 0.001717 -0.000572 -0.055505 -0.036431 0.013161 -0.317578 0.094034 -0.008583 -0.001717
1757664954.926295 -0.042916 0.007820 -0.002480 -0.003242 0.014517 -0.001358 -0.023842 -0.001717 0.013924 -0.016975 -0.002154 0.005368 0.084496 -0.018120 0.001717 -0.000572 -0.055505 -0.036431 0.013161 -0.317578 0.094034 -0.008583 -0.001717
1757664954.928319 -0.042916 0.007820 -0.002480 -0.003242 0.014517 -0.001358 -0.023842 -0.001717 0.013924 -0.016975 -0.002154 0.005368 0.084496 -0.018120 0.001717 -0.000572 -0.055505 -0.036431 0.013161 -0.317578 0.094034 -0.008583 -0.001717
1757664954.930278 -0.042916 0.007820 -0.002480 -0.003242 0.014517 -0.001358 -0.023842 -0.001717 0.013924 -0.016975 -0.002154 0.005368 0.084496 -0.018120 0.001717 -0.000572 -0.055505 -0.036431 0.013161 -0.317578 0.094034 -0.008583 -0.001717
1757664954.932296 -0.042916 0.007820 -0.002480 -0.003242 0.014517 -0.001358 -0.023842 -0.001717 0.013924 -0.016975 -0.002154 0.005368 0.084115 -0.018120 0.001717 -0.000572 -0.055505 -0.036431 0.013161 -0.317578 0.094034 -0.008583 -0.001717
1757664954.934321 -0.042916 0.007820 -0.002480 -0.003242 0.014517 -0.001358 -0.023842 -0.001717 0.013924 -0.016975 -0.002154 0.005368 0.084115 -0.018120 0.001717 -0.000572 -0.055505 -0.036431 0.013161 -0.317578 0.094034 -0.008583 -0.001717
1757664954.936275 -0.042916 0.007820 -0.002480 -0.003242 0.014517 -0.001358 -0.023842 -0.001717 0.013924 -0.016975 -0.002154 0.005368 0.084496 -0.018120 0.001717 -0.000572 -0.055505 -0.036431 0.013161 -0.317578 0.094034 -0.008583 -0.001717
1757664954.938278 -0.042916 0.007820 -0.002480 -0.003242 0.014517 -0.001358 -0.023842 -0.001717 0.013924 -0.016975 -0.002154 0.005368 0.084115 -0.018120 0.001717 -0.000572 -0.055505 -0.036431 0.013161 -0.317578 0.094034 -0.008583 -0.001717
1757664954.940270 -0.042916 0.007820 -0.002480 -0.003242 0.014517 -0.001358 -0.023842 -0.001717 0.013924 -0.016975 -0.002154 0.005368 0.084496 -0.018120 0.001717 -0.000572 -0.055505 -0.036431 0.013161 -0.317578 0.094034 -0.008583 -0.001717
1757664954.942289 -0.042916 0.007820 -0.002480 -0.003242 0.014517 -0.001358 -0.023842 -0.001717 0.013924 -0.016975 -0.002154 0.005368 0.084115 -0.018120 0.001717 -0.000572 -0.055505 -0.036431 0.013161 -0.317578 0.094034 -0.008583 -0.001717
1757664954.944271 -0.042916 0.007820 -0.002480 -0.003242 0.014517 -0.001358 -0.023842 -0.001717 0.013924 -0.016975 -0.002154 0.005368 0.084496 -0.018120 0.001717 -0.000572 -0.055505 -0.036431 0.013161 -0.317578 0.094034 -0.008583 -0.001717
1757664954.946279 -0.042916 0.007820 -0.002480 -0.003242 0.014517 -0.001358 -0.023842 -0.001717 0.013924 -0.016975 -0.002154 0.005368 0.084496 -0.018120 0.001717 -0.000572 -0.055505 -0.036431 0.013161 -0.317578 0.094034 -0.008583 -0.001717
1757664954.948291 -0.042916 0.007820 -0.002480 -0.003242 0.014517 -0.001358 -0.023842 -0.001717 0.013924 -0.016975 -0.002154 0.005368 0.084115 -0.018120 0.001717 -0.000572 -0.055505 -0.036431 0.013161 -0.317578 0.094034 -0.008583 -0.001717
1757664954.950274 -0.042916 0.007820 -0.002480 -0.003242 0.014517 -0.001358 -0.023842 -0.001717 0.013924 -0.016975 -0.002154 0.005368 0.084496 -0.018120 0.001717 -0.000572 -0.055505 -0.036431 0.013161 -0.317578 0.094034 -0.008583 -0.001717
1757664954.952269 -0.042916 0.007820 -0.002480 -0.003242 0.014517 -0.001358 -0.023842 -0.001717 0.013924 -0.016975 -0.002154 0.005368 0.084115 -0.018120 0.001717 -0.000572 -0.055505 -0.036431 0.013161 -0.317578 0.094034 -0.008583 -0.001717
1757664954.954271 -0.042916 0.008202 -0.002480 -0.003242 0.014517 -0.001358 -0.023842 -0.001717 0.013924 -0.016975 -0.002154 0.005368 0.084496 -0.018120 0.001717 -0.000572 -0.055505 -0.036431 0.013161 -0.317578 0.094034 -0.008583 -0.001717
1757664954.956310 -0.042916 0.007820 -0.002480 -0.003242 0.014517 -0.001358 -0.023842 -0.001717 0.013924 -0.016975 -0.002154 0.005368 0.084115 -0.018120 0.001717 -0.000572 -0.055505 -0.036431 0.013161 -0.317578 0.094034 -0.008583 -0.001717
1757664954.958276 -0.042916 0.007820 -0.002480 -0.003242 0.014517 -0.001358 -0.023842 -0.001717 0.013924 -0.016975 -0.002154 0.005368 0.084496 -0.018120 0.001717 -0.000572 -0.055505 -0.036431 0.013161 -0.317578 0.094034 -0.008583 -0.001717
1757664954.960280 -0.042916 0.007820 -0.002480 -0.003242 0.014517 -0.001358 -0.023842 -0.001717 0.013924 -0.016975 -0.002154 0.005368 0.084115 -0.018120 0.001717 -0.000572 -0.055505 -0.036431 0.013161 -0.317578 0.094034 -0.008583 -0.001717
1757664954.962284 -0.042916 0.008202 -0.002480 -0.003242 0.014517 -0.001358 -0.023842 -0.001717 0.013924 -0.016975 -0.002154 0.005368 0.084115 -0.018120 0.001717 -0.000572 -0.055505 -0.036431 0.013542 -0.317578 0.094034 -0.008583 -0.001717
1757664954.964264 -0.042916 0.007820 -0.002480 -0.003242 0.014517 -0.001358 -0.023842 -0.001717 0.013924 -0.016975 -0.002154 0.005368 0.084115 -0.018120 0.001717 -0.000572 -0.055505 -0.036431 0.013161 -0.317578 0.094034 -0.008583 -0.001717
1757664954.966264 -0.042916 0.008202 -0.002480 -0.003242 0.014517 -0.001358 -0.023842 -0.001717 0.013924 -0.016975 -0.002154 0.005368 0.084115 -0.018120 0.001717 -0.000572 -0.055505 -0.036431 0.013161 -0.317578 0.094034 -0.008583 -0.001717
1757664954.968260 -0.042916 0.007820 -0.002480 -0.003242 0.014517 -0.001358 -0.023842 -0.001717 0.013924 -0.016975 -0.002154 0.005368 0.084115 -0.018120 0.001717 -0.000572 -0.055505 -0.036431 0.013161 -0.317578 0.094034 -0.008583 -0.001717
1757664954.970277 -0.042916 0.008202 -0.002480 -0.003242 0.014517 -0.001358 -0.023842 -0.001717 0.013924 -0.016975 -0.002154 0.005368 0.084115 -0.018120 0.001717 -0.000572 -0.055505 -0.036431 0.013161 -0.317578 0.094034 -0.008583 -0.001717
1757664954.972262 -0.042916 0.007820 -0.002480 -0.003242 0.014517 -0.001358 -0.023842 -0.001717 0.013924 -0.016975 -0.002154 0.005368 0.084115 -0.018120 0.001717 -0.000572 -0.055505 -0.036431 0.013161 -0.317578 0.094034 -0.008583 -0.001717
1757664954.974262 -0.042916 0.007820 -0.002480 -0.003242 0.014517 -0.001358 -0.023842 -0.001717 0.013924 -0.016975 -0.002154 0.005368 0.084115 -0.018120 0.001717 -0.000572 -0.055505 -0.036431 0.013161 -0.317578 0.094034 -0.008583 -0.001717
1757664954.976284 -0.042916 0.007820 -0.002480 -0.003242 0.014517 -0.001358 -0.023842 -0.001717 0.013924 -0.016975 -0.002154 0.005368 0.084115 -0.018120 0.001717 -0.000572 -0.055505 -0.036431 0.013161 -0.317578 0.094034 -0.008583 -0.001717
1757664954.978267 -0.042916 0.007820 -0.002480 -0.003242 0.014517 -0.001358 -0.023842 -0.001717 0.013924 -0.016975 -0.002154 0.005368 0.084115 -0.018120 0.001717 -0.000572 -0.055505 -0.036431 0.013161 -0.317578 0.094034 -0.008583 -0.001717
1757664954.980272 -0.042916 0.007820 -0.002480 -0.003242 0.014517 -0.001358 -0.023842 -0.001717 0.013924 -0.016975 -0.002154 0.005368 0.084115 -0.018120 0.001717 -0.000572 -0.055505 -0.036431 0.013161 -0.317578 0.094034 -0.008583 -0.001717
1757664954.982280 -0.042916 0.007820 -0.002480 -0.003242 0.014517 -0.001358 -0.023842 -0.001717 0.013924 -0.016975 -0.002154 0.005368 0.084115 -0.018120 0.001717 -0.000572 -0.055505 -0.036431 0.013161 -0.317578 0.094034 -0.008583 -0.001717
1757664954.984287 -0.042916 0.007820 -0.002480 -0.003242 0.014517 -0.001358 -0.023842 -0.001717 0.013924 -0.016975 -0.002154 0.005368 0.084115 -0.018120 0.001717 -0.000572 -0.055505 -0.036431 0.013161 -0.317578 0.094034 -0.008583 -0.001717
1757664954.986269 -0.042916 0.007820 -0.002480 -0.003242 0.014517 -0.001358 -0.023842 -0.001717 0.013924 -0.016975 -0.002154 0.005368 0.084115 -0.018120 0.001717 -0.000572 -0.055505 -0.036431 0.013161 -0.317578 0.094034 -0.008583 -0.001717
1757664954.988316 -0.042916 0.007820 -0.002480 -0.003242 0.014517 -0.001358 -0.023842 -0.001717 0.013924 -0.016975 -0.002154 0.005368 0.084115 -0.018120 0.001717 -0.000572 -0.055505 -0.036431 0.013161 -0.317578 0.094034 -0.008583 -0.001717
1757664954.990338 -0.042916 0.008202 -0.002480 -0.003242 0.014517 -0.001358 -0.023842 -0.001717 0.013924 -0.016975 -0.002154 0.005368 0.084115 -0.018120 0.001717 -0.000572 -0.055505 -0.036431 0.013161 -0.317578 0.094034 -0.008583 -0.001717
1757664954.992320 -0.042916 0.007820 -0.002480 -0.003242 0.014517 -0.001358 -0.023842 -0.001717 0.013924 -0.016975 -0.002154 0.005368 0.084496 -0.018120 0.001717 -0.000572 -0.055505 -0.036431 0.013161 -0.317578 0.094034 -0.008583 -0.001717
1757664954.994307 -0.042916 0.007820 -0.002480 -0.003242 0.014517 -0.001358 -0.023842 -0.001717 0.013924 -0.016975 -0.002154 0.005368 0.084115 -0.018120 0.001717 -0.000572 -0.055505 -0.036431 0.013542 -0.317578 0.094034 -0.008583 -0.001717
1757664954.996307 -0.042916 0.008202 -0.002480 -0.003242 0.014517 -0.001358 -0.023842 -0.001717 0.013924 -0.016975 -0.002154 0.005368 0.084496 -0.018120 0.001717 -0.000572 -0.055505 -0.036431 0.013161 -0.317578 0.094034 -0.008583 -0.001717
1757664954.998310 -0.042916 0.007820 -0.002480 -0.003242 0.014517 -0.001358 -0.023842 -0.001717 0.013924 -0.016975 -0.002154 0.005368 0.084115 -0.018120 0.001717 -0.000572 -0.055505 -0.036431 0.013161 -0.317578 0.094034 -0.008583 -0.001717
1757664955.000295 -0.042916 0.008202 -0.002480 -0.003242 0.014517 -0.001358 -0.023842 -0.001717 0.013924 -0.016975 -0.002154 0.005368 0.084496 -0.018120 0.001717 -0.000572 -0.055505 -0.036431 0.013161 -0.317578 0.094034 -0.008583 -0.001717
1757664955.002270 -0.042916 0.007820 -0.002480 -0.003242 0.014517 -0.001358 -0.023842 -0.001717 0.013924 -0.016975 -0.002154 0.005368 0.084496 -0.018120 0.001717 -0.000572 -0.055505 -0.036431 0.013161 -0.317578 0.094034 -0.008583 -0.001717
1757664955.004297 -0.042916 0.007820 -0.002480 -0.003242 0.014517 -0.001358 -0.023842 -0.001717 0.013924 -0.016975 -0.002154 0.005368 0.084115 -0.018120 0.001717 -0.000572 -0.055505 -0.036431 0.013161 -0.317578 0.094034 -0.008583 -0.001717
1757664955.006265 -0.042916 0.008202 -0.002480 -0.003242 0.014517 -0.001358 -0.023842 -0.001717 0.013924 -0.016975 -0.002154 0.005368 0.084496 -0.018120 0.001717 -0.000572 -0.055505 -0.036431 0.013542 -0.317578 0.094034 -0.008583 -0.001717
1757664955.008266 -0.042916 0.007820 -0.002480 -0.003242 0.014517 -0.001358 -0.023842 -0.001717 0.013924 -0.016975 -0.002154 0.005368 0.084115 -0.018120 0.001717 -0.000572 -0.055505 -0.036431 0.013161 -0.317578 0.094034 -0.008583 -0.001717
1757664955.010262 -0.042916 0.007820 -0.002480 -0.003242 0.014517 -0.001358 -0.023842 -0.001717 0.013924 -0.016975 -0.002154 0.005368 0.084115 -0.018120 0.001717 -0.000572 -0.055505 -0.036431 0.013161 -0.317578 0.094034 -0.008583 -0.001717
1757664955.012316 -0.042916 0.007820 -0.002480 -0.003242 0.014517 -0.001358 -0.023842 -0.001717 0.013924 -0.016975 -0.002154 0.005368 0.084115 -0.018120 0.001717 -0.000572 -0.055505 -0.036431 0.013161 -0.317578 0.094034 -0.008583 -0.001717
1757664955.014296 -0.042916 0.007820 -0.002480 -0.003242 0.014517 -0.001358 -0.023842 -0.001717 0.013924 -0.016975 -0.002154 0.005368 0.084115 -0.018120 0.001717 -0.000572 -0.055505 -0.036431 0.013161 -0.317578 0.094034 -0.008583 -0.001717
1757664955.016279 -0.042916 0.007820 -0.002480 -0.003242 0.014517 -0.001358 -0.023842 -0.001717 0.013924 -0.016975 -0.002154 0.005368 0.084115 -0.018120 0.001717 -0.000572 -0.055505 -0.036431 0.013161 -0.317578 0.094034 -0.008583 -0.001717
1757664955.018355 -0.042916 0.007820 -0.002480 -0.003242 0.014517 -0.001358 -0.023842 -0.001717 0.013924 -0.016975 -0.002154 0.005368 0.084115 -0.018120 0.001717 -0.000572 -0.055505 -0.036431 0.013161 -0.317578 0.094034 -0.008583 -0.001717
1757664955.020281 -0.042916 0.007820 -0.002480 -0.003242 0.014517 -0.001358 -0.023842 -0.001717 0.013924 -0.016975 -0.002154 0.005368 0.084115 -0.018120 0.001717 -0.000572 -0.055505 -0.036431 0.013161 -0.317578 0.094034 -0.008583 -0.001717
1757664955.022269 -0.042916 0.007820 -0.002480 -0.003242 0.014517 -0.001358 -0.023842 -0.001717 0.013924 -0.016975 -0.002154 0.005368 0.084496 -0.018120 0.001717 -0.000572 -0.055505 -0.036431 0.013542 -0.317578 0.094034 -0.008583 -0.001717
1757664955.024271 -0.042916 0.007820 -0.002480 -0.003242 0.014517 -0.001358 -0.023842 -0.001717 0.013924 -0.016975 -0.002154 0.005368 0.084115 -0.018120 0.001717 -0.000572 -0.055505 -0.036431 0.013161 -0.317578 0.094034 -0.008583 -0.001717
1757664955.026282 -0.042916 0.007820 -0.002480 -0.003242 0.014517 -0.001358 -0.023842 -0.001717 0.013924 -0.016975 -0.002154 0.005368 0.084115 -0.018120 0.001717 -0.000572 -0.055505 -0.036431 0.013542 -0.317578 0.094034 -0.008583 -0.001717
1757664955.028270 -0.042916 0.007820 -0.002480 -0.003242 0.014517 -0.001358 -0.023842 -0.001717 0.013924 -0.016975 -0.002154 0.005368 0.084496 -0.018120 0.001717 -0.000572 -0.055505 -0.036431 0.013542 -0.317578 0.094034 -0.008583 -0.001717
1757664955.030259 -0.042916 0.007820 -0.002480 -0.003242 0.014517 -0.001358 -0.023842 -0.001717 0.013924 -0.016975 -0.002154 0.005368 0.084115 -0.018120 0.001717 -0.000572 -0.055505 -0.036431 0.013542 -0.317578 0.094034 -0.008583 -0.001717
1757664955.032283 -0.042916 0.007820 -0.002480 -0.003242 0.014517 -0.001358 -0.023842 -0.001717 0.013924 -0.016975 -0.002154 0.005368 0.084496 -0.018120 0.001717 -0.000572 -0.055505 -0.036431 0.013542 -0.317578 0.094034 -0.008583 -0.001717
1757664955.034268 -0.042916 0.007820 -0.002480 -0.003242 0.014517 -0.001358 -0.023842 -0.001717 0.013924 -0.016975 -0.002154 0.005368 0.084496 -0.018120 0.001717 -0.000572 -0.055505 -0.036431 0.013542 -0.317578 0.094034 -0.008583 -0.001717
1757664955.036267 -0.042916 0.007820 -0.002480 -0.003242 0.014517 -0.001358 -0.023842 -0.001717 0.013924 -0.016975 -0.002154 0.005368 0.084115 -0.018120 0.001717 -0.000572 -0.055505 -0.036431 0.013542 -0.317578 0.094034 -0.008583 -0.001717
1757664955.038266 -0.042916 0.007820 -0.002480 -0.003242 0.014517 -0.001358 -0.023842 -0.001717 0.013924 -0.016975 -0.002154 0.005368 0.084496 -0.018120 0.001717 -0.000572 -0.055505 -0.036431 0.013542 -0.317578 0.094034 -0.008583 -0.001717
1757664955.040278 -0.042916 0.007820 -0.002480 -0.003242 0.014517 -0.001358 -0.023842 -0.001717 0.013924 -0.016975 -0.002154 0.005368 0.084115 -0.018120 0.001717 -0.000572 -0.055505 -0.036431 0.013542 -0.317578 0.094034 -0.008583 -0.001717
1757664955.042267 -0.042916 0.007820 -0.002480 -0.003242 0.014517 -0.001358 -0.023842 -0.001717 0.013924 -0.016975 -0.002154 0.005368 0.084115 -0.018120 0.001717 -0.000572 -0.055505 -0.036431 0.013542 -0.317578 0.094034 -0.008583 -0.001717
1757664955.044265 -0.042916 0.007820 -0.002480 -0.003242 0.014517 -0.001358 -0.023842 -0.001717 0.013924 -0.016975 -0.002154 0.005368 0.084496 -0.018120 0.001717 -0.000572 -0.055505 -0.036431 0.013542 -0.317578 0.094034 -0.008583 -0.001717
1757664955.046278 -0.042916 0.007820 -0.002480 -0.003242 0.014517 -0.001358 -0.023842 -0.001717 0.013924 -0.016975 -0.002154 0.005368 0.084115 -0.018120 0.001717 -0.000572 -0.055505 -0.036431 0.013542 -0.317578 0.094034 -0.008583 -0.001717
1757664955.048268 -0.042916 0.007820 -0.002480 -0.003242 0.014517 -0.001358 -0.023842 -0.001717 0.013924 -0.016975 -0.002154 0.005368 0.084115 -0.018120 0.001717 -0.000572 -0.055505 -0.036431 0.013542 -0.317578 0.094034 -0.008583 -0.001717
1757664955.050275 -0.042916 0.007820 -0.002480 -0.003242 0.014517 -0.001358 -0.023842 -0.001717 0.013924 -0.016975 -0.002154 0.005368 0.084115 -0.018120 0.001717 -0.000572 -0.055505 -0.036431 0.013542 -0.317578 0.094034 -0.008583 -0.001717
1757664955.052338 -0.042916 0.007820 -0.002480 -0.003242 0.014517 -0.001358 -0.023842 -0.001717 0.013924 -0.016975 -0.002154 0.005368 0.084496 -0.018120 0.001717 -0.000572 -0.055505 -0.036431 0.013542 -0.317578 0.094034 -0.008583 -0.001717
1757664955.054303 -0.042916 0.007820 -0.002480 -0.003242 0.014517 -0.001358 -0.023842 -0.001717 0.013924 -0.016975 -0.002154 0.005368 0.084115 -0.018120 0.001717 -0.000572 -0.055505 -0.036431 0.013542 -0.317578 0.094034 -0.008583 -0.001717
1757664955.056269 -0.042916 0.007820 -0.002480 -0.003242 0.014517 -0.001358 -0.023842 -0.001717 0.013924 -0.016975 -0.002154 0.005368 0.084496 -0.018120 0.001717 -0.000572 -0.055505 -0.036431 0.013542 -0.317578 0.094034 -0.008583 -0.001717
1757664955.058267 -0.042916 0.007820 -0.002480 -0.003242 0.014517 -0.001358 -0.023842 -0.001717 0.013924 -0.016975 -0.002154 0.005368 0.084115 -0.018120 0.001717 -0.000572 -0.055505 -0.036431 0.013542 -0.317578 0.094034 -0.008583 -0.001717
1757664955.060280 -0.042916 0.007820 -0.002480 -0.003242 0.014517 -0.001358 -0.023842 -0.001717 0.013924 -0.016975 -0.002154 0.005368 0.084115 -0.018120 0.001717 -0.000572 -0.055505 -0.036431 0.013542 -0.317578 0.094034 -0.008583 -0.001717
1757664955.062265 -0.042916 0.007820 -0.002480 -0.003242 0.014517 -0.001358 -0.023842 -0.001717 0.013924 -0.016975 -0.002154 0.005368 0.084115 -0.018120 0.001717 -0.000572 -0.055505 -0.036431 0.013542 -0.317578 0.094034 -0.008583 -0.001717
1757664955.064266 -0.042916 0.007820 -0.002480 -0.003242 0.014517 -0.001358 -0.023842 -0.001717 0.013924 -0.016975 -0.002154 0.005368 0.084115 -0.018120 0.001717 -0.000572 -0.055505 -0.036431 0.013542 -0.317578 0.094034 -0.008583 -0.001717
1757664955.066268 -0.042916 0.007820 -0.002480 -0.003242 0.014517 -0.001358 -0.023842 -0.001717 0.013924 -0.016975 -0.002154 0.005368 0.084115 -0.018120 0.001717 -0.000572 -0.055505 -0.036431 0.013542 -0.317578 0.094034 -0.008583 -0.001717
1757664955.068305 -0.042916 0.007820 -0.002480 -0.003242 0.014517 -0.001358 -0.023842 -0.001717 0.013924 -0.016975 -0.002154 0.005368 0.084115 -0.018120 0.001717 -0.000572 -0.055505 -0.036431 0.013542 -0.317578 0.094034 -0.008583 -0.001717
1757664955.070284 -0.042916 0.007820 -0.002480 -0.003242 0.014517 -0.001358 -0.023842 -0.001717 0.013924 -0.016975 -0.002154 0.005368 0.084496 -0.018120 0.001717 -0.000572 -0.055505 -0.036431 0.013542 -0.317578 0.094034 -0.008583 -0.001717
1757664955.072275 -0.042916 0.007820 -0.002480 -0.003242 0.014517 -0.001358 -0.023842 -0.001717 0.013924 -0.016975 -0.002154 0.005368 0.084496 -0.018120 0.001717 -0.000572 -0.055505 -0.036431 0.013542 -0.317578 0.094034 -0.008583 -0.001717
1757664955.074280 -0.042916 0.007820 -0.002480 -0.003242 0.014517 -0.001358 -0.023842 -0.001717 0.013924 -0.016975 -0.002154 0.005368 0.084115 -0.018120 0.001717 -0.000572 -0.055505 -0.036431 0.013542 -0.317578 0.094034 -0.008583 -0.001717
1757664955.076269 -0.042916 0.007820 -0.002480 -0.003242 0.014517 -0.001358 -0.023842 -0.001717 0.013924 -0.016975 -0.002154 0.005368 0.084496 -0.018120 0.001717 -0.000572 -0.055505 -0.036431 0.013542 -0.317578 0.094034 -0.008583 -0.001717
1757664955.078269 -0.042916 0.007820 -0.002480 -0.003242 0.014517 -0.001358 -0.023842 -0.001717 0.013924 -0.016975 -0.002154 0.005368 0.084496 -0.018120 0.001717 -0.000572 -0.055505 -0.036431 0.013542 -0.317578 0.094034 -0.008583 -0.001717
1757664955.080266 -0.042916 0.007820 -0.002480 -0.003242 0.014517 -0.001358 -0.023842 -0.001717 0.013924 -0.016975 -0.002154 0.005368 0.084496 -0.018120 0.001717 -0.000572 -0.055505 -0.036431 0.013542 -0.317578 0.094034 -0.008583 -0.001717
1757664955.082271 -0.042916 0.007820 -0.002480 -0.003242 0.014517 -0.001358 -0.023842 -0.001717 0.013924 -0.016975 -0.002154 0.005368 0.084496 -0.018120 0.001717 -0.000572 -0.055505 -0.036431 0.013542 -0.317578 0.094034 -0.008583 -0.001717
1757664955.084267 -0.042916 0.007820 -0.002480 -0.003242 0.014517 -0.001358 -0.023842 -0.001717 0.013924 -0.016975 -0.002154 0.005368 0.084496 -0.018120 0.001717 -0.000572 -0.055505 -0.036431 0.013542 -0.317578 0.094034 -0.008583 -0.001717
1757664955.086268 -0.042916 0.007820 -0.002480 -0.003242 0.014517 -0.001358 -0.023842 -0.001717 0.013924 -0.016975 -0.002154 0.005368 0.084496 -0.018120 0.001717 -0.000572 -0.055505 -0.036431 0.013542 -0.317578 0.094034 -0.008583 -0.001717
1757664955.088285 -0.042916 0.007820 -0.002480 -0.003242 0.014517 -0.001358 -0.023842 -0.001717 0.013924 -0.016975 -0.002154 0.005368 0.084115 -0.018120 0.001717 -0.000572 -0.055505 -0.036431 0.013542 -0.317578 0.094034 -0.008583 -0.001717
1757664955.090276 -0.042916 0.007820 -0.002480 -0.003242 0.014517 -0.001358 -0.023842 -0.001717 0.013924 -0.016975 -0.002154 0.005368 0.084496 -0.018120 0.001717 -0.000572 -0.055505 -0.036431 0.013542 -0.317578 0.094034 -0.008583 -0.001717
1757664955.092268 -0.042916 0.007820 -0.002480 -0.003242 0.014517 -0.001358 -0.023842 -0.001717 0.013924 -0.016975 -0.002154 0.005368 0.084115 -0.018120 0.001717 -0.000572 -0.055505 -0.036431 0.013542 -0.317578 0.094034 -0.008583 -0.001717
1757664955.094270 -0.042916 0.007820 -0.002480 -0.003242 0.014517 -0.001358 -0.023842 -0.001717 0.013924 -0.016975 -0.002154 0.005368 0.084115 -0.018120 0.001717 -0.000572 -0.055505 -0.036431 0.013542 -0.317578 0.094034 -0.008583 -0.001717
1757664955.096266 -0.042916 0.007820 -0.002480 -0.003242 0.014517 -0.001358 -0.023842 -0.001717 0.013924 -0.016975 -0.002154 0.005368 0.084115 -0.018120 0.001717 -0.000572 -0.055505 -0.036431 0.013542 -0.317578 0.094034 -0.008583 -0.001717
1757664955.098284 -0.042916 0.007820 -0.002480 -0.003242 0.014517 -0.001358 -0.023842 -0.001717 0.013924 -0.016975 -0.002154 0.005368 0.084496 -0.018120 0.001717 -0.000572 -0.055505 -0.036431 0.013542 -0.317578 0.094034 -0.008583 -0.001717
1757664955.100267 -0.042916 0.007820 -0.002480 -0.003242 0.014517 -0.001358 -0.023842 -0.001717 0.013924 -0.016975 -0.002154 0.005368 0.084115 -0.018120 0.001717 -0.000572 -0.055505 -0.036431 0.013161 -0.317578 0.094034 -0.008583 -0.001717
1757664955.102276 -0.042916 0.007820 -0.002480 -0.003242 0.014517 -0.001358 -0.023842 -0.001717 0.013924 -0.016975 -0.002154 0.005368 0.084496 -0.018120 0.001717 -0.000572 -0.055505 -0.036431 0.013161 -0.317578 0.094034 -0.008583 -0.001717
1757664955.104277 -0.042916 0.007820 -0.002480 -0.003242 0.014517 -0.001358 -0.023842 -0.001717 0.013924 -0.016975 -0.002154 0.005368 0.084496 -0.018120 0.001717 -0.000572 -0.055505 -0.036431 0.013161 -0.317578 0.094034 -0.008583 -0.001717
1757664955.106267 -0.042916 0.007820 -0.002480 -0.003242 0.014517 -0.001358 -0.023842 -0.001717 0.013924 -0.016975 -0.002154 0.005368 0.084496 -0.018120 0.001717 -0.000572 -0.055505 -0.036431 0.013161 -0.317578 0.094034 -0.008583 -0.001717
1757664955.108274 -0.042916 0.007820 -0.002480 -0.003242 0.014517 -0.001358 -0.023842 -0.001717 0.013924 -0.016975 -0.002154 0.005368 0.084496 -0.018120 0.001717 -0.000572 -0.055505 -0.036431 0.013161 -0.317578 0.094034 -0.008583 -0.001717
1757664955.110266 -0.042916 0.007820 -0.002480 -0.003242 0.014517 -0.001358 -0.023842 -0.001717 0.013924 -0.016975 -0.002154 0.005368 0.084496 -0.018120 0.001717 -0.000572 -0.055505 -0.036431 0.013161 -0.317578 0.094034 -0.008583 -0.001717
1757664955.112361 -0.042916 0.007820 -0.002480 -0.003242 0.014517 -0.001358 -0.023842 -0.001717 0.013924 -0.016975 -0.002154 0.005368 0.084115 -0.018120 0.001717 -0.000572 -0.055505 -0.036431 0.013161 -0.317578 0.094034 -0.008583 -0.001717
1757664955.114276 -0.042916 0.007820 -0.002480 -0.003242 0.014517 -0.001358 -0.023842 -0.001717 0.013924 -0.016975 -0.002154 0.005368 0.084496 -0.018120 0.001717 -0.000572 -0.055505 -0.036431 0.013161 -0.317578 0.094034 -0.008583 -0.001717
1757664955.116285 -0.042916 0.007820 -0.002480 -0.003242 0.014517 -0.001358 -0.023842 -0.001717 0.013924 -0.016975 -0.002154 0.005368 0.084496 -0.018120 0.001717 -0.000572 -0.055505 -0.036813 0.013161 -0.317578 0.094034 -0.008583 -0.001717
1757664955.118271 -0.042916 0.007820 -0.002480 -0.003242 0.014517 -0.001358 -0.023842 -0.001717 0.013924 -0.016975 -0.002154 0.005368 0.084496 -0.018120 0.001717 -0.000572 -0.055505 -0.036813 0.013161 -0.317578 0.094034 -0.008583 -0.001717
1757664955.120266 -0.042916 0.007820 -0.002480 -0.003242 0.014517 -0.001358 -0.023842 -0.001717 0.013924 -0.016975 -0.002154 0.005368 0.084496 -0.018120 0.001717 -0.000572 -0.055505 -0.036813 0.013161 -0.317578 0.094034 -0.008583 -0.001717
1757664955.122272 -0.042916 0.007820 -0.002480 -0.003242 0.014517 -0.001358 -0.023842 -0.001717 0.013924 -0.016975 -0.002154 0.005368 0.084496 -0.018120 0.001717 -0.000572 -0.055505 -0.036813 0.013161 -0.317578 0.094034 -0.008583 -0.001717
1757664955.124267 -0.042916 0.007820 -0.002480 -0.003242 0.014517 -0.001358 -0.023842 -0.001717 0.013924 -0.016975 -0.002154 0.005368 0.084496 -0.018120 0.001717 -0.000572 -0.055505 -0.037194 0.013161 -0.317578 0.093652 -0.008583 -0.001717
1757664955.126268 -0.042916 0.007820 -0.002480 -0.003242 0.014517 -0.001358 -0.023842 -0.001717 0.013924 -0.016975 -0.002154 0.005368 0.084496 -0.018120 0.001717 -0.000572 -0.055505 -0.037194 0.013161 -0.317578 0.093652 -0.008583 -0.001717
1757664955.128275 -0.042916 0.007820 -0.002480 -0.003242 0.014517 -0.001358 -0.023842 -0.001717 0.013924 -0.016975 -0.002154 0.005368 0.084496 -0.018120 0.001717 -0.000572 -0.055505 -0.037576 0.013161 -0.317578 0.093652 -0.008583 -0.001717
1757664955.130270 -0.042916 0.007820 -0.002480 -0.003242 0.014517 -0.001358 -0.023842 -0.001717 0.013924 -0.016975 -0.002154 0.005368 0.084496 -0.018120 0.001717 -0.000572 -0.055505 -0.037576 0.013161 -0.317578 0.093652 -0.008583 -0.001717
1757664955.132268 -0.042916 0.007820 -0.002480 -0.003242 0.014517 -0.001358 -0.023842 -0.001717 0.013924 -0.016975 -0.002154 0.005368 0.084496 -0.018120 0.001717 -0.000572 -0.055505 -0.037576 0.013161 -0.317578 0.093652 -0.008583 -0.001717
1757664955.134265 -0.042916 0.007820 -0.002480 -0.003242 0.014517 -0.001358 -0.023842 -0.001717 0.013924 -0.016975 -0.002154 0.005368 0.084496 -0.018120 0.001717 -0.000572 -0.055505 -0.037957 0.013161 -0.317578 0.093652 -0.008583 -0.001717
1757664955.136284 -0.042916 0.007820 -0.002480 -0.003242 0.014517 -0.001358 -0.023842 -0.001717 0.013924 -0.016975 -0.002154 0.005368 0.084496 -0.018120 0.001717 -0.000572 -0.055505 -0.037957 0.013161 -0.317578 0.093652 -0.008583 -0.001717
1757664955.138269 -0.042916 0.007820 -0.002480 -0.003242 0.014517 -0.001358 -0.023842 -0.001717 0.013924 -0.016975 -0.002154 0.005368 0.084496 -0.018120 0.001717 -0.000572 -0.055505 -0.038339 0.013161 -0.317578 0.093652 -0.008583 -0.001717
1757664955.140267 -0.042916 0.007820 -0.002480 -0.003242 0.014517 -0.001358 -0.023842 -0.001717 0.013924 -0.016975 -0.002154 0.005368 0.084496 -0.018120 0.001717 -0.000572 -0.055505 -0.038339 0.013161 -0.317578 0.093652 -0.008583 -0.001717
1757664955.142258 -0.042916 0.007820 -0.002480 -0.003242 0.014517 -0.001358 -0.023842 -0.001717 0.013924 -0.016975 -0.002154 0.005368 0.084496 -0.018120 0.001717 -0.000572 -0.055505 -0.038720 0.013161 -0.317578 0.093652 -0.008583 -0.001717
1757664955.144283 -0.042916 0.007820 -0.002480 -0.003242 0.014517 -0.001358 -0.023842 -0.001717 0.013924 -0.016975 -0.002154 0.005368 0.084496 -0.018120 0.001717 -0.000572 -0.055505 -0.039102 0.013161 -0.317578 0.093652 -0.008583 -0.001717
1757664955.146279 -0.042916 0.007820 -0.002480 -0.003242 0.014517 -0.001358 -0.023842 -0.001717 0.013924 -0.016975 -0.002154 0.005368 0.084496 -0.018120 0.001717 -0.000572 -0.055505 -0.039102 0.013161 -0.317578 0.093652 -0.008583 -0.001717
1757664955.148277 -0.042916 0.007820 -0.002480 -0.003242 0.014517 -0.001358 -0.023842 -0.001717 0.013924 -0.016975 -0.002154 0.005368 0.084496 -0.018120 0.001717 -0.000572 -0.055505 -0.039483 0.013161 -0.317578 0.093652 -0.008583 -0.001717
1757664955.150291 -0.042916 0.007820 -0.002480 -0.003242 0.014517 -0.001358 -0.023842 -0.001717 0.013924 -0.016975 -0.002154 0.005368 0.084496 -0.018120 0.001717 -0.000572 -0.055505 -0.039865 0.013161 -0.317578 0.093652 -0.008583 -0.001717
1757664955.152275 -0.042916 0.007820 -0.002480 -0.003242 0.014517 -0.001358 -0.023842 -0.001717 0.013924 -0.016975 -0.002154 0.005368 0.084496 -0.018120 0.001717 -0.000572 -0.055505 -0.039865 0.013161 -0.317578 0.093652 -0.008583 -0.001717
1757664955.154270 -0.042916 0.007820 -0.002480 -0.003242 0.014517 -0.001358 -0.023842 -0.001717 0.013924 -0.016975 -0.002154 0.005368 0.084496 -0.018120 0.001717 -0.000572 -0.055505 -0.040246 0.013161 -0.317578 0.093652 -0.008583 -0.001717
1757664955.156287 -0.042916 0.007820 -0.002480 -0.003242 0.014517 -0.001358 -0.023842 -0.001717 0.013924 -0.016975 -0.002154 0.005368 0.084496 -0.018120 0.001717 -0.000572 -0.055505 -0.040627 0.013161 -0.317578 0.093652 -0.008583 -0.001717
1757664955.158270 -0.042916 0.007820 -0.002480 -0.003242 0.014517 -0.001358 -0.023842 -0.001717 0.013924 -0.016975 -0.002154 0.005368 0.084496 -0.018120 0.001717 -0.000572 -0.055505 -0.041009 0.013161 -0.317578 0.093652 -0.008583 -0.001717
1757664955.160268 -0.042916 0.007820 -0.002480 -0.003242 0.014517 -0.001358 -0.023842 -0.001717 0.013924 -0.016975 -0.002154 0.005368 0.084496 -0.018120 0.001717 -0.000572 -0.055505 -0.041009 0.012779 -0.317578 0.093652 -0.008583 -0.001717
1757664955.162267 -0.042916 0.007820 -0.002480 -0.003242 0.014517 -0.001358 -0.023842 -0.001717 0.013924 -0.016975 -0.002154 0.005368 0.084496 -0.018120 0.001717 -0.000572 -0.055505 -0.041390 0.012779 -0.317578 0.093652 -0.008583 -0.001717
1757664955.164270 -0.042916 0.007820 -0.002480 -0.003242 0.014517 -0.001358 -0.023842 -0.001717 0.013924 -0.016975 -0.002154 0.005368 0.084496 -0.018120 0.001717 -0.000572 -0.055505 -0.041772 0.012779 -0.317578 0.093652 -0.008583 -0.001717
1757664955.166269 -0.042916 0.007820 -0.002480 -0.003242 0.014517 -0.001358 -0.023842 -0.001717 0.013924 -0.016975 -0.002154 0.005368 0.084496 -0.018120 0.001717 -0.000572 -0.055505 -0.042153 0.012779 -0.317578 0.093652 -0.008583 -0.001717
1757664955.168266 -0.042916 0.007820 -0.002480 -0.003242 0.014517 -0.001358 -0.023842 -0.001717 0.013924 -0.016975 -0.002154 0.005368 0.084496 -0.018120 0.001717 -0.000572 -0.055505 -0.042535 0.012779 -0.317578 0.093652 -0.008583 -0.001717
1757664955.170310 -0.042916 0.007820 -0.002480 -0.003242 0.014517 -0.001358 -0.023842 -0.001717 0.013924 -0.016975 -0.002154 0.005368 0.084496 -0.018120 0.001717 -0.000572 -0.055505 -0.042916 0.012398 -0.317578 0.093652 -0.008583 -0.001717
1757664955.172266 -0.042916 0.007820 -0.002480 -0.003242 0.014517 -0.001358 -0.023842 -0.001717 0.013924 -0.016975 -0.002154 0.005368 0.084496 -0.018120 0.001717 -0.000572 -0.055505 -0.043298 0.012398 -0.317578 0.093652 -0.008583 -0.001717
1757664955.174266 -0.042916 0.007820 -0.002480 -0.003242 0.014517 -0.001358 -0.023842 -0.001717 0.013924 -0.016975 -0.002154 0.005368 0.084496 -0.018120 0.001717 -0.000572 -0.055505 -0.043679 0.012398 -0.317578 0.093652 -0.008583 -0.001717
1757664955.176267 -0.042916 0.007820 -0.002480 -0.003242 0.014517 -0.001358 -0.023842 -0.001717 0.013924 -0.016975 -0.002154 0.005368 0.084496 -0.018120 0.001717 -0.000572 -0.055505 -0.044061 0.012398 -0.317578 0.093652 -0.008583 -0.001717
1757664955.178289 -0.042916 0.007820 -0.002480 -0.003242 0.014517 -0.001358 -0.023842 -0.001717 0.013924 -0.016975 -0.002154 0.005368 0.084496 -0.018120 0.001717 -0.000572 -0.055505 -0.044442 0.012016 -0.317578 0.093652 -0.008583 -0.001717
1757664955.180265 -0.042916 0.007820 -0.002480 -0.003242 0.014517 -0.001358 -0.023842 -0.001717 0.013924 -0.016975 -0.002154 0.005368 0.084496 -0.018120 0.001717 -0.000572 -0.055505 -0.045205 0.012016 -0.317578 0.093652 -0.008583 -0.001717
1757664955.182286 -0.042916 0.007820 -0.002480 -0.003242 0.014517 -0.001358 -0.023842 -0.001717 0.013924 -0.016975 -0.002154 0.005368 0.084496 -0.018120 0.001717 -0.000572 -0.055505 -0.045587 0.012016 -0.317578 0.093652 -0.008583 -0.001717
1757664955.184297 -0.042916 0.007820 -0.002480 -0.003242 0.014517 -0.001358 -0.023842 -0.001717 0.013924 -0.016975 -0.002154 0.005368 0.084496 -0.018120 0.001717 -0.000572 -0.055505 -0.045968 0.011635 -0.317578 0.093652 -0.008583 -0.001717
1757664955.186267 -0.042916 0.007820 -0.002480 -0.003242 0.014517 -0.001358 -0.023842 -0.001717 0.013924 -0.016975 -0.002154 0.005368 0.084496 -0.018120 0.001717 -0.000572 -0.055505 -0.046731 0.011635 -0.317578 0.093652 -0.008583 -0.001717
1757664955.188306 -0.042916 0.007820 -0.002480 -0.003242 0.014517 -0.001358 -0.023842 -0.001717 0.013924 -0.016975 -0.002154 0.005368 0.084496 -0.018120 0.001717 -0.000572 -0.055505 -0.047112 0.011253 -0.317578 0.093652 -0.008583 -0.001717
1757664955.190294 -0.042916 0.007820 -0.002480 -0.003242 0.014517 -0.001358 -0.023842 -0.001717 0.013924 -0.016975 -0.002154 0.005368 0.084496 -0.018120 0.001717 -0.000572 -0.055505 -0.047875 0.011253 -0.317578 0.093652 -0.008583 -0.001717
1757664955.192279 -0.042916 0.007820 -0.002480 -0.003242 0.014517 -0.001358 -0.023842 -0.001717 0.013924 -0.016975 -0.002154 0.005368 0.084496 -0.018120 0.001717 -0.000572 -0.055505 -0.048257 0.011253 -0.317578 0.093652 -0.008583 -0.001717
1757664955.194267 -0.042916 0.007820 -0.002480 -0.003242 0.014517 -0.001358 -0.023842 -0.001717 0.013924 -0.016975 -0.002154 0.005368 0.084496 -0.018120 0.001717 -0.000572 -0.055505 -0.049020 0.010872 -0.317578 0.093652 -0.008583 -0.001717
1757664955.196265 -0.042916 0.008202 -0.002480 -0.003242 0.014517 -0.001358 -0.023842 -0.001717 0.013924 -0.016975 -0.002154 0.005368 0.084496 -0.018120 0.001717 -0.000572 -0.055505 -0.049401 0.010872 -0.317578 0.093652 -0.008583 -0.001717
1757664955.198279 -0.042916 0.007820 -0.002480 -0.003242 0.014517 -0.001358 -0.023842 -0.001717 0.013924 -0.016975 -0.002154 0.005368 0.084496 -0.018120 0.001717 -0.000572 -0.055505 -0.050164 0.010872 -0.317578 0.093652 -0.008583 -0.001717
1757664955.200267 -0.042916 0.008202 -0.002480 -0.003242 0.014517 -0.001358 -0.023842 -0.001717 0.013924 -0.016975 -0.002154 0.005368 0.084496 -0.018120 0.001717 -0.000572 -0.055505 -0.050927 0.010490 -0.317578 0.093652 -0.008583 -0.001717
1757664955.202266 -0.042916 0.008202 -0.002480 -0.003242 0.014517 -0.001358 -0.023842 -0.001717 0.013924 -0.016975 -0.002154 0.005368 0.084496 -0.018120 0.001717 -0.000572 -0.055505 -0.051690 0.010490 -0.317578 0.093652 -0.008583 -0.001717
1757664955.204263 -0.042916 0.008202 -0.002480 -0.003242 0.014517 -0.001358 -0.023842 -0.001717 0.013924 -0.016975 -0.002154 0.005368 0.084496 -0.018120 0.001717 -0.000572 -0.055505 -0.052453 0.010109 -0.317578 0.093652 -0.008583 -0.001717
1757664955.206277 -0.042916 0.008202 -0.002480 -0.003242 0.014517 -0.001358 -0.023842 -0.001717 0.013924 -0.016975 -0.002154 0.005368 0.084496 -0.018120 0.001717 -0.000572 -0.055505 -0.052835 0.010109 -0.317578 0.093652 -0.008583 -0.001717
1757664955.208286 -0.042916 0.008202 -0.002480 -0.003242 0.014517 -0.001358 -0.023842 -0.001717 0.013924 -0.016975 -0.002154 0.005368 0.084496 -0.018120 0.001717 -0.000572 -0.055505 -0.053597 0.009727 -0.317578 0.093652 -0.008583 -0.001717
1757664955.210266 -0.042916 0.008202 -0.002480 -0.003242 0.014517 -0.001358 -0.023842 -0.001717 0.013924 -0.016975 -0.002154 0.005368 0.084496 -0.018120 0.001717 -0.000572 -0.055505 -0.054742 0.009727 -0.317578 0.093652 -0.008583 -0.001717
1757664955.212300 -0.042916 0.008202 -0.002480 -0.003242 0.014517 -0.001358 -0.023842 -0.001717 0.013924 -0.016975 -0.002154 0.005368 0.084496 -0.018120 0.001717 -0.000572 -0.055505 -0.055505 0.009346 -0.317578 0.093652 -0.008583 -0.001717
1757664955.214287 -0.042916 0.008202 -0.002480 -0.003242 0.014517 -0.001358 -0.023842 -0.001717 0.013924 -0.016975 -0.002154 0.005368 0.084496 -0.018120 0.001717 -0.000572 -0.055505 -0.056268 0.009346 -0.317578 0.093652 -0.008583 -0.001717
1757664955.216268 -0.042916 0.008202 -0.002480 -0.003242 0.014517 -0.001358 -0.023842 -0.001717 0.013924 -0.016975 -0.002154 0.005368 0.084496 -0.018120 0.001717 -0.000572 -0.055505 -0.057031 0.008965 -0.317578 0.093652 -0.008583 -0.001717
1757664955.218267 -0.042916 0.008202 -0.002480 -0.003242 0.014517 -0.001358 -0.023842 -0.001717 0.013924 -0.016975 -0.002154 0.005368 0.084496 -0.018120 0.001717 -0.000572 -0.055505 -0.057794 0.008965 -0.317578 0.093652 -0.008583 -0.001717
1757664955.220274 -0.042916 0.008202 -0.002480 -0.003242 0.014517 -0.001358 -0.023842 -0.001717 0.013924 -0.016975 -0.002154 0.005368 0.084496 -0.018120 0.001717 -0.000572 -0.055505 -0.058938 0.008583 -0.317578 0.093652 -0.008583 -0.001717
1757664955.222263 -0.042916 0.008202 -0.002480 -0.003242 0.014517 -0.001358 -0.023842 -0.001717 0.013924 -0.016975 -0.002154 0.005368 0.084496 -0.018120 0.001717 -0.000572 -0.055505 -0.059701 0.008583 -0.317578 0.093652 -0.008583 -0.001717
1757664955.224267 -0.042916 0.008202 -0.002480 -0.003242 0.014517 -0.001358 -0.023842 -0.001717 0.013924 -0.016975 -0.002154 0.005368 0.084496 -0.018120 0.001717 -0.000572 -0.055505 -0.060464 0.008202 -0.317578 0.093652 -0.008583 -0.001717
1757664955.226284 -0.042916 0.008202 -0.002480 -0.003242 0.014517 -0.001358 -0.023842 -0.001717 0.013924 -0.016975 -0.002154 0.005368 0.084496 -0.018120 0.001717 -0.000572 -0.055505 -0.061608 0.007820 -0.317578 0.093652 -0.008583 -0.001717
1757664955.228274 -0.042916 0.008202 -0.002480 -0.003242 0.014517 -0.001358 -0.023842 -0.001717 0.013924 -0.016975 -0.002154 0.005368 0.084496 -0.018120 0.001717 -0.000572 -0.055505 -0.062371 0.007820 -0.317578 0.093270 -0.008583 -0.001717
1757664955.230265 -0.042916 0.008202 -0.002480 -0.003242 0.014517 -0.001358 -0.023842 -0.001717 0.013924 -0.016975 -0.002154 0.005368 0.084496 -0.018120 0.001717 -0.000572 -0.055505 -0.063516 0.007439 -0.317578 0.093270 -0.008583 -0.001717
1757664955.232266 -0.042916 0.008202 -0.002480 -0.003242 0.014517 -0.001358 -0.023842 -0.001717 0.013924 -0.016975 -0.002154 0.005368 0.084496 -0.018120 0.001717 -0.000572 -0.055505 -0.064660 0.007057 -0.317578 0.093270 -0.008583 -0.001717
1757664955.234274 -0.042916 0.008202 -0.002480 -0.003242 0.014517 -0.001358 -0.023842 -0.001717 0.013924 -0.016975 -0.002154 0.005368 0.084496 -0.018120 0.001717 -0.000572 -0.055505 -0.065423 0.007057 -0.317578 0.093270 -0.008583 -0.001717
1757664955.236264 -0.042916 0.008202 -0.002480 -0.003242 0.014517 -0.001358 -0.023842 -0.001717 0.013924 -0.016975 -0.002154 0.005368 0.084496 -0.018120 0.001717 -0.000572 -0.055505 -0.066567 0.006676 -0.317578 0.093270 -0.008583 -0.001717
1757664955.238312 -0.042916 0.008202 -0.002480 -0.003242 0.014517 -0.001358 -0.023842 -0.001717 0.013924 -0.016975 -0.002154 0.005368 0.084496 -0.018120 0.001717 -0.000572 -0.055505 -0.067712 0.006294 -0.317578 0.093270 -0.008583 -0.001717
1757664955.240324 -0.042916 0.008202 -0.002480 -0.003242 0.014517 -0.001358 -0.023842 -0.001717 0.013924 -0.016975 -0.002154 0.005368 0.084496 -0.018120 0.001717 -0.000572 -0.055505 -0.068856 0.005913 -0.317578 0.093270 -0.008583 -0.001717
1757664955.242289 -0.042916 0.008202 -0.002480 -0.003242 0.014517 -0.001358 -0.023842 -0.001717 0.013924 -0.016975 -0.002154 0.005368 0.084496 -0.018120 0.001717 -0.000572 -0.055505 -0.070001 0.005531 -0.317578 0.093270 -0.008583 -0.001717
1757664955.244270 -0.042916 0.008202 -0.002480 -0.003242 0.014517 -0.001358 -0.023842 -0.001717 0.013924 -0.016975 -0.002154 0.005368 0.084496 -0.018120 0.001717 -0.000572 -0.055505 -0.071145 0.005531 -0.317578 0.093270 -0.008583 -0.001717
1757664955.246287 -0.042916 0.008202 -0.002480 -0.003242 0.014517 -0.001358 -0.023842 -0.001717 0.013924 -0.016975 -0.002154 0.005368 0.084496 -0.018120 0.001717 -0.000572 -0.055505 -0.072671 0.005150 -0.317578 0.093270 -0.008583 -0.001717
1757664955.248286 -0.042916 0.008202 -0.002480 -0.003242 0.014517 -0.001358 -0.023842 -0.001717 0.013924 -0.016975 -0.002154 0.005368 0.084496 -0.018120 0.001717 -0.000572 -0.055505 -0.073815 0.004768 -0.317578 0.093270 -0.008583 -0.001717
1757664955.250275 -0.042916 0.008202 -0.002480 -0.003242 0.014517 -0.001358 -0.023842 -0.001717 0.013924 -0.016975 -0.002154 0.005368 0.084496 -0.018120 0.001717 -0.000572 -0.055505 -0.074960 0.004387 -0.317578 0.093270 -0.008583 -0.001717
1757664955.252269 -0.042916 0.008202 -0.002480 -0.003242 0.014517 -0.001358 -0.023842 -0.001717 0.013924 -0.016975 -0.002154 0.005368 0.084496 -0.018120 0.001717 -0.000572 -0.055505 -0.076104 0.004005 -0.317578 0.093270 -0.008583 -0.001717
1757664955.254320 -0.042916 0.008202 -0.002480 -0.003242 0.014517 -0.001358 -0.023842 -0.001717 0.013924 -0.016975 -0.002154 0.005368 0.084496 -0.018120 0.001717 -0.000572 -0.055505 -0.077249 0.003624 -0.317578 0.093270 -0.008583 -0.001717
1757664955.256273 -0.042916 0.008202 -0.002480 -0.003242 0.014517 -0.001358 -0.023842 -0.001717 0.013924 -0.016975 -0.002154 0.005368 0.084496 -0.018120 0.001717 -0.000572 -0.055505 -0.078774 0.003242 -0.317578 0.092889 -0.008583 -0.001717
1757664955.258266 -0.042916 0.008202 -0.002480 -0.003242 0.014517 -0.001358 -0.023842 -0.001717 0.013924 -0.016975 -0.002154 0.005368 0.084496 -0.018120 0.001717 -0.000572 -0.055505 -0.079919 0.002480 -0.317578 0.092889 -0.008583 -0.001717
1757664955.260266 -0.042916 0.008202 -0.002480 -0.003242 0.014517 -0.001358 -0.023842 -0.001717 0.013924 -0.016975 -0.002154 0.005368 0.084496 -0.018120 0.001717 -0.000572 -0.055505 -0.081445 0.002098 -0.317578 0.092889 -0.008583 -0.001717
1757664955.262289 -0.042916 0.008202 -0.002480 -0.003242 0.014517 -0.001358 -0.023842 -0.001717 0.013924 -0.016975 -0.002154 0.005368 0.084496 -0.018120 0.001717 -0.000572 -0.055505 -0.082971 0.001717 -0.317578 0.092889 -0.008583 -0.001717
1757664955.264268 -0.042916 0.008202 -0.002480 -0.003242 0.014517 -0.001358 -0.023842 -0.001717 0.013924 -0.016975 -0.002154 0.005368 0.084496 -0.018120 0.001717 -0.000572 -0.055505 -0.084496 0.001335 -0.317578 0.092889 -0.008583 -0.001717
1757664955.266268 -0.042916 0.008202 -0.002480 -0.003242 0.014517 -0.001358 -0.023842 -0.001717 0.013924 -0.016975 -0.002154 0.005368 0.084496 -0.018120 0.001717 -0.000572 -0.055505 -0.086022 0.000572 -0.317578 0.092889 -0.008583 -0.001717
1757664955.268404 -0.042916 0.008202 -0.002480 -0.003242 0.014517 -0.001358 -0.023842 -0.001717 0.013924 -0.016975 -0.002154 0.005368 0.084496 -0.018120 0.001717 -0.000572 -0.055505 -0.087548 0.000191 -0.317578 0.092889 -0.008583 -0.001717
1757664955.270284 -0.042916 0.008202 -0.002480 -0.003242 0.014517 -0.001358 -0.023842 -0.001717 0.013924 -0.016975 -0.002154 0.005368 0.084496 -0.018120 0.001717 -0.000572 -0.055505 -0.089074 -0.000191 -0.317578 0.092889 -0.008583 -0.001717
1757664955.272275 -0.042916 0.008202 -0.002480 -0.003242 0.014517 -0.001358 -0.023842 -0.001717 0.013924 -0.016975 -0.002154 0.005368 0.084496 -0.018120 0.001717 -0.000572 -0.055505 -0.090219 -0.000954 -0.317578 0.092889 -0.008583 -0.001717
1757664955.274269 -0.042916 0.008202 -0.002480 -0.003242 0.014517 -0.001358 -0.023842 -0.001717 0.013924 -0.016975 -0.002154 0.005368 0.084496 -0.018120 0.001717 -0.000572 -0.055505 -0.091744 -0.001335 -0.317578 0.092507 -0.008583 -0.001717
1757664955.276299 -0.042916 0.008202 -0.002480 -0.003242 0.014517 -0.001358 -0.023842 -0.001717 0.013924 -0.016975 -0.002154 0.005368 0.084496 -0.018120 0.001717 -0.000572 -0.055505 -0.093270 -0.002098 -0.317578 0.092507 -0.008583 -0.001717
1757664955.278275 -0.042916 0.008202 -0.002480 -0.003242 0.014517 -0.001358 -0.023842 -0.001717 0.013924 -0.016975 -0.002154 0.005368 0.084496 -0.018120 0.001717 -0.000572 -0.055505 -0.094797 -0.002480 -0.317578 0.092507 -0.008583 -0.001717
1757664955.280283 -0.042916 0.008202 -0.002480 -0.003242 0.014517 -0.001358 -0.023842 -0.001717 0.013924 -0.016975 -0.002154 0.005368 0.084496 -0.018120 0.001717 -0.000572 -0.055505 -0.096323 -0.003242 -0.317578 0.092507 -0.008583 -0.001717
1757664955.282285 -0.042916 0.008202 -0.002480 -0.003242 0.014517 -0.001358 -0.023842 -0.001717 0.013924 -0.016975 -0.002154 0.005368 0.084496 -0.018120 0.001717 -0.000572 -0.055505 -0.097849 -0.004005 -0.317578 0.092507 -0.008583 -0.001717
1757664955.284273 -0.042916 0.008202 -0.002480 -0.003242 0.014517 -0.001358 -0.023842 -0.001717 0.013924 -0.016975 -0.002154 0.005368 0.084496 -0.018120 0.001717 -0.000572 -0.055505 -0.099756 -0.004768 -0.317578 0.092507 -0.008583 -0.001717
1757664955.286264 -0.042916 0.008202 -0.002480 -0.003242 0.014517 -0.001358 -0.023842 -0.001717 0.013924 -0.016975 -0.002154 0.005368 0.084496 -0.018120 0.001717 -0.000572 -0.055505 -0.101282 -0.005150 -0.317578 0.092126 -0.008583 -0.001717
1757664955.288267 -0.042916 0.008202 -0.002480 -0.003242 0.014517 -0.001358 -0.023842 -0.001717 0.013924 -0.016975 -0.002154 0.005368 0.084496 -0.018120 0.001717 -0.000572 -0.055505 -0.103189 -0.005913 -0.317578 0.092126 -0.008583 -0.001717
1757664955.290290 -0.042916 0.008202 -0.002480 -0.003242 0.014517 -0.001358 -0.023842 -0.001717 0.013924 -0.016975 -0.002154 0.005368 0.084496 -0.018120 0.001717 -0.000572 -0.055505 -0.104715 -0.006676 -0.317578 0.092126 -0.008583 -0.001717
1757664955.292265 -0.042916 0.008202 -0.002480 -0.003242 0.014517 -0.001358 -0.023842 -0.001717 0.013924 -0.016975 -0.002154 0.005368 0.084496 -0.018120 0.001717 -0.000572 -0.055505 -0.106241 -0.007439 -0.317578 0.091744 -0.008583 -0.001717
1757664955.294271 -0.042916 0.008202 -0.002480 -0.003242 0.014517 -0.001358 -0.023842 -0.001717 0.013924 -0.016975 -0.002154 0.005368 0.084496 -0.018120 0.001717 -0.000572 -0.055505 -0.108149 -0.008202 -0.317578 0.091744 -0.008583 -0.001717
1757664955.296288 -0.042916 0.008202 -0.002480 -0.003242 0.014517 -0.001358 -0.023842 -0.001717 0.013924 -0.016975 -0.002154 0.005368 0.084496 -0.018120 0.001717 -0.000572 -0.055505 -0.109674 -0.008965 -0.317578 0.091363 -0.008583 -0.001717
1757664955.298271 -0.042916 0.008202 -0.002480 -0.003242 0.014517 -0.001358 -0.023842 -0.001717 0.013924 -0.016975 -0.002154 0.005368 0.084496 -0.018120 0.001717 -0.000572 -0.055505 -0.111582 -0.010109 -0.317578 0.091363 -0.008583 -0.001717
1757664955.300302 -0.042916 0.008202 -0.002480 -0.003242 0.014517 -0.001358 -0.023842 -0.001717 0.013924 -0.016975 -0.002154 0.005368 0.084496 -0.018120 0.001717 -0.000572 -0.055505 -0.113108 -0.010872 -0.317578 0.090981 -0.008583 -0.001717
1757664955.302270 -0.042916 0.008202 -0.002480 -0.003242 0.014517 -0.001358 -0.023842 -0.001717 0.013924 -0.016975 -0.002154 0.005368 0.084496 -0.018120 0.001717 -0.000572 -0.055505 -0.115015 -0.011635 -0.317578 0.090600 -0.008583 -0.001717
1757664955.304295 -0.042916 0.008202 -0.002480 -0.003242 0.014517 -0.001358 -0.023842 -0.001717 0.013924 -0.016975 -0.002154 0.005368 0.084496 -0.018120 0.001717 -0.000572 -0.055505 -0.116922 -0.012398 -0.317578 0.090600 -0.008583 -0.001717
1757664955.306263 -0.042916 0.008202 -0.002480 -0.003242 0.014517 -0.001358 -0.023842 -0.001717 0.013924 -0.016975 -0.002154 0.005368 0.084496 -0.018120 0.001717 -0.000572 -0.055505 -0.118830 -0.013161 -0.317578 0.090219 -0.008583 -0.001717
1757664955.308280 -0.042916 0.008202 -0.002480 -0.003242 0.014517 -0.001358 -0.023842 -0.001717 0.013924 -0.016975 -0.002154 0.005368 0.084496 -0.018120 0.001717 -0.000572 -0.055505 -0.120356 -0.014305 -0.317578 0.089837 -0.008583 -0.001717
1757664955.310282 -0.042916 0.008202 -0.002480 -0.003242 0.014517 -0.001358 -0.023842 -0.001717 0.013924 -0.016975 -0.002154 0.005368 0.084496 -0.018120 0.001717 -0.000572 -0.055505 -0.122263 -0.015068 -0.317578 0.089456 -0.008583 -0.001717
1757664955.312273 -0.042916 0.008202 -0.002480 -0.003242 0.014382 -0.001614 -0.023842 -0.001717 0.013924 -0.016975 -0.002154 0.005368 0.084496 -0.018120 0.001717 -0.000572 -0.055505 -0.124170 -0.016212 -0.317578 0.089074 -0.008583 -0.001717
1757664955.314264 -0.042916 0.008202 -0.002480 -0.003242 0.014382 -0.001614 -0.023842 -0.001717 0.013924 -0.016975 -0.002154 0.005368 0.084496 -0.018120 0.001717 -0.000572 -0.055505 -0.126078 -0.016975 -0.317578 0.088693 -0.008583 -0.001717
1757664955.316262 -0.042916 0.008202 -0.002480 -0.003242 0.014382 -0.001614 -0.023842 -0.001717 0.013924 -0.016975 -0.002154 0.005368 0.084496 -0.018120 0.001717 -0.000572 -0.055505 -0.127985 -0.017738 -0.317578 0.087930 -0.008583 -0.001717
1757664955.318285 -0.042916 0.008202 -0.002480 -0.003242 0.014382 -0.001614 -0.023842 -0.001717 0.013924 -0.016975 -0.002154 0.005368 0.084496 -0.018120 0.001717 -0.000572 -0.055505 -0.129892 -0.018883 -0.317578 0.087548 -0.008583 -0.001717
1757664955.320272 -0.042916 0.008202 -0.002480 -0.003242 0.014382 -0.001614 -0.023842 -0.001717 0.013924 -0.016975 -0.002154 0.005368 0.084496 -0.018120 0.001717 -0.000572 -0.055505 -0.131800 -0.019646 -0.317578 0.087167 -0.008583 -0.001717
1757664955.322263 -0.042916 0.008202 -0.002480 -0.003242 0.014382 -0.001614 -0.023842 -0.001717 0.013924 -0.016975 -0.002154 0.005368 0.084496 -0.018120 0.001717 -0.000572 -0.055505 -0.133707 -0.020790 -0.317578 0.086404 -0.008583 -0.001717
1757664955.324269 -0.042916 0.008202 -0.002480 -0.003242 0.014382 -0.001614 -0.023842 -0.001717 0.013924 -0.016975 -0.002154 0.005368 0.084878 -0.018120 0.001717 -0.000572 -0.055505 -0.135614 -0.021553 -0.317578 0.086022 -0.008583 -0.001717
1757664955.326267 -0.042916 0.008202 -0.002480 -0.003242 0.014382 -0.001614 -0.023842 -0.001717 0.013924 -0.016975 -0.002154 0.005368 0.084878 -0.018120 0.001717 -0.000572 -0.055505 -0.137522 -0.022697 -0.317578 0.085259 -0.008583 -0.001717
1757664955.328288 -0.042916 0.008202 -0.002480 -0.003242 0.014382 -0.001614 -0.023842 -0.001717 0.013924 -0.016975 -0.002154 0.005368 0.084878 -0.018120 0.001717 -0.000572 -0.055505 -0.139048 -0.023842 -0.317578 0.084878 -0.008583 -0.001717
1757664955.330333 -0.042916 0.008202 -0.002480 -0.003242 0.014382 -0.001614 -0.023842 -0.001717 0.013924 -0.016975 -0.002154 0.005368 0.084878 -0.018120 0.001717 -0.000572 -0.055886 -0.140955 -0.024605 -0.317578 0.084496 -0.008583 -0.001717
1757664955.332284 -0.042916 0.008202 -0.002480 -0.003242 0.014382 -0.001614 -0.023842 -0.001717 0.013924 -0.016975 -0.002154 0.005368 0.084878 -0.018120 0.001717 -0.000572 -0.055886 -0.143244 -0.025749 -0.317578 0.083734 -0.008583 -0.001717
1757664955.334268 -0.042916 0.008202 -0.002480 -0.003242 0.014382 -0.001614 -0.023842 -0.001717 0.013924 -0.016975 -0.002154 0.005368 0.084878 -0.018120 0.001717 -0.000572 -0.055505 -0.145151 -0.026894 -0.317578 0.082971 -0.008583 -0.001717
1757664955.336294 -0.042916 0.008202 -0.002480 -0.003242 0.014382 -0.001614 -0.023842 -0.001717 0.013924 -0.016975 -0.002154 0.005368 0.084878 -0.018120 0.001717 -0.000572 -0.055505 -0.147440 -0.028038 -0.317578 0.082589 -0.008583 -0.001717
1757664955.338295 -0.042916 0.008202 -0.002480 -0.003242 0.014382 -0.001614 -0.023842 -0.001717 0.013924 -0.016975 -0.002154 0.005368 0.084878 -0.018120 0.001717 -0.000572 -0.055505 -0.149347 -0.028801 -0.317578 0.081826 -0.008583 -0.001717
1757664955.340281 -0.042916 0.008202 -0.002480 -0.003242 0.014382 -0.001614 -0.023842 -0.001717 0.013924 -0.016975 -0.002154 0.005368 0.084878 -0.018120 0.001717 -0.000572 -0.055886 -0.151636 -0.029945 -0.317578 0.081063 -0.008583 -0.001717
1757664955.342285 -0.042916 0.008202 -0.002480 -0.003242 0.014382 -0.001614 -0.023842 -0.001717 0.013924 -0.016975 -0.002154 0.005368 0.084878 -0.018120 0.001717 -0.000572 -0.055886 -0.153543 -0.031090 -0.317578 0.080682 -0.008583 -0.001717
1757664955.344291 -0.042916 0.008202 -0.002480 -0.003242 0.014382 -0.001614 -0.023842 -0.001717 0.013924 -0.016975 -0.002154 0.005368 0.084878 -0.018120 0.001717 -0.000572 -0.055886 -0.155451 -0.031854 -0.317578 0.079919 -0.008583 -0.001717
1757664955.346277 -0.042916 0.008202 -0.002480 -0.003242 0.014382 -0.001614 -0.023842 -0.001717 0.013924 -0.016975 -0.002154 0.005368 0.084878 -0.018120 0.001717 -0.000572 -0.055886 -0.157359 -0.032998 -0.317578 0.079156 -0.008583 -0.001717
1757664955.348278 -0.042916 0.008202 -0.002480 -0.003242 0.014382 -0.001614 -0.023842 -0.001717 0.013924 -0.016975 -0.002154 0.005368 0.084878 -0.018120 0.001717 -0.000572 -0.055886 -0.159648 -0.034142 -0.317578 0.078393 -0.008583 -0.001717
1757664955.350287 -0.042916 0.008202 -0.002480 -0.003242 0.014382 -0.001614 -0.023842 -0.001717 0.013924 -0.016975 -0.002154 0.005368 0.084878 -0.018120 0.001717 -0.000572 -0.055886 -0.161555 -0.035287 -0.317578 0.077630 -0.008583 -0.001717
1757664955.352295 -0.042916 0.008202 -0.002480 -0.003242 0.014382 -0.001614 -0.023842 -0.001717 0.013924 -0.016975 -0.002154 0.005368 0.084878 -0.018120 0.001717 -0.000572 -0.055886 -0.163844 -0.036431 -0.317578 0.076867 -0.008583 -0.001717
1757664955.354300 -0.042916 0.008202 -0.002480 -0.003242 0.014382 -0.001614 -0.023842 -0.001717 0.013924 -0.016975 -0.002154 0.005368 0.084878 -0.018120 0.001717 -0.000572 -0.055886 -0.165751 -0.037576 -0.317578 0.076104 -0.008583 -0.001717
1757664955.356279 -0.042916 0.008202 -0.002480 -0.003242 0.014382 -0.001614 -0.023842 -0.001717 0.013924 -0.016975 -0.002154 0.005368 0.084878 -0.018120 0.001717 -0.000572 -0.055886 -0.167659 -0.038720 -0.317578 0.075341 -0.008583 -0.001717
1757664955.358289 -0.042916 0.008202 -0.002480 -0.003242 0.014382 -0.001614 -0.023842 -0.001717 0.013924 -0.016975 -0.002154 0.005368 0.084878 -0.018120 0.001717 -0.000572 -0.055886 -0.169948 -0.039865 -0.317578 0.074578 -0.008583 -0.001717
1757664955.360296 -0.042916 0.008202 -0.002480 -0.003242 0.014382 -0.001614 -0.023842 -0.001717 0.013924 -0.016975 -0.002154 0.005368 0.084878 -0.018120 0.001717 -0.000572 -0.055886 -0.171855 -0.041009 -0.317578 0.073815 -0.008583 -0.001717
1757664955.362310 -0.042916 0.008202 -0.002480 -0.003242 0.014382 -0.001614 -0.023842 -0.001717 0.013924 -0.016975 -0.002154 0.005368 0.084878 -0.018120 0.001717 -0.000572 -0.055886 -0.174144 -0.042153 -0.317578 0.073052 -0.008583 -0.001717
1757664955.364289 -0.042916 0.008202 -0.002480 -0.003242 0.014382 -0.001614 -0.023842 -0.001717 0.013924 -0.016975 -0.002154 0.005368 0.084878 -0.018120 0.001717 -0.000572 -0.055886 -0.176051 -0.043679 -0.317578 0.072289 -0.008583 -0.001717
1757664955.366284 -0.042916 0.008202 -0.002480 -0.003242 0.014382 -0.001614 -0.023842 -0.001717 0.013924 -0.016975 -0.002154 0.005368 0.084878 -0.018120 0.001717 -0.000572 -0.055886 -0.178340 -0.044824 -0.317578 0.071527 -0.008583 -0.001717
1757664955.368271 -0.042916 0.008202 -0.002480 -0.003242 0.014382 -0.001614 -0.023842 -0.001717 0.013924 -0.016975 -0.002154 0.005368 0.084878 -0.018120 0.001717 -0.000572 -0.055886 -0.180629 -0.045968 -0.317578 0.070764 -0.008583 -0.001717
1757664955.370285 -0.042916 0.008202 -0.002480 -0.003242 0.014382 -0.001614 -0.023842 -0.001717 0.013924 -0.016975 -0.002154 0.005368 0.084878 -0.018120 0.001717 -0.000572 -0.055886 -0.182536 -0.047494 -0.317578 0.070001 -0.008583 -0.001717
1757664955.372291 -0.042916 0.008202 -0.002480 -0.003242 0.014382 -0.001614 -0.023842 -0.001717 0.013924 -0.016975 -0.002154 0.005368 0.084878 -0.018120 0.001717 -0.000572 -0.055886 -0.184825 -0.048638 -0.317578 0.069238 -0.008583 -0.001717
1757664955.374267 -0.042916 0.008202 -0.002480 -0.003242 0.014382 -0.001614 -0.023842 -0.001717 0.013924 -0.016975 -0.002154 0.005368 0.084878 -0.018120 0.001717 -0.000572 -0.055886 -0.186732 -0.049783 -0.317578 0.068475 -0.008583 -0.001717
1757664955.376280 -0.042916 0.008202 -0.002480 -0.003242 0.014382 -0.001614 -0.023842 -0.001717 0.013924 -0.016975 -0.002154 0.005368 0.084878 -0.018120 0.001717 -0.000572 -0.055886 -0.189021 -0.051309 -0.317578 0.067712 -0.008583 -0.001717
1757664955.378399 -0.042916 0.008202 -0.002480 -0.003242 0.014382 -0.001614 -0.023842 -0.001717 0.013924 -0.016975 -0.002154 0.005368 0.084878 -0.018120 0.001717 -0.000572 -0.055886 -0.191310 -0.052453 -0.317578 0.067330 -0.008583 -0.001717
1757664955.380268 -0.042916 0.008202 -0.002480 -0.003242 0.014382 -0.001614 -0.023842 -0.001717 0.013924 -0.016975 -0.002154 0.005368 0.085259 -0.018120 0.001717 -0.000572 -0.055886 -0.193217 -0.053979 -0.317578 0.066567 -0.008583 -0.001717
1757664955.382273 -0.042916 0.008202 -0.002480 -0.003242 0.014382 -0.001614 -0.023842 -0.001717 0.013924 -0.016975 -0.002154 0.005368 0.085259 -0.018120 0.002098 -0.000572 -0.055886 -0.195506 -0.055123 -0.317578 0.065804 -0.008583 -0.001717
1757664955.384272 -0.042916 0.008202 -0.002480 -0.003242 0.014382 -0.001614 -0.023842 -0.001717 0.013924 -0.016975 -0.002154 0.005368 0.085259 -0.018120 0.002098 -0.000572 -0.055886 -0.197413 -0.056649 -0.317578 0.065042 -0.008583 -0.001717
1757664955.386274 -0.042916 0.008202 -0.002480 -0.003242 0.014382 -0.001614 -0.023842 -0.001717 0.013924 -0.016975 -0.002154 0.005368 0.085259 -0.018120 0.002098 -0.000572 -0.055886 -0.199702 -0.058175 -0.317578 0.064279 -0.008583 -0.001717
1757664955.388263 -0.042916 0.008202 -0.002480 -0.003242 0.014382 -0.001614 -0.023842 -0.001717 0.013924 -0.016975 -0.002154 0.005368 0.085259 -0.018120 0.002098 -0.000572 -0.055886 -0.201610 -0.059701 -0.317578 0.063897 -0.008583 -0.001717
1757664955.390262 -0.042916 0.008202 -0.002480 -0.003242 0.014382 -0.001614 -0.023842 -0.001717 0.013924 -0.016975 -0.002154 0.005368 0.085259 -0.018120 0.002098 -0.000572 -0.055886 -0.203898 -0.060845 -0.317578 0.063134 -0.008583 -0.001717
1757664955.392261 -0.042916 0.008202 -0.002480 -0.003242 0.014382 -0.001614 -0.023842 -0.001717 0.013924 -0.016975 -0.002154 0.005368 0.085259 -0.018120 0.002098 -0.000572 -0.055886 -0.206187 -0.062371 -0.317578 0.062371 -0.008583 -0.001717
1757664955.394311 -0.042916 0.008202 -0.002480 -0.003242 0.014382 -0.001614 -0.023842 -0.001717 0.013924 -0.016975 -0.002154 0.005368 0.085259 -0.018120 0.002098 -0.000572 -0.055886 -0.208476 -0.063897 -0.317578 0.061608 -0.008583 -0.001717
1757664955.396275 -0.042916 0.008202 -0.002480 -0.003242 0.014382 -0.001614 -0.023842 -0.001717 0.013924 -0.016975 -0.002154 0.005368 0.085259 -0.018120 0.002098 -0.000572 -0.055886 -0.210383 -0.065423 -0.317578 0.061227 -0.008583 -0.001717
1757664955.398264 -0.042916 0.008202 -0.002480 -0.003242 0.014382 -0.001614 -0.023842 -0.001717 0.013924 -0.016975 -0.002154 0.005368 0.085259 -0.018120 0.002098 -0.000572 -0.055886 -0.212672 -0.066949 -0.317578 0.060464 -0.008583 -0.001717
1757664955.400308 -0.042916 0.008202 -0.002480 -0.003242 0.014382 -0.001614 -0.023842 -0.001717 0.013924 -0.016975 -0.002154 0.005368 0.085259 -0.018120 0.002098 -0.000572 -0.055886 -0.214580 -0.068856 -0.317578 0.060082 -0.008583 -0.001717
1757664955.402268 -0.042916 0.008202 -0.002480 -0.003242 0.014382 -0.001614 -0.023842 -0.001717 0.013924 -0.016975 -0.002154 0.005368 0.085259 -0.018120 0.002098 -0.000572 -0.055886 -0.216868 -0.070382 -0.317578 0.059319 -0.008583 -0.001717
1757664955.404283 -0.042916 0.008202 -0.002480 -0.003242 0.014382 -0.001614 -0.023842 -0.001717 0.013924 -0.016975 -0.002154 0.005368 0.085641 -0.018120 0.002098 -0.000572 -0.055886 -0.218777 -0.071908 -0.317578 0.058938 -0.008583 -0.001717
1757664955.406313 -0.042916 0.008202 -0.002480 -0.003242 0.014382 -0.001614 -0.023842 -0.001717 0.013924 -0.016975 -0.002154 0.005368 0.085641 -0.018120 0.002098 -0.000572 -0.055886 -0.221066 -0.073434 -0.317578 0.058175 -0.008583 -0.001717
1757664955.408292 -0.042916 0.008202 -0.002861 -0.003242 0.014382 -0.001614 -0.023842 -0.001717 0.013924 -0.016975 -0.002154 0.005368 0.085641 -0.018120 0.002098 -0.000572 -0.055886 -0.223354 -0.074960 -0.317578 0.057412 -0.008583 -0.001717
1757664955.410263 -0.042916 0.008202 -0.002480 -0.003242 0.014382 -0.001614 -0.023842 -0.001717 0.013924 -0.016975 -0.002154 0.005368 0.085641 -0.018120 0.002098 -0.000572 -0.055886 -0.225643 -0.076867 -0.317578 0.057031 -0.008583 -0.001717
1757664955.412281 -0.042916 0.008202 -0.002480 -0.003242 0.014382 -0.001614 -0.023842 -0.001717 0.013924 -0.016975 -0.002154 0.005368 0.085641 -0.018120 0.002098 -0.000572 -0.055886 -0.227551 -0.078393 -0.317578 0.056268 -0.008583 -0.001717
1757664955.414298 -0.042916 0.008202 -0.002480 -0.003242 0.014382 -0.001614 -0.023842 -0.001717 0.013924 -0.016975 -0.002154 0.005368 0.085641 -0.018120 0.002098 -0.000572 -0.055886 -0.229839 -0.080300 -0.317578 0.055886 -0.008583 -0.001717
1757664955.416261 -0.042916 0.008202 -0.002480 -0.003242 0.014382 -0.001614 -0.023842 -0.001717 0.013924 -0.016975 -0.002154 0.005368 0.085641 -0.018120 0.002098 -0.000572 -0.055886 -0.232128 -0.081826 -0.317578 0.055505 -0.008583 -0.001717
1757664955.418268 -0.042916 0.008202 -0.002861 -0.003242 0.014382 -0.001614 -0.023842 -0.001717 0.013924 -0.016975 -0.002154 0.005368 0.086022 -0.018120 0.002098 -0.000572 -0.055886 -0.234035 -0.083734 -0.317578 0.055123 -0.008583 -0.001717
1757664955.420261 -0.042916 0.008202 -0.002480 -0.003242 0.014382 -0.001614 -0.023842 -0.001717 0.013924 -0.016975 -0.002154 0.005368 0.086022 -0.018120 0.002098 -0.000572 -0.055886 -0.236324 -0.085259 -0.317578 0.054360 -0.008583 -0.001717
1757664955.422275 -0.042916 0.008202 -0.002861 -0.003242 0.014382 -0.001614 -0.023842 -0.001717 0.013924 -0.016975 -0.002154 0.005368 0.086022 -0.018120 0.002098 -0.000572 -0.055886 -0.238613 -0.087167 -0.317578 0.053979 -0.008583 -0.001717
1757664955.424262 -0.042916 0.008202 -0.002861 -0.003242 0.014382 -0.001614 -0.023842 -0.001717 0.013924 -0.016975 -0.002154 0.005368 0.086022 -0.018120 0.002098 -0.000572 -0.055886 -0.240902 -0.089074 -0.317578 0.053216 -0.008583 -0.001717
1757664955.426309 -0.042916 0.008202 -0.002861 -0.003242 0.014382 -0.001614 -0.023842 -0.001717 0.013924 -0.016975 -0.002154 0.005368 0.086022 -0.018120 0.002098 -0.000572 -0.055886 -0.243191 -0.090600 -0.317578 0.052835 -0.008583 -0.001717
1757664955.428292 -0.042916 0.008202 -0.002861 -0.003242 0.014382 -0.001614 -0.023842 -0.001717 0.013924 -0.016975 -0.002154 0.005368 0.086022 -0.018120 0.002098 -0.000572 -0.055886 -0.245480 -0.092507 -0.317578 0.052072 -0.008583 -0.001717
1757664955.430269 -0.042916 0.008202 -0.002861 -0.003242 0.014382 -0.001614 -0.023842 -0.001717 0.013924 -0.016975 -0.002154 0.005368 0.086022 -0.018501 0.002098 -0.000572 -0.055886 -0.247768 -0.094416 -0.317578 0.051690 -0.008583 -0.001717
1757664955.432280 -0.042916 0.008202 -0.002861 -0.003242 0.014382 -0.001614 -0.023842 -0.001717 0.013924 -0.016975 -0.002154 0.005368 0.086404 -0.018501 0.002098 -0.000572 -0.055886 -0.249676 -0.096323 -0.317578 0.051309 -0.008583 -0.001717
1757664955.434321 -0.042916 0.008202 -0.002861 -0.003242 0.014382 -0.001614 -0.023842 -0.001717 0.013924 -0.016975 -0.002154 0.005368 0.086404 -0.018501 0.002098 -0.000572 -0.055886 -0.251965 -0.098230 -0.317578 0.050546 -0.008583 -0.001717
1757664955.436276 -0.042916 0.008202 -0.002861 -0.003242 0.014382 -0.001614 -0.023842 -0.001717 0.013924 -0.016975 -0.002154 0.005368 0.086404 -0.018501 0.002098 -0.000572 -0.055886 -0.254253 -0.100138 -0.317578 0.050164 -0.008583 -0.001717
1757664955.438282 -0.042916 0.008202 -0.002861 -0.003242 0.014382 -0.001614 -0.023842 -0.001717 0.013924 -0.016975 -0.002154 0.005368 0.086404 -0.018501 0.002098 -0.000572 -0.055886 -0.256542 -0.101664 -0.317578 0.049401 -0.008583 -0.001717
1757664955.440262 -0.042916 0.008202 -0.002861 -0.003242 0.014382 -0.001614 -0.023842 -0.001717 0.013924 -0.016975 -0.002154 0.005368 0.086404 -0.018501 0.002098 -0.000572 -0.055886 -0.258831 -0.103952 -0.317578 0.048638 -0.008583 -0.001717
1757664955.442280 -0.042916 0.008202 -0.002861 -0.003242 0.014382 -0.001614 -0.023842 -0.001717 0.013924 -0.016975 -0.002154 0.005368 0.086404 -0.018501 0.002098 -0.000572 -0.055886 -0.261120 -0.105860 -0.317578 0.048257 -0.008583 -0.001717
1757664955.444258 -0.042916 0.008202 -0.002861 -0.003242 0.014382 -0.001614 -0.023842 -0.001717 0.013924 -0.016975 -0.002154 0.005368 0.086785 -0.018501 0.002098 -0.000572 -0.055886 -0.263027 -0.107767 -0.317578 0.047494 -0.008583 -0.001717
1757664955.446256 -0.042916 0.008202 -0.002861 -0.003242 0.014382 -0.001614 -0.023842 -0.001717 0.013924 -0.016975 -0.002154 0.005368 0.086785 -0.018501 0.002098 -0.000572 -0.055886 -0.265316 -0.109674 -0.317578 0.047112 -0.008583 -0.001717
1757664955.448279 -0.042916 0.008202 -0.002861 -0.003242 0.014382 -0.001614 -0.023842 -0.001717 0.013924 -0.016975 -0.002154 0.005368 0.086785 -0.018501 0.002098 -0.000572 -0.055886 -0.267605 -0.111582 -0.317578 0.046731 -0.008583 -0.001717
1757664955.450260 -0.042916 0.008202 -0.002861 -0.003242 0.014246 -0.001870 -0.023842 -0.001717 0.013924 -0.016975 -0.002154 0.005368 0.086785 -0.018501 0.002098 -0.000572 -0.055886 -0.269894 -0.113489 -0.317578 0.045968 -0.008583 -0.001717
1757664955.452258 -0.042916 0.008202 -0.002861 -0.003242 0.014246 -0.001870 -0.023842 -0.001717 0.013924 -0.016975 -0.002154 0.005368 0.086785 -0.018501 0.002098 -0.000572 -0.055886 -0.272564 -0.115396 -0.317578 0.045587 -0.008583 -0.001717
1757664955.454260 -0.042916 0.008202 -0.002861 -0.003242 0.014246 -0.001870 -0.023842 -0.001717 0.013924 -0.016975 -0.002154 0.005368 0.087167 -0.018501 0.002098 -0.000572 -0.055886 -0.274853 -0.117304 -0.317578 0.045205 -0.008583 -0.001717
1757664955.456403 -0.042916 0.008202 -0.002861 -0.003242 0.014246 -0.001870 -0.023842 -0.001717 0.013924 -0.016975 -0.002154 0.005368 0.087167 -0.018501 0.002098 -0.000572 -0.055886 -0.277142 -0.119211 -0.317578 0.044442 -0.008583 -0.001717
1757664955.458276 -0.042916 0.008202 -0.002861 -0.003242 0.014246 -0.001870 -0.023842 -0.001717 0.013924 -0.016975 -0.002154 0.005368 0.087167 -0.018501 0.002098 -0.000572 -0.055886 -0.279430 -0.121119 -0.317578 0.044061 -0.008583 -0.001717
1757664955.460253 -0.042916 0.008202 -0.002861 -0.003242 0.014246 -0.001870 -0.023842 -0.001335 0.013924 -0.016975 -0.002154 0.005368 0.087167 -0.018501 0.002098 -0.000572 -0.055886 -0.281720 -0.123407 -0.317578 0.043679 -0.008583 -0.001717
1757664955.462261 -0.042916 0.008202 -0.002861 -0.003242 0.014246 -0.001870 -0.023842 -0.001335 0.013924 -0.016975 -0.002154 0.005368 0.087167 -0.018501 0.002098 -0.000572 -0.055886 -0.284009 -0.125315 -0.317578 0.043298 -0.008583 -0.001717
1757664955.464243 -0.042916 0.008202 -0.002861 -0.003242 0.014246 -0.001870 -0.023842 -0.001335 0.013924 -0.016975 -0.002154 0.005368 0.087167 -0.018501 0.002098 -0.000572 -0.055886 -0.286679 -0.127222 -0.317578 0.042916 -0.008583 -0.001717
1757664955.466243 -0.042916 0.008202 -0.002861 -0.003242 0.014246 -0.001870 -0.023842 -0.001335 0.013924 -0.016975 -0.002154 0.005368 0.087548 -0.018501 0.002098 -0.000572 -0.055886 -0.288968 -0.129511 -0.317578 0.042535 -0.008583 -0.001717
1757664955.468250 -0.042916 0.008202 -0.002861 -0.003242 0.014246 -0.001870 -0.023842 -0.001335 0.013924 -0.016975 -0.002154 0.005368 0.087548 -0.018501 0.002098 -0.000572 -0.055886 -0.291257 -0.131418 -0.317578 0.042153 -0.008583 -0.001717
1757664955.470253 -0.042916 0.008202 -0.002861 -0.003242 0.014246 -0.001870 -0.023842 -0.001335 0.013924 -0.016975 -0.002154 0.005368 0.087548 -0.018501 0.002098 -0.000572 -0.055886 -0.293546 -0.133707 -0.317578 0.041772 -0.008583 -0.001717
1757664955.472247 -0.042916 0.008202 -0.002861 -0.003242 0.014246 -0.001870 -0.023842 -0.001335 0.013924 -0.016975 -0.002154 0.005368 0.087548 -0.018501 0.002098 -0.000572 -0.055886 -0.296216 -0.135614 -0.317578 0.041390 -0.008583 -0.001717
1757664955.474249 -0.042916 0.008202 -0.002861 -0.003242 0.014246 -0.001870 -0.023842 -0.001335 0.013924 -0.016975 -0.002154 0.005368 0.087930 -0.018883 0.002098 -0.000572 -0.055886 -0.298505 -0.137903 -0.317578 0.041009 -0.008583 -0.001717
1757664955.476286 -0.042916 0.008202 -0.002861 -0.003242 0.014246 -0.001870 -0.023842 -0.001335 0.013924 -0.016975 -0.002154 0.005368 0.087930 -0.018883 0.002098 -0.000572 -0.055886 -0.300794 -0.139811 -0.317578 0.040627 -0.008583 -0.001717
1757664955.478266 -0.042916 0.008202 -0.002861 -0.003242 0.014246 -0.001870 -0.023842 -0.001335 0.013924 -0.016975 -0.002154 0.005368 0.087930 -0.018883 0.002098 -0.000572 -0.055886 -0.303464 -0.141718 -0.317578 0.040246 -0.008583 -0.001717
1757664955.480256 -0.042916 0.008202 -0.002861 -0.003242 0.014246 -0.001870 -0.023842 -0.001335 0.013924 -0.016975 -0.002290 0.005115 0.087930 -0.018883 0.002098 -0.000572 -0.055886 -0.305753 -0.144007 -0.317578 0.039865 -0.008583 -0.001717
1757664955.482257 -0.042916 0.008202 -0.002861 -0.003242 0.014246 -0.001870 -0.023842 -0.001335 0.013924 -0.016975 -0.002290 0.005115 0.088311 -0.018883 0.002098 -0.000572 -0.055886 -0.308042 -0.146296 -0.317578 0.039483 -0.008583 -0.001717
1757664955.484271 -0.042916 0.008202 -0.002861 -0.003242 0.014246 -0.001870 -0.023842 -0.001335 0.013924 -0.016975 -0.002290 0.005115 0.088311 -0.018883 0.002098 -0.000572 -0.055886 -0.310712 -0.148203 -0.317578 0.039102 -0.008583 -0.001717
1757664955.486289 -0.042916 0.008202 -0.002861 -0.003242 0.014246 -0.001870 -0.023842 -0.001335 0.013924 -0.016975 -0.002290 0.005115 0.088311 -0.018883 0.002098 -0.000572 -0.055886 -0.313001 -0.150492 -0.317578 0.038720 -0.008583 -0.001717
1757664955.488296 -0.042916 0.008202 -0.002861 -0.003242 0.014246 -0.001870 -0.023842 -0.001335 0.013924 -0.016975 -0.002290 0.005115 0.088311 -0.018883 0.002098 -0.000572 -0.055886 -0.315671 -0.152399 -0.317578 0.038339 -0.008583 -0.001717
1757664955.490296 -0.042916 0.008202 -0.002861 -0.003242 0.014246 -0.001870 -0.023842 -0.001335 0.013924 -0.016975 -0.002290 0.005115 0.088693 -0.018883 0.002098 -0.000572 -0.055886 -0.317960 -0.154688 -0.317578 0.037957 -0.008583 -0.001717
1757664955.492272 -0.042916 0.008202 -0.002861 -0.003242 0.014246 -0.001870 -0.023842 -0.001335 0.013924 -0.016975 -0.002290 0.005115 0.088693 -0.018883 0.002098 -0.000572 -0.055886 -0.320630 -0.156596 -0.317578 0.037576 -0.008583 -0.001717
1757664955.494273 -0.042916 0.008202 -0.002861 -0.003242 0.014246 -0.001870 -0.023842 -0.001335 0.013924 -0.016975 -0.002290 0.005115 0.088693 -0.018883 0.002098 -0.000572 -0.055886 -0.322919 -0.158885 -0.317578 0.037576 -0.008583 -0.001717
1757664955.496256 -0.042916 0.008583 -0.002861 -0.003242 0.014246 -0.001870 -0.023842 -0.001335 0.013924 -0.016975 -0.002290 0.005115 0.088693 -0.018883 0.002098 -0.000572 -0.055886 -0.325589 -0.161174 -0.317578 0.037194 -0.008583 -0.001717
1757664955.498263 -0.042916 0.008583 -0.002861 -0.003242 0.014246 -0.001870 -0.023842 -0.001335 0.013924 -0.016975 -0.002290 0.005115 0.089074 -0.018883 0.002098 -0.000572 -0.055886 -0.328259 -0.163081 -0.317578 0.036813 -0.008583 -0.001717
1757664955.500257 -0.042916 0.008583 -0.002861 -0.003242 0.014246 -0.001870 -0.023842 -0.001335 0.013924 -0.016975 -0.002290 0.005115 0.089074 -0.018883 0.002098 -0.000572 -0.055886 -0.330548 -0.165370 -0.317578 0.036431 -0.008583 -0.001717
1757664955.502256 -0.042916 0.008583 -0.002861 -0.003242 0.014246 -0.001870 -0.023842 -0.001335 0.013924 -0.016975 -0.002290 0.005115 0.089074 -0.018883 0.002098 -0.000572 -0.055886 -0.333219 -0.167659 -0.317578 0.036431 -0.008583 -0.001717
1757664955.504286 -0.042916 0.008583 -0.002861 -0.003242 0.014246 -0.001870 -0.023842 -0.001335 0.013924 -0.016975 -0.002290 0.005115 0.089074 -0.018883 0.002098 -0.000572 -0.055886 -0.335889 -0.169566 -0.317578 0.036050 -0.008583 -0.001717
1757664955.506260 -0.042916 0.008583 -0.002861 -0.003242 0.014246 -0.001870 -0.023842 -0.001335 0.013924 -0.016975 -0.002290 0.005115 0.089074 -0.018883 0.002098 -0.000572 -0.055886 -0.338559 -0.171855 -0.317578 0.036050 -0.008583 -0.001717
1757664955.508256 -0.042916 0.008583 -0.002861 -0.003242 0.014246 -0.001870 -0.023842 -0.001335 0.013924 -0.016975 -0.002290 0.005115 0.089456 -0.018883 0.002098 -0.000572 -0.055886 -0.341229 -0.174144 -0.317578 0.035668 -0.008583 -0.001717
1757664955.510257 -0.042916 0.008583 -0.002861 -0.003242 0.014111 -0.002126 -0.023842 -0.001335 0.013924 -0.016975 -0.002290 0.005115 0.089456 -0.019264 0.002098 -0.000572 -0.055886 -0.343901 -0.176433 -0.317578 0.035668 -0.008583 -0.001717
1757664955.512269 -0.042916 0.008583 -0.002861 -0.003242 0.014111 -0.002126 -0.023842 -0.001335 0.013924 -0.016975 -0.002290 0.005115 0.089456 -0.019264 0.002098 -0.000572 -0.055886 -0.346571 -0.178340 -0.317960 0.035287 -0.008583 -0.001717
1757664955.514260 -0.042916 0.008583 -0.002861 -0.003242 0.014111 -0.002126 -0.023842 -0.000954 0.013924 -0.016975 -0.002290 0.005115 0.089456 -0.019264 0.002098 -0.000572 -0.055886 -0.349241 -0.180629 -0.317960 0.034905 -0.008583 -0.001717
1757664955.516267 -0.042916 0.008583 -0.002861 -0.003242 0.014111 -0.002126 -0.023842 -0.000954 0.013924 -0.016975 -0.002290 0.005115 0.089456 -0.019264 0.002098 -0.000572 -0.055886 -0.351912 -0.182918 -0.317960 0.034905 -0.008583 -0.001717
1757664955.518410 -0.042916 0.008583 -0.002861 -0.003242 0.014111 -0.002126 -0.023842 -0.000954 0.013924 -0.016975 -0.002290 0.005115 0.089456 -0.019264 0.002098 -0.000572 -0.055886 -0.354582 -0.185206 -0.317960 0.034905 -0.008583 -0.001717
1757664955.520283 -0.042916 0.008583 -0.002861 -0.003242 0.014111 -0.002126 -0.023842 -0.000954 0.013924 -0.016975 -0.002290 0.005115 0.089837 -0.019264 0.002098 -0.000572 -0.055886 -0.357252 -0.187114 -0.317960 0.034524 -0.008583 -0.001717
1757664955.522266 -0.042916 0.008583 -0.002861 -0.003242 0.014111 -0.002126 -0.023842 -0.000954 0.013924 -0.016975 -0.002290 0.005115 0.089837 -0.019264 0.002098 -0.000572 -0.055886 -0.359922 -0.189403 -0.317960 0.034142 -0.008583 -0.001717
1757664955.524280 -0.042916 0.008583 -0.002861 -0.003242 0.014111 -0.002126 -0.023842 -0.000954 0.013924 -0.016975 -0.002290 0.005115 0.089837 -0.019264 0.002098 -0.000572 -0.055886 -0.362593 -0.191310 -0.317960 0.034142 -0.008583 -0.001717
1757664955.526309 -0.042916 0.008583 -0.002861 -0.003242 0.014111 -0.002126 -0.023842 -0.000954 0.013924 -0.016975 -0.002290 0.005115 0.089837 -0.019264 0.002098 -0.000572 -0.055886 -0.365263 -0.193599 -0.317960 0.033761 -0.008583 -0.001717
1757664955.528260 -0.042916 0.008583 -0.002861 -0.003242 0.014111 -0.002126 -0.023842 -0.000954 0.013924 -0.016975 -0.002290 0.005115 0.089837 -0.019264 0.002098 -0.000572 -0.055886 -0.367933 -0.195888 -0.317960 0.033761 -0.008583 -0.001717
1757664955.530269 -0.042916 0.008583 -0.002861 -0.003242 0.014111 -0.002126 -0.023842 -0.000954 0.013924 -0.016975 -0.002290 0.005115 0.089837 -0.019264 0.002098 -0.000572 -0.055886 -0.370604 -0.197795 -0.317960 0.033380 -0.008583 -0.001717
1757664955.532269 -0.042916 0.008583 -0.002861 -0.003242 0.014111 -0.002126 -0.023842 -0.000954 0.013924 -0.016975 -0.002290 0.005115 0.089837 -0.019264 0.002098 -0.000572 -0.055886 -0.373274 -0.200084 -0.317960 0.033380 -0.008583 -0.001717
1757664955.534259 -0.042916 0.008583 -0.002861 -0.003242 0.014111 -0.002126 -0.023842 -0.000954 0.013924 -0.016975 -0.002290 0.005115 0.089837 -0.019264 0.002098 -0.000572 -0.055886 -0.375944 -0.202373 -0.317960 0.032998 -0.008583 -0.001717
1757664955.536259 -0.042916 0.008583 -0.002861 -0.003242 0.014111 -0.002126 -0.023842 -0.000954 0.013924 -0.016975 -0.002290 0.005115 0.090219 -0.019264 0.002098 -0.000572 -0.055886 -0.378614 -0.204280 -0.317960 0.032617 -0.008583 -0.001717
1757664955.538262 -0.042916 0.008583 -0.002861 -0.003242 0.014111 -0.002126 -0.023842 -0.000954 0.013924 -0.016975 -0.002290 0.005115 0.090219 -0.019264 0.002098 -0.000572 -0.055886 -0.381285 -0.206569 -0.317960 0.032235 -0.008583 -0.001717
1757664955.540277 -0.042916 0.008583 -0.002861 -0.003242 0.014111 -0.002126 -0.023842 -0.000954 0.013924 -0.016975 -0.002290 0.005115 0.090219 -0.019264 0.002098 -0.000572 -0.055886 -0.383955 -0.208858 -0.317960 0.032235 -0.008583 -0.001717
1757664955.542277 -0.042916 0.008583 -0.002861 -0.003242 0.014111 -0.002126 -0.023842 -0.000954 0.013924 -0.016975 -0.002290 0.005115 0.090219 -0.019264 0.002098 -0.000572 -0.055886 -0.386625 -0.210765 -0.317960 0.031854 -0.008583 -0.001717
1757664955.544274 -0.042916 0.008583 -0.002861 -0.003242 0.013976 -0.002382 -0.023842 -0.000954 0.013924 -0.016975 -0.002290 0.005115 0.090219 -0.019264 0.002098 -0.000572 -0.055886 -0.389296 -0.213054 -0.317960 0.031472 -0.008583 -0.001717
1757664955.546282 -0.042916 0.008583 -0.002861 -0.003242 0.013976 -0.002382 -0.023842 -0.000954 0.013924 -0.016975 -0.002290 0.005115 0.090219 -0.019264 0.002098 -0.000572 -0.055886 -0.391966 -0.214961 -0.317960 0.031090 -0.008583 -0.001717
1757664955.548293 -0.042916 0.008583 -0.002861 -0.003242 0.013976 -0.002382 -0.023842 -0.000954 0.013924 -0.016975 -0.002290 0.005115 0.090219 -0.019264 0.002098 -0.000572 -0.055886 -0.395018 -0.217250 -0.317960 0.030708 -0.008583 -0.001717
1757664955.550317 -0.042916 0.008583 -0.002861 -0.003242 0.013976 -0.002382 -0.023842 -0.000954 0.013924 -0.016975 -0.002290 0.005115 0.090219 -0.019264 0.002098 -0.000572 -0.055886 -0.397688 -0.219158 -0.317960 0.030327 -0.008583 -0.001717
1757664955.552275 -0.042916 0.008583 -0.002861 -0.003242 0.013976 -0.002382 -0.023842 -0.000954 0.013924 -0.016975 -0.002290 0.005115 0.090219 -0.019264 0.002098 -0.000572 -0.055886 -0.400358 -0.221447 -0.317960 0.029945 -0.008583 -0.001717
1757664955.554280 -0.042916 0.008583 -0.002861 -0.003242 0.013976 -0.002382 -0.023842 -0.000954 0.013924 -0.016975 -0.002290 0.005115 0.090219 -0.019264 0.002098 -0.000572 -0.055886 -0.403028 -0.223736 -0.317960 0.029945 -0.008583 -0.001717
1757664955.556273 -0.042916 0.008583 -0.002861 -0.003242 0.013976 -0.002382 -0.023842 -0.000954 0.013924 -0.016975 -0.002290 0.005115 0.090219 -0.019264 0.002098 -0.000572 -0.055886 -0.406080 -0.225643 -0.317960 0.029564 -0.008583 -0.001717
1757664955.558266 -0.042916 0.008583 -0.002861 -0.003242 0.013976 -0.002382 -0.023842 -0.000954 0.013924 -0.016975 -0.002290 0.005115 0.090219 -0.019264 0.002098 -0.000572 -0.055886 -0.408751 -0.227932 -0.317960 0.029182 -0.008583 -0.001717
1757664955.560337 -0.042916 0.008583 -0.002861 -0.003242 0.013976 -0.002382 -0.023842 -0.000954 0.013924 -0.016975 -0.002290 0.005115 0.090219 -0.019264 0.002098 -0.000572 -0.055886 -0.411422 -0.230221 -0.317960 0.028801 -0.008583 -0.001717
1757664955.562293 -0.042916 0.008583 -0.002861 -0.003242 0.013976 -0.002382 -0.023842 -0.000954 0.013924 -0.016975 -0.002290 0.005115 0.090219 -0.019264 0.002098 -0.000572 -0.055886 -0.414092 -0.232128 -0.317960 0.028419 -0.008583 -0.001717
1757664955.564265 -0.042916 0.008965 -0.002861 -0.003242 0.013976 -0.002382 -0.023842 -0.000954 0.013924 -0.016975 -0.002290 0.005115 0.090219 -0.019264 0.002098 -0.000572 -0.055886 -0.417144 -0.234417 -0.317960 0.028038 -0.008583 -0.001717
1757664955.566284 -0.042916 0.008965 -0.002861 -0.003242 0.013976 -0.002382 -0.023842 -0.000954 0.013924 -0.016975 -0.002290 0.005115 0.090219 -0.019264 0.002098 -0.000572 -0.055886 -0.419814 -0.236706 -0.317960 0.028038 -0.008583 -0.001717
1757664955.568321 -0.042916 0.008965 -0.002861 -0.003242 0.013976 -0.002382 -0.023842 -0.000954 0.013924 -0.016975 -0.002290 0.005115 0.090219 -0.019264 0.002098 -0.000572 -0.055886 -0.422484 -0.238613 -0.317960 0.027657 -0.008583 -0.001717
1757664955.570268 -0.042916 0.008965 -0.002861 -0.003242 0.013976 -0.002382 -0.023842 -0.000954 0.013924 -0.016975 -0.002290 0.005115 0.090219 -0.019264 0.002098 -0.000572 -0.055886 -0.425536 -0.240902 -0.317960 0.027275 -0.008583 -0.001717
1757664955.572284 -0.042916 0.008965 -0.002861 -0.003242 0.013976 -0.002382 -0.023842 -0.000954 0.013924 -0.016975 -0.002290 0.005115 0.090219 -0.019264 0.002098 -0.000572 -0.055886 -0.428206 -0.243191 -0.317960 0.027275 -0.008583 -0.001717
1757664955.574280 -0.042916 0.008965 -0.002861 -0.003242 0.013976 -0.002382 -0.023842 -0.000954 0.013924 -0.016975 -0.002290 0.005115 0.090219 -0.019264 0.002098 -0.000572 -0.055886 -0.430877 -0.245480 -0.317960 0.026894 -0.008583 -0.001717
1757664955.576248 -0.042916 0.008965 -0.002861 -0.003242 0.013976 -0.002382 -0.023842 -0.000954 0.013924 -0.016975 -0.002290 0.005115 0.090219 -0.019264 0.002098 -0.000572 -0.055886 -0.433928 -0.247768 -0.317960 0.026894 -0.008583 -0.001717
1757664955.578228 -0.042916 0.008965 -0.002861 -0.003242 0.013841 -0.002638 -0.023842 -0.000954 0.013924 -0.016975 -0.002290 0.005115 0.090219 -0.019264 0.002098 -0.000572 -0.055886 -0.436599 -0.249676 -0.317960 0.026512 -0.008583 -0.001717
1757664955.580259 -0.042916 0.008965 -0.002861 -0.003242 0.013841 -0.002638 -0.023842 -0.000954 0.013924 -0.016975 -0.002290 0.005115 0.090219 -0.019264 0.002098 -0.000572 -0.055886 -0.439651 -0.251965 -0.317960 0.026512 -0.008583 -0.001717
1757664955.582242 -0.042916 0.008965 -0.002861 -0.003242 0.013841 -0.002638 -0.023842 -0.000954 0.013924 -0.016975 -0.002290 0.005115 0.090219 -0.019264 0.002098 -0.000572 -0.055886 -0.442321 -0.254253 -0.317960 0.026512 -0.008583 -0.001717
1757664955.584232 -0.042916 0.008965 -0.002861 -0.003242 0.013841 -0.002638 -0.023842 -0.000572 0.013924 -0.016975 -0.002290 0.005115 0.090219 -0.019264 0.002098 -0.000572 -0.055886 -0.445373 -0.256542 -0.317960 0.026131 -0.008583 -0.001717
1757664955.586234 -0.042916 0.008965 -0.002861 -0.003242 0.013841 -0.002638 -0.023842 -0.000572 0.013924 -0.016975 -0.002290 0.005115 0.090219 -0.019264 0.002098 -0.000572 -0.055886 -0.448043 -0.258831 -0.317960 0.026131 -0.008583 -0.001717
1757664955.588251 -0.042916 0.008965 -0.002861 -0.003242 0.013841 -0.002638 -0.023842 -0.000572 0.013924 -0.016975 -0.002290 0.005115 0.090219 -0.019264 0.002098 -0.000572 -0.055886 -0.451095 -0.261120 -0.317960 0.026131 -0.008583 -0.001717
1757664955.590254 -0.042916 0.008965 -0.002861 -0.003242 0.013841 -0.002638 -0.023842 -0.000572 0.013924 -0.016975 -0.002290 0.005115 0.090219 -0.018883 0.002098 -0.000572 -0.055886 -0.454146 -0.263409 -0.317960 0.026131 -0.008583 -0.001717
1757664955.592234 -0.042916 0.008965 -0.002861 -0.003242 0.013841 -0.002638 -0.023842 -0.000572 0.013924 -0.016975 -0.002290 0.005115 0.090219 -0.018883 0.002098 -0.000572 -0.055886 -0.456817 -0.265316 -0.317960 0.026131 -0.008583 -0.001717
1757664955.594232 -0.042916 0.008965 -0.002861 -0.003242 0.013841 -0.002638 -0.023842 -0.000572 0.013924 -0.016975 -0.002290 0.005115 0.090219 -0.019264 0.002098 -0.000572 -0.055886 -0.459868 -0.267605 -0.317960 0.025749 -0.008583 -0.001717
1757664955.596224 -0.042916 0.008965 -0.002861 -0.003242 0.013841 -0.002638 -0.023842 -0.000572 0.013924 -0.016975 -0.002290 0.005115 0.090219 -0.019264 0.002098 -0.000572 -0.055886 -0.462920 -0.269894 -0.317960 0.025749 -0.008583 -0.001717
1757664955.598223 -0.042916 0.008965 -0.002861 -0.003242 0.013841 -0.002638 -0.023842 -0.000572 0.013924 -0.016975 -0.002290 0.005115 0.090219 -0.019264 0.002098 -0.000572 -0.055886 -0.465972 -0.272182 -0.317960 0.025749 -0.008583 -0.001717
1757664955.600222 -0.042916 0.008965 -0.002861 -0.003242 0.013841 -0.002638 -0.023842 -0.000572 0.013924 -0.016975 -0.002290 0.005115 0.090219 -0.018883 0.002098 -0.000572 -0.055886 -0.469025 -0.274471 -0.317960 0.025749 -0.008583 -0.001717
1757664955.602228 -0.042916 0.008965 -0.002861 -0.003242 0.013841 -0.002638 -0.023842 -0.000572 0.013924 -0.016975 -0.002290 0.005115 0.090219 -0.018883 0.002098 -0.000572 -0.055886 -0.471695 -0.276760 -0.317960 0.025749 -0.008583 -0.001717
1757664955.604216 -0.042916 0.008965 -0.002861 -0.003242 0.013841 -0.002638 -0.023842 -0.000572 0.013924 -0.016975 -0.002290 0.005115 0.090219 -0.018883 0.002098 -0.000572 -0.055886 -0.474747 -0.279049 -0.317960 0.025749 -0.008583 -0.001717
1757664955.606220 -0.042916 0.008965 -0.002861 -0.003242 0.013841 -0.002638 -0.023842 -0.000572 0.013924 -0.016975 -0.002290 0.005115 0.090219 -0.018883 0.002098 -0.000572 -0.055886 -0.477798 -0.281339 -0.317960 0.025749 -0.008583 -0.001717
1757664955.608219 -0.042916 0.008965 -0.002861 -0.003242 0.013841 -0.002638 -0.023842 -0.000572 0.013924 -0.016975 -0.002290 0.005115 0.090219 -0.018883 0.002098 -0.000572 -0.055886 -0.480850 -0.283628 -0.317578 0.025749 -0.008583 -0.001717
1757664955.610219 -0.042916 0.008965 -0.002861 -0.003242 0.013841 -0.002638 -0.023842 -0.000572 0.013924 -0.016975 -0.002290 0.005115 0.090219 -0.018883 0.002098 -0.000572 -0.055886 -0.483902 -0.285916 -0.317578 0.025749 -0.008583 -0.001717
1757664955.612227 -0.042916 0.009346 -0.002480 -0.003242 0.013705 -0.002894 -0.023842 -0.000572 0.013924 -0.016975 -0.002290 0.005115 0.090219 -0.018883 0.002098 -0.000572 -0.055886 -0.486954 -0.287824 -0.317578 0.025749 -0.008583 -0.001717
1757664955.614243 -0.042916 0.009346 -0.002480 -0.003242 0.013705 -0.002894 -0.023842 -0.000572 0.013924 -0.016975 -0.002290 0.005115 0.090219 -0.018883 0.002098 -0.000572 -0.055886 -0.490005 -0.290494 -0.317578 0.025749 -0.008583 -0.001717
1757664955.616241 -0.042916 0.009346 -0.002480 -0.003242 0.013705 -0.002894 -0.023842 -0.000572 0.013924 -0.016975 -0.002290 0.005115 0.090219 -0.018883 0.002098 -0.000572 -0.055886 -0.493057 -0.292783 -0.317578 0.025749 -0.008583 -0.001717
1757664955.618237 -0.042916 0.009346 -0.002480 -0.003242 0.013705 -0.002894 -0.023842 -0.000572 0.013924 -0.016975 -0.002290 0.005115 0.090219 -0.018883 0.002098 -0.000572 -0.055886 -0.496109 -0.294690 -0.317578 0.025749 -0.008583 -0.001717
1757664955.620235 -0.042916 0.009346 -0.002480 -0.003242 0.013705 -0.002894 -0.023842 -0.000572 0.013924 -0.016975 -0.002290 0.005115 0.090219 -0.018883 0.002098 -0.000572 -0.055886 -0.499161 -0.296979 -0.317578 0.025749 -0.008583 -0.001717
1757664955.622251 -0.042916 0.009346 -0.002480 -0.003242 0.013705 -0.002894 -0.023842 -0.000572 0.013924 -0.016975 -0.002290 0.005115 0.090219 -0.018883 0.002098 -0.000572 -0.055886 -0.502213 -0.299268 -0.317578 0.025749 -0.008583 -0.001717
1757664955.624242 -0.042916 0.009346 -0.002480 -0.003242 0.013705 -0.002894 -0.023842 -0.000572 0.013924 -0.016975 -0.002290 0.005115 0.090219 -0.018883 0.002098 -0.000572 -0.055886 -0.505264 -0.301938 -0.317578 0.025749 -0.008583 -0.001717
1757664955.626251 -0.042916 0.009346 -0.002480 -0.003242 0.013705 -0.002894 -0.023842 -0.000572 0.013924 -0.016975 -0.002290 0.005115 0.090219 -0.018883 0.002098 -0.000572 -0.055886 -0.508316 -0.304227 -0.317578 0.025749 -0.008583 -0.001717
1757664955.628248 -0.042916 0.009346 -0.002480 -0.003242 0.013705 -0.002894 -0.023842 -0.000572 0.013924 -0.016975 -0.002290 0.005115 0.090219 -0.018883 0.002098 -0.000572 -0.055886 -0.511368 -0.306516 -0.317578 0.025749 -0.008583 -0.001717
1757664955.630275 -0.042916 0.009346 -0.002480 -0.003242 0.013705 -0.002894 -0.023842 -0.000572 0.013924 -0.016975 -0.002290 0.005115 0.090219 -0.018883 0.002098 -0.000572 -0.055886 -0.514038 -0.308805 -0.317578 0.025749 -0.008583 -0.001717
1757664955.632266 -0.042916 0.009346 -0.002480 -0.003242 0.013705 -0.002894 -0.023842 -0.000572 0.013924 -0.016975 -0.002290 0.005115 0.090219 -0.018883 0.002098 -0.000572 -0.055886 -0.517090 -0.311093 -0.317578 0.025749 -0.008583 -0.001717
1757664955.634260 -0.042916 0.009346 -0.002480 -0.003242 0.013705 -0.002894 -0.023842 -0.000572 0.013924 -0.016975 -0.002290 0.005115 0.090219 -0.018883 0.002098 -0.000572 -0.055886 -0.520142 -0.313382 -0.317578 0.025749 -0.008583 -0.001717
1757664955.636274 -0.042916 0.009346 -0.002480 -0.003242 0.013705 -0.002894 -0.023842 -0.000572 0.013924 -0.016975 -0.002290 0.005115 0.090219 -0.018883 0.002098 -0.000572 -0.055886 -0.523193 -0.315671 -0.317578 0.025749 -0.008583 -0.001717
1757664955.638257 -0.042916 0.009346 -0.002480 -0.003242 0.013705 -0.002894 -0.023842 -0.000572 0.013924 -0.016975 -0.002290 0.005115 0.090219 -0.018883 0.002098 -0.000572 -0.055886 -0.526245 -0.317960 -0.317578 0.025749 -0.008583 -0.001717
1757664955.640258 -0.042916 0.009346 -0.002480 -0.003242 0.013705 -0.002894 -0.023842 -0.000572 0.013924 -0.016975 -0.002290 0.005115 0.090219 -0.018883 0.002098 -0.000572 -0.055886 -0.529297 -0.320249 -0.317578 0.025749 -0.008583 -0.001717
1757664955.642256 -0.042916 0.009346 -0.002480 -0.003242 0.013705 -0.002894 -0.023842 -0.000572 0.013924 -0.016975 -0.002290 0.005115 0.090219 -0.018883 0.002098 -0.000572 -0.055886 -0.532350 -0.322537 -0.317578 0.025749 -0.008583 -0.001717
1757664955.644347 -0.042916 0.009346 -0.002480 -0.003242 0.013705 -0.002894 -0.023842 -0.000572 0.013924 -0.016975 -0.002290 0.005115 0.090219 -0.018883 0.002098 -0.000572 -0.055886 -0.535401 -0.324826 -0.317578 0.025749 -0.008583 -0.001717
1757664955.646274 -0.042916 0.009346 -0.002480 -0.003242 0.013705 -0.002894 -0.023842 -0.000572 0.013924 -0.016975 -0.002290 0.005115 0.090219 -0.018883 0.002098 -0.000572 -0.055886 -0.538453 -0.327115 -0.317578 0.025749 -0.008583 -0.001717
1757664955.648268 -0.042916 0.009346 -0.002480 -0.003242 0.013705 -0.002894 -0.023842 -0.000572 0.013924 -0.016975 -0.002290 0.005115 0.090219 -0.018883 0.002098 -0.000572 -0.055886 -0.541505 -0.329785 -0.317578 0.025749 -0.008583 -0.001717
1757664955.650312 -0.042916 0.009346 -0.002480 -0.003242 0.013705 -0.002894 -0.023842 -0.000572 0.013924 -0.016975 -0.002290 0.005115 0.090219 -0.018883 0.002098 -0.000572 -0.055886 -0.544557 -0.332074 -0.317578 0.025749 -0.008583 -0.001717
1757664955.652270 -0.042916 0.009346 -0.002480 -0.003242 0.013705 -0.002894 -0.023842 -0.000572 0.013924 -0.016975 -0.002290 0.005115 0.090219 -0.018883 0.002098 -0.000572 -0.055886 -0.547608 -0.334363 -0.317578 0.025749 -0.008583 -0.001717
1757664955.654277 -0.042916 0.009346 -0.002480 -0.003242 0.013705 -0.002894 -0.023842 -0.000572 0.013924 -0.016975 -0.002290 0.005115 0.090219 -0.018883 0.002098 -0.000572 -0.055886 -0.551042 -0.336652 -0.317578 0.025749 -0.008583 -0.001717
1757664955.656334 -0.042916 0.009346 -0.002480 -0.003242 0.013705 -0.002894 -0.023842 -0.000572 0.013924 -0.016975 -0.002290 0.005115 0.090219 -0.018883 0.002098 -0.000572 -0.055886 -0.554093 -0.338941 -0.317578 0.025749 -0.008583 -0.001717
1757664955.658317 -0.042916 0.009346 -0.002480 -0.003242 0.013705 -0.002894 -0.023842 -0.000572 0.013924 -0.016975 -0.002290 0.005115 0.090219 -0.018883 0.002098 -0.000572 -0.055886 -0.557145 -0.341229 -0.317578 0.025749 -0.008583 -0.001717
1757664955.660308 -0.042916 0.009346 -0.002480 -0.003242 0.013705 -0.002894 -0.023842 -0.000572 0.013924 -0.016975 -0.002290 0.005115 0.090219 -0.018883 0.002098 -0.000572 -0.055886 -0.560197 -0.343901 -0.317578 0.025749 -0.008583 -0.001717
1757664955.662304 -0.042916 0.009346 -0.002480 -0.003242 0.013705 -0.002894 -0.023842 -0.000572 0.013924 -0.016975 -0.002290 0.005115 0.090219 -0.018883 0.002098 -0.000572 -0.055886 -0.563249 -0.346189 -0.317578 0.025749 -0.008583 -0.001717
1757664955.664310 -0.042916 0.009346 -0.002480 -0.003242 0.013705 -0.002894 -0.023842 -0.000572 0.013924 -0.016975 -0.002290 0.005115 0.090219 -0.018883 0.002098 -0.000572 -0.055886 -0.566300 -0.348478 -0.317578 0.025749 -0.008583 -0.001717
1757664955.666308 -0.042916 0.009346 -0.002480 -0.003242 0.013705 -0.002894 -0.023842 -0.000572 0.013924 -0.016975 -0.002290 0.005115 0.090219 -0.018883 0.002098 -0.000572 -0.055886 -0.569352 -0.350767 -0.317578 0.025749 -0.008583 -0.001717
1757664955.668304 -0.042916 0.009346 -0.002480 -0.003242 0.013705 -0.002894 -0.023842 -0.000572 0.013924 -0.016975 -0.002290 0.005115 0.090219 -0.018883 0.002098 -0.000572 -0.055886 -0.572404 -0.353056 -0.317578 0.025749 -0.008583 -0.001717
1757664955.670358 -0.042916 0.009346 -0.002480 -0.003242 0.013705 -0.002894 -0.023842 -0.000572 0.013924 -0.016975 -0.002290 0.005115 0.090219 -0.018883 0.002098 -0.000572 -0.055886 -0.575456 -0.355345 -0.317578 0.025749 -0.008583 -0.001717
1757664955.672307 -0.042916 0.009346 -0.002480 -0.003242 0.013705 -0.002894 -0.023842 -0.000572 0.013924 -0.016975 -0.002290 0.005115 0.090219 -0.018883 0.002098 -0.000572 -0.055886 -0.578507 -0.358015 -0.317578 0.025749 -0.008583 -0.001717
1757664955.674316 -0.042916 0.009346 -0.002480 -0.003242 0.013705 -0.002894 -0.023842 -0.000572 0.013924 -0.016975 -0.002290 0.005115 0.090219 -0.018883 0.002098 -0.000572 -0.055886 -0.581941 -0.360304 -0.317578 0.025749 -0.008583 -0.001717
1757664955.676316 -0.042916 0.009346 -0.002480 -0.003242 0.013705 -0.002894 -0.023842 -0.000572 0.013924 -0.016975 -0.002290 0.005115 0.090219 -0.018883 0.002098 -0.000572 -0.055886 -0.584992 -0.362593 -0.317578 0.025749 -0.008583 -0.001717
1757664955.678301 -0.042916 0.009346 -0.002480 -0.003242 0.013705 -0.002894 -0.023842 -0.000572 0.013924 -0.016975 -0.002290 0.005115 0.090219 -0.018883 0.002098 -0.000572 -0.055886 -0.588044 -0.364882 -0.317578 0.025749 -0.008583 -0.001717
1757664955.680306 -0.042916 0.009346 -0.002480 -0.003242 0.013705 -0.002894 -0.023842 -0.000572 0.013924 -0.016975 -0.002290 0.005115 0.089837 -0.018883 0.002098 -0.000572 -0.055886 -0.591096 -0.367170 -0.317578 0.025749 -0.008583 -0.001717
1757664955.682306 -0.042916 0.009346 -0.002480 -0.003242 0.013705 -0.002894 -0.023842 -0.000572 0.013924 -0.016975 -0.002290 0.005115 0.089837 -0.018883 0.002098 -0.000572 -0.055886 -0.594149 -0.369841 -0.317578 0.025749 -0.008583 -0.001717
1757664955.684341 -0.042916 0.009346 -0.002480 -0.003242 0.013705 -0.002894 -0.023842 -0.000572 0.013924 -0.016975 -0.002290 0.005115 0.089837 -0.018883 0.002098 -0.000572 -0.055886 -0.597582 -0.372129 -0.317578 0.025749 -0.008583 -0.001717
1757664955.686303 -0.042916 0.009346 -0.002480 -0.003242 0.013705 -0.002894 -0.023842 -0.000572 0.013924 -0.016975 -0.002290 0.005115 0.089837 -0.018883 0.002098 -0.000572 -0.055886 -0.600634 -0.374418 -0.317578 0.025749 -0.008583 -0.001717
1757664955.688351 -0.042916 0.009346 -0.002480 -0.003242 0.013705 -0.002894 -0.023842 -0.000572 0.013924 -0.016975 -0.002290 0.005115 0.089837 -0.018883 0.002098 -0.000572 -0.055886 -0.603685 -0.376707 -0.317578 0.025749 -0.008583 -0.001717
1757664955.690331 -0.042916 0.009346 -0.002480 -0.003242 0.013705 -0.002894 -0.023842 -0.000572 0.013924 -0.016975 -0.002290 0.005115 0.089837 -0.018883 0.002098 -0.000572 -0.055886 -0.607119 -0.378996 -0.317578 0.025749 -0.008583 -0.001717
1757664955.692306 -0.042916 0.009346 -0.002480 -0.003242 0.013705 -0.002894 -0.023842 -0.000572 0.013924 -0.016975 -0.002290 0.005115 0.089837 -0.018883 0.002098 -0.000572 -0.055886 -0.610170 -0.381285 -0.317578 0.025749 -0.008583 -0.001717
1757664955.694303 -0.042916 0.009346 -0.002480 -0.003242 0.013705 -0.002894 -0.023842 -0.000572 0.013924 -0.016975 -0.002290 0.005115 0.089837 -0.018883 0.002098 -0.000572 -0.055886 -0.613604 -0.383955 -0.317578 0.025749 -0.008583 -0.001717
1757664955.696300 -0.042916 0.009346 -0.002480 -0.003242 0.013705 -0.002894 -0.023842 -0.000572 0.013924 -0.016975 -0.002290 0.005115 0.089456 -0.018501 0.002098 -0.000572 -0.055886 -0.616655 -0.386244 -0.317578 0.025749 -0.008583 -0.001717
1757664955.698306 -0.042916 0.009346 -0.002480 -0.003242 0.013705 -0.002894 -0.023842 -0.000572 0.013924 -0.016975 -0.002290 0.005115 0.089456 -0.018501 0.002098 -0.000572 -0.055886 -0.619707 -0.388533 -0.317578 0.025749 -0.008583 -0.001717
1757664955.700302 -0.042916 0.009346 -0.002480 -0.003242 0.013705 -0.002894 -0.023842 -0.000572 0.013924 -0.016975 -0.002290 0.005115 0.089456 -0.018501 0.002098 -0.000572 -0.055886 -0.622759 -0.391203 -0.317578 0.025749 -0.008583 -0.001717
1757664955.702299 -0.042916 0.009346 -0.002480 -0.003242 0.013705 -0.002894 -0.023842 -0.000572 0.013924 -0.016975 -0.002290 0.005115 0.089456 -0.018501 0.002098 -0.000572 -0.055886 -0.626192 -0.393492 -0.317578 0.025749 -0.008583 -0.001717
1757664955.704299 -0.042916 0.009346 -0.002480 -0.003242 0.013705 -0.002894 -0.023842 -0.000572 0.013924 -0.016975 -0.002290 0.005115 0.089456 -0.018501 0.002098 -0.000572 -0.055886 -0.629625 -0.395781 -0.317578 0.025749 -0.008583 -0.001717
1757664955.706305 -0.042916 0.009346 -0.002480 -0.003242 0.013705 -0.002894 -0.023842 -0.000572 0.013924 -0.016975 -0.002290 0.005115 0.089456 -0.018501 0.002098 -0.000572 -0.055886 -0.632677 -0.398069 -0.317578 0.025749 -0.008583 -0.001717
1757664955.708289 -0.042916 0.009346 -0.002480 -0.003242 0.013705 -0.002894 -0.023842 -0.000572 0.013924 -0.016975 -0.002290 0.005115 0.089456 -0.018501 0.002098 -0.000572 -0.055886 -0.636110 -0.400740 -0.317578 0.025749 -0.008583 -0.001717
1757664955.710267 -0.042916 0.009346 -0.002480 -0.003242 0.013705 -0.002894 -0.023842 -0.000572 0.013924 -0.016975 -0.002290 0.005115 0.089456 -0.018501 0.002098 -0.000572 -0.055886 -0.639162 -0.403028 -0.317578 0.025749 -0.008583 -0.001717
1757664955.712303 -0.042916 0.009346 -0.002480 -0.003242 0.013705 -0.002894 -0.023842 -0.000572 0.013924 -0.016975 -0.002290 0.005115 0.089074 -0.018501 0.002098 -0.000572 -0.055886 -0.642595 -0.405317 -0.317578 0.025749 -0.008583 -0.001717
1757664955.714312 -0.042916 0.009346 -0.002480 -0.003242 0.013705 -0.002894 -0.023842 -0.000572 0.014305 -0.016975 -0.002290 0.005115 0.089074 -0.018501 0.002098 -0.000572 -0.055886 -0.646029 -0.407607 -0.317578 0.025749 -0.008583 -0.001717
1757664955.716258 -0.042916 0.009346 -0.002480 -0.003242 0.013705 -0.002894 -0.023842 -0.000572 0.014305 -0.016975 -0.002290 0.005115 0.089074 -0.018501 0.002098 -0.000572 -0.055886 -0.649080 -0.410277 -0.317578 0.025749 -0.008583 -0.001717
1757664955.718263 -0.042916 0.009346 -0.002480 -0.003242 0.013705 -0.002894 -0.023842 -0.000572 0.014305 -0.016975 -0.002290 0.005115 0.089074 -0.018501 0.002098 -0.000572 -0.055886 -0.652514 -0.412566 -0.317578 0.025749 -0.008583 -0.001717
1757664955.720258 -0.042916 0.009346 -0.002480 -0.003242 0.013705 -0.002894 -0.023842 -0.000572 0.014305 -0.016975 -0.002290 0.005115 0.089074 -0.018501 0.002098 -0.000572 -0.055886 -0.655565 -0.414855 -0.317578 0.025749 -0.008583 -0.001717
1757664955.722251 -0.042916 0.009346 -0.002480 -0.003242 0.013705 -0.002894 -0.023842 -0.000572 0.014305 -0.016975 -0.002290 0.005115 0.089074 -0.018501 0.002098 -0.000572 -0.055886 -0.658999 -0.417144 -0.317578 0.025749 -0.008583 -0.001717
1757664955.724261 -0.042916 0.009346 -0.002480 -0.003242 0.013705 -0.002894 -0.023842 -0.000572 0.014305 -0.016975 -0.002290 0.005115 0.089074 -0.018501 0.002098 -0.000572 -0.055886 -0.662051 -0.419433 -0.317578 0.025749 -0.008583 -0.001717
1757664955.726252 -0.042916 0.009346 -0.002480 -0.003242 0.013705 -0.002894 -0.023842 -0.000572 0.014305 -0.016975 -0.002290 0.005115 0.089074 -0.018501 0.002098 -0.000572 -0.055886 -0.665484 -0.421721 -0.317578 0.025749 -0.008583 -0.001717
1757664955.728269 -0.042916 0.009346 -0.002480 -0.003242 0.013705 -0.002894 -0.023842 -0.000572 0.014305 -0.016975 -0.002290 0.005115 0.088693 -0.018501 0.002098 -0.000572 -0.055886 -0.668918 -0.424392 -0.317578 0.025749 -0.008583 -0.001717
1757664955.730261 -0.042916 0.009346 -0.002480 -0.003242 0.013705 -0.002894 -0.023842 -0.000572 0.014305 -0.016975 -0.002290 0.005115 0.088693 -0.018501 0.002098 -0.000572 -0.055886 -0.671969 -0.426681 -0.317578 0.025749 -0.008583 -0.001717
1757664955.732256 -0.042916 0.009346 -0.002480 -0.003242 0.013705 -0.002894 -0.023842 -0.000572 0.014305 -0.016975 -0.002290 0.005115 0.088693 -0.018501 0.002098 -0.000572 -0.055886 -0.675403 -0.428969 -0.317578 0.025749 -0.008583 -0.001717
1757664955.734267 -0.042916 0.009346 -0.002480 -0.003242 0.013705 -0.002894 -0.023842 -0.000572 0.014305 -0.016975 -0.002290 0.005115 0.088693 -0.018501 0.002098 -0.000572 -0.055886 -0.678454 -0.431258 -0.317578 0.025749 -0.008583 -0.001717
1757664955.736263 -0.042916 0.009346 -0.002480 -0.003242 0.013705 -0.002894 -0.023842 -0.000572 0.014305 -0.016975 -0.002290 0.005115 0.088693 -0.018501 0.002098 -0.000572 -0.055886 -0.681888 -0.433547 -0.317578 0.025749 -0.008583 -0.001717
1757664955.738278 -0.042916 0.009346 -0.002480 -0.003242 0.013705 -0.002894 -0.023842 -0.000572 0.014305 -0.016975 -0.002290 0.005115 0.088693 -0.018501 0.002098 -0.000572 -0.055886 -0.685321 -0.436217 -0.317578 0.025749 -0.008583 -0.001717
1757664955.740267 -0.042916 0.009346 -0.002480 -0.003242 0.013705 -0.002894 -0.023842 -0.000572 0.014305 -0.016975 -0.002290 0.005115 0.088693 -0.018501 0.002098 -0.000572 -0.055886 -0.688754 -0.438506 -0.317578 0.025749 -0.008583 -0.001717
1757664955.742288 -0.042916 0.009346 -0.002480 -0.003242 0.013705 -0.002894 -0.023842 -0.000572 0.014305 -0.016975 -0.002290 0.005115 0.088693 -0.018501 0.002098 -0.000572 -0.055886 -0.691806 -0.440795 -0.317578 0.025749 -0.008583 -0.001717
1757664955.744255 -0.042916 0.009346 -0.002480 -0.003242 0.013705 -0.002894 -0.023842 -0.000572 0.014305 -0.016975 -0.002290 0.005115 0.088311 -0.018501 0.002098 -0.000572 -0.055886 -0.695239 -0.443084 -0.317578 0.025749 -0.008583 -0.001717
1757664955.746261 -0.042916 0.009346 -0.002480 -0.003242 0.013705 -0.002894 -0.023842 -0.000572 0.014305 -0.016975 -0.002290 0.005115 0.088311 -0.018501 0.002098 -0.000572 -0.055886 -0.698672 -0.445373 -0.317578 0.025749 -0.008583 -0.001717
1757664955.748270 -0.042916 0.009346 -0.002480 -0.003242 0.013705 -0.002894 -0.023842 -0.000572 0.014305 -0.016975 -0.002290 0.005115 0.088311 -0.018501 0.002098 -0.000572 -0.055886 -0.702106 -0.448043 -0.317578 0.025749 -0.008583 -0.001717
1757664955.750256 -0.042916 0.009346 -0.002480 -0.003242 0.013705 -0.002894 -0.023842 -0.000572 0.014305 -0.016975 -0.002290 0.005115 0.088311 -0.018501 0.002098 -0.000572 -0.055886 -0.705539 -0.450332 -0.317578 0.025749 -0.008583 -0.001717
1757664955.752251 -0.042916 0.009346 -0.002480 -0.003242 0.013705 -0.002894 -0.023842 -0.000572 0.014305 -0.016975 -0.002290 0.005115 0.088311 -0.018501 0.002098 -0.000572 -0.055886 -0.708972 -0.452621 -0.317578 0.025749 -0.008583 -0.001717
1757664955.754279 -0.042916 0.009346 -0.002480 -0.003242 0.013705 -0.002894 -0.023842 -0.000572 0.014305 -0.016975 -0.002290 0.005115 0.088311 -0.018501 0.002098 -0.000572 -0.055886 -0.712405 -0.454909 -0.317578 0.025749 -0.008583 -0.001717
1757664955.756267 -0.042916 0.009346 -0.002480 -0.003242 0.013705 -0.002894 -0.023842 -0.000572 0.014305 -0.016975 -0.002290 0.005115 0.088311 -0.018501 0.002098 -0.000572 -0.055886 -0.715838 -0.457580 -0.317578 0.025749 -0.008583 -0.001717
1757664955.758257 -0.042916 0.009346 -0.002480 -0.003242 0.013705 -0.002894 -0.023842 -0.000572 0.014305 -0.016975 -0.002290 0.005115 0.088311 -0.018501 0.002098 -0.000572 -0.055505 -0.719273 -0.459868 -0.317578 0.025749 -0.008583 -0.001717
1757664955.760254 -0.042916 0.009346 -0.002480 -0.003242 0.013705 -0.002894 -0.023842 -0.000572 0.014305 -0.016975 -0.002290 0.005115 0.088311 -0.018501 0.002098 -0.000572 -0.055886 -0.722324 -0.462157 -0.317578 0.025749 -0.008583 -0.001717
1757664955.762267 -0.042916 0.009346 -0.002480 -0.003242 0.013705 -0.002894 -0.023842 -0.000572 0.014305 -0.016975 -0.002290 0.005115 0.088311 -0.018501 0.002098 -0.000572 -0.055505 -0.726139 -0.464828 -0.317578 0.025749 -0.008583 -0.001717
1757664955.764264 -0.042916 0.009346 -0.002480 -0.003242 0.013705 -0.002894 -0.023842 -0.000572 0.014305 -0.016975 -0.002290 0.005115 0.087930 -0.018501 0.002098 -0.000572 -0.055505 -0.729191 -0.467116 -0.317578 0.025749 -0.008583 -0.001717
1757664955.766259 -0.042916 0.009346 -0.002480 -0.003242 0.013705 -0.002894 -0.023842 -0.000572 0.014305 -0.016975 -0.002290 0.005115 0.087930 -0.018501 0.002098 -0.000572 -0.055505 -0.732624 -0.469406 -0.317578 0.025749 -0.008583 -0.001717
1757664955.768265 -0.042916 0.009346 -0.002480 -0.003242 0.013705 -0.002894 -0.023842 -0.000572 0.014305 -0.016975 -0.002290 0.005115 0.087930 -0.018501 0.002098 -0.000572 -0.055505 -0.736439 -0.471695 -0.317578 0.025749 -0.008583 -0.001717
1757664955.770317 -0.042916 0.009346 -0.002480 -0.003242 0.013705 -0.002894 -0.023842 -0.000572 0.014305 -0.016975 -0.002290 0.005115 0.087930 -0.018501 0.002098 -0.000572 -0.055505 -0.739872 -0.474365 -0.317578 0.025749 -0.008583 -0.001717
1757664955.772264 -0.042916 0.009346 -0.002480 -0.003242 0.013841 -0.002638 -0.023842 -0.000572 0.014305 -0.016975 -0.002290 0.005115 0.087930 -0.018501 0.002098 -0.000572 -0.055505 -0.743305 -0.476654 -0.317578 0.025749 -0.008583 -0.001717
1757664955.774257 -0.042916 0.009346 -0.002480 -0.003242 0.013841 -0.002638 -0.023842 -0.000572 0.014305 -0.016975 -0.002290 0.005115 0.087930 -0.018501 0.002098 -0.000572 -0.055505 -0.746738 -0.478943 -0.317578 0.025749 -0.008583 -0.001717
1757664955.776268 -0.042916 0.009346 -0.002480 -0.003242 0.013841 -0.002638 -0.023842 -0.000572 0.014305 -0.016975 -0.002290 0.005115 0.087930 -0.018501 0.002098 -0.000572 -0.055505 -0.750172 -0.481613 -0.317578 0.025749 -0.008583 -0.001717
1757664955.778260 -0.042916 0.009346 -0.002480 -0.003242 0.013841 -0.002638 -0.023842 -0.000572 0.014305 -0.016975 -0.002290 0.005115 0.087930 -0.018501 0.002098 -0.000572 -0.055505 -0.753605 -0.483902 -0.317197 0.025749 -0.008583 -0.001717
1757664955.780253 -0.042916 0.009346 -0.002480 -0.003242 0.013841 -0.002638 -0.023842 -0.000572 0.014305 -0.016975 -0.002290 0.005115 0.087930 -0.018501 0.002098 -0.000572 -0.055505 -0.757038 -0.486191 -0.317197 0.025749 -0.008583 -0.001717
1757664955.782289 -0.042916 0.009346 -0.002480 -0.003242 0.013841 -0.002638 -0.023842 -0.000572 0.014305 -0.016975 -0.002290 0.005115 0.087930 -0.018501 0.002098 -0.000572 -0.055505 -0.760471 -0.488861 -0.317197 0.025749 -0.008583 -0.001717
1757664955.784266 -0.042916 0.009346 -0.002480 -0.003242 0.013841 -0.002638 -0.023842 -0.000572 0.014305 -0.016975 -0.002290 0.005115 0.087930 -0.018501 0.002098 -0.000572 -0.055505 -0.763905 -0.491150 -0.317197 0.025749 -0.008583 -0.001717
1757664955.786266 -0.042916 0.009346 -0.002480 -0.003242 0.013841 -0.002638 -0.023842 -0.000572 0.014305 -0.016975 -0.002290 0.005115 0.087930 -0.018501 0.002098 -0.000572 -0.055505 -0.767338 -0.493439 -0.317197 0.025749 -0.008583 -0.001717
1757664955.788247 -0.042916 0.009346 -0.002480 -0.003242 0.013841 -0.002638 -0.023842 -0.000572 0.014305 -0.016975 -0.002290 0.005115 0.087930 -0.018501 0.002098 -0.000572 -0.055505 -0.771152 -0.496109 -0.317197 0.025749 -0.008583 -0.001717
1757664955.790268 -0.042916 0.009346 -0.002480 -0.003242 0.013841 -0.002638 -0.023842 -0.000572 0.014305 -0.016975 -0.002290 0.005115 0.087930 -0.018501 0.002098 -0.000572 -0.055505 -0.774586 -0.498398 -0.317197 0.025749 -0.008583 -0.001717
1757664955.792254 -0.042916 0.009346 -0.002480 -0.003242 0.013841 -0.002638 -0.023842 -0.000572 0.014305 -0.016975 -0.002290 0.005115 0.087930 -0.018501 0.002098 -0.000572 -0.055505 -0.778019 -0.500687 -0.316815 0.025749 -0.008583 -0.001717
1757664955.794256 -0.042916 0.009346 -0.002480 -0.003242 0.013841 -0.002638 -0.023842 -0.000572 0.014305 -0.016975 -0.002290 0.005115 0.087930 -0.018501 0.002098 -0.000572 -0.055505 -0.781835 -0.503357 -0.316815 0.025749 -0.008583 -0.001717
1757664955.796278 -0.042916 0.009346 -0.002480 -0.003242 0.013841 -0.002638 -0.023842 -0.000572 0.014305 -0.016975 -0.002290 0.005115 0.087930 -0.018501 0.002098 -0.000572 -0.055505 -0.785268 -0.505646 -0.316815 0.025749 -0.008583 -0.001717
1757664955.798251 -0.042916 0.009346 -0.002480 -0.003242 0.013841 -0.002638 -0.023842 -0.000572 0.014305 -0.016975 -0.002290 0.005115 0.087930 -0.018501 0.002098 -0.000572 -0.055505 -0.788701 -0.507935 -0.316815 0.025749 -0.008583 -0.001717
1757664955.800251 -0.042916 0.009346 -0.002480 -0.003242 0.013841 -0.002638 -0.023842 -0.000572 0.014305 -0.016975 -0.002290 0.005115 0.087930 -0.018501 0.002098 -0.000572 -0.055505 -0.792516 -0.510223 -0.316815 0.025749 -0.008583 -0.001717
1757664955.802298 -0.042916 0.009346 -0.002480 -0.003242 0.013841 -0.002638 -0.023842 -0.000572 0.014305 -0.016975 -0.002290 0.005115 0.087930 -0.018501 0.002098 -0.000572 -0.055505 -0.795949 -0.512894 -0.316434 0.025749 -0.008583 -0.001717
1757664955.804263 -0.042916 0.009346 -0.002480 -0.003242 0.013841 -0.002638 -0.023842 -0.000572 0.014305 -0.016975 -0.002290 0.005115 0.087930 -0.018501 0.002098 -0.000572 -0.055505 -0.799382 -0.515182 -0.316434 0.025749 -0.008583 -0.001717
1757664955.806262 -0.042916 0.009346 -0.002480 -0.003242 0.013841 -0.002638 -0.023842 -0.000572 0.014305 -0.016975 -0.002290 0.005115 0.087930 -0.018501 0.002098 -0.000572 -0.055505 -0.802815 -0.517471 -0.316434 0.025749 -0.008583 -0.001717
1757664955.808267 -0.042916 0.009346 -0.002480 -0.003242 0.013841 -0.002638 -0.023842 -0.000572 0.014305 -0.016975 -0.002290 0.005115 0.087930 -0.018501 0.002098 -0.000572 -0.055505 -0.806630 -0.520142 -0.316434 0.025368 -0.008583 -0.001717
1757664955.810267 -0.042916 0.009346 -0.002480 -0.003242 0.013841 -0.002638 -0.023842 -0.000572 0.014305 -0.016975 -0.002290 0.005115 0.087930 -0.018501 0.002098 -0.000572 -0.055505 -0.810063 -0.522430 -0.316052 0.025368 -0.008583 -0.001717
1757664955.812254 -0.042916 0.009346 -0.002480 -0.003242 0.013841 -0.002638 -0.023842 -0.000572 0.014305 -0.016975 -0.002290 0.005115 0.087930 -0.018501 0.002098 -0.000572 -0.055505 -0.813497 -0.524719 -0.316052 0.025368 -0.008583 -0.001717
1757664955.814271 -0.042916 0.009346 -0.002480 -0.003242 0.013841 -0.002638 -0.023842 -0.000572 0.014305 -0.016975 -0.002290 0.005115 0.087930 -0.018501 0.002098 -0.000572 -0.055505 -0.817311 -0.527008 -0.316052 0.025368 -0.008583 -0.001717
1757664955.816257 -0.042916 0.009346 -0.002480 -0.003242 0.013841 -0.002638 -0.023842 -0.000572 0.014305 -0.016975 -0.002290 0.005115 0.087930 -0.018501 0.002098 -0.000572 -0.055505 -0.820745 -0.529678 -0.315671 0.025368 -0.008583 -0.001717
1757664955.818268 -0.042916 0.009346 -0.002480 -0.003242 0.013841 -0.002638 -0.023842 -0.000572 0.014305 -0.016975 -0.002290 0.005115 0.087930 -0.018501 0.002098 -0.000572 -0.055505 -0.824178 -0.531968 -0.315671 0.025368 -0.008583 -0.001717
1757664955.820271 -0.042916 0.009346 -0.002480 -0.003242 0.013841 -0.002638 -0.023842 -0.000572 0.014305 -0.016975 -0.002290 0.005115 0.087930 -0.018501 0.002098 -0.000572 -0.055505 -0.827992 -0.534257 -0.315289 0.024986 -0.008583 -0.001717
1757664955.822261 -0.042916 0.009346 -0.002480 -0.003242 0.013841 -0.002638 -0.023842 -0.000572 0.014305 -0.016975 -0.002290 0.005115 0.087930 -0.018501 0.002098 -0.000572 -0.055505 -0.831426 -0.536927 -0.315289 0.024986 -0.008583 -0.001717
1757664955.824288 -0.042916 0.009346 -0.002480 -0.003242 0.013841 -0.002638 -0.023842 -0.000572 0.014305 -0.016975 -0.002290 0.005115 0.087930 -0.018501 0.002098 -0.000572 -0.055505 -0.834859 -0.539216 -0.315289 0.024986 -0.008583 -0.001717
1757664955.826255 -0.042916 0.009346 -0.002480 -0.003242 0.013841 -0.002638 -0.023842 -0.000572 0.014305 -0.016975 -0.002290 0.005115 0.087930 -0.018501 0.002098 -0.000572 -0.055505 -0.838292 -0.541505 -0.314908 0.024605 -0.008583 -0.001717
1757664955.828277 -0.042916 0.009346 -0.002480 -0.003242 0.013841 -0.002638 -0.023842 -0.000572 0.014305 -0.016975 -0.002290 0.005115 0.087930 -0.018501 0.002098 -0.000572 -0.055505 -0.842107 -0.544175 -0.314908 0.024605 -0.008583 -0.001717
1757664955.851315 -0.042916 0.009346 -0.002480 -0.003242 0.013976 -0.002891 -0.023842 -0.000572 0.014305 -0.016975 -0.002290 0.005115 0.087930 -0.018501 0.002098 -0.000572 -0.055505 -0.848974 -0.548753 -0.314527 0.024223 -0.008583 -0.001717
1757664955.852289 -0.042916 0.009346 -0.002480 -0.003242 0.013976 -0.002891 -0.023842 -0.000572 0.014305 -0.016975 -0.002290 0.005115 0.087930 -0.018501 0.002098 -0.000572 -0.055505 -0.852407 -0.551042 -0.314145 0.023842 -0.008583 -0.001717
1757664955.852935 -0.042916 0.009346 -0.002098 -0.003242 0.013976 -0.002891 -0.023842 -0.000572 0.014305 -0.016975 -0.002290 0.005115 0.087930 -0.018501 0.002098 -0.000572 -0.055505 -0.856222 -0.553330 -0.313764 0.023460 -0.008583 -0.001717
1757664955.853565 -0.042916 0.009346 -0.002098 -0.003242 0.013976 -0.002891 -0.023842 -0.000572 0.014305 -0.016975 -0.002290 0.005115 0.087930 -0.018501 0.002098 -0.000572 -0.055505 -0.859655 -0.556001 -0.313382 0.023460 -0.008583 -0.001717
1757664955.854188 -0.042916 0.009346 -0.002098 -0.003242 0.013976 -0.002891 -0.023842 -0.000572 0.014305 -0.016975 -0.002290 0.005115 0.087930 -0.018501 0.002098 -0.000572 -0.055505 -0.863089 -0.558290 -0.313001 0.023079 -0.008583 -0.001717
1757664955.854834 -0.042916 0.009346 -0.002098 -0.003242 0.013976 -0.002891 -0.023842 -0.000572 0.014305 -0.016975 -0.002290 0.005115 0.087930 -0.018501 0.002098 -0.000572 -0.055505 -0.866522 -0.560578 -0.312619 0.022697 -0.008583 -0.001717
1757664955.855440 -0.042916 0.009346 -0.002098 -0.003242 0.013976 -0.002891 -0.023842 -0.000572 0.014305 -0.016975 -0.002290 0.005115 0.087930 -0.018501 0.002098 -0.000572 -0.055505 -0.869955 -0.562867 -0.312238 0.022316 -0.008583 -0.001717
1757664955.856075 -0.042916 0.009346 -0.002098 -0.003242 0.014111 -0.002635 -0.023842 -0.000572 0.014305 -0.016975 -0.002290 0.005115 0.087930 -0.018501 0.002098 -0.000572 -0.055505 -0.873388 -0.565156 -0.311856 0.021935 -0.008583 -0.001717
1757664955.856694 -0.042916 0.009346 -0.002098 -0.003242 0.014111 -0.002635 -0.023842 -0.000572 0.014305 -0.016975 -0.002290 0.005115 0.087930 -0.018501 0.002098 -0.000572 -0.055505 -0.876822 -0.567445 -0.311475 0.021172 -0.008583 -0.001717
1757664955.857300 -0.042916 0.009346 -0.002098 -0.003242 0.014111 -0.002635 -0.023842 -0.000572 0.014305 -0.016975 -0.002290 0.005115 0.087930 -0.018501 0.002098 -0.000572 -0.055505 -0.880255 -0.569734 -0.310712 0.020790 -0.008583 -0.001717
1757664955.857940 -0.042916 0.009346 -0.002098 -0.003242 0.014111 -0.002635 -0.023842 -0.000572 0.014305 -0.016975 -0.002290 0.005115 0.087930 -0.018501 0.002098 -0.000572 -0.055505 -0.883688 -0.572022 -0.310330 0.020027 -0.008583 -0.001717
1757664955.858567 -0.042916 0.009346 -0.002098 -0.003242 0.014111 -0.002635 -0.023842 -0.000572 0.014305 -0.016975 -0.002290 0.005115 0.087930 -0.018501 0.002098 -0.000572 -0.055505 -0.887121 -0.574311 -0.309567 0.019646 -0.008583 -0.001717
1757664955.859165 -0.042916 0.009346 -0.002098 -0.003242 0.014111 -0.002635 -0.023842 -0.000572 0.014305 -0.016975 -0.002290 0.005115 0.087930 -0.018501 0.002098 -0.000572 -0.055505 -0.890554 -0.576600 -0.309186 0.018883 -0.008583 -0.001717
1757664955.859786 -0.042916 0.009346 -0.002098 -0.003242 0.014111 -0.002635 -0.023842 -0.000572 0.014305 -0.016975 -0.002290 0.005115 0.087930 -0.018501 0.002098 -0.000572 -0.055505 -0.893988 -0.578889 -0.308423 0.018120 -0.008583 -0.001717
1757664955.860392 -0.042916 0.009346 -0.002098 -0.003242 0.014111 -0.002635 -0.023842 -0.000572 0.014305 -0.016975 -0.002290 0.005115 0.087930 -0.018501 0.002098 -0.000572 -0.055505 -0.897421 -0.581178 -0.307660 0.017738 -0.008583 -0.001717
1757664955.862335 -0.042916 0.009346 -0.002098 -0.003242 0.014111 -0.002635 -0.023842 -0.000572 0.014305 -0.016975 -0.002290 0.005115 0.087930 -0.018501 0.002480 -0.000572 -0.055505 -0.900854 -0.583467 -0.306897 0.016975 -0.008583 -0.001717
1757664955.864339 -0.042916 0.009346 -0.002098 -0.003242 0.014246 -0.002379 -0.023842 -0.000572 0.014305 -0.016975 -0.002290 0.005115 0.087930 -0.018501 0.002098 -0.000572 -0.055505 -0.904287 -0.585755 -0.306134 0.016212 -0.008583 -0.001717
1757664955.866304 -0.042916 0.009346 -0.002098 -0.003242 0.014246 -0.002379 -0.023842 -0.000572 0.014305 -0.016975 -0.002290 0.005115 0.087930 -0.018501 0.002098 -0.000572 -0.055505 -0.907722 -0.588044 -0.305371 0.015450 -0.008583 -0.001717
1757664955.868301 -0.042916 0.009346 -0.002098 -0.003242 0.014246 -0.002379 -0.023842 -0.000572 0.014305 -0.016975 -0.002290 0.005115 0.087930 -0.018501 0.002098 -0.000572 -0.055505 -0.910773 -0.589952 -0.304608 0.014305 -0.008583 -0.001717
1757664955.870237 -0.042916 0.009346 -0.002098 -0.003242 0.014382 -0.002632 -0.023842 -0.000572 0.014305 -0.016975 -0.002290 0.005115 0.087930 -0.018501 0.002098 -0.000572 -0.055505 -0.914207 -0.592240 -0.303845 0.013542 -0.008583 -0.001717
1757664955.872233 -0.042916 0.009346 -0.002098 -0.003242 0.014382 -0.002632 -0.023842 -0.000572 0.014305 -0.016975 -0.002290 0.005115 0.087930 -0.018501 0.002098 -0.000572 -0.055886 -0.917640 -0.594530 -0.303082 0.012398 -0.008583 -0.001717
1757664955.874226 -0.042916 0.009346 -0.002098 -0.003242 0.014382 -0.002632 -0.023842 -0.000572 0.014305 -0.016975 -0.002290 0.005115 0.087930 -0.018501 0.002098 -0.000572 -0.055886 -0.921073 -0.596437 -0.302320 0.011253 -0.008583 -0.001717
1757664955.876229 -0.042916 0.009346 -0.002098 -0.003242 0.014382 -0.002632 -0.023842 -0.000572 0.014305 -0.016975 -0.002290 0.005115 0.087930 -0.018501 0.002098 -0.000572 -0.055505 -0.924125 -0.598726 -0.301175 0.010490 -0.008583 -0.001717
1757664955.878228 -0.042916 0.009346 -0.002098 -0.002861 0.014517 -0.002376 -0.023842 -0.000572 0.014305 -0.016975 -0.002290 0.005115 0.087930 -0.018501 0.002098 -0.000572 -0.055505 -0.927558 -0.601015 -0.300412 0.009346 -0.008583 -0.001717
1757664955.880225 -0.042916 0.009346 -0.002098 -0.002861 0.014517 -0.002376 -0.023842 -0.000572 0.014305 -0.016975 -0.002290 0.005115 0.087930 -0.018501 0.002480 -0.000572 -0.055505 -0.930991 -0.602922 -0.299649 0.007820 -0.008583 -0.001717
1757664955.882220 -0.042916 0.009346 -0.002098 -0.002861 0.014517 -0.002376 -0.023842 -0.000572 0.014305 -0.016975 -0.002290 0.005115 0.087930 -0.018501 0.002098 -0.000572 -0.055886 -0.934043 -0.605211 -0.298505 0.006676 -0.008583 -0.001717
1757664955.884228 -0.042916 0.009346 -0.002098 -0.002861 0.014517 -0.002376 -0.023842 -0.000572 0.014305 -0.016975 -0.002290 0.005115 0.087930 -0.018501 0.002480 -0.000572 -0.055505 -0.937476 -0.607119 -0.297742 0.005531 -0.008583 -0.001717
1757664955.886223 -0.042916 0.009346 -0.002098 -0.002861 0.014517 -0.002376 -0.023842 -0.000572 0.014305 -0.016975 -0.002290 0.005115 0.087930 -0.018501 0.002480 -0.000572 -0.055505 -0.940909 -0.609407 -0.296597 0.004005 -0.008583 -0.001717
1757664955.888217 -0.042916 0.009346 -0.001717 -0.002861 0.014517 -0.002376 -0.023842 -0.000572 0.014305 -0.016975 -0.002290 0.005115 0.087930 -0.018501 0.002480 -0.000572 -0.055505 -0.943961 -0.611315 -0.295835 0.002861 -0.008583 -0.001717
1757664955.890223 -0.042916 0.009346 -0.001717 -0.002861 0.014517 -0.002376 -0.023842 -0.000572 0.014305 -0.016975 -0.002290 0.005115 0.087930 -0.018501 0.002480 -0.000572 -0.055505 -0.947394 -0.613604 -0.294690 0.001335 -0.008583 -0.001717
1757664955.892226 -0.042916 0.009346 -0.001717 -0.002861 0.014652 -0.002120 -0.023842 -0.000572 0.014305 -0.016975 -0.002290 0.005115 0.087930 -0.018501 0.002480 -0.000572 -0.055505 -0.950446 -0.615511 -0.293546 -0.000191 -0.008583 -0.001717
1757664955.894243 -0.042916 0.009346 -0.001717 -0.002861 0.014652 -0.002120 -0.023842 -0.000572 0.014305 -0.016975 -0.002290 0.005115 0.087930 -0.018501 0.002480 -0.000572 -0.055505 -0.953498 -0.617800 -0.292783 -0.001717 -0.008583 -0.001717
1757664955.896272 -0.042916 0.009346 -0.001717 -0.002861 0.014652 -0.002120 -0.023842 -0.000572 0.014305 -0.016975 -0.002290 0.005115 0.087930 -0.018501 0.002480 -0.000572 -0.055505 -0.956931 -0.619707 -0.291638 -0.003242 -0.008583 -0.001717
1757664955.898238 -0.042916 0.009346 -0.001717 -0.002861 0.014787 -0.002373 -0.023842 -0.000572 0.014305 -0.016975 -0.002290 0.005115 0.087930 -0.018501 0.002480 -0.000572 -0.055505 -0.959983 -0.621996 -0.290875 -0.004768 -0.008583 -0.001717
1757664955.900276 -0.042916 0.009346 -0.001717 -0.002861 0.014787 -0.002373 -0.023842 -0.000954 0.014305 -0.016975 -0.002290 0.005115 0.087930 -0.018501 0.002098 -0.000572 -0.055505 -0.963035 -0.623903 -0.289731 -0.006294 -0.008583 -0.001717
1757664955.902240 -0.042916 0.009346 -0.001335 -0.002861 0.014787 -0.002373 -0.023842 -0.000954 0.014305 -0.016975 -0.002290 0.005115 0.087930 -0.018501 0.002098 -0.000572 -0.055505 -0.966468 -0.625811 -0.288968 -0.007820 -0.008583 -0.001717
1757664955.904238 -0.042916 0.009346 -0.001335 -0.002861 0.014787 -0.002373 -0.023842 -0.000954 0.013924 -0.016975 -0.002290 0.005115 0.087930 -0.018501 0.002098 -0.000572 -0.055505 -0.969521 -0.628099 -0.287824 -0.009727 -0.008583 -0.001717
1757664955.906235 -0.042916 0.009346 -0.001335 -0.002861 0.014922 -0.002117 -0.023842 -0.000954 0.013924 -0.016975 -0.002290 0.005115 0.087930 -0.018501 0.002098 -0.000572 -0.055505 -0.972572 -0.630007 -0.286679 -0.011253 -0.008583 -0.001717
1757664955.908243 -0.042916 0.009346 -0.001335 -0.002861 0.014922 -0.002117 -0.023842 -0.000954 0.014305 -0.016975 -0.002290 0.005115 0.087930 -0.018501 0.002480 -0.000572 -0.055505 -0.975624 -0.631914 -0.285916 -0.013161 -0.008583 -0.001717
1757664955.910237 -0.042916 0.009346 -0.001335 -0.002861 0.014922 -0.002117 -0.023842 -0.000954 0.013924 -0.016975 -0.002290 0.005115 0.087930 -0.018501 0.002098 -0.000572 -0.055505 -0.978676 -0.634203 -0.284772 -0.014687 -0.008583 -0.001717
1757664955.912240 -0.042916 0.009346 -0.001335 -0.002861 0.014922 -0.002117 -0.023842 -0.000954 0.013924 -0.016975 -0.002290 0.005115 0.087930 -0.018501 0.002098 -0.000572 -0.055505 -0.981728 -0.636110 -0.283628 -0.016212 -0.008583 -0.001717
1757664955.914264 -0.042916 0.009346 -0.000954 -0.002861 0.014922 -0.002117 -0.023842 -0.000954 0.014305 -0.016975 -0.002290 0.005115 0.087930 -0.018501 0.002098 -0.000572 -0.055505 -0.985161 -0.638018 -0.282865 -0.018120 -0.008583 -0.001717
1757664955.916253 -0.042916 0.009346 -0.000954 -0.002861 0.014922 -0.002117 -0.023842 -0.000954 0.014305 -0.016975 -0.002290 0.005115 0.087930 -0.018501 0.002098 -0.000572 -0.055505 -0.988213 -0.640306 -0.281720 -0.020027 -0.008583 -0.001717
1757664955.918254 -0.042916 0.009346 -0.000954 -0.002861 0.014922 -0.002117 -0.023842 -0.000954 0.013924 -0.016975 -0.002290 0.005115 0.087930 -0.018501 0.002098 -0.000572 -0.055505 -0.991264 -0.642214 -0.280956 -0.021935 -0.008583 -0.001717
1757664955.920253 -0.042916 0.009346 -0.000954 -0.002861 0.015058 -0.001861 -0.023842 -0.000954 0.013924 -0.016975 -0.002290 0.005115 0.087930 -0.018501 0.002098 -0.000572 -0.055505 -0.994316 -0.644121 -0.279812 -0.023842 -0.008583 -0.001717
1757664955.922263 -0.042916 0.009346 -0.000954 -0.002861 0.015193 -0.002113 -0.023842 -0.000954 0.013924 -0.016975 -0.002290 0.005115 0.087930 -0.018501 0.002098 -0.000572 -0.055505 -0.997368 -0.646029 -0.278667 -0.025749 -0.008583 -0.001717
1757664955.924270 -0.042916 0.009346 -0.000954 -0.002861 0.015193 -0.002113 -0.023842 -0.000954 0.013924 -0.016975 -0.002290 0.005115 0.087930 -0.018501 0.002098 -0.000572 -0.055505 -1.000038 -0.647936 -0.277905 -0.027657 -0.008583 -0.001717
1757664955.926277 -0.042916 0.009346 -0.000572 -0.002861 0.015193 -0.002113 -0.023842 -0.000954 0.013924 -0.016975 -0.002290 0.005115 0.087930 -0.018501 0.002098 -0.000572 -0.055505 -1.003090 -0.649843 -0.276760 -0.029945 -0.008583 -0.001717
1757664955.928281 -0.042916 0.009346 -0.000572 -0.002861 0.015193 -0.002113 -0.023842 -0.000954 0.014305 -0.016975 -0.002290 0.005115 0.087930 -0.018501 0.002098 -0.000572 -0.055505 -1.006142 -0.651751 -0.275616 -0.031854 -0.008583 -0.001717
1757664955.930259 -0.042916 0.009346 -0.000572 -0.002861 0.015328 -0.001858 -0.023842 -0.000954 0.013924 -0.016975 -0.002290 0.005115 0.087930 -0.018501 0.002098 -0.000572 -0.055505 -1.009193 -0.653658 -0.274853 -0.034142 -0.008583 -0.001717
1757664955.932260 -0.042916 0.009346 -0.000572 -0.002861 0.015328 -0.001858 -0.023842 -0.000954 0.013924 -0.016975 -0.002290 0.005115 0.087930 -0.018501 0.002098 -0.000572 -0.055505 -1.011864 -0.655565 -0.273708 -0.036050 -0.008583 -0.001717
1757664955.934310 -0.042916 0.009346 -0.000572 -0.002861 0.015328 -0.001858 -0.023842 -0.000954 0.013924 -0.016975 -0.002290 0.005115 0.087930 -0.018501 0.002098 -0.000572 -0.055505 -1.014915 -0.657855 -0.272564 -0.038339 -0.008583 -0.001717
1757664955.936259 -0.042916 0.009346 -0.000572 -0.002861 0.015328 -0.001858 -0.023842 -0.000954 0.013924 -0.016975 -0.002290 0.005115 0.087930 -0.018501 0.002098 -0.000572 -0.055505 -1.017586 -0.659762 -0.271420 -0.040627 -0.008583 -0.001717
1757664955.938252 -0.042916 0.009346 -0.000191 -0.002861 0.015328 -0.001858 -0.024223 -0.000954 0.014305 -0.016975 -0.002290 0.005115 0.087930 -0.018501 0.002098 -0.000572 -0.055505 -1.020638 -0.661288 -0.270657 -0.042916 -0.008583 -0.001717
1757664955.940245 -0.042916 0.009346 -0.000191 -0.002861 0.015463 -0.001602 -0.024223 -0.000954 0.014305 -0.016975 -0.002290 0.005115 0.087930 -0.018501 0.002098 -0.000572 -0.055505 -1.023308 -0.663196 -0.269512 -0.045205 -0.008583 -0.001717
1757664955.942243 -0.042916 0.009346 -0.000191 -0.002861 0.015463 -0.001602 -0.024223 -0.000954 0.014305 -0.016975 -0.002290 0.005115 0.087930 -0.018501 0.002098 -0.000572 -0.055505 -1.025978 -0.665103 -0.268368 -0.047875 -0.008583 -0.001717
1757664955.944241 -0.042916 0.009346 -0.000191 -0.002861 0.015463 -0.001602 -0.024223 -0.000954 0.013924 -0.016975 -0.002290 0.005115 0.087930 -0.018501 0.002098 -0.000572 -0.055505 -1.028648 -0.667010 -0.267223 -0.050546 -0.008583 -0.001717
1757664955.946259 -0.042916 0.009346 -0.000191 -0.002861 0.015463 -0.001602 -0.024223 -0.000954 0.014305 -0.017357 -0.002290 0.005115 0.087548 -0.018501 0.002098 -0.000572 -0.055505 -1.031701 -0.668918 -0.266079 -0.052835 -0.008583 -0.001717
1757664955.948297 -0.042916 0.009346 0.000191 -0.002861 0.015734 -0.001599 -0.024223 -0.000954 0.014305 -0.017357 -0.002290 0.005115 0.087548 -0.018501 0.002098 -0.000572 -0.055505 -1.034371 -0.670825 -0.264935 -0.055505 -0.008583 -0.001717
1757664955.950246 -0.042916 0.009346 0.000191 -0.002861 0.015734 -0.001599 -0.024223 -0.000954 0.014305 -0.017357 -0.002290 0.005115 0.087548 -0.018120 0.002098 -0.000572 -0.055505 -1.036660 -0.672732 -0.263790 -0.058175 -0.008583 -0.001717
1757664955.952289 -0.042916 0.009346 0.000191 -0.002861 0.015734 -0.001599 -0.024223 -0.001335 0.013924 -0.017357 -0.002290 0.005115 0.087548 -0.018120 0.002098 -0.000572 -0.055505 -1.039330 -0.674640 -0.262646 -0.060845 -0.008583 -0.001717
1757664955.954274 -0.042916 0.009346 0.000191 -0.002861 0.015734 -0.001599 -0.024223 -0.001335 0.013924 -0.017357 -0.002290 0.005115 0.087548 -0.018120 0.002098 -0.000572 -0.055505 -1.042001 -0.676547 -0.261501 -0.063516 -0.008583 -0.001717
1757664955.956259 -0.042916 0.009346 0.000191 -0.002861 0.015869 -0.001343 -0.024223 -0.001335 0.014305 -0.017357 -0.002290 0.005115 0.087548 -0.018120 0.002098 -0.000572 -0.055505 -1.044671 -0.678454 -0.260357 -0.066567 -0.008583 -0.001717
1757664955.958299 -0.042916 0.009346 0.000572 -0.002861 0.015869 -0.001343 -0.024223 -0.001335 0.013924 -0.017357 -0.002290 0.005115 0.087548 -0.018120 0.002098 -0.000572 -0.055505 -1.046960 -0.679980 -0.259212 -0.069238 -0.008583 -0.001717
1757664955.960260 -0.042916 0.009346 0.000572 -0.002861 0.015869 -0.001343 -0.024223 -0.001335 0.014305 -0.017357 -0.002290 0.005115 0.087548 -0.018120 0.002098 -0.000572 -0.055505 -1.049630 -0.681888 -0.258068 -0.072289 -0.008583 -0.001717
1757664955.962313 -0.042916 0.009346 0.000572 -0.002861 0.015869 -0.001343 -0.024223 -0.001335 0.013924 -0.017357 -0.002290 0.005115 0.087167 -0.018120 0.002098 -0.000572 -0.055505 -1.051919 -0.683795 -0.256924 -0.074960 -0.008583 -0.001717
1757664955.964246 -0.042916 0.009346 0.000572 -0.002861 0.015869 -0.001343 -0.024223 -0.001335 0.013924 -0.017357 -0.002290 0.005115 0.087167 -0.018120 0.002098 -0.000572 -0.055505 -1.054589 -0.685702 -0.255779 -0.078012 -0.008583 -0.001717
1757664955.966245 -0.042916 0.009346 0.000572 -0.002861 0.016004 -0.001087 -0.024223 -0.001335 0.014305 -0.017357 -0.002290 0.005115 0.087167 -0.018120 0.002098 -0.000572 -0.055505 -1.056878 -0.687610 -0.254253 -0.081063 -0.008583 -0.001717
1757664955.968241 -0.042916 0.009346 0.000572 -0.002861 0.016004 -0.001087 -0.024223 -0.001335 0.013924 -0.017357 -0.002290 0.005115 0.087167 -0.018120 0.002098 -0.000572 -0.055505 -1.059548 -0.689517 -0.253109 -0.084115 -0.008583 -0.001717
1757664955.970250 -0.042916 0.009346 0.000954 -0.002861 0.016004 -0.001087 -0.024223 -0.001335 0.013924 -0.017357 -0.002290 0.005115 0.087167 -0.018120 0.002098 -0.000572 -0.055505 -1.061837 -0.691424 -0.251965 -0.087167 -0.008583 -0.001717
1757664955.972239 -0.042916 0.009346 0.000954 -0.002861 0.016004 -0.001087 -0.024223 -0.001335 0.013924 -0.017357 -0.002290 0.005115 0.087167 -0.018120 0.002098 -0.000572 -0.055505 -1.064126 -0.692950 -0.250820 -0.090600 -0.008583 -0.001717
1757664955.974247 -0.042916 0.009346 0.000954 -0.002861 0.016004 -0.001087 -0.024223 -0.001335 0.013924 -0.017357 -0.002290 0.005115 0.086785 -0.018120 0.002098 -0.000572 -0.055505 -1.066415 -0.694858 -0.249676 -0.093652 -0.008583 -0.001717
1757664955.976266 -0.042916 0.009346 0.000954 -0.002861 0.016004 -0.001087 -0.024223 -0.001335 0.013924 -0.017357 -0.002290 0.005115 0.086785 -0.018120 0.002098 -0.000572 -0.055505 -1.068704 -0.696765 -0.248531 -0.096704 -0.008583 -0.001717
1757664955.978251 -0.042916 0.009346 0.000954 -0.002861 0.016004 -0.001087 -0.024223 -0.001335 0.013924 -0.017357 -0.002290 0.005115 0.086785 -0.018120 0.002098 -0.000572 -0.055505 -1.070992 -0.698672 -0.247387 -0.099756 -0.008583 -0.001717
1757664955.980248 -0.042916 0.009346 0.000954 -0.002861 0.016139 -0.000831 -0.024223 -0.001335 0.014305 -0.017357 -0.002290 0.005115 0.086785 -0.018120 0.002098 -0.000572 -0.055505 -1.073281 -0.700580 -0.245861 -0.103189 -0.008583 -0.001717
1757664955.982251 -0.042916 0.009346 0.001335 -0.002861 0.016139 -0.000831 -0.024223 -0.001335 0.013924 -0.017357 -0.002290 0.005115 0.086785 -0.018120 0.002098 -0.000572 -0.055505 -1.075570 -0.702487 -0.244717 -0.106241 -0.008583 -0.001717
1757664955.984256 -0.042916 0.009346 0.001335 -0.002861 0.016139 -0.000831 -0.024223 -0.001335 0.013924 -0.017357 -0.002154 0.005368 0.086404 -0.018120 0.002098 -0.000572 -0.055505 -1.077477 -0.704013 -0.243572 -0.109674 -0.008583 -0.001717
1757664955.986249 -0.042916 0.009346 0.001335 -0.002861 0.016274 -0.001084 -0.024223 -0.001335 0.013924 -0.017357 -0.002290 0.005115 0.086404 -0.018120 0.002098 -0.000572 -0.055505 -1.079766 -0.705920 -0.242428 -0.113108 -0.008583 -0.001717
1757664955.988279 -0.042916 0.009346 0.001335 -0.002861 0.016274 -0.001084 -0.024223 -0.001335 0.013924 -0.017357 -0.002290 0.005115 0.086404 -0.018120 0.002098 -0.000572 -0.055505 -1.082055 -0.707828 -0.241283 -0.116159 -0.008583 -0.001717
1757664955.990273 -0.042916 0.009346 0.001335 -0.002861 0.016274 -0.001084 -0.024223 -0.001335 0.013924 -0.017357 -0.002290 0.005115 0.086404 -0.018120 0.002098 -0.000572 -0.055505 -1.083962 -0.709353 -0.240139 -0.119593 -0.008583 -0.001717
1757664955.992263 -0.042916 0.009346 0.001335 -0.002861 0.016409 -0.000828 -0.024223 -0.001335 0.013924 -0.017357 -0.002290 0.005115 0.086404 -0.018120 0.002098 -0.000572 -0.055505 -1.085870 -0.711261 -0.238995 -0.123026 -0.008583 -0.001717
1757664955.994278 -0.042916 0.009346 0.001335 -0.002861 0.016409 -0.000828 -0.024223 -0.001335 0.013924 -0.017357 -0.002290 0.005115 0.086404 -0.018120 0.002098 -0.000572 -0.055505 -1.088159 -0.713168 -0.237850 -0.126459 -0.008583 -0.001717
1757664955.996275 -0.042916 0.009346 0.001717 -0.002861 0.016409 -0.000828 -0.024223 -0.001335 0.013924 -0.017357 -0.002154 0.005368 0.086404 -0.017738 0.002098 -0.000572 -0.055505 -1.090066 -0.714694 -0.236706 -0.130274 -0.008583 -0.001717
1757664955.998285 -0.042916 0.009346 0.001717 -0.002861 0.016409 -0.000828 -0.024223 -0.001335 0.013924 -0.017357 -0.002154 0.005368 0.086022 -0.017738 0.002098 -0.000572 -0.055505 -1.091973 -0.716601 -0.235561 -0.133707 -0.008583 -0.001717
1757664956.000281 -0.042916 0.009346 0.001717 -0.002861 0.016545 -0.000572 -0.024605 -0.001335 0.013924 -0.017357 -0.002154 0.005368 0.086022 -0.017738 0.002098 -0.000572 -0.055505 -1.093882 -0.718127 -0.234035 -0.137522 -0.008583 -0.001717
1757664956.002358 -0.042916 0.009346 0.001717 -0.002861 0.016545 -0.000572 -0.024605 -0.001335 0.013924 -0.017357 -0.002154 0.005368 0.086022 -0.017738 0.002098 -0.000572 -0.055505 -1.095789 -0.720036 -0.232891 -0.140955 -0.008583 -0.001717
1757664956.004291 -0.042916 0.009346 0.001717 -0.002861 0.016545 -0.000572 -0.024605 -0.001335 0.013924 -0.017357 -0.002154 0.005368 0.086022 -0.017738 0.002098 -0.000572 -0.055505 -1.097696 -0.721561 -0.231747 -0.144770 -0.008583 -0.001717
1757664956.006283 -0.042916 0.009346 0.001717 -0.002861 0.016545 -0.000572 -0.024605 -0.001335 0.013924 -0.017357 -0.002290 0.005115 0.086022 -0.017738 0.002098 -0.000572 -0.055505 -1.099222 -0.723087 -0.230602 -0.148584 -0.008583 -0.001717
1757664956.008274 -0.042916 0.009346 0.001717 -0.002861 0.016680 -0.000316 -0.024605 -0.001335 0.013924 -0.017357 -0.002154 0.005368 0.086022 -0.017738 0.002098 -0.000572 -0.055505 -1.101130 -0.724995 -0.229458 -0.152399 -0.008583 -0.001717
1757664956.010273 -0.042916 0.009346 0.002098 -0.002861 0.016680 -0.000316 -0.024605 -0.001335 0.013924 -0.017357 -0.002154 0.005368 0.086022 -0.017738 0.002098 -0.000572 -0.055505 -1.103037 -0.726521 -0.228313 -0.156214 -0.008583 -0.001717
1757664956.012290 -0.042916 0.009346 0.002098 -0.002861 0.016680 -0.000316 -0.024605 -0.001335 0.013924 -0.017357 -0.002154 0.005368 0.085641 -0.017738 0.002098 -0.000572 -0.055505 -1.104563 -0.728046 -0.227169 -0.160411 -0.008583 -0.001717
1757664956.014277 -0.042916 0.009346 0.002098 -0.002861 0.016815 -0.000060 -0.024605 -0.001335 0.013924 -0.017357 -0.002154 0.005368 0.085641 -0.017738 0.002098 -0.000572 -0.055505 -1.106089 -0.729572 -0.226025 -0.164226 -0.008583 -0.001717
1757664956.016255 -0.042916 0.009346 0.002098 -0.002861 0.016815 -0.000060 -0.024605 -0.001717 0.013924 -0.017357 -0.002154 0.005368 0.085641 -0.017738 0.002098 -0.000572 -0.055505 -1.107615 -0.731098 -0.224880 -0.168422 -0.008583 -0.001717
1757664956.018250 -0.042916 0.009346 0.002098 -0.002861 0.016815 -0.000060 -0.024605 -0.001717 0.013924 -0.017357 -0.002154 0.005368 0.085641 -0.017738 0.002098 -0.000572 -0.055505 -1.109140 -0.732624 -0.223736 -0.172618 -0.008583 -0.001717
1757664956.020257 -0.042916 0.009346 0.002098 -0.002861 0.016815 -0.000060 -0.024605 -0.001717 0.013924 -0.017357 -0.002154 0.005368 0.085641 -0.017738 0.002098 -0.000572 -0.055505 -1.111048 -0.734150 -0.222973 -0.176814 -0.008583 -0.001717
1757664956.022235 -0.042916 0.009346 0.002098 -0.002861 0.016815 -0.000060 -0.024986 -0.001717 0.013924 -0.017357 -0.002154 0.005368 0.085641 -0.017738 0.002098 -0.000572 -0.055505 -1.112574 -0.735676 -0.221828 -0.181010 -0.008583 -0.001717
1757664956.024228 -0.042916 0.009346 0.002480 -0.002861 0.016950 -0.000313 -0.024986 -0.001717 0.013924 -0.017357 -0.002154 0.005368 0.085641 -0.017738 0.002098 -0.000572 -0.055505 -1.113718 -0.737202 -0.220684 -0.185206 -0.008583 -0.001717
1757664956.026237 -0.042916 0.009346 0.002480 -0.002861 0.017085 -0.000057 -0.024986 -0.001717 0.013924 -0.017357 -0.002154 0.005368 0.085641 -0.017738 0.002098 -0.000572 -0.055505 -1.115244 -0.738728 -0.219921 -0.189784 -0.008583 -0.001717
1757664956.028227 -0.042916 0.009346 0.002480 -0.002861 0.017085 -0.000057 -0.024986 -0.001717 0.013924 -0.017357 -0.002154 0.005368 0.085259 -0.017738 0.002098 -0.000572 -0.055505 -1.116388 -0.740253 -0.218777 -0.193980 -0.008583 -0.001717
1757664956.030229 -0.042916 0.009346 0.002480 -0.002861 0.017085 -0.000057 -0.024986 -0.001717 0.013924 -0.017357 -0.002154 0.005368 0.085259 -0.017738 0.002098 -0.000572 -0.055505 -1.117914 -0.741398 -0.218013 -0.198558 -0.008583 -0.001717
1757664956.032240 -0.042916 0.009346 0.002480 -0.002861 0.017085 -0.000057 -0.024986 -0.001717 0.013924 -0.017357 -0.002154 0.005368 0.085259 -0.017738 0.002098 -0.000572 -0.055505 -1.119059 -0.742924 -0.217250 -0.203135 -0.008583 -0.001717
1757664956.034232 -0.042916 0.009346 0.002480 -0.002861 0.017085 -0.000057 -0.024986 -0.001717 0.013924 -0.017357 -0.002154 0.005368 0.085259 -0.017738 0.002098 -0.000572 -0.055505 -1.120584 -0.744450 -0.216487 -0.207713 -0.008583 -0.001717
1757664956.036237 -0.042916 0.009346 0.002480 -0.002861 0.017085 -0.000057 -0.025368 -0.001717 0.013924 -0.017357 -0.002154 0.005368 0.085259 -0.017738 0.002098 -0.000572 -0.055505 -1.121729 -0.745594 -0.215343 -0.212672 -0.008583 -0.001717
1757664956.038248 -0.042916 0.009346 0.002480 -0.002861 0.017085 -0.000057 -0.025368 -0.001717 0.013924 -0.017357 -0.002154 0.005368 0.085259 -0.017738 0.002098 -0.000572 -0.055505 -1.122873 -0.747120 -0.214580 -0.217250 -0.008583 -0.001717
1757664956.040260 -0.042916 0.009346 0.002480 -0.002861 0.017220 0.000199 -0.025368 -0.001717 0.013924 -0.017357 -0.002154 0.005368 0.085259 -0.017738 0.002098 -0.000572 -0.055505 -1.124018 -0.748264 -0.214198 -0.222210 -0.008583 -0.001717
1757664956.042262 -0.042916 0.009346 0.002861 -0.002861 0.017220 0.000199 -0.025368 -0.001717 0.013924 -0.017357 -0.002154 0.005368 0.085259 -0.017738 0.002098 -0.000572 -0.055505 -1.125162 -0.749790 -0.213435 -0.226788 -0.008583 -0.001717
1757664956.044250 -0.042916 0.009346 0.002861 -0.002861 0.017220 0.000199 -0.025368 -0.001717 0.013924 -0.017357 -0.002154 0.005368 0.084878 -0.017738 0.002098 -0.000572 -0.055505 -1.125925 -0.750935 -0.212672 -0.231747 -0.008583 -0.001717
1757664956.046269 -0.042916 0.009346 0.002861 -0.002861 0.017220 0.000199 -0.025368 -0.001717 0.013924 -0.017357 -0.002154 0.005368 0.084878 -0.017738 0.002098 -0.000572 -0.055505 -1.127069 -0.752079 -0.212291 -0.236706 -0.008583 -0.001717
1757664956.048259 -0.042916 0.008965 0.002861 -0.002861 0.017220 0.000199 -0.025749 -0.001717 0.013924 -0.017357 -0.002154 0.005368 0.084878 -0.017738 0.002098 -0.000572 -0.055505 -1.127832 -0.753605 -0.211528 -0.241665 -0.008583 -0.001717
1757664956.050303 -0.043298 0.008965 0.002861 -0.002861 0.017220 0.000199 -0.025749 -0.001717 0.013924 -0.017357 -0.002154 0.005368 0.084878 -0.017738 0.002098 -0.000572 -0.055505 -1.128977 -0.754749 -0.211146 -0.247005 -0.008583 -0.001717
1757664956.052267 -0.043298 0.008965 0.002861 -0.002861 0.017220 0.000199 -0.025749 -0.001717 0.013924 -0.017357 -0.002154 0.005368 0.084878 -0.017738 0.002098 -0.000572 -0.055505 -1.129740 -0.755894 -0.210765 -0.251965 -0.008583 -0.001717
1757664956.054277 -0.043298 0.008965 0.002861 -0.002861 0.017220 0.000199 -0.025749 -0.001717 0.013924 -0.017357 -0.002154 0.005368 0.084878 -0.017738 0.002098 -0.000572 -0.055505 -1.130884 -0.757038 -0.210383 -0.257305 -0.008583 -0.001717
1757664956.056258 -0.043298 0.008965 0.002861 -0.002861 0.017355 0.000455 -0.025749 -0.001717 0.013924 -0.017357 -0.002154 0.005368 0.084878 -0.017738 0.002098 -0.000572 -0.055505 -1.131647 -0.758183 -0.210002 -0.262646 -0.008583 -0.001717
1757664956.058266 -0.043298 0.008965 0.002861 -0.002861 0.017355 0.000455 -0.025749 -0.001717 0.013924 -0.017357 -0.002154 0.005368 0.084878 -0.017738 0.002098 -0.000572 -0.055505 -1.132410 -0.759327 -0.209620 -0.267986 -0.008583 -0.001717
1757664956.060267 -0.043298 0.008965 0.002861 -0.002861 0.017355 0.000455 -0.026131 -0.001717 0.013924 -0.017357 -0.002154 0.005368 0.084878 -0.017738 0.002098 -0.000572 -0.055505 -1.133173 -0.760471 -0.209620 -0.272945 -0.008583 -0.001717
1757664956.062251 -0.043298 0.008965 0.003242 -0.002861 0.017355 0.000455 -0.026131 -0.001717 0.013924 -0.017357 -0.002154 0.005368 0.084496 -0.017738 0.002098 -0.000572 -0.055505 -1.133936 -0.761616 -0.209239 -0.278667 -0.008583 -0.001717
1757664956.064256 -0.043298 0.008965 0.003242 -0.002861 0.017491 0.000202 -0.026131 -0.001717 0.013924 -0.017357 -0.002154 0.005368 0.084496 -0.017738 0.002098 -0.000572 -0.055505 -1.134317 -0.762760 -0.209239 -0.284009 -0.008583 -0.001717
1757664956.066247 -0.043679 0.008965 0.003242 -0.002861 0.017491 0.000202 -0.026131 -0.001717 0.013924 -0.017357 -0.002154 0.005368 0.084496 -0.017738 0.002098 -0.000572 -0.055505 -1.135080 -0.763905 -0.209239 -0.289350 -0.008583 -0.001717
1757664956.068262 -0.043679 0.008965 0.003242 -0.002861 0.017626 0.000458 -0.026131 -0.001717 0.013924 -0.017357 -0.002154 0.005368 0.084496 -0.017738 0.002098 -0.000572 -0.055505 -1.135462 -0.765049 -0.209239 -0.295072 -0.008583 -0.001717
1757664956.070259 -0.043679 0.008965 0.003242 -0.002861 0.017626 0.000458 -0.026131 -0.002098 0.013924 -0.017357 -0.002154 0.005368 0.084496 -0.017738 0.002098 -0.000572 -0.055505 -1.136225 -0.765812 -0.209239 -0.300794 -0.008583 -0.001717
1757664956.072247 -0.043679 0.008965 0.003242 -0.002861 0.017626 0.000458 -0.026512 -0.002098 0.013924 -0.017357 -0.002154 0.005368 0.084496 -0.017738 0.002098 -0.000572 -0.055505 -1.136606 -0.766956 -0.209239 -0.306516 -0.008583 -0.001717
1757664956.074275 -0.043679 0.008965 0.003242 -0.002861 0.017626 0.000458 -0.026512 -0.002098 0.013924 -0.017357 -0.002154 0.005368 0.084496 -0.017738 0.002098 -0.000572 -0.055505 -1.136988 -0.767719 -0.209239 -0.312238 -0.008583 -0.001717
1757664956.076267 -0.043679 0.008965 0.003242 -0.002861 0.017626 0.000458 -0.026512 -0.002098 0.014305 -0.017357 -0.002154 0.005368 0.084496 -0.017738 0.002098 -0.000572 -0.055505 -1.137369 -0.768864 -0.209239 -0.318341 -0.008583 -0.001717
1757664956.078251 -0.043679 0.008965 0.003242 -0.002861 0.017626 0.000458 -0.026512 -0.002098 0.013924 -0.017357 -0.002154 0.005368 0.084115 -0.017738 0.002098 -0.000572 -0.055505 -1.137751 -0.770008 -0.209239 -0.324063 -0.008583 -0.001717
1757664956.080253 -0.044061 0.008965 0.003242 -0.002861 0.017761 0.000714 -0.026512 -0.002098 0.013924 -0.017357 -0.002154 0.005368 0.084115 -0.017738 0.002098 -0.000572 -0.055505 -1.138132 -0.770771 -0.209239 -0.330167 -0.008583 -0.001717
1757664956.082268 -0.044061 0.008965 0.003242 -0.002861 0.017761 0.000714 -0.026894 -0.002098 0.013924 -0.017357 -0.002154 0.005368 0.084115 -0.017738 0.002098 -0.000572 -0.055505 -1.138514 -0.771534 -0.209239 -0.336270 -0.008583 -0.001717
1757664956.084256 -0.044061 0.008965 0.003242 -0.002861 0.017761 0.000714 -0.026894 -0.002098 0.013924 -0.017357 -0.002154 0.005368 0.084115 -0.017738 0.002098 -0.000572 -0.055505 -1.138895 -0.772678 -0.209239 -0.342374 -0.008583 -0.001717
1757664956.086249 -0.044061 0.008965 0.003242 -0.002861 0.017761 0.000714 -0.026894 -0.002098 0.013924 -0.017357 -0.002154 0.005368 0.084115 -0.017738 0.002098 -0.000572 -0.055505 -1.138895 -0.773441 -0.209239 -0.348478 -0.008583 -0.001717
1757664956.088284 -0.044061 0.008965 0.003242 -0.002861 0.017896 0.000970 -0.026894 -0.002098 0.013924 -0.017357 -0.002154 0.005368 0.084115 -0.017738 0.002098 -0.000572 -0.055505 -1.139277 -0.774586 -0.209239 -0.354582 -0.008583 -0.001717
1757664956.090259 -0.044442 0.008583 0.003242 -0.002861 0.017896 0.000970 -0.026894 -0.002098 0.013924 -0.017357 -0.002154 0.005368 0.084115 -0.017738 0.002098 -0.000572 -0.055505 -1.139277 -0.775349 -0.209239 -0.360685 -0.008583 -0.001717
1757664956.092260 -0.044442 0.008583 0.003242 -0.002861 0.017896 0.000970 -0.027275 -0.002098 0.013924 -0.017357 -0.002154 0.005368 0.083734 -0.017738 0.002098 -0.000572 -0.055505 -1.139277 -0.776112 -0.209239 -0.367170 -0.008583 -0.001717
1757664956.094266 -0.044442 0.008583 0.003242 -0.002861 0.017896 0.000970 -0.027275 -0.002098 0.013924 -0.017357 -0.002154 0.005368 0.083734 -0.017738 0.002098 -0.000572 -0.055505 -1.139277 -0.776875 -0.209239 -0.373655 -0.008583 -0.001717
1757664956.096246 -0.044442 0.008583 0.003242 -0.002861 0.018031 0.000717 -0.027275 -0.002098 0.013924 -0.017357 -0.002154 0.005368 0.083734 -0.017738 0.002098 -0.000572 -0.055505 -1.139277 -0.777637 -0.209239 -0.380140 -0.008583 -0.001717
1757664956.098247 -0.044442 0.008583 0.003242 -0.002861 0.018166 0.000973 -0.027275 -0.002098 0.013924 -0.017357 -0.002154 0.005368 0.083734 -0.017738 0.002098 -0.000572 -0.055505 -1.139277 -0.778400 -0.209239 -0.386625 -0.008583 -0.001717
1757664956.100250 -0.044824 0.008583 0.003242 -0.002861 0.018166 0.000973 -0.027657 -0.002098 0.013924 -0.017357 -0.002154 0.005368 0.083734 -0.017738 0.002098 -0.000572 -0.055505 -1.139277 -0.779163 -0.209239 -0.393110 -0.008583 -0.001717
1757664956.102261 -0.044824 0.008583 0.003242 -0.002861 0.018166 0.000973 -0.027657 -0.002098 0.013924 -0.017357 -0.002154 0.005368 0.083734 -0.017738 0.002098 -0.000572 -0.055505 -1.139277 -0.779926 -0.209239 -0.399595 -0.008583 -0.001717
1757664956.104255 -0.044824 0.008583 0.003242 -0.002861 0.018166 0.000973 -0.027657 -0.002098 0.013924 -0.017357 -0.002154 0.005368 0.083352 -0.017738 0.002098 -0.000572 -0.055505 -1.139277 -0.780689 -0.209239 -0.406463 -0.008583 -0.001717
1757664956.106248 -0.044824 0.008583 0.003242 -0.002861 0.018166 0.000973 -0.027657 -0.002098 0.013924 -0.017357 -0.002154 0.005368 0.083352 -0.017738 0.002098 -0.000572 -0.055505 -1.139277 -0.781453 -0.209239 -0.413329 -0.008583 -0.001717
1757664956.108264 -0.044824 0.008583 0.003242 -0.002861 0.018166 0.000973 -0.028038 -0.002098 0.013924 -0.017357 -0.002154 0.005368 0.083352 -0.017738 0.002098 -0.000572 -0.055505 -1.139277 -0.782216 -0.209239 -0.419814 -0.008583 -0.001717
1757664956.110248 -0.045205 0.008583 0.003242 -0.002861 0.018301 0.001229 -0.028038 -0.002098 0.013924 -0.017357 -0.002154 0.005368 0.083352 -0.017738 0.002098 -0.000572 -0.055505 -1.139277 -0.782979 -0.209239 -0.426681 -0.008583 -0.001717
1757664956.112255 -0.045205 0.008583 0.003242 -0.002861 0.018301 0.001229 -0.028038 -0.002098 0.013924 -0.017357 -0.002154 0.005368 0.083352 -0.017738 0.002098 -0.000572 -0.055505 -1.139277 -0.783742 -0.209239 -0.433928 -0.008583 -0.001717
1757664956.114271 -0.045205 0.008583 0.003242 -0.002861 0.018301 0.001229 -0.028038 -0.002098 0.014305 -0.017357 -0.002154 0.005368 0.082971 -0.017738 0.002098 -0.000572 -0.055505 -1.138895 -0.784505 -0.209239 -0.440795 -0.008583 -0.001717
1757664956.116279 -0.045205 0.008583 0.003242 -0.002861 0.018301 0.001229 -0.028419 -0.002098 0.014305 -0.017357 -0.002154 0.005368 0.082971 -0.017357 0.002098 -0.000572 -0.055505 -1.138895 -0.784886 -0.209239 -0.447661 -0.008583 -0.001717
1757664956.118256 -0.045587 0.008583 0.003242 -0.002861 0.018301 0.001229 -0.028419 -0.002480 0.014305 -0.017357 -0.002154 0.005368 0.082971 -0.017357 0.002098 -0.000572 -0.055505 -1.138895 -0.785649 -0.209239 -0.454528 -0.008583 -0.001717
1757664956.120272 -0.045587 0.008583 0.003242 -0.002861 0.018301 0.001229 -0.028419 -0.002480 0.014305 -0.017357 -0.002154 0.005368 0.082589 -0.017357 0.002098 -0.000572 -0.055505 -1.138514 -0.786031 -0.209239 -0.461394 -0.008583 -0.001717
1757664956.122322 -0.045587 0.008583 0.003242 -0.002861 0.018301 0.001229 -0.028419 -0.002480 0.014305 -0.017357 -0.002154 0.005368 0.082589 -0.017357 0.002098 -0.000572 -0.055505 -1.138514 -0.786794 -0.209239 -0.468261 -0.008583 -0.001717
1757664956.124272 -0.045587 0.008583 0.003242 -0.002861 0.018301 0.001229 -0.028801 -0.002480 0.013924 -0.017357 -0.002154 0.005368 0.082589 -0.017357 0.002098 -0.000572 -0.055505 -1.138514 -0.787175 -0.209239 -0.475128 -0.008583 -0.001717
1757664956.126252 -0.045968 0.008583 0.003242 -0.002861 0.018436 0.001485 -0.028801 -0.002480 0.013924 -0.017357 -0.002154 0.005368 0.082589 -0.017357 0.002098 -0.000572 -0.055505 -1.138132 -0.787938 -0.209239 -0.482376 -0.008583 -0.001717
1757664956.128247 -0.045968 0.008202 0.003242 -0.002861 0.018571 0.001232 -0.028801 -0.002480 0.014305 -0.017357 -0.002154 0.005368 0.082208 -0.017357 0.002098 -0.000572 -0.055505 -1.138132 -0.788320 -0.209239 -0.489243 -0.008583 -0.001717
1757664956.130263 -0.045968 0.008202 0.003242 -0.002861 0.018571 0.001232 -0.028801 -0.002480 0.013924 -0.017357 -0.002154 0.005368 0.082208 -0.017357 0.002098 -0.000572 -0.055505 -1.138132 -0.788701 -0.209239 -0.496109 -0.008583 -0.001717
1757664956.132250 -0.045968 0.008202 0.003242 -0.002861 0.018571 0.001232 -0.029182 -0.002480 0.013924 -0.017357 -0.002154 0.005368 0.082208 -0.017357 0.002098 -0.000572 -0.055505 -1.137751 -0.789464 -0.209239 -0.502975 -0.008583 -0.001717
1757664956.134246 -0.046350 0.008202 0.003242 -0.002861 0.018571 0.001232 -0.029182 -0.002480 0.014305 -0.017357 -0.002154 0.005368 0.081826 -0.017357 0.002098 -0.000572 -0.055505 -1.137751 -0.789845 -0.209239 -0.509842 -0.008583 -0.001717
1757664956.136265 -0.046350 0.008202 0.003242 -0.002861 0.018571 0.001232 -0.029182 -0.002480 0.013924 -0.017357 -0.002154 0.005368 0.081826 -0.017357 0.002098 -0.000572 -0.055505 -1.137751 -0.790227 -0.209239 -0.516708 -0.008583 -0.001717
1757664956.138249 -0.046350 0.008202 0.003242 -0.002861 0.018571 0.001232 -0.029564 -0.002480 0.014305 -0.017357 -0.002154 0.005368 0.081445 -0.017357 0.002098 -0.000572 -0.055505 -1.137369 -0.790608 -0.209239 -0.523575 -0.008583 -0.001717
1757664956.140246 -0.046350 0.008202 0.003242 -0.002861 0.018571 0.001232 -0.029564 -0.002480 0.014305 -0.017357 -0.002154 0.005368 0.081445 -0.017357 0.002098 -0.000572 -0.055505 -1.137369 -0.790990 -0.209239 -0.530823 -0.008583 -0.001717
1757664956.142243 -0.046731 0.008202 0.003242 -0.002861 0.018571 0.001232 -0.029564 -0.002861 0.014305 -0.017357 -0.002154 0.005368 0.081445 -0.017357 0.002098 -0.000572 -0.055505 -1.137369 -0.791371 -0.209239 -0.537309 -0.008583 -0.001717
1757664956.144324 -0.046731 0.008202 0.003242 -0.002861 0.018571 0.001232 -0.029564 -0.002861 0.013924 -0.017357 -0.002018 0.005112 0.081063 -0.017357 0.002098 -0.000572 -0.055505 -1.136988 -0.791753 -0.209239 -0.544175 -0.008583 -0.001717
1757664956.146265 -0.046731 0.008202 0.003242 -0.002861 0.018571 0.001232 -0.029945 -0.002861 0.014305 -0.017357 -0.002018 0.005112 0.081063 -0.017357 0.002098 -0.000572 -0.055505 -1.136988 -0.792134 -0.209239 -0.551423 -0.008583 -0.001717
1757664956.148259 -0.046731 0.008202 0.003242 -0.002861 0.018706 0.001488 -0.029945 -0.002861 0.014305 -0.017357 -0.002018 0.005112 0.081063 -0.017357 0.002098 -0.000572 -0.055505 -1.136988 -0.792516 -0.209239 -0.557908 -0.008583 -0.001717
1757664956.150278 -0.047112 0.007820 0.003242 -0.002861 0.018706 0.001488 -0.029945 -0.002861 0.014305 -0.017357 -0.002018 0.005112 0.080682 -0.017357 0.002098 -0.000572 -0.055505 -1.136988 -0.792897 -0.209239 -0.564775 -0.008583 -0.001717
1757664956.152254 -0.047112 0.007820 0.003242 -0.002861 0.018706 0.001488 -0.030327 -0.002861 0.014305 -0.017357 -0.002018 0.005112 0.080682 -0.017357 0.002098 -0.000572 -0.055505 -1.136606 -0.793279 -0.209239 -0.571641 -0.008583 -0.001717
1757664956.154263 -0.047112 0.007820 0.003242 -0.002861 0.018706 0.001488 -0.030327 -0.002861 0.014305 -0.017357 -0.002018 0.005112 0.080682 -0.017357 0.002098 -0.000572 -0.055505 -1.136606 -0.793660 -0.209239 -0.578126 -0.008583 -0.001717
1757664956.156271 -0.047112 0.007820 0.003242 -0.002861 0.018706 0.001488 -0.030327 -0.002861 0.014305 -0.017357 -0.002018 0.005112 0.080300 -0.017357 0.002098 -0.000572 -0.055505 -1.136225 -0.793660 -0.209239 -0.584992 -0.008583 -0.001717
1757664956.158255 -0.047494 0.007820 0.003242 -0.002861 0.018706 0.001488 -0.030708 -0.002861 0.013924 -0.017357 -0.002018 0.005112 0.080300 -0.017357 0.002098 -0.000572 -0.055505 -1.136225 -0.794042 -0.209239 -0.591859 -0.008583 -0.001717
1757664956.160245 -0.047494 0.007820 0.003242 -0.002861 0.018706 0.001488 -0.030708 -0.002861 0.014305 -0.017357 -0.002018 0.005112 0.079919 -0.017357 0.002098 -0.000572 -0.055505 -1.135843 -0.794423 -0.209620 -0.598726 -0.008583 -0.001717
1757664956.162245 -0.047494 0.007820 0.003242 -0.002861 0.018706 0.001488 -0.030708 -0.002861 0.014305 -0.017357 -0.002018 0.005112 0.079919 -0.017357 0.002098 -0.000572 -0.055505 -1.135843 -0.794805 -0.209620 -0.605593 -0.008583 -0.001717
1757664956.164265 -0.047494 0.007820 0.003242 -0.002861 0.018706 0.001488 -0.030708 -0.002861 0.014305 -0.017357 -0.002018 0.005112 0.079919 -0.017357 0.002098 -0.000572 -0.055505 -1.135843 -0.795186 -0.209239 -0.612459 -0.008583 -0.001717
1757664956.166247 -0.047875 0.007820 0.003242 -0.002861 0.018706 0.001488 -0.031090 -0.002861 0.014305 -0.017357 -0.002018 0.005112 0.079537 -0.017357 0.002098 -0.000572 -0.055505 -1.135462 -0.795186 -0.209239 -0.619707 -0.008583 -0.001717
1757664956.168246 -0.047875 0.007820 0.003242 -0.002861 0.018706 0.001488 -0.031090 -0.003242 0.014305 -0.017357 -0.002018 0.005112 0.079537 -0.017357 0.002098 -0.000572 -0.055505 -1.135462 -0.795568 -0.209239 -0.626574 -0.008583 -0.001717
1757664956.170289 -0.047875 0.007820 0.003242 -0.002861 0.018706 0.001488 -0.031090 -0.003242 0.014305 -0.017357 -0.002018 0.005112 0.079156 -0.017357 0.002098 -0.000572 -0.055505 -1.135080 -0.795949 -0.209239 -0.633440 -0.008583 -0.001717
1757664956.172260 -0.047875 0.007820 0.003242 -0.002861 0.018706 0.001488 -0.031090 -0.003242 0.014305 -0.017357 -0.002018 0.005112 0.079156 -0.017357 0.002098 -0.000572 -0.055505 -1.135080 -0.795949 -0.209239 -0.640306 -0.008583 -0.001717
1757664956.174244 -0.048257 0.007820 0.003242 -0.002861 0.018706 0.001488 -0.031472 -0.003242 0.014305 -0.017357 -0.002018 0.005112 0.079156 -0.016975 0.002098 -0.000572 -0.055505 -1.134699 -0.796330 -0.209239 -0.647554 -0.008583 -0.001717
1757664956.176267 -0.048257 0.007820 0.003242 -0.002861 0.018706 0.001488 -0.031472 -0.003242 0.014305 -0.017357 -0.002018 0.005112 0.078774 -0.016975 0.002098 -0.000572 -0.055505 -1.134317 -0.796712 -0.209239 -0.654421 -0.008583 -0.001717
1757664956.178271 -0.048257 0.007820 0.003242 -0.002861 0.018706 0.001488 -0.031472 -0.003242 0.014305 -0.017357 -0.002018 0.005112 0.078774 -0.016975 0.002098 -0.000572 -0.055505 -1.134317 -0.797093 -0.209620 -0.661288 -0.008583 -0.001717
1757664956.180254 -0.048257 0.007820 0.003242 -0.002861 0.018842 0.001744 -0.031472 -0.003242 0.014305 -0.017357 -0.002018 0.005112 0.078393 -0.016975 0.002098 -0.000572 -0.055505 -1.133936 -0.797093 -0.209620 -0.668536 -0.008583 -0.001717
1757664956.182264 -0.048638 0.007820 0.003242 -0.002861 0.018842 0.001744 -0.031854 -0.003242 0.014305 -0.017357 -0.002018 0.005112 0.078393 -0.016975 0.002098 -0.000572 -0.055505 -1.133936 -0.797475 -0.209620 -0.675403 -0.008583 -0.001717
1757664956.184298 -0.048638 0.007820 0.003242 -0.002861 0.018842 0.001744 -0.031854 -0.003242 0.014305 -0.017357 -0.002018 0.005112 0.078393 -0.016975 0.002098 -0.000572 -0.055505 -1.133554 -0.797475 -0.209620 -0.682651 -0.008583 -0.001717
1757664956.186250 -0.048638 0.007820 0.003242 -0.002861 0.018842 0.001744 -0.031854 -0.003242 0.014305 -0.017357 -0.002018 0.005112 0.078012 -0.016975 0.002098 -0.000572 -0.055505 -1.133173 -0.797856 -0.209239 -0.689517 -0.008583 -0.001717
1757664956.188246 -0.048638 0.007820 0.003242 -0.002861 0.018842 0.001744 -0.031854 -0.003242 0.014305 -0.017357 -0.002018 0.005112 0.078012 -0.016975 0.002098 -0.000572 -0.055505 -1.133173 -0.798238 -0.209239 -0.696765 -0.008583 -0.001717
1757664956.190245 -0.048638 0.007820 0.003242 -0.002861 0.018977 0.001491 -0.031854 -0.003242 0.014305 -0.017357 -0.002018 0.005112 0.077630 -0.016975 0.002098 -0.000572 -0.055505 -1.132792 -0.798238 -0.209239 -0.703631 -0.008583 -0.001717
1757664956.192266 -0.049020 0.007820 0.003242 -0.002861 0.018842 0.001744 -0.032235 -0.003242 0.014305 -0.017357 -0.002018 0.005112 0.077630 -0.016975 0.002098 -0.000572 -0.055505 -1.132410 -0.798619 -0.209239 -0.710879 -0.008583 -0.001717
1757664956.194252 -0.049020 0.007820 0.003242 -0.002861 0.018977 0.001491 -0.032235 -0.003242 0.014305 -0.017357 -0.002018 0.005112 0.077630 -0.016975 0.002098 -0.000572 -0.055505 -1.132410 -0.799001 -0.209239 -0.717746 -0.008583 -0.001717
1757664956.196247 -0.049020 0.007820 0.003242 -0.002861 0.018977 0.001491 -0.032235 -0.003242 0.014305 -0.017357 -0.002018 0.005112 0.077249 -0.016975 0.002098 -0.000572 -0.055505 -1.132029 -0.799001 -0.209239 -0.724613 -0.008583 -0.001717
1757664956.198262 -0.049020 0.007820 0.003242 -0.002861 0.018977 0.001491 -0.032235 -0.003242 0.014305 -0.017357 -0.002018 0.005112 0.077249 -0.016975 0.002098 -0.000572 -0.055123 -1.131647 -0.799382 -0.209239 -0.731861 -0.008583 -0.001717
1757664956.200246 -0.049020 0.007820 0.003242 -0.002861 0.018977 0.001491 -0.032235 -0.003242 0.014305 -0.017357 -0.002018 0.005112 0.077249 -0.016975 0.002098 -0.000572 -0.055123 -1.131266 -0.799382 -0.209239 -0.738728 -0.008583 -0.001717
1757664956.202245 -0.049401 0.007820 0.003242 -0.002861 0.018977 0.001491 -0.032617 -0.003242 0.014305 -0.017357 -0.002018 0.005112 0.076867 -0.016975 0.002098 -0.000572 -0.055123 -1.131266 -0.799764 -0.209239 -0.745975 -0.008583 -0.001717
1757664956.204242 -0.049401 0.007820 0.003242 -0.002861 0.018977 0.001491 -0.032617 -0.003242 0.014305 -0.017357 -0.002018 0.005112 0.076867 -0.016975 0.002098 -0.000572 -0.055123 -1.130884 -0.799764 -0.209239 -0.752842 -0.008583 -0.001717
1757664956.206300 -0.049401 0.007820 0.003242 -0.002861 0.018977 0.001491 -0.032617 -0.003242 0.014305 -0.017357 -0.002018 0.005112 0.076486 -0.016975 0.002098 -0.000572 -0.055123 -1.130503 -0.800145 -0.209239 -0.759708 -0.008583 -0.001717
1757664956.208256 -0.049401 0.007820 0.003242 -0.002861 0.018977 0.001491 -0.032617 -0.003242 0.014305 -0.017357 -0.002018 0.005112 0.076486 -0.017357 0.002098 -0.000572 -0.055123 -1.130121 -0.800145 -0.209239 -0.766956 -0.008583 -0.001717
1757664956.210259 -0.049401 0.007820 0.003242 -0.002861 0.018977 0.001491 -0.032617 -0.003242 0.014305 -0.017357 -0.002018 0.005112 0.076486 -0.017357 0.002098 -0.000572 -0.055123 -1.130121 -0.800145 -0.209239 -0.773823 -0.008583 -0.001717
1757664956.212315 -0.049401 0.007820 0.003242 -0.002861 0.018977 0.001491 -0.032617 -0.003242 0.014305 -0.017357 -0.002018 0.005112 0.076104 -0.016975 0.002098 -0.000572 -0.055123 -1.129740 -0.800527 -0.209239 -0.780689 -0.008583 -0.001717
1757664956.214266 -0.049783 0.007820 0.003242 -0.002861 0.018977 0.001491 -0.032998 -0.003242 0.014305 -0.017357 -0.002018 0.005112 0.076104 -0.017357 0.002098 -0.000572 -0.055123 -1.129358 -0.800527 -0.209620 -0.787557 -0.008583 -0.001717
1757664956.216251 -0.049783 0.007820 0.003242 -0.002861 0.018977 0.001491 -0.032998 -0.003242 0.014305 -0.017357 -0.002018 0.005112 0.076104 -0.017357 0.002098 -0.000572 -0.055123 -1.128977 -0.800527 -0.209620 -0.794423 -0.008583 -0.001717
1757664956.218261 -0.049783 0.007820 0.003242 -0.002861 0.018977 0.001491 -0.032998 -0.003242 0.014305 -0.017357 -0.002018 0.005112 0.075723 -0.017357 0.002098 -0.000572 -0.055123 -1.128977 -0.800908 -0.209620 -0.801290 -0.008583 -0.001717
1757664956.220258 -0.049783 0.007820 0.003242 -0.002861 0.018977 0.001491 -0.032998 -0.003242 0.014305 -0.017357 -0.002018 0.005112 0.075723 -0.017357 0.002098 -0.000572 -0.055123 -1.128595 -0.800908 -0.209620 -0.808537 -0.008583 -0.001717
1757664956.222245 -0.049783 0.007820 0.003242 -0.002861 0.018977 0.001491 -0.032998 -0.003242 0.014305 -0.017357 -0.002018 0.005112 0.075723 -0.017357 0.002098 -0.000572 -0.055123 -1.128214 -0.800908 -0.209620 -0.815404 -0.008583 -0.001717
1757664956.224245 -0.049783 0.007820 0.003242 -0.002861 0.018977 0.001491 -0.032998 -0.003242 0.014305 -0.017357 -0.002018 0.005112 0.075341 -0.017357 0.002098 -0.000572 -0.055123 -1.127832 -0.800908 -0.209620 -0.822270 -0.008583 -0.001717
1757664956.226297 -0.049783 0.007820 0.003242 -0.002861 0.018977 0.001491 -0.032998 -0.003242 0.014305 -0.017357 -0.002018 0.005112 0.075341 -0.017357 0.002098 -0.000572 -0.055123 -1.127832 -0.801290 -0.209620 -0.829137 -0.008583 -0.001717
1757664956.228254 -0.049783 0.007820 0.003242 -0.002861 0.018977 0.001491 -0.032998 -0.003242 0.014305 -0.017357 -0.002018 0.005112 0.075341 -0.016975 0.002098 -0.000572 -0.055123 -1.127451 -0.801290 -0.209239 -0.836003 -0.008583 -0.001717
1757664956.230241 -0.050164 0.007820 0.003242 -0.002861 0.018977 0.001491 -0.033380 -0.003242 0.014305 -0.017357 -0.002018 0.005112 0.074960 -0.016975 0.002098 -0.000572 -0.055123 -1.127069 -0.801290 -0.209239 -0.842870 -0.008583 -0.001717
1757664956.232244 -0.050164 0.007820 0.003242 -0.002861 0.018977 0.001491 -0.033380 -0.003242 0.014305 -0.017357 -0.002018 0.005112 0.074960 -0.016975 0.002098 -0.000572 -0.055123 -1.126688 -0.801290 -0.209239 -0.849737 -0.008583 -0.001717
1757664956.234266 -0.050164 0.007820 0.003242 -0.002861 0.018977 0.001491 -0.033380 -0.003242 0.014305 -0.017357 -0.002018 0.005112 0.074578 -0.016975 0.002098 -0.000572 -0.055123 -1.126307 -0.801290 -0.209239 -0.856604 -0.008583 -0.001717
1757664956.236254 -0.050164 0.007820 0.003242 -0.002861 0.018977 0.001491 -0.033380 -0.003242 0.014305 -0.017357 -0.002018 0.005112 0.074578 -0.016975 0.002098 -0.000572 -0.055123 -1.125925 -0.801290 -0.209620 -0.863470 -0.008583 -0.001717
1757664956.238321 -0.050164 0.007820 0.003242 -0.002861 0.018977 0.001491 -0.033380 -0.003242 0.014305 -0.017357 -0.002018 0.005112 0.074578 -0.016975 0.002098 -0.000572 -0.055123 -1.125544 -0.801671 -0.209620 -0.870337 -0.008583 -0.001717
1757664956.240306 -0.050164 0.007820 0.003242 -0.002861 0.018842 0.001744 -0.033380 -0.003242 0.014305 -0.017357 -0.002018 0.005112 0.074197 -0.016975 0.002098 -0.000572 -0.055123 -1.125162 -0.801671 -0.209620 -0.877203 -0.008583 -0.001717
1757664956.242236 -0.050164 0.007820 0.003242 -0.002861 0.018842 0.001744 -0.033380 -0.003242 0.014305 -0.017357 -0.002018 0.005112 0.074197 -0.016975 0.002098 -0.000572 -0.055123 -1.124399 -0.801671 -0.209620 -0.884069 -0.008583 -0.001717
1757664956.244269 -0.050164 0.007820 0.003242 -0.002861 0.018842 0.001744 -0.033380 -0.003242 0.014305 -0.017357 -0.002018 0.005112 0.074197 -0.016975 0.002098 -0.000572 -0.055123 -1.124018 -0.801671 -0.209620 -0.890936 -0.008583 -0.001717
1757664956.246246 -0.050164 0.007820 0.003242 -0.002861 0.018842 0.001744 -0.033380 -0.003242 0.014305 -0.017357 -0.002018 0.005112 0.073815 -0.016975 0.002098 -0.000572 -0.055123 -1.123636 -0.801671 -0.209620 -0.897802 -0.008583 -0.001717
1757664956.248260 -0.050164 0.007820 0.003242 -0.002861 0.018842 0.001744 -0.033380 -0.003242 0.014305 -0.017357 -0.002018 0.005112 0.073815 -0.017357 0.002098 -0.000572 -0.055123 -1.123255 -0.801671 -0.209620 -0.904669 -0.008583 -0.001717
1757664956.250247 -0.050164 0.007820 0.003242 -0.002861 0.018842 0.001744 -0.033380 -0.003242 0.014305 -0.017357 -0.002018 0.005112 0.073815 -0.017357 0.002098 -0.000572 -0.055123 -1.122873 -0.802052 -0.209620 -0.911536 -0.008583 -0.001717
1757664956.252247 -0.050164 0.007820 0.003242 -0.002861 0.018842 0.001744 -0.033380 -0.003242 0.014305 -0.017357 -0.002018 0.005112 0.073815 -0.017357 0.002098 -0.000572 -0.055123 -1.122492 -0.802052 -0.209620 -0.918403 -0.008583 -0.001717
1757664956.254259 -0.050164 0.007820 0.003242 -0.002861 0.018842 0.001744 -0.033380 -0.003242 0.014305 -0.017357 -0.002018 0.005112 0.073434 -0.017357 0.002098 -0.000572 -0.055123 -1.121729 -0.802052 -0.209620 -0.925651 -0.008583 -0.001717
1757664956.256243 -0.050164 0.007820 0.003242 -0.002861 0.018842 0.001744 -0.033380 -0.003242 0.014305 -0.017357 -0.002018 0.005112 0.073434 -0.017357 0.002098 -0.000572 -0.055123 -1.121347 -0.802052 -0.209620 -0.932517 -0.008583 -0.001717
1757664956.258243 -0.050164 0.007820 0.003242 -0.002861 0.018842 0.001744 -0.033380 -0.003242 0.014305 -0.017357 -0.002018 0.005112 0.073434 -0.017357 0.002098 -0.000572 -0.055123 -1.120966 -0.802052 -0.209620 -0.939384 -0.008583 -0.001717
1757664956.260242 -0.050164 0.007820 0.003242 -0.002861 0.018842 0.001744 -0.033380 -0.003242 0.014305 -0.017357 -0.002018 0.005112 0.073434 -0.017357 0.002098 -0.000572 -0.055123 -1.120203 -0.802434 -0.209620 -0.946250 -0.008583 -0.001717
1757664956.262296 -0.050164 0.007820 0.003242 -0.002861 0.018842 0.001744 -0.033380 -0.003242 0.014305 -0.017357 -0.002018 0.005112 0.073052 -0.017357 0.002098 -0.000572 -0.055123 -1.119822 -0.802434 -0.209620 -0.953116 -0.008583 -0.001717
1757664956.264290 -0.050164 0.007820 0.003242 -0.002861 0.018842 0.001744 -0.033380 -0.003242 0.014305 -0.017357 -0.002018 0.005112 0.073052 -0.017357 0.002098 -0.000572 -0.055123 -1.119440 -0.802434 -0.209620 -0.959983 -0.008583 -0.001717
1757664956.266286 -0.050164 0.007820 0.003242 -0.002861 0.018842 0.001744 -0.033380 -0.003242 0.014305 -0.017357 -0.002018 0.005112 0.073052 -0.017357 0.002098 -0.000572 -0.055123 -1.118677 -0.802434 -0.209620 -0.967231 -0.008583 -0.001717
1757664956.268280 -0.050164 0.007820 0.003242 -0.002861 0.018842 0.001744 -0.033380 -0.003242 0.014305 -0.017357 -0.002018 0.005112 0.073052 -0.017357 0.002098 -0.000572 -0.055123 -1.118296 -0.802434 -0.209620 -0.974098 -0.008583 -0.001717
1757664956.270290 -0.050164 0.007820 0.003242 -0.002861 0.018842 0.001744 -0.033380 -0.003242 0.014305 -0.017357 -0.002018 0.005112 0.073052 -0.017357 0.002098 -0.000572 -0.055123 -1.117533 -0.802434 -0.209620 -0.980965 -0.008583 -0.001717
1757664956.272280 -0.050164 0.007820 0.003242 -0.002861 0.018842 0.001744 -0.033380 -0.003242 0.014305 -0.017357 -0.002018 0.005112 0.073052 -0.017357 0.002098 -0.000572 -0.055123 -1.117151 -0.802434 -0.209620 -0.987831 -0.008583 -0.001717
1757664956.274251 -0.050164 0.007820 0.003242 -0.002861 0.018706 0.001488 -0.033380 -0.003242 0.014305 -0.017357 -0.002018 0.005112 0.072671 -0.017357 0.002098 -0.000572 -0.055123 -1.116770 -0.802434 -0.209620 -0.995079 -0.008583 -0.001717
1757664956.276279 -0.050164 0.007820 0.003242 -0.002861 0.018706 0.001488 -0.033380 -0.003242 0.014305 -0.017357 -0.002018 0.005112 0.072671 -0.017357 0.002098 -0.000572 -0.055123 -1.116007 -0.802434 -0.209620 -1.001945 -0.008583 -0.001717
1757664956.278254 -0.050164 0.007820 0.003242 -0.002861 0.018706 0.001488 -0.033380 -0.003242 0.014305 -0.017357 -0.002018 0.005112 0.072671 -0.017357 0.002098 -0.000572 -0.055123 -1.115625 -0.802434 -0.209620 -1.008812 -0.008583 -0.001717
1757664956.280247 -0.050164 0.007820 0.003242 -0.002861 0.018706 0.001488 -0.033380 -0.003242 0.014305 -0.017357 -0.002018 0.005112 0.072671 -0.017357 0.002098 -0.000572 -0.055123 -1.114862 -0.802434 -0.209620 -1.015678 -0.008583 -0.001717
1757664956.282302 -0.050164 0.007820 0.003242 -0.002861 0.018706 0.001488 -0.033380 -0.003242 0.014305 -0.017357 -0.002018 0.005112 0.072671 -0.017357 0.002098 -0.000572 -0.055123 -1.114481 -0.802434 -0.209620 -1.022545 -0.008583 -0.001717
1757664956.284280 -0.050164 0.007820 0.003242 -0.002861 0.018706 0.001488 -0.033380 -0.003242 0.014305 -0.017357 -0.002018 0.005112 0.072671 -0.017357 0.002098 -0.000572 -0.055123 -1.113718 -0.802434 -0.209620 -1.029411 -0.008583 -0.001717
1757664956.286244 -0.050164 0.007820 0.003242 -0.002861 0.018706 0.001488 -0.033380 -0.003242 0.014305 -0.017357 -0.002018 0.005112 0.072671 -0.017357 0.002098 -0.000572 -0.055123 -1.112955 -0.802434 -0.209620 -1.036279 -0.008583 -0.001717
1757664956.288241 -0.050164 0.007820 0.003242 -0.002861 0.018706 0.001488 -0.033380 -0.003242 0.014305 -0.017357 -0.002018 0.005112 0.072671 -0.017357 0.002098 -0.000572 -0.055123 -1.112574 -0.802434 -0.209620 -1.043145 -0.008583 -0.001717
1757664956.290255 -0.050164 0.007820 0.003242 -0.002861 0.018706 0.001488 -0.033380 -0.003242 0.014305 -0.017357 -0.002018 0.005112 0.072671 -0.017357 0.002098 -0.000572 -0.055123 -1.111811 -0.802434 -0.209620 -1.050012 -0.008583 -0.001717
1757664956.292248 -0.050164 0.007820 0.003242 -0.002861 0.018706 0.001488 -0.033380 -0.003242 0.014305 -0.017357 -0.002018 0.005112 0.072671 -0.017357 0.002098 -0.000572 -0.055123 -1.111429 -0.802434 -0.209620 -1.056878 -0.008583 -0.001717
1757664956.294244 -0.050164 0.007820 0.003242 -0.002861 0.018706 0.001488 -0.033380 -0.003242 0.014305 -0.017357 -0.002018 0.005112 0.072671 -0.017357 0.002098 -0.000572 -0.055123 -1.110666 -0.802434 -0.209620 -1.064126 -0.008583 -0.001717
1757664956.296258 -0.050164 0.007820 0.003242 -0.002861 0.018706 0.001488 -0.033380 -0.003242 0.014305 -0.017357 -0.002018 0.005112 0.072671 -0.017357 0.002098 -0.000572 -0.055123 -1.109903 -0.802434 -0.209620 -1.070992 -0.008583 -0.001717
1757664956.298244 -0.050164 0.007820 0.003242 -0.002861 0.018706 0.001488 -0.033380 -0.003242 0.014305 -0.017357 -0.002018 0.005112 0.072671 -0.017357 0.002098 -0.000572 -0.055123 -1.109140 -0.802434 -0.209620 -1.077859 -0.008583 -0.001717
1757664956.300243 -0.050164 0.007820 0.003242 -0.002861 0.018706 0.001488 -0.033380 -0.003242 0.014305 -0.017357 -0.002018 0.005112 0.072671 -0.017357 0.002098 -0.000572 -0.055123 -1.108377 -0.802434 -0.209620 -1.084725 -0.008583 -0.001717
1757664956.302275 -0.050164 0.007820 0.003242 -0.002861 0.018706 0.001488 -0.033380 -0.003242 0.014305 -0.017357 -0.002018 0.005112 0.072671 -0.017357 0.002098 -0.000572 -0.055123 -1.107996 -0.802434 -0.209620 -1.091592 -0.008583 -0.001717
1757664956.304268 -0.050164 0.007820 0.003242 -0.002861 0.018706 0.001488 -0.033380 -0.003242 0.014305 -0.017357 -0.002018 0.005112 0.072671 -0.017357 0.002098 -0.000572 -0.055123 -1.106852 -0.802434 -0.209620 -1.098841 -0.008583 -0.001717
1757664956.306240 -0.050164 0.007820 0.003242 -0.002861 0.018706 0.001488 -0.033380 -0.003242 0.014305 -0.017357 -0.002018 0.005112 0.072671 -0.017357 0.002098 -0.000572 -0.055123 -1.106089 -0.802434 -0.209620 -1.105326 -0.008583 -0.001717
1757664956.308244 -0.050164 0.007820 0.003242 -0.002861 0.018706 0.001488 -0.033380 -0.003242 0.014305 -0.017357 -0.002018 0.005112 0.072671 -0.017357 0.002098 -0.000572 -0.055123 -1.105326 -0.802434 -0.209620 -1.112574 -0.008583 -0.001717
1757664956.310254 -0.050164 0.007820 0.003242 -0.002861 0.018706 0.001488 -0.033380 -0.003242 0.014305 -0.017357 -0.002018 0.005112 0.072671 -0.017357 0.002098 -0.000572 -0.055123 -1.104563 -0.802434 -0.209620 -1.119440 -0.008583 -0.001717
1757664956.312244 -0.050164 0.007820 0.003242 -0.002861 0.018706 0.001488 -0.033380 -0.003242 0.014305 -0.017357 -0.002018 0.005112 0.072671 -0.017357 0.002098 -0.000572 -0.055123 -1.103800 -0.802434 -0.209620 -1.126307 -0.008583 -0.001717
1757664956.314258 -0.050164 0.007820 0.003242 -0.002861 0.018706 0.001488 -0.033380 -0.003242 0.014305 -0.017357 -0.002018 0.005112 0.072671 -0.017357 0.002098 -0.000572 -0.055123 -1.103037 -0.802434 -0.209620 -1.133554 -0.008583 -0.001717
1757664956.316243 -0.050164 0.007439 0.003242 -0.002861 0.018706 0.001488 -0.033380 -0.003242 0.014305 -0.017357 -0.002018 0.005112 0.072671 -0.017357 0.002098 -0.000572 -0.055123 -1.101892 -0.802434 -0.209620 -1.140421 -0.008583 -0.001717
1757664956.318261 -0.050164 0.007439 0.003242 -0.002861 0.018706 0.001488 -0.033380 -0.003242 0.014305 -0.017357 -0.002018 0.005112 0.072671 -0.017357 0.002098 -0.000572 -0.055123 -1.101130 -0.802434 -0.209620 -1.147669 -0.008583 -0.001717
1757664956.320244 -0.050164 0.007439 0.003242 -0.002861 0.018706 0.001488 -0.033380 -0.003242 0.014305 -0.017357 -0.002018 0.005112 0.072671 -0.017357 0.002098 -0.000572 -0.055123 -1.100367 -0.802434 -0.209620 -1.154535 -0.008583 -0.001717
1757664956.322242 -0.050164 0.007439 0.003242 -0.002861 0.018706 0.001488 -0.033380 -0.003242 0.014305 -0.017357 -0.002018 0.005112 0.072671 -0.017357 0.002098 -0.000572 -0.055123 -1.099222 -0.802434 -0.209620 -1.161784 -0.008583 -0.001717
1757664956.324250 -0.050164 0.007439 0.003242 -0.002861 0.018706 0.001488 -0.033380 -0.003242 0.013924 -0.017357 -0.002018 0.005112 0.072671 -0.017357 0.002098 -0.000572 -0.055123 -1.098459 -0.802434 -0.209620 -1.168651 -0.008583 -0.001717
1757664956.326256 -0.050164 0.007439 0.003242 -0.002861 0.018706 0.001488 -0.033380 -0.003242 0.013924 -0.017357 -0.002018 0.005112 0.072671 -0.017357 0.002098 -0.000572 -0.055123 -1.097696 -0.802434 -0.209620 -1.175517 -0.008583 -0.001717
1757664956.328249 -0.050164 0.007439 0.003242 -0.002861 0.018706 0.001488 -0.033380 -0.003242 0.014305 -0.017357 -0.002018 0.005112 0.072671 -0.017357 0.002098 -0.000572 -0.055123 -1.096552 -0.802434 -0.209620 -1.182765 -0.008583 -0.001717
1757664956.330267 -0.050164 0.007439 0.003242 -0.002861 0.018706 0.001488 -0.033380 -0.003242 0.014305 -0.017357 -0.002018 0.005112 0.072671 -0.017357 0.002098 -0.000572 -0.055123 -1.095789 -0.802434 -0.209620 -1.190013 -0.008583 -0.001717
1757664956.332293 -0.050164 0.007439 0.003242 -0.002861 0.018706 0.001488 -0.033380 -0.003242 0.014305 -0.017357 -0.002018 0.005112 0.072671 -0.017357 0.002098 -0.000572 -0.055123 -1.094645 -0.802434 -0.209620 -1.197261 -0.008583 -0.001717
1757664956.334263 -0.050164 0.007439 0.003242 -0.002861 0.018706 0.001488 -0.033380 -0.003242 0.013924 -0.017357 -0.002018 0.005112 0.072671 -0.017357 0.002098 -0.000572 -0.055123 -1.093499 -0.802434 -0.209620 -1.204127 -0.008583 -0.001717
1757664956.336250 -0.050164 0.007439 0.003242 -0.002861 0.018706 0.001488 -0.033380 -0.003242 0.014305 -0.017357 -0.002018 0.005112 0.072671 -0.017357 0.002098 -0.000572 -0.055123 -1.092736 -0.802434 -0.209620 -1.210994 -0.008583 -0.001717
1757664956.338250 -0.050164 0.007439 0.002861 -0.002861 0.018706 0.001488 -0.033380 -0.003242 0.014305 -0.017357 -0.002018 0.005112 0.072671 -0.017357 0.002098 -0.000572 -0.055123 -1.091592 -0.802434 -0.209620 -1.218242 -0.008583 -0.001717
1757664956.340236 -0.050164 0.007439 0.002861 -0.002861 0.018706 0.001488 -0.033380 -0.003242 0.014305 -0.017357 -0.002018 0.005112 0.072671 -0.017357 0.002098 -0.000572 -0.055123 -1.090447 -0.802434 -0.209620 -1.225109 -0.008583 -0.001717
1757664956.342257 -0.050164 0.007439 0.002861 -0.002861 0.018706 0.001488 -0.033380 -0.003242 0.013924 -0.017357 -0.002018 0.005112 0.072671 -0.017357 0.002098 -0.000572 -0.055123 -1.089684 -0.802434 -0.210002 -1.231976 -0.008583 -0.001717
1757664956.344254 -0.050164 0.007439 0.002861 -0.002861 0.018706 0.001488 -0.033380 -0.003242 0.013924 -0.017357 -0.002018 0.005112 0.072671 -0.017357 0.002098 -0.000572 -0.055123 -1.088540 -0.802434 -0.210002 -1.238842 -0.008583 -0.001717
1757664956.346260 -0.050164 0.007439 0.002861 -0.002861 0.018706 0.001488 -0.033380 -0.003242 0.013924 -0.017357 -0.002018 0.005112 0.072671 -0.017357 0.002098 -0.000572 -0.055123 -1.087396 -0.802434 -0.210002 -1.245708 -0.008583 -0.001717
1757664956.348247 -0.050164 0.007439 0.002861 -0.002861 0.018706 0.001488 -0.033380 -0.003242 0.013924 -0.017357 -0.002018 0.005112 0.072671 -0.017357 0.002098 -0.000572 -0.055123 -1.086251 -0.802434 -0.210002 -1.252575 -0.008583 -0.001717
1757664956.350266 -0.050164 0.007439 0.002861 -0.002861 0.018706 0.001488 -0.033380 -0.003242 0.013924 -0.017357 -0.002018 0.005112 0.072671 -0.017357 0.002098 -0.000572 -0.055123 -1.085488 -0.802434 -0.210002 -1.259441 -0.008583 -0.001717
1757664956.352253 -0.050164 0.007439 0.002861 -0.002861 0.018706 0.001488 -0.033380 -0.003242 0.013924 -0.017357 -0.002018 0.005112 0.072671 -0.017357 0.002098 -0.000572 -0.055123 -1.084344 -0.802434 -0.210002 -1.266308 -0.008583 -0.001717
1757664956.354267 -0.050164 0.007439 0.002861 -0.002861 0.018572 0.001741 -0.033380 -0.003242 0.013924 -0.017357 -0.002018 0.005112 0.072671 -0.017357 0.002098 -0.000572 -0.055123 -1.083200 -0.802434 -0.210002 -1.273174 -0.008583 -0.001717
1757664956.356255 -0.050164 0.007439 0.002861 -0.002861 0.018572 0.001741 -0.033380 -0.003242 0.013924 -0.017357 -0.002018 0.005112 0.072671 -0.017357 0.002098 -0.000572 -0.055123 -1.082055 -0.802434 -0.210383 -1.279659 -0.008583 -0.001717
1757664956.358276 -0.050164 0.007439 0.002861 -0.002861 0.018572 0.001741 -0.033380 -0.003242 0.013924 -0.017357 -0.002018 0.005112 0.072671 -0.017357 0.002098 -0.000572 -0.055123 -1.080911 -0.802434 -0.210383 -1.286527 -0.008583 -0.001717
1757664956.360244 -0.050164 0.007439 0.002861 -0.002861 0.018572 0.001741 -0.033380 -0.003242 0.013924 -0.017357 -0.002018 0.005112 0.072671 -0.017357 0.002098 -0.000572 -0.055123 -1.080148 -0.802434 -0.210383 -1.293012 -0.008583 -0.001717
1757664956.362261 -0.050164 0.007439 0.002861 -0.002861 0.018572 0.001741 -0.033380 -0.003242 0.013924 -0.017357 -0.002018 0.005112 0.072671 -0.017357 0.002098 -0.000572 -0.055123 -1.079003 -0.802434 -0.210383 -1.299878 -0.008583 -0.001717
1757664956.364264 -0.050164 0.007439 0.002861 -0.002861 0.018572 0.001741 -0.033380 -0.003242 0.013924 -0.017357 -0.002018 0.005112 0.072671 -0.017357 0.002098 -0.000572 -0.055123 -1.077859 -0.802434 -0.210383 -1.306363 -0.008583 -0.001717
1757664956.366255 -0.050164 0.007439 0.002861 -0.002861 0.018572 0.001741 -0.033380 -0.003242 0.013924 -0.017357 -0.002018 0.005112 0.072671 -0.017357 0.002098 -0.000572 -0.055123 -1.076715 -0.802434 -0.210383 -1.312848 -0.008583 -0.001717
1757664956.368247 -0.050164 0.007439 0.002861 -0.002861 0.018572 0.001741 -0.033380 -0.003242 0.013924 -0.017357 -0.002018 0.005112 0.072671 -0.017357 0.002098 -0.000572 -0.055123 -1.075570 -0.802434 -0.210765 -1.318952 -0.008583 -0.001717
1757664956.370254 -0.050164 0.007439 0.002861 -0.002861 0.018572 0.001741 -0.033380 -0.003242 0.013924 -0.017357 -0.002018 0.005112 0.072671 -0.017357 0.002098 -0.000572 -0.055123 -1.074426 -0.802434 -0.210765 -1.325437 -0.008583 -0.001717
1757664956.372252 -0.050164 0.007439 0.002861 -0.002861 0.018572 0.001741 -0.033380 -0.003242 0.013924 -0.017357 -0.002018 0.005112 0.072671 -0.017357 0.002098 -0.000572 -0.055123 -1.073663 -0.802434 -0.210765 -1.331922 -0.008583 -0.001717
1757664956.374249 -0.050164 0.007439 0.002861 -0.002861 0.018572 0.001741 -0.033380 -0.003242 0.013924 -0.017357 -0.002018 0.005112 0.072671 -0.017357 0.002098 -0.000572 -0.055123 -1.072518 -0.802434 -0.210765 -1.338025 -0.008583 -0.001717
1757664956.376242 -0.050164 0.007439 0.002861 -0.002861 0.018572 0.001741 -0.033380 -0.003242 0.013924 -0.017357 -0.002018 0.005112 0.072671 -0.017357 0.002098 -0.000572 -0.055123 -1.071374 -0.802434 -0.210765 -1.344511 -0.008583 -0.001717
1757664956.378292 -0.050164 0.007439 0.002861 -0.002861 0.018572 0.001741 -0.033380 -0.003242 0.013924 -0.017357 -0.002018 0.005112 0.072671 -0.017357 0.002098 -0.000572 -0.055123 -1.070230 -0.802434 -0.210765 -1.350615 -0.008583 -0.001717
1757664956.380252 -0.050164 0.007439 0.002861 -0.002861 0.018572 0.001741 -0.033380 -0.003242 0.013924 -0.017357 -0.002018 0.005112 0.072671 -0.017357 0.002098 -0.000572 -0.055123 -1.069085 -0.802434 -0.210765 -1.356718 -0.008583 -0.001717
1757664956.382262 -0.050164 0.007439 0.002861 -0.002861 0.018572 0.001741 -0.033380 -0.003242 0.013924 -0.017357 -0.002018 0.005112 0.072671 -0.017357 0.002098 -0.000572 -0.055123 -1.067941 -0.802434 -0.210765 -1.362822 -0.008583 -0.001717
1757664956.384249 -0.050164 0.007439 0.002861 -0.002861 0.018572 0.001741 -0.033380 -0.003242 0.013924 -0.017357 -0.002018 0.005112 0.072671 -0.017357 0.002098 -0.000572 -0.055123 -1.066796 -0.802434 -0.210765 -1.368925 -0.008583 -0.001717
1757664956.386272 -0.050164 0.007439 0.002861 -0.002861 0.018572 0.001741 -0.033380 -0.003242 0.013924 -0.017357 -0.002018 0.005112 0.072671 -0.017357 0.002098 -0.000572 -0.055123 -1.065652 -0.802434 -0.210765 -1.375029 -0.008583 -0.001717
1757664956.388247 -0.050164 0.007439 0.002861 -0.002861 0.018572 0.001741 -0.033380 -0.003242 0.013924 -0.017357 -0.002018 0.005112 0.072671 -0.017357 0.002098 -0.000572 -0.055123 -1.064507 -0.802434 -0.210765 -1.380751 -0.008583 -0.001717
1757664956.390253 -0.050164 0.007439 0.002861 -0.002861 0.018572 0.001741 -0.033380 -0.003242 0.013924 -0.017357 -0.002018 0.005112 0.072671 -0.017357 0.002098 -0.000572 -0.055123 -1.063363 -0.802434 -0.210765 -1.386854 -0.008583 -0.001717
1757664956.392287 -0.050164 0.007439 0.002861 -0.002861 0.018436 0.001485 -0.033380 -0.003242 0.013924 -0.017357 -0.002018 0.005112 0.072671 -0.017357 0.002098 -0.000572 -0.055123 -1.062219 -0.802434 -0.210765 -1.392576 -0.008583 -0.001717
1757664956.394337 -0.050164 0.007439 0.002861 -0.002861 0.018436 0.001485 -0.033380 -0.003242 0.013924 -0.017357 -0.002018 0.005112 0.072671 -0.017357 0.002098 -0.000572 -0.055123 -1.061074 -0.802434 -0.210765 -1.398298 -0.008583 -0.001717
1757664956.396295 -0.050164 0.007439 0.002861 -0.002861 0.018436 0.001485 -0.033380 -0.003242 0.013924 -0.017357 -0.002018 0.005112 0.072671 -0.017357 0.002098 -0.000572 -0.055123 -1.059930 -0.802434 -0.210765 -1.404020 -0.008583 -0.001717
1757664956.398315 -0.050164 0.007439 0.002861 -0.002861 0.018436 0.001485 -0.033380 -0.003242 0.013924 -0.017357 -0.002018 0.005112 0.072671 -0.017357 0.002098 -0.000572 -0.055123 -1.058785 -0.802434 -0.210765 -1.410125 -0.008583 -0.001717
1757664956.400271 -0.050164 0.007439 0.002861 -0.002861 0.018301 0.001738 -0.033380 -0.003242 0.013924 -0.017357 -0.002018 0.005112 0.072671 -0.017357 0.002098 -0.000572 -0.055123 -1.057641 -0.802434 -0.210765 -1.415847 -0.008583 -0.001717
1757664956.402251 -0.050164 0.007439 0.002861 -0.002861 0.018301 0.001738 -0.033380 -0.003242 0.013924 -0.017357 -0.002018 0.005112 0.072671 -0.017357 0.002098 -0.000572 -0.055123 -1.056497 -0.802434 -0.210765 -1.421187 -0.008583 -0.001717
1757664956.404254 -0.050164 0.007439 0.002861 -0.002861 0.018301 0.001738 -0.033380 -0.003242 0.013924 -0.017357 -0.002018 0.005112 0.072671 -0.017357 0.002098 -0.000572 -0.055123 -1.055352 -0.802434 -0.210765 -1.426909 -0.008583 -0.001717
1757664956.406256 -0.050164 0.007439 0.002861 -0.002861 0.018301 0.001738 -0.033380 -0.003242 0.013924 -0.017357 -0.002018 0.005112 0.072671 -0.017357 0.002098 -0.000572 -0.055123 -1.054208 -0.802434 -0.210765 -1.432631 -0.008583 -0.001717
1757664956.408263 -0.050164 0.007439 0.002861 -0.002861 0.018301 0.001738 -0.033380 -0.003242 0.013924 -0.017357 -0.002018 0.005112 0.072671 -0.017357 0.002098 -0.000572 -0.055123 -1.053063 -0.802434 -0.210765 -1.437972 -0.008583 -0.001717
1757664956.410249 -0.050164 0.007439 0.002861 -0.002861 0.018301 0.001738 -0.033380 -0.003242 0.013924 -0.017357 -0.002018 0.005112 0.072671 -0.017357 0.002098 -0.000572 -0.055123 -1.051919 -0.802434 -0.210765 -1.443694 -0.008583 -0.001717
1757664956.412246 -0.050164 0.007439 0.002861 -0.002861 0.018301 0.001738 -0.033380 -0.003242 0.013924 -0.017357 -0.002018 0.005112 0.072671 -0.017357 0.002098 -0.000572 -0.055123 -1.050393 -0.802434 -0.210765 -1.449416 -0.008583 -0.001717
1757664956.414262 -0.050164 0.007439 0.002861 -0.002861 0.018301 0.001738 -0.033380 -0.003242 0.013924 -0.017357 -0.002018 0.005112 0.072671 -0.017357 0.002098 -0.000572 -0.055123 -1.049249 -0.802434 -0.211146 -1.454757 -0.008583 -0.001717
1757664956.416246 -0.050164 0.007439 0.002861 -0.002861 0.018301 0.001738 -0.033380 -0.003242 0.013924 -0.017357 -0.002018 0.005112 0.072671 -0.017357 0.002098 -0.000572 -0.055123 -1.048104 -0.802434 -0.211146 -1.459716 -0.008583 -0.001717
1757664956.418253 -0.050164 0.007439 0.002861 -0.002861 0.018301 0.001738 -0.033380 -0.003242 0.013924 -0.017357 -0.002018 0.005112 0.072671 -0.017357 0.002098 -0.000572 -0.055123 -1.046960 -0.802434 -0.211146 -1.465056 -0.008583 -0.001717
1757664956.420297 -0.050164 0.007439 0.002861 -0.002861 0.018301 0.001738 -0.033380 -0.003242 0.013924 -0.017357 -0.002018 0.005112 0.072671 -0.017357 0.002098 -0.000572 -0.055123 -1.045815 -0.802434 -0.211146 -1.470016 -0.008583 -0.001717
1757664956.422254 -0.050164 0.007439 0.002861 -0.002861 0.018301 0.001738 -0.033380 -0.003242 0.013924 -0.017357 -0.002018 0.005112 0.072671 -0.017357 0.002098 -0.000572 -0.055123 -1.044290 -0.802434 -0.211146 -1.475357 -0.008583 -0.001717
1757664956.424252 -0.050164 0.007439 0.002861 -0.002861 0.018301 0.001738 -0.033380 -0.003242 0.013924 -0.017357 -0.002018 0.005112 0.072671 -0.017357 0.002098 -0.000572 -0.055123 -1.043145 -0.802434 -0.211528 -1.480316 -0.008583 -0.001717
1757664956.426272 -0.050164 0.007439 0.002861 -0.002861 0.018301 0.001738 -0.033380 -0.003242 0.013924 -0.017357 -0.002018 0.005112 0.072671 -0.017357 0.002098 -0.000572 -0.055123 -1.042001 -0.802052 -0.211528 -1.485275 -0.008583 -0.001717
1757664956.428282 -0.050164 0.007439 0.002861 -0.002861 0.018301 0.001738 -0.033380 -0.003242 0.013924 -0.017357 -0.002018 0.005112 0.072671 -0.017357 0.002098 -0.000572 -0.055123 -1.040475 -0.802052 -0.211528 -1.489853 -0.008583 -0.001717
1757664956.430248 -0.050164 0.007439 0.002861 -0.002861 0.018166 0.001482 -0.033380 -0.003242 0.013924 -0.017357 -0.002018 0.005112 0.072671 -0.017357 0.002098 -0.000572 -0.055123 -1.039330 -0.802052 -0.211528 -1.494812 -0.008583 -0.001717
1757664956.432260 -0.050164 0.007439 0.002861 -0.002861 0.018166 0.001482 -0.033380 -0.003242 0.013924 -0.017357 -0.002018 0.005112 0.073052 -0.017357 0.002098 -0.000572 -0.055123 -1.038186 -0.802434 -0.211909 -1.499390 -0.008583 -0.001717
1757664956.434291 -0.050164 0.007439 0.002861 -0.002861 0.018166 0.001482 -0.033380 -0.003242 0.013924 -0.017357 -0.002018 0.005112 0.073052 -0.017357 0.002098 -0.000572 -0.055123 -1.036660 -0.802434 -0.211909 -1.503586 -0.008583 -0.001717
1757664956.436247 -0.050164 0.007439 0.002861 -0.002861 0.018031 0.001735 -0.033380 -0.003242 0.013924 -0.017357 -0.002018 0.005112 0.073052 -0.017357 0.002098 -0.000572 -0.055123 -1.035516 -0.802434 -0.212291 -1.508163 -0.008583 -0.001717
1757664956.438243 -0.050164 0.007439 0.002861 -0.002861 0.018031 0.001735 -0.033380 -0.003242 0.013924 -0.017357 -0.002018 0.005112 0.073052 -0.017357 0.002098 -0.000572 -0.055123 -1.034371 -0.802434 -0.212291 -1.512360 -0.008583 -0.001717
1757664956.440242 -0.050164 0.007439 0.002861 -0.002861 0.018031 0.001735 -0.033380 -0.003242 0.013924 -0.017357 -0.002018 0.005112 0.073052 -0.017357 0.002098 -0.000572 -0.055123 -1.032845 -0.802434 -0.212672 -1.516937 -0.008583 -0.001717
1757664956.442267 -0.050164 0.007439 0.002861 -0.002861 0.018031 0.001735 -0.033380 -0.003242 0.013924 -0.017357 -0.002018 0.005112 0.073052 -0.017357 0.002098 -0.000572 -0.055123 -1.031701 -0.802434 -0.212672 -1.521133 -0.008583 -0.001717
1757664956.444242 -0.050164 0.007439 0.002861 -0.002861 0.018031 0.001735 -0.033380 -0.003242 0.013924 -0.017357 -0.002018 0.005112 0.073052 -0.017357 0.002098 -0.000572 -0.055123 -1.030556 -0.802434 -0.213054 -1.524948 -0.008583 -0.001717
1757664956.446241 -0.050164 0.007439 0.002861 -0.002861 0.018031 0.001735 -0.033380 -0.003242 0.013924 -0.017357 -0.002018 0.005112 0.073052 -0.017357 0.002098 -0.000572 -0.055123 -1.029411 -0.802434 -0.213054 -1.528763 -0.008583 -0.001717
1757664956.448270 -0.050164 0.007439 0.002861 -0.002861 0.018031 0.001735 -0.033380 -0.003242 0.013924 -0.017357 -0.002018 0.005112 0.073052 -0.017357 0.002098 -0.000572 -0.055123 -1.028267 -0.802434 -0.213435 -1.532578 -0.008583 -0.001717
1757664956.450243 -0.050164 0.007439 0.002861 -0.002861 0.018031 0.001735 -0.033380 -0.003242 0.013924 -0.017357 -0.002018 0.005112 0.073052 -0.017357 0.002098 -0.000572 -0.055123 -1.027122 -0.802434 -0.213817 -1.536012 -0.008583 -0.001717
1757664956.452243 -0.050164 0.007439 0.002861 -0.002861 0.018031 0.001735 -0.033380 -0.003242 0.013924 -0.017357 -0.002018 0.005112 0.073052 -0.017357 0.002098 -0.000572 -0.055123 -1.025597 -0.802434 -0.214198 -1.539445 -0.008583 -0.001717
1757664956.454240 -0.050164 0.007439 0.002861 -0.002861 0.018031 0.001735 -0.033380 -0.003242 0.013924 -0.017357 -0.002018 0.005112 0.073052 -0.017357 0.002098 -0.000572 -0.055123 -1.024452 -0.802434 -0.214580 -1.542497 -0.008583 -0.001717
1757664956.456265 -0.050164 0.007439 0.002861 -0.002861 0.018031 0.001735 -0.033380 -0.003242 0.013924 -0.017357 -0.002018 0.005112 0.072671 -0.017357 0.002098 -0.000572 -0.055123 -1.023308 -0.802434 -0.214961 -1.545548 -0.008583 -0.001717
1757664956.458303 -0.050164 0.007439 0.002861 -0.002861 0.018031 0.001735 -0.033380 -0.003242 0.013924 -0.017357 -0.002018 0.005112 0.072671 -0.017357 0.002098 -0.000572 -0.055123 -1.022163 -0.802434 -0.215343 -1.548600 -0.008583 -0.001717
1757664956.460269 -0.050164 0.007439 0.002861 -0.002861 0.018031 0.001735 -0.033380 -0.003242 0.013924 -0.017357 -0.002018 0.005112 0.072671 -0.017357 0.002098 -0.000572 -0.055123 -1.021019 -0.802434 -0.215724 -1.551652 -0.008583 -0.001717
1757664956.462307 -0.050164 0.007439 0.002861 -0.002861 0.018031 0.001735 -0.033380 -0.003242 0.013924 -0.017357 -0.002018 0.005112 0.072671 -0.017357 0.002098 -0.000572 -0.055123 -1.019875 -0.802434 -0.216105 -1.554322 -0.008583 -0.001717
1757664956.464239 -0.050164 0.007439 0.002861 -0.002861 0.018031 0.001735 -0.033380 -0.003242 0.013924 -0.017357 -0.002018 0.005112 0.072671 -0.017357 0.002098 -0.000572 -0.055123 -1.019112 -0.802434 -0.216487 -1.556611 -0.008583 -0.001717
1757664956.466236 -0.050164 0.007439 0.002861 -0.002861 0.017896 0.001479 -0.033380 -0.003242 0.013924 -0.017357 -0.002018 0.005112 0.072671 -0.017357 0.002098 -0.000572 -0.055123 -1.017967 -0.802434 -0.217250 -1.559281 -0.008583 -0.001717
1757664956.468231 -0.050164 0.007439 0.002861 -0.002861 0.017896 0.001479 -0.033380 -0.003242 0.013924 -0.017357 -0.002018 0.005112 0.072671 -0.017357 0.002098 -0.000572 -0.055123 -1.016823 -0.802434 -0.218013 -1.561570 -0.008583 -0.001717
1757664956.470234 -0.050164 0.007439 0.002861 -0.002861 0.017896 0.001479 -0.033380 -0.003242 0.013924 -0.017357 -0.002018 0.005112 0.072671 -0.017357 0.002098 -0.000572 -0.055123 -1.016060 -0.802434 -0.218777 -1.563478 -0.008583 -0.001717
1757664956.472223 -0.050164 0.007439 0.002861 -0.002861 0.017896 0.001479 -0.033380 -0.003242 0.013924 -0.017357 -0.002018 0.005112 0.072671 -0.017357 0.002098 -0.000572 -0.055123 -1.014915 -0.802434 -0.219540 -1.565766 -0.008583 -0.001717
1757664956.474226 -0.050164 0.007439 0.002861 -0.002861 0.017896 0.001479 -0.033380 -0.003242 0.013924 -0.017357 -0.002018 0.005112 0.072671 -0.017357 0.002098 -0.000572 -0.055123 -1.014153 -0.802434 -0.220303 -1.567674 -0.008583 -0.001717
1757664956.476247 -0.050164 0.007439 0.002861 -0.002861 0.017896 0.001479 -0.033380 -0.003242 0.013924 -0.017357 -0.002018 0.005112 0.072671 -0.017357 0.002098 -0.000572 -0.055123 -1.013008 -0.802434 -0.221066 -1.569200 -0.008583 -0.001717
1757664956.478224 -0.050164 0.007439 0.002861 -0.002861 0.017896 0.001479 -0.033380 -0.003242 0.013924 -0.017357 -0.002018 0.005112 0.072671 -0.017357 0.002098 -0.000572 -0.055123 -1.012245 -0.802434 -0.222210 -1.570725 -0.008583 -0.001717
1757664956.480227 -0.050164 0.007439 0.002861 -0.002861 0.017761 0.001732 -0.033380 -0.003242 0.013924 -0.017357 -0.002018 0.005112 0.072671 -0.017357 0.002098 -0.000572 -0.055123 -1.011482 -0.802434 -0.222973 -1.572251 -0.008583 -0.001717
1757664956.482228 -0.050164 0.007439 0.002861 -0.002861 0.017761 0.001732 -0.033380 -0.003242 0.013924 -0.017357 -0.002018 0.005112 0.072671 -0.017357 0.002098 -0.000572 -0.055123 -1.010719 -0.802434 -0.224117 -1.573396 -0.008583 -0.001717
1757664956.484236 -0.050164 0.007439 0.002861 -0.002861 0.017761 0.001732 -0.033380 -0.003242 0.013924 -0.017357 -0.002018 0.005112 0.072671 -0.017357 0.002098 -0.000572 -0.055123 -1.009956 -0.802434 -0.225262 -1.574540 -0.008583 -0.001717
1757664956.486236 -0.050164 0.007439 0.002861 -0.002861 0.017761 0.001732 -0.033380 -0.003242 0.013924 -0.017357 -0.002018 0.005112 0.072671 -0.017357 0.002098 -0.000572 -0.055123 -1.009193 -0.802434 -0.226406 -1.575303 -0.008583 -0.001717
1757664956.488273 -0.050164 0.007439 0.002861 -0.002861 0.017761 0.001732 -0.033380 -0.003242 0.013924 -0.017357 -0.002018 0.005112 0.072671 -0.017357 0.002098 -0.000572 -0.055123 -1.008430 -0.802434 -0.227551 -1.575685 -0.008583 -0.001717
1757664956.490277 -0.050164 0.007439 0.002861 -0.002861 0.017761 0.001732 -0.033380 -0.003242 0.013924 -0.017357 -0.002018 0.005112 0.072671 -0.017357 0.002098 -0.000572 -0.055123 -1.008049 -0.802434 -0.229076 -1.576066 -0.008583 -0.001717
1757664956.492221 -0.050164 0.007439 0.002861 -0.002861 0.017761 0.001732 -0.033380 -0.003242 0.013924 -0.017357 -0.002018 0.005112 0.072671 -0.017357 0.002098 -0.000572 -0.055123 -1.007286 -0.802434 -0.230602 -1.576447 -0.008583 -0.001717
1757664956.494253 -0.050164 0.007439 0.002861 -0.002861 0.017761 0.001732 -0.033380 -0.003242 0.013924 -0.017357 -0.002018 0.005112 0.072671 -0.017357 0.002098 -0.000572 -0.055123 -1.006905 -0.802434 -0.231747 -1.576829 -0.008583 -0.001717
1757664956.496235 -0.050164 0.007439 0.002861 -0.002861 0.017626 0.001476 -0.033380 -0.003242 0.013924 -0.017357 -0.002018 0.005112 0.072671 -0.017357 0.002098 -0.000572 -0.055123 -1.006142 -0.802434 -0.233273 -1.576829 -0.008583 -0.001717
1757664956.498237 -0.050164 0.007439 0.002861 -0.002861 0.017626 0.001476 -0.033380 -0.003242 0.013924 -0.017357 -0.002018 0.005112 0.072671 -0.017357 0.002098 -0.000572 -0.055123 -1.005760 -0.802434 -0.234798 -1.576447 -0.008583 -0.001717
1757664956.500232 -0.050164 0.007439 0.002861 -0.002861 0.017626 0.001476 -0.033380 -0.003242 0.013924 -0.017357 -0.002018 0.005112 0.072671 -0.017357 0.002098 -0.000572 -0.055123 -1.005379 -0.802434 -0.236324 -1.576066 -0.008583 -0.001717
1757664956.502277 -0.050164 0.007439 0.002861 -0.002861 0.017626 0.001476 -0.033380 -0.003242 0.013924 -0.017357 -0.002018 0.005112 0.072671 -0.017357 0.002098 -0.000572 -0.055123 -1.004997 -0.802434 -0.237850 -1.575685 -0.008583 -0.001717
1757664956.504248 -0.050164 0.007439 0.002861 -0.002861 0.017626 0.001476 -0.033380 -0.003242 0.013924 -0.017357 -0.002018 0.005112 0.072671 -0.017357 0.002098 -0.000572 -0.055123 -1.004616 -0.802434 -0.239758 -1.575303 -0.008583 -0.001717
1757664956.506238 -0.050164 0.007439 0.002861 -0.002861 0.017626 0.001476 -0.033380 -0.003242 0.013924 -0.017357 -0.002018 0.005112 0.072671 -0.017357 0.002098 -0.000572 -0.055123 -1.004234 -0.802434 -0.241283 -1.574540 -0.008583 -0.001717
1757664956.508237 -0.050164 0.007439 0.002861 -0.002861 0.017626 0.001476 -0.033380 -0.003242 0.013924 -0.017357 -0.002018 0.005112 0.072671 -0.017357 0.002098 -0.000572 -0.055123 -1.004234 -0.802434 -0.243191 -1.573396 -0.008583 -0.001717
1757664956.510242 -0.050164 0.007439 0.002861 -0.002861 0.017626 0.001476 -0.033380 -0.003242 0.013924 -0.017357 -0.002018 0.005112 0.072671 -0.017357 0.002098 -0.000572 -0.055123 -1.003853 -0.802434 -0.245098 -1.572633 -0.008583 -0.001717
1757664956.512231 -0.050164 0.007439 0.002861 -0.002861 0.017626 0.001476 -0.033380 -0.003242 0.013924 -0.017357 -0.002018 0.005112 0.072671 -0.017357 0.002098 -0.000572 -0.055123 -1.003471 -0.802434 -0.247005 -1.571488 -0.008583 -0.001717
1757664956.514249 -0.050164 0.007439 0.002861 -0.002861 0.017491 0.001220 -0.033380 -0.003242 0.013924 -0.017357 -0.002018 0.005112 0.072671 -0.017357 0.002098 -0.000572 -0.055123 -1.003090 -0.802434 -0.248913 -1.569963 -0.008583 -0.001717
1757664956.516245 -0.050164 0.007439 0.002861 -0.002861 0.017491 0.001220 -0.033380 -0.003242 0.013924 -0.017357 -0.002018 0.005112 0.072671 -0.017357 0.002098 -0.000572 -0.055123 -1.003090 -0.802434 -0.250820 -1.568818 -0.008583 -0.001717
1757664956.518237 -0.050164 0.007439 0.002861 -0.002861 0.017491 0.001220 -0.033380 -0.003242 0.013924 -0.017357 -0.002018 0.005112 0.072671 -0.017357 0.002098 -0.000572 -0.055123 -1.002708 -0.802434 -0.252728 -1.567292 -0.008583 -0.001717
1757664956.520258 -0.050164 0.007439 0.002861 -0.002861 0.017491 0.001220 -0.033380 -0.003242 0.013924 -0.017357 -0.002018 0.005112 0.072671 -0.017357 0.002098 -0.000572 -0.055123 -1.002708 -0.802434 -0.255016 -1.565385 -0.008583 -0.001717
1757664956.522241 -0.050164 0.007439 0.002861 -0.002861 0.017491 0.001220 -0.033380 -0.003242 0.013924 -0.017357 -0.002018 0.005112 0.072671 -0.017357 0.002098 -0.000572 -0.055123 -1.002708 -0.802815 -0.256924 -1.563859 -0.008583 -0.001717
1757664956.524241 -0.050164 0.007439 0.002861 -0.002861 0.017491 0.001220 -0.033380 -0.003242 0.013924 -0.017357 -0.002018 0.005112 0.072289 -0.017357 0.002098 -0.000572 -0.055123 -1.002708 -0.802815 -0.258831 -1.561570 -0.008583 -0.001717
1757664956.526268 -0.050164 0.007439 0.002861 -0.002861 0.017491 0.001220 -0.033380 -0.003242 0.013924 -0.017357 -0.002018 0.005112 0.072289 -0.017357 0.002098 -0.000572 -0.055123 -1.002708 -0.802815 -0.261120 -1.559663 -0.008583 -0.001717
1757664956.528247 -0.050164 0.007439 0.002861 -0.002861 0.017356 0.000964 -0.033380 -0.003242 0.013924 -0.017357 -0.002018 0.005112 0.072289 -0.017357 0.002098 -0.000572 -0.055123 -1.002708 -0.802815 -0.263027 -1.557374 -0.008583 -0.001717
1757664956.530240 -0.050164 0.007439 0.002861 -0.002861 0.017356 0.000964 -0.033380 -0.003242 0.013924 -0.017357 -0.002018 0.005112 0.072289 -0.017357 0.002098 -0.000572 -0.055123 -1.002708 -0.802815 -0.265316 -1.554704 -0.008583 -0.001717
1757664956.532243 -0.050164 0.007439 0.002861 -0.002861 0.017356 0.000964 -0.033380 -0.003242 0.013924 -0.017357 -0.002018 0.005112 0.072289 -0.017357 0.002098 -0.000572 -0.055123 -1.002708 -0.802815 -0.267223 -1.552415 -0.008583 -0.001717
1757664956.534237 -0.050164 0.007439 0.002861 -0.002861 0.017356 0.000964 -0.033380 -0.003242 0.013924 -0.017357 -0.002018 0.005112 0.072289 -0.017357 0.002098 -0.000572 -0.055123 -1.003090 -0.803197 -0.269512 -1.549745 -0.008583 -0.001717
1757664956.536239 -0.050164 0.007439 0.002861 -0.002861 0.017356 0.000964 -0.033380 -0.003242 0.013924 -0.017357 -0.002018 0.005112 0.072289 -0.017357 0.002098 -0.000572 -0.055123 -1.003090 -0.803197 -0.271801 -1.547074 -0.008583 -0.001717
1757664956.538284 -0.050164 0.007439 0.002861 -0.002861 0.017220 0.000708 -0.033380 -0.003242 0.013924 -0.017357 -0.002018 0.005112 0.071908 -0.017357 0.002098 -0.000572 -0.055123 -1.003090 -0.803197 -0.274090 -1.544023 -0.008583 -0.001717
1757664956.540240 -0.050164 0.007439 0.002861 -0.002861 0.017220 0.000708 -0.033380 -0.003242 0.013924 -0.017357 -0.002018 0.005112 0.071908 -0.017357 0.002098 -0.000572 -0.055123 -1.003090 -0.803197 -0.275997 -1.540971 -0.008583 -0.001717
1757664956.542235 -0.050164 0.007439 0.002861 -0.002861 0.017220 0.000708 -0.033380 -0.003242 0.013924 -0.017357 -0.002018 0.005112 0.071908 -0.017357 0.002480 -0.000572 -0.055123 -1.003471 -0.803578 -0.278286 -1.537919 -0.008583 -0.001717
1757664956.544238 -0.050164 0.007439 0.002861 -0.002861 0.017220 0.000708 -0.033380 -0.003242 0.013924 -0.017357 -0.002018 0.005112 0.071908 -0.017357 0.002480 -0.000572 -0.055123 -1.003471 -0.803578 -0.280575 -1.534867 -0.008583 -0.001717
1757664956.546246 -0.050164 0.007439 0.002861 -0.002861 0.017220 0.000708 -0.033380 -0.003242 0.013924 -0.017357 -0.002018 0.005112 0.071908 -0.017357 0.002480 -0.000572 -0.055123 -1.003471 -0.803960 -0.282865 -1.531434 -0.008583 -0.001717
1757664956.548240 -0.050164 0.007439 0.002861 -0.002861 0.017220 0.000708 -0.033380 -0.003242 0.013924 -0.017357 -0.002018 0.005112 0.071908 -0.017357 0.002480 -0.000572 -0.055123 -1.003853 -0.803960 -0.285153 -1.528000 -0.008583 -0.001717
1757664956.550271 -0.050164 0.007439 0.002861 -0.002861 0.017085 0.000452 -0.033380 -0.003242 0.013924 -0.017357 -0.002018 0.005112 0.071527 -0.017357 0.002480 -0.000572 -0.055123 -1.003853 -0.804341 -0.287442 -1.524567 -0.008583 -0.001717
1757664956.552293 -0.050164 0.007439 0.002861 -0.002861 0.017085 0.000452 -0.033380 -0.003242 0.013924 -0.017357 -0.002018 0.005112 0.071527 -0.017357 0.002480 -0.000572 -0.055123 -1.004234 -0.804723 -0.289731 -1.521133 -0.008583 -0.001717
1757664956.554237 -0.050164 0.007439 0.002861 -0.002861 0.017085 0.000452 -0.033380 -0.003242 0.013924 -0.017357 -0.002018 0.005112 0.071527 -0.017357 0.002480 -0.000572 -0.055123 -1.004234 -0.804723 -0.292020 -1.517319 -0.008583 -0.001717
1757664956.556228 -0.050164 0.007439 0.002861 -0.002861 0.017085 0.000452 -0.033380 -0.003242 0.013924 -0.017357 -0.002018 0.005112 0.071527 -0.017357 0.002480 -0.000572 -0.055123 -1.004616 -0.805104 -0.294309 -1.513885 -0.008583 -0.001717
1757664956.558224 -0.050164 0.007439 0.002861 -0.002861 0.017085 0.000452 -0.033380 -0.003242 0.013924 -0.017357 -0.002018 0.005112 0.071145 -0.017357 0.002480 -0.000572 -0.055123 -1.004616 -0.805486 -0.296597 -1.509689 -0.008583 -0.001717
1757664956.560235 -0.050164 0.007439 0.002861 -0.002861 0.017085 0.000452 -0.033380 -0.003242 0.013924 -0.017357 -0.002018 0.005112 0.071145 -0.017357 0.002480 -0.000572 -0.055123 -1.004997 -0.805867 -0.298886 -1.505875 -0.008583 -0.001717
1757664956.562228 -0.050164 0.007439 0.002861 -0.002861 0.016950 0.000196 -0.033380 -0.003242 0.013924 -0.017357 -0.002018 0.005112 0.071145 -0.017357 0.002480 -0.000572 -0.055123 -1.004997 -0.805867 -0.301175 -1.501678 -0.008583 -0.001717
1757664956.564232 -0.050164 0.007439 0.002861 -0.002861 0.016950 0.000196 -0.033380 -0.003242 0.013924 -0.017357 -0.002018 0.005112 0.071145 -0.017357 0.002480 -0.000572 -0.055123 -1.005379 -0.806630 -0.303464 -1.497864 -0.008583 -0.001717
1757664956.566250 -0.050164 0.007439 0.002861 -0.002861 0.016950 0.000196 -0.033380 -0.003242 0.013924 -0.017357 -0.002018 0.005112 0.071145 -0.017357 0.002480 -0.000572 -0.055123 -1.005379 -0.807012 -0.305371 -1.493668 -0.008583 -0.001717
1757664956.568240 -0.050164 0.007439 0.002861 -0.002861 0.016950 0.000196 -0.033380 -0.003242 0.013924 -0.017357 -0.002018 0.005112 0.070764 -0.017357 0.002480 -0.000572 -0.055123 -1.005760 -0.807393 -0.307660 -1.489090 -0.008583 -0.001717
1757664956.570238 -0.050164 0.007439 0.002861 -0.002861 0.016950 0.000196 -0.033380 -0.003242 0.013924 -0.017357 -0.002018 0.005112 0.070764 -0.017357 0.002480 -0.000572 -0.055123 -1.006142 -0.807775 -0.309949 -1.484894 -0.008583 -0.001717
1757664956.572236 -0.050164 0.007439 0.002861 -0.002861 0.016950 0.000196 -0.033380 -0.003242 0.013924 -0.017357 -0.002018 0.005112 0.070764 -0.017357 0.002480 -0.000572 -0.055123 -1.006142 -0.808537 -0.312238 -1.480316 -0.008583 -0.001717
1757664956.574255 -0.050164 0.007439 0.002861 -0.002861 0.016950 0.000196 -0.033380 -0.003242 0.013924 -0.017357 -0.002018 0.005112 0.070764 -0.017357 0.002480 -0.000572 -0.055123 -1.006523 -0.808919 -0.314145 -1.475739 -0.008583 -0.001717
1757664956.576238 -0.050164 0.007439 0.002861 -0.002861 0.016950 0.000196 -0.033380 -0.003242 0.013924 -0.017357 -0.002018 0.005112 0.070764 -0.017357 0.002480 -0.000572 -0.055123 -1.006523 -0.809300 -0.316434 -1.471161 -0.008583 -0.001717
1757664956.578240 -0.050164 0.007439 0.002861 -0.002861 0.016950 0.000196 -0.033380 -0.003242 0.013924 -0.017357 -0.002018 0.005112 0.070764 -0.017357 0.002480 -0.000572 -0.055123 -1.006905 -0.810063 -0.318723 -1.466201 -0.008583 -0.001717
1757664956.580306 -0.050164 0.007439 0.002861 -0.002861 0.016950 0.000196 -0.033380 -0.003242 0.013924 -0.017357 -0.002018 0.005112 0.070764 -0.017357 0.002480 -0.000572 -0.055123 -1.006905 -0.810826 -0.320630 -1.461623 -0.008583 -0.001717
1757664956.582269 -0.050164 0.007820 0.002861 -0.002861 0.016950 0.000196 -0.033380 -0.003242 0.013924 -0.017357 -0.002018 0.005112 0.070382 -0.017357 0.002861 -0.000572 -0.055123 -1.007286 -0.811589 -0.322537 -1.456664 -0.008583 -0.001717
1757664956.584247 -0.050164 0.007820 0.002861 -0.002861 0.016815 -0.000060 -0.033380 -0.003242 0.013924 -0.017357 -0.002018 0.005112 0.070382 -0.017357 0.002861 -0.000572 -0.055123 -1.007286 -0.811971 -0.324826 -1.451705 -0.008583 -0.001717
1757664956.586247 -0.050164 0.007820 0.002861 -0.002861 0.016815 -0.000060 -0.033380 -0.003242 0.013924 -0.017357 -0.002018 0.005112 0.070382 -0.017357 0.002861 -0.000572 -0.055123 -1.007668 -0.812734 -0.326734 -1.446746 -0.008583 -0.001717
1757664956.588270 -0.050164 0.007820 0.002861 -0.002861 0.016815 -0.000060 -0.033380 -0.003242 0.013924 -0.017357 -0.002018 0.005112 0.070382 -0.017357 0.002861 -0.000572 -0.055123 -1.007668 -0.813497 -0.328641 -1.441787 -0.008583 -0.001717
1757664956.590247 -0.050164 0.007820 0.002861 -0.002861 0.016815 -0.000060 -0.033380 -0.003242 0.013924 -0.017357 -0.002018 0.005112 0.070382 -0.017357 0.002861 -0.000572 -0.055123 -1.008049 -0.814260 -0.330548 -1.436828 -0.008583 -0.001717
1757664956.592246 -0.050164 0.007820 0.002861 -0.002861 0.016815 -0.000060 -0.033380 -0.003242 0.013924 -0.017357 -0.002018 0.005112 0.070382 -0.017357 0.002861 -0.000572 -0.055123 -1.008049 -0.815022 -0.332837 -1.431487 -0.008583 -0.001717
1757664956.594246 -0.050164 0.007820 0.002861 -0.002861 0.016815 -0.000060 -0.033380 -0.003242 0.013924 -0.017357 -0.002018 0.005112 0.070382 -0.017357 0.002861 -0.000572 -0.055123 -1.008430 -0.815785 -0.334363 -1.426528 -0.008583 -0.001717
1757664956.596246 -0.050164 0.007820 0.002861 -0.002861 0.016815 -0.000060 -0.033380 -0.003242 0.013924 -0.017357 -0.002018 0.005112 0.070382 -0.017357 0.002861 -0.000572 -0.055123 -1.008430 -0.816930 -0.336270 -1.421187 -0.008583 -0.001717
1757664956.598261 -0.050164 0.007820 0.002861 -0.002861 0.016815 -0.000060 -0.033380 -0.002861 0.013924 -0.017357 -0.002018 0.005112 0.070382 -0.017357 0.002861 -0.000572 -0.055123 -1.008812 -0.817693 -0.338178 -1.415847 -0.008583 -0.001717
1757664956.600236 -0.050164 0.007820 0.002861 -0.002861 0.016815 -0.000060 -0.033380 -0.002861 0.013924 -0.017357 -0.002018 0.005112 0.070382 -0.017357 0.002861 -0.000572 -0.055123 -1.008812 -0.818456 -0.340085 -1.410125 -0.008583 -0.001717
1757664956.602250 -0.050164 0.007820 0.002861 -0.002861 0.016815 -0.000060 -0.033380 -0.002861 0.013924 -0.017357 -0.002018 0.005112 0.070382 -0.017357 0.002861 -0.000572 -0.055123 -1.009193 -0.819600 -0.341611 -1.404783 -0.008583 -0.001717
1757664956.604237 -0.050164 0.007820 0.002861 -0.002861 0.016815 -0.000060 -0.033380 -0.002861 0.013924 -0.017357 -0.002018 0.005112 0.070382 -0.017357 0.002861 -0.000572 -0.055123 -1.009193 -0.820363 -0.343518 -1.399061 -0.008583 -0.001717
1757664956.606236 -0.050164 0.007820 0.002861 -0.002861 0.016815 -0.000060 -0.033380 -0.002861 0.013924 -0.017357 -0.002018 0.005112 0.070382 -0.017357 0.002861 -0.000572 -0.055123 -1.009575 -0.821507 -0.345045 -1.393721 -0.008583 -0.001717
1757664956.608247 -0.050164 0.007820 0.002861 -0.002861 0.016815 -0.000060 -0.033380 -0.002861 0.013924 -0.017357 -0.002018 0.005112 0.070382 -0.017357 0.002861 -0.000572 -0.055123 -1.009575 -0.822270 -0.346952 -1.387999 -0.008583 -0.001717
1757664956.610238 -0.050164 0.007820 0.002861 -0.002861 0.016815 -0.000060 -0.033380 -0.002861 0.013924 -0.017357 -0.002018 0.005112 0.070382 -0.017357 0.002861 -0.000572 -0.055123 -1.009575 -0.823415 -0.348478 -1.382277 -0.008583 -0.001717
1757664956.612345 -0.050164 0.007820 0.002861 -0.002861 0.016815 -0.000060 -0.033380 -0.002861 0.013924 -0.017357 -0.002018 0.005112 0.070382 -0.017357 0.002861 -0.000572 -0.055123 -1.009575 -0.824559 -0.350004 -1.376554 -0.008583 -0.001717
1757664956.614265 -0.050164 0.007820 0.002861 -0.002861 0.016815 -0.000060 -0.033380 -0.002861 0.013924 -0.017357 -0.002018 0.005112 0.070382 -0.017357 0.002861 -0.000572 -0.055123 -1.009956 -0.825322 -0.351530 -1.370832 -0.008583 -0.001717
1757664956.616289 -0.050164 0.008202 0.002861 -0.002861 0.016815 -0.000060 -0.033380 -0.002861 0.013924 -0.017357 -0.002018 0.005112 0.070382 -0.017357 0.002861 -0.000572 -0.055123 -1.009956 -0.826467 -0.353056 -1.364729 -0.008583 -0.001717
1757664956.618249 -0.050164 0.008202 0.002861 -0.002861 0.016815 -0.000060 -0.033380 -0.002861 0.013924 -0.017357 -0.002018 0.005112 0.070382 -0.017357 0.002861 -0.000572 -0.055123 -1.009956 -0.827611 -0.354582 -1.359007 -0.008583 -0.001717
1757664956.620249 -0.050164 0.008202 0.002861 -0.002861 0.016815 -0.000060 -0.033380 -0.002861 0.013924 -0.017357 -0.002018 0.005112 0.070382 -0.017357 0.002861 -0.000572 -0.055123 -1.010338 -0.828755 -0.356108 -1.353285 -0.008583 -0.001717
1757664956.622258 -0.050164 0.008202 0.002861 -0.002861 0.016815 -0.000060 -0.033380 -0.002861 0.013924 -0.017357 -0.002018 0.005112 0.070382 -0.017357 0.002861 -0.000572 -0.055123 -1.010338 -0.829900 -0.357634 -1.347563 -0.008583 -0.001717
1757664956.624248 -0.050164 0.008202 0.002861 -0.002861 0.016815 -0.000060 -0.033380 -0.002861 0.013924 -0.017357 -0.002018 0.005112 0.070382 -0.017738 0.002861 -0.000572 -0.055123 -1.010338 -0.831044 -0.359159 -1.341458 -0.008583 -0.001717
1757664956.626249 -0.050164 0.008202 0.002861 -0.002861 0.016815 -0.000060 -0.033380 -0.002861 0.013924 -0.017357 -0.002018 0.005112 0.070382 -0.017738 0.002861 -0.000572 -0.055123 -1.010338 -0.832189 -0.360685 -1.335736 -0.008583 -0.001717
1757664956.628292 -0.050164 0.008202 0.002861 -0.002861 0.016815 -0.000060 -0.033380 -0.002480 0.013924 -0.017357 -0.002018 0.005112 0.070382 -0.017738 0.002861 -0.000572 -0.055123 -1.010719 -0.833333 -0.361830 -1.330014 -0.008583 -0.001717
1757664956.630290 -0.050164 0.008202 0.002861 -0.002861 0.016815 -0.000060 -0.033380 -0.002480 0.013924 -0.017357 -0.002018 0.005112 0.070382 -0.017738 0.002861 -0.000572 -0.055123 -1.010719 -0.834477 -0.363356 -1.323911 -0.008583 -0.001717
1757664956.632273 -0.050164 0.008202 0.002861 -0.002861 0.016815 -0.000060 -0.033380 -0.002480 0.013924 -0.017357 -0.002018 0.005112 0.070382 -0.017738 0.002861 -0.000572 -0.055123 -1.010719 -0.835622 -0.364882 -1.317807 -0.008583 -0.001717
1757664956.634242 -0.050164 0.008202 0.002861 -0.002861 0.016815 -0.000060 -0.033380 -0.002480 0.013924 -0.017357 -0.002018 0.005112 0.070382 -0.017738 0.002861 -0.000572 -0.055123 -1.010719 -0.837148 -0.366026 -1.312085 -0.008583 -0.001717
1757664956.636286 -0.050164 0.008202 0.002861 -0.002861 0.016815 -0.000060 -0.033380 -0.002480 0.013924 -0.017357 -0.002018 0.005112 0.070382 -0.017738 0.002861 -0.000572 -0.055123 -1.010719 -0.838292 -0.367552 -1.305982 -0.008583 -0.001717
1757664956.638259 -0.050164 0.008202 0.002861 -0.002861 0.016815 -0.000060 -0.033380 -0.002480 0.013924 -0.017357 -0.002018 0.005112 0.070382 -0.017738 0.002861 -0.000572 -0.055123 -1.010719 -0.839437 -0.369078 -1.300260 -0.008583 -0.001717
1757664956.640249 -0.050164 0.008202 0.002861 -0.002861 0.016815 -0.000060 -0.033380 -0.002480 0.013924 -0.017357 -0.002018 0.005112 0.070382 -0.017738 0.002861 -0.000572 -0.055123 -1.011101 -0.840581 -0.370604 -1.294156 -0.008583 -0.001717
1757664956.642239 -0.050164 0.008583 0.002861 -0.002861 0.016815 -0.000060 -0.033380 -0.002480 0.013924 -0.017357 -0.002018 0.005112 0.070382 -0.017738 0.002861 -0.000572 -0.055123 -1.011101 -0.842107 -0.371748 -1.288434 -0.008583 -0.001717
1757664956.644263 -0.050164 0.008583 0.002861 -0.002861 0.016815 -0.000060 -0.033380 -0.002480 0.013924 -0.017357 -0.002018 0.005112 0.070382 -0.017738 0.002861 -0.000572 -0.055123 -1.011101 -0.843251 -0.372892 -1.282712 -0.008583 -0.001717
1757664956.646240 -0.050164 0.008583 0.002861 -0.002861 0.016815 -0.000060 -0.033380 -0.002480 0.013924 -0.017357 -0.002018 0.005112 0.070382 -0.017738 0.002861 -0.000572 -0.055123 -1.011101 -0.844397 -0.374418 -1.276608 -0.008583 -0.001717
1757664956.648240 -0.050164 0.008583 0.002861 -0.002861 0.016815 -0.000060 -0.033380 -0.002480 0.013924 -0.017357 -0.002018 0.005112 0.070382 -0.017738 0.002861 -0.000572 -0.055123 -1.011101 -0.845922 -0.375944 -1.270885 -0.008583 -0.001717
1757664956.650255 -0.050164 0.008583 0.002861 -0.002861 0.016815 -0.000060 -0.033380 -0.002480 0.013924 -0.017357 -0.002018 0.005112 0.070382 -0.017738 0.002861 -0.000572 -0.055123 -1.011101 -0.847067 -0.377089 -1.265163 -0.008583 -0.001717
1757664956.652239 -0.050164 0.008583 0.002861 -0.002861 0.016815 -0.000060 -0.033380 -0.002480 0.013924 -0.017357 -0.002018 0.005112 0.070382 -0.017738 0.002861 -0.000572 -0.055123 -1.011101 -0.848593 -0.378614 -1.259060 -0.008583 -0.001717
1757664956.654241 -0.050164 0.008583 0.002861 -0.002861 0.016815 -0.000060 -0.033380 -0.002480 0.013924 -0.017357 -0.002018 0.005112 0.070382 -0.017738 0.002861 -0.000572 -0.055123 -1.011482 -0.849737 -0.380140 -1.252956 -0.008583 -0.001717
1757664956.656250 -0.050164 0.008583 0.002861 -0.002861 0.016815 -0.000060 -0.033380 -0.002098 0.013924 -0.017357 -0.002018 0.005112 0.070382 -0.017738 0.002861 -0.000572 -0.055123 -1.011482 -0.851263 -0.381285 -1.247234 -0.008583 -0.001717
1757664956.658237 -0.050164 0.008583 0.002861 -0.002861 0.016815 -0.000060 -0.033380 -0.002098 0.013924 -0.017357 -0.002018 0.005112 0.070382 -0.017738 0.002861 -0.000572 -0.055123 -1.011482 -0.852407 -0.382429 -1.241512 -0.008583 -0.001717
1757664956.660234 -0.050164 0.008583 0.002861 -0.002861 0.016815 -0.000060 -0.033380 -0.002098 0.013924 -0.017357 -0.002018 0.005112 0.070382 -0.017738 0.002861 -0.000572 -0.055123 -1.011482 -0.853933 -0.383955 -1.235409 -0.008583 -0.001717
1757664956.662242 -0.050164 0.008583 0.002861 -0.002861 0.016815 -0.000060 -0.033380 -0.002098 0.013924 -0.017357 -0.002018 0.005112 0.070382 -0.017738 0.002861 -0.000572 -0.055123 -1.011482 -0.855078 -0.385099 -1.229687 -0.008583 -0.001717
1757664956.664243 -0.050164 0.008583 0.002861 -0.002861 0.016815 -0.000060 -0.033380 -0.002098 0.013924 -0.017357 -0.002018 0.005112 0.070764 -0.017738 0.002861 -0.000572 -0.055123 -1.011482 -0.856604 -0.386625 -1.223965 -0.008583 -0.001717
1757664956.666235 -0.050164 0.008965 0.002861 -0.002861 0.016815 -0.000060 -0.033380 -0.002098 0.013924 -0.017357 -0.002018 0.005112 0.070764 -0.017738 0.002861 -0.000572 -0.055123 -1.011482 -0.858130 -0.387770 -1.218242 -0.008583 -0.001717
1757664956.668238 -0.050164 0.008965 0.002861 -0.002861 0.016815 -0.000060 -0.033380 -0.002098 0.013924 -0.017357 -0.002018 0.005112 0.070764 -0.017738 0.002861 -0.000572 -0.055123 -1.011482 -0.859655 -0.388914 -1.212520 -0.008583 -0.001717
1757664956.670262 -0.050164 0.008965 0.002861 -0.002861 0.016815 -0.000060 -0.033380 -0.002098 0.013924 -0.017357 -0.002018 0.005112 0.070764 -0.017738 0.002861 -0.000572 -0.055123 -1.011482 -0.860800 -0.390440 -1.206798 -0.008583 -0.001717
1757664956.672236 -0.050164 0.008965 0.002861 -0.002861 0.016815 -0.000060 -0.033380 -0.002098 0.013924 -0.017357 -0.002018 0.005112 0.070764 -0.017738 0.002861 -0.000572 -0.055123 -1.011482 -0.862326 -0.391584 -1.201076 -0.008583 -0.001717
1757664956.674284 -0.050164 0.008965 0.002861 -0.002861 0.016815 -0.000060 -0.033380 -0.002098 0.013924 -0.017357 -0.002018 0.005112 0.070764 -0.017738 0.002861 -0.000572 -0.055123 -1.011101 -0.863470 -0.392729 -1.195354 -0.008583 -0.001717
1757664956.676250 -0.050164 0.008965 0.002861 -0.002861 0.016815 -0.000060 -0.033380 -0.002098 0.013924 -0.017357 -0.002018 0.005112 0.070764 -0.017738 0.002861 -0.000572 -0.055123 -1.011101 -0.864996 -0.393873 -1.189631 -0.008583 -0.001717
1757664956.678267 -0.050164 0.008965 0.002861 -0.002861 0.016815 -0.000060 -0.033380 -0.002098 0.013924 -0.017357 -0.002018 0.005112 0.070764 -0.017738 0.002861 -0.000572 -0.055123 -1.011101 -0.866522 -0.395018 -1.183909 -0.008583 -0.001717
1757664956.680244 -0.050164 0.008965 0.002861 -0.002861 0.016815 -0.000060 -0.033380 -0.001717 0.013924 -0.017357 -0.002018 0.005112 0.070764 -0.017738 0.002861 -0.000572 -0.055123 -1.011101 -0.867666 -0.396162 -1.178187 -0.008583 -0.001717
1757664956.682247 -0.050164 0.008965 0.002861 -0.002861 0.016815 -0.000060 -0.033380 -0.001717 0.013924 -0.017357 -0.002018 0.005112 0.070764 -0.017738 0.003242 -0.000572 -0.055123 -1.011101 -0.869192 -0.397306 -1.172465 -0.008583 -0.001717
1757664956.684262 -0.050164 0.008965 0.002861 -0.002861 0.016815 -0.000060 -0.033380 -0.001717 0.013924 -0.017357 -0.002018 0.005112 0.070764 -0.017738 0.003242 -0.000572 -0.055123 -1.011101 -0.870718 -0.398832 -1.166743 -0.008583 -0.001717
1757664956.686239 -0.050164 0.009346 0.002861 -0.002861 0.016815 -0.000060 -0.033380 -0.001717 0.013924 -0.017357 -0.002018 0.005112 0.070764 -0.017738 0.003242 -0.000572 -0.055123 -1.011101 -0.871862 -0.399977 -1.161403 -0.008583 -0.001717
1757664956.688235 -0.050164 0.009346 0.002861 -0.002861 0.016815 -0.000060 -0.033380 -0.001717 0.013924 -0.017357 -0.002018 0.005112 0.070764 -0.017738 0.003242 -0.000572 -0.055123 -1.011101 -0.873388 -0.400740 -1.155680 -0.008583 -0.001717
1757664956.690235 -0.050164 0.009346 0.002861 -0.002861 0.016815 -0.000060 -0.033380 -0.001717 0.013924 -0.017357 -0.002018 0.005112 0.070764 -0.017738 0.003242 -0.000572 -0.055123 -1.011101 -0.874533 -0.401884 -1.150339 -0.008583 -0.001717
1757664956.692240 -0.050164 0.009346 0.002861 -0.002861 0.016950 -0.000313 -0.033380 -0.001717 0.013924 -0.017357 -0.002018 0.005112 0.070764 -0.017738 0.003242 -0.000572 -0.055123 -1.011101 -0.876059 -0.403028 -1.144999 -0.008583 -0.001717
1757664956.694238 -0.050164 0.009346 0.002861 -0.002861 0.016950 -0.000313 -0.033380 -0.001717 0.013924 -0.017357 -0.002018 0.005112 0.070764 -0.017738 0.003242 -0.000572 -0.055505 -1.011101 -0.877203 -0.404173 -1.140039 -0.008583 -0.001717
1757664956.696234 -0.050164 0.009346 0.002861 -0.002861 0.016950 -0.000313 -0.033380 -0.001717 0.013924 -0.017357 -0.002018 0.005112 0.070764 -0.017738 0.003242 -0.000572 -0.055505 -1.011101 -0.878729 -0.404936 -1.134699 -0.008583 -0.001717
1757664956.698241 -0.050164 0.009346 0.002861 -0.002861 0.016950 -0.000313 -0.033380 -0.001717 0.013924 -0.017357 -0.002018 0.005112 0.070764 -0.017738 0.003242 -0.000572 -0.055505 -1.011482 -0.880255 -0.406080 -1.129358 -0.008583 -0.001717
1757664956.700238 -0.050164 0.009346 0.002861 -0.002861 0.016950 -0.000313 -0.033380 -0.001717 0.013924 -0.017357 -0.002018 0.005112 0.070764 -0.017738 0.003242 -0.000572 -0.055505 -1.011101 -0.881399 -0.407226 -1.124399 -0.008583 -0.001717
1757664956.702236 -0.050164 0.009346 0.002861 -0.002861 0.016950 -0.000313 -0.033380 -0.001717 0.013924 -0.017357 -0.002018 0.005112 0.070764 -0.018120 0.003242 -0.000572 -0.055505 -1.011101 -0.882544 -0.407989 -1.119059 -0.008583 -0.001717
1757664956.704242 -0.050164 0.009346 0.002861 -0.002861 0.016950 -0.000313 -0.033380 -0.001717 0.013924 -0.017357 -0.002018 0.005112 0.070764 -0.018120 0.003242 -0.000572 -0.055505 -1.011101 -0.884069 -0.409133 -1.114481 -0.008583 -0.001717
1757664956.706266 -0.050164 0.009346 0.002861 -0.002861 0.016950 -0.000313 -0.033380 -0.001717 0.013924 -0.017357 -0.002018 0.005112 0.070764 -0.018120 0.003242 -0.000572 -0.055505 -1.011101 -0.885214 -0.409896 -1.109522 -0.008583 -0.001717
1757664956.708259 -0.050164 0.009346 0.002861 -0.002861 0.016950 -0.000313 -0.033380 -0.001717 0.013924 -0.017357 -0.002018 0.005112 0.070764 -0.018120 0.003242 -0.000572 -0.055505 -1.011101 -0.886740 -0.411040 -1.104563 -0.008583 -0.001717
1757664956.710235 -0.050164 0.009346 0.002861 -0.002861 0.016950 -0.000313 -0.033380 -0.001717 0.013924 -0.017357 -0.002018 0.005112 0.070764 -0.018120 0.003242 -0.000572 -0.055505 -1.011101 -0.888266 -0.411803 -1.099604 -0.008583 -0.001717
1757664956.712266 -0.050164 0.009346 0.002861 -0.002861 0.016950 -0.000313 -0.033380 -0.001717 0.013924 -0.017357 -0.002018 0.005112 0.070764 -0.018120 0.003242 -0.000572 -0.055505 -1.011101 -0.889410 -0.412566 -1.095026 -0.008583 -0.001717
1757664956.714270 -0.050164 0.009346 0.002861 -0.002861 0.016950 -0.000313 -0.033380 -0.001335 0.013924 -0.017357 -0.002018 0.005112 0.070764 -0.018120 0.003242 -0.000572 -0.055505 -1.011101 -0.890936 -0.413329 -1.090066 -0.008583 -0.001717
1757664956.716269 -0.050164 0.009346 0.002861 -0.002861 0.016950 -0.000313 -0.033380 -0.001335 0.013924 -0.017357 -0.002018 0.005112 0.071145 -0.018120 0.003242 -0.000572 -0.055505 -1.011101 -0.892080 -0.414092 -1.085488 -0.008583 -0.001717
1757664956.718268 -0.050164 0.009727 0.002861 -0.002861 0.016950 -0.000313 -0.033380 -0.001335 0.013924 -0.017357 -0.002018 0.005112 0.071145 -0.018120 0.003242 -0.000572 -0.055505 -1.011482 -0.893225 -0.414855 -1.081292 -0.008583 -0.001717
1757664956.720265 -0.050164 0.009727 0.002861 -0.002861 0.016950 -0.000313 -0.033380 -0.001335 0.013924 -0.017357 -0.002018 0.005112 0.071145 -0.018120 0.003242 -0.000572 -0.055505 -1.011482 -0.894751 -0.415618 -1.076715 -0.008583 -0.001717
1757664956.722241 -0.050164 0.009727 0.002861 -0.002861 0.016950 -0.000313 -0.032998 -0.001335 0.013924 -0.017357 -0.002018 0.005112 0.071145 -0.018120 0.003242 -0.000572 -0.055505 -1.011482 -0.895895 -0.416381 -1.072518 -0.008583 -0.001717
1757664956.724239 -0.050164 0.009727 0.002861 -0.002861 0.017085 -0.000566 -0.032998 -0.001335 0.013924 -0.017357 -0.002018 0.005112 0.071527 -0.018120 0.003242 -0.000572 -0.055505 -1.011482 -0.897421 -0.416762 -1.067941 -0.008583 -0.001717
1757664956.726257 -0.050164 0.009727 0.002861 -0.002861 0.017085 -0.000566 -0.032998 -0.001335 0.013924 -0.017357 -0.002018 0.005112 0.071527 -0.018501 0.003242 -0.000572 -0.055505 -1.011482 -0.898565 -0.417525 -1.063745 -0.008583 -0.001717
1757664956.728256 -0.050164 0.009727 0.002861 -0.002861 0.017085 -0.000566 -0.032998 -0.001335 0.013924 -0.017357 -0.002018 0.005112 0.071527 -0.018501 0.003242 -0.000572 -0.055505 -1.011101 -0.899710 -0.417907 -1.059548 -0.008583 -0.001717
1757664956.730252 -0.050164 0.009727 0.002861 -0.002861 0.017085 -0.000566 -0.032998 -0.001335 0.013924 -0.017357 -0.002018 0.005112 0.071908 -0.018501 0.003242 -0.000572 -0.055505 -1.011101 -0.900854 -0.418670 -1.055734 -0.008583 -0.001717
1757664956.732234 -0.050164 0.009727 0.002861 -0.002861 0.017085 -0.000566 -0.032998 -0.001335 0.013924 -0.017357 -0.002018 0.005112 0.071908 -0.018501 0.003242 -0.000572 -0.055505 -1.011101 -0.901999 -0.419051 -1.051538 -0.008583 -0.001717
1757664956.734257 -0.050164 0.009727 0.002861 -0.002861 0.017085 -0.000566 -0.032998 -0.001335 0.013924 -0.017357 -0.002018 0.005112 0.071908 -0.018501 0.003242 -0.000572 -0.055505 -1.011101 -0.903524 -0.419433 -1.047723 -0.008583 -0.001717
1757664956.736276 -0.050164 0.009727 0.002861 -0.002861 0.017085 -0.000566 -0.032998 -0.001335 0.013924 -0.017357 -0.002018 0.005112 0.072289 -0.018501 0.003242 -0.000572 -0.055505 -1.011482 -0.904669 -0.419814 -1.043908 -0.008583 -0.001717
1757664956.738278 -0.050164 0.009727 0.002861 -0.002861 0.017085 -0.000566 -0.032998 -0.001335 0.013924 -0.017357 -0.002018 0.005112 0.072289 -0.018501 0.003242 -0.000572 -0.055505 -1.011101 -0.905813 -0.420196 -1.040093 -0.008583 -0.001717
1757664956.740264 -0.050164 0.009727 0.002861 -0.002861 0.017085 -0.000566 -0.032998 -0.000954 0.013924 -0.017357 -0.002018 0.005112 0.072289 -0.018501 0.003242 -0.000572 -0.055505 -1.011101 -0.906959 -0.420577 -1.036279 -0.008583 -0.001717
1757664956.742247 -0.050164 0.009727 0.002861 -0.002861 0.017085 -0.000566 -0.032998 -0.000954 0.013924 -0.017357 -0.002018 0.005112 0.072289 -0.018501 0.003242 -0.000572 -0.055505 -1.011101 -0.908103 -0.420959 -1.032464 -0.008583 -0.001717
1757664956.744234 -0.050164 0.010109 0.002861 -0.002861 0.017085 -0.000566 -0.032998 -0.000954 0.013924 -0.017357 -0.002018 0.005112 0.072671 -0.018501 0.003242 -0.000572 -0.055505 -1.011101 -0.909247 -0.421340 -1.028648 -0.008583 -0.001717
1757664956.746250 -0.050164 0.010109 0.002861 -0.002861 0.017085 -0.000566 -0.032998 -0.000954 0.013924 -0.017357 -0.002018 0.005112 0.072671 -0.018883 0.003242 -0.000572 -0.055505 -1.011101 -0.910392 -0.421721 -1.025215 -0.008583 -0.001717
1757664956.748258 -0.050164 0.010109 0.002861 -0.002861 0.017085 -0.000566 -0.032998 -0.000954 0.013924 -0.017357 -0.002018 0.005112 0.073052 -0.018883 0.003242 -0.000572 -0.055505 -1.011101 -0.911536 -0.422103 -1.021782 -0.008583 -0.001717
1757664956.750244 -0.050164 0.010109 0.002861 -0.002861 0.017085 -0.000566 -0.032998 -0.000954 0.013924 -0.017357 -0.002018 0.005112 0.073052 -0.018883 0.003242 -0.000572 -0.055505 -1.011101 -0.912299 -0.422103 -1.018349 -0.008583 -0.001717
1757664956.752234 -0.050164 0.010109 0.002861 -0.002861 0.017085 -0.000566 -0.032998 -0.000954 0.013924 -0.017357 -0.002018 0.005112 0.073052 -0.018883 0.003242 -0.000572 -0.055505 -1.011101 -0.913444 -0.422484 -1.014915 -0.008583 -0.001717
1757664956.754247 -0.050164 0.010109 0.002861 -0.002861 0.017220 -0.000818 -0.032998 -0.000954 0.013924 -0.017357 -0.002018 0.005112 0.073052 -0.018883 0.003242 -0.000572 -0.055505 -1.011101 -0.914588 -0.422866 -1.011482 -0.008583 -0.001717
1757664956.756233 -0.050164 0.010109 0.002861 -0.002861 0.017220 -0.000818 -0.032998 -0.000954 0.013924 -0.017357 -0.002018 0.005112 0.073434 -0.018883 0.003242 -0.000572 -0.055505 -1.011101 -0.915732 -0.422866 -1.008430 -0.008583 -0.001717
1757664956.758233 -0.050164 0.010109 0.002861 -0.002861 0.017220 -0.000818 -0.032998 -0.000954 0.013924 -0.017357 -0.002018 0.005112 0.073434 -0.018883 0.003242 -0.000572 -0.055505 -1.011101 -0.916495 -0.423247 -1.005379 -0.008583 -0.001717
1757664956.760235 -0.050164 0.010109 0.002861 -0.002861 0.017220 -0.000818 -0.032998 -0.000954 0.013924 -0.017357 -0.002018 0.005112 0.073434 -0.018883 0.003242 -0.000572 -0.055505 -1.011101 -0.917640 -0.423629 -1.002327 -0.008583 -0.001717
1757664956.762246 -0.050164 0.010109 0.002861 -0.002861 0.017220 -0.000818 -0.032998 -0.000954 0.013924 -0.017357 -0.002018 0.005112 0.073434 -0.018883 0.003242 -0.000572 -0.055505 -1.011101 -0.918403 -0.423629 -0.999275 -0.008583 -0.001717
1757664956.764234 -0.050164 0.010109 0.002861 -0.002861 0.017220 -0.000818 -0.032998 -0.000954 0.013924 -0.017357 -0.002018 0.005112 0.073815 -0.018883 0.003242 -0.000572 -0.055505 -1.011101 -0.919166 -0.424010 -0.996605 -0.008583 -0.001717
1757664956.766235 -0.050164 0.010109 0.002861 -0.002861 0.017220 -0.000818 -0.032998 -0.000954 0.013924 -0.017357 -0.002018 0.005112 0.073815 -0.018883 0.003242 -0.000572 -0.055505 -1.011101 -0.919929 -0.424010 -0.993935 -0.008583 -0.001717
1757664956.768280 -0.050164 0.010109 0.002861 -0.002861 0.017220 -0.000818 -0.032998 -0.000954 0.013924 -0.017357 -0.002018 0.005112 0.073815 -0.018883 0.003242 -0.000572 -0.055505 -1.011101 -0.921073 -0.424392 -0.991264 -0.008583 -0.001717
1757664956.770253 -0.050164 0.010109 0.002861 -0.002861 0.017220 -0.000818 -0.032998 -0.000954 0.013924 -0.017357 -0.002018 0.005112 0.073815 -0.018883 0.003242 -0.000572 -0.055505 -1.011101 -0.921836 -0.424392 -0.988976 -0.008583 -0.001717
1757664956.772241 -0.050164 0.010109 0.002861 -0.002861 0.017220 -0.000818 -0.032998 -0.000954 0.013924 -0.017357 -0.002018 0.005112 0.074197 -0.018883 0.003242 -0.000572 -0.055505 -1.011101 -0.922599 -0.424773 -0.986687 -0.008583 -0.001717
1757664956.774237 -0.050164 0.010109 0.002861 -0.002861 0.017220 -0.000818 -0.032998 -0.000572 0.013924 -0.017357 -0.002018 0.005112 0.074197 -0.018883 0.003242 -0.000572 -0.055505 -1.011101 -0.923362 -0.424773 -0.984398 -0.008583 -0.001717
1757664956.776254 -0.050164 0.010109 0.002861 -0.002861 0.017220 -0.000818 -0.032998 -0.000572 0.013924 -0.017357 -0.002018 0.005112 0.074197 -0.018883 0.003242 -0.000572 -0.055505 -1.011101 -0.924125 -0.425155 -0.982491 -0.008583 -0.001717
1757664956.778237 -0.050164 0.010109 0.002861 -0.002861 0.017220 -0.000818 -0.032998 -0.000572 0.013924 -0.017357 -0.002018 0.005112 0.074197 -0.018883 0.003242 -0.000572 -0.055505 -1.011101 -0.924888 -0.425155 -0.980583 -0.008583 -0.001717
1757664956.780236 -0.050164 0.010109 0.002861 -0.002861 0.017220 -0.000818 -0.032998 -0.000572 0.013924 -0.017357 -0.002018 0.005112 0.074197 -0.018883 0.003242 -0.000572 -0.055505 -1.011101 -0.925651 -0.425155 -0.978676 -0.008583 -0.001717
1757664956.782253 -0.050164 0.010109 0.002861 -0.002861 0.017220 -0.000818 -0.032998 -0.000572 0.013924 -0.017357 -0.002018 0.005112 0.074578 -0.018883 0.003242 -0.000572 -0.055505 -1.011101 -0.926414 -0.425155 -0.976768 -0.008583 -0.001717
1757664956.784233 -0.050164 0.010109 0.002861 -0.002861 0.017220 -0.000818 -0.032998 -0.000572 0.013924 -0.017357 -0.002018 0.005112 0.074578 -0.018883 0.003242 -0.000572 -0.055505 -1.011101 -0.927176 -0.425536 -0.975243 -0.008583 -0.001717
1757664956.786233 -0.050164 0.010109 0.002861 -0.002861 0.017220 -0.000818 -0.032998 -0.000572 0.013924 -0.017357 -0.002018 0.005112 0.074578 -0.018883 0.003242 -0.000572 -0.055505 -1.011101 -0.927558 -0.425536 -0.973717 -0.008583 -0.001717
1757664956.788234 -0.050164 0.010109 0.002861 -0.002861 0.017355 -0.001071 -0.032998 -0.000572 0.013924 -0.017357 -0.002018 0.005112 0.074578 -0.018883 0.003242 -0.000572 -0.055505 -1.011101 -0.928321 -0.425536 -0.972572 -0.008583 -0.001717
1757664956.790245 -0.050164 0.010109 0.002861 -0.002861 0.017355 -0.001071 -0.032998 -0.000572 0.013924 -0.017357 -0.002018 0.005112 0.074960 -0.018883 0.003242 -0.000572 -0.055505 -1.011101 -0.929084 -0.425536 -0.971428 -0.008583 -0.001717
1757664956.792233 -0.050164 0.010109 0.002861 -0.002861 0.017355 -0.001071 -0.032998 -0.000572 0.013924 -0.017357 -0.002018 0.005112 0.074960 -0.018883 0.003242 -0.000572 -0.055505 -1.011101 -0.929465 -0.425536 -0.970284 -0.008583 -0.001717
1757664956.794279 -0.050164 0.010109 0.002861 -0.002861 0.017355 -0.001071 -0.032998 -0.000572 0.013924 -0.017357 -0.002018 0.005112 0.074960 -0.018883 0.003242 -0.000572 -0.055505 -1.011101 -0.929847 -0.425536 -0.969139 -0.008583 -0.001717
1757664956.796274 -0.050164 0.010109 0.002861 -0.002861 0.017355 -0.001071 -0.032998 -0.000572 0.013924 -0.017357 -0.002018 0.005112 0.074960 -0.018883 0.003242 -0.000572 -0.055505 -1.011101 -0.930610 -0.425536 -0.968375 -0.008583 -0.001717
1757664956.798234 -0.050164 0.010109 0.002861 -0.002861 0.017355 -0.001071 -0.032998 -0.000572 0.013924 -0.017357 -0.002018 0.005112 0.074960 -0.018883 0.003242 -0.000572 -0.055505 -1.011101 -0.930991 -0.425536 -0.967612 -0.008583 -0.001717
1757664956.800235 -0.050164 0.010109 0.002861 -0.002861 0.017355 -0.001071 -0.032998 -0.000572 0.013924 -0.017357 -0.002018 0.005112 0.075341 -0.018883 0.003242 -0.000572 -0.055505 -1.011101 -0.931373 -0.425536 -0.967231 -0.008583 -0.001717
1757664956.802298 -0.050164 0.010109 0.002861 -0.002861 0.017355 -0.001071 -0.032998 -0.000572 0.013924 -0.017357 -0.002018 0.005112 0.075341 -0.018883 0.003242 -0.000572 -0.055505 -1.011101 -0.931754 -0.425536 -0.966849 -0.008583 -0.001717
1757664956.804250 -0.050164 0.010109 0.002861 -0.002861 0.017355 -0.001071 -0.032998 -0.000572 0.013924 -0.017357 -0.002018 0.005112 0.075341 -0.018883 0.003242 -0.000572 -0.055505 -1.011101 -0.932136 -0.425536 -0.966849 -0.008583 -0.001717
1757664956.806234 -0.050164 0.010109 0.002861 -0.002861 0.017355 -0.001071 -0.032998 -0.000572 0.013924 -0.017357 -0.002018 0.005112 0.075341 -0.018883 0.003242 -0.000572 -0.055505 -1.011101 -0.932517 -0.425536 -0.966849 -0.008583 -0.001717
1757664956.808232 -0.050164 0.010109 0.002861 -0.002861 0.017355 -0.001071 -0.032998 -0.000572 0.013924 -0.017357 -0.002018 0.005112 0.075341 -0.018883 0.003242 -0.000572 -0.055505 -1.011101 -0.932899 -0.425536 -0.966849 -0.008583 -0.001717
1757664956.810254 -0.050164 0.010109 0.002861 -0.002861 0.017355 -0.001071 -0.032998 -0.000572 0.013924 -0.017357 -0.002018 0.005112 0.075723 -0.018883 0.003242 -0.000572 -0.055505 -1.011101 -0.933280 -0.425536 -0.967231 -0.008583 -0.001717
1757664956.812237 -0.050164 0.010109 0.002861 -0.002861 0.017355 -0.001071 -0.032998 -0.000572 0.013924 -0.017357 -0.002018 0.005112 0.075723 -0.018883 0.003242 -0.000572 -0.055505 -1.011101 -0.933661 -0.425536 -0.967612 -0.008583 -0.001717
1757664956.814235 -0.050164 0.010109 0.002861 -0.002861 0.017355 -0.001071 -0.032998 -0.000572 0.013924 -0.017357 -0.002018 0.005112 0.075723 -0.018883 0.003242 -0.000572 -0.055505 -1.011101 -0.933661 -0.425536 -0.967994 -0.008583 -0.001717
1757664956.816259 -0.050164 0.010109 0.002861 -0.002861 0.017355 -0.001071 -0.032998 -0.000572 0.013924 -0.017357 -0.002018 0.005112 0.075723 -0.018883 0.003242 -0.000572 -0.055505 -1.011101 -0.934043 -0.425536 -0.968758 -0.008583 -0.001717
1757664956.818233 -0.050164 0.010109 0.002861 -0.002861 0.017355 -0.001071 -0.032998 -0.000572 0.013924 -0.017357 -0.002018 0.005112 0.075723 -0.018883 0.002861 -0.000572 -0.055505 -1.011101 -0.934424 -0.425155 -0.969521 -0.008583 -0.001717
1757664956.820234 -0.050164 0.010109 0.002861 -0.002861 0.017355 -0.001071 -0.032998 -0.000572 0.013924 -0.017357 -0.002018 0.005112 0.075723 -0.018883 0.002861 -0.000572 -0.055505 -1.011101 -0.934424 -0.425155 -0.970284 -0.008583 -0.001717
1757664956.822225 -0.050164 0.010109 0.002861 -0.002861 0.017355 -0.001071 -0.032998 -0.000572 0.013924 -0.017357 -0.002018 0.005112 0.076104 -0.018883 0.002861 -0.000572 -0.055505 -1.011101 -0.934806 -0.425155 -0.971428 -0.008583 -0.001717
1757664956.824258 -0.050164 0.010109 0.002861 -0.002861 0.017355 -0.001071 -0.032998 -0.000572 0.013924 -0.017357 -0.002018 0.005112 0.076104 -0.018883 0.002861 -0.000572 -0.055505 -1.011101 -0.934806 -0.425155 -0.972572 -0.008583 -0.001717
1757664956.826235 -0.050164 0.010109 0.002861 -0.002861 0.017355 -0.001071 -0.032998 -0.000572 0.013924 -0.017357 -0.002018 0.005112 0.076104 -0.018883 0.002861 -0.000572 -0.055505 -1.011101 -0.935187 -0.425155 -0.974098 -0.008583 -0.001717
1757664956.828233 -0.050164 0.010109 0.002861 -0.002861 0.017355 -0.001071 -0.032998 -0.000572 0.013924 -0.017357 -0.002018 0.005112 0.076104 -0.018883 0.002861 -0.000572 -0.055505 -1.011101 -0.935187 -0.425155 -0.975624 -0.008583 -0.001717
1757664956.830258 -0.050164 0.010109 0.002861 -0.002861 0.017355 -0.001071 -0.032998 -0.000572 0.013924 -0.017357 -0.002018 0.005112 0.076486 -0.018883 0.002861 -0.000572 -0.055505 -1.011101 -0.935187 -0.425155 -0.977150 -0.008583 -0.001717
1757664956.832284 -0.050164 0.010109 0.002861 -0.002861 0.017355 -0.001071 -0.032998 -0.000572 0.013924 -0.017357 -0.002018 0.005112 0.076486 -0.018883 0.002861 -0.000572 -0.055505 -1.011101 -0.935569 -0.425155 -0.979057 -0.008583 -0.001717
1757664956.834256 -0.050164 0.010109 0.002861 -0.002861 0.017355 -0.001071 -0.032998 -0.000572 0.013924 -0.017357 -0.002018 0.005112 0.076486 -0.018883 0.002861 -0.000572 -0.055505 -1.011101 -0.935569 -0.424773 -0.980965 -0.008583 -0.001717
1757664956.836243 -0.050164 0.010109 0.002861 -0.002861 0.017355 -0.001071 -0.032998 -0.000572 0.013924 -0.017357 -0.002018 0.005112 0.076486 -0.018883 0.002861 -0.000572 -0.055505 -1.011101 -0.935569 -0.424773 -0.983253 -0.008583 -0.001717
1757664956.838261 -0.050164 0.010109 0.002861 -0.002861 0.017355 -0.001071 -0.032998 -0.000572 0.013924 -0.017357 -0.002018 0.005112 0.076486 -0.018883 0.002861 -0.000572 -0.055505 -1.011101 -0.935950 -0.424773 -0.985542 -0.008583 -0.001717
1757664956.840231 -0.050164 0.010109 0.002861 -0.002861 0.017355 -0.001071 -0.032998 -0.000572 0.013924 -0.017357 -0.002018 0.005112 0.076867 -0.018883 0.002861 -0.000572 -0.055505 -1.011101 -0.935950 -0.424773 -0.988213 -0.008583 -0.001717
1757664956.842237 -0.050164 0.010109 0.002861 -0.002861 0.017355 -0.001071 -0.032998 -0.000572 0.013924 -0.017357 -0.002018 0.005112 0.076867 -0.018883 0.002861 -0.000572 -0.055505 -1.011101 -0.935950 -0.424392 -0.990501 -0.008583 -0.001717
1757664956.844248 -0.050164 0.010109 0.002861 -0.002861 0.017355 -0.001071 -0.032998 -0.000572 0.013924 -0.017357 -0.002018 0.005112 0.076867 -0.018883 0.002861 -0.000572 -0.055505 -1.011101 -0.935950 -0.424392 -0.993553 -0.008583 -0.001717
1757664956.846229 -0.050164 0.010109 0.002861 -0.002861 0.017355 -0.001071 -0.032998 -0.000572 0.013924 -0.017357 -0.002018 0.005112 0.076867 -0.019264 0.002861 -0.000572 -0.055505 -1.011101 -0.935950 -0.424010 -0.996605 -0.008583 -0.001717
1757664956.848254 -0.050164 0.010109 0.002861 -0.002861 0.017355 -0.001071 -0.032998 -0.000572 0.013924 -0.017357 -0.002018 0.005112 0.077249 -0.019264 0.002861 -0.000572 -0.055505 -1.011101 -0.935950 -0.424010 -0.999657 -0.008583 -0.001717
1757664956.850232 -0.050164 0.010109 0.002861 -0.002861 0.017355 -0.001071 -0.032998 -0.000572 0.013924 -0.017357 -0.002018 0.005112 0.077249 -0.019264 0.002861 -0.000572 -0.055505 -1.011101 -0.935950 -0.423629 -1.003090 -0.008583 -0.001717
1757664956.852247 -0.050164 0.010109 0.002861 -0.002861 0.017355 -0.001071 -0.032998 -0.000572 0.013924 -0.017357 -0.002018 0.005112 0.077249 -0.019264 0.002861 -0.000572 -0.055505 -1.011101 -0.935950 -0.423629 -1.006523 -0.008583 -0.001717
1757664956.854232 -0.050164 0.010109 0.002861 -0.002861 0.017355 -0.001071 -0.032998 -0.000572 0.013924 -0.017357 -0.002018 0.005112 0.077249 -0.019264 0.002861 -0.000572 -0.055505 -1.011101 -0.935950 -0.423247 -1.009956 -0.008583 -0.001717
1757664956.856245 -0.050164 0.010109 0.002861 -0.002861 0.017355 -0.001071 -0.032998 -0.000572 0.013924 -0.017357 -0.002018 0.005112 0.077630 -0.019264 0.002861 -0.000572 -0.055505 -1.011101 -0.935950 -0.423247 -1.013771 -0.008583 -0.001717
1757664956.858247 -0.050164 0.010109 0.002861 -0.002861 0.017355 -0.001071 -0.032998 -0.000572 0.013924 -0.017357 -0.002018 0.005112 0.077630 -0.019264 0.002861 -0.000572 -0.055505 -1.011101 -0.935950 -0.422866 -1.017586 -0.008583 -0.001717
1757664956.860257 -0.050164 0.010109 0.002861 -0.002861 0.017355 -0.001071 -0.032998 -0.000954 0.013924 -0.017357 -0.002018 0.005112 0.077630 -0.019264 0.002861 -0.000572 -0.055505 -1.011101 -0.935950 -0.422484 -1.021782 -0.008583 -0.001717
1757664956.862243 -0.050164 0.010109 0.002861 -0.002861 0.017355 -0.001071 -0.032998 -0.000954 0.013924 -0.017357 -0.002018 0.005112 0.078012 -0.019264 0.002861 -0.000572 -0.055505 -1.011101 -0.935950 -0.422484 -1.025978 -0.008583 -0.001717
1757664956.864291 -0.050164 0.010109 0.002861 -0.002861 0.017355 -0.001071 -0.032998 -0.000954 0.013924 -0.017357 -0.002018 0.005112 0.078012 -0.019264 0.002861 -0.000572 -0.055505 -1.011101 -0.935950 -0.422103 -1.030174 -0.008583 -0.001717
1757664956.866240 -0.050164 0.010109 0.002861 -0.002861 0.017355 -0.001071 -0.032998 -0.000954 0.013924 -0.017357 -0.002018 0.005112 0.078012 -0.019264 0.002861 -0.000572 -0.055505 -1.011101 -0.935569 -0.421721 -1.034753 -0.008583 -0.001717
1757664956.868250 -0.050164 0.010109 0.002861 -0.002861 0.017355 -0.001071 -0.032998 -0.000954 0.013924 -0.017357 -0.002018 0.005112 0.078393 -0.019264 0.002861 -0.000572 -0.055505 -1.011101 -0.935950 -0.421721 -1.039330 -0.008583 -0.001717
1757664956.870236 -0.050164 0.010109 0.002861 -0.002861 0.017355 -0.001071 -0.032998 -0.000954 0.013924 -0.017357 -0.002018 0.005112 0.078393 -0.019264 0.002861 -0.000572 -0.055505 -1.011101 -0.935950 -0.421340 -1.043908 -0.008583 -0.001717
1757664956.872257 -0.050164 0.010109 0.002861 -0.002861 0.017355 -0.001071 -0.032998 -0.000954 0.013924 -0.017357 -0.002018 0.005112 0.078393 -0.019264 0.002861 -0.000572 -0.055505 -1.011101 -0.935950 -0.421340 -1.048867 -0.008583 -0.001717
1757664956.874247 -0.050164 0.010109 0.002861 -0.002861 0.017355 -0.001071 -0.032998 -0.000954 0.013924 -0.017357 -0.002018 0.005112 0.078774 -0.019646 0.002861 -0.000572 -0.055505 -1.011101 -0.935950 -0.420959 -1.053826 -0.008583 -0.001717
1757664956.876256 -0.050164 0.010109 0.002861 -0.002861 0.017355 -0.001071 -0.032998 -0.000954 0.013924 -0.017357 -0.002018 0.005112 0.078774 -0.019646 0.002861 -0.000572 -0.055505 -1.011101 -0.935950 -0.420959 -1.059167 -0.008583 -0.001717
1757664956.878281 -0.050164 0.010109 0.002861 -0.002861 0.017355 -0.001071 -0.032998 -0.000954 0.013924 -0.017357 -0.002018 0.005112 0.078774 -0.019646 0.002861 -0.000572 -0.055505 -1.011101 -0.935950 -0.420577 -1.064507 -0.008583 -0.001717
1757664956.880256 -0.050164 0.010109 0.002861 -0.002861 0.017355 -0.001071 -0.032998 -0.000954 0.013924 -0.017357 -0.002018 0.005112 0.079156 -0.019646 0.002861 -0.000572 -0.055505 -1.011101 -0.935950 -0.420577 -1.069848 -0.008583 -0.001717
1757664956.882235 -0.050164 0.010109 0.002861 -0.002861 0.017355 -0.001071 -0.032998 -0.000954 0.013924 -0.017357 -0.002018 0.005112 0.079156 -0.019646 0.002861 -0.000572 -0.055505 -1.011101 -0.935950 -0.420196 -1.075189 -0.008583 -0.001717
1757664956.884245 -0.050164 0.010109 0.002861 -0.002861 0.017355 -0.001071 -0.032998 -0.000954 0.013924 -0.017357 -0.002018 0.005112 0.079537 -0.019646 0.002861 -0.000572 -0.055505 -1.011101 -0.935950 -0.420196 -1.080911 -0.008583 -0.001717
1757664956.886266 -0.050164 0.010109 0.002861 -0.002861 0.017355 -0.001071 -0.032998 -0.000954 0.013924 -0.017357 -0.002018 0.005112 0.079537 -0.019646 0.002861 -0.000572 -0.055505 -1.011101 -0.935950 -0.419814 -1.086633 -0.008583 -0.001717
1757664956.888252 -0.050164 0.010109 0.002861 -0.002861 0.017355 -0.001071 -0.032998 -0.000954 0.013924 -0.017357 -0.002018 0.005112 0.079919 -0.019646 0.002861 -0.000572 -0.055505 -1.011101 -0.935950 -0.419814 -1.092355 -0.008583 -0.001717
1757664956.890242 -0.050164 0.010109 0.002861 -0.002861 0.017355 -0.001071 -0.032998 -0.001335 0.013924 -0.017357 -0.002018 0.005112 0.079919 -0.019646 0.002861 -0.000572 -0.055505 -1.011101 -0.935950 -0.419814 -1.098078 -0.008583 -0.001717
1757664956.892226 -0.050164 0.010109 0.002861 -0.002861 0.017355 -0.001071 -0.032998 -0.001335 0.013924 -0.017357 -0.002018 0.005112 0.079919 -0.020027 0.002861 -0.000572 -0.055505 -1.011101 -0.935950 -0.419433 -1.104181 -0.008583 -0.001717
1757664956.894257 -0.050164 0.010109 0.002861 -0.002861 0.017355 -0.001071 -0.032998 -0.001335 0.013924 -0.017357 -0.002018 0.005112 0.080300 -0.020027 0.002861 -0.000572 -0.055505 -1.011101 -0.935950 -0.419433 -1.110285 -0.008583 -0.001717
1757664956.896252 -0.050164 0.010109 0.002861 -0.002861 0.017355 -0.001071 -0.032998 -0.001335 0.013924 -0.017357 -0.002018 0.005112 0.080300 -0.020027 0.002861 -0.000572 -0.055505 -1.011101 -0.935950 -0.419433 -1.116388 -0.008583 -0.001717
1757664956.898245 -0.050164 0.010109 0.002861 -0.002861 0.017355 -0.001071 -0.032998 -0.001335 0.013924 -0.017357 -0.002018 0.005112 0.080682 -0.020027 0.002861 -0.000572 -0.055505 -1.011101 -0.935950 -0.419051 -1.122492 -0.008583 -0.001717
1757664956.900259 -0.050164 0.010109 0.002861 -0.002861 0.017355 -0.001071 -0.032998 -0.001335 0.013924 -0.017357 -0.002018 0.005112 0.080682 -0.020027 0.002861 -0.000572 -0.055505 -1.011101 -0.935950 -0.419051 -1.128977 -0.008583 -0.001717
1757664956.902230 -0.050164 0.010109 0.002861 -0.002861 0.017355 -0.001071 -0.032998 -0.001335 0.013924 -0.017357 -0.002018 0.005112 0.081063 -0.020027 0.002861 -0.000572 -0.055505 -1.011101 -0.935950 -0.419051 -1.135462 -0.008583 -0.001717
1757664956.904264 -0.050164 0.010109 0.002861 -0.002861 0.017355 -0.001071 -0.032998 -0.001335 0.013924 -0.017357 -0.002018 0.005112 0.081063 -0.020027 0.002861 -0.000572 -0.055505 -1.011101 -0.935950 -0.418670 -1.142328 -0.008583 -0.001717
1757664956.906229 -0.050164 0.010109 0.002861 -0.002861 0.017355 -0.001071 -0.032998 -0.001335 0.013924 -0.017357 -0.002018 0.005112 0.081445 -0.020027 0.002861 -0.000572 -0.055505 -1.011101 -0.935950 -0.418670 -1.148813 -0.008583 -0.001717
1757664956.908243 -0.050164 0.010109 0.002861 -0.002861 0.017355 -0.001071 -0.032998 -0.001335 0.013924 -0.017357 -0.002018 0.005112 0.081445 -0.020027 0.002861 -0.000572 -0.055505 -1.011101 -0.935950 -0.418288 -1.155680 -0.008583 -0.001717
1757664956.910233 -0.050164 0.010109 0.002861 -0.002861 0.017355 -0.001071 -0.032998 -0.001335 0.013924 -0.017357 -0.002018 0.005112 0.081826 -0.020409 0.002861 -0.000572 -0.055505 -1.011101 -0.935950 -0.418288 -1.162166 -0.008583 -0.001717
1757664956.912228 -0.050164 0.010109 0.002861 -0.002861 0.017355 -0.001071 -0.032998 -0.001335 0.013924 -0.017357 -0.002018 0.005112 0.081826 -0.020409 0.002861 -0.000572 -0.055505 -1.011101 -0.935950 -0.418288 -1.169032 -0.008583 -0.001717
1757664956.914249 -0.050164 0.010109 0.002861 -0.002861 0.017355 -0.001071 -0.032998 -0.001335 0.013924 -0.017357 -0.002018 0.005112 0.082208 -0.020409 0.002861 -0.000572 -0.055505 -1.011101 -0.935950 -0.417907 -1.175899 -0.008583 -0.001717
1757664956.916230 -0.050164 0.010109 0.002861 -0.002861 0.017355 -0.001071 -0.032998 -0.001717 0.013924 -0.017357 -0.002018 0.005112 0.082589 -0.020409 0.002861 -0.000572 -0.055505 -1.011101 -0.935950 -0.417907 -1.182765 -0.008583 -0.001717
1757664956.918242 -0.050164 0.010109 0.002861 -0.002861 0.017355 -0.001071 -0.032998 -0.001717 0.013924 -0.017357 -0.002018 0.005112 0.082589 -0.020409 0.002861 -0.000572 -0.055505 -1.011101 -0.935950 -0.417525 -1.190013 -0.008583 -0.001717
1757664956.920269 -0.050164 0.010109 0.002861 -0.002861 0.017355 -0.001071 -0.032998 -0.001717 0.013924 -0.017357 -0.002018 0.005112 0.082971 -0.020409 0.002861 -0.000572 -0.055505 -1.011101 -0.935950 -0.417525 -1.197261 -0.008583 -0.001717
1757664956.922246 -0.050164 0.010109 0.002861 -0.002861 0.017355 -0.001071 -0.032998 -0.001717 0.013924 -0.017357 -0.002018 0.005112 0.082971 -0.020409 0.002861 -0.000572 -0.055505 -1.011101 -0.935950 -0.417525 -1.204127 -0.008583 -0.001717
1757664956.924237 -0.050164 0.010109 0.002861 -0.002861 0.017355 -0.001071 -0.032998 -0.001717 0.013924 -0.017357 -0.002018 0.005112 0.083352 -0.020409 0.002861 -0.000572 -0.055505 -1.011101 -0.935950 -0.417144 -1.211375 -0.008583 -0.001717
1757664956.926288 -0.050164 0.010109 0.002861 -0.002861 0.017355 -0.001071 -0.032998 -0.001717 0.013924 -0.017357 -0.002018 0.005112 0.083352 -0.020409 0.002861 -0.000572 -0.055505 -1.011101 -0.935950 -0.417144 -1.218623 -0.008583 -0.001717
1757664956.928267 -0.050164 0.010109 0.002861 -0.002861 0.017355 -0.001071 -0.032998 -0.001717 0.013924 -0.017357 -0.002018 0.005112 0.083734 -0.020790 0.002861 -0.000572 -0.055505 -1.011101 -0.935950 -0.417144 -1.226254 -0.008583 -0.001717
1757664956.930231 -0.050164 0.010109 0.002861 -0.002861 0.017355 -0.001071 -0.032998 -0.001717 0.013924 -0.017357 -0.002018 0.005112 0.083734 -0.020790 0.002861 -0.000572 -0.055505 -1.011101 -0.935950 -0.416762 -1.233501 -0.008583 -0.001717
1757664956.932256 -0.050164 0.010109 0.002861 -0.002861 0.017355 -0.001071 -0.032998 -0.001717 0.013924 -0.017357 -0.002018 0.005112 0.084115 -0.020790 0.002861 -0.000572 -0.055505 -1.011101 -0.935950 -0.416762 -1.240749 -0.008583 -0.001717
1757664956.934280 -0.050164 0.010109 0.002861 -0.002861 0.017355 -0.001071 -0.032998 -0.001717 0.013924 -0.017357 -0.002018 0.005112 0.084496 -0.020790 0.002861 -0.000572 -0.055505 -1.011101 -0.935950 -0.416762 -1.248379 -0.008583 -0.001717
1757664956.936226 -0.050164 0.010109 0.002861 -0.002861 0.017355 -0.001071 -0.032998 -0.001717 0.013924 -0.017357 -0.002018 0.005112 0.084496 -0.020790 0.002861 -0.000572 -0.055505 -1.011101 -0.935950 -0.416762 -1.255627 -0.008583 -0.001717
1757664956.938225 -0.050164 0.010109 0.002861 -0.002861 0.017355 -0.001071 -0.032998 -0.001717 0.013924 -0.017357 -0.002018 0.005112 0.084878 -0.020790 0.002861 -0.000572 -0.055505 -1.011101 -0.935950 -0.416381 -1.263256 -0.008583 -0.001717
1757664956.940221 -0.050164 0.010109 0.002861 -0.002861 0.017355 -0.001071 -0.032998 -0.001717 0.013924 -0.017357 -0.002018 0.005112 0.084878 -0.020790 0.002480 -0.000572 -0.055505 -1.011101 -0.935950 -0.416381 -1.270885 -0.008583 -0.001717
1757664956.942250 -0.050164 0.010109 0.002861 -0.002861 0.017355 -0.001071 -0.032998 -0.001717 0.013924 -0.017357 -0.002018 0.005112 0.085259 -0.020790 0.002480 -0.000572 -0.055505 -1.011101 -0.935950 -0.416381 -1.278515 -0.008583 -0.001717
1757664956.944219 -0.050164 0.010109 0.002480 -0.002861 0.017355 -0.001071 -0.032998 -0.001717 0.013924 -0.017357 -0.002018 0.005112 0.085259 -0.020790 0.002480 -0.000572 -0.055505 -1.011101 -0.935950 -0.416381 -1.285764 -0.008583 -0.001717
1757664956.946218 -0.050164 0.010109 0.002480 -0.002861 0.017355 -0.001071 -0.032998 -0.001717 0.013924 -0.017357 -0.002018 0.005112 0.085641 -0.020790 0.002480 -0.000572 -0.055505 -1.011101 -0.935950 -0.416381 -1.293393 -0.008583 -0.001717
1757664956.948281 -0.050164 0.010109 0.002480 -0.002861 0.017355 -0.001071 -0.032998 -0.001717 0.013924 -0.017357 -0.002018 0.005112 0.086022 -0.020790 0.002480 -0.000572 -0.055505 -1.011482 -0.935950 -0.415999 -1.301023 -0.008583 -0.001717
1757664956.950214 -0.050164 0.010109 0.002480 -0.002861 0.017355 -0.001071 -0.032998 -0.001717 0.013924 -0.017357 -0.002018 0.005112 0.086022 -0.020790 0.002480 -0.000572 -0.055505 -1.011482 -0.935950 -0.415999 -1.309033 -0.008583 -0.001717
1757664956.952212 -0.050164 0.010109 0.002480 -0.002861 0.017355 -0.001071 -0.032998 -0.001717 0.013924 -0.017357 -0.002018 0.005112 0.086404 -0.020790 0.002480 -0.000572 -0.055505 -1.011482 -0.935950 -0.415999 -1.316281 -0.008583 -0.001717
1757664956.954204 -0.050164 0.010109 0.002480 -0.002861 0.017355 -0.001071 -0.032998 -0.001717 0.013924 -0.017357 -0.002018 0.005112 0.086404 -0.020790 0.002480 -0.000572 -0.055505 -1.011482 -0.935950 -0.415999 -1.323911 -0.008583 -0.001717
1757664956.956210 -0.050164 0.010109 0.002480 -0.002861 0.017355 -0.001071 -0.032998 -0.001717 0.013924 -0.017357 -0.002018 0.005112 0.086785 -0.021172 0.002480 -0.000572 -0.055505 -1.011482 -0.935950 -0.415999 -1.331540 -0.008583 -0.001717
1757664956.958210 -0.050164 0.010109 0.002480 -0.002861 0.017355 -0.001071 -0.032998 -0.001717 0.013924 -0.017357 -0.002018 0.005112 0.087167 -0.021172 0.002480 -0.000572 -0.055505 -1.011482 -0.935950 -0.415999 -1.339551 -0.008583 -0.001717
1757664956.960201 -0.050164 0.010109 0.002480 -0.002861 0.017355 -0.001071 -0.032998 -0.001717 0.013924 -0.017357 -0.002018 0.005112 0.087167 -0.021172 0.002480 -0.000572 -0.055505 -1.011482 -0.935950 -0.415999 -1.347181 -0.008583 -0.001717
1757664956.962207 -0.050164 0.010109 0.002480 -0.002861 0.017355 -0.001071 -0.032998 -0.001717 0.013924 -0.017357 -0.002018 0.005112 0.087548 -0.021172 0.002480 -0.000572 -0.055505 -1.011482 -0.935950 -0.415999 -1.354811 -0.008583 -0.001717
1757664956.964199 -0.050164 0.010109 0.002480 -0.002861 0.017355 -0.001071 -0.032998 -0.001717 0.013924 -0.017357 -0.002018 0.005112 0.087548 -0.021172 0.002480 -0.000572 -0.055505 -1.011482 -0.935950 -0.415618 -1.362440 -0.008583 -0.001717
1757664956.966246 -0.050164 0.009727 0.002480 -0.002861 0.017355 -0.001071 -0.032998 -0.001717 0.013924 -0.017357 -0.002018 0.005112 0.087930 -0.021172 0.002480 -0.000572 -0.055505 -1.011482 -0.935950 -0.415618 -1.370451 -0.008583 -0.001717
1757664956.968227 -0.050164 0.009727 0.002480 -0.002861 0.017355 -0.001071 -0.032998 -0.001717 0.013924 -0.017357 -0.002018 0.005112 0.088311 -0.021172 0.002480 -0.000572 -0.055505 -1.011482 -0.935950 -0.415618 -1.378080 -0.008583 -0.001717
1757664956.970208 -0.050164 0.009727 0.002480 -0.002861 0.017355 -0.001071 -0.032998 -0.001717 0.013924 -0.017357 -0.002018 0.005112 0.088311 -0.021172 0.002480 -0.000572 -0.055505 -1.011482 -0.935950 -0.415618 -1.385710 -0.008583 -0.001717
1757664956.972209 -0.050164 0.009727 0.002480 -0.002861 0.017355 -0.001071 -0.032998 -0.001717 0.013924 -0.017357 -0.002018 0.005112 0.088693 -0.021172 0.002480 -0.000572 -0.055505 -1.011482 -0.935950 -0.415618 -1.393339 -0.008583 -0.001717
1757664956.974212 -0.050164 0.009727 0.002480 -0.002861 0.017355 -0.001071 -0.032998 -0.001717 0.013924 -0.017357 -0.002018 0.005112 0.088693 -0.021172 0.002480 -0.000572 -0.055505 -1.011864 -0.935950 -0.415618 -1.400969 -0.008583 -0.001717
1757664956.976210 -0.050164 0.009727 0.002480 -0.002861 0.017355 -0.001071 -0.032998 -0.001717 0.013924 -0.017357 -0.002018 0.005112 0.089074 -0.021172 0.002480 -0.000572 -0.055505 -1.011864 -0.935950 -0.415236 -1.408980 -0.008583 -0.001717
1757664956.978219 -0.050164 0.009727 0.002480 -0.002861 0.017355 -0.001071 -0.032998 -0.001717 0.013924 -0.017357 -0.002018 0.005112 0.089074 -0.021172 0.002098 -0.000572 -0.055505 -1.011864 -0.935950 -0.415236 -1.416228 -0.008583 -0.001717
1757664956.980222 -0.050164 0.009727 0.002480 -0.002861 0.017355 -0.001071 -0.032998 -0.001717 0.013924 -0.017357 -0.002018 0.005112 0.089456 -0.021172 0.002098 -0.000572 -0.055505 -1.011864 -0.935950 -0.415236 -1.424239 -0.008583 -0.001717
1757664956.982236 -0.050164 0.009727 0.002480 -0.002861 0.017355 -0.001071 -0.032998 -0.001717 0.013924 -0.017357 -0.002018 0.005112 0.089837 -0.021172 0.002098 -0.000572 -0.055505 -1.011864 -0.935950 -0.415236 -1.431869 -0.008583 -0.001717
1757664956.984240 -0.050164 0.009727 0.002480 -0.002861 0.017355 -0.001071 -0.032998 -0.001717 0.013924 -0.017357 -0.002018 0.005112 0.089837 -0.021172 0.002098 -0.000572 -0.055505 -1.011864 -0.935950 -0.414855 -1.439498 -0.008583 -0.001717
1757664956.986236 -0.050164 0.009727 0.002480 -0.002861 0.017355 -0.001071 -0.032998 -0.001717 0.013924 -0.017357 -0.002018 0.005112 0.090219 -0.021172 0.002098 -0.000572 -0.055505 -1.011864 -0.935950 -0.414855 -1.447127 -0.008583 -0.001717
1757664956.988266 -0.050164 0.009727 0.002480 -0.002861 0.017355 -0.001071 -0.032998 -0.001717 0.013924 -0.017357 -0.002018 0.005112 0.090219 -0.021172 0.002098 -0.000572 -0.055505 -1.011864 -0.935950 -0.414855 -1.454757 -0.008583 -0.001717
1757664956.990262 -0.050164 0.009346 0.002480 -0.002861 0.017355 -0.001071 -0.032998 -0.001717 0.013924 -0.017357 -0.002018 0.005112 0.090600 -0.021172 0.002098 -0.000572 -0.055505 -1.011864 -0.935950 -0.414855 -1.462386 -0.008583 -0.001717
1757664956.992223 -0.050164 0.009346 0.002480 -0.002861 0.017355 -0.001071 -0.032998 -0.001717 0.013924 -0.017357 -0.002018 0.005112 0.090981 -0.021172 0.002098 -0.000572 -0.055505 -1.011864 -0.935950 -0.414855 -1.470016 -0.008583 -0.001717
1757664956.994261 -0.050164 0.009346 0.002480 -0.002861 0.017355 -0.001071 -0.032998 -0.001717 0.013924 -0.017357 -0.002018 0.005112 0.090981 -0.021172 0.002098 -0.000572 -0.055505 -1.011864 -0.935950 -0.414855 -1.477264 -0.008583 -0.001717
1757664956.996238 -0.050164 0.009346 0.002480 -0.002861 0.017355 -0.001071 -0.032998 -0.001717 0.013924 -0.017357 -0.002018 0.005112 0.091363 -0.021172 0.002098 -0.000572 -0.055505 -1.011864 -0.935950 -0.414474 -1.484894 -0.008583 -0.001717
1757664956.998238 -0.050164 0.009346 0.002480 -0.002861 0.017220 -0.000818 -0.032998 -0.001717 0.013924 -0.017357 -0.002018 0.005112 0.091363 -0.020790 0.002098 -0.000572 -0.055505 -1.011864 -0.935950 -0.414474 -1.492523 -0.008583 -0.001717
1757664957.000249 -0.050164 0.009346 0.002480 -0.002861 0.017220 -0.000818 -0.032998 -0.001717 0.013924 -0.017357 -0.002018 0.005112 0.091744 -0.020790 0.002098 -0.000572 -0.055505 -1.011864 -0.935950 -0.414474 -1.500153 -0.008583 -0.001717
1757664957.002235 -0.050164 0.009346 0.002480 -0.002861 0.017220 -0.000818 -0.032998 -0.001717 0.013924 -0.017357 -0.002018 0.005112 0.091744 -0.020790 0.002098 -0.000572 -0.055505 -1.011864 -0.935950 -0.414474 -1.507401 -0.008583 -0.001717
1757664957.004270 -0.050164 0.009346 0.002480 -0.002861 0.017220 -0.000818 -0.032998 -0.001717 0.013924 -0.017357 -0.002018 0.005112 0.092126 -0.020790 0.002098 -0.000572 -0.055505 -1.011864 -0.935950 -0.414474 -1.515030 -0.008583 -0.001717
1757664957.006238 -0.050164 0.009346 0.002480 -0.002861 0.017220 -0.000818 -0.032998 -0.001717 0.013924 -0.017357 -0.002018 0.005112 0.092507 -0.020790 0.002098 -0.000572 -0.055505 -1.011864 -0.935950 -0.414474 -1.522659 -0.008583 -0.001717
1757664957.008237 -0.050164 0.008965 0.002480 -0.002861 0.017220 -0.000818 -0.032998 -0.001717 0.013924 -0.017357 -0.002018 0.005112 0.092507 -0.020790 0.002098 -0.000572 -0.055505 -1.011864 -0.935950 -0.414092 -1.529907 -0.008583 -0.001717
1757664957.010231 -0.050164 0.008965 0.002480 -0.002861 0.017220 -0.000818 -0.032998 -0.001717 0.013924 -0.017357 -0.002018 0.005112 0.092889 -0.020790 0.002098 -0.000572 -0.055505 -1.011864 -0.935950 -0.414092 -1.537538 -0.008583 -0.001717
1757664957.012240 -0.050164 0.008965 0.002480 -0.002861 0.017220 -0.000818 -0.032998 -0.001717 0.013924 -0.017357 -0.002018 0.005112 0.092889 -0.020790 0.002098 -0.000572 -0.055505 -1.011864 -0.935950 -0.414092 -1.544785 -0.008583 -0.001717
1757664957.014238 -0.050164 0.008965 0.002480 -0.002861 0.017220 -0.000818 -0.032998 -0.001717 0.013924 -0.017357 -0.002018 0.005112 0.093270 -0.020790 0.002098 -0.000572 -0.055505 -1.011864 -0.935950 -0.414092 -1.552033 -0.008583 -0.001717
1757664957.016252 -0.050164 0.008965 0.002480 -0.002861 0.017220 -0.000818 -0.032998 -0.002098 0.013924 -0.017357 -0.002018 0.005112 0.093270 -0.020790 0.001717 -0.000572 -0.055505 -1.011864 -0.935950 -0.414092 -1.559281 -0.008583 -0.001717
1757664957.018246 -0.050164 0.008965 0.002480 -0.002861 0.017220 -0.000818 -0.032998 -0.002098 0.013924 -0.017357 -0.002018 0.005112 0.093652 -0.020790 0.001717 -0.000572 -0.055505 -1.011864 -0.935950 -0.414092 -1.566529 -0.008583 -0.001717
1757664957.020271 -0.050164 0.008965 0.002480 -0.002861 0.017220 -0.000818 -0.032998 -0.002098 0.013924 -0.017357 -0.002018 0.005112 0.094034 -0.020790 0.001717 -0.000572 -0.055505 -1.011864 -0.935950 -0.413711 -1.573777 -0.008583 -0.001717
1757664957.022284 -0.050164 0.008965 0.002480 -0.002861 0.017220 -0.000818 -0.032998 -0.002098 0.013924 -0.017357 -0.002018 0.005112 0.094034 -0.020790 0.001717 -0.000572 -0.055505 -1.011864 -0.935950 -0.413711 -1.581025 -0.008583 -0.001717
1757664957.024257 -0.050164 0.008583 0.002480 -0.002861 0.017220 -0.000818 -0.032998 -0.002098 0.013924 -0.017357 -0.002018 0.005112 0.094416 -0.020790 0.001717 -0.000572 -0.055505 -1.011864 -0.935950 -0.413711 -1.588273 -0.008583 -0.001717
1757664957.026244 -0.050164 0.008583 0.002480 -0.002861 0.017220 -0.000818 -0.032998 -0.002098 0.013924 -0.017357 -0.002018 0.005112 0.094416 -0.020790 0.001717 -0.000572 -0.055505 -1.011864 -0.935950 -0.413329 -1.595140 -0.008583 -0.001717
1757664957.028233 -0.050164 0.008583 0.002480 -0.002861 0.017220 -0.000818 -0.032998 -0.002098 0.013924 -0.017357 -0.002018 0.005112 0.094797 -0.020790 0.001717 -0.000572 -0.055505 -1.011864 -0.935950 -0.413329 -1.602007 -0.008583 -0.001717
1757664957.030232 -0.050164 0.008583 0.002480 -0.002861 0.017085 -0.000566 -0.032998 -0.002098 0.013924 -0.017357 -0.002018 0.005112 0.094797 -0.020790 0.001717 -0.000572 -0.055505 -1.011864 -0.935950 -0.413329 -1.609255 -0.008583 -0.001717
1757664957.032235 -0.050164 0.008583 0.002480 -0.002861 0.017085 -0.000566 -0.032998 -0.002098 0.013924 -0.017357 -0.002018 0.005112 0.095179 -0.020790 0.001717 -0.000572 -0.055505 -1.011864 -0.935950 -0.412948 -1.616121 -0.008583 -0.001717
1757664957.034226 -0.050164 0.008583 0.002480 -0.002861 0.017085 -0.000566 -0.032998 -0.002098 0.013924 -0.017357 -0.002018 0.005112 0.095179 -0.020790 0.001717 -0.000572 -0.055505 -1.011864 -0.935950 -0.412948 -1.622988 -0.008583 -0.001717
1757664957.036228 -0.050164 0.008583 0.002480 -0.002861 0.017085 -0.000566 -0.032998 -0.002098 0.013924 -0.017357 -0.002018 0.005112 0.095560 -0.020790 0.001717 -0.000572 -0.055505 -1.011864 -0.935950 -0.412948 -1.629473 -0.008583 -0.001717
1757664957.038298 -0.050164 0.008583 0.002480 -0.002861 0.017085 -0.000566 -0.032998 -0.002098 0.013924 -0.017357 -0.002018 0.005112 0.095560 -0.020790 0.001717 -0.000572 -0.055505 -1.011864 -0.935950 -0.412566 -1.636721 -0.008583 -0.001717
1757664957.040236 -0.050164 0.008202 0.002480 -0.002861 0.017085 -0.000566 -0.032998 -0.002480 0.013924 -0.017357 -0.002018 0.005112 0.095942 -0.020790 0.001717 -0.000572 -0.055505 -1.011864 -0.935950 -0.412566 -1.643206 -0.008583 -0.001717
1757664957.042238 -0.050164 0.008202 0.002480 -0.002861 0.017085 -0.000566 -0.032998 -0.002480 0.013924 -0.017357 -0.002018 0.005112 0.095942 -0.020790 0.001717 -0.000572 -0.055505 -1.011482 -0.935950 -0.412185 -1.649691 -0.008583 -0.001717
1757664957.044234 -0.050164 0.008202 0.002480 -0.002861 0.017085 -0.000566 -0.032998 -0.002480 0.013924 -0.017357 -0.002018 0.005112 0.096323 -0.020790 0.001717 -0.000572 -0.055505 -1.011482 -0.935950 -0.412185 -1.656558 -0.008583 -0.001717
1757664957.046240 -0.050164 0.008202 0.002098 -0.002861 0.017085 -0.000566 -0.032998 -0.002480 0.013924 -0.017357 -0.002018 0.005112 0.096323 -0.020790 0.001335 -0.000572 -0.055505 -1.011482 -0.935950 -0.412185 -1.663043 -0.008583 -0.001717
1757664957.048231 -0.050164 0.008202 0.002098 -0.002861 0.017085 -0.000566 -0.032998 -0.002480 0.013924 -0.017357 -0.002018 0.005112 0.096704 -0.020790 0.001335 -0.000572 -0.055505 -1.011482 -0.935950 -0.411803 -1.669528 -0.008583 -0.001717
1757664957.050276 -0.050164 0.008202 0.002098 -0.002861 0.017085 -0.000566 -0.032998 -0.002480 0.013924 -0.017357 -0.002018 0.005112 0.096704 -0.020790 0.001335 -0.000572 -0.055505 -1.011482 -0.935950 -0.411803 -1.676013 -0.008583 -0.001717
1757664957.052242 -0.050164 0.007820 0.002098 -0.002861 0.017085 -0.000566 -0.032998 -0.002480 0.013924 -0.017357 -0.002018 0.005112 0.097086 -0.020790 0.001335 -0.000572 -0.055505 -1.011482 -0.935950 -0.411422 -1.682498 -0.008583 -0.001717
1757664957.054242 -0.050164 0.007820 0.002098 -0.002861 0.017085 -0.000566 -0.032998 -0.002861 0.013924 -0.017357 -0.002018 0.005112 0.097086 -0.020790 0.001335 -0.000572 -0.055505 -1.011482 -0.935950 -0.411422 -1.688601 -0.008583 -0.001717
1757664957.056225 -0.050164 0.007820 0.002098 -0.002861 0.016950 -0.000313 -0.032998 -0.002861 0.013924 -0.017357 -0.002018 0.005112 0.097086 -0.020790 0.001335 -0.000572 -0.055505 -1.011482 -0.935950 -0.411422 -1.694705 -0.008583 -0.001717
1757664957.058233 -0.050164 0.007820 0.002098 -0.002861 0.016950 -0.000313 -0.032998 -0.002861 0.013924 -0.017357 -0.002018 0.005112 0.097467 -0.020790 0.001335 -0.000572 -0.055505 -1.011482 -0.935950 -0.411040 -1.700809 -0.008583 -0.001717
1757664957.060228 -0.050164 0.007820 0.002098 -0.002861 0.016950 -0.000313 -0.032998 -0.002861 0.013924 -0.017357 -0.002018 0.005112 0.097467 -0.020790 0.001335 -0.000572 -0.055505 -1.011482 -0.935950 -0.411040 -1.706912 -0.008583 -0.001717
1757664957.062220 -0.050164 0.007820 0.002098 -0.002861 0.016950 -0.000313 -0.032998 -0.002861 0.013924 -0.017357 -0.002018 0.005112 0.097467 -0.020790 0.001335 -0.000572 -0.055505 -1.011482 -0.935569 -0.411040 -1.713016 -0.008583 -0.001717
1757664957.064228 -0.050164 0.007439 0.002098 -0.002861 0.016950 -0.000313 -0.032998 -0.002861 0.013924 -0.017357 -0.002018 0.005112 0.097849 -0.020790 0.001335 -0.000572 -0.055505 -1.011482 -0.935569 -0.411040 -1.718738 -0.008583 -0.001717
1757664957.066238 -0.050164 0.007439 0.002098 -0.002861 0.016950 -0.000313 -0.032998 -0.002861 0.013924 -0.017357 -0.002018 0.005112 0.097849 -0.020790 0.001335 -0.000572 -0.055505 -1.011101 -0.935569 -0.410659 -1.724842 -0.008583 -0.001717
1757664957.068238 -0.050164 0.007439 0.002098 -0.002861 0.016950 -0.000313 -0.032998 -0.003242 0.013924 -0.017357 -0.002018 0.005112 0.098230 -0.020790 0.001335 -0.000572 -0.055505 -1.011101 -0.935569 -0.410659 -1.730183 -0.008583 -0.001717
1757664957.070234 -0.050164 0.007439 0.002098 -0.002861 0.016950 -0.000313 -0.032998 -0.003242 0.013924 -0.017357 -0.002018 0.005112 0.098230 -0.020790 0.001335 -0.000572 -0.055505 -1.011101 -0.935569 -0.410659 -1.735905 -0.008583 -0.001717
1757664957.072230 -0.050164 0.007439 0.002098 -0.002861 0.016950 -0.000313 -0.032998 -0.003242 0.013924 -0.017357 -0.002018 0.005112 0.098230 -0.020790 0.001335 -0.000572 -0.055505 -1.011101 -0.935569 -0.410659 -1.741627 -0.008583 -0.001717
1757664957.074229 -0.050164 0.007439 0.002098 -0.002861 0.016950 -0.000313 -0.032998 -0.003242 0.013924 -0.017357 -0.002018 0.005112 0.098612 -0.020790 0.001335 -0.000572 -0.055505 -1.011101 -0.935569 -0.410659 -1.747349 -0.008583 -0.001717
1757664957.076238 -0.050164 0.007057 0.002098 -0.002861 0.016950 -0.000313 -0.032998 -0.003242 0.013924 -0.017357 -0.002018 0.005112 0.098612 -0.020790 0.001335 -0.000572 -0.055505 -1.011101 -0.935569 -0.410659 -1.752689 -0.008583 -0.001717
1757664957.078236 -0.050164 0.007057 0.002098 -0.002861 0.016950 -0.000313 -0.032998 -0.003624 0.013924 -0.017357 -0.002018 0.005112 0.098612 -0.020790 0.000954 -0.000572 -0.055505 -1.010719 -0.935569 -0.410659 -1.757648 -0.008583 -0.001717
1757664957.080269 -0.050164 0.007057 0.002098 -0.002861 0.016950 -0.000313 -0.032998 -0.003624 0.013924 -0.017357 -0.002018 0.005112 0.098993 -0.020790 0.000954 -0.000572 -0.055505 -1.010719 -0.935569 -0.410659 -1.762989 -0.008583 -0.001717
1757664957.082283 -0.050164 0.007057 0.002098 -0.002861 0.016815 -0.000060 -0.032998 -0.003624 0.013924 -0.017357 -0.002018 0.005112 0.098993 -0.020790 0.000954 -0.000572 -0.055505 -1.010719 -0.935569 -0.410659 -1.767948 -0.008583 -0.001717
1757664957.084251 -0.050164 0.007057 0.002098 -0.002861 0.016815 -0.000060 -0.032998 -0.003624 0.013924 -0.017357 -0.002018 0.005112 0.098993 -0.020790 0.000954 -0.000572 -0.055505 -1.010719 -0.935569 -0.410659 -1.772907 -0.008583 -0.001717
1757664957.086238 -0.050164 0.006676 0.002098 -0.002861 0.016815 -0.000060 -0.032998 -0.003624 0.013924 -0.017357 -0.002018 0.005112 0.099375 -0.020790 0.000954 -0.000572 -0.055505 -1.010338 -0.935569 -0.410659 -1.777866 -0.008583 -0.001717
1757664957.088280 -0.050164 0.006676 0.002098 -0.002861 0.016950 0.000196 -0.032998 -0.003624 0.013924 -0.017357 -0.002018 0.005112 0.099375 -0.020790 0.000954 -0.000572 -0.055505 -1.010338 -0.935569 -0.410659 -1.782445 -0.008583 -0.001717
1757664957.090247 -0.050164 0.006676 0.002098 -0.002861 0.016950 0.000196 -0.032998 -0.004005 0.013924 -0.017357 -0.002018 0.005112 0.099375 -0.020790 0.000954 -0.000572 -0.055505 -1.010338 -0.935569 -0.410659 -1.787023 -0.008583 -0.001717
1757664957.092238 -0.050164 0.006676 0.002098 -0.002861 0.016950 0.000196 -0.032998 -0.004005 0.013924 -0.017357 -0.002018 0.005112 0.099375 -0.020790 0.000954 -0.000572 -0.055505 -1.010338 -0.935569 -0.410659 -1.791600 -0.008583 -0.001717
1757664957.094261 -0.050164 0.006676 0.002098 -0.002861 0.016950 0.000196 -0.032998 -0.004005 0.013924 -0.017357 -0.002018 0.005112 0.099756 -0.020790 0.000954 -0.000572 -0.055505 -1.009956 -0.935569 -0.410659 -1.795796 -0.008583 -0.001717
1757664957.096238 -0.050164 0.006294 0.002098 -0.002861 0.016950 0.000196 -0.032998 -0.004005 0.013924 -0.017357 -0.002018 0.005112 0.099756 -0.020790 0.000954 -0.000572 -0.055505 -1.009956 -0.935569 -0.410659 -1.799993 -0.008583 -0.001717
1757664957.098230 -0.050164 0.006294 0.002098 -0.002861 0.016950 0.000196 -0.032998 -0.004005 0.013924 -0.017357 -0.002018 0.005112 0.099756 -0.020790 0.000954 -0.000572 -0.055505 -1.009956 -0.935569 -0.410659 -1.803807 -0.008583 -0.001717
1757664957.100228 -0.050164 0.006294 0.002098 -0.002861 0.016950 0.000196 -0.032998 -0.004005 0.013924 -0.017357 -0.002018 0.005112 0.099756 -0.020790 0.000954 -0.000572 -0.055505 -1.009575 -0.935569 -0.410659 -1.808003 -0.008583 -0.001717
1757664957.102242 -0.050164 0.006294 0.002098 -0.002861 0.016950 0.000196 -0.032998 -0.004387 0.013924 -0.017357 -0.002018 0.005112 0.100138 -0.020790 0.000954 -0.000572 -0.055505 -1.009575 -0.935569 -0.410659 -1.811818 -0.008583 -0.001717
1757664957.104226 -0.050164 0.006294 0.002098 -0.002861 0.016950 0.000196 -0.032998 -0.004387 0.013924 -0.017357 -0.002018 0.005112 0.100138 -0.020790 0.000572 -0.000572 -0.055505 -1.009193 -0.935569 -0.410659 -1.815251 -0.008583 -0.001717
1757664957.106220 -0.050164 0.006294 0.002098 -0.002861 0.016950 0.000196 -0.032998 -0.004387 0.013924 -0.017357 -0.002018 0.005112 0.100138 -0.020790 0.000572 -0.000572 -0.055505 -1.009193 -0.935569 -0.410659 -1.819066 -0.008583 -0.001717
1757664957.108275 -0.050164 0.005913 0.002098 -0.002861 0.016950 0.000196 -0.032998 -0.004387 0.013924 -0.017357 -0.002018 0.005112 0.100138 -0.020790 0.000572 -0.000572 -0.055505 -1.008812 -0.935569 -0.410659 -1.822499 -0.008583 -0.001717
1757664957.110226 -0.050164 0.005913 0.002098 -0.002861 0.016950 0.000196 -0.032998 -0.004387 0.013924 -0.017357 -0.002018 0.005112 0.100138 -0.020790 0.000572 -0.000572 -0.055505 -1.008812 -0.935569 -0.410659 -1.825551 -0.008583 -0.001717
1757664957.112237 -0.050164 0.005913 0.002098 -0.002861 0.016950 0.000196 -0.032998 -0.004387 0.013924 -0.017357 -0.002018 0.005112 0.100138 -0.020790 0.000572 -0.000572 -0.055505 -1.008430 -0.935569 -0.411040 -1.828603 -0.008583 -0.001717
1757664957.114241 -0.050164 0.005913 0.002098 -0.002861 0.016950 0.000196 -0.032998 -0.004387 0.013924 -0.017357 -0.002018 0.005112 0.100138 -0.020790 0.000572 -0.000572 -0.055505 -1.008430 -0.935569 -0.411040 -1.831655 -0.008583 -0.001717
1757664957.116241 -0.050164 0.005913 0.002098 -0.002861 0.016950 0.000196 -0.032998 -0.004387 0.013924 -0.017357 -0.002018 0.005112 0.100138 -0.020790 0.000572 -0.000572 -0.055505 -1.008049 -0.935569 -0.411040 -1.834325 -0.008583 -0.001717
1757664957.118227 -0.050164 0.005913 0.002098 -0.002861 0.016950 0.000196 -0.032998 -0.004768 0.013924 -0.017357 -0.002018 0.005112 0.100138 -0.020790 0.000572 -0.000572 -0.055505 -1.007668 -0.935187 -0.411040 -1.836995 -0.008583 -0.001717
1757664957.120245 -0.050164 0.005913 0.001717 -0.002861 0.016950 0.000196 -0.032998 -0.004768 0.013924 -0.017357 -0.002018 0.005112 0.100138 -0.020790 0.000572 -0.000572 -0.055505 -1.007668 -0.935187 -0.411040 -1.839665 -0.008583 -0.001717
1757664957.122259 -0.050164 0.005913 0.001717 -0.002861 0.016950 0.000196 -0.032998 -0.004768 0.013924 -0.017357 -0.002018 0.005112 0.100519 -0.020790 0.000572 -0.000572 -0.055505 -1.007286 -0.935187 -0.411040 -1.841954 -0.008583 -0.001717
1757664957.124236 -0.050164 0.005531 0.001717 -0.002861 0.016950 0.000196 -0.032998 -0.004768 0.013924 -0.017357 -0.002018 0.005112 0.100519 -0.020790 0.000572 -0.000572 -0.055505 -1.006905 -0.935187 -0.411040 -1.844244 -0.008583 -0.001717
1757664957.126237 -0.050164 0.005531 0.001717 -0.002861 0.016950 0.000196 -0.032998 -0.004768 0.013924 -0.017357 -0.002018 0.005112 0.100519 -0.020790 0.000572 -0.000572 -0.055505 -1.006905 -0.935187 -0.411040 -1.846533 -0.008583 -0.001717
1757664957.128215 -0.050164 0.005531 0.001717 -0.002861 0.016815 0.000449 -0.032998 -0.004768 0.013924 -0.017357 -0.002018 0.005112 0.100138 -0.020790 0.000572 -0.000572 -0.055505 -1.006523 -0.935187 -0.411040 -1.848440 -0.008583 -0.001717
1757664957.130254 -0.050164 0.005531 0.001717 -0.002861 0.016815 0.000449 -0.032998 -0.004768 0.013924 -0.017357 -0.002018 0.005112 0.100138 -0.020790 0.000572 -0.000572 -0.055505 -1.006142 -0.935187 -0.411040 -1.849966 -0.008583 -0.001717
1757664957.132237 -0.050164 0.005531 0.001717 -0.002861 0.016815 0.000449 -0.032998 -0.004768 0.013924 -0.017357 -0.002018 0.005112 0.100138 -0.020790 0.000572 -0.000572 -0.055505 -1.005760 -0.935187 -0.411040 -1.851873 -0.008583 -0.001717
1757664957.134233 -0.050164 0.005531 0.001717 -0.002861 0.016815 0.000449 -0.032998 -0.004768 0.013924 -0.017357 -0.002018 0.005112 0.100138 -0.020790 0.000572 -0.000572 -0.055505 -1.005760 -0.935187 -0.411040 -1.853399 -0.008583 -0.001717
1757664957.136254 -0.050164 0.005531 0.001717 -0.002861 0.016815 0.000449 -0.032998 -0.004768 0.013924 -0.017357 -0.002018 0.005112 0.100138 -0.020790 0.000572 -0.000572 -0.055505 -1.005379 -0.935187 -0.411040 -1.854925 -0.008583 -0.001717
1757664957.138237 -0.050164 0.005531 0.001717 -0.002861 0.016815 0.000449 -0.032998 -0.004768 0.013924 -0.017357 -0.002018 0.005112 0.100138 -0.020790 0.000572 -0.000572 -0.055505 -1.004997 -0.935187 -0.411040 -1.855688 -0.008583 -0.001717
1757664957.140231 -0.050164 0.005531 0.001717 -0.002861 0.016815 0.000449 -0.032998 -0.004768 0.013924 -0.017357 -0.002018 0.005112 0.100138 -0.020790 0.000572 -0.000572 -0.055505 -1.004997 -0.935187 -0.411040 -1.856451 -0.008583 -0.001717
1757664957.142217 -0.050164 0.005531 0.001717 -0.002861 0.016815 0.000449 -0.032998 -0.004768 0.013924 -0.017357 -0.002018 0.005112 0.100138 -0.020790 0.000572 -0.000572 -0.055505 -1.004616 -0.935187 -0.411422 -1.857214 -0.008583 -0.001717
1757664957.144248 -0.050164 0.005531 0.001717 -0.002861 0.016815 0.000449 -0.032998 -0.004768 0.013924 -0.017357 -0.002018 0.005112 0.100138 -0.020790 0.000572 -0.000572 -0.055505 -1.004234 -0.935187 -0.411422 -1.857595 -0.008583 -0.001717
1757664957.146247 -0.050164 0.005531 0.001717 -0.002861 0.016815 0.000449 -0.032998 -0.004768 0.013924 -0.017357 -0.002018 0.005112 0.100138 -0.020790 0.000572 -0.000572 -0.055505 -1.003853 -0.935187 -0.411422 -1.857977 -0.008583 -0.001717
1757664957.148235 -0.050164 0.005531 0.001717 -0.002861 0.016815 0.000449 -0.032998 -0.004768 0.013924 -0.017357 -0.002018 0.005112 0.100138 -0.020790 0.000572 -0.000572 -0.055505 -1.003853 -0.935187 -0.411422 -1.857977 -0.008583 -0.001717
1757664957.150331 -0.050164 0.005531 0.001717 -0.002861 0.016815 0.000449 -0.032998 -0.004768 0.013924 -0.017357 -0.002018 0.005112 0.100138 -0.020790 0.000572 -0.000572 -0.055505 -1.003471 -0.935187 -0.411422 -1.857977 -0.008583 -0.001717
1757664957.152273 -0.050164 0.005531 0.001717 -0.002861 0.016815 0.000449 -0.032998 -0.004768 0.013924 -0.017357 -0.002018 0.005112 0.100138 -0.020790 0.000572 -0.000572 -0.055505 -1.003090 -0.935187 -0.411422 -1.857977 -0.008583 -0.001717
1757664957.154272 -0.050164 0.005531 0.002098 -0.002861 0.016815 0.000449 -0.032998 -0.005150 0.013924 -0.017357 -0.002018 0.005112 0.100138 -0.020409 0.000572 -0.000572 -0.055505 -1.002708 -0.935187 -0.411422 -1.857595 -0.008583 -0.001717
1757664957.156262 -0.050164 0.005531 0.002098 -0.002861 0.016815 0.000449 -0.032998 -0.005150 0.013924 -0.017357 -0.002018 0.005112 0.100138 -0.020409 0.000572 -0.000572 -0.055505 -1.002708 -0.935187 -0.411422 -1.857214 -0.008583 -0.001717
1757664957.158280 -0.050164 0.005531 0.002098 -0.002861 0.016815 0.000449 -0.032998 -0.005150 0.013924 -0.017357 -0.002018 0.005112 0.100138 -0.020409 0.000572 -0.000572 -0.055505 -1.002327 -0.935187 -0.411422 -1.856451 -0.008583 -0.001717
1757664957.160267 -0.050164 0.005531 0.002098 -0.002861 0.016815 0.000449 -0.032998 -0.005150 0.013924 -0.017357 -0.002018 0.005112 0.100138 -0.020409 0.000572 -0.000572 -0.055505 -1.001945 -0.935187 -0.411422 -1.855688 -0.008583 -0.001717
1757664957.162323 -0.050164 0.005531 0.002098 -0.002861 0.016815 0.000449 -0.032998 -0.005150 0.013924 -0.017357 -0.002018 0.005112 0.100138 -0.020409 0.000572 -0.000572 -0.055505 -1.001564 -0.935187 -0.411422 -1.854925 -0.008583 -0.001717
1757664957.164299 -0.050164 0.005531 0.002098 -0.002861 0.016815 0.000449 -0.032998 -0.005150 0.013924 -0.017357 -0.002018 0.005112 0.100138 -0.020409 0.000572 -0.000572 -0.055505 -1.001183 -0.935187 -0.411422 -1.853781 -0.008583 -0.001717
1757664957.166270 -0.050164 0.005531 0.002098 -0.002861 0.016815 0.000449 -0.032998 -0.005150 0.013924 -0.017357 -0.002018 0.005112 0.100138 -0.020409 0.000572 -0.000572 -0.055123 -1.000801 -0.935187 -0.411422 -1.852636 -0.008583 -0.001717
1757664957.168265 -0.050164 0.005531 0.002098 -0.002861 0.016815 0.000449 -0.032998 -0.005150 0.013924 -0.017357 -0.002018 0.005112 0.100138 -0.020409 0.000572 -0.000572 -0.055123 -1.000420 -0.935187 -0.411803 -1.851110 -0.008583 -0.001717
1757664957.170306 -0.050164 0.005531 0.002098 -0.002861 0.016815 0.000449 -0.032998 -0.005150 0.013924 -0.017357 -0.002018 0.005112 0.100138 -0.020409 0.000572 -0.000572 -0.055123 -1.000038 -0.935187 -0.411803 -1.849585 -0.008583 -0.001717
1757664957.172276 -0.050164 0.005531 0.002098 -0.002861 0.016815 0.000449 -0.032998 -0.005150 0.013924 -0.017357 -0.002018 0.005112 0.100138 -0.020409 0.000572 -0.000572 -0.055123 -0.999657 -0.935187 -0.411803 -1.848059 -0.008583 -0.001717
1757664957.174272 -0.050164 0.005531 0.002098 -0.002861 0.016815 0.000449 -0.032998 -0.005150 0.013924 -0.017357 -0.002018 0.005112 0.100138 -0.020409 0.000572 -0.000572 -0.055123 -0.999275 -0.935187 -0.411803 -1.846151 -0.008583 -0.001717
1757664957.176293 -0.050164 0.005531 0.002098 -0.002861 0.016815 0.000449 -0.032998 -0.005150 0.013924 -0.017357 -0.002018 0.005112 0.100138 -0.020409 0.000572 -0.000572 -0.055123 -0.998894 -0.935187 -0.411803 -1.844625 -0.008583 -0.001717
1757664957.178285 -0.050164 0.005531 0.002098 -0.002861 0.016815 0.000449 -0.032998 -0.005150 0.013924 -0.017357 -0.002018 0.005112 0.100138 -0.020409 0.000572 -0.000572 -0.055123 -0.998512 -0.935187 -0.412185 -1.842336 -0.008583 -0.001717
1757664957.180270 -0.050164 0.005531 0.002098 -0.002861 0.016815 0.000449 -0.032998 -0.005150 0.013924 -0.017357 -0.002018 0.005112 0.100138 -0.020409 0.000572 -0.000572 -0.055123 -0.998131 -0.935187 -0.412185 -1.840428 -0.008583 -0.001717
1757664957.182284 -0.050164 0.005531 0.002098 -0.002861 0.016815 0.000449 -0.032998 -0.005150 0.013924 -0.017357 -0.002018 0.005112 0.100138 -0.020409 0.000572 -0.000572 -0.055123 -0.997749 -0.935187 -0.412185 -1.838140 -0.008583 -0.001717
1757664957.184318 -0.050164 0.005531 0.002098 -0.002861 0.016815 0.000449 -0.032998 -0.005150 0.013924 -0.017357 -0.002018 0.005112 0.100138 -0.020409 0.000572 -0.000572 -0.055123 -0.997368 -0.935187 -0.412185 -1.835469 -0.008583 -0.001717
1757664957.186277 -0.050164 0.005531 0.002098 -0.002861 0.016815 0.000449 -0.032998 -0.004768 0.013924 -0.017357 -0.002018 0.005112 0.100138 -0.020409 0.000572 -0.000572 -0.055123 -0.996986 -0.935187 -0.412566 -1.833180 -0.008583 -0.001717
1757664957.188273 -0.050164 0.005531 0.002098 -0.002861 0.016815 0.000449 -0.032998 -0.004768 0.013924 -0.017357 -0.002018 0.005112 0.100138 -0.020409 0.000572 -0.000572 -0.055123 -0.996605 -0.935187 -0.412566 -1.830510 -0.008583 -0.001717
1757664957.190283 -0.050164 0.005531 0.002098 -0.002861 0.016815 0.000449 -0.032998 -0.004768 0.013924 -0.017357 -0.002018 0.005112 0.100138 -0.020409 0.000572 -0.000572 -0.055123 -0.996223 -0.935187 -0.412566 -1.827840 -0.008583 -0.001717
1757664957.192277 -0.050164 0.005531 0.002098 -0.002861 0.016815 0.000449 -0.032998 -0.004768 0.013924 -0.017357 -0.002018 0.005112 0.100138 -0.020409 0.000572 -0.000572 -0.055123 -0.995461 -0.935187 -0.412566 -1.824788 -0.008583 -0.001717
1757664957.194271 -0.050164 0.005531 0.002098 -0.002861 0.016815 0.000449 -0.032998 -0.004768 0.013924 -0.017357 -0.002018 0.005112 0.100138 -0.020409 0.000572 -0.000572 -0.055123 -0.995079 -0.935187 -0.412566 -1.821736 -0.008583 -0.001717
1757664957.196264 -0.050164 0.005531 0.002098 -0.002861 0.016815 0.000449 -0.032998 -0.004768 0.013924 -0.017357 -0.002018 0.005112 0.100138 -0.020409 0.000572 -0.000572 -0.055123 -0.994698 -0.935187 -0.412948 -1.818685 -0.008583 -0.001717
1757664957.198269 -0.050164 0.005531 0.002098 -0.002861 0.016815 0.000449 -0.032998 -0.004768 0.013924 -0.017357 -0.002018 0.005112 0.099756 -0.020409 0.000572 -0.000572 -0.055123 -0.994316 -0.935187 -0.412948 -1.815251 -0.008583 -0.001717
1757664957.200277 -0.050164 0.005531 0.002098 -0.002861 0.016815 0.000449 -0.032998 -0.004768 0.013924 -0.017357 -0.002018 0.005112 0.099756 -0.020409 0.000572 -0.000572 -0.055123 -0.993935 -0.935187 -0.412948 -1.812200 -0.008583 -0.001717
1757664957.202271 -0.050164 0.005531 0.002098 -0.002861 0.016815 0.000449 -0.032998 -0.004768 0.013924 -0.017357 -0.002018 0.005112 0.099756 -0.020409 0.000572 -0.000572 -0.055123 -0.993553 -0.935187 -0.412948 -1.808385 -0.008583 -0.001717
1757664957.204271 -0.050164 0.005531 0.002098 -0.002861 0.016815 0.000449 -0.032998 -0.004768 0.013924 -0.017357 -0.002018 0.005112 0.099756 -0.020409 0.000572 -0.000572 -0.055123 -0.993172 -0.935187 -0.412948 -1.804952 -0.008583 -0.001717
1757664957.206274 -0.050164 0.005531 0.002098 -0.002861 0.016815 0.000449 -0.032998 -0.004768 0.013924 -0.017357 -0.002018 0.005112 0.099375 -0.020409 0.000572 -0.000572 -0.055123 -0.992790 -0.935187 -0.413329 -1.801518 -0.008583 -0.001717
1757664957.208287 -0.050164 0.005531 0.002098 -0.002861 0.016815 0.000449 -0.032998 -0.004768 0.013924 -0.017357 -0.002018 0.005112 0.099375 -0.020409 0.000572 -0.000572 -0.055123 -0.992409 -0.935187 -0.413329 -1.797704 -0.008583 -0.001717
1757664957.210274 -0.050164 0.005531 0.002098 -0.002861 0.016815 0.000449 -0.032998 -0.004768 0.013924 -0.017357 -0.002018 0.005112 0.099375 -0.020409 0.000572 -0.000572 -0.055123 -0.992027 -0.935187 -0.413329 -1.793889 -0.008583 -0.001717
1757664957.212314 -0.050164 0.005531 0.002098 -0.002861 0.016815 0.000449 -0.032998 -0.004768 0.013924 -0.017357 -0.002018 0.005112 0.098993 -0.020409 0.000572 -0.000572 -0.055123 -0.991264 -0.935187 -0.413329 -1.789693 -0.008583 -0.001717
1757664957.214297 -0.050164 0.005531 0.002098 -0.002861 0.016815 0.000449 -0.032998 -0.004768 0.013924 -0.017357 -0.002018 0.005112 0.098993 -0.020409 0.000572 -0.000572 -0.055123 -0.990883 -0.935187 -0.413711 -1.785497 -0.008583 -0.001717
1757664957.216232 -0.050164 0.005531 0.002098 -0.002861 0.016815 0.000449 -0.032998 -0.004768 0.013924 -0.017357 -0.002018 0.005112 0.098993 -0.020409 0.000572 -0.000572 -0.055123 -0.990501 -0.935187 -0.413711 -1.781301 -0.008583 -0.001717
1757664957.218234 -0.050164 0.005531 0.002098 -0.002861 0.016815 0.000449 -0.032998 -0.004768 0.013924 -0.017357 -0.002018 0.005112 0.098993 -0.020409 0.000572 -0.000572 -0.055123 -0.990120 -0.935187 -0.413711 -1.777103 -0.008583 -0.001717
1757664957.220234 -0.050164 0.005531 0.002098 -0.002861 0.016815 0.000449 -0.032998 -0.004768 0.013924 -0.017357 -0.002018 0.005112 0.098612 -0.020409 0.000572 -0.000572 -0.055123 -0.989738 -0.935187 -0.413711 -1.772526 -0.008583 -0.001717
1757664957.222226 -0.050164 0.005531 0.002098 -0.002861 0.016815 0.000449 -0.032998 -0.004768 0.013924 -0.017357 -0.002018 0.005112 0.098612 -0.020409 0.000572 -0.000572 -0.055123 -0.989357 -0.935187 -0.413711 -1.767948 -0.008583 -0.001717
1757664957.224224 -0.050164 0.005531 0.002098 -0.002861 0.016815 0.000449 -0.032998 -0.004768 0.013924 -0.017357 -0.002018 0.005112 0.098612 -0.020409 0.000572 -0.000572 -0.055123 -0.988976 -0.935187 -0.414092 -1.763371 -0.008583 -0.001717
1757664957.226234 -0.050164 0.005531 0.002098 -0.002861 0.016815 0.000449 -0.032998 -0.004768 0.013924 -0.017357 -0.002018 0.005112 0.098230 -0.020409 0.000572 -0.000572 -0.055123 -0.988213 -0.935187 -0.414092 -1.758793 -0.008583 -0.001717
1757664957.228230 -0.050164 0.005531 0.002098 -0.002861 0.016815 0.000449 -0.032998 -0.004768 0.013924 -0.017357 -0.002018 0.005112 0.098230 -0.020409 0.000572 -0.000572 -0.055123 -0.987831 -0.935187 -0.414092 -1.753834 -0.008583 -0.001717
1757664957.230220 -0.050164 0.005531 0.002098 -0.002861 0.016815 0.000449 -0.032998 -0.004768 0.013924 -0.017357 -0.002018 0.005112 0.098230 -0.020409 0.000572 -0.000572 -0.055123 -0.987450 -0.935187 -0.414092 -1.748875 -0.008583 -0.001717
1757664957.232222 -0.050164 0.005531 0.002098 -0.002861 0.016815 0.000449 -0.032998 -0.004768 0.013924 -0.017357 -0.002018 0.005112 0.098230 -0.020409 0.000572 -0.000572 -0.055123 -0.987068 -0.935187 -0.414092 -1.744297 -0.008583 -0.001717
1757664957.234239 -0.050164 0.005531 0.002098 -0.002861 0.016815 0.000449 -0.032998 -0.004768 0.013924 -0.017357 -0.002018 0.005112 0.097849 -0.020409 0.000572 -0.000572 -0.055123 -0.986687 -0.935187 -0.414092 -1.738956 -0.008583 -0.001717
1757664957.236225 -0.050164 0.005531 0.002098 -0.002861 0.016815 0.000449 -0.032998 -0.004768 0.013924 -0.017357 -0.002018 0.005112 0.097849 -0.020409 0.000572 -0.000572 -0.055123 -0.986305 -0.935187 -0.414092 -1.733997 -0.008583 -0.001717
1757664957.238360 -0.050164 0.005531 0.002098 -0.002861 0.016815 0.000449 -0.032998 -0.004768 0.013924 -0.017357 -0.002018 0.005112 0.097849 -0.020409 0.000572 -0.000572 -0.055123 -0.985924 -0.935187 -0.414092 -1.728657 -0.008583 -0.001717
1757664957.240282 -0.050164 0.005531 0.002098 -0.002861 0.016815 0.000449 -0.032998 -0.004768 0.013924 -0.017357 -0.002018 0.005112 0.097467 -0.020409 0.000572 -0.000572 -0.055123 -0.985542 -0.935187 -0.414092 -1.723698 -0.008583 -0.001717
1757664957.242264 -0.050164 0.005531 0.002098 -0.002861 0.016815 0.000449 -0.032998 -0.004768 0.013924 -0.017357 -0.002018 0.005112 0.097467 -0.020409 0.000572 -0.000572 -0.055123 -0.985161 -0.935187 -0.414092 -1.717975 -0.008583 -0.001717
1757664957.244238 -0.050164 0.005531 0.002098 -0.002861 0.016815 0.000449 -0.032998 -0.004768 0.013924 -0.017357 -0.002018 0.005112 0.097467 -0.020409 0.000572 -0.000572 -0.055123 -0.984779 -0.935187 -0.414092 -1.712634 -0.008583 -0.001717
1757664957.246245 -0.050164 0.005531 0.002098 -0.002861 0.016815 0.000449 -0.032998 -0.004768 0.013924 -0.017357 -0.002018 0.005112 0.097086 -0.020409 0.000954 -0.000572 -0.055123 -0.984398 -0.935187 -0.414092 -1.707294 -0.008583 -0.001717
1757664957.248248 -0.050164 0.005531 0.002098 -0.002861 0.016815 0.000449 -0.032998 -0.004768 0.013924 -0.017357 -0.002018 0.005112 0.097086 -0.020409 0.000954 -0.000572 -0.055123 -0.984016 -0.935187 -0.414092 -1.701571 -0.008583 -0.001717
1757664957.250230 -0.050164 0.005531 0.002098 -0.002861 0.016815 0.000449 -0.032998 -0.004768 0.013924 -0.017357 -0.002018 0.005112 0.097086 -0.020409 0.000954 -0.000572 -0.055123 -0.984016 -0.935187 -0.414092 -1.695849 -0.008583 -0.001717
1757664957.252248 -0.050164 0.005531 0.002098 -0.002861 0.016815 0.000449 -0.032998 -0.004768 0.013924 -0.017357 -0.002018 0.005112 0.097086 -0.020409 0.000954 -0.000572 -0.055123 -0.983635 -0.935187 -0.414092 -1.690127 -0.008583 -0.001717
1757664957.254232 -0.050164 0.005531 0.002098 -0.002861 0.016815 0.000449 -0.032998 -0.004768 0.013924 -0.017357 -0.002018 0.005112 0.096704 -0.020409 0.000954 -0.000572 -0.055123 -0.983253 -0.935187 -0.414092 -1.684024 -0.008583 -0.001717
1757664957.256233 -0.050164 0.005531 0.002098 -0.002861 0.016815 0.000449 -0.032998 -0.004768 0.013924 -0.017357 -0.002018 0.005112 0.096704 -0.020409 0.000954 -0.000572 -0.055123 -0.983253 -0.935187 -0.414092 -1.678302 -0.008583 -0.001717
1757664957.258233 -0.050164 0.005531 0.002098 -0.002861 0.016815 0.000449 -0.032998 -0.004768 0.013924 -0.017357 -0.002018 0.005112 0.096704 -0.020409 0.000954 -0.000572 -0.055123 -0.982872 -0.935187 -0.414092 -1.672198 -0.008583 -0.001717
1757664957.260230 -0.050164 0.005531 0.002098 -0.002861 0.016815 0.000449 -0.032998 -0.004768 0.013924 -0.017357 -0.002018 0.005112 0.096323 -0.020409 0.000954 -0.000572 -0.055123 -0.982491 -0.935187 -0.414092 -1.666095 -0.008583 -0.001717
1757664957.262228 -0.050164 0.005531 0.002098 -0.002861 0.016815 0.000449 -0.032998 -0.004768 0.013924 -0.017357 -0.002018 0.005112 0.096323 -0.020409 0.000954 -0.000572 -0.055123 -0.982491 -0.935187 -0.414092 -1.659991 -0.008583 -0.001717
1757664957.264232 -0.050164 0.005531 0.002098 -0.002861 0.016815 0.000449 -0.032998 -0.004768 0.013924 -0.017357 -0.002018 0.005112 0.096323 -0.020409 0.000954 -0.000572 -0.055123 -0.982491 -0.935187 -0.414092 -1.653887 -0.008583 -0.001717
1757664957.266246 -0.050164 0.005531 0.002098 -0.002861 0.016815 0.000449 -0.032998 -0.004768 0.013924 -0.017357 -0.002018 0.005112 0.096323 -0.020409 0.000954 -0.000572 -0.055123 -0.982109 -0.935187 -0.414092 -1.647402 -0.008583 -0.001717
1757664957.268234 -0.050164 0.005531 0.002098 -0.002861 0.016815 0.000449 -0.032998 -0.004768 0.013924 -0.017357 -0.002018 0.005112 0.095942 -0.020409 0.000954 -0.000572 -0.055123 -0.982109 -0.935187 -0.414092 -1.641298 -0.008583 -0.001717
1757664957.270245 -0.050164 0.005531 0.002098 -0.002861 0.016815 0.000449 -0.032998 -0.004768 0.013924 -0.017357 -0.002018 0.005112 0.095942 -0.020409 0.000954 -0.000572 -0.055123 -0.982109 -0.935187 -0.414092 -1.634432 -0.008583 -0.001717
1757664957.272234 -0.050164 0.005531 0.002098 -0.002861 0.016815 0.000449 -0.032998 -0.004768 0.013924 -0.017357 -0.002018 0.005112 0.095942 -0.020409 0.000954 -0.000572 -0.055123 -0.982109 -0.935187 -0.414092 -1.627947 -0.008583 -0.001717
1757664957.274231 -0.050164 0.005531 0.002098 -0.002861 0.016815 0.000449 -0.032998 -0.004768 0.013924 -0.017357 -0.002018 0.005112 0.095942 -0.020409 0.000954 -0.000572 -0.055123 -0.981728 -0.935569 -0.414092 -1.621462 -0.008583 -0.001717
1757664957.276258 -0.050164 0.005531 0.002098 -0.002861 0.016815 0.000449 -0.032998 -0.004768 0.013924 -0.017357 -0.002018 0.005112 0.095560 -0.020409 0.000954 -0.000572 -0.055123 -0.981728 -0.935569 -0.414092 -1.614977 -0.008583 -0.001717
1757664957.278229 -0.050164 0.005531 0.002098 -0.002861 0.016815 0.000449 -0.032998 -0.004768 0.013924 -0.017357 -0.002018 0.005112 0.095560 -0.020409 0.000954 -0.000572 -0.055123 -0.981728 -0.935569 -0.414092 -1.608110 -0.008583 -0.001717
1757664957.280237 -0.050164 0.005531 0.002098 -0.002861 0.016815 0.000449 -0.032998 -0.004768 0.013924 -0.017357 -0.002018 0.005112 0.095560 -0.020409 0.000954 -0.000572 -0.055123 -0.981728 -0.935569 -0.414092 -1.601244 -0.008583 -0.001717
1757664957.282230 -0.050164 0.005531 0.002098 -0.002861 0.016815 0.000449 -0.032998 -0.004768 0.013924 -0.017357 -0.002018 0.005112 0.095560 -0.020409 0.000954 -0.000572 -0.055123 -0.981728 -0.935569 -0.414092 -1.594378 -0.008583 -0.001717
1757664957.284230 -0.050164 0.005531 0.002098 -0.002861 0.016815 0.000449 -0.032998 -0.004768 0.013924 -0.017357 -0.002018 0.005112 0.095560 -0.020409 0.000954 -0.000572 -0.055123 -0.981728 -0.935569 -0.414092 -1.587510 -0.008583 -0.001717
1757664957.286232 -0.050164 0.005531 0.002098 -0.002861 0.016815 0.000449 -0.032998 -0.004768 0.013924 -0.017357 -0.002018 0.005112 0.095179 -0.020409 0.000954 -0.000572 -0.055123 -0.982109 -0.935569 -0.414092 -1.580644 -0.008583 -0.001717
1757664957.288236 -0.050164 0.005531 0.002098 -0.002861 0.016815 0.000449 -0.032998 -0.004768 0.013924 -0.017357 -0.002018 0.005112 0.095179 -0.020409 0.000954 -0.000572 -0.055123 -0.982109 -0.935569 -0.414092 -1.573396 -0.008583 -0.001717
1757664957.290235 -0.050164 0.005531 0.002098 -0.002861 0.016815 0.000449 -0.032998 -0.004768 0.013924 -0.017357 -0.002018 0.005112 0.095179 -0.020409 0.000954 -0.000572 -0.055123 -0.982109 -0.935569 -0.414092 -1.566529 -0.008583 -0.001717
1757664957.292234 -0.050164 0.005531 0.002098 -0.002861 0.016815 0.000449 -0.032998 -0.004768 0.013924 -0.017357 -0.002018 0.005112 0.095179 -0.020409 0.000954 -0.000572 -0.055123 -0.982109 -0.935569 -0.414092 -1.559663 -0.008583 -0.001717
1757664957.294232 -0.050164 0.005531 0.002098 -0.002861 0.016815 0.000449 -0.032998 -0.004768 0.013924 -0.017357 -0.002018 0.005112 0.094797 -0.020409 0.000954 -0.000572 -0.055123 -0.982109 -0.935569 -0.414092 -1.552415 -0.008583 -0.001717
1757664957.296230 -0.050164 0.005531 0.002098 -0.002861 0.016815 0.000449 -0.032998 -0.004768 0.013924 -0.017357 -0.002018 0.005112 0.094797 -0.020409 0.000954 -0.000572 -0.055123 -0.982491 -0.935569 -0.414092 -1.545167 -0.008583 -0.001717
1757664957.298260 -0.050164 0.005531 0.002098 -0.002861 0.016815 0.000449 -0.032998 -0.004768 0.013924 -0.017357 -0.002018 0.005112 0.094797 -0.020409 0.000954 -0.000572 -0.055123 -0.982491 -0.935569 -0.414092 -1.537919 -0.008583 -0.001717
1757664957.300244 -0.050164 0.005531 0.002098 -0.002861 0.016815 0.000449 -0.032998 -0.004768 0.013924 -0.017357 -0.002018 0.005112 0.094797 -0.020409 0.000954 -0.000572 -0.055123 -0.982491 -0.935569 -0.414092 -1.530670 -0.008583 -0.001717
1757664957.302245 -0.050164 0.005531 0.002098 -0.002861 0.016815 0.000449 -0.032998 -0.004768 0.013924 -0.017357 -0.002018 0.005112 0.094416 -0.020409 0.000954 -0.000572 -0.055123 -0.982491 -0.935950 -0.414092 -1.523422 -0.008583 -0.001717
1757664957.304236 -0.050164 0.005531 0.002098 -0.002861 0.016815 0.000449 -0.032998 -0.004387 0.013924 -0.017357 -0.002018 0.005112 0.094416 -0.020409 0.000954 -0.000572 -0.055123 -0.982872 -0.935950 -0.414092 -1.516174 -0.008583 -0.001717
1757664957.306228 -0.050164 0.005531 0.002098 -0.002861 0.016815 0.000449 -0.032998 -0.004768 0.013924 -0.017357 -0.002018 0.005112 0.094416 -0.020409 0.000954 -0.000572 -0.055123 -0.982872 -0.935950 -0.414092 -1.508926 -0.008583 -0.001717
1757664957.308231 -0.050164 0.005531 0.002098 -0.002861 0.016815 0.000449 -0.032998 -0.004387 0.013924 -0.017357 -0.002018 0.005112 0.094416 -0.020409 0.000954 -0.000572 -0.055123 -0.983253 -0.935950 -0.414092 -1.501678 -0.008583 -0.001717
1757664957.310288 -0.050164 0.005531 0.002098 -0.002861 0.016815 0.000449 -0.032998 -0.004387 0.013924 -0.017357 -0.002018 0.005112 0.094416 -0.020409 0.000954 -0.000572 -0.055123 -0.983253 -0.935950 -0.414092 -1.494431 -0.008583 -0.001717
1757664957.312268 -0.050164 0.005531 0.002098 -0.002861 0.016815 0.000449 -0.032998 -0.004387 0.013924 -0.017357 -0.002018 0.005112 0.094416 -0.020409 0.000954 -0.000572 -0.055123 -0.983635 -0.935950 -0.414092 -1.487183 -0.008583 -0.001717
1757664957.314229 -0.050164 0.005531 0.002098 -0.002861 0.016815 0.000449 -0.032998 -0.004387 0.013924 -0.017357 -0.002018 0.005112 0.094034 -0.020409 0.000954 -0.000572 -0.055123 -0.983635 -0.936332 -0.414092 -1.479553 -0.008583 -0.001717
1757664957.316233 -0.050164 0.005531 0.002098 -0.002861 0.016815 0.000449 -0.032998 -0.004387 0.013924 -0.017357 -0.002018 0.005112 0.094034 -0.020409 0.000954 -0.000572 -0.055123 -0.984016 -0.936332 -0.414092 -1.472305 -0.008583 -0.001717
1757664957.318233 -0.050164 0.005531 0.002098 -0.002861 0.016815 0.000449 -0.032998 -0.004387 0.013924 -0.017357 -0.002018 0.005112 0.094034 -0.020409 0.000954 -0.000572 -0.055123 -0.984398 -0.936713 -0.414092 -1.465056 -0.008583 -0.001717
1757664957.320232 -0.050164 0.005531 0.002098 -0.002861 0.016815 0.000449 -0.032998 -0.004387 0.013924 -0.017357 -0.002018 0.005112 0.094034 -0.020409 0.000954 -0.000572 -0.055123 -0.984398 -0.936713 -0.414092 -1.457427 -0.008583 -0.001717
1757664957.322232 -0.050164 0.005531 0.002098 -0.002861 0.016815 0.000449 -0.032998 -0.004387 0.013924 -0.017357 -0.002018 0.005112 0.094034 -0.020409 0.000954 -0.000572 -0.055123 -0.984779 -0.936713 -0.414092 -1.450179 -0.008583 -0.001717
1757664957.324233 -0.050164 0.005531 0.002098 -0.002861 0.016815 0.000449 -0.032998 -0.004387 0.013924 -0.017357 -0.002018 0.005112 0.093652 -0.020409 0.000954 -0.000572 -0.055123 -0.985161 -0.937095 -0.414092 -1.442550 -0.008583 -0.001717
1757664957.326229 -0.050164 0.005531 0.002098 -0.002861 0.016815 0.000449 -0.032998 -0.004387 0.013924 -0.017357 -0.002018 0.005112 0.093652 -0.020409 0.000954 -0.000572 -0.055123 -0.985542 -0.937095 -0.414092 -1.435302 -0.008583 -0.001717
1757664957.328233 -0.050164 0.005531 0.002098 -0.002861 0.016815 0.000449 -0.032998 -0.004387 0.013924 -0.017357 -0.002018 0.005112 0.093652 -0.020409 0.000954 -0.000572 -0.055123 -0.985542 -0.937095 -0.414092 -1.428054 -0.008583 -0.001717
1757664957.330231 -0.050164 0.005531 0.002098 -0.002861 0.016815 0.000449 -0.032998 -0.004387 0.013924 -0.017357 -0.002018 0.005112 0.093652 -0.020409 0.000954 -0.000572 -0.055123 -0.985924 -0.937476 -0.414092 -1.420806 -0.008583 -0.001717
1757664957.332240 -0.050164 0.005531 0.002098 -0.002861 0.016815 0.000449 -0.032998 -0.004387 0.013924 -0.017357 -0.002018 0.005112 0.093652 -0.020409 0.000954 -0.000572 -0.055123 -0.986305 -0.937476 -0.414092 -1.413177 -0.008583 -0.001717
1757664957.334242 -0.050164 0.005531 0.002098 -0.002861 0.016815 0.000449 -0.032998 -0.004387 0.013924 -0.017357 -0.002018 0.005112 0.093652 -0.020409 0.000954 -0.000572 -0.055123 -0.986687 -0.937476 -0.414092 -1.405546 -0.008583 -0.001717
1757664957.336233 -0.050164 0.005913 0.002098 -0.002861 0.016815 0.000449 -0.032998 -0.004387 0.013924 -0.017357 -0.002018 0.005112 0.093652 -0.020409 0.000954 -0.000572 -0.055123 -0.987068 -0.937858 -0.414092 -1.398298 -0.008583 -0.001717
1757664957.338236 -0.050164 0.005913 0.002098 -0.002861 0.016815 0.000449 -0.032998 -0.004387 0.013924 -0.017357 -0.002018 0.005112 0.093652 -0.020409 0.001335 -0.000572 -0.055123 -0.987450 -0.937858 -0.414092 -1.390669 -0.008583 -0.001717
1757664957.340227 -0.050164 0.005913 0.002098 -0.002861 0.016815 0.000449 -0.032998 -0.004387 0.013924 -0.017357 -0.002018 0.005112 0.093270 -0.020409 0.001335 -0.000572 -0.055123 -0.987831 -0.938239 -0.414092 -1.383421 -0.008583 -0.001717
1757664957.342232 -0.050164 0.005913 0.002098 -0.002861 0.016815 0.000449 -0.032998 -0.004387 0.013924 -0.017357 -0.002018 0.005112 0.093270 -0.020409 0.001335 -0.000572 -0.055123 -0.987831 -0.938239 -0.414092 -1.375792 -0.008583 -0.001717
1757664957.344233 -0.050164 0.005913 0.002098 -0.002861 0.016815 0.000449 -0.032998 -0.004387 0.013924 -0.017357 -0.002018 0.005112 0.093270 -0.020409 0.001335 -0.000572 -0.055123 -0.988213 -0.938621 -0.414092 -1.368544 -0.008583 -0.001717
1757664957.346230 -0.050164 0.005913 0.002098 -0.002861 0.016815 0.000449 -0.032998 -0.004387 0.013924 -0.017357 -0.002018 0.005112 0.093270 -0.020409 0.001335 -0.000572 -0.055123 -0.988594 -0.938621 -0.414092 -1.361296 -0.008583 -0.001717
1757664957.348230 -0.050164 0.005913 0.002098 -0.002861 0.016815 0.000449 -0.032998 -0.004387 0.013924 -0.017357 -0.002018 0.005112 0.093270 -0.020409 0.001335 -0.000572 -0.055123 -0.988976 -0.939002 -0.414474 -1.353666 -0.008583 -0.001717
1757664957.350230 -0.050164 0.005913 0.002098 -0.002861 0.016815 0.000449 -0.032998 -0.004387 0.013924 -0.017357 -0.002018 0.005112 0.093270 -0.020409 0.001335 -0.000572 -0.055123 -0.989357 -0.939384 -0.414474 -1.346418 -0.008583 -0.001717
1757664957.352237 -0.050164 0.005913 0.002098 -0.002861 0.016815 0.000449 -0.032998 -0.004387 0.013924 -0.017357 -0.002018 0.005112 0.093270 -0.020409 0.001335 -0.000572 -0.055123 -0.989738 -0.939384 -0.414474 -1.339170 -0.008583 -0.001717
1757664957.354229 -0.050164 0.006294 0.002098 -0.002861 0.016815 0.000449 -0.032998 -0.004387 0.013924 -0.017357 -0.002018 0.005112 0.093270 -0.020409 0.001335 -0.000572 -0.055123 -0.990120 -0.939765 -0.414474 -1.331922 -0.008583 -0.001717
1757664957.356233 -0.050164 0.006294 0.002098 -0.002861 0.016815 0.000449 -0.032998 -0.004387 0.013924 -0.017357 -0.002018 0.005112 0.093270 -0.020409 0.001335 -0.000572 -0.055123 -0.990501 -0.939765 -0.414474 -1.324674 -0.008583 -0.001717
1757664957.358231 -0.050164 0.006294 0.002098 -0.002861 0.016815 0.000449 -0.032998 -0.004387 0.013924 -0.017357 -0.002018 0.005112 0.093270 -0.020409 0.001335 -0.000572 -0.055123 -0.990501 -0.940146 -0.414474 -1.317426 -0.008583 -0.001717
1757664957.360232 -0.050164 0.006294 0.002098 -0.002861 0.016815 0.000449 -0.032998 -0.004387 0.013924 -0.017357 -0.002018 0.005112 0.093270 -0.020409 0.001335 -0.000572 -0.055123 -0.990883 -0.940528 -0.414474 -1.310178 -0.008583 -0.001717
1757664957.362261 -0.050164 0.006294 0.002098 -0.002861 0.016815 0.000449 -0.032998 -0.004387 0.013924 -0.017357 -0.002018 0.005112 0.093270 -0.020409 0.001335 -0.000572 -0.055123 -0.991264 -0.940528 -0.414474 -1.302930 -0.008583 -0.001717
1757664957.364241 -0.050164 0.006294 0.002098 -0.002861 0.016950 0.000196 -0.032998 -0.004387 0.013924 -0.017357 -0.002018 0.005112 0.093270 -0.020409 0.001335 -0.000572 -0.055123 -0.991646 -0.940909 -0.414855 -1.296063 -0.008583 -0.001717
1757664957.366237 -0.050164 0.006294 0.002098 -0.002861 0.016950 0.000196 -0.032998 -0.004387 0.013924 -0.017357 -0.002018 0.005112 0.093270 -0.020409 0.001335 -0.000572 -0.055123 -0.992027 -0.941291 -0.414855 -1.289197 -0.008583 -0.001717
1757664957.368224 -0.050164 0.006294 0.002098 -0.002861 0.016950 0.000196 -0.032998 -0.004005 0.013924 -0.017357 -0.002018 0.005112 0.093270 -0.020409 0.001335 -0.000572 -0.055123 -0.992027 -0.941672 -0.414855 -1.281949 -0.008583 -0.001717
1757664957.370231 -0.050164 0.006676 0.002098 -0.002861 0.016950 0.000196 -0.032998 -0.004005 0.013924 -0.017357 -0.002018 0.005112 0.093270 -0.020409 0.001335 -0.000572 -0.055123 -0.992409 -0.941672 -0.414855 -1.275463 -0.008583 -0.001717
1757664957.372261 -0.050164 0.006676 0.002098 -0.002861 0.016950 0.000196 -0.032998 -0.004005 0.013924 -0.017357 -0.002018 0.005112 0.093270 -0.020409 0.001335 -0.000572 -0.055123 -0.992790 -0.942054 -0.414855 -1.268597 -0.008583 -0.001717
1757664957.374231 -0.050164 0.006676 0.002098 -0.002861 0.016950 0.000196 -0.032998 -0.004005 0.013924 -0.017357 -0.002018 0.005112 0.093270 -0.020409 0.001335 -0.000572 -0.055123 -0.992790 -0.942435 -0.415236 -1.261730 -0.008583 -0.001717
1757664957.376256 -0.050164 0.006676 0.002098 -0.002861 0.016950 0.000196 -0.032998 -0.004005 0.013924 -0.017357 -0.002018 0.005112 0.093270 -0.020409 0.001335 -0.000572 -0.055123 -0.993172 -0.942817 -0.415236 -1.254864 -0.008583 -0.001717
1757664957.378232 -0.050164 0.006676 0.002098 -0.002861 0.016950 0.000196 -0.032998 -0.004005 0.013924 -0.017357 -0.002018 0.005112 0.093270 -0.020409 0.001335 -0.000572 -0.055123 -0.993172 -0.943198 -0.415236 -1.248379 -0.008583 -0.001717
1757664957.380259 -0.050164 0.006676 0.002098 -0.002861 0.016950 0.000196 -0.032998 -0.004005 0.013924 -0.017357 -0.002018 0.005112 0.093270 -0.020409 0.001335 -0.000572 -0.055123 -0.993553 -0.943580 -0.415236 -1.241894 -0.008583 -0.001717
1757664957.382231 -0.050164 0.006676 0.002098 -0.002861 0.016950 0.000196 -0.032998 -0.004005 0.013924 -0.017357 -0.002018 0.005112 0.093270 -0.020409 0.001335 -0.000572 -0.055123 -0.993553 -0.943961 -0.415618 -1.235409 -0.008583 -0.001717
1757664957.384250 -0.050164 0.006676 0.002098 -0.002861 0.016950 0.000196 -0.032998 -0.004005 0.013924 -0.017357 -0.002018 0.005112 0.093270 -0.020409 0.001335 -0.000572 -0.055123 -0.993553 -0.944343 -0.415618 -1.228924 -0.008583 -0.001717
1757664957.386233 -0.050164 0.007057 0.002098 -0.002861 0.016950 0.000196 -0.032998 -0.004005 0.013924 -0.017357 -0.002018 0.005112 0.093270 -0.020409 0.001335 -0.000572 -0.055123 -0.993553 -0.944724 -0.415618 -1.222820 -0.008583 -0.001717
1757664957.388249 -0.050164 0.007057 0.002098 -0.002861 0.016950 0.000196 -0.032998 -0.004005 0.013924 -0.017357 -0.002018 0.005112 0.093270 -0.020409 0.001335 -0.000572 -0.055123 -0.993935 -0.945106 -0.415618 -1.216334 -0.008583 -0.001717
1757664957.390236 -0.050164 0.007057 0.002098 -0.002861 0.016950 0.000196 -0.032998 -0.003624 0.013924 -0.017357 -0.002018 0.005112 0.093270 -0.020409 0.001335 -0.000572 -0.055123 -0.993935 -0.945487 -0.415618 -1.210612 -0.008583 -0.001717
1757664957.392247 -0.050164 0.007057 0.002098 -0.002861 0.016950 0.000196 -0.032998 -0.003624 0.013924 -0.017357 -0.002018 0.005112 0.093270 -0.020409 0.001335 -0.000572 -0.055123 -0.993935 -0.945868 -0.415618 -1.204509 -0.008583 -0.001717
1757664957.394337 -0.050164 0.007057 0.002098 -0.002861 0.016950 0.000196 -0.032998 -0.003624 0.013924 -0.017357 -0.002018 0.005112 0.093270 -0.020409 0.001335 -0.000572 -0.055123 -0.993935 -0.946631 -0.415999 -1.198787 -0.008583 -0.001717
1757664957.396278 -0.050164 0.007057 0.002098 -0.002861 0.016950 0.000196 -0.032998 -0.003624 0.013924 -0.017357 -0.002018 0.005112 0.093270 -0.020409 0.001335 -0.000572 -0.055123 -0.993935 -0.947013 -0.415999 -1.193065 -0.008583 -0.001717
1757664957.398271 -0.050164 0.007057 0.002098 -0.002861 0.016950 0.000196 -0.032998 -0.003624 0.013924 -0.017357 -0.002018 0.005112 0.093270 -0.020409 0.001335 -0.000572 -0.055123 -0.993935 -0.947394 -0.415999 -1.187343 -0.008583 -0.001717
1757664957.400287 -0.050164 0.007439 0.002098 -0.002861 0.016950 0.000196 -0.032998 -0.003624 0.013924 -0.017357 -0.002018 0.005112 0.093270 -0.020409 0.001335 -0.000572 -0.055123 -0.993935 -0.947776 -0.415999 -1.181621 -0.008583 -0.001717
1757664957.402265 -0.050164 0.007439 0.002098 -0.002861 0.016950 0.000196 -0.032998 -0.003624 0.013924 -0.017357 -0.002018 0.005112 0.093270 -0.020409 0.001335 -0.000572 -0.055123 -0.993935 -0.948157 -0.415999 -1.175899 -0.008583 -0.001717
1757664957.404272 -0.050164 0.007439 0.002098 -0.002861 0.016950 0.000196 -0.032998 -0.003624 0.013924 -0.017357 -0.002018 0.005112 0.093270 -0.020409 0.001335 -0.000572 -0.055123 -0.993935 -0.948920 -0.415999 -1.170558 -0.008583 -0.001717
1757664957.406270 -0.050164 0.007439 0.002098 -0.002861 0.016950 0.000196 -0.032998 -0.003242 0.013924 -0.017357 -0.002018 0.005112 0.093270 -0.020409 0.001335 -0.000572 -0.055123 -0.993935 -0.949302 -0.415999 -1.165217 -0.008583 -0.001717
1757664957.408272 -0.050164 0.007439 0.002098 -0.002861 0.016950 0.000196 -0.032998 -0.003242 0.013924 -0.017357 -0.002018 0.005112 0.093652 -0.020409 0.001335 -0.000572 -0.055123 -0.993935 -0.949683 -0.415999 -1.159877 -0.008583 -0.001717
1757664957.410318 -0.050164 0.007439 0.002098 -0.002861 0.017085 -0.000057 -0.032998 -0.003242 0.013924 -0.017357 -0.002018 0.005112 0.093652 -0.020409 0.001335 -0.000572 -0.055123 -0.993935 -0.950065 -0.415999 -1.154917 -0.008583 -0.001717
1757664957.412274 -0.050164 0.007439 0.002098 -0.002861 0.017085 -0.000057 -0.032998 -0.003242 0.013924 -0.017357 -0.002018 0.005112 0.093652 -0.020409 0.001335 -0.000572 -0.055123 -0.993935 -0.950446 -0.415999 -1.149958 -0.008583 -0.001717
1757664957.414306 -0.050164 0.007820 0.002098 -0.002861 0.017085 -0.000057 -0.032998 -0.003242 0.013924 -0.017357 -0.002018 0.005112 0.093652 -0.020409 0.001335 -0.000572 -0.055123 -0.993935 -0.950828 -0.415999 -1.144999 -0.008583 -0.001717
1757664957.416278 -0.050164 0.007820 0.002098 -0.002861 0.017085 -0.000057 -0.032998 -0.003242 0.013924 -0.017357 -0.002018 0.005112 0.093652 -0.020409 0.001335 -0.000572 -0.055123 -0.993935 -0.951209 -0.415999 -1.140039 -0.008583 -0.001717
1757664957.418274 -0.050164 0.007820 0.002098 -0.002861 0.017085 -0.000057 -0.032998 -0.002861 0.013924 -0.017357 -0.002018 0.005112 0.093652 -0.020409 0.001335 -0.000572 -0.055123 -0.993935 -0.951591 -0.416381 -1.135462 -0.008583 -0.001717
1757664957.420324 -0.050164 0.007820 0.002098 -0.002861 0.017085 -0.000057 -0.032998 -0.002861 0.013924 -0.017357 -0.002018 0.005112 0.093652 -0.020409 0.001335 -0.000572 -0.055123 -0.993935 -0.951972 -0.416381 -1.130503 -0.008583 -0.001717
1757664957.422235 -0.050164 0.007820 0.002098 -0.002861 0.017085 -0.000057 -0.032998 -0.002861 0.013924 -0.017357 -0.002018 0.005112 0.093652 -0.020409 0.001717 -0.000572 -0.055123 -0.993935 -0.952353 -0.416381 -1.125925 -0.008583 -0.001717
1757664957.424243 -0.050164 0.007820 0.002098 -0.002861 0.017085 -0.000057 -0.032998 -0.002861 0.013924 -0.017357 -0.002018 0.005112 0.093652 -0.020409 0.001717 -0.000572 -0.055123 -0.993935 -0.952735 -0.416381 -1.121729 -0.008583 -0.001717
1757664957.426243 -0.050164 0.008202 0.002098 -0.002861 0.017085 -0.000057 -0.032998 -0.002861 0.013924 -0.017357 -0.002018 0.005112 0.093652 -0.020409 0.001717 -0.000572 -0.055123 -0.993935 -0.953116 -0.416381 -1.117151 -0.008583 -0.001717
1757664957.428239 -0.050164 0.008202 0.002098 -0.002861 0.017085 -0.000057 -0.032998 -0.002861 0.013924 -0.017357 -0.002018 0.005112 0.093652 -0.020409 0.001717 -0.000572 -0.055123 -0.993935 -0.953498 -0.416381 -1.112955 -0.008583 -0.001717
1757664957.430224 -0.050164 0.008202 0.002098 -0.002861 0.017085 -0.000057 -0.032998 -0.002480 0.013924 -0.017357 -0.002018 0.005112 0.093652 -0.020409 0.001717 -0.000572 -0.055123 -0.993935 -0.953879 -0.416381 -1.108759 -0.008583 -0.001717
1757664957.432229 -0.050164 0.008202 0.002098 -0.002861 0.017085 -0.000057 -0.032998 -0.002480 0.013924 -0.017357 -0.002018 0.005112 0.093652 -0.020409 0.001717 -0.000572 -0.055123 -0.993935 -0.954261 -0.416381 -1.104563 -0.008583 -0.001717
1757664957.434315 -0.050164 0.008202 0.002098 -0.002861 0.017085 -0.000057 -0.032998 -0.002480 0.013924 -0.017357 -0.002018 0.005112 0.093652 -0.020409 0.001717 -0.000572 -0.055123 -0.993935 -0.954642 -0.416381 -1.100367 -0.008583 -0.001717
1757664957.436240 -0.050164 0.008583 0.002098 -0.002861 0.017085 -0.000057 -0.032998 -0.002480 0.013924 -0.017357 -0.002018 0.005112 0.093652 -0.020409 0.001717 -0.000572 -0.055123 -0.993553 -0.954642 -0.416381 -1.096552 -0.008583 -0.001717
1757664957.438241 -0.050164 0.008583 0.002098 -0.002861 0.017085 -0.000057 -0.032998 -0.002480 0.013924 -0.017357 -0.002018 0.005112 0.093652 -0.020409 0.001717 -0.000572 -0.055123 -0.993553 -0.955024 -0.416381 -1.092736 -0.008583 -0.001717
1757664957.440236 -0.050164 0.008583 0.002098 -0.002861 0.017085 -0.000057 -0.032998 -0.002480 0.013924 -0.017357 -0.002018 0.005112 0.093652 -0.020409 0.001717 -0.000572 -0.055123 -0.993553 -0.955405 -0.416381 -1.088922 -0.008583 -0.001717
1757664957.442232 -0.050164 0.008583 0.002098 -0.002861 0.017220 -0.000310 -0.032998 -0.002098 0.013924 -0.017357 -0.002018 0.005112 0.093652 -0.020409 0.001717 -0.000572 -0.055123 -0.993553 -0.955787 -0.416381 -1.085107 -0.008583 -0.001717
1757664957.444231 -0.050164 0.008583 0.002098 -0.002861 0.017220 -0.000310 -0.032998 -0.002098 0.013924 -0.017357 -0.002018 0.005112 0.093652 -0.020409 0.001717 -0.000572 -0.055123 -0.993553 -0.955787 -0.416381 -1.081674 -0.008583 -0.001717
1757664957.446235 -0.050164 0.008583 0.002098 -0.002861 0.017220 -0.000310 -0.032998 -0.002098 0.013924 -0.017357 -0.002018 0.005112 0.093652 -0.020409 0.001717 -0.000572 -0.055123 -0.993172 -0.956168 -0.416381 -1.077859 -0.008583 -0.001717
1757664957.448253 -0.050164 0.008965 0.002098 -0.002861 0.017220 -0.000310 -0.032998 -0.002098 0.013924 -0.017357 -0.002018 0.005112 0.093652 -0.020409 0.001717 -0.000572 -0.055123 -0.993172 -0.956550 -0.416381 -1.074426 -0.008583 -0.001717
1757664957.450228 -0.050164 0.008965 0.002098 -0.002861 0.017220 -0.000310 -0.032998 -0.002098 0.013924 -0.017357 -0.002018 0.005112 0.093652 -0.020409 0.001717 -0.000572 -0.055123 -0.993172 -0.956550 -0.415999 -1.070992 -0.008583 -0.001717
1757664957.452252 -0.050164 0.008965 0.002098 -0.002861 0.017220 -0.000310 -0.032998 -0.002098 0.013924 -0.017357 -0.002018 0.005112 0.093652 -0.020409 0.001717 -0.000572 -0.055123 -0.993172 -0.956931 -0.415999 -1.067941 -0.008583 -0.001717
1757664957.454236 -0.050164 0.008965 0.002098 -0.002861 0.017220 -0.000310 -0.032998 -0.002098 0.013924 -0.017357 -0.002018 0.005112 0.093652 -0.020409 0.001717 -0.000572 -0.055123 -0.993172 -0.956931 -0.415999 -1.064507 -0.008583 -0.001717
1757664957.456243 -0.050164 0.008965 0.002098 -0.002861 0.017220 -0.000310 -0.032998 -0.001717 0.013924 -0.017357 -0.002018 0.005112 0.093270 -0.020409 0.001717 -0.000572 -0.055123 -0.992790 -0.957313 -0.415999 -1.061456 -0.008583 -0.001717
1757664957.458238 -0.050164 0.008965 0.002098 -0.002861 0.017220 -0.000310 -0.032998 -0.001717 0.013924 -0.017357 -0.002018 0.005112 0.093270 -0.020409 0.001717 -0.000572 -0.055123 -0.992790 -0.957313 -0.415999 -1.058404 -0.008583 -0.001717
1757664957.460236 -0.050164 0.009346 0.002098 -0.002861 0.017220 -0.000310 -0.032998 -0.001717 0.013924 -0.017357 -0.002018 0.005112 0.093270 -0.020409 0.001717 -0.000572 -0.055123 -0.992790 -0.957313 -0.415999 -1.055734 -0.008583 -0.001717
1757664957.462241 -0.050164 0.009346 0.002098 -0.002861 0.017220 -0.000310 -0.032998 -0.001717 0.013924 -0.017357 -0.002018 0.005112 0.093270 -0.020409 0.001717 -0.000572 -0.055123 -0.992790 -0.957694 -0.415999 -1.052682 -0.008583 -0.001717
1757664957.464235 -0.050164 0.009346 0.002098 -0.002861 0.017220 -0.000310 -0.032998 -0.001717 0.013924 -0.017357 -0.002018 0.005112 0.093270 -0.020409 0.001717 -0.000572 -0.055123 -0.992409 -0.957694 -0.415999 -1.050012 -0.008583 -0.001717
1757664957.466225 -0.050164 0.009346 0.002098 -0.002861 0.017220 -0.000310 -0.032998 -0.001717 0.013924 -0.017357 -0.002018 0.005112 0.093270 -0.020409 0.001717 -0.000572 -0.055123 -0.992409 -0.957694 -0.415999 -1.047341 -0.008583 -0.001717
1757664957.468220 -0.050164 0.009346 0.002098 -0.002861 0.017220 -0.000310 -0.032998 -0.001717 0.013924 -0.017357 -0.002018 0.005112 0.093270 -0.020409 0.001717 -0.000572 -0.055123 -0.992409 -0.957694 -0.415999 -1.044671 -0.008583 -0.001717
1757664957.470233 -0.050164 0.009346 0.002098 -0.002861 0.017220 -0.000310 -0.032998 -0.001335 0.013924 -0.017357 -0.002018 0.005112 0.093270 -0.020409 0.001717 -0.000572 -0.055123 -0.992409 -0.957694 -0.415999 -1.042001 -0.008583 -0.001717
1757664957.472221 -0.050164 0.009727 0.002098 -0.002861 0.017220 -0.000310 -0.032998 -0.001335 0.013924 -0.017357 -0.002018 0.005112 0.093270 -0.020409 0.001717 -0.000572 -0.055123 -0.992027 -0.957694 -0.415999 -1.039712 -0.008583 -0.001717
1757664957.474225 -0.050164 0.009727 0.002098 -0.002861 0.017220 -0.000310 -0.033380 -0.001335 0.013924 -0.017357 -0.002018 0.005112 0.093270 -0.020409 0.001717 -0.000572 -0.055123 -0.992027 -0.957694 -0.415999 -1.037042 -0.008583 -0.001717
1757664957.476220 -0.050164 0.009727 0.002098 -0.002861 0.017220 -0.000310 -0.033380 -0.001335 0.013924 -0.017357 -0.002018 0.005112 0.093270 -0.020409 0.002098 -0.000572 -0.055123 -0.992027 -0.957694 -0.415999 -1.034753 -0.008583 -0.001717
1757664957.478234 -0.050164 0.009727 0.002098 -0.002861 0.017220 -0.000310 -0.033380 -0.001335 0.013924 -0.017357 -0.002018 0.005112 0.093270 -0.020409 0.002098 -0.000572 -0.055123 -0.991646 -0.957694 -0.415999 -1.032464 -0.008583 -0.001717
1757664957.480289 -0.050164 0.009727 0.002098 -0.002861 0.017220 -0.000310 -0.033380 -0.001335 0.013924 -0.017357 -0.002018 0.005112 0.093270 -0.020409 0.002098 -0.000572 -0.055123 -0.991646 -0.957694 -0.415999 -1.030174 -0.008583 -0.001717
1757664957.482241 -0.050164 0.009727 0.002098 -0.002861 0.017220 -0.000310 -0.033380 -0.001335 0.013924 -0.017357 -0.002018 0.005112 0.093270 -0.020409 0.002098 -0.000572 -0.055123 -0.991646 -0.957694 -0.415999 -1.028267 -0.008583 -0.001717
1757664957.484231 -0.050164 0.010109 0.002098 -0.002861 0.017220 -0.000310 -0.033380 -0.000954 0.013924 -0.017357 -0.002018 0.005112 0.093270 -0.020409 0.002098 -0.000572 -0.055123 -0.991264 -0.957694 -0.415999 -1.025978 -0.008583 -0.001717
1757664957.486219 -0.050164 0.010109 0.002098 -0.002861 0.017220 -0.000310 -0.033380 -0.000954 0.013924 -0.017357 -0.002018 0.005112 0.093270 -0.020409 0.002098 -0.000572 -0.055123 -0.991264 -0.957313 -0.415999 -1.024071 -0.008583 -0.001717
1757664957.488242 -0.050164 0.010109 0.002098 -0.002861 0.017220 -0.000310 -0.033380 -0.000954 0.013924 -0.017357 -0.002018 0.005112 0.093270 -0.020409 0.002098 -0.000572 -0.055123 -0.990883 -0.957313 -0.415999 -1.022163 -0.008583 -0.001717
1757664957.490261 -0.050164 0.010109 0.002098 -0.002861 0.017355 -0.000562 -0.033380 -0.000954 0.013924 -0.017357 -0.002018 0.005112 0.093270 -0.020409 0.002098 -0.000572 -0.055123 -0.990501 -0.957313 -0.415999 -1.020256 -0.008583 -0.001717
1757664957.492232 -0.050164 0.010109 0.002098 -0.002861 0.017220 -0.000818 -0.033380 -0.000954 0.013924 -0.017357 -0.002018 0.005112 0.093270 -0.020409 0.002098 -0.000572 -0.055123 -0.990120 -0.957313 -0.415999 -1.018730 -0.008583 -0.001717
1757664957.494233 -0.050164 0.010109 0.002098 -0.002861 0.017220 -0.000818 -0.033380 -0.000954 0.013924 -0.017357 -0.002018 0.005112 0.093270 -0.020409 0.002098 -0.000572 -0.055123 -0.989738 -0.957313 -0.415999 -1.016823 -0.008583 -0.001717
1757664957.496229 -0.050164 0.010109 0.002098 -0.002861 0.017220 -0.000818 -0.033380 -0.000572 0.013924 -0.017357 -0.002018 0.005112 0.093270 -0.020409 0.002098 -0.000572 -0.055123 -0.989357 -0.957313 -0.415999 -1.014915 -0.008583 -0.001717
1757664957.498230 -0.050164 0.010490 0.002098 -0.002861 0.017220 -0.000818 -0.033380 -0.000572 0.013924 -0.017357 -0.002018 0.005112 0.093270 -0.020409 0.002098 -0.000572 -0.055123 -0.988976 -0.957313 -0.415999 -1.013390 -0.008583 -0.001717
1757664957.500222 -0.050164 0.010490 0.002098 -0.002861 0.017220 -0.000818 -0.033380 -0.000572 0.013924 -0.017357 -0.002018 0.005112 0.093270 -0.020409 0.002098 -0.000572 -0.055123 -0.988594 -0.957313 -0.415999 -1.011864 -0.008583 -0.001717
1757664957.502221 -0.050164 0.010490 0.002098 -0.002861 0.017220 -0.000818 -0.033380 -0.000572 0.013924 -0.017357 -0.002018 0.005112 0.093270 -0.020409 0.002098 -0.000572 -0.055123 -0.988213 -0.957313 -0.415999 -1.010338 -0.008583 -0.001717
1757664957.504268 -0.050164 0.010490 0.002098 -0.002861 0.017220 -0.000818 -0.033380 -0.000572 0.013924 -0.017357 -0.002018 0.005112 0.093270 -0.020409 0.002098 -0.000572 -0.055123 -0.987450 -0.957313 -0.415999 -1.008812 -0.008583 -0.001717
1757664957.506218 -0.050164 0.010490 0.002098 -0.002861 0.017220 -0.000818 -0.033380 -0.000572 0.013924 -0.017357 -0.002018 0.005112 0.093270 -0.020409 0.002098 -0.000572 -0.055123 -0.987068 -0.957313 -0.415999 -1.007286 -0.008583 -0.001717
1757664957.508223 -0.050164 0.010490 0.002098 -0.002861 0.017220 -0.000818 -0.033380 -0.000191 0.013924 -0.017357 -0.002018 0.005112 0.093270 -0.020409 0.002098 -0.000572 -0.055123 -0.986305 -0.957313 -0.415999 -1.005760 -0.008583 -0.001717
1757664957.510220 -0.050164 0.010872 0.002098 -0.002861 0.017220 -0.000818 -0.033380 -0.000191 0.013924 -0.017357 -0.002018 0.005112 0.093270 -0.020409 0.002098 -0.000572 -0.055123 -0.985924 -0.957313 -0.415999 -1.004616 -0.008583 -0.001717
1757664957.512233 -0.050164 0.010872 0.002098 -0.002861 0.017220 -0.000818 -0.033380 -0.000191 0.013924 -0.017357 -0.002018 0.005112 0.093270 -0.020409 0.002098 -0.000572 -0.055123 -0.985161 -0.957313 -0.415999 -1.003090 -0.008583 -0.001717
1757664957.514223 -0.050164 0.010872 0.002098 -0.002861 0.017220 -0.000818 -0.033380 -0.000191 0.013924 -0.017357 -0.002018 0.005112 0.093270 -0.020409 0.002098 -0.000572 -0.055123 -0.984398 -0.957313 -0.415999 -1.001945 -0.008583 -0.001717
1757664957.516225 -0.050164 0.010872 0.002098 -0.002861 0.017220 -0.000818 -0.033380 -0.000191 0.013924 -0.017357 -0.002018 0.005112 0.093270 -0.020409 0.002098 -0.000572 -0.055123 -0.984016 -0.957313 -0.415999 -1.000801 -0.008583 -0.001717
1757664957.518244 -0.050164 0.010872 0.002098 -0.002861 0.017220 -0.000818 -0.033380 -0.000191 0.013924 -0.017357 -0.002018 0.005112 0.093270 -0.020409 0.002098 -0.000572 -0.055123 -0.983253 -0.957313 -0.415999 -0.999275 -0.008583 -0.001717
1757664957.520242 -0.050164 0.011253 0.002098 -0.002861 0.017220 -0.000818 -0.033380 0.000191 0.013924 -0.017357 -0.002018 0.005112 0.093270 -0.020409 0.002098 -0.000572 -0.055123 -0.982491 -0.956931 -0.415999 -0.998131 -0.008583 -0.001717
1757664957.522228 -0.050164 0.011253 0.002098 -0.002861 0.017220 -0.000818 -0.033380 0.000191 0.013924 -0.017357 -0.002018 0.005112 0.093270 -0.020409 0.002480 -0.000572 -0.055123 -0.981728 -0.956931 -0.415999 -0.996986 -0.008583 -0.001717
1757664957.524216 -0.050164 0.011253 0.002098 -0.002861 0.017220 -0.000818 -0.033380 0.000191 0.013924 -0.017357 -0.002018 0.005112 0.093270 -0.020409 0.002480 -0.000572 -0.055123 -0.980965 -0.956931 -0.415999 -0.995461 -0.008583 -0.001717
1757664957.526232 -0.050164 0.011253 0.002098 -0.002861 0.017220 -0.000818 -0.033380 0.000191 0.013924 -0.017357 -0.002018 0.005112 0.093270 -0.020409 0.002480 -0.000572 -0.055123 -0.979820 -0.956931 -0.415999 -0.994316 -0.008583 -0.001717
1757664957.528225 -0.050164 0.011253 0.002098 -0.002861 0.017220 -0.000818 -0.033380 0.000191 0.013924 -0.017357 -0.002018 0.005112 0.093270 -0.020409 0.002480 -0.000572 -0.055123 -0.979057 -0.956931 -0.415999 -0.993553 -0.008583 -0.001717
1757664957.530233 -0.050164 0.011253 0.002098 -0.002861 0.017220 -0.000818 -0.033380 0.000191 0.013924 -0.017357 -0.002018 0.005112 0.093270 -0.020409 0.002480 -0.000572 -0.055123 -0.977913 -0.956931 -0.415999 -0.992409 -0.008583 -0.001717
1757664957.532242 -0.050164 0.011635 0.002098 -0.002861 0.017220 -0.000818 -0.033380 0.000191 0.013924 -0.017357 -0.002018 0.005112 0.093270 -0.020409 0.002480 -0.000572 -0.055123 -0.977150 -0.956550 -0.415999 -0.991264 -0.008583 -0.001717
1757664957.534228 -0.050164 0.011635 0.002098 -0.002861 0.017220 -0.000818 -0.033380 0.000572 0.013924 -0.017357 -0.002018 0.005112 0.093270 -0.020409 0.002480 -0.000572 -0.055123 -0.976006 -0.956550 -0.415999 -0.990120 -0.008583 -0.001717
1757664957.536219 -0.050164 0.011635 0.002098 -0.002861 0.017220 -0.000818 -0.033380 0.000572 0.013924 -0.017357 -0.002018 0.005112 0.093270 -0.020409 0.002480 -0.000572 -0.055123 -0.974861 -0.956550 -0.415999 -0.988976 -0.008583 -0.001717
1757664957.538220 -0.050164 0.011635 0.002098 -0.002861 0.017220 -0.000818 -0.033380 0.000572 0.013924 -0.017357 -0.002018 0.005112 0.093270 -0.020409 0.002480 -0.000572 -0.055123 -0.973717 -0.956550 -0.415999 -0.987831 -0.008583 -0.001717
1757664957.540229 -0.050164 0.011635 0.002098 -0.002861 0.017220 -0.000818 -0.033380 0.000572 0.013924 -0.017357 -0.002018 0.005112 0.093270 -0.020409 0.002480 -0.000572 -0.055123 -0.972954 -0.956550 -0.415999 -0.986687 -0.008583 -0.001717
1757664957.542219 -0.050164 0.011635 0.002098 -0.002861 0.017220 -0.000818 -0.033380 0.000572 0.013924 -0.017357 -0.002018 0.005112 0.093270 -0.020409 0.002480 -0.000572 -0.055123 -0.971428 -0.956550 -0.415999 -0.985924 -0.008583 -0.001717
1757664957.544220 -0.050164 0.011635 0.002098 -0.002861 0.017220 -0.000818 -0.033380 0.000572 0.013924 -0.017357 -0.002018 0.005112 0.093270 -0.020409 0.002480 -0.000572 -0.055123 -0.970284 -0.956550 -0.415618 -0.984779 -0.008583 -0.001717
1757664957.546225 -0.050164 0.012016 0.002098 -0.002861 0.017220 -0.000818 -0.033380 0.000572 0.013924 -0.017357 -0.002018 0.005112 0.093270 -0.020409 0.002480 -0.000572 -0.055123 -0.969139 -0.956168 -0.415618 -0.984016 -0.008583 -0.001717
1757664957.548218 -0.050164 0.012016 0.002098 -0.002861 0.017220 -0.000818 -0.033380 0.000572 0.013924 -0.017357 -0.002018 0.005112 0.093270 -0.020409 0.002480 -0.000572 -0.055123 -0.967994 -0.956168 -0.415618 -0.982872 -0.008583 -0.001717
1757664957.550305 -0.050164 0.012016 0.002098 -0.002861 0.017220 -0.000818 -0.033380 0.000954 0.013924 -0.017357 -0.002018 0.005112 0.093270 -0.020409 0.002480 -0.000572 -0.055123 -0.966468 -0.956168 -0.415618 -0.981728 -0.008583 -0.001717
1757664957.552264 -0.050164 0.012016 0.002098 -0.002861 0.017220 -0.000818 -0.033380 0.000954 0.013924 -0.017357 -0.002018 0.005112 0.093270 -0.020409 0.002480 -0.000572 -0.055123 -0.964942 -0.956168 -0.415618 -0.980965 -0.008583 -0.001717
1757664957.554224 -0.050164 0.012016 0.002098 -0.002861 0.017220 -0.000818 -0.033380 0.000954 0.013924 -0.017357 -0.002018 0.005112 0.093270 -0.020409 0.002480 -0.000572 -0.055123 -0.963416 -0.956168 -0.415618 -0.979820 -0.008583 -0.001717
1757664957.556215 -0.050164 0.012016 0.002098 -0.002861 0.017220 -0.000818 -0.033380 0.000954 0.013924 -0.017357 -0.002018 0.005112 0.093270 -0.020409 0.002480 -0.000572 -0.055123 -0.962272 -0.955787 -0.415618 -0.979057 -0.008583 -0.001717
1757664957.558219 -0.050164 0.012016 0.002098 -0.002861 0.017220 -0.000818 -0.033380 0.000954 0.013924 -0.017357 -0.002018 0.005112 0.093270 -0.020409 0.002480 -0.000572 -0.055123 -0.960746 -0.955787 -0.415618 -0.977913 -0.008583 -0.001717
1757664957.560237 -0.050164 0.012016 0.002098 -0.002861 0.017220 -0.000818 -0.033380 0.000954 0.013924 -0.017357 -0.002018 0.005112 0.093270 -0.020409 0.002480 -0.000572 -0.055123 -0.958838 -0.955787 -0.415618 -0.977150 -0.008583 -0.001717
1757664957.562230 -0.050164 0.012016 0.002098 -0.002861 0.017085 -0.001074 -0.033380 0.000954 0.013924 -0.017357 -0.002018 0.005112 0.093270 -0.020409 0.002480 -0.000572 -0.055123 -0.957313 -0.955787 -0.415618 -0.976006 -0.008583 -0.001717
1757664957.564227 -0.050164 0.012016 0.002098 -0.002861 0.017085 -0.001074 -0.033380 0.000954 0.013924 -0.017357 -0.002018 0.005112 0.093270 -0.020409 0.002480 -0.000572 -0.055123 -0.955787 -0.955787 -0.415618 -0.975243 -0.008583 -0.001717
1757664957.566234 -0.050164 0.012016 0.002098 -0.002861 0.017085 -0.001074 -0.033380 0.000954 0.013924 -0.017357 -0.002018 0.005112 0.093270 -0.020409 0.002480 -0.000572 -0.055123 -0.953879 -0.955405 -0.415618 -0.974098 -0.008583 -0.001717
1757664957.568224 -0.050164 0.012016 0.002098 -0.002861 0.017085 -0.001074 -0.033380 0.000954 0.013924 -0.017357 -0.002018 0.005112 0.093270 -0.020409 0.002480 -0.000572 -0.055123 -0.952353 -0.955405 -0.415618 -0.973335 -0.008583 -0.001717
1757664957.570226 -0.050164 0.012398 0.002098 -0.002861 0.017085 -0.001074 -0.033380 0.001335 0.013924 -0.017357 -0.002018 0.005112 0.093270 -0.020409 0.002480 -0.000572 -0.055123 -0.950446 -0.955405 -0.415618 -0.972191 -0.008583 -0.001717
1757664957.572218 -0.050164 0.012398 0.002098 -0.002861 0.017220 -0.001327 -0.033380 0.001335 0.013924 -0.017357 -0.002018 0.005112 0.093270 -0.020409 0.002480 -0.000572 -0.055123 -0.948539 -0.955405 -0.415618 -0.971428 -0.008583 -0.001717
1757664957.574223 -0.050164 0.012398 0.002098 -0.002861 0.017220 -0.001327 -0.033380 0.001335 0.013924 -0.017357 -0.002018 0.005112 0.093270 -0.020409 0.002480 -0.000572 -0.055123 -0.946631 -0.955405 -0.415618 -0.970284 -0.008583 -0.001717
1757664957.576221 -0.050164 0.012398 0.002098 -0.002861 0.017220 -0.001327 -0.033380 0.001335 0.013924 -0.017357 -0.002018 0.005112 0.093270 -0.020409 0.002480 -0.000572 -0.055123 -0.944724 -0.955405 -0.415618 -0.969521 -0.008583 -0.001717
1757664957.578220 -0.050164 0.012398 0.002098 -0.002861 0.017220 -0.001327 -0.033380 0.001335 0.013924 -0.017357 -0.002018 0.005112 0.093270 -0.020409 0.002480 -0.000572 -0.055123 -0.942817 -0.955024 -0.415618 -0.968375 -0.008583 -0.001717
1757664957.580216 -0.050164 0.012398 0.002098 -0.002861 0.017220 -0.001327 -0.033380 0.001335 0.013924 -0.017357 -0.002018 0.005112 0.093270 -0.020409 0.002480 -0.000572 -0.055123 -0.940909 -0.955024 -0.415618 -0.967612 -0.008583 -0.001717
1757664957.582298 -0.050164 0.012398 0.002098 -0.002861 0.017220 -0.001327 -0.033380 0.001335 0.013924 -0.017357 -0.002018 0.005112 0.093270 -0.020409 0.002480 -0.000572 -0.055123 -0.938621 -0.955024 -0.415618 -0.966468 -0.008583 -0.001717
1757664957.584234 -0.050164 0.012398 0.002098 -0.002861 0.017220 -0.001327 -0.033380 0.001335 0.013924 -0.017357 -0.002018 0.005112 0.093270 -0.020409 0.002480 -0.000572 -0.055123 -0.936713 -0.955024 -0.415618 -0.965705 -0.008583 -0.001717
1757664957.586224 -0.050164 0.012398 0.002098 -0.002861 0.017220 -0.001327 -0.033380 0.001335 0.013924 -0.017357 -0.002018 0.005112 0.093270 -0.020409 0.002480 -0.000572 -0.055123 -0.934424 -0.955024 -0.415618 -0.964561 -0.008583 -0.001717
1757664957.588263 -0.050164 0.012398 0.002098 -0.002861 0.017220 -0.001327 -0.033380 0.001335 0.013924 -0.017357 -0.002018 0.005112 0.093270 -0.020409 0.002480 -0.000572 -0.055123 -0.932517 -0.954642 -0.415618 -0.963798 -0.008583 -0.001717
1757664957.590227 -0.050164 0.012398 0.002098 -0.002861 0.017220 -0.001327 -0.033380 0.001335 0.013924 -0.017357 -0.002018 0.005112 0.093270 -0.020409 0.002480 -0.000572 -0.055123 -0.930228 -0.954642 -0.415618 -0.963035 -0.008583 -0.001717
1757664957.592236 -0.050164 0.012398 0.002098 -0.002861 0.017220 -0.001327 -0.033380 0.001335 0.013924 -0.017357 -0.002018 0.005112 0.093270 -0.020409 0.002480 -0.000572 -0.055123 -0.927558 -0.954642 -0.415618 -0.961890 -0.008583 -0.001717
1757664957.594237 -0.050164 0.012398 0.002098 -0.002861 0.017220 -0.001327 -0.033380 0.001335 0.013924 -0.017357 -0.002018 0.005112 0.093270 -0.020409 0.002480 -0.000572 -0.055123 -0.925269 -0.954261 -0.415618 -0.961127 -0.008583 -0.001717
1757664957.596217 -0.050164 0.012398 0.002098 -0.002861 0.017220 -0.001327 -0.033380 0.001335 0.013924 -0.017357 -0.002018 0.005112 0.093652 -0.020409 0.002480 -0.000572 -0.055123 -0.922980 -0.954261 -0.415618 -0.959983 -0.008583 -0.001717
1757664957.598224 -0.050164 0.012398 0.002098 -0.002861 0.017220 -0.001327 -0.033380 0.001335 0.013924 -0.017357 -0.002018 0.005112 0.093652 -0.020409 0.002480 -0.000572 -0.055123 -0.920691 -0.954261 -0.415618 -0.959220 -0.008583 -0.001717
1757664957.600219 -0.050164 0.012398 0.002098 -0.002861 0.017220 -0.001327 -0.033380 0.001335 0.013924 -0.017357 -0.002018 0.005112 0.093652 -0.020790 0.002480 -0.000572 -0.055123 -0.918021 -0.953879 -0.415618 -0.958076 -0.008583 -0.001717
1757664957.602230 -0.050164 0.012398 0.002098 -0.002861 0.017220 -0.001327 -0.033380 0.001335 0.013924 -0.017357 -0.002018 0.005112 0.093652 -0.020790 0.002480 -0.000572 -0.055505 -0.915351 -0.953879 -0.415618 -0.957313 -0.008583 -0.001717
1757664957.604218 -0.050164 0.012398 0.002098 -0.002861 0.017220 -0.001327 -0.033380 0.001335 0.013924 -0.017357 -0.002018 0.005112 0.093652 -0.020790 0.002480 -0.000572 -0.055505 -0.913062 -0.953879 -0.415618 -0.956168 -0.008583 -0.001717
1757664957.606222 -0.050164 0.012398 0.002098 -0.002861 0.017220 -0.001327 -0.033380 0.001335 0.013924 -0.017357 -0.002018 0.005112 0.093652 -0.020790 0.002480 -0.000572 -0.055505 -0.910392 -0.953498 -0.415618 -0.955405 -0.008583 -0.001717
1757664957.608239 -0.050164 0.012398 0.002098 -0.002861 0.017220 -0.001327 -0.033380 0.001335 0.013924 -0.017357 -0.002018 0.005112 0.093652 -0.020790 0.002480 -0.000572 -0.055505 -0.907722 -0.953116 -0.415618 -0.954642 -0.008583 -0.001717
1757664957.610217 -0.050164 0.012398 0.002098 -0.002861 0.017220 -0.001327 -0.033380 0.001335 0.013924 -0.017357 -0.002018 0.005112 0.093652 -0.020790 0.002480 -0.000572 -0.055505 -0.905050 -0.953116 -0.415618 -0.953879 -0.008583 -0.001717
1757664957.612215 -0.050164 0.012398 0.002098 -0.002861 0.017220 -0.001327 -0.033380 0.001335 0.013924 -0.017357 -0.002018 0.005112 0.093652 -0.020790 0.002480 -0.000572 -0.055505 -0.902380 -0.952735 -0.415618 -0.952735 -0.008583 -0.001717
1757664957.614305 -0.050164 0.012398 0.002098 -0.002861 0.017220 -0.001327 -0.033380 0.001335 0.013924 -0.017357 -0.002018 0.005112 0.093652 -0.020790 0.002480 -0.000572 -0.055505 -0.899328 -0.952735 -0.415618 -0.951972 -0.008583 -0.001717
1757664957.616243 -0.050164 0.012398 0.002098 -0.002861 0.017220 -0.001327 -0.033380 0.001335 0.013924 -0.017357 -0.002018 0.005112 0.093652 -0.020790 0.002480 -0.000572 -0.055505 -0.896658 -0.952353 -0.415618 -0.950828 -0.008583 -0.001717
1757664957.618226 -0.050164 0.012398 0.002098 -0.002861 0.017220 -0.001327 -0.033380 0.001335 0.013924 -0.017357 -0.002018 0.005112 0.093652 -0.020790 0.002480 -0.000572 -0.055505 -0.893606 -0.951972 -0.415618 -0.950065 -0.008583 -0.001717
1757664957.620236 -0.050164 0.012398 0.002098 -0.002861 0.017220 -0.001327 -0.033380 0.001335 0.013924 -0.017357 -0.002018 0.005112 0.093652 -0.020790 0.002480 -0.000572 -0.055505 -0.890936 -0.951591 -0.415618 -0.949302 -0.008583 -0.001717
1757664957.622243 -0.050164 0.012398 0.002098 -0.002861 0.017220 -0.001327 -0.033380 0.001335 0.013924 -0.017357 -0.002018 0.005112 0.093652 -0.020790 0.002480 -0.000572 -0.055505 -0.887884 -0.951591 -0.415618 -0.948157 -0.008583 -0.001717
1757664957.624220 -0.050164 0.012398 0.002098 -0.002861 0.017085 -0.001583 -0.033380 0.001335 0.013924 -0.017357 -0.002018 0.005112 0.093652 -0.020790 0.002480 -0.000572 -0.055505 -0.884832 -0.951209 -0.415618 -0.947394 -0.008583 -0.001717
1757664957.626221 -0.050164 0.012398 0.002098 -0.002861 0.017085 -0.001583 -0.033380 0.001335 0.013924 -0.017357 -0.002018 0.005112 0.093652 -0.020790 0.002480 -0.000572 -0.055505 -0.881781 -0.950828 -0.415618 -0.946631 -0.008583 -0.001717
1757664957.628218 -0.050164 0.012398 0.002098 -0.002861 0.017085 -0.001583 -0.033380 0.001335 0.013924 -0.017357 -0.002018 0.005112 0.093652 -0.020790 0.002480 -0.000572 -0.055505 -0.879110 -0.950446 -0.415618 -0.945868 -0.008583 -0.001717
1757664957.630236 -0.050164 0.012398 0.002098 -0.002861 0.017085 -0.001583 -0.033380 0.001335 0.013924 -0.017357 -0.002018 0.005112 0.093652 -0.020790 0.002480 -0.000572 -0.055505 -0.876059 -0.949683 -0.415618 -0.945106 -0.008583 -0.001717
1757664957.632225 -0.050164 0.012398 0.002098 -0.002861 0.017085 -0.001583 -0.033380 0.001335 0.013924 -0.017357 -0.002018 0.005112 0.093652 -0.020790 0.002480 -0.000572 -0.055505 -0.872625 -0.949302 -0.415618 -0.943961 -0.008583 -0.001717
1757664957.634219 -0.050164 0.012398 0.002098 -0.002861 0.017085 -0.001583 -0.033380 0.001335 0.013924 -0.017357 -0.002018 0.005112 0.093652 -0.020790 0.002480 -0.000572 -0.055505 -0.869574 -0.948920 -0.415618 -0.943198 -0.008583 -0.001717
1757664957.636242 -0.050164 0.012398 0.002098 -0.002861 0.017085 -0.001583 -0.033380 0.001335 0.013924 -0.017357 -0.002018 0.005112 0.093652 -0.020790 0.002480 -0.000572 -0.055505 -0.866522 -0.948539 -0.415618 -0.942435 -0.008583 -0.001717
1757664957.638227 -0.050164 0.012398 0.002098 -0.002861 0.017085 -0.001583 -0.033380 0.001335 0.013924 -0.017357 -0.002018 0.005112 0.093652 -0.020790 0.002480 -0.000572 -0.055505 -0.863470 -0.947776 -0.415618 -0.941291 -0.008583 -0.001717
1757664957.640220 -0.050164 0.012398 0.002098 -0.002861 0.017085 -0.001583 -0.033380 0.001335 0.013924 -0.017357 -0.002018 0.005112 0.093652 -0.020790 0.002480 -0.000572 -0.055505 -0.860037 -0.947394 -0.415618 -0.940528 -0.008583 -0.001717
1757664957.642217 -0.050164 0.012398 0.002098 -0.002861 0.017085 -0.001583 -0.033380 0.001335 0.013924 -0.017357 -0.002018 0.005112 0.093652 -0.020790 0.002480 -0.000572 -0.055505 -0.856985 -0.947013 -0.415618 -0.939765 -0.008583 -0.001717
1757664957.644227 -0.050164 0.012398 0.002098 -0.002861 0.017085 -0.001583 -0.033380 0.001335 0.013924 -0.017357 -0.002018 0.005112 0.093652 -0.020790 0.002480 -0.000572 -0.055505 -0.853552 -0.946631 -0.415618 -0.939002 -0.008583 -0.001717
1757664957.646238 -0.050164 0.012398 0.002098 -0.002861 0.017085 -0.001583 -0.033380 0.001335 0.013924 -0.017357 -0.002018 0.005112 0.093652 -0.020790 0.002480 -0.000572 -0.055505 -0.850500 -0.945868 -0.415618 -0.937858 -0.008583 -0.001717
1757664957.648221 -0.050164 0.012398 0.002098 -0.002861 0.017085 -0.001583 -0.033380 0.001335 0.013924 -0.017357 -0.002018 0.005112 0.093652 -0.020790 0.002480 -0.000572 -0.055505 -0.847067 -0.945487 -0.415618 -0.937095 -0.008583 -0.001717
1757664957.650215 -0.050164 0.012398 0.002098 -0.002861 0.017085 -0.001583 -0.033380 0.001335 0.013924 -0.017357 -0.002018 0.005112 0.093652 -0.020790 0.002480 -0.000572 -0.055505 -0.843633 -0.944724 -0.415618 -0.936332 -0.008583 -0.001717
1757664957.652213 -0.050164 0.012398 0.002098 -0.002861 0.017085 -0.001583 -0.033380 0.001335 0.013924 -0.017357 -0.002018 0.005112 0.093652 -0.020790 0.002480 -0.000572 -0.055505 -0.840581 -0.943961 -0.415618 -0.935569 -0.008583 -0.001717
1757664957.654219 -0.050164 0.012398 0.002098 -0.002861 0.016950 -0.001839 -0.033380 0.001335 0.013924 -0.017357 -0.002018 0.005112 0.093652 -0.020790 0.002480 -0.000572 -0.055505 -0.837148 -0.943580 -0.415618 -0.934424 -0.008583 -0.001717
1757664957.656214 -0.050164 0.012398 0.002098 -0.002861 0.016950 -0.001839 -0.033380 0.001335 0.013924 -0.017357 -0.002018 0.005112 0.093652 -0.020790 0.002480 -0.000572 -0.055505 -0.833714 -0.942817 -0.415618 -0.933661 -0.008583 -0.001717
1757664957.658217 -0.050164 0.012398 0.002098 -0.002861 0.016950 -0.001839 -0.033380 0.001335 0.013924 -0.017357 -0.002018 0.005112 0.093652 -0.020790 0.002480 -0.000572 -0.055505 -0.830281 -0.942054 -0.415618 -0.932899 -0.008583 -0.001717
1757664957.660216 -0.050164 0.012398 0.002098 -0.002861 0.016950 -0.001839 -0.033380 0.001335 0.013924 -0.017357 -0.002018 0.005112 0.093652 -0.020790 0.002480 -0.000572 -0.055505 -0.826848 -0.941291 -0.415618 -0.932136 -0.008583 -0.001717
1757664957.662218 -0.050164 0.012398 0.002098 -0.002861 0.016950 -0.001839 -0.033380 0.001335 0.013924 -0.017357 -0.002018 0.005112 0.093652 -0.020790 0.002480 -0.000572 -0.055505 -0.823415 -0.940528 -0.415618 -0.930991 -0.008583 -0.001717
1757664957.664216 -0.050164 0.012398 0.002098 -0.002861 0.016950 -0.001839 -0.033380 0.001335 0.013924 -0.017357 -0.002018 0.005112 0.093652 -0.020790 0.002480 -0.000572 -0.055505 -0.819600 -0.939765 -0.415618 -0.930228 -0.008583 -0.001717
1757664957.666222 -0.050164 0.012398 0.002098 -0.002861 0.016950 -0.001839 -0.033380 0.001335 0.013924 -0.017357 -0.002018 0.005112 0.093652 -0.020790 0.002480 -0.000572 -0.055505 -0.816167 -0.939002 -0.415618 -0.929465 -0.008583 -0.001717
1757664957.668220 -0.050164 0.012398 0.002098 -0.002861 0.016950 -0.001839 -0.033380 0.001335 0.013924 -0.017357 -0.002018 0.005112 0.093652 -0.020790 0.002480 -0.000572 -0.055505 -0.812734 -0.938239 -0.415618 -0.928321 -0.008583 -0.001717
1757664957.670297 -0.050164 0.012398 0.002098 -0.002861 0.016815 -0.002095 -0.033380 0.001335 0.013924 -0.017357 -0.002018 0.005112 0.093652 -0.020790 0.002480 -0.000572 -0.055505 -0.808919 -0.937476 -0.415618 -0.927558 -0.008583 -0.001717
1757664957.672237 -0.050164 0.012398 0.002098 -0.002861 0.016815 -0.002095 -0.033380 0.001335 0.013924 -0.017357 -0.002018 0.005112 0.093652 -0.020409 0.002480 -0.000572 -0.055505 -0.805486 -0.936713 -0.415618 -0.926795 -0.008583 -0.001717
1757664957.674215 -0.050164 0.012398 0.002098 -0.002861 0.016815 -0.002095 -0.033380 0.001335 0.013924 -0.017357 -0.002018 0.005112 0.093652 -0.020409 0.002480 -0.000572 -0.055505 -0.802052 -0.935569 -0.415618 -0.926032 -0.008583 -0.001717
1757664957.676300 -0.050164 0.012398 0.002098 -0.002861 0.016815 -0.002095 -0.033380 0.001335 0.013924 -0.017357 -0.002018 0.005112 0.093652 -0.020409 0.002480 -0.000572 -0.055505 -0.798238 -0.934806 -0.415618 -0.924888 -0.008583 -0.001717
1757664957.678236 -0.050164 0.012398 0.002098 -0.002861 0.016815 -0.002095 -0.033380 0.001335 0.013924 -0.017357 -0.002018 0.005112 0.093652 -0.020409 0.002480 -0.000572 -0.055505 -0.794805 -0.934043 -0.415618 -0.924125 -0.008583 -0.001717
1757664957.680226 -0.050164 0.012398 0.002098 -0.002861 0.016815 -0.002095 -0.033380 0.001335 0.013924 -0.017357 -0.002018 0.005112 0.093652 -0.020409 0.002480 -0.000572 -0.055505 -0.790990 -0.932899 -0.415618 -0.923362 -0.008583 -0.001717
1757664957.682239 -0.050164 0.012398 0.002098 -0.002861 0.016815 -0.002095 -0.033380 0.001335 0.013924 -0.017357 -0.002018 0.005112 0.093652 -0.020409 0.002480 -0.000572 -0.055505 -0.787175 -0.932136 -0.415618 -0.922217 -0.008583 -0.001717
1757664957.684270 -0.050164 0.012398 0.002098 -0.002861 0.016679 -0.002351 -0.033380 0.001335 0.013924 -0.017357 -0.002018 0.005112 0.093652 -0.020409 0.002480 -0.000572 -0.055505 -0.783360 -0.930991 -0.415618 -0.921454 -0.008583 -0.001717
1757664957.686230 -0.050164 0.012398 0.002098 -0.002861 0.016679 -0.002351 -0.033380 0.001335 0.013924 -0.017357 -0.002018 0.005112 0.093652 -0.020409 0.002480 -0.000572 -0.055505 -0.779926 -0.929847 -0.415618 -0.920691 -0.008583 -0.001717
1757664957.688217 -0.050164 0.012398 0.002098 -0.002861 0.016679 -0.002351 -0.033380 0.001335 0.013924 -0.017357 -0.002018 0.005112 0.093652 -0.020409 0.002480 -0.000572 -0.055505 -0.776112 -0.928702 -0.415618 -0.919929 -0.008583 -0.001717
1757664957.690213 -0.050164 0.012398 0.002098 -0.002861 0.016679 -0.002351 -0.033380 0.001335 0.013924 -0.017357 -0.002018 0.005112 0.093652 -0.020409 0.002480 -0.000572 -0.055505 -0.772297 -0.927558 -0.415618 -0.918784 -0.008583 -0.001717
1757664957.692236 -0.050164 0.012398 0.002098 -0.002861 0.016679 -0.002351 -0.033380 0.001335 0.013924 -0.017357 -0.002018 0.005112 0.093652 -0.020409 0.002480 -0.000572 -0.055505 -0.768482 -0.926414 -0.415618 -0.918021 -0.008583 -0.001717
1757664957.694227 -0.050164 0.012398 0.002098 -0.002861 0.016679 -0.002351 -0.033380 0.001335 0.013924 -0.017357 -0.002018 0.005112 0.093652 -0.020409 0.002480 -0.000572 -0.055123 -0.764668 -0.925269 -0.415618 -0.917258 -0.008583 -0.001717
1757664957.696221 -0.050164 0.012398 0.002098 -0.002861 0.016679 -0.002351 -0.033380 0.001335 0.013924 -0.017357 -0.002018 0.005112 0.093652 -0.020409 0.002480 -0.000572 -0.055123 -0.761234 -0.924506 -0.415618 -0.916495 -0.008583 -0.001717
1757664957.698255 -0.050164 0.012398 0.002098 -0.002861 0.016679 -0.002351 -0.033380 0.001335 0.013924 -0.017357 -0.002018 0.005112 0.093652 -0.020409 0.002480 -0.000572 -0.055123 -0.757420 -0.923362 -0.415618 -0.915732 -0.008583 -0.001717
1757664957.700226 -0.050164 0.012398 0.002098 -0.002861 0.016679 -0.002351 -0.033380 0.001335 0.013924 -0.017357 -0.002018 0.005112 0.093652 -0.020409 0.002480 -0.000572 -0.055123 -0.753605 -0.921836 -0.415618 -0.914969 -0.008583 -0.001717
1757664957.702219 -0.050164 0.012398 0.002098 -0.002861 0.016544 -0.002607 -0.033380 0.001335 0.013924 -0.017357 -0.002018 0.005112 0.093652 -0.020409 0.002480 -0.000572 -0.055123 -0.749790 -0.920691 -0.415618 -0.914207 -0.008583 -0.001717
1757664957.704215 -0.050164 0.012398 0.002098 -0.002861 0.016409 -0.002354 -0.033380 0.001335 0.013924 -0.017357 -0.002018 0.005112 0.093652 -0.020409 0.002480 -0.000572 -0.055123 -0.745975 -0.919166 -0.415618 -0.913444 -0.008583 -0.001717
1757664957.706219 -0.050164 0.012398 0.002098 -0.002861 0.016409 -0.002354 -0.033380 0.001335 0.013924 -0.017357 -0.002018 0.005112 0.093652 -0.020409 0.002480 -0.000572 -0.055123 -0.741779 -0.917640 -0.415618 -0.912681 -0.008583 -0.001717
1757664957.708249 -0.050164 0.012398 0.002098 -0.002861 0.016409 -0.002354 -0.033380 0.001335 0.013924 -0.017357 -0.002018 0.005112 0.093652 -0.020409 0.002480 -0.000572 -0.055123 -0.737965 -0.916495 -0.415618 -0.911918 -0.008583 -0.001717
1757664957.710226 -0.050164 0.012398 0.002098 -0.002861 0.016409 -0.002354 -0.033380 0.001335 0.013924 -0.017357 -0.002018 0.005112 0.093652 -0.020409 0.002480 -0.000572 -0.055123 -0.734150 -0.914969 -0.415618 -0.911155 -0.008583 -0.001717
1757664957.712276 -0.050164 0.012398 0.002098 -0.002861 0.016409 -0.002354 -0.033380 0.001335 0.013924 -0.017357 -0.002018 0.005112 0.093652 -0.020409 0.002480 -0.000572 -0.055123 -0.730335 -0.913444 -0.415618 -0.910010 -0.008583 -0.001717
1757664957.714235 -0.050164 0.012398 0.002098 -0.002861 0.016409 -0.002354 -0.033380 0.001335 0.013924 -0.017357 -0.002018 0.005112 0.093652 -0.020409 0.002480 -0.000572 -0.055123 -0.726521 -0.912299 -0.415618 -0.909247 -0.008583 -0.001717
1757664957.716222 -0.050164 0.012398 0.002098 -0.002861 0.016409 -0.002354 -0.033380 0.001335 0.013924 -0.017357 -0.002018 0.005112 0.093270 -0.020409 0.002480 -0.000572 -0.055123 -0.722706 -0.910773 -0.415618 -0.908866 -0.008583 -0.001717
1757664957.718236 -0.050164 0.012398 0.002098 -0.002861 0.016409 -0.002354 -0.033380 0.001335 0.013924 -0.017357 -0.002018 0.005112 0.093270 -0.020409 0.002480 -0.000572 -0.055123 -0.718891 -0.909247 -0.415618 -0.908103 -0.008583 -0.001717
1757664957.720227 -0.050164 0.012398 0.002098 -0.002861 0.016409 -0.002354 -0.033380 0.001335 0.013924 -0.017357 -0.002018 0.005112 0.093270 -0.020409 0.002480 -0.000572 -0.055123 -0.715457 -0.907722 -0.415618 -0.907340 -0.008583 -0.001717
1757664957.722213 -0.050164 0.012398 0.002098 -0.002861 0.016409 -0.002354 -0.033380 0.001335 0.013924 -0.017357 -0.002018 0.005112 0.093270 -0.020409 0.002480 -0.000572 -0.055123 -0.711642 -0.906195 -0.415618 -0.906577 -0.008583 -0.001717
1757664957.724219 -0.050164 0.012398 0.002098 -0.002861 0.016409 -0.002354 -0.033380 0.001335 0.013924 -0.017357 -0.002018 0.005112 0.093270 -0.020409 0.002480 -0.000572 -0.055123 -0.707828 -0.904669 -0.415618 -0.905813 -0.008583 -0.001717
1757664957.726232 -0.050164 0.012398 0.002098 -0.002861 0.016274 -0.002610 -0.033380 0.001335 0.013924 -0.017357 -0.002018 0.005112 0.093270 -0.020409 0.002480 -0.000572 -0.055123 -0.704013 -0.902761 -0.415618 -0.905050 -0.008583 -0.001717
1757664957.728236 -0.050164 0.012398 0.002098 -0.002861 0.016274 -0.002610 -0.033380 0.001335 0.013924 -0.017357 -0.002018 0.005112 0.092889 -0.020409 0.002480 -0.000572 -0.055123 -0.699817 -0.901236 -0.415999 -0.904287 -0.008583 -0.001717
1757664957.730215 -0.050164 0.012398 0.002098 -0.002861 0.016274 -0.002610 -0.033380 0.001335 0.013924 -0.017357 -0.002018 0.005112 0.092889 -0.020409 0.002480 -0.000572 -0.055123 -0.696002 -0.899710 -0.415999 -0.903524 -0.008583 -0.001717
1757664957.732215 -0.050164 0.012398 0.002098 -0.002861 0.016274 -0.002610 -0.033380 0.001335 0.013924 -0.017357 -0.002018 0.005112 0.092889 -0.020409 0.002480 -0.000572 -0.055123 -0.692187 -0.897802 -0.415999 -0.902761 -0.008583 -0.001717
1757664957.734225 -0.050164 0.012398 0.002098 -0.002861 0.016274 -0.002610 -0.033380 0.001335 0.013924 -0.017357 -0.002018 0.005112 0.092889 -0.020409 0.002480 -0.000572 -0.055123 -0.688373 -0.895895 -0.415999 -0.901999 -0.008583 -0.001717
1757664957.736223 -0.050164 0.012398 0.002098 -0.002861 0.016274 -0.002610 -0.033380 0.001335 0.013924 -0.017357 -0.002018 0.005112 0.092889 -0.020409 0.002480 -0.000572 -0.055123 -0.684558 -0.894369 -0.415999 -0.901236 -0.008583 -0.001717
1757664957.738268 -0.050164 0.012398 0.002098 -0.002861 0.016274 -0.002610 -0.033380 0.001335 0.013924 -0.017357 -0.002018 0.005112 0.092889 -0.020409 0.002480 -0.000572 -0.055123 -0.680743 -0.892462 -0.415999 -0.900473 -0.008583 -0.001717
1757664957.740240 -0.050164 0.012398 0.002098 -0.002861 0.016274 -0.002610 -0.033380 0.001335 0.013924 -0.017357 -0.002018 0.005112 0.092889 -0.020409 0.002480 -0.000572 -0.055123 -0.676929 -0.890554 -0.415999 -0.899328 -0.008583 -0.001717
1757664957.742257 -0.050164 0.012398 0.002098 -0.002861 0.016274 -0.002610 -0.033380 0.001335 0.013924 -0.017357 -0.002018 0.005112 0.092507 -0.020409 0.002480 -0.000572 -0.055123 -0.673114 -0.888647 -0.415999 -0.898565 -0.008583 -0.001717
1757664957.744218 -0.050164 0.012398 0.002098 -0.002861 0.016274 -0.002610 -0.033380 0.001335 0.013924 -0.017357 -0.002018 0.005112 0.092507 -0.020409 0.002480 -0.000572 -0.055123 -0.669299 -0.886740 -0.415999 -0.897802 -0.008583 -0.001717
1757664957.746229 -0.050164 0.012398 0.002098 -0.002861 0.016274 -0.002610 -0.033380 0.001335 0.013924 -0.017357 -0.002018 0.005112 0.092507 -0.020409 0.002480 -0.000572 -0.055123 -0.665484 -0.884832 -0.415999 -0.897039 -0.008583 -0.001717
1757664957.748228 -0.050164 0.012398 0.002098 -0.002861 0.016274 -0.002610 -0.033380 0.001335 0.013924 -0.017357 -0.002018 0.005112 0.092507 -0.020409 0.002480 -0.000572 -0.055123 -0.661670 -0.882925 -0.415999 -0.896276 -0.008583 -0.001717
1757664957.750219 -0.050164 0.012398 0.002098 -0.002861 0.016139 -0.002866 -0.033380 0.001335 0.013924 -0.017357 -0.002018 0.005112 0.092507 -0.020409 0.002480 -0.000572 -0.055123 -0.657855 -0.880636 -0.415999 -0.895132 -0.008583 -0.001717
1757664957.752216 -0.050164 0.012398 0.002098 -0.002861 0.016139 -0.002866 -0.033380 0.001335 0.013924 -0.017357 -0.002018 0.005112 0.092507 -0.020409 0.002480 -0.000572 -0.055123 -0.654039 -0.878729 -0.415999 -0.894369 -0.008583 -0.001717
1757664957.754230 -0.050164 0.012398 0.002098 -0.002861 0.016139 -0.002866 -0.033380 0.001335 0.013924 -0.017357 -0.002018 0.005112 0.092507 -0.020409 0.002480 -0.000572 -0.055123 -0.650225 -0.876822 -0.415999 -0.893606 -0.008583 -0.001717
1757664957.756225 -0.050164 0.012398 0.002098 -0.002861 0.016139 -0.002866 -0.033380 0.001335 0.013924 -0.017357 -0.002018 0.005112 0.092507 -0.020409 0.002480 -0.000572 -0.055123 -0.646410 -0.874533 -0.415999 -0.892462 -0.008583 -0.001717
1757664957.758222 -0.050164 0.012398 0.002098 -0.002861 0.016139 -0.002866 -0.033380 0.001335 0.013924 -0.017357 -0.002018 0.005112 0.092126 -0.020409 0.002480 -0.000572 -0.055123 -0.642595 -0.872625 -0.415999 -0.891699 -0.008583 -0.001717
1757664957.760215 -0.050164 0.012398 0.002098 -0.002861 0.016139 -0.002866 -0.033380 0.001335 0.013924 -0.017357 -0.002018 0.005112 0.092126 -0.020409 0.002480 -0.000572 -0.055123 -0.639162 -0.870337 -0.415999 -0.890936 -0.008583 -0.001717
1757664957.762234 -0.050164 0.012398 0.002098 -0.002861 0.016139 -0.002866 -0.033380 0.001335 0.013924 -0.017357 -0.002018 0.005112 0.092126 -0.020409 0.002480 -0.000572 -0.055123 -0.635347 -0.868429 -0.415999 -0.889791 -0.008583 -0.001717
1757664957.764225 -0.050164 0.012398 0.002098 -0.002861 0.016139 -0.002866 -0.033380 0.001335 0.013924 -0.017357 -0.002018 0.005112 0.092126 -0.020409 0.002480 -0.000572 -0.055123 -0.631533 -0.866140 -0.415999 -0.889029 -0.008583 -0.001717
1757664957.766219 -0.050164 0.012398 0.002098 -0.002861 0.016139 -0.002866 -0.033380 0.001335 0.013924 -0.017357 -0.002018 0.005112 0.092126 -0.020409 0.002480 -0.000572 -0.055123 -0.627718 -0.863852 -0.415999 -0.887884 -0.008583 -0.001717
1757664957.768235 -0.050164 0.012398 0.002098 -0.002861 0.016139 -0.002866 -0.033380 0.001335 0.013924 -0.017357 -0.002018 0.005112 0.092126 -0.020409 0.002480 -0.000572 -0.055123 -0.624285 -0.861563 -0.416381 -0.887121 -0.008583 -0.001717
1757664957.770294 -0.050164 0.012398 0.002098 -0.002861 0.016139 -0.002866 -0.033380 0.001335 0.013924 -0.017357 -0.002018 0.005112 0.091744 -0.020409 0.002480 -0.000572 -0.055123 -0.620470 -0.859274 -0.416381 -0.886358 -0.008583 -0.001717
1757664957.772241 -0.050164 0.012398 0.002098 -0.002861 0.016139 -0.002866 -0.033380 0.001335 0.013924 -0.017357 -0.002018 0.005112 0.091744 -0.020409 0.002480 -0.000572 -0.055123 -0.616655 -0.856985 -0.416381 -0.885214 -0.008583 -0.001717
1757664957.774224 -0.050164 0.012398 0.002098 -0.002861 0.016139 -0.002866 -0.033380 0.001335 0.013924 -0.017357 -0.002018 0.005112 0.091744 -0.020409 0.002480 -0.000572 -0.055123 -0.612841 -0.854696 -0.416381 -0.884451 -0.008583 -0.001717
1757664957.776227 -0.050164 0.012398 0.002098 -0.002861 0.016139 -0.002866 -0.033380 0.001335 0.013924 -0.017357 -0.002018 0.005112 0.091744 -0.020409 0.002480 -0.000572 -0.055123 -0.609407 -0.852407 -0.416381 -0.883688 -0.008583 -0.001717
1757664957.778214 -0.050164 0.012398 0.002098 -0.002861 0.016004 -0.003122 -0.033380 0.001335 0.013924 -0.017357 -0.002018 0.005112 0.091744 -0.020409 0.002480 -0.000572 -0.055123 -0.605593 -0.850119 -0.416381 -0.882544 -0.008583 -0.001717
1757664957.780212 -0.050164 0.012398 0.002098 -0.002861 0.016004 -0.003122 -0.033380 0.001335 0.013924 -0.017357 -0.002018 0.005112 0.091744 -0.020409 0.002480 -0.000572 -0.055123 -0.601778 -0.847830 -0.416381 -0.881781 -0.008583 -0.001717
1757664957.782227 -0.050164 0.012398 0.002098 -0.002861 0.016004 -0.003122 -0.033380 0.001335 0.013924 -0.017357 -0.002018 0.005112 0.091363 -0.020409 0.002480 -0.000572 -0.055123 -0.598345 -0.845541 -0.416381 -0.881018 -0.008583 -0.001717
1757664957.784214 -0.050164 0.012016 0.002098 -0.002861 0.016004 -0.003122 -0.033380 0.001335 0.013924 -0.017357 -0.002018 0.005112 0.091363 -0.020409 0.002480 -0.000572 -0.055123 -0.594530 -0.842870 -0.416381 -0.879873 -0.008583 -0.001717
1757664957.786214 -0.050164 0.012016 0.002098 -0.002861 0.016004 -0.003122 -0.033380 0.001335 0.013924 -0.017357 -0.002018 0.005112 0.091363 -0.020409 0.002480 -0.000572 -0.055123 -0.591096 -0.840581 -0.416381 -0.879110 -0.008583 -0.001717
1757664957.788213 -0.050164 0.012016 0.002098 -0.002861 0.016004 -0.003122 -0.033380 0.001335 0.013924 -0.017357 -0.002018 0.005112 0.091363 -0.020409 0.002480 -0.000572 -0.055123 -0.587281 -0.838292 -0.416381 -0.878347 -0.008583 -0.001717
1757664957.790226 -0.050164 0.012016 0.002098 -0.002861 0.016004 -0.003122 -0.033380 0.001335 0.013924 -0.017357 -0.002018 0.005112 0.090981 -0.020409 0.002480 -0.000572 -0.055123 -0.583848 -0.835622 -0.416381 -0.877584 -0.008583 -0.001717
1757664957.792215 -0.050164 0.012016 0.002098 -0.002861 0.016004 -0.003122 -0.033380 0.001335 0.013924 -0.017357 -0.002018 0.005112 0.090981 -0.020409 0.002480 -0.000572 -0.055123 -0.580033 -0.833333 -0.416381 -0.876822 -0.008583 -0.001717
1757664957.794215 -0.050164 0.012016 0.002098 -0.002861 0.016004 -0.003122 -0.033380 0.001335 0.013924 -0.017357 -0.002018 0.005112 0.090981 -0.020409 0.002480 -0.000572 -0.055123 -0.576600 -0.830663 -0.416381 -0.876059 -0.008583 -0.001717
1757664957.796227 -0.050164 0.012016 0.002098 -0.002861 0.016004 -0.003122 -0.033380 0.001335 0.013924 -0.017357 -0.002018 0.005112 0.090981 -0.020409 0.002480 -0.000572 -0.055123 -0.573167 -0.828374 -0.416381 -0.875296 -0.008583 -0.001717
1757664957.798213 -0.050164 0.012016 0.002098 -0.002861 0.016004 -0.003122 -0.033380 0.001335 0.013924 -0.017357 -0.002018 0.005112 0.090981 -0.020409 0.002480 -0.000572 -0.055123 -0.569352 -0.825704 -0.416381 -0.874533 -0.008583 -0.001717
1757664957.800215 -0.050164 0.012016 0.002098 -0.002861 0.016004 -0.003122 -0.033380 0.001335 0.013924 -0.017357 -0.002018 0.005112 0.090981 -0.020409 0.002480 -0.000572 -0.055123 -0.565919 -0.823415 -0.416381 -0.873770 -0.008583 -0.001717
1757664957.802236 -0.050164 0.012016 0.002098 -0.002861 0.016004 -0.003122 -0.033380 0.001335 0.013924 -0.017357 -0.002018 0.005112 0.090600 -0.020409 0.002480 -0.000572 -0.055123 -0.562486 -0.820745 -0.416381 -0.873007 -0.008583 -0.001717
1757664957.804232 -0.050164 0.012016 0.002098 -0.002861 0.016004 -0.003122 -0.033380 0.001335 0.013924 -0.017357 -0.002018 0.005112 0.090600 -0.020409 0.002480 -0.000572 -0.054742 -0.558671 -0.818074 -0.416381 -0.872244 -0.008583 -0.001717
1757664957.806212 -0.050164 0.012016 0.002098 -0.002861 0.016004 -0.003122 -0.033380 0.001335 0.013924 -0.017357 -0.002018 0.005112 0.090600 -0.020409 0.002480 -0.000572 -0.054742 -0.555238 -0.815404 -0.416381 -0.871481 -0.008583 -0.001717
1757664957.808215 -0.050164 0.012016 0.002098 -0.002861 0.016004 -0.003122 -0.033380 0.001335 0.013924 -0.017357 -0.002018 0.005112 0.090600 -0.020409 0.002480 -0.000572 -0.054742 -0.551805 -0.813115 -0.416381 -0.870718 -0.008583 -0.001717
1757664957.810224 -0.050164 0.012016 0.002098 -0.002861 0.016004 -0.003122 -0.033380 0.001335 0.013924 -0.017357 -0.002018 0.005112 0.090600 -0.020409 0.002480 -0.000572 -0.054742 -0.548371 -0.810445 -0.416381 -0.869955 -0.008583 -0.001717
1757664957.812215 -0.050164 0.012016 0.002098 -0.002861 0.016004 -0.003122 -0.033380 0.001335 0.013924 -0.017357 -0.002018 0.005112 0.090600 -0.020409 0.002480 -0.000572 -0.054742 -0.544938 -0.807775 -0.416381 -0.869574 -0.008583 -0.001717
1757664957.814214 -0.050164 0.012016 0.002098 -0.002861 0.016004 -0.003122 -0.033380 0.001335 0.013924 -0.017357 -0.002018 0.005112 0.090600 -0.020409 0.002480 -0.000572 -0.054742 -0.541123 -0.805486 -0.416381 -0.868811 -0.008583 -0.001717
1757664957.816252 -0.050164 0.012016 0.002098 -0.002861 0.016004 -0.003122 -0.033380 0.001335 0.013924 -0.017357 -0.002018 0.005112 0.090219 -0.020409 0.002480 -0.000572 -0.054742 -0.537690 -0.802815 -0.416381 -0.868048 -0.008583 -0.001717
1757664957.818223 -0.050164 0.012016 0.002098 -0.002861 0.016004 -0.003122 -0.033380 0.001335 0.013924 -0.017357 -0.002018 0.005112 0.090219 -0.020409 0.002480 -0.000572 -0.054742 -0.534257 -0.800145 -0.416381 -0.867285 -0.008583 -0.001717
1757664957.820223 -0.050164 0.012016 0.002098 -0.002861 0.016004 -0.003122 -0.033380 0.001335 0.013924 -0.017357 -0.002018 0.005112 0.090219 -0.020409 0.002480 -0.000572 -0.054742 -0.530823 -0.797475 -0.416381 -0.866522 -0.008583 -0.001717
1757664957.822213 -0.050164 0.012016 0.002098 -0.002861 0.016004 -0.003122 -0.033380 0.001335 0.013924 -0.017357 -0.002018 0.005112 0.090219 -0.020409 0.002480 -0.000572 -0.054742 -0.527390 -0.794805 -0.416381 -0.865759 -0.008583 -0.001717
1757664957.824219 -0.050164 0.012016 0.002098 -0.002861 0.016004 -0.003122 -0.033380 0.001335 0.013924 -0.017357 -0.002018 0.005112 0.090219 -0.020409 0.002480 -0.000572 -0.054742 -0.523575 -0.792134 -0.416381 -0.864614 -0.008583 -0.001717
1757664957.826214 -0.050164 0.012016 0.002098 -0.002861 0.016004 -0.003122 -0.033380 0.001335 0.013924 -0.017357 -0.002018 0.005112 0.090219 -0.020409 0.002480 -0.000572 -0.054742 -0.520142 -0.789845 -0.416381 -0.863852 -0.008583 -0.001717
1757664957.828215 -0.050164 0.012016 0.002098 -0.002861 0.016004 -0.003122 -0.033380 0.001335 0.013924 -0.017357 -0.002018 0.005112 0.090219 -0.020409 0.002480 -0.000572 -0.054742 -0.516708 -0.787175 -0.416381 -0.863089 -0.008583 -0.001717
1757664957.830232 -0.050164 0.012016 0.002098 -0.002861 0.016004 -0.003122 -0.033380 0.001335 0.013924 -0.017357 -0.002018 0.005112 0.090219 -0.020409 0.002480 -0.000572 -0.054742 -0.512894 -0.784505 -0.416381 -0.861944 -0.008583 -0.001717
1757664957.832219 -0.050164 0.012016 0.002098 -0.002861 0.016004 -0.003122 -0.033380 0.001335 0.013924 -0.017357 -0.002018 0.005112 0.090219 -0.020409 0.002480 -0.000572 -0.054742 -0.509460 -0.781835 -0.416762 -0.861181 -0.008583 -0.001717
1757664957.834247 -0.050164 0.012016 0.002098 -0.002861 0.016004 -0.003122 -0.033380 0.001335 0.013924 -0.017357 -0.002018 0.005112 0.090219 -0.020409 0.002480 -0.000572 -0.054742 -0.506027 -0.779163 -0.416762 -0.860037 -0.008583 -0.001717
1757664957.836208 -0.050164 0.012016 0.002098 -0.002861 0.016004 -0.003122 -0.033380 0.001335 0.013924 -0.017357 -0.002018 0.005112 0.090219 -0.020409 0.002480 -0.000572 -0.054742 -0.502594 -0.776875 -0.416762 -0.859274 -0.008583 -0.001717
1757664957.838249 -0.050164 0.012016 0.002098 -0.002861 0.016004 -0.003122 -0.033380 0.001335 0.013924 -0.017357 -0.002018 0.005112 0.090219 -0.020409 0.002480 -0.000572 -0.054742 -0.499161 -0.774204 -0.416762 -0.858130 -0.008583 -0.001717
1757664957.840217 -0.050164 0.012016 0.002098 -0.002861 0.016004 -0.003122 -0.033380 0.001335 0.013924 -0.017357 -0.002018 0.005112 0.090219 -0.020409 0.002480 -0.000572 -0.054742 -0.495728 -0.771534 -0.416762 -0.856985 -0.008583 -0.001717
1757664957.842225 -0.050164 0.012016 0.002098 -0.002861 0.016004 -0.003122 -0.033380 0.001335 0.013924 -0.017357 -0.002018 0.005112 0.090219 -0.020409 0.002480 -0.000572 -0.054742 -0.492294 -0.769245 -0.416762 -0.855841 -0.008583 -0.001717
1757664957.844241 -0.050164 0.012016 0.002098 -0.002861 0.016004 -0.003122 -0.033380 0.001335 0.013924 -0.017357 -0.002018 0.005112 0.090219 -0.020409 0.002480 -0.000572 -0.054742 -0.488861 -0.766575 -0.416762 -0.854696 -0.008583 -0.001717
1757664957.846216 -0.050164 0.012016 0.002098 -0.002861 0.016004 -0.003122 -0.033380 0.001335 0.013924 -0.017357 -0.002018 0.005112 0.090219 -0.020409 0.002480 -0.000572 -0.054742 -0.485428 -0.763905 -0.416762 -0.853552 -0.008583 -0.001717
1757664957.848222 -0.050164 0.012016 0.002098 -0.002861 0.016004 -0.003122 -0.033380 0.001335 0.013924 -0.017357 -0.002018 0.005112 0.090219 -0.020409 0.002480 -0.000572 -0.054742 -0.481995 -0.761616 -0.416762 -0.852407 -0.008583 -0.001717
1757664957.850202 -0.050164 0.012016 0.002098 -0.002861 0.016004 -0.003122 -0.033380 0.001335 0.013924 -0.017357 -0.002018 0.005112 0.090219 -0.020409 0.002480 -0.000572 -0.054742 -0.478561 -0.758945 -0.416762 -0.851263 -0.008583 -0.001717
1757664957.852237 -0.050164 0.012016 0.002098 -0.002861 0.016004 -0.003122 -0.033380 0.001335 0.013924 -0.017357 -0.002018 0.005112 0.090219 -0.020409 0.002480 -0.000572 -0.054742 -0.475128 -0.756275 -0.416762 -0.850119 -0.008583 -0.001717
1757664957.854218 -0.050164 0.012016 0.002098 -0.002861 0.016004 -0.003122 -0.033380 0.001335 0.013924 -0.017357 -0.002018 0.005112 0.090219 -0.020409 0.002480 -0.000572 -0.054742 -0.471695 -0.753986 -0.416762 -0.848593 -0.008583 -0.001717
1757664957.856205 -0.050164 0.012016 0.002098 -0.002861 0.016004 -0.003122 -0.033380 0.001335 0.013924 -0.017357 -0.002018 0.005112 0.090219 -0.020409 0.002480 -0.000572 -0.054742 -0.468642 -0.751316 -0.416762 -0.847448 -0.008583 -0.001717
1757664957.858238 -0.050164 0.012016 0.002098 -0.002861 0.016004 -0.003122 -0.033380 0.001335 0.013924 -0.017357 -0.002018 0.005112 0.090219 -0.020409 0.002480 -0.000572 -0.054742 -0.465209 -0.748646 -0.416381 -0.846304 -0.008583 -0.001717
1757664957.860223 -0.050164 0.012016 0.002098 -0.002861 0.016004 -0.003122 -0.033380 0.001335 0.013924 -0.017357 -0.002018 0.005112 0.090219 -0.020409 0.002480 -0.000572 -0.054742 -0.461776 -0.746357 -0.416762 -0.844778 -0.008583 -0.001717
1757664957.862222 -0.050164 0.012016 0.002098 -0.002861 0.016004 -0.003122 -0.033380 0.001335 0.013924 -0.017357 -0.002018 0.005112 0.090219 -0.020409 0.002480 -0.000572 -0.054742 -0.458724 -0.743687 -0.416381 -0.843633 -0.008583 -0.001717
1757664957.864204 -0.050164 0.012016 0.002098 -0.002861 0.016004 -0.003122 -0.033380 0.001335 0.013924 -0.017357 -0.002018 0.005112 0.090219 -0.020409 0.002480 -0.000572 -0.054742 -0.455291 -0.741016 -0.416381 -0.842107 -0.008583 -0.001717
1757664957.866256 -0.050164 0.012016 0.002098 -0.002861 0.016004 -0.003122 -0.033380 0.001335 0.013924 -0.017357 -0.002018 0.005112 0.090219 -0.020409 0.002480 -0.000572 -0.054742 -0.452239 -0.738728 -0.416381 -0.840962 -0.008583 -0.001717
1757664957.868217 -0.050164 0.012016 0.002098 -0.002861 0.016004 -0.003122 -0.033380 0.001335 0.013924 -0.017357 -0.002018 0.005112 0.090219 -0.020409 0.002480 -0.000572 -0.054742 -0.448806 -0.736057 -0.416381 -0.839437 -0.008583 -0.001717
1757664957.870227 -0.050164 0.012016 0.002098 -0.002861 0.016004 -0.003122 -0.033380 0.001335 0.013924 -0.017357 -0.002018 0.005112 0.090219 -0.020409 0.002480 -0.000572 -0.054742 -0.445754 -0.733387 -0.416381 -0.837911 -0.008583 -0.001717
1757664957.872231 -0.050164 0.012016 0.002098 -0.002861 0.016004 -0.003122 -0.033380 0.001335 0.013924 -0.017357 -0.002018 0.005112 0.090219 -0.020409 0.002480 -0.000572 -0.054742 -0.442321 -0.730717 -0.416381 -0.836766 -0.008583 -0.001717
1757664957.874238 -0.050164 0.012016 0.002098 -0.002861 0.016004 -0.003122 -0.033380 0.001335 0.013924 -0.017357 -0.002018 0.005112 0.090219 -0.020409 0.002480 -0.000572 -0.054742 -0.439269 -0.728046 -0.416381 -0.835240 -0.008583 -0.001717
1757664957.876227 -0.050164 0.012016 0.002098 -0.002861 0.016004 -0.003122 -0.033380 0.001335 0.013924 -0.017357 -0.002018 0.005112 0.090219 -0.020409 0.002480 -0.000572 -0.054742 -0.435836 -0.725758 -0.416381 -0.833714 -0.008583 -0.001717
1757664957.878238 -0.050164 0.012016 0.002098 -0.002861 0.016004 -0.003122 -0.033380 0.001335 0.013924 -0.017357 -0.002018 0.005112 0.090219 -0.020409 0.002480 -0.000572 -0.054742 -0.432784 -0.723087 -0.416381 -0.832570 -0.008583 -0.001717
1757664957.880222 -0.050164 0.012016 0.002098 -0.002861 0.016004 -0.003122 -0.033380 0.001335 0.013924 -0.017357 -0.002018 0.005112 0.090219 -0.020409 0.002480 -0.000572 -0.054742 -0.429732 -0.720417 -0.416381 -0.831044 -0.008583 -0.001717
1757664957.882239 -0.050164 0.012016 0.002098 -0.002861 0.016004 -0.003122 -0.033380 0.001335 0.013924 -0.017357 -0.002018 0.005112 0.090219 -0.020409 0.002480 -0.000572 -0.054742 -0.426681 -0.717746 -0.416381 -0.829518 -0.008583 -0.001717
1757664957.884220 -0.050164 0.012016 0.002098 -0.002861 0.016004 -0.003122 -0.033380 0.001335 0.013924 -0.017357 -0.002018 0.005112 0.090219 -0.020409 0.002480 -0.000572 -0.054742 -0.423629 -0.715075 -0.416381 -0.827992 -0.008583 -0.001717
1757664957.886286 -0.050164 0.012016 0.002098 -0.002861 0.016004 -0.003122 -0.033380 0.001335 0.013924 -0.017357 -0.002018 0.005112 0.090219 -0.020409 0.002480 -0.000572 -0.054742 -0.420577 -0.712787 -0.416381 -0.826467 -0.008583 -0.001717
1757664957.888224 -0.050164 0.012016 0.002098 -0.002861 0.016004 -0.003122 -0.033380 0.001335 0.013924 -0.017357 -0.002018 0.005112 0.090219 -0.020409 0.002480 -0.000572 -0.054742 -0.417907 -0.710116 -0.416381 -0.824941 -0.008583 -0.001717
1757664957.890240 -0.050164 0.012016 0.002098 -0.002861 0.016004 -0.003122 -0.033380 0.001335 0.013924 -0.017357 -0.002018 0.005112 0.090219 -0.020409 0.002480 -0.000572 -0.054742 -0.414855 -0.707446 -0.416381 -0.823415 -0.008583 -0.001717
1757664957.892221 -0.050164 0.012016 0.002098 -0.002861 0.016004 -0.003122 -0.033380 0.001335 0.013924 -0.017357 -0.002018 0.005112 0.090219 -0.020409 0.002480 -0.000572 -0.054742 -0.411803 -0.704776 -0.416381 -0.821889 -0.008583 -0.001717
1757664957.894223 -0.050164 0.012016 0.002098 -0.002861 0.016004 -0.003122 -0.033380 0.001335 0.013924 -0.017357 -0.002018 0.005112 0.090219 -0.020409 0.002480 -0.000572 -0.054742 -0.409133 -0.702106 -0.416381 -0.820363 -0.008583 -0.001717
1757664957.896343 -0.050164 0.012016 0.002098 -0.002861 0.016004 -0.003122 -0.033380 0.001335 0.013924 -0.017357 -0.002018 0.005112 0.090219 -0.020409 0.002480 -0.000572 -0.054742 -0.406080 -0.699435 -0.416381 -0.818837 -0.008583 -0.001717
1757664957.898280 -0.050164 0.012016 0.002098 -0.002861 0.016004 -0.003122 -0.033380 0.001335 0.013924 -0.017357 -0.002018 0.005112 0.090219 -0.020409 0.002480 -0.000572 -0.054742 -0.403410 -0.696765 -0.416381 -0.817311 -0.008583 -0.001717
1757664957.900322 -0.050164 0.012016 0.002098 -0.002861 0.016004 -0.003122 -0.033380 0.001335 0.013924 -0.017357 -0.002018 0.005112 0.090600 -0.020409 0.002480 -0.000572 -0.054742 -0.400358 -0.694095 -0.416381 -0.815785 -0.008583 -0.001717
1757664957.902276 -0.050164 0.012016 0.002098 -0.002861 0.016004 -0.003122 -0.033380 0.001335 0.013924 -0.017357 -0.002018 0.005112 0.090600 -0.020409 0.002480 -0.000572 -0.054742 -0.397688 -0.691424 -0.416381 -0.814260 -0.008583 -0.001717
1757664957.904278 -0.050164 0.012016 0.002098 -0.002861 0.016004 -0.003122 -0.033380 0.001335 0.013924 -0.017357 -0.002018 0.005112 0.090600 -0.020409 0.002480 -0.000572 -0.054742 -0.395018 -0.688754 -0.416381 -0.812352 -0.008583 -0.001717
1757664957.906284 -0.050164 0.012016 0.002098 -0.002861 0.016004 -0.003122 -0.033380 0.001335 0.013924 -0.017357 -0.002018 0.005112 0.090600 -0.020409 0.002480 -0.000572 -0.054742 -0.392347 -0.686084 -0.416381 -0.810826 -0.008583 -0.001717
1757664957.908262 -0.050164 0.012016 0.002098 -0.002861 0.016004 -0.003122 -0.033380 0.001335 0.013924 -0.017357 -0.002018 0.005112 0.090600 -0.020409 0.002480 -0.000572 -0.054742 -0.390059 -0.683414 -0.416381 -0.808919 -0.008583 -0.001717
1757664957.910290 -0.050164 0.012016 0.002098 -0.002861 0.016004 -0.003122 -0.033380 0.001335 0.013924 -0.017357 -0.002018 0.005112 0.090600 -0.020409 0.002480 -0.000572 -0.054742 -0.387388 -0.680743 -0.416381 -0.807393 -0.008583 -0.001717
1757664957.912272 -0.050164 0.012016 0.002098 -0.002861 0.016004 -0.003122 -0.033380 0.001335 0.013924 -0.017357 -0.002018 0.005112 0.090600 -0.020409 0.002480 -0.000572 -0.054742 -0.384718 -0.678073 -0.416381 -0.805486 -0.008583 -0.001717
1757664957.914265 -0.050164 0.012016 0.002098 -0.002861 0.016004 -0.003122 -0.033380 0.001335 0.013924 -0.017357 -0.002018 0.005112 0.090600 -0.020409 0.002480 -0.000572 -0.054742 -0.382048 -0.675403 -0.416381 -0.803578 -0.008583 -0.001717
1757664957.916296 -0.050164 0.012016 0.002098 -0.002861 0.016004 -0.003122 -0.032998 0.001335 0.013924 -0.017357 -0.002018 0.005112 0.090600 -0.020409 0.002480 -0.000572 -0.054742 -0.379377 -0.672732 -0.416381 -0.801671 -0.008583 -0.001717
1757664957.918273 -0.050164 0.012016 0.002098 -0.002861 0.016004 -0.003122 -0.032998 0.001335 0.013924 -0.017357 -0.002018 0.005112 0.090600 -0.020409 0.002480 -0.000572 -0.054742 -0.377089 -0.670062 -0.416381 -0.799764 -0.008583 -0.001717
1757664957.920282 -0.050164 0.012016 0.002098 -0.002861 0.016004 -0.003122 -0.032998 0.001335 0.013924 -0.017357 -0.002018 0.005112 0.090600 -0.020409 0.002480 -0.000572 -0.054742 -0.374418 -0.667773 -0.416381 -0.797475 -0.008583 -0.001717
1757664957.922260 -0.050164 0.012016 0.002098 -0.002861 0.016004 -0.003122 -0.032998 0.001335 0.013924 -0.017357 -0.002018 0.005112 0.090600 -0.020409 0.002480 -0.000572 -0.054742 -0.372129 -0.665103 -0.416381 -0.795568 -0.008583 -0.001717
1757664957.924300 -0.050164 0.012016 0.002098 -0.002861 0.016004 -0.003122 -0.032998 0.001335 0.013924 -0.017357 -0.002018 0.005112 0.090600 -0.020409 0.002480 -0.000572 -0.054742 -0.369841 -0.662433 -0.416381 -0.793279 -0.008583 -0.001717
1757664957.926272 -0.050164 0.012016 0.002098 -0.002861 0.016004 -0.003122 -0.032998 0.001335 0.013924 -0.017357 -0.002018 0.005112 0.090600 -0.020409 0.002480 -0.000572 -0.054742 -0.367170 -0.659762 -0.416381 -0.791371 -0.008583 -0.001717
1757664957.928299 -0.050164 0.012016 0.002098 -0.002861 0.016004 -0.003122 -0.032998 0.001335 0.013924 -0.017357 -0.002018 0.005112 0.090600 -0.020409 0.002480 -0.000572 -0.054742 -0.364882 -0.657092 -0.416381 -0.789083 -0.008583 -0.001717
1757664957.930292 -0.050164 0.012016 0.002098 -0.002861 0.016004 -0.003122 -0.032998 0.001335 0.013924 -0.017357 -0.002018 0.005112 0.090600 -0.020409 0.002480 -0.000572 -0.054742 -0.362211 -0.654802 -0.416381 -0.787175 -0.008583 -0.001717
1757664957.932275 -0.050164 0.012016 0.002098 -0.002861 0.016004 -0.003122 -0.032998 0.001335 0.013924 -0.017357 -0.002018 0.005112 0.090600 -0.020409 0.002480 -0.000572 -0.054742 -0.359922 -0.652132 -0.416381 -0.784886 -0.008583 -0.001717
1757664957.934281 -0.050164 0.012016 0.002098 -0.002861 0.016004 -0.003122 -0.032998 0.001335 0.013924 -0.017357 -0.002018 0.005112 0.090600 -0.020409 0.002480 -0.000572 -0.054742 -0.357634 -0.649462 -0.416381 -0.782598 -0.008583 -0.001717
1757664957.936274 -0.050164 0.012016 0.002098 -0.002861 0.016004 -0.003122 -0.032998 0.001335 0.013924 -0.017357 -0.002018 0.005112 0.090600 -0.020409 0.002480 -0.000572 -0.054742 -0.355345 -0.646791 -0.416381 -0.780308 -0.008583 -0.001717
1757664957.938272 -0.050164 0.012016 0.002098 -0.002861 0.016004 -0.003122 -0.032998 0.001335 0.013924 -0.017357 -0.002018 0.005112 0.090600 -0.020409 0.002480 -0.000572 -0.054742 -0.353056 -0.644503 -0.416381 -0.778400 -0.008583 -0.001717
1757664957.940276 -0.050164 0.012016 0.002098 -0.002861 0.016004 -0.003122 -0.032998 0.001335 0.013924 -0.017357 -0.002018 0.005112 0.090600 -0.020409 0.002480 -0.000572 -0.054742 -0.350767 -0.641832 -0.416381 -0.775730 -0.008583 -0.001717
1757664957.942272 -0.050164 0.012016 0.002098 -0.002861 0.016004 -0.003122 -0.032998 0.001335 0.013924 -0.017357 -0.002018 0.005112 0.090600 -0.020409 0.002480 -0.000572 -0.054742 -0.348860 -0.639544 -0.416381 -0.773441 -0.008583 -0.001717
1757664957.944276 -0.050164 0.012016 0.002098 -0.002861 0.016004 -0.003122 -0.032998 0.001335 0.013924 -0.017357 -0.002018 0.005112 0.090600 -0.020409 0.002480 -0.000572 -0.054742 -0.346571 -0.636873 -0.416381 -0.771152 -0.008583 -0.001717
1757664957.946277 -0.050164 0.012016 0.002098 -0.002861 0.016004 -0.003122 -0.032998 0.001335 0.013924 -0.017357 -0.002018 0.005112 0.090600 -0.020409 0.002480 -0.000572 -0.054742 -0.344282 -0.634203 -0.416381 -0.769245 -0.008583 -0.001717
1757664957.948287 -0.050164 0.012016 0.002098 -0.002861 0.016004 -0.003122 -0.032998 0.001335 0.013924 -0.017357 -0.002018 0.005112 0.090600 -0.020409 0.002480 -0.000572 -0.054742 -0.341992 -0.631914 -0.416381 -0.766956 -0.008583 -0.001717
1757664957.950272 -0.050164 0.012016 0.002098 -0.002861 0.016004 -0.003122 -0.032998 0.001335 0.013924 -0.017357 -0.002018 0.005112 0.090600 -0.020409 0.002480 -0.000572 -0.054742 -0.340085 -0.629625 -0.416381 -0.764286 -0.008583 -0.001717
1757664957.952273 -0.050164 0.012016 0.002098 -0.002861 0.016004 -0.003122 -0.032998 0.001335 0.013924 -0.017357 -0.002018 0.005112 0.090600 -0.020409 0.002480 -0.000572 -0.054742 -0.337796 -0.626955 -0.416381 -0.761997 -0.008583 -0.001717
1757664957.954253 -0.050164 0.012016 0.002098 -0.002861 0.016004 -0.003122 -0.032998 0.001335 0.013924 -0.017357 -0.002018 0.005112 0.090600 -0.020409 0.002480 -0.000572 -0.054742 -0.335889 -0.624666 -0.416381 -0.759708 -0.008583 -0.001717
1757664957.956274 -0.050164 0.012016 0.002098 -0.002861 0.016004 -0.003122 -0.032998 0.001335 0.013924 -0.017357 -0.002018 0.005112 0.090600 -0.020409 0.002480 -0.000572 -0.054742 -0.333982 -0.621996 -0.415999 -0.757420 -0.008583 -0.001717
1757664957.958233 -0.050164 0.012016 0.002098 -0.002861 0.016004 -0.003122 -0.032998 0.001335 0.013924 -0.017357 -0.002018 0.005112 0.090600 -0.020409 0.002480 -0.000572 -0.054742 -0.331693 -0.619707 -0.415999 -0.755131 -0.008583 -0.001717
1757664957.960248 -0.050164 0.012016 0.002098 -0.002861 0.016004 -0.003122 -0.032998 0.001335 0.013924 -0.017357 -0.002018 0.005112 0.090600 -0.020409 0.002480 -0.000572 -0.054742 -0.329785 -0.617418 -0.415999 -0.752842 -0.008583 -0.001717
1757664957.962239 -0.050164 0.012016 0.002098 -0.002861 0.016004 -0.003122 -0.032998 0.001335 0.013924 -0.017357 -0.002018 0.005112 0.090600 -0.020409 0.002480 -0.000572 -0.054742 -0.327878 -0.614748 -0.415999 -0.750553 -0.008583 -0.001717
1757664957.964217 -0.050164 0.012016 0.002098 -0.002861 0.016004 -0.003122 -0.032998 0.001335 0.013924 -0.017357 -0.002018 0.005112 0.090600 -0.020409 0.002480 -0.000572 -0.054742 -0.325971 -0.612459 -0.415999 -0.748264 -0.008583 -0.001717
1757664957.966218 -0.050164 0.012016 0.002098 -0.002861 0.016004 -0.003122 -0.032998 0.001335 0.013924 -0.017357 -0.002018 0.005112 0.090600 -0.020409 0.002480 -0.000572 -0.054742 -0.324063 -0.610170 -0.415999 -0.745975 -0.008583 -0.001717
1757664957.968211 -0.050164 0.012016 0.002098 -0.002861 0.016139 -0.002866 -0.032998 0.001335 0.013924 -0.017357 -0.002018 0.005112 0.090600 -0.020409 0.002480 -0.000572 -0.054742 -0.322537 -0.607500 -0.415999 -0.743305 -0.008583 -0.001717
1757664957.970213 -0.050164 0.012016 0.002098 -0.002861 0.016139 -0.002866 -0.032998 0.001335 0.013924 -0.017357 -0.002018 0.005112 0.090600 -0.020409 0.002480 -0.000572 -0.054742 -0.320630 -0.605211 -0.415999 -0.741016 -0.008583 -0.001717
1757664957.972218 -0.050164 0.012016 0.002098 -0.002861 0.016139 -0.002866 -0.032998 0.001335 0.013924 -0.017357 -0.002018 0.005112 0.090600 -0.020409 0.002480 -0.000572 -0.054742 -0.318723 -0.602922 -0.415999 -0.738728 -0.008583 -0.001717
1757664957.974219 -0.050164 0.012016 0.002098 -0.002861 0.016139 -0.002866 -0.032998 0.001335 0.013924 -0.017357 -0.002018 0.005112 0.090600 -0.020409 0.002480 -0.000572 -0.054742 -0.316815 -0.600634 -0.415999 -0.736439 -0.008583 -0.001717
1757664957.976210 -0.050164 0.012016 0.002098 -0.002861 0.016139 -0.002866 -0.032998 0.001335 0.013924 -0.017357 -0.002018 0.005112 0.090600 -0.020409 0.002480 -0.000572 -0.054742 -0.315289 -0.598345 -0.415999 -0.734150 -0.008583 -0.001717
1757664957.978217 -0.050164 0.012016 0.002098 -0.002861 0.016139 -0.002866 -0.032998 0.001335 0.013924 -0.017357 -0.002018 0.005112 0.090600 -0.020409 0.002480 -0.000572 -0.054742 -0.313382 -0.595675 -0.415999 -0.731480 -0.008583 -0.001717
1757664957.980208 -0.050164 0.012016 0.002098 -0.002861 0.016139 -0.002866 -0.032998 0.001335 0.013924 -0.017357 -0.002018 0.005112 0.090600 -0.020409 0.002480 -0.000572 -0.054742 -0.311856 -0.593385 -0.415999 -0.729191 -0.008583 -0.001717
1757664957.982212 -0.050164 0.012016 0.002098 -0.002861 0.016139 -0.002866 -0.032998 0.001335 0.013924 -0.017357 -0.002018 0.005112 0.090600 -0.020409 0.002480 -0.000572 -0.054742 -0.310330 -0.591096 -0.415999 -0.726902 -0.008583 -0.001717
1757664957.984215 -0.050164 0.012016 0.002098 -0.002861 0.016139 -0.002866 -0.032998 0.001335 0.013924 -0.017357 -0.002018 0.005112 0.090600 -0.020409 0.002480 -0.000572 -0.054742 -0.308423 -0.588807 -0.415999 -0.724232 -0.008583 -0.001717
1757664957.986255 -0.050164 0.012016 0.002098 -0.002861 0.016139 -0.002866 -0.032998 0.001335 0.013924 -0.017357 -0.002018 0.005112 0.090600 -0.020409 0.002480 -0.000572 -0.054742 -0.306897 -0.586518 -0.415999 -0.721943 -0.008583 -0.001717
1757664957.988237 -0.050164 0.012016 0.002098 -0.002861 0.016139 -0.002866 -0.032998 0.001335 0.013924 -0.017357 -0.002018 0.005112 0.090600 -0.020409 0.002480 -0.000572 -0.054742 -0.305371 -0.584229 -0.415999 -0.719654 -0.008583 -0.001717
1757664957.990240 -0.050164 0.012016 0.002098 -0.002861 0.016139 -0.002866 -0.032998 0.001335 0.013924 -0.017357 -0.002018 0.005112 0.090600 -0.020409 0.002480 -0.000572 -0.054742 -0.303464 -0.581941 -0.415999 -0.716983 -0.008583 -0.001717
1757664957.992248 -0.050164 0.012016 0.002098 -0.002861 0.016139 -0.002866 -0.032998 0.001335 0.013924 -0.017357 -0.002018 0.005112 0.090600 -0.020409 0.002480 -0.000572 -0.054742 -0.301938 -0.579652 -0.415999 -0.714694 -0.008583 -0.001717
1757664957.994221 -0.050164 0.012016 0.002098 -0.002861 0.016139 -0.002866 -0.032998 0.001335 0.013924 -0.017357 -0.002018 0.005112 0.090600 -0.020409 0.002480 -0.000572 -0.054742 -0.300412 -0.577363 -0.415999 -0.712024 -0.008583 -0.001717
1757664957.996213 -0.050164 0.012016 0.002098 -0.002861 0.016139 -0.002866 -0.032998 0.001335 0.013924 -0.017357 -0.002018 0.005112 0.090600 -0.020409 0.002480 -0.000572 -0.054742 -0.299268 -0.575074 -0.415999 -0.709735 -0.008583 -0.001717
1757664957.998234 -0.050164 0.012016 0.002098 -0.002861 0.016139 -0.002866 -0.032998 0.001335 0.013924 -0.017357 -0.002018 0.005112 0.090600 -0.020409 0.002480 -0.000572 -0.054742 -0.297360 -0.572785 -0.415999 -0.707446 -0.008583 -0.001717
1757664958.000209 -0.050164 0.012016 0.002098 -0.002861 0.016139 -0.002866 -0.032998 0.001335 0.013924 -0.017357 -0.002018 0.005112 0.090600 -0.020409 0.002480 -0.000572 -0.054742 -0.296216 -0.570497 -0.415999 -0.704776 -0.008583 -0.001717
1757664958.002216 -0.050164 0.012016 0.002098 -0.002861 0.016139 -0.002866 -0.032998 0.001335 0.013924 -0.017357 -0.002018 0.005112 0.090600 -0.020409 0.002480 -0.000572 -0.054742 -0.294690 -0.568208 -0.415999 -0.702487 -0.008583 -0.001717
1757664958.004228 -0.050164 0.012016 0.002098 -0.002861 0.016139 -0.002866 -0.032998 0.001335 0.013924 -0.017357 -0.002018 0.005112 0.090600 -0.020409 0.002480 -0.000572 -0.054742 -0.293164 -0.566300 -0.415999 -0.700198 -0.008583 -0.001717
1757664958.006213 -0.050164 0.012016 0.002098 -0.002861 0.016139 -0.002866 -0.032998 0.001335 0.013924 -0.017357 -0.002018 0.005112 0.090600 -0.020409 0.002480 -0.000572 -0.054742 -0.291638 -0.564012 -0.416381 -0.697528 -0.008583 -0.001717
1757664958.008211 -0.050164 0.012016 0.002098 -0.002861 0.016139 -0.002866 -0.032998 0.001335 0.013924 -0.017357 -0.002018 0.005112 0.090600 -0.020409 0.002480 -0.000572 -0.054742 -0.290112 -0.561723 -0.416381 -0.695239 -0.008583 -0.001717
1757664958.010245 -0.050164 0.012016 0.002098 -0.002861 0.016139 -0.002866 -0.032998 0.001335 0.013924 -0.017357 -0.002018 0.005112 0.090600 -0.020409 0.002480 -0.000572 -0.054742 -0.288587 -0.559434 -0.416381 -0.692569 -0.008583 -0.001717
1757664958.012234 -0.050164 0.012016 0.002098 -0.002861 0.016139 -0.002866 -0.032998 0.001335 0.013924 -0.017357 -0.002018 0.005112 0.090600 -0.020409 0.002480 -0.000572 -0.054742 -0.287442 -0.557145 -0.415999 -0.690280 -0.008583 -0.001717
1757664958.014210 -0.050164 0.012016 0.002098 -0.002861 0.016139 -0.002866 -0.032998 0.001335 0.013924 -0.017357 -0.002018 0.005112 0.090600 -0.020409 0.002480 -0.000572 -0.054742 -0.285916 -0.555238 -0.415999 -0.687991 -0.008583 -0.001717
1757664958.016213 -0.050164 0.012016 0.002098 -0.002861 0.016139 -0.002866 -0.032998 0.001335 0.013924 -0.017357 -0.002018 0.005112 0.090600 -0.020409 0.002480 -0.000572 -0.054742 -0.284390 -0.552949 -0.415999 -0.685321 -0.008583 -0.001717
1757664958.018230 -0.050164 0.012016 0.002098 -0.002861 0.016139 -0.002866 -0.032998 0.001335 0.013924 -0.017357 -0.002018 0.005112 0.090600 -0.020409 0.002480 -0.000572 -0.054742 -0.283246 -0.550660 -0.415999 -0.683032 -0.008583 -0.001717
1757664958.020209 -0.050164 0.012016 0.002098 -0.002861 0.016139 -0.002866 -0.032998 0.001335 0.013924 -0.017357 -0.002018 0.005112 0.090600 -0.020409 0.002480 -0.000572 -0.054742 -0.281720 -0.548753 -0.416381 -0.680743 -0.008583 -0.001717
1757664958.022245 -0.050164 0.012016 0.002098 -0.002861 0.016139 -0.002866 -0.032998 0.001335 0.013924 -0.017357 -0.002018 0.005112 0.090600 -0.020409 0.002480 -0.000572 -0.054742 -0.280193 -0.546464 -0.416381 -0.678073 -0.008583 -0.001717
1757664958.024264 -0.050164 0.012016 0.002098 -0.002861 0.016139 -0.002866 -0.032998 0.001335 0.013924 -0.017357 -0.002018 0.005112 0.090600 -0.020409 0.002480 -0.000572 -0.054742 -0.279049 -0.544175 -0.416381 -0.675784 -0.008583 -0.001717
1757664958.026212 -0.050164 0.012016 0.002098 -0.002861 0.016139 -0.002866 -0.032998 0.001335 0.013924 -0.017357 -0.002018 0.005112 0.090600 -0.020409 0.002480 -0.000572 -0.054742 -0.277523 -0.542268 -0.416381 -0.673495 -0.008583 -0.001717
1757664958.028210 -0.050164 0.012016 0.002098 -0.002861 0.016139 -0.002866 -0.032998 0.001335 0.013924 -0.017357 -0.002018 0.005112 0.090600 -0.020409 0.002480 -0.000572 -0.054742 -0.276379 -0.539979 -0.415999 -0.671206 -0.008583 -0.001717
1757664958.030212 -0.050164 0.012016 0.002098 -0.002861 0.016139 -0.002866 -0.032998 0.001335 0.013924 -0.017357 -0.002018 0.005112 0.090600 -0.020409 0.002480 -0.000572 -0.054742 -0.274853 -0.537690 -0.415999 -0.668536 -0.008583 -0.001717
1757664958.032230 -0.050164 0.012016 0.002098 -0.002861 0.016139 -0.002866 -0.032998 0.001335 0.013924 -0.017357 -0.002018 0.005112 0.090600 -0.020409 0.002480 -0.000572 -0.054742 -0.273708 -0.535783 -0.415999 -0.666247 -0.008583 -0.001717
1757664958.034208 -0.050164 0.012016 0.002098 -0.002861 0.016139 -0.002866 -0.032998 0.001335 0.013924 -0.017357 -0.002018 0.005112 0.090600 -0.020409 0.002480 -0.000572 -0.054742 -0.272182 -0.533494 -0.415999 -0.663959 -0.008583 -0.001717
1757664958.036209 -0.050164 0.012016 0.002098 -0.002861 0.016139 -0.002866 -0.032998 0.001335 0.013924 -0.017357 -0.002018 0.005112 0.090600 -0.020409 0.002480 -0.000572 -0.054742 -0.271038 -0.531587 -0.415999 -0.661670 -0.008583 -0.001717
1757664958.038235 -0.050164 0.012016 0.002098 -0.002861 0.016139 -0.002866 -0.032998 0.001335 0.013924 -0.017357 -0.002018 0.005112 0.090600 -0.020409 0.002480 -0.000572 -0.054742 -0.269512 -0.529297 -0.415999 -0.659381 -0.008583 -0.001717
1757664958.040213 -0.050164 0.012016 0.002098 -0.002861 0.016139 -0.002866 -0.032998 0.001335 0.013924 -0.017357 -0.002018 0.005112 0.090600 -0.020409 0.002480 -0.000572 -0.054742 -0.268368 -0.527390 -0.415999 -0.657092 -0.008583 -0.001717
1757664958.042209 -0.050164 0.012016 0.002098 -0.002861 0.016139 -0.002866 -0.032998 0.001335 0.013924 -0.017357 -0.002018 0.005112 0.090600 -0.020409 0.002480 -0.000572 -0.054742 -0.267223 -0.525101 -0.415999 -0.654802 -0.008583 -0.001717
1757664958.044201 -0.050164 0.012016 0.002098 -0.002861 0.016139 -0.002866 -0.032998 0.001335 0.013924 -0.017357 -0.002018 0.005112 0.090600 -0.020409 0.002480 -0.000572 -0.054742 -0.265697 -0.523193 -0.415999 -0.652514 -0.008583 -0.001717
1757664958.046228 -0.050164 0.012016 0.002098 -0.002861 0.016139 -0.002866 -0.032998 0.001335 0.013924 -0.017357 -0.002018 0.005112 0.090600 -0.020409 0.002480 -0.000572 -0.054742 -0.264553 -0.520905 -0.415999 -0.650225 -0.008583 -0.001717
1757664958.048209 -0.050164 0.012016 0.002098 -0.002861 0.016139 -0.002866 -0.032998 0.001335 0.013924 -0.017357 -0.002018 0.005112 0.090600 -0.020409 0.002480 -0.000572 -0.054742 -0.263027 -0.518997 -0.415999 -0.647936 -0.008583 -0.001717
1757664958.050209 -0.050164 0.012016 0.002098 -0.002861 0.016139 -0.002866 -0.032998 0.001335 0.013924 -0.017357 -0.002018 0.005112 0.090600 -0.020409 0.002480 -0.000572 -0.054742 -0.261883 -0.516708 -0.415999 -0.645647 -0.008583 -0.001717
1757664958.052232 -0.050164 0.012016 0.002098 -0.002861 0.016139 -0.002866 -0.032998 0.001335 0.013924 -0.017357 -0.002018 0.005112 0.090600 -0.020409 0.002480 -0.000572 -0.054742 -0.260357 -0.514801 -0.415999 -0.643740 -0.008583 -0.001717
1757664958.054248 -0.050164 0.012016 0.002098 -0.002861 0.016139 -0.002866 -0.032998 0.001335 0.013924 -0.017357 -0.002018 0.005112 0.090600 -0.020409 0.002480 -0.000572 -0.054742 -0.259212 -0.512512 -0.415999 -0.641451 -0.008583 -0.001717
1757664958.056217 -0.050164 0.012016 0.002098 -0.002861 0.016139 -0.002866 -0.032998 0.001335 0.013924 -0.017357 -0.002018 0.005112 0.090600 -0.020409 0.002480 -0.000572 -0.054742 -0.258068 -0.510605 -0.415999 -0.639544 -0.008583 -0.001717
1757664958.058209 -0.050164 0.012016 0.002098 -0.002861 0.016139 -0.002866 -0.032998 0.001335 0.013924 -0.017357 -0.002018 0.005112 0.090600 -0.020409 0.002480 -0.000572 -0.054742 -0.256924 -0.508316 -0.415999 -0.637255 -0.008583 -0.001717
1757664958.060233 -0.050164 0.012016 0.002098 -0.002861 0.016139 -0.002866 -0.032998 0.001335 0.013924 -0.017357 -0.002018 0.005112 0.090600 -0.020409 0.002480 -0.000572 -0.054742 -0.255398 -0.506409 -0.415999 -0.634966 -0.008583 -0.001717
1757664958.062205 -0.050164 0.012016 0.002098 -0.002861 0.016139 -0.002866 -0.032998 0.001335 0.013924 -0.017357 -0.002018 0.005112 0.090600 -0.020409 0.002480 -0.000572 -0.054742 -0.254253 -0.504120 -0.415999 -0.633059 -0.008583 -0.001717
1757664958.064219 -0.050164 0.012016 0.002098 -0.002861 0.016139 -0.002866 -0.032998 0.001335 0.013924 -0.017357 -0.002018 0.005112 0.090600 -0.020409 0.002480 -0.000572 -0.054742 -0.253109 -0.502213 -0.415999 -0.630770 -0.008583 -0.001717
1757664958.066320 -0.050164 0.012016 0.002098 -0.002861 0.016139 -0.002866 -0.032998 0.001335 0.013924 -0.017357 -0.002018 0.005112 0.090600 -0.020409 0.002480 -0.000572 -0.054742 -0.251583 -0.499924 -0.415999 -0.628862 -0.008583 -0.001717
1757664958.068219 -0.050164 0.012016 0.002098 -0.002861 0.016139 -0.002866 -0.032998 0.001335 0.013924 -0.017357 -0.002018 0.005112 0.090600 -0.020409 0.002480 -0.000572 -0.054742 -0.250439 -0.498016 -0.415999 -0.626574 -0.008583 -0.001717
1757664958.070214 -0.050164 0.012016 0.002098 -0.002861 0.016139 -0.002866 -0.032998 0.001335 0.013924 -0.017357 -0.002018 0.005112 0.090600 -0.020409 0.002480 -0.000572 -0.054742 -0.249294 -0.496109 -0.415999 -0.624666 -0.008583 -0.001717
1757664958.072212 -0.050164 0.012016 0.002098 -0.002861 0.016139 -0.002866 -0.032998 0.001335 0.013924 -0.017357 -0.002018 0.005112 0.090600 -0.020409 0.002480 -0.000572 -0.054742 -0.248150 -0.493820 -0.415618 -0.622759 -0.008583 -0.001717
1757664958.074217 -0.050164 0.012016 0.002098 -0.002861 0.016139 -0.002866 -0.032998 0.001335 0.013924 -0.017357 -0.002018 0.005112 0.090600 -0.020409 0.002480 -0.000572 -0.054742 -0.247005 -0.491531 -0.415618 -0.620470 -0.008583 -0.001717
1757664958.076211 -0.050164 0.012016 0.002098 -0.002861 0.016139 -0.002866 -0.032998 0.001335 0.013924 -0.017357 -0.002018 0.005112 0.090600 -0.020409 0.002480 -0.000572 -0.054742 -0.245861 -0.489624 -0.415618 -0.618563 -0.008583 -0.001717
1757664958.078208 -0.050164 0.012016 0.002098 -0.002861 0.016274 -0.003119 -0.032998 0.001335 0.013924 -0.017357 -0.002018 0.005112 0.090600 -0.020409 0.002480 -0.000572 -0.054742 -0.244335 -0.487717 -0.415618 -0.616274 -0.008583 -0.001717
1757664958.080232 -0.050164 0.012016 0.002098 -0.002861 0.016274 -0.003119 -0.032998 0.001335 0.013924 -0.017357 -0.002018 0.005112 0.090600 -0.020409 0.002480 -0.000572 -0.054742 -0.243191 -0.485428 -0.415618 -0.614367 -0.008583 -0.001717
1757664958.082207 -0.050164 0.012016 0.002098 -0.002861 0.016274 -0.003119 -0.032998 0.001335 0.013924 -0.017357 -0.002018 0.005112 0.090600 -0.020409 0.002480 -0.000572 -0.054742 -0.242046 -0.483521 -0.415618 -0.612459 -0.008583 -0.001717
1757664958.084350 -0.050164 0.012016 0.002098 -0.002861 0.016274 -0.003119 -0.032998 0.001335 0.013924 -0.017357 -0.002018 0.005112 0.090600 -0.020409 0.002480 -0.000572 -0.054742 -0.240902 -0.481232 -0.415618 -0.610170 -0.008583 -0.001717
1757664958.086229 -0.050164 0.012016 0.002098 -0.002861 0.016274 -0.003119 -0.032998 0.001335 0.013924 -0.017357 -0.002018 0.005112 0.090600 -0.020409 0.002480 -0.000572 -0.054742 -0.239758 -0.479324 -0.415618 -0.608263 -0.008583 -0.001717
1757664958.088214 -0.050164 0.012016 0.002098 -0.002861 0.016274 -0.003119 -0.032998 0.001335 0.013924 -0.017357 -0.002018 0.005112 0.090600 -0.020409 0.002480 -0.000572 -0.054742 -0.238613 -0.477036 -0.415618 -0.606356 -0.008583 -0.001717
1757664958.090206 -0.050164 0.012016 0.002098 -0.002861 0.016274 -0.003119 -0.032998 0.001335 0.013924 -0.017357 -0.002018 0.005112 0.090600 -0.020409 0.002480 -0.000572 -0.054742 -0.237469 -0.475128 -0.415236 -0.604067 -0.008583 -0.001717
1757664958.092211 -0.050164 0.012016 0.002098 -0.002861 0.016274 -0.003119 -0.032998 0.001335 0.013924 -0.017357 -0.002018 0.005112 0.090600 -0.020409 0.002480 -0.000572 -0.054742 -0.236324 -0.472839 -0.415236 -0.602160 -0.008583 -0.001717
1757664958.094215 -0.050164 0.012016 0.002098 -0.002861 0.016274 -0.003119 -0.032998 0.001335 0.013924 -0.017357 -0.002018 0.005112 0.090600 -0.020409 0.002480 -0.000572 -0.054742 -0.234798 -0.470932 -0.415236 -0.600252 -0.008583 -0.001717
1757664958.096208 -0.050164 0.012016 0.002098 -0.002861 0.016274 -0.003119 -0.032998 0.001335 0.013924 -0.017357 -0.002018 0.005112 0.090600 -0.020409 0.002480 -0.000572 -0.054742 -0.233654 -0.468642 -0.415236 -0.597963 -0.008583 -0.001717
1757664958.098213 -0.050164 0.012016 0.002098 -0.002861 0.016274 -0.003119 -0.032998 0.001335 0.013924 -0.017357 -0.002018 0.005112 0.090600 -0.020409 0.002480 -0.000572 -0.054742 -0.232510 -0.466735 -0.415236 -0.596056 -0.008583 -0.001717
1757664958.100208 -0.050164 0.012016 0.002098 -0.002861 0.016274 -0.003119 -0.032998 0.001335 0.013924 -0.017357 -0.002018 0.005112 0.090600 -0.020409 0.002480 -0.000572 -0.054742 -0.231365 -0.464446 -0.415236 -0.593767 -0.008583 -0.001717
1757664958.102214 -0.050164 0.012016 0.002098 -0.002861 0.016274 -0.003119 -0.032998 0.001335 0.013924 -0.017357 -0.002018 0.005112 0.090600 -0.020409 0.002480 -0.000572 -0.054742 -0.230221 -0.462539 -0.415236 -0.591859 -0.008583 -0.001717
1757664958.104209 -0.050164 0.012016 0.002098 -0.002861 0.016274 -0.003119 -0.032998 0.001335 0.013924 -0.017357 -0.002018 0.005112 0.090600 -0.020409 0.002480 -0.000572 -0.054742 -0.229076 -0.460250 -0.414855 -0.589952 -0.008583 -0.001717
1757664958.106210 -0.050164 0.012016 0.002098 -0.002861 0.016274 -0.003119 -0.032998 0.001335 0.013924 -0.017357 -0.002018 0.005112 0.090600 -0.020409 0.002480 -0.000572 -0.054742 -0.227932 -0.458343 -0.414855 -0.587663 -0.008583 -0.001717
1757664958.108217 -0.050164 0.012016 0.002098 -0.002861 0.016274 -0.003119 -0.032998 0.001335 0.013924 -0.017357 -0.002018 0.005112 0.090600 -0.020409 0.002480 -0.000572 -0.054742 -0.226788 -0.456435 -0.414855 -0.585755 -0.008583 -0.001717
1757664958.110209 -0.050164 0.012016 0.002098 -0.002861 0.016274 -0.003119 -0.032998 0.001335 0.013924 -0.017357 -0.002018 0.005112 0.090600 -0.020409 0.002480 -0.000572 -0.054742 -0.225643 -0.454146 -0.414474 -0.583467 -0.008583 -0.001717
1757664958.112208 -0.050164 0.012016 0.002098 -0.002861 0.016274 -0.003119 -0.032998 0.001335 0.013924 -0.017357 -0.002018 0.005112 0.090600 -0.020409 0.002480 -0.000572 -0.054742 -0.224499 -0.451858 -0.414474 -0.581559 -0.008583 -0.001717
1757664958.114206 -0.050164 0.012016 0.002098 -0.002861 0.016274 -0.003119 -0.032998 0.001335 0.013924 -0.017357 -0.002018 0.005112 0.090600 -0.020409 0.002480 -0.000572 -0.054742 -0.223354 -0.449950 -0.414474 -0.579270 -0.008583 -0.001717
1757664958.116286 -0.050164 0.012016 0.002098 -0.002861 0.016274 -0.003119 -0.032998 0.001335 0.013924 -0.017357 -0.002018 0.005112 0.090600 -0.020409 0.002480 -0.000572 -0.054742 -0.222210 -0.447661 -0.414474 -0.577363 -0.008583 -0.001717
1757664958.118234 -0.050164 0.012016 0.002098 -0.002861 0.016274 -0.003119 -0.032998 0.001335 0.013924 -0.017357 -0.002018 0.005112 0.090600 -0.020409 0.002480 -0.000572 -0.054742 -0.221066 -0.445754 -0.414092 -0.575074 -0.008583 -0.001717
1757664958.120219 -0.050164 0.012016 0.002098 -0.002861 0.016274 -0.003119 -0.032998 0.001335 0.013924 -0.017357 -0.002018 0.005112 0.090600 -0.020409 0.002480 -0.000572 -0.054742 -0.219921 -0.443465 -0.414092 -0.573167 -0.008583 -0.001717
1757664958.122257 -0.050164 0.012016 0.002098 -0.002861 0.016274 -0.003119 -0.032998 0.001335 0.013924 -0.017357 -0.002018 0.005112 0.090600 -0.020409 0.002480 -0.000572 -0.054742 -0.218777 -0.441176 -0.413711 -0.570878 -0.008583 -0.001717
1757664958.124237 -0.050164 0.012016 0.002098 -0.002861 0.016274 -0.003119 -0.032998 0.001335 0.013924 -0.017357 -0.002018 0.005112 0.090600 -0.020409 0.002480 -0.000572 -0.054742 -0.217631 -0.439269 -0.413711 -0.568971 -0.008583 -0.001717
1757664958.126220 -0.050164 0.012016 0.002098 -0.002861 0.016274 -0.003119 -0.032998 0.001335 0.013924 -0.017357 -0.002018 0.005112 0.090600 -0.020409 0.002480 -0.000572 -0.054742 -0.216487 -0.436980 -0.413329 -0.566682 -0.008583 -0.001717
1757664958.128205 -0.050164 0.012016 0.002098 -0.002861 0.016274 -0.003119 -0.032998 0.001335 0.013924 -0.017357 -0.002018 0.005112 0.090600 -0.020409 0.002480 -0.000572 -0.054742 -0.215343 -0.435073 -0.413329 -0.564775 -0.008583 -0.001717
1757664958.130217 -0.050164 0.012016 0.002098 -0.002861 0.016274 -0.003119 -0.032998 0.001335 0.013924 -0.017357 -0.002018 0.005112 0.090981 -0.020409 0.002480 -0.000572 -0.054742 -0.214198 -0.432784 -0.412948 -0.562486 -0.008583 -0.001717
1757664958.132204 -0.050164 0.012016 0.002098 -0.002861 0.016274 -0.003119 -0.032998 0.001335 0.013924 -0.017357 -0.002018 0.005112 0.090981 -0.020409 0.002480 -0.000572 -0.054742 -0.213054 -0.430877 -0.412948 -0.560578 -0.008583 -0.001717
1757664958.134204 -0.050164 0.012016 0.002098 -0.002861 0.016274 -0.003119 -0.032998 0.001335 0.013924 -0.017357 -0.002018 0.005112 0.090981 -0.020409 0.002480 -0.000572 -0.054742 -0.211909 -0.428588 -0.412566 -0.558290 -0.008583 -0.001717
1757664958.136215 -0.050164 0.012016 0.002098 -0.002861 0.016274 -0.003119 -0.032998 0.001335 0.013924 -0.017357 -0.002018 0.005112 0.090981 -0.020409 0.002480 -0.000572 -0.054742 -0.210765 -0.426681 -0.412566 -0.556382 -0.008583 -0.001717
1757664958.138206 -0.050164 0.012016 0.002098 -0.002861 0.016274 -0.003119 -0.032998 0.001335 0.013924 -0.017357 -0.002018 0.005112 0.090981 -0.020409 0.002480 -0.000572 -0.054742 -0.209620 -0.424392 -0.412185 -0.554475 -0.008583 -0.001717
1757664958.140213 -0.050164 0.012016 0.002098 -0.002861 0.016274 -0.003119 -0.032998 0.001335 0.013924 -0.017357 -0.002018 0.005112 0.090981 -0.020409 0.002480 -0.000572 -0.054742 -0.208476 -0.422484 -0.411803 -0.552186 -0.008583 -0.001717
1757664958.142207 -0.050164 0.012016 0.002098 -0.002861 0.016274 -0.003119 -0.032998 0.001335 0.013924 -0.017357 -0.002018 0.005112 0.090981 -0.020409 0.002480 -0.000572 -0.054742 -0.207332 -0.420196 -0.411422 -0.550279 -0.008583 -0.001717
1757664958.144214 -0.050164 0.012016 0.002098 -0.002861 0.016274 -0.003119 -0.032998 0.001335 0.013924 -0.017357 -0.002018 0.005112 0.090981 -0.020409 0.002480 -0.000572 -0.054742 -0.205806 -0.418288 -0.411040 -0.547990 -0.008583 -0.001717
1757664958.146205 -0.050164 0.012016 0.002098 -0.002861 0.016274 -0.003119 -0.032998 0.001335 0.013924 -0.017357 -0.002018 0.005112 0.090981 -0.020409 0.002480 -0.000572 -0.054742 -0.204661 -0.416381 -0.410659 -0.546082 -0.008583 -0.001717
1757664958.148241 -0.050164 0.012016 0.002098 -0.002861 0.016409 -0.003372 -0.032998 0.001335 0.013924 -0.017357 -0.002018 0.005112 0.090981 -0.020409 0.002480 -0.000572 -0.054742 -0.203517 -0.414092 -0.410277 -0.543794 -0.008583 -0.001717
1757664958.150245 -0.050164 0.012016 0.002098 -0.002861 0.016409 -0.003372 -0.032998 0.001335 0.013924 -0.017357 -0.002018 0.005112 0.091363 -0.020409 0.002480 -0.000572 -0.054742 -0.202373 -0.412185 -0.410277 -0.541886 -0.008583 -0.001717
1757664958.152230 -0.050164 0.012016 0.002098 -0.002861 0.016409 -0.003372 -0.032998 0.001335 0.013924 -0.017357 -0.002018 0.005112 0.091363 -0.020790 0.002480 -0.000572 -0.054742 -0.201228 -0.409896 -0.409896 -0.539979 -0.008583 -0.001717
1757664958.154216 -0.050164 0.012016 0.002098 -0.002861 0.016409 -0.003372 -0.032998 0.001335 0.013924 -0.017357 -0.002018 0.005112 0.091363 -0.020790 0.002480 -0.000572 -0.054742 -0.200084 -0.407989 -0.409514 -0.537690 -0.008583 -0.001717
1757664958.156211 -0.050164 0.012016 0.002098 -0.002861 0.016409 -0.003372 -0.032998 0.001335 0.013924 -0.017357 -0.002018 0.005112 0.091363 -0.020790 0.002480 -0.000572 -0.054742 -0.198939 -0.405699 -0.409133 -0.535783 -0.008583 -0.001717
1757664958.158216 -0.050164 0.012016 0.002098 -0.002861 0.016409 -0.003372 -0.032998 0.001335 0.013924 -0.017357 -0.002018 0.005112 0.091363 -0.020790 0.002480 -0.000572 -0.054742 -0.197795 -0.403791 -0.408751 -0.533494 -0.008583 -0.001717
1757664958.160207 -0.050164 0.012016 0.002098 -0.002861 0.016409 -0.003372 -0.032998 0.001335 0.013924 -0.017357 -0.002018 0.005112 0.091363 -0.020790 0.002480 -0.000572 -0.054742 -0.196651 -0.401884 -0.408370 -0.531587 -0.008583 -0.001717
1757664958.162206 -0.050164 0.012016 0.002098 -0.002861 0.016409 -0.003372 -0.032998 0.001335 0.013924 -0.017357 -0.002018 0.005112 0.091363 -0.020790 0.002480 -0.000572 -0.054742 -0.195125 -0.399595 -0.407989 -0.529678 -0.008583 -0.001717
1757664958.164216 -0.050164 0.012016 0.002098 -0.002861 0.016409 -0.003372 -0.032998 0.001335 0.013924 -0.017357 -0.002018 0.005112 0.091744 -0.020790 0.002480 -0.000572 -0.055123 -0.193980 -0.397688 -0.407607 -0.527771 -0.008583 -0.001717
1757664958.166204 -0.050164 0.012016 0.002098 -0.002861 0.016409 -0.003372 -0.032998 0.001335 0.013924 -0.017357 -0.002018 0.005112 0.091744 -0.020790 0.002480 -0.000572 -0.055123 -0.192836 -0.395781 -0.407226 -0.525482 -0.008583 -0.001717
1757664958.168202 -0.050164 0.012016 0.002098 -0.002861 0.016409 -0.003372 -0.032998 0.001335 0.013924 -0.017357 -0.002018 0.005112 0.091744 -0.020790 0.002480 -0.000572 -0.055123 -0.191691 -0.393873 -0.406844 -0.523575 -0.008583 -0.001717
1757664958.170225 -0.050164 0.012016 0.002098 -0.002861 0.016409 -0.003372 -0.032998 0.001335 0.013924 -0.017357 -0.002018 0.005112 0.091744 -0.020790 0.002480 -0.000572 -0.055123 -0.190547 -0.391584 -0.406463 -0.521286 -0.008583 -0.001717
1757664958.172215 -0.050164 0.012016 0.002098 -0.002861 0.016409 -0.003372 -0.032998 0.001335 0.013924 -0.017357 -0.002018 0.005112 0.091744 -0.020790 0.002480 -0.000572 -0.055123 -0.189403 -0.389677 -0.406080 -0.519379 -0.008583 -0.001717
1757664958.174261 -0.050164 0.012016 0.002098 -0.002861 0.016409 -0.003372 -0.032998 0.001335 0.013924 -0.017357 -0.002018 0.005112 0.091744 -0.020790 0.002480 -0.000572 -0.055123 -0.188258 -0.387770 -0.405317 -0.517471 -0.008583 -0.001717
1757664958.176284 -0.050164 0.012016 0.002098 -0.002861 0.016409 -0.003372 -0.032998 0.001335 0.013924 -0.017357 -0.002018 0.005112 0.091744 -0.020790 0.002480 -0.000572 -0.055123 -0.186732 -0.385862 -0.404936 -0.515564 -0.008583 -0.001717
1757664958.178212 -0.050164 0.012016 0.002098 -0.002861 0.016409 -0.003372 -0.032998 0.001335 0.013924 -0.017357 -0.002018 0.005112 0.091744 -0.020790 0.002480 -0.000572 -0.055123 -0.185588 -0.383574 -0.404554 -0.513275 -0.008583 -0.001717
1757664958.180235 -0.050164 0.012016 0.002098 -0.002861 0.016409 -0.003372 -0.032998 0.001335 0.013924 -0.017357 -0.002018 0.005112 0.092126 -0.020790 0.002480 -0.000572 -0.055123 -0.184443 -0.381666 -0.404173 -0.511368 -0.008583 -0.001717
1757664958.182225 -0.050164 0.012016 0.002098 -0.002861 0.016409 -0.003372 -0.032998 0.001335 0.013924 -0.016975 -0.002018 0.005112 0.092126 -0.020790 0.002480 -0.000572 -0.055123 -0.183299 -0.379759 -0.403791 -0.509460 -0.008583 -0.001717
1757664958.184213 -0.050164 0.012016 0.002098 -0.002861 0.016409 -0.003372 -0.032998 0.001335 0.013924 -0.016975 -0.002018 0.005112 0.092126 -0.020790 0.002480 -0.000572 -0.055123 -0.182155 -0.377851 -0.403410 -0.507553 -0.008583 -0.001717
1757664958.186218 -0.050164 0.012016 0.002098 -0.002861 0.016409 -0.003372 -0.032998 0.001335 0.013924 -0.016975 -0.002018 0.005112 0.092126 -0.020790 0.002480 -0.000572 -0.055123 -0.181010 -0.375944 -0.403028 -0.505264 -0.008583 -0.001717
1757664958.188221 -0.050164 0.012016 0.002098 -0.002861 0.016409 -0.003372 -0.032998 0.001335 0.013924 -0.016975 -0.002018 0.005112 0.092126 -0.020790 0.002480 -0.000572 -0.055123 -0.179484 -0.373655 -0.402647 -0.503357 -0.008583 -0.001717
1757664958.190215 -0.050164 0.012016 0.002098 -0.002861 0.016409 -0.003372 -0.032998 0.001335 0.013924 -0.016975 -0.002018 0.005112 0.092126 -0.020790 0.002480 -0.000572 -0.055123 -0.178340 -0.371748 -0.401884 -0.501450 -0.008583 -0.001717
1757664958.192262 -0.050164 0.012016 0.002098 -0.002861 0.016409 -0.003372 -0.032998 0.001335 0.013924 -0.016975 -0.002018 0.005112 0.092126 -0.020790 0.002480 -0.000572 -0.055123 -0.177196 -0.369841 -0.401503 -0.499542 -0.008583 -0.001717
1757664958.194243 -0.050164 0.012016 0.002098 -0.002861 0.016409 -0.003372 -0.032998 0.001335 0.013924 -0.016975 -0.002018 0.005112 0.092507 -0.020790 0.002480 -0.000572 -0.055123 -0.176051 -0.367933 -0.401121 -0.497635 -0.008583 -0.001717
1757664958.196248 -0.050164 0.012016 0.002098 -0.002861 0.016409 -0.003372 -0.032998 0.001335 0.013924 -0.016975 -0.002018 0.005112 0.092507 -0.020790 0.002480 -0.000572 -0.055123 -0.174525 -0.365644 -0.400740 -0.495346 -0.008583 -0.001717
1757664958.198215 -0.050164 0.012016 0.002098 -0.002861 0.016409 -0.003372 -0.032998 0.001335 0.013924 -0.016975 -0.002018 0.005112 0.092507 -0.020790 0.002480 -0.000572 -0.055123 -0.173381 -0.363737 -0.399977 -0.493439 -0.008583 -0.001717
1757664958.200238 -0.050164 0.012016 0.002098 -0.002861 0.016409 -0.003372 -0.032998 0.001335 0.013924 -0.016975 -0.002018 0.005112 0.092507 -0.020790 0.002480 -0.000572 -0.055123 -0.172236 -0.361830 -0.399595 -0.491531 -0.008583 -0.001717
1757664958.202214 -0.050164 0.012016 0.002098 -0.002861 0.016409 -0.003372 -0.032998 0.001335 0.013924 -0.016975 -0.002018 0.005112 0.092507 -0.020790 0.002480 -0.000572 -0.055123 -0.171092 -0.359922 -0.399214 -0.489624 -0.008583 -0.001717
1757664958.204207 -0.050164 0.012016 0.002098 -0.002861 0.016409 -0.003372 -0.032998 0.001335 0.013924 -0.016975 -0.002018 0.005112 0.092507 -0.020790 0.002480 -0.000572 -0.055123 -0.169948 -0.358015 -0.398451 -0.487717 -0.008583 -0.001717
1757664958.206216 -0.050164 0.012016 0.002098 -0.002861 0.016409 -0.003372 -0.032998 0.001335 0.013924 -0.016975 -0.002018 0.005112 0.092507 -0.020790 0.002480 -0.000572 -0.055123 -0.168803 -0.356108 -0.398069 -0.485428 -0.008583 -0.001717
1757664958.208212 -0.050164 0.012016 0.002098 -0.002861 0.016409 -0.003372 -0.032998 0.001335 0.013924 -0.016975 -0.002018 0.005112 0.092507 -0.020790 0.002480 -0.000572 -0.055123 -0.167659 -0.353819 -0.397688 -0.483521 -0.008583 -0.001717
1757664958.210399 -0.050164 0.012016 0.002098 -0.002861 0.016409 -0.003372 -0.032998 0.001335 0.013924 -0.016975 -0.002018 0.005112 0.092507 -0.020790 0.002480 -0.000572 -0.055123 -0.166133 -0.351912 -0.396925 -0.481613 -0.008583 -0.001717
1757664958.212265 -0.050164 0.012016 0.002098 -0.002861 0.016409 -0.003372 -0.032998 0.001335 0.013924 -0.016975 -0.002018 0.005112 0.092889 -0.020790 0.002480 -0.000572 -0.055123 -0.164989 -0.350004 -0.396544 -0.479706 -0.008583 -0.001717
1757664958.214238 -0.050164 0.012016 0.002098 -0.002861 0.016409 -0.003372 -0.032998 0.001335 0.013924 -0.016975 -0.002018 0.005112 0.092889 -0.020790 0.002480 -0.000572 -0.055123 -0.163844 -0.347715 -0.396162 -0.477798 -0.008583 -0.001717
1757664958.216208 -0.050164 0.012016 0.002098 -0.002861 0.016409 -0.003372 -0.032998 0.001335 0.013924 -0.016975 -0.002018 0.005112 0.092889 -0.020790 0.002480 -0.000572 -0.055123 -0.162700 -0.345808 -0.395399 -0.475891 -0.008583 -0.001717
1757664958.218214 -0.050164 0.012016 0.002098 -0.002861 0.016409 -0.003372 -0.032998 0.001335 0.013924 -0.016975 -0.002018 0.005112 0.092889 -0.020790 0.002480 -0.000572 -0.055123 -0.161555 -0.343901 -0.395018 -0.473602 -0.008583 -0.001717
1757664958.220217 -0.050164 0.012016 0.002098 -0.002861 0.016409 -0.003372 -0.032998 0.001335 0.013924 -0.016975 -0.002018 0.005112 0.092889 -0.020790 0.002480 -0.000572 -0.055123 -0.160411 -0.341992 -0.394636 -0.471695 -0.008583 -0.001717
1757664958.222204 -0.050164 0.012016 0.002098 -0.002861 0.016409 -0.003372 -0.032998 0.001335 0.013924 -0.016975 -0.002018 0.005112 0.092889 -0.020790 0.002480 -0.000572 -0.055123 -0.158885 -0.339704 -0.393873 -0.469788 -0.008583 -0.001717
1757664958.224214 -0.050164 0.012016 0.002098 -0.002861 0.016409 -0.003372 -0.032998 0.001335 0.013924 -0.016975 -0.002018 0.005112 0.092889 -0.020790 0.002480 -0.000572 -0.055123 -0.157741 -0.337796 -0.393492 -0.467879 -0.008583 -0.001717
1757664958.226214 -0.050164 0.012016 0.002098 -0.002861 0.016409 -0.003372 -0.032998 0.001335 0.013924 -0.016975 -0.002018 0.005112 0.092889 -0.020790 0.002480 -0.000572 -0.055123 -0.156596 -0.335889 -0.392729 -0.465590 -0.008583 -0.001717
1757664958.228213 -0.050164 0.012016 0.002098 -0.002861 0.016409 -0.003372 -0.032998 0.001335 0.013924 -0.016975 -0.002018 0.005112 0.092889 -0.020790 0.002480 -0.000572 -0.055123 -0.155451 -0.333600 -0.392347 -0.463683 -0.008583 -0.001717
1757664958.230211 -0.050164 0.012016 0.002098 -0.002861 0.016409 -0.003372 -0.032998 0.001335 0.013924 -0.016975 -0.002018 0.005112 0.092889 -0.020790 0.002480 -0.000572 -0.055123 -0.154306 -0.331693 -0.391584 -0.461776 -0.008583 -0.001717
1757664958.232206 -0.050164 0.012016 0.002098 -0.002861 0.016409 -0.003372 -0.032998 0.001335 0.013924 -0.016975 -0.002018 0.005112 0.092889 -0.020790 0.002480 -0.000572 -0.055123 -0.153162 -0.329785 -0.391203 -0.459868 -0.008583 -0.001717
1757664958.234214 -0.050164 0.012016 0.002098 -0.002861 0.016409 -0.003372 -0.032998 0.001335 0.013924 -0.016975 -0.002018 0.005112 0.092889 -0.020790 0.002480 -0.000572 -0.055123 -0.152018 -0.327497 -0.390440 -0.457961 -0.008583 -0.001717
1757664958.236216 -0.050164 0.012016 0.002098 -0.002861 0.016409 -0.003372 -0.032998 0.001335 0.013924 -0.016975 -0.002018 0.005112 0.092889 -0.020790 0.002480 -0.000572 -0.055123 -0.150873 -0.325589 -0.390059 -0.456054 -0.008583 -0.001717
1757664958.238210 -0.050164 0.012016 0.002098 -0.002861 0.016409 -0.003372 -0.032998 0.001335 0.013924 -0.016975 -0.002018 0.005112 0.092889 -0.020790 0.002480 -0.000572 -0.055123 -0.149729 -0.323682 -0.389296 -0.453765 -0.008583 -0.001717
1757664958.240214 -0.050164 0.012016 0.002098 -0.002861 0.016409 -0.003372 -0.032998 0.001335 0.013924 -0.016975 -0.002018 0.005112 0.092889 -0.020790 0.002480 -0.000572 -0.055123 -0.148203 -0.321774 -0.388914 -0.451858 -0.008583 -0.001717
1757664958.242268 -0.050164 0.012016 0.002098 -0.002861 0.016409 -0.003372 -0.032998 0.001335 0.013924 -0.016975 -0.002018 0.005112 0.092889 -0.020790 0.002480 -0.000572 -0.055123 -0.147058 -0.319486 -0.388151 -0.449950 -0.008583 -0.001717
1757664958.244226 -0.050164 0.012016 0.002098 -0.002861 0.016409 -0.003372 -0.032998 0.001335 0.013924 -0.016975 -0.002018 0.005112 0.092889 -0.020790 0.002480 -0.000572 -0.055123 -0.145533 -0.317578 -0.387770 -0.447661 -0.008583 -0.001717
1757664958.246208 -0.050164 0.012016 0.002098 -0.002861 0.016409 -0.003372 -0.032998 0.001335 0.013924 -0.016975 -0.002018 0.005112 0.092889 -0.020790 0.002480 -0.000572 -0.055123 -0.144388 -0.315671 -0.387007 -0.445754 -0.008583 -0.001717
1757664958.248214 -0.050164 0.012016 0.002098 -0.002861 0.016409 -0.003372 -0.032998 0.001335 0.013924 -0.016975 -0.002018 0.005112 0.092889 -0.020790 0.002480 -0.000572 -0.055123 -0.143244 -0.313382 -0.386625 -0.443847 -0.008583 -0.001717
1757664958.250214 -0.050164 0.012016 0.002098 -0.002861 0.016409 -0.003372 -0.032998 0.001335 0.013924 -0.016975 -0.002018 0.005112 0.092889 -0.020790 0.002480 -0.000572 -0.055123 -0.142099 -0.311475 -0.385862 -0.441939 -0.008583 -0.001717
1757664958.252204 -0.050164 0.012016 0.002098 -0.002861 0.016409 -0.003372 -0.032998 0.001335 0.013924 -0.016975 -0.002018 0.005112 0.092889 -0.020790 0.002480 -0.000572 -0.055123 -0.140955 -0.309186 -0.385481 -0.440032 -0.008583 -0.001717
1757664958.254220 -0.050164 0.012016 0.002098 -0.002861 0.016409 -0.003372 -0.032998 0.001335 0.013924 -0.016975 -0.002018 0.005112 0.092889 -0.020790 0.002480 -0.000572 -0.055123 -0.139811 -0.307279 -0.384718 -0.438125 -0.008583 -0.001717
1757664958.256214 -0.050164 0.012016 0.002098 -0.002861 0.016409 -0.003372 -0.032998 0.001335 0.013924 -0.016975 -0.002018 0.005112 0.092889 -0.020790 0.002480 -0.000572 -0.055123 -0.138666 -0.305371 -0.384336 -0.435836 -0.008583 -0.001717
1757664958.258214 -0.050164 0.012016 0.002098 -0.002861 0.016409 -0.003372 -0.032998 0.001335 0.013924 -0.016975 -0.002018 0.005112 0.092889 -0.020790 0.002480 -0.000572 -0.055123 -0.137522 -0.303082 -0.383955 -0.433928 -0.008583 -0.001717
1757664958.260223 -0.050164 0.012016 0.002098 -0.002861 0.016409 -0.003372 -0.032998 0.001335 0.013924 -0.016975 -0.002018 0.005112 0.092889 -0.020790 0.002480 -0.000572 -0.055123 -0.135996 -0.301175 -0.383574 -0.432021 -0.008583 -0.001717
1757664958.262206 -0.050164 0.012016 0.002098 -0.002861 0.016409 -0.003372 -0.032998 0.001335 0.013924 -0.016975 -0.002018 0.005112 0.092889 -0.020790 0.002480 -0.000572 -0.055123 -0.134851 -0.299268 -0.382811 -0.430114 -0.008583 -0.001717
1757664958.264209 -0.050164 0.012016 0.002098 -0.002861 0.016409 -0.003372 -0.032998 0.001335 0.013924 -0.016975 -0.002018 0.005112 0.092889 -0.020790 0.002480 -0.000572 -0.055123 -0.133707 -0.296979 -0.382429 -0.428206 -0.008583 -0.001717
1757664958.266214 -0.050164 0.012016 0.002098 -0.002861 0.016409 -0.003372 -0.032998 0.001335 0.013924 -0.016975 -0.002018 0.005112 0.092889 -0.020790 0.002480 -0.000572 -0.055123 -0.132563 -0.295072 -0.382048 -0.426299 -0.008583 -0.001717
1757664958.268228 -0.050164 0.012016 0.002098 -0.002861 0.016409 -0.003372 -0.032998 0.001335 0.013924 -0.016975 -0.002018 0.005112 0.092889 -0.020790 0.002480 -0.000572 -0.055123 -0.131418 -0.292783 -0.381285 -0.424392 -0.008583 -0.001717
1757664958.270214 -0.050164 0.012016 0.002098 -0.002861 0.016409 -0.003372 -0.032998 0.001335 0.013924 -0.016975 -0.002018 0.005112 0.092889 -0.020790 0.002480 -0.000572 -0.055123 -0.130274 -0.290875 -0.380903 -0.422103 -0.008583 -0.001717
1757664958.272212 -0.050164 0.012016 0.002098 -0.002861 0.016409 -0.003372 -0.032998 0.001335 0.013924 -0.016975 -0.002018 0.005112 0.092889 -0.020790 0.002480 -0.000572 -0.055123 -0.129129 -0.288587 -0.380522 -0.420196 -0.008583 -0.001717
1757664958.274239 -0.050164 0.012016 0.002098 -0.002861 0.016409 -0.003372 -0.032998 0.001335 0.013924 -0.016975 -0.002018 0.005112 0.092889 -0.020790 0.002480 -0.000572 -0.055123 -0.127604 -0.286679 -0.379759 -0.418288 -0.008583 -0.001717
1757664958.276214 -0.050164 0.012016 0.002098 -0.002861 0.016409 -0.003372 -0.032998 0.001335 0.013924 -0.016975 -0.002018 0.005112 0.092889 -0.020790 0.002480 -0.000572 -0.055123 -0.126459 -0.284772 -0.379377 -0.416381 -0.008583 -0.001717
1757664958.278207 -0.050164 0.012016 0.002098 -0.002861 0.016409 -0.003372 -0.032998 0.001335 0.013924 -0.016975 -0.002018 0.005112 0.092889 -0.020790 0.002480 -0.000572 -0.055123 -0.125315 -0.282865 -0.378996 -0.414474 -0.008583 -0.001717
1757664958.280210 -0.050164 0.012016 0.002098 -0.002861 0.016409 -0.003372 -0.032998 0.001335 0.013924 -0.016975 -0.002018 0.005112 0.092889 -0.020790 0.002480 -0.000572 -0.055123 -0.124170 -0.280575 -0.378614 -0.412566 -0.008583 -0.001717
1757664958.282230 -0.050164 0.012016 0.002098 -0.002861 0.016409 -0.003372 -0.032998 0.001335 0.013924 -0.016975 -0.002018 0.005112 0.092889 -0.020790 0.002480 -0.000572 -0.055123 -0.123026 -0.278667 -0.378233 -0.410659 -0.008583 -0.001717
1757664958.284211 -0.050164 0.012016 0.002098 -0.002861 0.016409 -0.003372 -0.032998 0.001335 0.013924 -0.016975 -0.002018 0.005112 0.092889 -0.020790 0.002480 -0.000572 -0.055123 -0.121881 -0.276760 -0.377851 -0.408751 -0.008583 -0.001717
1757664958.286209 -0.050164 0.012016 0.002098 -0.002861 0.016409 -0.003372 -0.032998 0.001335 0.013924 -0.016975 -0.002018 0.005112 0.092889 -0.020790 0.002480 -0.000572 -0.055123 -0.120737 -0.274471 -0.377089 -0.406844 -0.008583 -0.001717
1757664958.288204 -0.050164 0.012016 0.002098 -0.002861 0.016409 -0.003372 -0.032998 0.001335 0.013924 -0.016975 -0.002018 0.005112 0.092889 -0.020790 0.002480 -0.000572 -0.055123 -0.119593 -0.272564 -0.376707 -0.404936 -0.008583 -0.001717
1757664958.290217 -0.050164 0.012016 0.002098 -0.002861 0.016409 -0.003372 -0.032998 0.001335 0.013924 -0.016975 -0.002018 0.005112 0.092889 -0.020790 0.002480 -0.000572 -0.055123 -0.118067 -0.270657 -0.376326 -0.403028 -0.008583 -0.001717
1757664958.292207 -0.050164 0.012016 0.002098 -0.002861 0.016409 -0.003372 -0.032998 0.001335 0.013924 -0.016975 -0.002018 0.005112 0.092889 -0.020790 0.002480 -0.000572 -0.055123 -0.116922 -0.268368 -0.376326 -0.401121 -0.008583 -0.001717
1757664958.294210 -0.050164 0.012016 0.002098 -0.002861 0.016409 -0.003372 -0.032998 0.001335 0.013924 -0.016975 -0.002018 0.005112 0.092889 -0.020790 0.002480 -0.000572 -0.055123 -0.115778 -0.266460 -0.375944 -0.399214 -0.008583 -0.001717
1757664958.296214 -0.050164 0.012016 0.002098 -0.002861 0.016409 -0.003372 -0.032998 0.001335 0.013924 -0.016975 -0.002018 0.005112 0.092889 -0.020790 0.002480 -0.000572 -0.055123 -0.114634 -0.264553 -0.375563 -0.397306 -0.008583 -0.001717
1757664958.298213 -0.050164 0.012016 0.002098 -0.002861 0.016409 -0.003372 -0.032998 0.001335 0.013924 -0.016975 -0.002018 0.005112 0.092889 -0.020790 0.002480 -0.000572 -0.055123 -0.113489 -0.262264 -0.375181 -0.395399 -0.008583 -0.001717
1757664958.300212 -0.050164 0.012016 0.002098 -0.002861 0.016409 -0.003372 -0.032998 0.001335 0.013924 -0.016975 -0.002018 0.005112 0.092889 -0.020790 0.002480 -0.000572 -0.055123 -0.112345 -0.260357 -0.374800 -0.393873 -0.008583 -0.001717
1757664958.302240 -0.050164 0.012016 0.002098 -0.002861 0.016409 -0.003372 -0.032998 0.001335 0.013924 -0.016975 -0.002018 0.005112 0.092889 -0.020790 0.002480 -0.000572 -0.055123 -0.111200 -0.258450 -0.374418 -0.391966 -0.008583 -0.001717
1757664958.304210 -0.050164 0.012016 0.002098 -0.002861 0.016409 -0.003372 -0.032998 0.001335 0.013924 -0.016975 -0.002018 0.005112 0.092889 -0.020790 0.002480 -0.000572 -0.055123 -0.110056 -0.256542 -0.374037 -0.390059 -0.008583 -0.001717
1757664958.306235 -0.050164 0.012016 0.002098 -0.002861 0.016409 -0.003372 -0.032998 0.001335 0.013924 -0.016975 -0.002018 0.005112 0.092889 -0.020790 0.002480 -0.000572 -0.055123 -0.108530 -0.254253 -0.373655 -0.388151 -0.008583 -0.001717
1757664958.308213 -0.050164 0.012016 0.002098 -0.002861 0.016409 -0.003372 -0.032998 0.001335 0.013924 -0.016975 -0.002018 0.005112 0.092889 -0.020790 0.002480 -0.000572 -0.055123 -0.107386 -0.252346 -0.373274 -0.386244 -0.008583 -0.001717
1757664958.310215 -0.050164 0.012016 0.002098 -0.002861 0.016409 -0.003372 -0.032998 0.001335 0.013924 -0.016975 -0.002018 0.005112 0.092889 -0.020790 0.002480 -0.000572 -0.055123 -0.106241 -0.250439 -0.372892 -0.384336 -0.008583 -0.001717
1757664958.312209 -0.050164 0.012016 0.002098 -0.002861 0.016409 -0.003372 -0.032998 0.001335 0.013924 -0.016975 -0.002018 0.005112 0.092889 -0.020790 0.002480 -0.000572 -0.055123 -0.105097 -0.248531 -0.372511 -0.382429 -0.008583 -0.001717
1757664958.314208 -0.050164 0.012016 0.002098 -0.002861 0.016409 -0.003372 -0.032998 0.001335 0.013924 -0.016975 -0.002018 0.005112 0.092889 -0.020790 0.002480 -0.000572 -0.055123 -0.103952 -0.246624 -0.372129 -0.380903 -0.008583 -0.001717
1757664958.316235 -0.050164 0.012016 0.002098 -0.002861 0.016409 -0.003372 -0.032998 0.001335 0.013924 -0.016975 -0.002018 0.005112 0.092889 -0.020790 0.002480 -0.000572 -0.055123 -0.102808 -0.244335 -0.371748 -0.378996 -0.008583 -0.001717
1757664958.318210 -0.050164 0.012016 0.002098 -0.002861 0.016409 -0.003372 -0.032998 0.001335 0.013924 -0.016975 -0.002018 0.005112 0.092889 -0.020790 0.002480 -0.000572 -0.055123 -0.101664 -0.242428 -0.371367 -0.377089 -0.008583 -0.001717
1757664958.320208 -0.050164 0.012016 0.002098 -0.002861 0.016409 -0.003372 -0.032998 0.001335 0.013924 -0.016975 -0.002018 0.005112 0.092889 -0.020790 0.002480 -0.000572 -0.055123 -0.100519 -0.240520 -0.370985 -0.375181 -0.008583 -0.001717
1757664958.322208 -0.050164 0.012016 0.002098 -0.002861 0.016409 -0.003372 -0.032998 0.001335 0.013924 -0.016975 -0.002018 0.005112 0.092889 -0.020790 0.002480 -0.000572 -0.055123 -0.098993 -0.238613 -0.370985 -0.373274 -0.008583 -0.001717
1757664958.324217 -0.050164 0.012016 0.002098 -0.002861 0.016409 -0.003372 -0.032998 0.001335 0.013924 -0.016975 -0.002018 0.005112 0.092889 -0.020790 0.002480 -0.000572 -0.055123 -0.097849 -0.236706 -0.370604 -0.371367 -0.008583 -0.001717
1757664958.326252 -0.050164 0.012016 0.002098 -0.002861 0.016409 -0.003372 -0.032998 0.001335 0.013924 -0.016975 -0.002018 0.005112 0.092889 -0.020790 0.002480 -0.000572 -0.055123 -0.096704 -0.234798 -0.370222 -0.369459 -0.008583 -0.001717
1757664958.328233 -0.050164 0.012016 0.002098 -0.002861 0.016409 -0.003372 -0.032998 0.001335 0.013924 -0.016975 -0.002018 0.005112 0.092889 -0.020790 0.002480 -0.000572 -0.055123 -0.095560 -0.232510 -0.369841 -0.367552 -0.008583 -0.001717
1757664958.330215 -0.050164 0.012016 0.002098 -0.002861 0.016409 -0.003372 -0.032998 0.001335 0.013924 -0.016975 -0.002018 0.005112 0.092889 -0.020790 0.002480 -0.000572 -0.055123 -0.094416 -0.230602 -0.369078 -0.365644 -0.008583 -0.001717
1757664958.332211 -0.050164 0.012016 0.002098 -0.002861 0.016409 -0.003372 -0.032998 0.001335 0.013924 -0.016975 -0.002018 0.005112 0.092889 -0.020790 0.002480 -0.000572 -0.055123 -0.093270 -0.228695 -0.368696 -0.364119 -0.008583 -0.001717
1757664958.334208 -0.050164 0.012016 0.002098 -0.002861 0.016409 -0.003372 -0.032998 0.001335 0.013924 -0.016975 -0.002018 0.005112 0.092889 -0.020790 0.002480 -0.000572 -0.055123 -0.092126 -0.226788 -0.368315 -0.362211 -0.008583 -0.001717
1757664958.336275 -0.050164 0.012016 0.002098 -0.002861 0.016409 -0.003372 -0.032998 0.001335 0.013924 -0.016975 -0.002018 0.005112 0.092889 -0.020790 0.002480 -0.000572 -0.055123 -0.090981 -0.224880 -0.367933 -0.360304 -0.008583 -0.001717
1757664958.338217 -0.050164 0.012016 0.002098 -0.002861 0.016409 -0.003372 -0.032998 0.001335 0.013924 -0.016975 -0.002018 0.005112 0.092889 -0.020790 0.002480 -0.000572 -0.055123 -0.089837 -0.222973 -0.367552 -0.358397 -0.008583 -0.001717
1757664958.340201 -0.050164 0.012016 0.002098 -0.002861 0.016409 -0.003372 -0.032998 0.001335 0.013924 -0.016975 -0.002018 0.005112 0.092889 -0.020790 0.002480 -0.000572 -0.055123 -0.088311 -0.221066 -0.367170 -0.356489 -0.008583 -0.001717
1757664958.342200 -0.050164 0.012016 0.002098 -0.002861 0.016409 -0.003372 -0.032998 0.001335 0.013924 -0.016975 -0.002018 0.005112 0.092889 -0.020790 0.002480 -0.000572 -0.055123 -0.087167 -0.219158 -0.366789 -0.354582 -0.008583 -0.001717
1757664958.344212 -0.050164 0.012016 0.002098 -0.002861 0.016409 -0.003372 -0.032998 0.001335 0.013924 -0.016975 -0.002018 0.005112 0.092889 -0.020790 0.002480 -0.000572 -0.055123 -0.086022 -0.217250 -0.366789 -0.353056 -0.008583 -0.001717
1757664958.346210 -0.050164 0.012016 0.002098 -0.002861 0.016409 -0.003372 -0.032998 0.001335 0.013924 -0.016975 -0.002018 0.005112 0.092889 -0.020790 0.002480 -0.000572 -0.055123 -0.084878 -0.214961 -0.366407 -0.351149 -0.008583 -0.001717
1757664958.348200 -0.050164 0.012016 0.002098 -0.002861 0.016409 -0.003372 -0.032998 0.001335 0.013924 -0.016975 -0.002018 0.005112 0.092889 -0.020790 0.002480 -0.000572 -0.055123 -0.083734 -0.213054 -0.366026 -0.349241 -0.008583 -0.001717
1757664958.350199 -0.050164 0.012016 0.002098 -0.002861 0.016409 -0.003372 -0.032998 0.001335 0.013924 -0.016975 -0.002018 0.005112 0.092889 -0.020790 0.002480 -0.000572 -0.055123 -0.082589 -0.211146 -0.365644 -0.347334 -0.008583 -0.001717
1757664958.352211 -0.050164 0.012016 0.002098 -0.002861 0.016409 -0.003372 -0.032998 0.001335 0.013924 -0.016975 -0.002018 0.005112 0.092889 -0.020790 0.002480 -0.000572 -0.055123 -0.081445 -0.209239 -0.365263 -0.345427 -0.008583 -0.001717
1757664958.354200 -0.050164 0.012016 0.002098 -0.002861 0.016409 -0.003372 -0.032998 0.001335 0.013924 -0.016975 -0.002018 0.005112 0.092889 -0.020790 0.002480 -0.000572 -0.055123 -0.080300 -0.207332 -0.364882 -0.343901 -0.008583 -0.001717
1757664958.356203 -0.050164 0.012016 0.002098 -0.002861 0.016409 -0.003372 -0.032998 0.001335 0.013924 -0.016975 -0.002018 0.005112 0.092889 -0.020790 0.002480 -0.000572 -0.055123 -0.079156 -0.205424 -0.364500 -0.341992 -0.008583 -0.001717
1757664958.358228 -0.050164 0.012016 0.002098 -0.002861 0.016409 -0.003372 -0.032998 0.001335 0.013924 -0.016975 -0.002018 0.005112 0.092889 -0.020790 0.002480 -0.000572 -0.055123 -0.078012 -0.203517 -0.364119 -0.340085 -0.008583 -0.001717
1757664958.360210 -0.050164 0.012016 0.002098 -0.002861 0.016409 -0.003372 -0.032998 0.001335 0.013924 -0.016975 -0.002018 0.005112 0.092889 -0.020790 0.002480 -0.000572 -0.055123 -0.076867 -0.201610 -0.364119 -0.338178 -0.008583 -0.001717
1757664958.362199 -0.050164 0.012016 0.002098 -0.002861 0.016409 -0.003372 -0.032998 0.001335 0.013924 -0.016975 -0.002018 0.005112 0.092889 -0.020790 0.002480 -0.000572 -0.055123 -0.075723 -0.199702 -0.363737 -0.336652 -0.008583 -0.001717
1757664958.364210 -0.050164 0.012016 0.002098 -0.002861 0.016409 -0.003372 -0.032998 0.001335 0.013924 -0.016975 -0.002018 0.005112 0.092889 -0.020790 0.002480 -0.000572 -0.055123 -0.074578 -0.197795 -0.363356 -0.334744 -0.008583 -0.001717
1757664958.366210 -0.050164 0.012016 0.002098 -0.002861 0.016409 -0.003372 -0.032998 0.001335 0.013924 -0.016975 -0.002018 0.005112 0.092889 -0.020790 0.002480 -0.000572 -0.055123 -0.073434 -0.195888 -0.362974 -0.333219 -0.008583 -0.001717
1757664958.368231 -0.050164 0.012016 0.002098 -0.002861 0.016409 -0.003372 -0.032998 0.001335 0.013924 -0.016975 -0.002018 0.005112 0.092889 -0.020790 0.002480 -0.000572 -0.055123 -0.072289 -0.193980 -0.362974 -0.331311 -0.008583 -0.001717
1757664958.370203 -0.050164 0.012016 0.002098 -0.002861 0.016409 -0.003372 -0.032998 0.001335 0.013924 -0.016975 -0.002018 0.005112 0.092889 -0.020790 0.002480 -0.000572 -0.055123 -0.071145 -0.192073 -0.362593 -0.329404 -0.008583 -0.001717
1757664958.372264 -0.050164 0.012016 0.002098 -0.002861 0.016409 -0.003372 -0.032998 0.001335 0.013924 -0.016975 -0.002018 0.005112 0.092889 -0.020790 0.002480 -0.000572 -0.055123 -0.070001 -0.190166 -0.362211 -0.327878 -0.008583 -0.001717
1757664958.374239 -0.050164 0.012016 0.002098 -0.002861 0.016409 -0.003372 -0.032998 0.001335 0.013924 -0.016975 -0.002018 0.005112 0.092889 -0.020790 0.002480 -0.000572 -0.055123 -0.068856 -0.188258 -0.361830 -0.325971 -0.008583 -0.001717
1757664958.376198 -0.050164 0.012016 0.002098 -0.002861 0.016409 -0.003372 -0.032998 0.001335 0.013924 -0.016975 -0.002018 0.005112 0.092889 -0.020790 0.002480 -0.000572 -0.055123 -0.067712 -0.186351 -0.361448 -0.324445 -0.008583 -0.001717
1757664958.378208 -0.050164 0.012016 0.002098 -0.002861 0.016409 -0.003372 -0.032998 0.001335 0.013924 -0.016975 -0.002018 0.005112 0.092889 -0.020790 0.002480 -0.000572 -0.055123 -0.066567 -0.184443 -0.361067 -0.322537 -0.008583 -0.001717
1757664958.380222 -0.050164 0.012016 0.002098 -0.002861 0.016409 -0.003372 -0.032998 0.001335 0.013924 -0.016975 -0.002018 0.005112 0.092889 -0.020790 0.002480 -0.000572 -0.055123 -0.065423 -0.182536 -0.361067 -0.321012 -0.008583 -0.001717
1757664958.382202 -0.050164 0.012016 0.002098 -0.002861 0.016409 -0.003372 -0.032998 0.001335 0.013924 -0.016975 -0.002018 0.005112 0.092889 -0.020790 0.002480 -0.000572 -0.055123 -0.064279 -0.181010 -0.360685 -0.319486 -0.008583 -0.001717
1757664958.384217 -0.050164 0.012016 0.002098 -0.002861 0.016409 -0.003372 -0.032998 0.001335 0.013924 -0.016975 -0.002018 0.005112 0.092889 -0.020790 0.002480 -0.000572 -0.055123 -0.063134 -0.179103 -0.360304 -0.317578 -0.008583 -0.001717
1757664958.386214 -0.050164 0.012016 0.002098 -0.002861 0.016409 -0.003372 -0.032998 0.001335 0.013924 -0.016975 -0.002018 0.005112 0.092889 -0.020790 0.002480 -0.000572 -0.055123 -0.061990 -0.177196 -0.359922 -0.316052 -0.008583 -0.001717
1757664958.388265 -0.050164 0.012016 0.002098 -0.002861 0.016409 -0.003372 -0.032998 0.001335 0.013924 -0.016975 -0.002018 0.005112 0.092889 -0.020790 0.002480 -0.000572 -0.055123 -0.060845 -0.175670 -0.359541 -0.314527 -0.008583 -0.001717
1757664958.390211 -0.050164 0.012016 0.002098 -0.002861 0.016409 -0.003372 -0.032998 0.001335 0.013924 -0.016975 -0.002018 0.005112 0.092889 -0.020790 0.002480 -0.000572 -0.055123 -0.059701 -0.173762 -0.359159 -0.312619 -0.008583 -0.001717
1757664958.392209 -0.050164 0.012016 0.002098 -0.002861 0.016409 -0.003372 -0.032998 0.001335 0.013924 -0.016975 -0.002018 0.005112 0.092889 -0.020409 0.002480 -0.000572 -0.055123 -0.058557 -0.171855 -0.358778 -0.311093 -0.008583 -0.001717
1757664958.394224 -0.050164 0.012016 0.002098 -0.002861 0.016409 -0.003372 -0.032998 0.001335 0.013924 -0.016975 -0.002018 0.005112 0.092889 -0.020409 0.002480 -0.000572 -0.055123 -0.057412 -0.170329 -0.358397 -0.309567 -0.008583 -0.001717
1757664958.396225 -0.050164 0.012016 0.002098 -0.002861 0.016409 -0.003372 -0.032998 0.001335 0.013924 -0.016975 -0.002018 0.005112 0.092889 -0.020409 0.002480 -0.000572 -0.055123 -0.056268 -0.168422 -0.358015 -0.308042 -0.008583 -0.001717
1757664958.398275 -0.050164 0.012016 0.002098 -0.002861 0.016409 -0.003372 -0.032998 0.001335 0.013924 -0.016975 -0.002018 0.005112 0.092889 -0.020409 0.002480 -0.000572 -0.055123 -0.055123 -0.166896 -0.357634 -0.306516 -0.008583 -0.001717
1757664958.400264 -0.050164 0.012016 0.002098 -0.002861 0.016409 -0.003372 -0.032998 0.001335 0.013924 -0.016975 -0.002018 0.005112 0.092889 -0.020409 0.002480 -0.000572 -0.055123 -0.053979 -0.164989 -0.357252 -0.304990 -0.008583 -0.001717
1757664958.402244 -0.050164 0.012016 0.002098 -0.002861 0.016409 -0.003372 -0.032998 0.001335 0.013924 -0.016975 -0.002018 0.005112 0.092889 -0.020409 0.002480 -0.000572 -0.055123 -0.052835 -0.163463 -0.356871 -0.303464 -0.008583 -0.001717
1757664958.404253 -0.050164 0.012016 0.002098 -0.002861 0.016409 -0.003372 -0.032998 0.001335 0.013924 -0.016975 -0.002018 0.005112 0.092889 -0.020409 0.002480 -0.000572 -0.055123 -0.051690 -0.161555 -0.356489 -0.301557 -0.008583 -0.001717
1757664958.406246 -0.050164 0.012016 0.002098 -0.002861 0.016409 -0.003372 -0.032998 0.001335 0.013924 -0.016975 -0.002018 0.005112 0.092889 -0.020409 0.002480 -0.000572 -0.055123 -0.050546 -0.160029 -0.356108 -0.300031 -0.008583 -0.001717
1757664958.408253 -0.050164 0.012016 0.002098 -0.002861 0.016409 -0.003372 -0.032998 0.001335 0.013924 -0.016975 -0.002018 0.005112 0.092889 -0.020409 0.002480 -0.000572 -0.055123 -0.049401 -0.158504 -0.356108 -0.298505 -0.008583 -0.001717
1757664958.410244 -0.050164 0.012016 0.002098 -0.002861 0.016409 -0.003372 -0.032998 0.001335 0.013924 -0.016975 -0.002018 0.005112 0.092889 -0.020409 0.002480 -0.000572 -0.055123 -0.048257 -0.156596 -0.355726 -0.296979 -0.008583 -0.001717
1757664958.412253 -0.050164 0.012016 0.002098 -0.002861 0.016409 -0.003372 -0.032998 0.001335 0.013924 -0.016975 -0.002018 0.005112 0.092889 -0.020409 0.002480 -0.000572 -0.055123 -0.047112 -0.155069 -0.355345 -0.295453 -0.008583 -0.001717
1757664958.414259 -0.050164 0.012016 0.002098 -0.002861 0.016409 -0.003372 -0.032998 0.001335 0.013924 -0.016975 -0.002018 0.005112 0.092889 -0.020409 0.002480 -0.000572 -0.055123 -0.045968 -0.153162 -0.354963 -0.294309 -0.008583 -0.001717
1757664958.416244 -0.050164 0.012016 0.002098 -0.002861 0.016409 -0.003372 -0.032998 0.001335 0.013924 -0.016975 -0.002018 0.005112 0.092889 -0.020409 0.002480 -0.000572 -0.055123 -0.044824 -0.151636 -0.354582 -0.292401 -0.008583 -0.001717
1757664958.418244 -0.050164 0.012016 0.002098 -0.002861 0.016409 -0.003372 -0.032998 0.001335 0.013924 -0.016975 -0.002018 0.005112 0.092889 -0.020409 0.002480 -0.000572 -0.055123 -0.043679 -0.150110 -0.354582 -0.290875 -0.008583 -0.001717
1757664958.420244 -0.050164 0.012016 0.002098 -0.002861 0.016409 -0.003372 -0.032998 0.001335 0.013924 -0.016975 -0.002018 0.005112 0.092889 -0.020409 0.002480 -0.000572 -0.055123 -0.042535 -0.148203 -0.354200 -0.289731 -0.008583 -0.001717
1757664958.422253 -0.050164 0.012016 0.002098 -0.002861 0.016409 -0.003372 -0.032998 0.001335 0.013924 -0.016975 -0.002018 0.005112 0.092889 -0.020409 0.002480 -0.000572 -0.055123 -0.041390 -0.146677 -0.353819 -0.288205 -0.008583 -0.001717
1757664958.424248 -0.050164 0.012016 0.002098 -0.002861 0.016409 -0.003372 -0.032998 0.001335 0.013924 -0.016975 -0.002018 0.005112 0.092889 -0.020409 0.002480 -0.000572 -0.055123 -0.040246 -0.145151 -0.353819 -0.286679 -0.008583 -0.001717
1757664958.426243 -0.050164 0.012016 0.002098 -0.002861 0.016409 -0.003372 -0.032998 0.001335 0.013924 -0.016975 -0.002018 0.005112 0.092889 -0.020409 0.002480 -0.000572 -0.055123 -0.039483 -0.143244 -0.353437 -0.285153 -0.008583 -0.001717
1757664958.428256 -0.050164 0.012016 0.002098 -0.002861 0.016409 -0.003372 -0.032998 0.001335 0.013924 -0.016975 -0.002018 0.005112 0.092889 -0.020409 0.002480 -0.000572 -0.055123 -0.038339 -0.141718 -0.353056 -0.283628 -0.008583 -0.001717
1757664958.430244 -0.050164 0.012016 0.002098 -0.002861 0.016409 -0.003372 -0.032998 0.001335 0.013924 -0.016975 -0.002018 0.005112 0.092889 -0.020409 0.002480 -0.000572 -0.055123 -0.037194 -0.140192 -0.353056 -0.282102 -0.008583 -0.001717
1757664958.432249 -0.050164 0.012016 0.002098 -0.002861 0.016409 -0.003372 -0.032998 0.001335 0.013924 -0.016975 -0.002018 0.005112 0.092889 -0.020409 0.002480 -0.000572 -0.055123 -0.036050 -0.138666 -0.352674 -0.280575 -0.008583 -0.001717
1757664958.434284 -0.050164 0.012016 0.002098 -0.002861 0.016409 -0.003372 -0.032998 0.001335 0.013924 -0.016975 -0.002018 0.005112 0.092889 -0.020409 0.002480 -0.000572 -0.055123 -0.035287 -0.137140 -0.352293 -0.279049 -0.008583 -0.001717
1757664958.436282 -0.050164 0.012016 0.002098 -0.002861 0.016409 -0.003372 -0.032998 0.001335 0.013924 -0.016975 -0.002018 0.005112 0.092889 -0.020409 0.002480 -0.000572 -0.055123 -0.034142 -0.135614 -0.351912 -0.277142 -0.008583 -0.001717
1757664958.438249 -0.050164 0.012016 0.002098 -0.002861 0.016409 -0.003372 -0.032998 0.001335 0.013924 -0.016975 -0.002018 0.005112 0.092889 -0.020409 0.002480 -0.000572 -0.055123 -0.032998 -0.134089 -0.351912 -0.275616 -0.008583 -0.001717
1757664958.440274 -0.050164 0.012016 0.002098 -0.002861 0.016409 -0.003372 -0.032998 0.001335 0.013924 -0.016975 -0.002018 0.005112 0.092889 -0.020409 0.002480 -0.000572 -0.055123 -0.031854 -0.132563 -0.351530 -0.274090 -0.008583 -0.001717
1757664958.442253 -0.050164 0.012016 0.002098 -0.002861 0.016409 -0.003372 -0.032998 0.001335 0.013924 -0.016975 -0.002018 0.005112 0.092889 -0.020409 0.002480 -0.000572 -0.055123 -0.030708 -0.131037 -0.351149 -0.272564 -0.008583 -0.001717
1757664958.444249 -0.050164 0.012016 0.002098 -0.002861 0.016409 -0.003372 -0.032998 0.001335 0.013924 -0.016975 -0.002018 0.005112 0.092889 -0.020409 0.002480 -0.000572 -0.055123 -0.029945 -0.129511 -0.351149 -0.271038 -0.008583 -0.001717
1757664958.446282 -0.050164 0.012016 0.002098 -0.002861 0.016409 -0.003372 -0.032998 0.001335 0.013924 -0.016975 -0.002018 0.005112 0.092889 -0.020409 0.002480 -0.000572 -0.055123 -0.028801 -0.127985 -0.350767 -0.269131 -0.008583 -0.001717
1757664958.448246 -0.050164 0.012016 0.002098 -0.002861 0.016409 -0.003372 -0.032998 0.001335 0.013924 -0.016975 -0.002018 0.005112 0.092889 -0.020409 0.002480 -0.000572 -0.055123 -0.027657 -0.126459 -0.350386 -0.267605 -0.008583 -0.001717
1757664958.450277 -0.050164 0.012016 0.002098 -0.002861 0.016409 -0.003372 -0.032998 0.001335 0.013924 -0.016975 -0.002018 0.005112 0.092889 -0.020409 0.002480 -0.000572 -0.055123 -0.026894 -0.124933 -0.350004 -0.266079 -0.008583 -0.001717
1757664958.452250 -0.050164 0.012016 0.002098 -0.002861 0.016409 -0.003372 -0.032998 0.001335 0.013924 -0.016975 -0.002018 0.005112 0.092889 -0.020409 0.002480 -0.000572 -0.054742 -0.025749 -0.123407 -0.350004 -0.264172 -0.008583 -0.001717
1757664958.454280 -0.050164 0.012016 0.002098 -0.002861 0.016409 -0.003372 -0.032998 0.001335 0.013924 -0.016975 -0.002018 0.005112 0.092889 -0.020409 0.002480 -0.000572 -0.055123 -0.024986 -0.121881 -0.349623 -0.262646 -0.008583 -0.001717
1757664958.456254 -0.050164 0.012016 0.002098 -0.002861 0.016409 -0.003372 -0.032998 0.001335 0.013924 -0.016975 -0.002018 0.005112 0.092889 -0.020409 0.002480 -0.000572 -0.055123 -0.023842 -0.120356 -0.349241 -0.261120 -0.008583 -0.001717
1757664958.458273 -0.050164 0.012016 0.002098 -0.002861 0.016409 -0.003372 -0.032998 0.001335 0.013924 -0.016975 -0.002018 0.005112 0.092889 -0.020409 0.002480 -0.000572 -0.055123 -0.022697 -0.119211 -0.348860 -0.259212 -0.008583 -0.001717
1757664958.460266 -0.050164 0.012016 0.002098 -0.002861 0.016409 -0.003372 -0.032998 0.001335 0.013924 -0.016975 -0.002018 0.005112 0.092889 -0.020409 0.002480 -0.000572 -0.055123 -0.021935 -0.117685 -0.348860 -0.257687 -0.008583 -0.001717
1757664958.462243 -0.050164 0.012016 0.002098 -0.002861 0.016409 -0.003372 -0.032998 0.001335 0.013924 -0.016975 -0.002018 0.005112 0.092889 -0.020409 0.002480 -0.000572 -0.054742 -0.020790 -0.116159 -0.348478 -0.256161 -0.008583 -0.001717
1757664958.464222 -0.050164 0.012016 0.002098 -0.002861 0.016409 -0.003372 -0.032998 0.001335 0.013924 -0.016975 -0.002018 0.005112 0.092889 -0.020409 0.002480 -0.000572 -0.054742 -0.020027 -0.114634 -0.348097 -0.254253 -0.008583 -0.001717
1757664958.466208 -0.050164 0.012016 0.002098 -0.002861 0.016409 -0.003372 -0.032998 0.001335 0.013924 -0.016975 -0.002018 0.005112 0.092889 -0.020409 0.002480 -0.000572 -0.054742 -0.019264 -0.113489 -0.347715 -0.252728 -0.008583 -0.001717
1757664958.468206 -0.050164 0.012016 0.002098 -0.002861 0.016409 -0.003372 -0.032998 0.001335 0.013924 -0.016975 -0.002018 0.005112 0.092889 -0.020409 0.002480 -0.000572 -0.054742 -0.018501 -0.111963 -0.347334 -0.250820 -0.008583 -0.001717
1757664958.470209 -0.050164 0.012016 0.002098 -0.002861 0.016409 -0.003372 -0.032998 0.001335 0.013924 -0.016975 -0.002018 0.005112 0.092889 -0.020409 0.002480 -0.000572 -0.054742 -0.017357 -0.110437 -0.347334 -0.249294 -0.008583 -0.001717
1757664958.472209 -0.050164 0.012016 0.002098 -0.002861 0.016409 -0.003372 -0.032998 0.001335 0.013924 -0.016975 -0.002018 0.005112 0.092889 -0.020409 0.002480 -0.000572 -0.054742 -0.016594 -0.108912 -0.346952 -0.247768 -0.008583 -0.001717
1757664958.474208 -0.050164 0.012016 0.002098 -0.002861 0.016409 -0.003372 -0.032998 0.001335 0.013924 -0.016975 -0.002018 0.005112 0.092889 -0.020409 0.002480 -0.000572 -0.054742 -0.015831 -0.107386 -0.346571 -0.245861 -0.008583 -0.001717
1757664958.476207 -0.050164 0.012016 0.002098 -0.002861 0.016409 -0.003372 -0.032998 0.001335 0.013924 -0.016975 -0.002018 0.005112 0.092889 -0.020409 0.002480 -0.000572 -0.054742 -0.015068 -0.106241 -0.346571 -0.244335 -0.008583 -0.001717
1757664958.478204 -0.050164 0.012016 0.002098 -0.002861 0.016409 -0.003372 -0.032998 0.001335 0.013924 -0.016975 -0.002018 0.005112 0.092889 -0.020409 0.002480 -0.000572 -0.054742 -0.013924 -0.104715 -0.346189 -0.242428 -0.008583 -0.001717
1757664958.480201 -0.050164 0.012016 0.002098 -0.002861 0.016409 -0.003372 -0.032998 0.001335 0.013924 -0.016975 -0.002018 0.005112 0.092889 -0.020409 0.002480 -0.000572 -0.054742 -0.013161 -0.103571 -0.346189 -0.240520 -0.008583 -0.001717
1757664958.482223 -0.050164 0.012016 0.002098 -0.002861 0.016409 -0.003372 -0.032998 0.001335 0.013924 -0.016975 -0.002018 0.005112 0.092889 -0.020409 0.002480 -0.000572 -0.054742 -0.012398 -0.102045 -0.346189 -0.238995 -0.008583 -0.001717
1757664958.484202 -0.050164 0.012016 0.002098 -0.002861 0.016409 -0.003372 -0.032998 0.001335 0.013924 -0.016975 -0.002018 0.005112 0.092889 -0.020409 0.002480 -0.000572 -0.054742 -0.011635 -0.100519 -0.345808 -0.237469 -0.008583 -0.001717
1757664958.486213 -0.050164 0.012016 0.002098 -0.002861 0.016409 -0.003372 -0.032998 0.001335 0.013924 -0.016975 -0.002018 0.005112 0.092889 -0.020409 0.002480 -0.000572 -0.054742 -0.010490 -0.099375 -0.345808 -0.235561 -0.008583 -0.001717
1757664958.488209 -0.050164 0.012016 0.002098 -0.002861 0.016409 -0.003372 -0.032998 0.001335 0.013924 -0.016975 -0.002018 0.005112 0.092889 -0.020409 0.002480 -0.000572 -0.054742 -0.009727 -0.097849 -0.345427 -0.234035 -0.008583 -0.001717
1757664958.490201 -0.050164 0.012016 0.002098 -0.002861 0.016409 -0.003372 -0.032998 0.001335 0.013924 -0.016975 -0.002018 0.005112 0.092507 -0.020409 0.002480 -0.000572 -0.054742 -0.009346 -0.096323 -0.345427 -0.232128 -0.008583 -0.001717
1757664958.492249 -0.050164 0.012016 0.002098 -0.002861 0.016409 -0.003372 -0.032998 0.001335 0.013924 -0.016975 -0.002018 0.005112 0.092889 -0.020409 0.002480 -0.000572 -0.054742 -0.008583 -0.095179 -0.345427 -0.230602 -0.008583 -0.001717
1757664958.494254 -0.050164 0.012016 0.002098 -0.002861 0.016409 -0.003372 -0.032998 0.001335 0.013924 -0.016975 -0.002018 0.005112 0.092507 -0.020409 0.002480 -0.000572 -0.054742 -0.007820 -0.093652 -0.345045 -0.229076 -0.008583 -0.001717
1757664958.496209 -0.050164 0.012016 0.002098 -0.002861 0.016409 -0.003372 -0.032998 0.001335 0.013924 -0.016975 -0.002018 0.005112 0.092507 -0.020409 0.002480 -0.000572 -0.054742 -0.007057 -0.092507 -0.345045 -0.227169 -0.008583 -0.001717
1757664958.498216 -0.050164 0.012016 0.002098 -0.002861 0.016409 -0.003372 -0.032998 0.001335 0.013924 -0.016975 -0.002018 0.005112 0.092507 -0.020409 0.002480 -0.000572 -0.054742 -0.006294 -0.091363 -0.345045 -0.225643 -0.008583 -0.001717
1757664958.500211 -0.050164 0.012016 0.002098 -0.002861 0.016409 -0.003372 -0.032998 0.001335 0.013924 -0.016975 -0.002018 0.005112 0.092507 -0.020409 0.002480 -0.000572 -0.054742 -0.005531 -0.089837 -0.345045 -0.223736 -0.008583 -0.001717
1757664958.502192 -0.050164 0.012016 0.002098 -0.002861 0.016409 -0.003372 -0.032998 0.001335 0.013924 -0.016975 -0.002018 0.005112 0.092507 -0.020409 0.002480 -0.000572 -0.054742 -0.004768 -0.088311 -0.344664 -0.222210 -0.008583 -0.001717
1757664958.504196 -0.050164 0.012016 0.002098 -0.002861 0.016409 -0.003372 -0.032998 0.001335 0.013924 -0.016975 -0.002018 0.005112 0.092507 -0.020409 0.002480 -0.000572 -0.054742 -0.004005 -0.087167 -0.344664 -0.220303 -0.008583 -0.001717
1757664958.506188 -0.050164 0.012016 0.002098 -0.002861 0.016409 -0.003372 -0.032998 0.001335 0.013924 -0.016975 -0.002018 0.005112 0.092507 -0.020409 0.002480 -0.000572 -0.054742 -0.003242 -0.085641 -0.344664 -0.218777 -0.008583 -0.001717
1757664958.508184 -0.050164 0.012016 0.002098 -0.002861 0.016409 -0.003372 -0.032998 0.001335 0.013924 -0.016975 -0.002018 0.005112 0.092507 -0.020409 0.002480 -0.000572 -0.054742 -0.002480 -0.084496 -0.344664 -0.217250 -0.008583 -0.001717
1757664958.510186 -0.050164 0.012016 0.002098 -0.002861 0.016409 -0.003372 -0.032998 0.001335 0.013924 -0.016975 -0.002018 0.005112 0.092507 -0.020409 0.002480 -0.000572 -0.054742 -0.001717 -0.083352 -0.344664 -0.215724 -0.008583 -0.001717
1757664958.512187 -0.050164 0.012016 0.002098 -0.002861 0.016409 -0.003372 -0.032998 0.001335 0.013924 -0.016975 -0.002018 0.005112 0.092507 -0.020409 0.002480 -0.000572 -0.054742 -0.000954 -0.082208 -0.344282 -0.213817 -0.008583 -0.001717
1757664958.514185 -0.050164 0.012016 0.002098 -0.002861 0.016409 -0.003372 -0.032998 0.001335 0.013924 -0.016975 -0.002018 0.005112 0.092507 -0.020409 0.002480 -0.000572 -0.054742 -0.000191 -0.081063 -0.344282 -0.212291 -0.008583 -0.001717
1757664958.516196 -0.050164 0.012016 0.002098 -0.002861 0.016409 -0.003372 -0.032998 0.001335 0.013924 -0.016975 -0.002018 0.005112 0.092507 -0.020409 0.002480 -0.000572 -0.054742 0.000191 -0.079537 -0.344282 -0.210765 -0.008583 -0.001717
1757664958.518196 -0.050164 0.012016 0.002098 -0.002861 0.016409 -0.003372 -0.032998 0.001335 0.013924 -0.016975 -0.002018 0.005112 0.092507 -0.020409 0.002480 -0.000572 -0.054742 0.000954 -0.078393 -0.344282 -0.208858 -0.008583 -0.001717
1757664958.520198 -0.050164 0.012016 0.002098 -0.002861 0.016409 -0.003372 -0.032998 0.001335 0.013924 -0.016975 -0.002018 0.005112 0.092507 -0.020409 0.002480 -0.000572 -0.054742 0.001717 -0.076867 -0.344282 -0.207332 -0.008583 -0.001717
1757664958.522195 -0.050164 0.012016 0.002098 -0.002861 0.016409 -0.003372 -0.032998 0.001335 0.013924 -0.016975 -0.002018 0.005112 0.092507 -0.020409 0.002480 -0.000572 -0.054742 0.002480 -0.075723 -0.344282 -0.205806 -0.008583 -0.001717
1757664958.524221 -0.050164 0.012016 0.002098 -0.002861 0.016409 -0.003372 -0.032998 0.001335 0.013924 -0.016975 -0.002018 0.005112 0.092507 -0.020409 0.002480 -0.000572 -0.054742 0.002861 -0.074578 -0.343901 -0.203898 -0.008583 -0.001717
1757664958.526253 -0.050164 0.012016 0.002098 -0.002861 0.016409 -0.003372 -0.032998 0.001335 0.013924 -0.016975 -0.002018 0.005112 0.092507 -0.020409 0.002480 -0.000572 -0.054742 0.003624 -0.073434 -0.343901 -0.202373 -0.008583 -0.001717
1757664958.528199 -0.050164 0.012016 0.002098 -0.002861 0.016409 -0.003372 -0.032998 0.001335 0.013924 -0.016975 -0.002018 0.005112 0.092507 -0.020409 0.002480 -0.000572 -0.054742 0.004387 -0.072289 -0.343901 -0.200847 -0.008583 -0.001717
1757664958.530191 -0.050164 0.012016 0.002098 -0.002861 0.016409 -0.003372 -0.032998 0.001335 0.013924 -0.016975 -0.002018 0.005112 0.092507 -0.020409 0.002480 -0.000572 -0.054742 0.004768 -0.071145 -0.343901 -0.198939 -0.008583 -0.001717
1757664958.532187 -0.050164 0.012016 0.002098 -0.002861 0.016409 -0.003372 -0.032998 0.001335 0.013924 -0.016975 -0.002018 0.005112 0.092507 -0.020409 0.002480 -0.000572 -0.054742 0.005531 -0.070001 -0.343901 -0.197413 -0.008583 -0.001717
1757664958.534179 -0.050164 0.012016 0.002098 -0.002861 0.016409 -0.003372 -0.032998 0.001335 0.013924 -0.016975 -0.002018 0.005112 0.092507 -0.020409 0.002480 -0.000572 -0.054742 0.005913 -0.068856 -0.343901 -0.195888 -0.008583 -0.001717
1757664958.536185 -0.050164 0.012016 0.002098 -0.002861 0.016409 -0.003372 -0.032998 0.001335 0.013924 -0.016975 -0.002018 0.005112 0.092507 -0.020409 0.002480 -0.000572 -0.054742 0.006676 -0.067712 -0.343901 -0.193980 -0.008583 -0.001717
1757664958.538182 -0.050164 0.012016 0.002098 -0.002861 0.016409 -0.003372 -0.032998 0.001335 0.013924 -0.016975 -0.002018 0.005112 0.092507 -0.020409 0.002480 -0.000572 -0.054742 0.007057 -0.066567 -0.343901 -0.192454 -0.008583 -0.001717
1757664958.540182 -0.050164 0.012016 0.002098 -0.002861 0.016409 -0.003372 -0.032998 0.001335 0.013924 -0.016975 -0.002018 0.005112 0.092507 -0.020409 0.002480 -0.000572 -0.054742 0.007439 -0.065423 -0.343901 -0.190928 -0.008583 -0.001717
1757664958.542179 -0.050164 0.012016 0.002098 -0.002861 0.016409 -0.003372 -0.032998 0.001335 0.013924 -0.016975 -0.002018 0.005112 0.092507 -0.020409 0.002480 -0.000572 -0.054742 0.008202 -0.064660 -0.343901 -0.189403 -0.008583 -0.001717
1757664958.544182 -0.050164 0.012016 0.002098 -0.002861 0.016409 -0.003372 -0.032998 0.001335 0.013924 -0.016975 -0.002018 0.005112 0.092507 -0.020409 0.002480 -0.000572 -0.054742 0.008583 -0.063516 -0.343901 -0.187495 -0.008583 -0.001717
1757664958.546190 -0.050164 0.012016 0.002098 -0.002861 0.016409 -0.003372 -0.032998 0.001335 0.013924 -0.016975 -0.002018 0.005112 0.092507 -0.020409 0.002480 -0.000572 -0.054742 0.008965 -0.062371 -0.343901 -0.185969 -0.008583 -0.001717
1757664958.548191 -0.050164 0.012016 0.002098 -0.002861 0.016409 -0.003372 -0.032998 0.001335 0.013924 -0.016975 -0.002018 0.005112 0.092507 -0.020409 0.002480 -0.000572 -0.054742 0.009346 -0.061227 -0.343901 -0.184443 -0.008583 -0.001717
1757664958.550190 -0.050164 0.012016 0.002098 -0.002861 0.016409 -0.003372 -0.032998 0.001335 0.013924 -0.016975 -0.002018 0.005112 0.092507 -0.020409 0.002480 -0.000572 -0.054742 0.009727 -0.060082 -0.343901 -0.182918 -0.008583 -0.001717
1757664958.552193 -0.050164 0.012016 0.002098 -0.002861 0.016409 -0.003372 -0.032998 0.001335 0.013924 -0.016975 -0.002018 0.005112 0.092507 -0.020409 0.002480 -0.000572 -0.054742 0.010109 -0.059319 -0.343901 -0.181392 -0.008583 -0.001717
1757664958.554195 -0.050164 0.012016 0.002098 -0.002861 0.016409 -0.003372 -0.032998 0.001335 0.013924 -0.016975 -0.002018 0.005112 0.092507 -0.020409 0.002480 -0.000572 -0.054742 0.010490 -0.058175 -0.343901 -0.179866 -0.008583 -0.001717
1757664958.556287 -0.050164 0.012016 0.002098 -0.002861 0.016409 -0.003372 -0.032998 0.001335 0.013924 -0.016975 -0.002018 0.005112 0.092507 -0.020409 0.002480 -0.000572 -0.054742 0.010872 -0.057031 -0.343901 -0.178340 -0.008583 -0.001717
1757664958.558218 -0.050164 0.012016 0.002098 -0.002861 0.016409 -0.003372 -0.032998 0.001335 0.013924 -0.016975 -0.002018 0.005112 0.092507 -0.020409 0.002480 -0.000572 -0.054742 0.011253 -0.056268 -0.343901 -0.176433 -0.008583 -0.001717
1757664958.560192 -0.050164 0.012016 0.002098 -0.002861 0.016409 -0.003372 -0.032998 0.001335 0.013924 -0.016975 -0.002018 0.005112 0.092507 -0.020409 0.002480 -0.000572 -0.054742 0.011635 -0.055123 -0.343901 -0.174907 -0.008583 -0.001717
1757664958.562197 -0.050164 0.012016 0.002098 -0.002861 0.016409 -0.003372 -0.032998 0.001335 0.013924 -0.016975 -0.002018 0.005112 0.092507 -0.020409 0.002480 -0.000572 -0.054742 0.012016 -0.054360 -0.343901 -0.173381 -0.008583 -0.001717
1757664958.564195 -0.050164 0.012016 0.002098 -0.002861 0.016409 -0.003372 -0.032998 0.001335 0.013924 -0.016975 -0.002018 0.005112 0.092507 -0.020409 0.002480 -0.000572 -0.054742 0.012398 -0.053216 -0.343901 -0.171855 -0.008583 -0.001717
1757664958.566204 -0.050164 0.012016 0.002098 -0.002861 0.016409 -0.003372 -0.032998 0.001335 0.013924 -0.016975 -0.002018 0.005112 0.092507 -0.020409 0.002480 -0.000572 -0.054742 0.012779 -0.052453 -0.343901 -0.170329 -0.008583 -0.001717
1757664958.568197 -0.050164 0.012016 0.002098 -0.002861 0.016409 -0.003372 -0.032998 0.001335 0.013924 -0.016975 -0.002018 0.005112 0.092507 -0.020409 0.002480 -0.000572 -0.054742 0.012779 -0.051309 -0.343901 -0.168803 -0.008583 -0.001717
1757664958.570194 -0.050164 0.012016 0.002098 -0.002861 0.016409 -0.003372 -0.032998 0.001335 0.013924 -0.016975 -0.002018 0.005112 0.092507 -0.020409 0.002480 -0.000572 -0.054742 0.013161 -0.050546 -0.343901 -0.167277 -0.008583 -0.001717
1757664958.572198 -0.050164 0.012016 0.002098 -0.002861 0.016409 -0.003372 -0.032998 0.001335 0.013924 -0.016975 -0.002018 0.005112 0.092126 -0.020409 0.002480 -0.000572 -0.054742 0.013542 -0.049401 -0.343901 -0.165751 -0.008583 -0.001717
1757664958.574203 -0.050164 0.012016 0.002098 -0.002861 0.016409 -0.003372 -0.032998 0.001335 0.013924 -0.016975 -0.002018 0.005112 0.092126 -0.020409 0.002480 -0.000572 -0.054742 0.013924 -0.048257 -0.343901 -0.164226 -0.008583 -0.001717
1757664958.576200 -0.050164 0.012016 0.002098 -0.002861 0.016409 -0.003372 -0.032998 0.001335 0.013924 -0.016975 -0.002018 0.005112 0.092126 -0.020409 0.002480 -0.000572 -0.054742 0.013924 -0.047494 -0.343901 -0.162700 -0.008583 -0.001717
1757664958.578196 -0.050164 0.012016 0.002098 -0.002861 0.016409 -0.003372 -0.032998 0.001335 0.013924 -0.016975 -0.002018 0.005112 0.092126 -0.020409 0.002480 -0.000572 -0.054742 0.014305 -0.046731 -0.343901 -0.161174 -0.008583 -0.001717
1757664958.580201 -0.050164 0.012016 0.002098 -0.002861 0.016409 -0.003372 -0.032998 0.001335 0.013924 -0.016975 -0.002018 0.005112 0.092126 -0.020409 0.002480 -0.000572 -0.054742 0.014687 -0.045968 -0.343901 -0.159648 -0.008583 -0.001717
1757664958.582209 -0.050164 0.012016 0.002098 -0.002861 0.016409 -0.003372 -0.032998 0.001335 0.013924 -0.016975 -0.002018 0.005112 0.092126 -0.020409 0.002480 -0.000572 -0.054742 0.014687 -0.045205 -0.343901 -0.158122 -0.008583 -0.001717
1757664958.584205 -0.050164 0.012016 0.002098 -0.002861 0.016409 -0.003372 -0.032998 0.001335 0.013924 -0.016975 -0.002018 0.005112 0.092126 -0.020409 0.002480 -0.000572 -0.054742 0.015068 -0.044061 -0.343901 -0.156596 -0.008583 -0.001717
1757664958.586197 -0.050164 0.012016 0.002098 -0.002861 0.016409 -0.003372 -0.032998 0.001335 0.013924 -0.016975 -0.002018 0.005112 0.092126 -0.020409 0.002480 -0.000572 -0.054742 0.015450 -0.043298 -0.343901 -0.155069 -0.008583 -0.001717
1757664958.588244 -0.050164 0.012016 0.002098 -0.002861 0.016409 -0.003372 -0.032998 0.001335 0.013924 -0.016975 -0.002018 0.005112 0.092126 -0.020409 0.002480 -0.000572 -0.054742 0.015831 -0.042535 -0.343901 -0.153543 -0.008583 -0.001717
1757664958.590208 -0.050164 0.012016 0.002098 -0.002861 0.016409 -0.003372 -0.032998 0.001335 0.013924 -0.016975 -0.002018 0.005112 0.092126 -0.020409 0.002480 -0.000572 -0.054742 0.015831 -0.041772 -0.343901 -0.152018 -0.008583 -0.001717
1757664958.592198 -0.050164 0.012016 0.002098 -0.002861 0.016409 -0.003372 -0.032998 0.001335 0.013924 -0.016975 -0.002018 0.005112 0.092126 -0.020409 0.002480 -0.000572 -0.054742 0.016212 -0.040627 -0.343901 -0.150492 -0.008583 -0.001717
1757664958.594198 -0.050164 0.012016 0.002098 -0.002861 0.016409 -0.003372 -0.032998 0.001335 0.013924 -0.016975 -0.002018 0.005112 0.092126 -0.020409 0.002480 -0.000572 -0.054742 0.016212 -0.039865 -0.343901 -0.148966 -0.008583 -0.001717
1757664958.596209 -0.050164 0.012016 0.002098 -0.002861 0.016409 -0.003372 -0.032998 0.001335 0.013924 -0.016975 -0.002018 0.005112 0.092126 -0.020409 0.002480 -0.000572 -0.054742 0.016594 -0.039102 -0.343901 -0.147440 -0.008583 -0.001717
1757664958.598216 -0.050164 0.012016 0.002098 -0.002861 0.016409 -0.003372 -0.032998 0.001335 0.013924 -0.016975 -0.002018 0.005112 0.092126 -0.020409 0.002480 -0.000572 -0.054742 0.016594 -0.038339 -0.343901 -0.145914 -0.008583 -0.001717
1757664958.600197 -0.050164 0.012016 0.002098 -0.002861 0.016409 -0.003372 -0.032998 0.001335 0.013924 -0.016975 -0.002018 0.005112 0.092126 -0.020409 0.002480 -0.000572 -0.054742 0.016975 -0.037576 -0.343901 -0.144388 -0.008583 -0.001717
1757664958.602208 -0.050164 0.012016 0.002098 -0.002861 0.016409 -0.003372 -0.032998 0.001335 0.013924 -0.016975 -0.002018 0.005112 0.092126 -0.020409 0.002480 -0.000572 -0.054742 0.016975 -0.036813 -0.343901 -0.143244 -0.008583 -0.001717
1757664958.604200 -0.050164 0.012016 0.002098 -0.002861 0.016409 -0.003372 -0.032998 0.001335 0.013924 -0.016975 -0.002018 0.005112 0.092126 -0.020409 0.002480 -0.000572 -0.054742 0.017357 -0.036050 -0.343901 -0.141718 -0.008583 -0.001717
1757664958.606196 -0.050164 0.012016 0.002098 -0.002861 0.016409 -0.003372 -0.032998 0.001335 0.013924 -0.016975 -0.002018 0.005112 0.091744 -0.020409 0.002480 -0.000572 -0.054742 0.017738 -0.035668 -0.343901 -0.140192 -0.008583 -0.001717
1757664958.608193 -0.050164 0.012016 0.002098 -0.002861 0.016409 -0.003372 -0.032998 0.001335 0.013924 -0.016975 -0.002018 0.005112 0.091744 -0.020409 0.002480 -0.000572 -0.054742 0.017738 -0.034905 -0.343901 -0.138666 -0.008583 -0.001717
1757664958.610209 -0.050164 0.012016 0.002098 -0.002861 0.016409 -0.003372 -0.032998 0.001335 0.013924 -0.016975 -0.002018 0.005112 0.091744 -0.020409 0.002480 -0.000572 -0.054742 0.018120 -0.034142 -0.343901 -0.137140 -0.008583 -0.001717
1757664958.612196 -0.050164 0.012016 0.002098 -0.002861 0.016409 -0.003372 -0.032998 0.001335 0.013924 -0.016975 -0.002018 0.005112 0.091744 -0.020409 0.002480 -0.000572 -0.054742 0.018120 -0.033380 -0.343901 -0.135996 -0.008583 -0.001717
1757664958.614195 -0.050164 0.012016 0.002098 -0.002861 0.016409 -0.003372 -0.032998 0.001335 0.013924 -0.016975 -0.002018 0.005112 0.091744 -0.020409 0.002480 -0.000572 -0.054742 0.018501 -0.032617 -0.343901 -0.134470 -0.008583 -0.001717
1757664958.616208 -0.050164 0.012016 0.002098 -0.002861 0.016409 -0.003372 -0.032998 0.001335 0.013924 -0.016975 -0.002018 0.005112 0.091744 -0.020409 0.002480 -0.000572 -0.054742 0.018501 -0.031854 -0.343901 -0.132944 -0.008583 -0.001717
1757664958.618196 -0.050164 0.012016 0.002098 -0.002861 0.016409 -0.003372 -0.032998 0.001335 0.013924 -0.016975 -0.002018 0.005112 0.091744 -0.020409 0.002480 -0.000572 -0.054742 0.018883 -0.030708 -0.343901 -0.131418 -0.008583 -0.001717
1757664958.620196 -0.050164 0.012016 0.002098 -0.002861 0.016409 -0.003372 -0.032998 0.001335 0.013924 -0.016975 -0.002018 0.005112 0.091744 -0.020409 0.002480 -0.000572 -0.054742 0.018883 -0.030327 -0.343901 -0.129892 -0.008583 -0.001717
1757664958.622191 -0.050164 0.012016 0.002098 -0.002861 0.016409 -0.003372 -0.032998 0.001335 0.013924 -0.016975 -0.002018 0.005112 0.091744 -0.020409 0.002480 -0.000572 -0.054742 0.019264 -0.029564 -0.343901 -0.128748 -0.008583 -0.001717
1757664958.624204 -0.050164 0.012016 0.002098 -0.002861 0.016409 -0.003372 -0.032998 0.001335 0.013924 -0.016975 -0.002018 0.005112 0.091744 -0.020409 0.002480 -0.000572 -0.054742 0.019264 -0.028801 -0.343901 -0.127222 -0.008583 -0.001717
1757664958.626197 -0.050164 0.012016 0.002098 -0.002861 0.016409 -0.003372 -0.032998 0.001335 0.013924 -0.016975 -0.002018 0.005112 0.091744 -0.020409 0.002480 -0.000572 -0.054742 0.019646 -0.028419 -0.343901 -0.125696 -0.008583 -0.001717
1757664958.628195 -0.050164 0.012016 0.002098 -0.002861 0.016409 -0.003372 -0.032998 0.001335 0.013924 -0.016975 -0.002018 0.005112 0.091744 -0.020409 0.002480 -0.000572 -0.054742 0.019646 -0.027657 -0.343901 -0.124170 -0.008583 -0.001717
1757664958.630206 -0.050164 0.012016 0.002098 -0.002861 0.016409 -0.003372 -0.032998 0.001335 0.013924 -0.016975 -0.002018 0.005112 0.091744 -0.020409 0.002480 -0.000572 -0.054742 0.020027 -0.027275 -0.343901 -0.123026 -0.008583 -0.001717
1757664958.632191 -0.050164 0.012016 0.002098 -0.002861 0.016409 -0.003372 -0.032998 0.001335 0.013924 -0.016975 -0.002018 0.005112 0.091744 -0.020409 0.002480 -0.000572 -0.054742 0.020027 -0.026512 -0.343901 -0.121500 -0.008583 -0.001717
1757664958.634194 -0.050164 0.012016 0.002098 -0.002861 0.016409 -0.003372 -0.032998 0.001335 0.013924 -0.016975 -0.002018 0.005112 0.091744 -0.020409 0.002480 -0.000572 -0.054742 0.020409 -0.025749 -0.343901 -0.119974 -0.008583 -0.001717
1757664958.636218 -0.050164 0.012016 0.002098 -0.002861 0.016409 -0.003372 -0.032998 0.001335 0.013924 -0.016975 -0.002018 0.005112 0.091744 -0.020409 0.002480 -0.000572 -0.054742 0.020409 -0.025368 -0.343901 -0.118448 -0.008583 -0.001717
1757664958.638207 -0.050164 0.012016 0.002098 -0.002861 0.016409 -0.003372 -0.032998 0.001335 0.013924 -0.016975 -0.002018 0.005112 0.091744 -0.020409 0.002480 -0.000572 -0.054742 0.020790 -0.024605 -0.343901 -0.117304 -0.008583 -0.001717
1757664958.640192 -0.050164 0.012016 0.002098 -0.002861 0.016409 -0.003372 -0.032998 0.001335 0.013924 -0.016975 -0.002018 0.005112 0.091363 -0.020409 0.002480 -0.000572 -0.054742 0.020790 -0.023842 -0.343901 -0.115778 -0.008583 -0.001717
1757664958.642195 -0.050164 0.012016 0.002098 -0.002861 0.016409 -0.003372 -0.032998 0.001335 0.013924 -0.016975 -0.002018 0.005112 0.091363 -0.020409 0.002480 -0.000572 -0.054742 0.021172 -0.023460 -0.343901 -0.114252 -0.008583 -0.001717
1757664958.644207 -0.050164 0.012016 0.002098 -0.002861 0.016409 -0.003372 -0.032998 0.001335 0.013924 -0.016975 -0.002018 0.005112 0.091363 -0.020409 0.002480 -0.000572 -0.054742 0.021172 -0.022697 -0.343901 -0.113108 -0.008583 -0.001717
1757664958.646195 -0.050164 0.012016 0.002098 -0.002861 0.016409 -0.003372 -0.032998 0.001335 0.013924 -0.016975 -0.002018 0.005112 0.091363 -0.020409 0.002480 -0.000572 -0.054742 0.021172 -0.022316 -0.343901 -0.111582 -0.008583 -0.001717
1757664958.648195 -0.050164 0.012016 0.002098 -0.002861 0.016409 -0.003372 -0.032998 0.001335 0.013924 -0.016975 -0.001883 0.004856 0.091363 -0.020409 0.002480 -0.000572 -0.054742 0.021172 -0.021553 -0.343901 -0.110056 -0.008583 -0.001717
1757664958.650316 -0.050164 0.012016 0.002098 -0.002861 0.016409 -0.003372 -0.032998 0.001335 0.013924 -0.016975 -0.001883 0.004856 0.091363 -0.020409 0.002480 -0.000572 -0.054742 0.021553 -0.021172 -0.343901 -0.108912 -0.008583 -0.001717
1757664958.652264 -0.050164 0.012016 0.002098 -0.002861 0.016409 -0.003372 -0.032998 0.001335 0.013924 -0.016975 -0.001883 0.004856 0.091363 -0.020409 0.002480 -0.000572 -0.054742 0.021553 -0.020790 -0.343901 -0.107386 -0.008583 -0.001717
1757664958.654257 -0.050164 0.012016 0.002098 -0.002861 0.016409 -0.003372 -0.032998 0.001335 0.013924 -0.016975 -0.001883 0.004856 0.091363 -0.020409 0.002480 -0.000572 -0.054742 0.021935 -0.020027 -0.343901 -0.106241 -0.008583 -0.001717
1757664958.656259 -0.050164 0.012016 0.002098 -0.002861 0.016409 -0.003372 -0.032998 0.001335 0.013924 -0.016975 -0.001883 0.004856 0.091363 -0.020409 0.002480 -0.000572 -0.054742 0.021935 -0.019646 -0.343901 -0.104715 -0.008583 -0.001717
1757664958.658252 -0.050164 0.012016 0.002098 -0.002861 0.016409 -0.003372 -0.032998 0.001335 0.013924 -0.016975 -0.001883 0.004856 0.091363 -0.020409 0.002480 -0.000572 -0.054742 0.021935 -0.019264 -0.343901 -0.103571 -0.008583 -0.001717
1757664958.660252 -0.050164 0.012016 0.002098 -0.002861 0.016409 -0.003372 -0.032998 0.000954 0.013924 -0.016975 -0.001883 0.004856 0.090981 -0.020409 0.002480 -0.000572 -0.054742 0.021935 -0.018501 -0.343901 -0.102045 -0.008583 -0.001717
1757664958.662250 -0.050164 0.012016 0.002098 -0.002861 0.016409 -0.003372 -0.032998 0.000954 0.013924 -0.016975 -0.001883 0.004856 0.090981 -0.020409 0.002480 -0.000572 -0.054742 0.021935 -0.018120 -0.343901 -0.100901 -0.008583 -0.001717
1757664958.664228 -0.050164 0.012016 0.002098 -0.002861 0.016409 -0.003372 -0.032998 0.000954 0.013924 -0.016975 -0.001883 0.004856 0.090981 -0.020409 0.002480 -0.000572 -0.054742 0.022316 -0.017738 -0.343901 -0.099375 -0.008583 -0.001717
1757664958.666230 -0.050164 0.012016 0.002098 -0.002861 0.016409 -0.003372 -0.032998 0.000954 0.013924 -0.016975 -0.001883 0.004856 0.090981 -0.020409 0.002480 -0.000572 -0.054742 0.022316 -0.016975 -0.343901 -0.098230 -0.008583 -0.001717
1757664958.668254 -0.050164 0.012016 0.002098 -0.002861 0.016409 -0.003372 -0.032998 0.000954 0.013924 -0.016975 -0.001883 0.004856 0.090981 -0.020409 0.002480 -0.000572 -0.054742 0.022316 -0.016594 -0.343901 -0.096704 -0.008583 -0.001717
1757664958.670253 -0.050164 0.012016 0.002098 -0.002861 0.016409 -0.003372 -0.032998 0.000954 0.013924 -0.016975 -0.001883 0.004856 0.090981 -0.020409 0.002480 -0.000572 -0.054742 0.022316 -0.016212 -0.343901 -0.095560 -0.008583 -0.001717
1757664958.672246 -0.050164 0.012016 0.002098 -0.002861 0.016409 -0.003372 -0.032998 0.000954 0.013924 -0.016975 -0.001883 0.004856 0.090981 -0.020409 0.002480 -0.000572 -0.054742 0.022316 -0.015831 -0.343901 -0.094034 -0.008583 -0.001717
1757664958.674256 -0.050164 0.012016 0.002098 -0.002861 0.016409 -0.003372 -0.032998 0.000954 0.013924 -0.016975 -0.001883 0.004856 0.090981 -0.020409 0.002480 -0.000572 -0.054742 0.022316 -0.015068 -0.344282 -0.092889 -0.008583 -0.001717
1757664958.676252 -0.050164 0.012016 0.002098 -0.002861 0.016409 -0.003372 -0.032998 0.000954 0.013924 -0.016975 -0.001883 0.004856 0.090981 -0.020409 0.002480 -0.000572 -0.054742 0.022316 -0.014687 -0.343901 -0.091744 -0.008583 -0.001717
1757664958.678208 -0.050164 0.012016 0.002098 -0.002861 0.016544 -0.003116 -0.032998 0.000954 0.013924 -0.016975 -0.001883 0.004856 0.090600 -0.020409 0.002480 -0.000572 -0.054742 0.022316 -0.014305 -0.343901 -0.090600 -0.008583 -0.001717
1757664958.680255 -0.050164 0.012016 0.002098 -0.002861 0.016544 -0.003116 -0.032998 0.000954 0.013924 -0.016975 -0.001883 0.004856 0.090600 -0.020409 0.002480 -0.000572 -0.054742 0.022697 -0.013924 -0.343901 -0.089074 -0.008583 -0.001717
1757664958.682245 -0.050164 0.012016 0.002098 -0.002861 0.016544 -0.003116 -0.032998 0.000954 0.013924 -0.016975 -0.001883 0.004856 0.090600 -0.020409 0.002480 -0.000572 -0.054742 0.022697 -0.013161 -0.343901 -0.087930 -0.008583 -0.001717
1757664958.684196 -0.050164 0.012016 0.002098 -0.002861 0.016544 -0.003116 -0.032998 0.000954 0.013924 -0.016975 -0.001883 0.004856 0.090600 -0.020409 0.002480 -0.000572 -0.054742 0.022697 -0.012779 -0.344282 -0.086785 -0.008583 -0.001717
1757664958.686214 -0.050164 0.012016 0.002098 -0.002861 0.016544 -0.003116 -0.032998 0.000954 0.013924 -0.016975 -0.001883 0.004856 0.090600 -0.020409 0.002480 -0.000572 -0.054742 0.022697 -0.012398 -0.344282 -0.085641 -0.008583 -0.001717
1757664958.688195 -0.050164 0.012016 0.002098 -0.002861 0.016544 -0.003116 -0.032998 0.000954 0.013924 -0.016975 -0.001883 0.004856 0.090600 -0.020409 0.002480 -0.000572 -0.054742 0.022697 -0.012016 -0.344282 -0.084115 -0.008583 -0.001717
1757664958.690202 -0.050164 0.012016 0.002098 -0.002861 0.016544 -0.003116 -0.032998 0.000954 0.013924 -0.016975 -0.001883 0.004856 0.090600 -0.020409 0.002480 -0.000572 -0.054742 0.022697 -0.011635 -0.344282 -0.082971 -0.008583 -0.001717
1757664958.692205 -0.050164 0.012016 0.002098 -0.002861 0.016544 -0.003116 -0.032998 0.000954 0.013924 -0.016975 -0.001883 0.004856 0.090600 -0.020409 0.002480 -0.000572 -0.054742 0.022697 -0.011253 -0.344282 -0.081826 -0.008583 -0.001717
1757664958.694193 -0.050164 0.012016 0.002098 -0.002861 0.016544 -0.003116 -0.032998 0.000954 0.013924 -0.016975 -0.001883 0.004856 0.090600 -0.020409 0.002480 -0.000572 -0.054742 0.022697 -0.010490 -0.343901 -0.080682 -0.008583 -0.001717
1757664958.696190 -0.050164 0.012016 0.002098 -0.002861 0.016544 -0.003116 -0.032998 0.000954 0.013924 -0.016975 -0.001883 0.004856 0.090600 -0.020409 0.002480 -0.000572 -0.054742 0.022697 -0.010109 -0.344282 -0.079537 -0.008583 -0.001717
1757664958.698193 -0.050164 0.012016 0.002098 -0.002861 0.016544 -0.003116 -0.032998 0.000954 0.013924 -0.016975 -0.001883 0.004856 0.090219 -0.020409 0.002480 -0.000572 -0.054742 0.022697 -0.009727 -0.344282 -0.078393 -0.008583 -0.001717
1757664958.700205 -0.050164 0.012016 0.002098 -0.002861 0.016544 -0.003116 -0.032998 0.000954 0.013924 -0.016975 -0.001883 0.004856 0.090219 -0.020409 0.002480 -0.000572 -0.054742 0.022697 -0.009346 -0.344282 -0.077249 -0.008583 -0.001717
1757664958.702195 -0.050164 0.012016 0.002098 -0.002861 0.016544 -0.003116 -0.032998 0.000954 0.013924 -0.016975 -0.001883 0.004856 0.090219 -0.020409 0.002480 -0.000572 -0.054742 0.022697 -0.008965 -0.344282 -0.076104 -0.008583 -0.001717
1757664958.704195 -0.050164 0.012016 0.002098 -0.002861 0.016544 -0.003116 -0.032998 0.000954 0.013924 -0.016975 -0.001883 0.004856 0.090219 -0.020409 0.002480 -0.000572 -0.054742 0.022697 -0.008583 -0.344282 -0.075341 -0.008583 -0.001717
1757664958.706203 -0.050164 0.012016 0.002098 -0.002861 0.016544 -0.003116 -0.032998 0.000954 0.013924 -0.016975 -0.001883 0.004856 0.090219 -0.020409 0.002480 -0.000572 -0.054742 0.022697 -0.008202 -0.344282 -0.074197 -0.008583 -0.001717
1757664958.708194 -0.050164 0.012016 0.002098 -0.002861 0.016544 -0.003116 -0.032998 0.000954 0.013924 -0.016975 -0.001883 0.004856 0.090219 -0.020409 0.002480 -0.000572 -0.054742 0.022697 -0.007820 -0.344282 -0.073052 -0.008583 -0.001717
1757664958.710192 -0.050164 0.012016 0.002098 -0.002861 0.016544 -0.003116 -0.032998 0.000954 0.013924 -0.016975 -0.001883 0.004856 0.090219 -0.020409 0.002480 -0.000572 -0.054742 0.022697 -0.007057 -0.344282 -0.071908 -0.008583 -0.001717
1757664958.712303 -0.050164 0.012016 0.002098 -0.002861 0.016544 -0.003116 -0.032998 0.000954 0.013924 -0.016975 -0.001883 0.004856 0.090219 -0.020409 0.002480 -0.000572 -0.054742 0.022697 -0.006676 -0.344282 -0.070764 -0.008583 -0.001717
1757664958.714212 -0.050164 0.012016 0.002098 -0.002861 0.016544 -0.003116 -0.032998 0.000954 0.013924 -0.016975 -0.001883 0.004856 0.090219 -0.020409 0.002480 -0.000572 -0.054742 0.022697 -0.006294 -0.344282 -0.070001 -0.008583 -0.001717
1757664958.716209 -0.050164 0.012016 0.002098 -0.002861 0.016544 -0.003116 -0.032998 0.000954 0.013924 -0.016975 -0.001883 0.004856 0.090219 -0.020409 0.002480 -0.000572 -0.054742 0.022697 -0.005913 -0.344282 -0.068856 -0.008583 -0.001717
1757664958.718199 -0.050164 0.012016 0.002098 -0.002861 0.016544 -0.003116 -0.032998 0.000954 0.013924 -0.016975 -0.001883 0.004856 0.090219 -0.020409 0.002480 -0.000572 -0.054742 0.022697 -0.005531 -0.344282 -0.067712 -0.008583 -0.001717
1757664958.720225 -0.050164 0.012016 0.002098 -0.002861 0.016544 -0.003116 -0.032998 0.000954 0.013924 -0.016975 -0.001883 0.004856 0.090219 -0.020409 0.002480 -0.000572 -0.054742 0.022697 -0.004768 -0.344282 -0.066949 -0.008583 -0.001717
1757664958.722201 -0.050164 0.012016 0.002098 -0.002861 0.016544 -0.003116 -0.032998 0.000954 0.013924 -0.016975 -0.001883 0.004856 0.090219 -0.020409 0.002480 -0.000572 -0.054742 0.022697 -0.004387 -0.344282 -0.065804 -0.008583 -0.001717
1757664958.724213 -0.050164 0.012016 0.002098 -0.002861 0.016544 -0.003116 -0.032998 0.000954 0.013924 -0.016975 -0.001883 0.004856 0.090219 -0.020409 0.002480 -0.000572 -0.054742 0.022697 -0.004005 -0.344282 -0.065042 -0.008583 -0.001717
1757664958.726217 -0.050164 0.012016 0.002098 -0.002861 0.016544 -0.003116 -0.032998 0.000954 0.013924 -0.016975 -0.001883 0.004856 0.090219 -0.020409 0.002480 -0.000572 -0.054742 0.022697 -0.003624 -0.344282 -0.063897 -0.008583 -0.001717
1757664958.728200 -0.050164 0.012016 0.002098 -0.002861 0.016544 -0.003116 -0.032998 0.000954 0.013924 -0.016975 -0.001883 0.004856 0.090219 -0.020409 0.002480 -0.000572 -0.054360 0.022697 -0.002861 -0.344282 -0.063134 -0.008583 -0.001717
1757664958.730201 -0.050164 0.012016 0.002098 -0.002861 0.016544 -0.003116 -0.032998 0.000954 0.013924 -0.016975 -0.001883 0.004856 0.090219 -0.020409 0.002480 -0.000572 -0.054360 0.022697 -0.002480 -0.344282 -0.061990 -0.008583 -0.001717
1757664958.732198 -0.050164 0.012016 0.002098 -0.002861 0.016544 -0.003116 -0.032998 0.000572 0.013924 -0.016975 -0.001883 0.004856 0.090219 -0.020409 0.002480 -0.000572 -0.054360 0.022697 -0.002098 -0.344282 -0.061227 -0.008583 -0.001717
1757664958.734218 -0.050164 0.012016 0.002098 -0.002861 0.016544 -0.003116 -0.032998 0.000572 0.013924 -0.016975 -0.001883 0.004856 0.090219 -0.020409 0.002480 -0.000572 -0.054360 0.022697 -0.001717 -0.344282 -0.060464 -0.008583 -0.001717
1757664958.736199 -0.050164 0.012016 0.002098 -0.002861 0.016679 -0.002860 -0.032998 0.000572 0.013924 -0.016975 -0.001883 0.004856 0.090219 -0.020409 0.002480 -0.000572 -0.054360 0.022697 -0.001335 -0.344282 -0.059319 -0.008583 -0.001717
1757664958.738199 -0.050164 0.012016 0.002098 -0.002861 0.016679 -0.002860 -0.032998 0.000572 0.013924 -0.016975 -0.001883 0.004856 0.090219 -0.020409 0.002480 -0.000572 -0.054360 0.022697 -0.000572 -0.344282 -0.058557 -0.008583 -0.001717
1757664958.740219 -0.050164 0.012016 0.002098 -0.002861 0.016679 -0.002860 -0.032998 0.000572 0.013924 -0.016975 -0.001883 0.004856 0.090219 -0.020409 0.002480 -0.000572 -0.054360 0.022697 -0.000191 -0.344282 -0.057794 -0.008583 -0.001717
1757664958.742195 -0.050164 0.012016 0.002098 -0.002861 0.016679 -0.002860 -0.032998 0.000572 0.013924 -0.016975 -0.001883 0.004856 0.090219 -0.020409 0.002480 -0.000572 -0.054360 0.022697 0.000191 -0.344282 -0.057031 -0.008583 -0.001717
1757664958.744238 -0.050164 0.011635 0.002098 -0.002861 0.016679 -0.002860 -0.032998 0.000572 0.013924 -0.016975 -0.001883 0.004856 0.090219 -0.020409 0.002480 -0.000572 -0.054360 0.022697 0.000572 -0.344282 -0.056268 -0.008583 -0.001717
1757664958.746201 -0.050164 0.011635 0.002098 -0.002861 0.016679 -0.002860 -0.032998 0.000572 0.013924 -0.016975 -0.001883 0.004856 0.090219 -0.020409 0.002480 -0.000572 -0.054360 0.022697 0.000954 -0.344282 -0.055505 -0.008583 -0.001717
1757664958.748226 -0.050164 0.011635 0.002098 -0.002861 0.016679 -0.002860 -0.032998 0.000572 0.013924 -0.016975 -0.001883 0.004856 0.090219 -0.020409 0.002480 -0.000572 -0.054360 0.022697 0.001335 -0.344282 -0.054742 -0.008583 -0.001717
1757664958.750200 -0.050164 0.011635 0.002098 -0.002861 0.016679 -0.002860 -0.032998 0.000572 0.013924 -0.016975 -0.001883 0.004856 0.090219 -0.020409 0.002480 -0.000572 -0.054360 0.022697 0.001717 -0.344282 -0.053979 -0.008583 -0.001717
1757664958.752215 -0.050164 0.011635 0.002098 -0.002861 0.016679 -0.002860 -0.032998 0.000572 0.013924 -0.016975 -0.001883 0.004856 0.090219 -0.020409 0.002480 -0.000572 -0.054360 0.022697 0.002480 -0.344282 -0.053216 -0.008583 -0.001717
1757664958.754219 -0.050164 0.011635 0.002098 -0.002861 0.016679 -0.002860 -0.032998 0.000572 0.013924 -0.016975 -0.001883 0.004856 0.090219 -0.020409 0.002480 -0.000572 -0.054360 0.022697 0.002861 -0.344282 -0.052453 -0.008583 -0.001717
1757664958.756197 -0.050164 0.011635 0.002098 -0.002861 0.016679 -0.002860 -0.032998 0.000572 0.013924 -0.016975 -0.001883 0.004856 0.090219 -0.020409 0.002480 -0.000572 -0.054360 0.022697 0.003242 -0.344282 -0.051690 -0.008583 -0.001717
1757664958.758201 -0.050164 0.011635 0.002098 -0.002861 0.016679 -0.002860 -0.032998 0.000572 0.013924 -0.016975 -0.001883 0.004856 0.090219 -0.020409 0.002480 -0.000572 -0.054360 0.022697 0.003624 -0.344282 -0.050927 -0.008583 -0.001717
1757664958.760202 -0.050164 0.011635 0.002098 -0.002861 0.016679 -0.002860 -0.032998 0.000572 0.013924 -0.016975 -0.001883 0.004856 0.090219 -0.020409 0.002480 -0.000572 -0.054360 0.022697 0.004387 -0.344282 -0.050164 -0.008583 -0.001717
1757664958.762215 -0.050164 0.011635 0.002098 -0.002861 0.016679 -0.002860 -0.032998 0.000572 0.013924 -0.016975 -0.001883 0.004856 0.090219 -0.020409 0.002480 -0.000572 -0.054360 0.022697 0.004768 -0.344282 -0.049401 -0.008583 -0.001717
1757664958.764197 -0.050164 0.011635 0.002098 -0.002861 0.016679 -0.002860 -0.032998 0.000572 0.013924 -0.016975 -0.001883 0.004856 0.090219 -0.020409 0.002480 -0.000572 -0.054360 0.022697 0.005150 -0.344282 -0.048638 -0.008583 -0.001717
1757664958.766201 -0.050164 0.011635 0.002098 -0.002861 0.016679 -0.002860 -0.032998 0.000572 0.013924 -0.016975 -0.001883 0.004856 0.090219 -0.020409 0.002480 -0.000572 -0.054360 0.022697 0.005531 -0.344282 -0.047875 -0.008583 -0.001717
1757664958.768220 -0.050164 0.011635 0.002098 -0.002861 0.016679 -0.002860 -0.032998 0.000572 0.013924 -0.016975 -0.001883 0.004856 0.090219 -0.020409 0.002480 -0.000572 -0.054360 0.022697 0.005913 -0.344282 -0.047112 -0.008583 -0.001717
1757664958.770193 -0.050164 0.011635 0.002098 -0.002861 0.016679 -0.002860 -0.032998 0.000191 0.013924 -0.016975 -0.001883 0.004856 0.090219 -0.020409 0.002480 -0.000572 -0.054360 0.022697 0.006294 -0.344282 -0.046350 -0.008583 -0.001717
1757664958.772197 -0.050164 0.011635 0.002098 -0.002861 0.016679 -0.002860 -0.032998 0.000191 0.013924 -0.016975 -0.001883 0.004856 0.090219 -0.020409 0.002480 -0.000572 -0.054360 0.022697 0.006676 -0.344282 -0.045968 -0.008583 -0.001717
1757664958.774250 -0.050164 0.011635 0.002098 -0.002861 0.016679 -0.002860 -0.032998 0.000191 0.013924 -0.016975 -0.001883 0.004856 0.090219 -0.020409 0.002480 -0.000572 -0.054360 0.022697 0.007439 -0.344282 -0.045205 -0.008583 -0.001717
1757664958.776231 -0.050164 0.011635 0.002098 -0.002861 0.016679 -0.002860 -0.032998 0.000191 0.013924 -0.016975 -0.001883 0.004856 0.090219 -0.020409 0.002480 -0.000572 -0.054360 0.022697 0.007820 -0.344282 -0.044442 -0.008583 -0.001717
1757664958.778207 -0.050164 0.011635 0.002098 -0.002861 0.016679 -0.002860 -0.032998 0.000191 0.013924 -0.016975 -0.001883 0.004856 0.090219 -0.020409 0.002480 -0.000572 -0.054360 0.022697 0.008202 -0.344282 -0.044061 -0.008583 -0.001717
1757664958.780241 -0.050164 0.011635 0.002098 -0.002861 0.016679 -0.002860 -0.032998 0.000191 0.013924 -0.016975 -0.001883 0.004856 0.090219 -0.020409 0.002480 -0.000572 -0.054360 0.022697 0.008583 -0.344282 -0.043298 -0.008583 -0.001717
1757664958.782243 -0.050164 0.011253 0.002098 -0.002861 0.016679 -0.002860 -0.032998 0.000191 0.013924 -0.016975 -0.001883 0.004856 0.090219 -0.020409 0.002480 -0.000572 -0.054360 0.022697 0.008965 -0.344282 -0.042535 -0.008583 -0.001717
1757664958.784238 -0.050164 0.011253 0.002098 -0.002861 0.016679 -0.002860 -0.032998 0.000191 0.013924 -0.016975 -0.001883 0.004856 0.090219 -0.020409 0.002480 -0.000572 -0.054360 0.022697 0.009346 -0.344282 -0.042153 -0.008583 -0.001717
1757664958.786237 -0.050164 0.011253 0.002098 -0.002861 0.016679 -0.002860 -0.032998 0.000191 0.013924 -0.016975 -0.001883 0.004856 0.090219 -0.020409 0.002480 -0.000572 -0.054360 0.022697 0.010109 -0.344282 -0.041390 -0.008583 -0.001717
1757664958.788244 -0.050164 0.011253 0.002098 -0.002861 0.016679 -0.002860 -0.032998 0.000191 0.013924 -0.016975 -0.001883 0.004856 0.090219 -0.020409 0.002480 -0.000572 -0.054360 0.022697 0.010490 -0.344282 -0.040627 -0.008583 -0.001717
1757664958.790241 -0.050164 0.011253 0.002098 -0.002861 0.016679 -0.002860 -0.032998 0.000191 0.013924 -0.016975 -0.001883 0.004856 0.090219 -0.020409 0.002480 -0.000572 -0.054360 0.022697 0.010872 -0.344282 -0.040246 -0.008583 -0.001717
1757664958.792202 -0.050164 0.011253 0.002098 -0.002861 0.016679 -0.002860 -0.032998 0.000191 0.013924 -0.016975 -0.001883 0.004856 0.090219 -0.020409 0.002480 -0.000572 -0.054360 0.022697 0.011253 -0.344282 -0.039483 -0.008583 -0.001717
1757664958.794196 -0.050164 0.011253 0.002098 -0.002861 0.016679 -0.002860 -0.032998 0.000191 0.013924 -0.016975 -0.001883 0.004856 0.090219 -0.020409 0.002480 -0.000572 -0.054360 0.022697 0.011635 -0.344282 -0.038720 -0.008583 -0.001717
1757664958.796205 -0.050164 0.011253 0.002098 -0.002861 0.016679 -0.002860 -0.032998 0.000191 0.013924 -0.016975 -0.001883 0.004856 0.090219 -0.020409 0.002480 -0.000572 -0.054360 0.022697 0.012398 -0.344282 -0.037957 -0.008583 -0.001717
1757664958.798195 -0.050164 0.011253 0.002098 -0.002861 0.016679 -0.002860 -0.032998 0.000191 0.013924 -0.016975 -0.001883 0.004856 0.090219 -0.020409 0.002480 -0.000572 -0.054360 0.022697 0.012779 -0.344282 -0.037576 -0.008583 -0.001717
1757664958.800194 -0.050164 0.011253 0.002098 -0.002861 0.016679 -0.002860 -0.032998 0.000191 0.013924 -0.016975 -0.001883 0.004856 0.090219 -0.020409 0.002480 -0.000572 -0.054360 0.022697 0.013161 -0.344282 -0.036813 -0.008583 -0.001717
1757664958.802199 -0.050164 0.011253 0.002098 -0.002861 0.016679 -0.002860 -0.032998 0.000191 0.013924 -0.016975 -0.001883 0.004856 0.090219 -0.020409 0.002480 -0.000572 -0.054360 0.022697 0.013542 -0.344282 -0.036431 -0.008583 -0.001717
1757664958.804192 -0.050164 0.011253 0.002098 -0.002861 0.016679 -0.002860 -0.032998 0.000191 0.013924 -0.016975 -0.001883 0.004856 0.090219 -0.020409 0.002480 -0.000572 -0.054360 0.022697 0.014305 -0.344282 -0.035668 -0.008583 -0.001717
1757664958.806222 -0.050164 0.011253 0.002098 -0.002861 0.016679 -0.002860 -0.032998 -0.000191 0.013924 -0.016975 -0.001883 0.004856 0.090219 -0.020409 0.002480 -0.000572 -0.054360 0.022697 0.014687 -0.344282 -0.034905 -0.008583 -0.001717
1757664958.808202 -0.050164 0.011253 0.002098 -0.002861 0.016679 -0.002860 -0.032998 -0.000191 0.013924 -0.016975 -0.001883 0.004856 0.090219 -0.020409 0.002480 -0.000572 -0.054360 0.022697 0.015068 -0.344282 -0.034524 -0.008583 -0.001717
1757664958.810200 -0.050164 0.010872 0.002098 -0.002861 0.016679 -0.002860 -0.032998 -0.000191 0.013924 -0.016975 -0.001883 0.004856 0.090219 -0.020409 0.002480 -0.000572 -0.054360 0.022697 0.015831 -0.344282 -0.034142 -0.008583 -0.001717
1757664958.812200 -0.050164 0.010872 0.002098 -0.002861 0.016679 -0.002860 -0.032998 -0.000191 0.013924 -0.016975 -0.001883 0.004856 0.090219 -0.020409 0.002480 -0.000572 -0.054360 0.022697 0.016212 -0.344282 -0.033380 -0.008583 -0.001717
1757664958.814192 -0.050164 0.010872 0.002098 -0.002861 0.016815 -0.002604 -0.032998 -0.000191 0.013924 -0.016975 -0.001883 0.004856 0.090219 -0.020409 0.002480 -0.000572 -0.054360 0.022697 0.016594 -0.344282 -0.032617 -0.008583 -0.001717
1757664958.816193 -0.050164 0.010872 0.002098 -0.002861 0.016815 -0.002604 -0.032998 -0.000191 0.013924 -0.016975 -0.001883 0.004856 0.090219 -0.020409 0.002480 -0.000572 -0.054360 0.022697 0.017357 -0.344282 -0.032235 -0.008583 -0.001717
1757664958.818193 -0.050164 0.010872 0.002098 -0.002861 0.016815 -0.002604 -0.032998 -0.000191 0.013924 -0.016975 -0.001883 0.004856 0.090219 -0.020409 0.002480 -0.000572 -0.054360 0.022697 0.017738 -0.344282 -0.031472 -0.008583 -0.001717
1757664958.820193 -0.050164 0.010872 0.002098 -0.002861 0.016815 -0.002604 -0.032998 -0.000191 0.013924 -0.016975 -0.001883 0.004856 0.090219 -0.020409 0.002480 -0.000572 -0.054360 0.022697 0.018120 -0.344282 -0.031090 -0.008583 -0.001717
1757664958.822192 -0.050164 0.010872 0.002098 -0.002861 0.016815 -0.002604 -0.032998 -0.000191 0.013924 -0.016975 -0.001883 0.004856 0.090219 -0.020409 0.002480 -0.000572 -0.054360 0.022697 0.018501 -0.344282 -0.030327 -0.008583 -0.001717
1757664958.824200 -0.050164 0.010872 0.002098 -0.002861 0.016815 -0.002604 -0.032998 -0.000191 0.013924 -0.016975 -0.001883 0.004856 0.090219 -0.020409 0.002480 -0.000572 -0.054360 0.022697 0.018883 -0.344282 -0.029945 -0.008583 -0.001717
1757664958.826192 -0.050164 0.010872 0.002098 -0.002861 0.016815 -0.002604 -0.032998 -0.000191 0.013924 -0.016975 -0.001883 0.004856 0.090219 -0.020409 0.002480 -0.000572 -0.054360 0.022697 0.019264 -0.344282 -0.029182 -0.008583 -0.001717
1757664958.828191 -0.050164 0.010872 0.002098 -0.002861 0.016815 -0.002604 -0.032998 -0.000191 0.013924 -0.016975 -0.001883 0.004856 0.090219 -0.020409 0.002480 -0.000572 -0.054360 0.022697 0.020027 -0.344282 -0.028419 -0.008583 -0.001717
1757664958.830199 -0.050164 0.010872 0.002098 -0.002861 0.016815 -0.002604 -0.032998 -0.000191 0.013924 -0.016975 -0.001883 0.004856 0.090219 -0.020409 0.002480 -0.000572 -0.054360 0.022697 0.020409 -0.344282 -0.028038 -0.008583 -0.001717
1757664958.832192 -0.050164 0.010872 0.002098 -0.002861 0.016815 -0.002604 -0.032998 -0.000191 0.013924 -0.016975 -0.001883 0.004856 0.090219 -0.020409 0.002480 -0.000572 -0.054360 0.022697 0.020790 -0.344282 -0.027657 -0.008583 -0.001717
1757664958.834190 -0.050164 0.010872 0.002098 -0.002861 0.016815 -0.002604 -0.032998 -0.000191 0.013924 -0.016975 -0.001883 0.004856 0.090219 -0.020409 0.002480 -0.000572 -0.054360 0.022697 0.021172 -0.344282 -0.026894 -0.008583 -0.001717
1757664958.836188 -0.050164 0.010872 0.002098 -0.002861 0.016815 -0.002604 -0.032998 -0.000191 0.013924 -0.016975 -0.001883 0.004856 0.090219 -0.020409 0.002480 -0.000572 -0.054360 0.022697 0.021935 -0.344282 -0.026512 -0.008583 -0.001717
1757664958.838224 -0.050164 0.010872 0.002098 -0.002861 0.016815 -0.002604 -0.032998 -0.000191 0.013924 -0.016975 -0.001883 0.004856 0.090219 -0.020409 0.002098 -0.000572 -0.054360 0.022697 0.022316 -0.344282 -0.026131 -0.008583 -0.001717
1757664958.840243 -0.050164 0.010872 0.002098 -0.002861 0.016815 -0.002604 -0.032998 -0.000191 0.013924 -0.016975 -0.001883 0.004856 0.090219 -0.020409 0.002098 -0.000572 -0.054360 0.022697 0.022697 -0.344282 -0.025749 -0.008583 -0.001717
1757664958.842218 -0.050164 0.010872 0.002098 -0.002861 0.016815 -0.002604 -0.032998 -0.000191 0.013924 -0.016975 -0.001883 0.004856 0.090219 -0.020409 0.002098 -0.000572 -0.054360 0.022697 0.023079 -0.344282 -0.025368 -0.008583 -0.001717
1757664958.844214 -0.050164 0.010872 0.002098 -0.002861 0.016815 -0.002604 -0.032998 -0.000572 0.013924 -0.016975 -0.001883 0.004856 0.090219 -0.020409 0.002098 -0.000572 -0.054360 0.022697 0.023842 -0.344282 -0.024986 -0.008583 -0.001717
1757664958.846216 -0.050164 0.010490 0.002098 -0.002861 0.016815 -0.002604 -0.032998 -0.000572 0.013924 -0.016975 -0.001883 0.004856 0.090219 -0.020409 0.002098 -0.000572 -0.054360 0.022697 0.024223 -0.344282 -0.024223 -0.008583 -0.001717
1757664958.848191 -0.050164 0.010490 0.002098 -0.002861 0.016815 -0.002604 -0.032998 -0.000572 0.013924 -0.016975 -0.001883 0.004856 0.090219 -0.020409 0.002098 -0.000572 -0.054360 0.022697 0.024605 -0.344282 -0.023842 -0.008583 -0.001717
1757664958.850188 -0.050164 0.010490 0.002098 -0.002861 0.016815 -0.002604 -0.032998 -0.000572 0.013924 -0.016975 -0.001883 0.004856 0.090219 -0.020409 0.002098 -0.000572 -0.054360 0.022697 0.025368 -0.344282 -0.023460 -0.008583 -0.001717
1757664958.852204 -0.050164 0.010490 0.002098 -0.002861 0.016815 -0.002604 -0.032998 -0.000572 0.013924 -0.016975 -0.001883 0.004856 0.090219 -0.020409 0.002098 -0.000572 -0.054360 0.022697 0.025749 -0.344282 -0.023079 -0.008583 -0.001717
1757664958.854188 -0.050164 0.010490 0.002098 -0.002861 0.016815 -0.002604 -0.032998 -0.000572 0.013924 -0.016975 -0.001883 0.004856 0.090219 -0.020409 0.002098 -0.000572 -0.054360 0.022697 0.026131 -0.344282 -0.022697 -0.008583 -0.001717
1757664958.856187 -0.050164 0.010490 0.002098 -0.002861 0.016815 -0.002604 -0.032998 -0.000572 0.013924 -0.016975 -0.001883 0.004856 0.090219 -0.020409 0.002098 -0.000572 -0.054360 0.022697 0.026512 -0.344282 -0.022316 -0.008583 -0.001717
1757664958.858215 -0.050164 0.010490 0.002098 -0.002861 0.016815 -0.002604 -0.032998 -0.000572 0.013924 -0.016975 -0.001883 0.004856 0.089837 -0.020409 0.002098 -0.000572 -0.054360 0.022697 0.026894 -0.344282 -0.021935 -0.008583 -0.001717
1757664958.860193 -0.050164 0.010490 0.002098 -0.002861 0.016815 -0.002604 -0.032998 -0.000572 0.013924 -0.016975 -0.001883 0.004856 0.089837 -0.020409 0.002098 -0.000572 -0.054360 0.022697 0.027657 -0.344282 -0.021553 -0.008583 -0.001717
1757664958.862189 -0.050164 0.010490 0.002098 -0.002861 0.016815 -0.002604 -0.032998 -0.000572 0.013924 -0.016975 -0.001883 0.004856 0.089837 -0.020409 0.002098 -0.000572 -0.054360 0.022697 0.028038 -0.344282 -0.020790 -0.008583 -0.001717
1757664958.864194 -0.050164 0.010490 0.002098 -0.002861 0.016815 -0.002604 -0.032998 -0.000572 0.013924 -0.016975 -0.001883 0.004856 0.089837 -0.020409 0.002098 -0.000572 -0.054360 0.022697 0.028419 -0.344282 -0.020409 -0.008583 -0.001717
1757664958.866190 -0.050164 0.010490 0.002098 -0.002861 0.016815 -0.002604 -0.032998 -0.000572 0.013924 -0.016975 -0.001883 0.004856 0.089837 -0.020409 0.002098 -0.000572 -0.054360 0.022697 0.028801 -0.344282 -0.020027 -0.008583 -0.001717
1757664958.868202 -0.050164 0.010490 0.002098 -0.002861 0.016815 -0.002604 -0.032998 -0.000572 0.013924 -0.016975 -0.001883 0.004856 0.089837 -0.020409 0.002098 -0.000572 -0.054360 0.022697 0.029182 -0.344282 -0.019646 -0.008583 -0.001717
1757664958.870199 -0.050164 0.010490 0.002098 -0.002861 0.016815 -0.002604 -0.032998 -0.000572 0.013924 -0.016975 -0.001883 0.004856 0.089837 -0.020409 0.002098 -0.000572 -0.054360 0.022697 0.029564 -0.344282 -0.019264 -0.008583 -0.001717
1757664958.872196 -0.050164 0.010490 0.002098 -0.002861 0.016815 -0.002604 -0.032998 -0.000572 0.013924 -0.016975 -0.001883 0.004856 0.089837 -0.020409 0.002098 -0.000572 -0.054360 0.022697 0.029945 -0.344282 -0.018883 -0.008583 -0.001717
1757664958.874213 -0.050164 0.010490 0.002098 -0.002861 0.016815 -0.002604 -0.032998 -0.000572 0.013924 -0.016975 -0.001883 0.004856 0.089837 -0.020409 0.002098 -0.000572 -0.054360 0.022697 0.030327 -0.344282 -0.018501 -0.008583 -0.001717
1757664958.876191 -0.050164 0.010490 0.002098 -0.002861 0.016815 -0.002604 -0.032998 -0.000572 0.013924 -0.016975 -0.001883 0.004856 0.089837 -0.020409 0.002098 -0.000572 -0.054360 0.022697 0.031090 -0.344282 -0.018120 -0.008583 -0.001717
1757664958.878189 -0.050164 0.010490 0.002098 -0.002861 0.016815 -0.002604 -0.032998 -0.000954 0.013924 -0.016975 -0.001883 0.004856 0.089837 -0.020409 0.002098 -0.000572 -0.054360 0.022697 0.031472 -0.344282 -0.018120 -0.008583 -0.001717
1757664958.880199 -0.050164 0.010109 0.002098 -0.002861 0.016815 -0.002604 -0.032998 -0.000954 0.013924 -0.016975 -0.001883 0.004856 0.089837 -0.020409 0.002098 -0.000572 -0.054360 0.022697 0.031854 -0.344282 -0.017738 -0.008583 -0.001717
1757664958.882192 -0.050164 0.010109 0.002098 -0.002861 0.016815 -0.002604 -0.032998 -0.000954 0.013924 -0.016975 -0.001883 0.004856 0.089837 -0.020409 0.002098 -0.000572 -0.054360 0.022697 0.032617 -0.344282 -0.017357 -0.008583 -0.001717
1757664958.884191 -0.050164 0.010109 0.002098 -0.002861 0.016815 -0.002604 -0.032998 -0.000954 0.013924 -0.016975 -0.001883 0.004856 0.089837 -0.020409 0.002098 -0.000572 -0.054360 0.022697 0.032998 -0.344282 -0.017357 -0.008583 -0.001717
1757664958.886220 -0.050164 0.010109 0.002098 -0.002861 0.016815 -0.002604 -0.032998 -0.000954 0.013924 -0.016975 -0.001883 0.004856 0.089837 -0.020409 0.002098 -0.000572 -0.054360 0.022697 0.033380 -0.344282 -0.016975 -0.008583 -0.001717
1757664958.888190 -0.050164 0.010109 0.002098 -0.002861 0.016815 -0.002604 -0.032998 -0.000954 0.013924 -0.016975 -0.001883 0.004856 0.089837 -0.020409 0.002098 -0.000572 -0.054360 0.022697 0.033761 -0.344282 -0.016975 -0.008583 -0.001717
1757664958.890186 -0.050164 0.010109 0.002098 -0.002861 0.016815 -0.002604 -0.032998 -0.000954 0.013924 -0.016975 -0.001883 0.004856 0.089837 -0.020409 0.002098 -0.000572 -0.054360 0.022697 0.034524 -0.344282 -0.016975 -0.008583 -0.001717
1757664958.892208 -0.050164 0.010109 0.002098 -0.002861 0.016815 -0.002604 -0.032998 -0.000954 0.013924 -0.016975 -0.001883 0.004856 0.089837 -0.020409 0.002098 -0.000572 -0.054360 0.022697 0.034905 -0.344282 -0.016594 -0.008583 -0.001717
1757664958.894200 -0.050164 0.010109 0.002098 -0.002861 0.016815 -0.002604 -0.032998 -0.000954 0.013924 -0.016975 -0.001883 0.004856 0.089837 -0.020409 0.002098 -0.000572 -0.054360 0.022697 0.035287 -0.344282 -0.016594 -0.008583 -0.001717
1757664958.896206 -0.050164 0.010109 0.002098 -0.002861 0.016815 -0.002604 -0.032998 -0.000954 0.013924 -0.016975 -0.001883 0.004856 0.089837 -0.020409 0.002098 -0.000572 -0.054360 0.023079 0.035668 -0.344282 -0.016594 -0.008583 -0.001717
1757664958.898187 -0.050164 0.010109 0.002098 -0.002861 0.016815 -0.002604 -0.032998 -0.000954 0.013924 -0.016975 -0.001883 0.004856 0.089837 -0.020409 0.002098 -0.000572 -0.054360 0.023079 0.036431 -0.344282 -0.016594 -0.008583 -0.001717
1757664958.900229 -0.050164 0.010109 0.002098 -0.002861 0.016815 -0.002604 -0.032998 -0.000954 0.013924 -0.016975 -0.001883 0.004856 0.089837 -0.020409 0.002098 -0.000572 -0.054360 0.023079 0.036813 -0.344282 -0.016594 -0.008583 -0.001717
1757664958.902187 -0.050164 0.010109 0.002098 -0.002861 0.016815 -0.002604 -0.032998 -0.000954 0.013924 -0.016975 -0.001883 0.004856 0.089837 -0.020409 0.002098 -0.000572 -0.054360 0.023079 0.037194 -0.344282 -0.016594 -0.008583 -0.001717
1757664958.904197 -0.050164 0.010109 0.002098 -0.002861 0.016815 -0.002604 -0.032998 -0.000954 0.013924 -0.016975 -0.001883 0.004856 0.089837 -0.020409 0.002098 -0.000572 -0.054360 0.023460 0.037576 -0.344664 -0.016594 -0.008583 -0.001717
1757664958.906320 -0.050164 0.009727 0.002098 -0.002861 0.016815 -0.002604 -0.032998 -0.000954 0.013924 -0.016975 -0.001883 0.004856 0.089837 -0.020409 0.002098 -0.000572 -0.054360 0.023460 0.037576 -0.344664 -0.016975 -0.008583 -0.001717
1757664958.908201 -0.050164 0.009727 0.002098 -0.002861 0.016815 -0.002604 -0.032998 -0.000954 0.013924 -0.016975 -0.001883 0.004856 0.089837 -0.020409 0.002098 -0.000572 -0.054360 0.023842 0.037194 -0.345045 -0.016975 -0.008583 -0.001717
1757664958.910208 -0.050164 0.009727 0.002098 -0.002861 0.016815 -0.002604 -0.033380 -0.001335 0.013924 -0.016975 -0.001883 0.004856 0.089837 -0.020409 0.002098 -0.000572 -0.054360 0.023842 0.036813 -0.345045 -0.017357 -0.008583 -0.001717
1757664958.912192 -0.050164 0.009727 0.002098 -0.002861 0.016815 -0.002604 -0.033380 -0.001335 0.013924 -0.016975 -0.001883 0.004856 0.089837 -0.020409 0.002098 -0.000572 -0.054360 0.024223 0.036813 -0.345045 -0.017357 -0.008583 -0.001717
1757664958.914214 -0.050164 0.009727 0.002098 -0.002861 0.016815 -0.002604 -0.032998 -0.001335 0.013924 -0.016975 -0.001883 0.004856 0.089837 -0.020409 0.002098 -0.000572 -0.054360 0.024223 0.036431 -0.345045 -0.017357 -0.008583 -0.001717
1757664958.916208 -0.050164 0.009727 0.002098 -0.002861 0.016815 -0.002604 -0.032998 -0.001335 0.013924 -0.016975 -0.001883 0.004856 0.089837 -0.020409 0.002098 -0.000572 -0.054360 0.024605 0.036050 -0.345045 -0.017357 -0.008583 -0.001717
1757664958.918225 -0.050164 0.009727 0.002098 -0.002861 0.016815 -0.002604 -0.032998 -0.001335 0.013924 -0.016975 -0.001883 0.004856 0.089837 -0.020409 0.002098 -0.000572 -0.054360 0.024605 0.036050 -0.345045 -0.017357 -0.008583 -0.001717
1757664958.920203 -0.050164 0.009727 0.002098 -0.002861 0.016815 -0.002604 -0.032998 -0.001335 0.013924 -0.016975 -0.001883 0.004856 0.089837 -0.020409 0.002098 -0.000572 -0.054360 0.024605 0.036050 -0.345045 -0.016975 -0.008583 -0.001717
1757664958.922206 -0.050164 0.009727 0.002098 -0.002861 0.016815 -0.002604 -0.032998 -0.001335 0.013924 -0.016975 -0.001883 0.004856 0.089837 -0.020409 0.002098 -0.000572 -0.054360 0.024605 0.036050 -0.345045 -0.016975 -0.008583 -0.001717
1757664958.924217 -0.050164 0.009727 0.002098 -0.002861 0.016815 -0.002604 -0.032998 -0.001717 0.013924 -0.016975 -0.001883 0.004856 0.089837 -0.020409 0.002098 -0.000572 -0.054360 0.024605 0.036050 -0.345045 -0.016975 -0.008583 -0.001717
1757664958.926194 -0.050164 0.009727 0.002098 -0.002861 0.016815 -0.002604 -0.032998 -0.001717 0.013924 -0.016975 -0.001883 0.004856 0.089837 -0.020409 0.002098 -0.000572 -0.054360 0.024605 0.036050 -0.345045 -0.016975 -0.008583 -0.001717
1757664958.928218 -0.050164 0.009727 0.002098 -0.002861 0.016815 -0.002604 -0.032998 -0.001717 0.013924 -0.016975 -0.001883 0.004856 0.089837 -0.020409 0.002098 -0.000572 -0.054360 0.024605 0.036050 -0.345045 -0.016975 -0.008583 -0.001717
1757664958.930269 -0.050164 0.009346 0.002098 -0.002861 0.016815 -0.002604 -0.032998 -0.001717 0.013924 -0.016975 -0.001883 0.004856 0.089837 -0.020409 0.002098 -0.000572 -0.054360 0.024605 0.036431 -0.345045 -0.016975 -0.008583 -0.001717
1757664958.932235 -0.050164 0.009346 0.002098 -0.002861 0.016815 -0.002604 -0.032998 -0.001717 0.013924 -0.016975 -0.001883 0.004856 0.089837 -0.020409 0.002098 -0.000572 -0.054360 0.024605 0.036431 -0.345045 -0.016975 -0.008583 -0.001717
1757664958.934240 -0.050164 0.009346 0.002098 -0.002861 0.016815 -0.002604 -0.032998 -0.001717 0.013924 -0.016975 -0.001883 0.004856 0.089456 -0.020409 0.002098 -0.000572 -0.054360 0.024605 0.036431 -0.345045 -0.016975 -0.008583 -0.001717
1757664958.936276 -0.050164 0.009346 0.002098 -0.002861 0.016815 -0.002604 -0.032998 -0.001717 0.013924 -0.016975 -0.001883 0.004856 0.089456 -0.020409 0.002098 -0.000572 -0.054360 0.024605 0.036431 -0.345045 -0.016975 -0.008583 -0.001717
1757664958.938239 -0.050164 0.009346 0.002098 -0.002861 0.016815 -0.002604 -0.032998 -0.001717 0.013924 -0.016975 -0.001883 0.004856 0.089456 -0.020409 0.002098 -0.000572 -0.054360 0.024605 0.036431 -0.345045 -0.016975 -0.008583 -0.001717
1757664958.940240 -0.050164 0.009346 0.002098 -0.002861 0.016815 -0.002604 -0.032998 -0.001717 0.013924 -0.016975 -0.001883 0.004856 0.089456 -0.020409 0.002098 -0.000572 -0.054360 0.024605 0.036431 -0.345045 -0.016975 -0.008583 -0.001717
1757664958.942240 -0.050164 0.009346 0.002098 -0.002861 0.016815 -0.002604 -0.032998 -0.001717 0.013924 -0.016975 -0.001883 0.004856 0.089456 -0.020409 0.002098 -0.000572 -0.054360 0.024605 0.036431 -0.345045 -0.016975 -0.008583 -0.001717
1757664958.944273 -0.050164 0.009346 0.002098 -0.002861 0.016815 -0.002604 -0.032998 -0.001717 0.013924 -0.016975 -0.001883 0.004856 0.089456 -0.020409 0.002098 -0.000572 -0.054360 0.024605 0.036431 -0.345045 -0.016975 -0.008583 -0.001717
1757664958.946235 -0.050164 0.009346 0.002098 -0.002861 0.016815 -0.002604 -0.032998 -0.001717 0.013924 -0.016975 -0.001883 0.004856 0.089456 -0.020409 0.002098 -0.000572 -0.054360 0.024605 0.036431 -0.345045 -0.016975 -0.008583 -0.001717
1757664958.948272 -0.050164 0.009346 0.002098 -0.002861 0.016815 -0.002604 -0.032998 -0.001717 0.013924 -0.016975 -0.001883 0.004856 0.089456 -0.020409 0.002098 -0.000572 -0.054360 0.024605 0.036431 -0.345045 -0.016975 -0.008583 -0.001717
1757664958.950243 -0.050164 0.009346 0.002098 -0.002861 0.016815 -0.002604 -0.032998 -0.001717 0.013924 -0.016975 -0.001883 0.004856 0.089456 -0.020409 0.002098 -0.000572 -0.054360 0.024605 0.036431 -0.345045 -0.016975 -0.008583 -0.001717
1757664958.952607 -0.050164 0.009346 0.002098 -0.002861 0.016815 -0.002604 -0.032998 -0.001717 0.013924 -0.016975 -0.001883 0.004856 0.089456 -0.020409 0.002098 -0.000572 -0.054360 0.024605 0.036431 -0.345045 -0.016975 -0.008583 -0.001717
1757664958.954239 -0.050164 0.008965 0.002098 -0.002861 0.016815 -0.002604 -0.032998 -0.001717 0.013924 -0.016975 -0.001883 0.004856 0.089456 -0.020409 0.002098 -0.000572 -0.054360 0.024605 0.036431 -0.345045 -0.016975 -0.008583 -0.001717
1757664958.956239 -0.050164 0.008965 0.002098 -0.002861 0.016815 -0.002604 -0.032998 -0.002098 0.013924 -0.016975 -0.001883 0.004856 0.089456 -0.020409 0.002098 -0.000572 -0.054360 0.024605 0.036431 -0.345045 -0.016975 -0.008583 -0.001717
1757664958.958737 -0.050164 0.008965 0.002098 -0.002861 0.016815 -0.002604 -0.032998 -0.002098 0.013924 -0.016975 -0.001883 0.004856 0.089456 -0.020409 0.002098 -0.000572 -0.054360 0.024605 0.036431 -0.345045 -0.016975 -0.008583 -0.001717
1757664958.960239 -0.050164 0.008965 0.002098 -0.002861 0.016815 -0.002604 -0.032998 -0.002098 0.013924 -0.016975 -0.001883 0.004856 0.089456 -0.020409 0.002098 -0.000572 -0.054360 0.024605 0.036431 -0.345045 -0.016975 -0.008583 -0.001717
1757664958.962342 -0.050164 0.008965 0.002098 -0.002861 0.016815 -0.002604 -0.032998 -0.002098 0.013924 -0.016975 -0.001883 0.004856 0.089456 -0.020409 0.002098 -0.000572 -0.054360 0.024605 0.036431 -0.345045 -0.016975 -0.008583 -0.001717
1757664958.964277 -0.050164 0.008965 0.002098 -0.002861 0.016815 -0.002604 -0.032998 -0.002098 0.013924 -0.016975 -0.001883 0.004856 0.089456 -0.020409 0.002098 -0.000572 -0.054360 0.024605 0.036431 -0.345045 -0.016975 -0.008583 -0.001717
1757664958.966287 -0.050164 0.008965 0.002098 -0.002861 0.016815 -0.002604 -0.032998 -0.002098 0.013924 -0.016975 -0.001883 0.004856 0.089456 -0.020409 0.002098 -0.000572 -0.054360 0.024605 0.036431 -0.345045 -0.016975 -0.008583 -0.001717
1757664958.968287 -0.050164 0.008965 0.002098 -0.002861 0.016815 -0.002604 -0.032998 -0.002098 0.013924 -0.016975 -0.001883 0.004856 0.089456 -0.020409 0.002098 -0.000572 -0.054360 0.024605 0.036431 -0.345045 -0.016975 -0.008583 -0.001717
1757664958.970277 -0.050164 0.008965 0.002098 -0.002861 0.016815 -0.002604 -0.032998 -0.002098 0.013924 -0.016975 -0.001883 0.004856 0.089456 -0.020409 0.002098 -0.000572 -0.054360 0.024605 0.036431 -0.345045 -0.016975 -0.008583 -0.001717
1757664958.972251 -0.050164 0.008965 0.002098 -0.002861 0.016815 -0.002604 -0.032998 -0.002098 0.013924 -0.016975 -0.001883 0.004856 0.089456 -0.020409 0.002098 -0.000572 -0.054360 0.024605 0.036431 -0.345045 -0.016975 -0.008583 -0.001717
1757664958.974269 -0.050164 0.008965 0.002098 -0.002861 0.016815 -0.002604 -0.032998 -0.002098 0.013924 -0.016975 -0.001883 0.004856 0.089456 -0.020409 0.002098 -0.000572 -0.054360 0.024605 0.036431 -0.345045 -0.016975 -0.008583 -0.001717
1757664958.976269 -0.050164 0.008965 0.002098 -0.002861 0.016815 -0.002604 -0.032998 -0.002098 0.013924 -0.016975 -0.001883 0.004856 0.089456 -0.020409 0.002098 -0.000572 -0.054360 0.024605 0.036431 -0.345045 -0.016975 -0.008583 -0.001717
1757664958.978263 -0.050164 0.008965 0.002098 -0.002861 0.016815 -0.002604 -0.032998 -0.002098 0.013924 -0.016975 -0.001883 0.004856 0.089456 -0.020409 0.002098 -0.000572 -0.054360 0.024605 0.036431 -0.345045 -0.016975 -0.008583 -0.001717
1757664958.980257 -0.050164 0.008583 0.002098 -0.002861 0.016815 -0.002604 -0.032998 -0.002098 0.013924 -0.016975 -0.001883 0.004856 0.089456 -0.020409 0.002098 -0.000572 -0.054360 0.024605 0.036431 -0.345045 -0.016975 -0.008583 -0.001717
1757664958.982256 -0.050164 0.008583 0.002098 -0.002861 0.016815 -0.002604 -0.032998 -0.002098 0.013924 -0.016975 -0.001883 0.004856 0.089456 -0.020409 0.001717 -0.000572 -0.054360 0.024605 0.036431 -0.345045 -0.016975 -0.008583 -0.001717
1757664958.984266 -0.050164 0.008583 0.002098 -0.002861 0.016815 -0.002604 -0.032998 -0.002098 0.013924 -0.016975 -0.001883 0.004856 0.089456 -0.020409 0.001717 -0.000572 -0.054360 0.024605 0.036431 -0.345045 -0.016975 -0.008583 -0.001717
1757664958.986262 -0.050164 0.008583 0.002098 -0.002861 0.016815 -0.002604 -0.032998 -0.002480 0.013924 -0.016975 -0.001883 0.004856 0.089456 -0.020409 0.001717 -0.000572 -0.054360 0.024605 0.036431 -0.345045 -0.016975 -0.008583 -0.001717
1757664958.988255 -0.050164 0.008583 0.002098 -0.002861 0.016815 -0.002604 -0.032998 -0.002480 0.013924 -0.016975 -0.001883 0.004856 0.089456 -0.020409 0.001717 -0.000572 -0.054360 0.024605 0.036431 -0.345045 -0.016975 -0.008583 -0.001717
1757664958.990266 -0.050164 0.008583 0.002098 -0.002861 0.016815 -0.002604 -0.032998 -0.002480 0.013924 -0.016975 -0.001883 0.004856 0.089074 -0.020409 0.001717 -0.000572 -0.054360 0.024605 0.036431 -0.345045 -0.016975 -0.008583 -0.001717
1757664958.992254 -0.050164 0.008583 0.002098 -0.002861 0.016815 -0.002604 -0.032998 -0.002480 0.013924 -0.016975 -0.001883 0.004856 0.089074 -0.020409 0.001717 -0.000572 -0.054360 0.024605 0.036431 -0.345045 -0.016975 -0.008583 -0.001717
1757664958.994254 -0.050164 0.008583 0.002098 -0.002861 0.016815 -0.002604 -0.032998 -0.002480 0.013924 -0.016975 -0.001883 0.004856 0.089074 -0.020409 0.001717 -0.000572 -0.054360 0.024605 0.036431 -0.345045 -0.016975 -0.008583 -0.001717
1757664958.996256 -0.050164 0.008583 0.002098 -0.002861 0.016815 -0.002604 -0.032998 -0.002480 0.013924 -0.016975 -0.001883 0.004856 0.089074 -0.020409 0.001717 -0.000572 -0.054360 0.024605 0.036431 -0.345045 -0.016975 -0.008583 -0.001717
1757664958.998285 -0.050164 0.008583 0.002098 -0.002861 0.016815 -0.002604 -0.032998 -0.002480 0.013924 -0.016975 -0.001883 0.004856 0.089074 -0.020409 0.001717 -0.000572 -0.054360 0.024605 0.036431 -0.345045 -0.016975 -0.008583 -0.001717
1757664959.000206 -0.050164 0.008583 0.002098 -0.002861 0.016815 -0.002604 -0.032998 -0.002480 0.013924 -0.016975 -0.001883 0.004856 0.089074 -0.020409 0.001717 -0.000572 -0.054360 0.024605 0.036431 -0.345045 -0.016975 -0.008583 -0.001717
1757664959.002206 -0.050164 0.008583 0.002098 -0.002861 0.016815 -0.002604 -0.032998 -0.002480 0.013924 -0.016975 -0.001883 0.004856 0.089074 -0.020409 0.001717 -0.000572 -0.054360 0.024605 0.036431 -0.345045 -0.016975 -0.008583 -0.001717
1757664959.004257 -0.050164 0.008583 0.002098 -0.002861 0.016815 -0.002604 -0.032998 -0.002480 0.013924 -0.016975 -0.001883 0.004856 0.089074 -0.020409 0.001717 -0.000572 -0.054360 0.024605 0.036431 -0.345045 -0.016975 -0.008583 -0.001717
1757664959.006227 -0.050164 0.008202 0.002098 -0.002861 0.016815 -0.002604 -0.032998 -0.002480 0.013924 -0.016975 -0.001883 0.004856 0.089074 -0.020409 0.001717 -0.000572 -0.054360 0.024605 0.036431 -0.345045 -0.016975 -0.008583 -0.001717
1757664959.008202 -0.050164 0.008202 0.002098 -0.002861 0.016815 -0.002604 -0.032998 -0.002480 0.013924 -0.016975 -0.001883 0.004856 0.089074 -0.020409 0.001717 -0.000572 -0.054360 0.024605 0.036431 -0.345045 -0.016975 -0.008583 -0.001717
1757664959.010255 -0.050164 0.008202 0.002098 -0.002861 0.016815 -0.002604 -0.032998 -0.002480 0.013924 -0.016975 -0.001883 0.004856 0.089074 -0.020409 0.001717 -0.000572 -0.054360 0.024605 0.036431 -0.345045 -0.016975 -0.008583 -0.001717
1757664959.012205 -0.050164 0.008202 0.002098 -0.002861 0.016815 -0.002604 -0.032998 -0.002480 0.013924 -0.016975 -0.001883 0.004856 0.089074 -0.020409 0.001717 -0.000572 -0.054360 0.024605 0.036431 -0.345045 -0.016975 -0.008583 -0.001717
1757664959.014199 -0.050164 0.008202 0.002098 -0.002861 0.016815 -0.002604 -0.032998 -0.002480 0.013924 -0.016975 -0.001883 0.004856 0.089074 -0.020409 0.001717 -0.000572 -0.054360 0.024605 0.036431 -0.345045 -0.016975 -0.008583 -0.001717
1757664959.016206 -0.050164 0.008202 0.002098 -0.002861 0.016815 -0.002604 -0.032998 -0.002861 0.013924 -0.016975 -0.001883 0.004856 0.089074 -0.020409 0.001717 -0.000572 -0.054360 0.024605 0.036431 -0.345045 -0.016975 -0.008583 -0.001717
1757664959.018214 -0.050164 0.008202 0.002098 -0.002861 0.016815 -0.002604 -0.032998 -0.002861 0.013924 -0.016975 -0.001883 0.004856 0.089074 -0.020409 0.001717 -0.000572 -0.054360 0.024605 0.036431 -0.345045 -0.016975 -0.008583 -0.001717
1757664959.020199 -0.050164 0.008202 0.002098 -0.002861 0.016815 -0.002604 -0.032998 -0.002861 0.013924 -0.016975 -0.001883 0.004856 0.089074 -0.020409 0.001717 -0.000572 -0.054360 0.024605 0.036431 -0.345045 -0.016975 -0.008583 -0.001717
1757664959.022201 -0.050164 0.008202 0.002098 -0.002861 0.016815 -0.002604 -0.032998 -0.002861 0.013924 -0.016975 -0.001883 0.004856 0.089074 -0.020409 0.001717 -0.000572 -0.054360 0.024605 0.036431 -0.345045 -0.016975 -0.008583 -0.001717
1757664959.024227 -0.050164 0.008202 0.002098 -0.002861 0.016815 -0.002604 -0.032998 -0.002861 0.013924 -0.016975 -0.001883 0.004856 0.089074 -0.020409 0.001717 -0.000572 -0.054360 0.024605 0.036431 -0.345045 -0.016975 -0.008583 -0.001717
1757664959.026213 -0.050164 0.008202 0.002098 -0.002861 0.016815 -0.002604 -0.032998 -0.002861 0.013924 -0.016975 -0.001883 0.004856 0.089074 -0.020409 0.001717 -0.000572 -0.054360 0.024605 0.036431 -0.345045 -0.016975 -0.008583 -0.001717
1757664959.028199 -0.050164 0.008202 0.002098 -0.002861 0.016815 -0.002604 -0.032998 -0.002861 0.013924 -0.016975 -0.001883 0.004856 0.089074 -0.020409 0.001717 -0.000572 -0.054360 0.024605 0.036431 -0.345045 -0.016975 -0.008583 -0.001717
1757664959.030192 -0.050164 0.008202 0.002098 -0.002861 0.016679 -0.002351 -0.032998 -0.002861 0.013924 -0.016975 -0.001883 0.004856 0.089074 -0.020409 0.001717 -0.000572 -0.054360 0.024605 0.036431 -0.345045 -0.016975 -0.008583 -0.001717
1757664959.032238 -0.050164 0.008202 0.002098 -0.002861 0.016679 -0.002351 -0.032998 -0.002861 0.013924 -0.016975 -0.001883 0.004856 0.089074 -0.020409 0.001717 -0.000572 -0.054360 0.024605 0.036431 -0.345045 -0.016975 -0.008583 -0.001717
1757664959.034185 -0.050164 0.008202 0.002098 -0.002861 0.016679 -0.002351 -0.032998 -0.002861 0.013924 -0.016975 -0.001883 0.004856 0.089074 -0.020409 0.001717 -0.000572 -0.054360 0.024605 0.036431 -0.345045 -0.016975 -0.008583 -0.001717
1757664959.036189 -0.050164 0.007820 0.002098 -0.002861 0.016679 -0.002351 -0.032998 -0.002861 0.013924 -0.016975 -0.001883 0.004856 0.089074 -0.020409 0.001717 -0.000572 -0.054360 0.024605 0.036431 -0.345045 -0.016975 -0.008583 -0.001717
1757664959.038181 -0.050164 0.007820 0.002098 -0.002861 0.016679 -0.002351 -0.032998 -0.002861 0.013924 -0.016975 -0.001883 0.004856 0.089074 -0.020409 0.001717 -0.000572 -0.054360 0.024605 0.036431 -0.345045 -0.016975 -0.008583 -0.001717
1757664959.040184 -0.050164 0.007820 0.002098 -0.002861 0.016679 -0.002351 -0.032998 -0.002861 0.013924 -0.016975 -0.001883 0.004856 0.089074 -0.020409 0.001717 -0.000572 -0.054360 0.024605 0.036431 -0.345045 -0.016975 -0.008583 -0.001717
1757664959.042180 -0.050164 0.007820 0.002098 -0.002861 0.016679 -0.002351 -0.032998 -0.002861 0.013924 -0.016975 -0.001883 0.004856 0.089074 -0.020409 0.001717 -0.000572 -0.054360 0.024605 0.036431 -0.345045 -0.016975 -0.008583 -0.001717
1757664959.044181 -0.050164 0.007820 0.002098 -0.002861 0.016679 -0.002351 -0.032998 -0.002861 0.013924 -0.016975 -0.001883 0.004856 0.089074 -0.020409 0.001717 -0.000572 -0.054360 0.024605 0.036431 -0.345045 -0.016975 -0.008583 -0.001717
1757664959.046188 -0.050164 0.007820 0.002098 -0.002861 0.016679 -0.002351 -0.032998 -0.003242 0.013924 -0.016975 -0.001883 0.004856 0.089074 -0.020409 0.001717 -0.000572 -0.054360 0.024605 0.036431 -0.345045 -0.016975 -0.008583 -0.001717
1757664959.048181 -0.050164 0.007820 0.002098 -0.002861 0.016679 -0.002351 -0.032998 -0.003242 0.013924 -0.016975 -0.001883 0.004856 0.089074 -0.020409 0.001717 -0.000572 -0.054360 0.024605 0.036431 -0.345045 -0.016975 -0.008583 -0.001717
1757664959.050184 -0.050164 0.007820 0.002098 -0.002861 0.016679 -0.002351 -0.032998 -0.003242 0.013924 -0.016975 -0.001883 0.004856 0.089074 -0.020409 0.001717 -0.000572 -0.054360 0.024605 0.036431 -0.345045 -0.016975 -0.008583 -0.001717
1757664959.052213 -0.050164 0.007820 0.002098 -0.002861 0.016679 -0.002351 -0.032998 -0.003242 0.013924 -0.016975 -0.001883 0.004856 0.089074 -0.020409 0.001717 -0.000572 -0.054360 0.024605 0.036431 -0.345045 -0.016975 -0.008583 -0.001717
1757664959.054208 -0.050164 0.007820 0.002098 -0.002861 0.016679 -0.002351 -0.032998 -0.003242 0.013924 -0.016975 -0.001883 0.004856 0.089074 -0.020409 0.001717 -0.000572 -0.054360 0.024605 0.036431 -0.345045 -0.016975 -0.008583 -0.001717
1757664959.056188 -0.050164 0.007820 0.002098 -0.002861 0.016679 -0.002351 -0.032998 -0.003242 0.013924 -0.016975 -0.001883 0.004856 0.089074 -0.020409 0.001717 -0.000572 -0.054360 0.024605 0.036431 -0.345045 -0.016975 -0.008583 -0.001717
1757664959.058229 -0.050164 0.007820 0.002098 -0.002861 0.016679 -0.002351 -0.032998 -0.003242 0.013924 -0.016975 -0.001883 0.004856 0.089074 -0.020409 0.001717 -0.000572 -0.054360 0.024605 0.036431 -0.345045 -0.016975 -0.008583 -0.001717
1757664959.060215 -0.050164 0.007820 0.002098 -0.002861 0.016679 -0.002351 -0.032998 -0.003242 0.013924 -0.016975 -0.001883 0.004856 0.089074 -0.020409 0.001717 -0.000572 -0.054360 0.024605 0.036431 -0.345045 -0.016975 -0.008583 -0.001717
1757664959.062182 -0.050164 0.007820 0.002098 -0.002861 0.016679 -0.002351 -0.032998 -0.003242 0.013924 -0.016975 -0.001883 0.004856 0.089074 -0.020409 0.001717 -0.000572 -0.054360 0.024605 0.036431 -0.345045 -0.016975 -0.008583 -0.001717
1757664959.064182 -0.050164 0.007820 0.002098 -0.002861 0.016679 -0.002351 -0.032998 -0.003242 0.013924 -0.016975 -0.001883 0.004856 0.089074 -0.020409 0.001717 -0.000572 -0.054360 0.024605 0.036431 -0.345045 -0.016975 -0.008583 -0.001717
1757664959.066242 -0.050164 0.007439 0.002098 -0.002861 0.016679 -0.002351 -0.032998 -0.003242 0.013924 -0.016975 -0.001883 0.004856 0.089074 -0.020409 0.001717 -0.000572 -0.054360 0.024605 0.036431 -0.345045 -0.016975 -0.008583 -0.001717
1757664959.068178 -0.050164 0.007439 0.002098 -0.002861 0.016679 -0.002351 -0.032998 -0.003242 0.013924 -0.016975 -0.001883 0.004856 0.089074 -0.020409 0.001717 -0.000572 -0.054360 0.024605 0.036050 -0.345045 -0.016975 -0.008583 -0.001717
1757664959.070176 -0.050164 0.007439 0.002098 -0.002861 0.016679 -0.002351 -0.032998 -0.003242 0.013924 -0.016975 -0.001883 0.004856 0.089074 -0.020409 0.001717 -0.000572 -0.054360 0.024605 0.036050 -0.345045 -0.016975 -0.008583 -0.001717
1757664959.072169 -0.050164 0.007439 0.002098 -0.002861 0.016679 -0.002351 -0.032998 -0.003242 0.013924 -0.016975 -0.001883 0.004856 0.089074 -0.020409 0.001717 -0.000572 -0.054360 0.024605 0.036050 -0.345045 -0.016975 -0.008583 -0.001717
1757664959.074183 -0.050164 0.007439 0.002098 -0.002861 0.016679 -0.002351 -0.032998 -0.003242 0.013924 -0.016975 -0.001883 0.004856 0.089074 -0.020409 0.001717 -0.000572 -0.054360 0.024605 0.036050 -0.345045 -0.016975 -0.008583 -0.001717
1757664959.076181 -0.050164 0.007439 0.002098 -0.002861 0.016679 -0.002351 -0.032998 -0.003242 0.013924 -0.016975 -0.001883 0.004856 0.089074 -0.020409 0.001717 -0.000572 -0.054360 0.024605 0.036050 -0.345045 -0.016975 -0.008583 -0.001717
1757664959.078180 -0.050164 0.007439 0.002098 -0.002861 0.016679 -0.002351 -0.032998 -0.003242 0.013924 -0.016975 -0.001883 0.004856 0.089074 -0.020409 0.001717 -0.000572 -0.054360 0.024605 0.036050 -0.345045 -0.016975 -0.008583 -0.001717
1757664959.080192 -0.050164 0.007439 0.002098 -0.002861 0.016679 -0.002351 -0.032998 -0.003242 0.013924 -0.016975 -0.001883 0.004856 0.089074 -0.020409 0.001717 -0.000572 -0.054360 0.024223 0.036050 -0.345045 -0.016975 -0.008583 -0.001717
1757664959.082190 -0.050164 0.007439 0.002098 -0.002861 0.016679 -0.002351 -0.032998 -0.003624 0.013924 -0.016975 -0.001883 0.004856 0.089074 -0.020409 0.001717 -0.000572 -0.054360 0.024223 0.036050 -0.345045 -0.016975 -0.008583 -0.001717
1757664959.084198 -0.050164 0.007439 0.002098 -0.002861 0.016544 -0.002098 -0.032998 -0.003624 0.013924 -0.016975 -0.001883 0.004856 0.089074 -0.020409 0.001717 -0.000572 -0.054360 0.024223 0.036050 -0.345045 -0.016975 -0.008583 -0.001717
1757664959.086189 -0.050164 0.007439 0.002098 -0.002861 0.016544 -0.002098 -0.032998 -0.003624 0.013924 -0.016975 -0.001883 0.004856 0.089074 -0.020409 0.001717 -0.000572 -0.054360 0.024223 0.036050 -0.345045 -0.016975 -0.008583 -0.001717
1757664959.088284 -0.050164 0.007439 0.002098 -0.002861 0.016544 -0.002098 -0.032998 -0.003624 0.013924 -0.016975 -0.001883 0.004856 0.089074 -0.020409 0.001717 -0.000572 -0.054360 0.024223 0.036050 -0.345045 -0.016975 -0.008583 -0.001717
1757664959.090212 -0.050164 0.007439 0.002098 -0.002861 0.016544 -0.002098 -0.032998 -0.003624 0.013924 -0.016975 -0.001883 0.004856 0.089074 -0.020409 0.001717 -0.000572 -0.054360 0.024223 0.036050 -0.345045 -0.016975 -0.008583 -0.001717
1757664959.092194 -0.050164 0.007439 0.002098 -0.002861 0.016544 -0.002098 -0.032998 -0.003624 0.013924 -0.016975 -0.001883 0.004856 0.089074 -0.020409 0.001717 -0.000572 -0.054360 0.024223 0.036050 -0.345045 -0.016975 -0.008583 -0.001717
1757664959.094246 -0.050164 0.007439 0.002098 -0.002861 0.016544 -0.002098 -0.032998 -0.003624 0.013924 -0.016975 -0.001883 0.004856 0.089074 -0.020409 0.001717 -0.000572 -0.054360 0.024223 0.036050 -0.345045 -0.016975 -0.008583 -0.001717
1757664959.096241 -0.050164 0.007439 0.002098 -0.002861 0.016544 -0.002098 -0.032998 -0.003624 0.013924 -0.016975 -0.001883 0.004856 0.089074 -0.020409 0.001717 -0.000572 -0.054360 0.024223 0.036050 -0.345045 -0.016975 -0.008583 -0.001717
1757664959.098186 -0.050164 0.007439 0.002098 -0.002861 0.016409 -0.002354 -0.032998 -0.003624 0.013924 -0.016975 -0.001883 0.004856 0.089074 -0.020409 0.001717 -0.000572 -0.054360 0.024223 0.036050 -0.345045 -0.016975 -0.008583 -0.001717
1757664959.100181 -0.050164 0.007439 0.002098 -0.002861 0.016409 -0.002354 -0.032998 -0.003624 0.013924 -0.016975 -0.001883 0.004856 0.089074 -0.020409 0.001717 -0.000572 -0.054360 0.024223 0.036050 -0.345045 -0.016975 -0.008583 -0.001717
1757664959.102173 -0.050164 0.007439 0.002098 -0.002861 0.016409 -0.002354 -0.032998 -0.003624 0.013924 -0.016975 -0.001883 0.004856 0.089074 -0.020409 0.001717 -0.000572 -0.054360 0.024223 0.036050 -0.345045 -0.016975 -0.008583 -0.001717
1757664959.104169 -0.050164 0.007439 0.002098 -0.002861 0.016409 -0.002354 -0.032998 -0.003624 0.013924 -0.016975 -0.001883 0.004856 0.089074 -0.020409 0.001717 -0.000572 -0.054360 0.024223 0.036050 -0.345045 -0.016975 -0.008583 -0.001717
1757664959.106172 -0.050164 0.007439 0.002098 -0.002861 0.016409 -0.002354 -0.032998 -0.003624 0.013924 -0.016975 -0.001883 0.004856 0.089074 -0.020409 0.001717 -0.000572 -0.054360 0.024223 0.036050 -0.345045 -0.016975 -0.008583 -0.001717
1757664959.108175 -0.050164 0.007057 0.002098 -0.002861 0.016409 -0.002354 -0.032998 -0.003624 0.013924 -0.016975 -0.001883 0.004856 0.089074 -0.020409 0.001717 -0.000572 -0.054360 0.024223 0.036050 -0.345045 -0.016975 -0.008583 -0.001717
1757664959.110174 -0.050164 0.007057 0.002098 -0.002861 0.016409 -0.002354 -0.032998 -0.003624 0.013924 -0.016975 -0.001883 0.004856 0.089074 -0.020409 0.001717 -0.000572 -0.054360 0.024223 0.036050 -0.345045 -0.016975 -0.008583 -0.001717
1757664959.112171 -0.050164 0.007057 0.002098 -0.002861 0.016409 -0.002354 -0.032998 -0.003624 0.013924 -0.016975 -0.001883 0.004856 0.089074 -0.020409 0.001717 -0.000572 -0.054360 0.024223 0.036050 -0.345045 -0.016975 -0.008583 -0.001717
1757664959.114177 -0.050164 0.007057 0.002098 -0.002861 0.016409 -0.002354 -0.032998 -0.003624 0.013924 -0.016975 -0.001883 0.004856 0.089074 -0.020409 0.001717 -0.000572 -0.054360 0.024223 0.036050 -0.345045 -0.016975 -0.008583 -0.001717
1757664959.116186 -0.050164 0.007057 0.002098 -0.002861 0.016409 -0.002354 -0.032998 -0.003624 0.013924 -0.016975 -0.001883 0.004856 0.089074 -0.020409 0.001717 -0.000572 -0.054360 0.024223 0.036050 -0.345045 -0.016975 -0.008583 -0.001717
1757664959.118189 -0.050164 0.007057 0.002098 -0.002861 0.016409 -0.002354 -0.032998 -0.003624 0.013924 -0.016975 -0.001883 0.004856 0.089074 -0.020409 0.001717 -0.000572 -0.054360 0.024223 0.036050 -0.345045 -0.016975 -0.008583 -0.001717
1757664959.120214 -0.050164 0.007057 0.002098 -0.002861 0.016409 -0.002354 -0.032998 -0.003624 0.013924 -0.016975 -0.001883 0.004856 0.089074 -0.020409 0.001717 -0.000572 -0.054360 0.024223 0.036050 -0.345045 -0.016975 -0.008583 -0.001717
1757664959.122315 -0.050164 0.007057 0.002098 -0.002861 0.016409 -0.002354 -0.032998 -0.003624 0.013924 -0.016975 -0.001883 0.004856 0.089074 -0.020409 0.001717 -0.000572 -0.054360 0.024223 0.036050 -0.345045 -0.016975 -0.008583 -0.001717
1757664959.124199 -0.050164 0.007057 0.002098 -0.002861 0.016409 -0.002354 -0.032998 -0.003624 0.013924 -0.016975 -0.001883 0.004856 0.089074 -0.020409 0.001717 -0.000572 -0.054360 0.024223 0.036050 -0.345045 -0.016975 -0.008583 -0.001717
1757664959.126209 -0.050164 0.007057 0.002098 -0.002861 0.016409 -0.002354 -0.032998 -0.003624 0.013924 -0.016975 -0.001883 0.004856 0.089074 -0.020409 0.001717 -0.000572 -0.054360 0.024223 0.036050 -0.345045 -0.016975 -0.008583 -0.001717
1757664959.128189 -0.050164 0.007057 0.002098 -0.002861 0.016409 -0.002354 -0.032998 -0.003624 0.013924 -0.016975 -0.001883 0.004856 0.089074 -0.020409 0.001717 -0.000572 -0.054360 0.024223 0.036050 -0.345045 -0.016975 -0.008583 -0.001717
1757664959.130197 -0.050164 0.007057 0.002098 -0.002861 0.016409 -0.002354 -0.032998 -0.003624 0.013924 -0.016975 -0.001883 0.004856 0.089074 -0.020409 0.001717 -0.000572 -0.054360 0.024223 0.036050 -0.345045 -0.016975 -0.008583 -0.001717
1757664959.132194 -0.050164 0.007057 0.002098 -0.002861 0.016409 -0.002354 -0.032998 -0.003624 0.013924 -0.016975 -0.001883 0.004856 0.089074 -0.020409 0.001717 -0.000572 -0.054360 0.024223 0.036050 -0.345045 -0.016975 -0.008583 -0.001717
1757664959.134192 -0.050164 0.007057 0.002098 -0.002861 0.016409 -0.002354 -0.032998 -0.003624 0.013924 -0.016975 -0.001883 0.004856 0.089074 -0.020409 0.001717 -0.000572 -0.054360 0.024223 0.036050 -0.345045 -0.016975 -0.008583 -0.001717
1757664959.136211 -0.050164 0.007057 0.002098 -0.002861 0.016409 -0.002354 -0.032998 -0.003624 0.013924 -0.016975 -0.001883 0.004856 0.089074 -0.020409 0.001717 -0.000572 -0.054360 0.024223 0.036050 -0.345045 -0.016975 -0.008583 -0.001717
1757664959.138191 -0.050164 0.007057 0.002098 -0.002861 0.016274 -0.002101 -0.032998 -0.003624 0.013924 -0.016975 -0.001883 0.004856 0.089074 -0.020409 0.001717 -0.000572 -0.054360 0.024223 0.036050 -0.345045 -0.016975 -0.008583 -0.001717
1757664959.140185 -0.050164 0.007057 0.002098 -0.002861 0.016274 -0.002101 -0.032998 -0.003624 0.013924 -0.016975 -0.001883 0.004856 0.089074 -0.020409 0.001717 -0.000572 -0.054360 0.024223 0.036050 -0.345045 -0.016975 -0.008583 -0.001717
1757664959.142189 -0.050164 0.007057 0.002098 -0.002861 0.016274 -0.002101 -0.032998 -0.003624 0.013924 -0.016975 -0.001883 0.004856 0.089074 -0.020409 0.001717 -0.000572 -0.054360 0.024223 0.036050 -0.345045 -0.016975 -0.008583 -0.001717
1757664959.144205 -0.050164 0.007057 0.002098 -0.002861 0.016274 -0.002101 -0.032998 -0.003624 0.013924 -0.016975 -0.001883 0.004856 0.089074 -0.020409 0.001717 -0.000572 -0.054360 0.024223 0.036050 -0.345045 -0.016975 -0.008583 -0.001717
1757664959.146198 -0.050164 0.007057 0.002098 -0.002861 0.016274 -0.002101 -0.032998 -0.003624 0.013924 -0.016975 -0.001883 0.004856 0.089074 -0.020409 0.001717 -0.000572 -0.054360 0.024223 0.036050 -0.345045 -0.016975 -0.008583 -0.001717
1757664959.148198 -0.050164 0.007057 0.002098 -0.002861 0.016274 -0.002101 -0.032998 -0.003624 0.013924 -0.016975 -0.001883 0.004856 0.089074 -0.020409 0.001717 -0.000572 -0.054360 0.024223 0.036050 -0.345045 -0.016975 -0.008583 -0.001717
1757664959.150220 -0.050164 0.007057 0.002098 -0.002861 0.016274 -0.002101 -0.032998 -0.003624 0.013924 -0.016975 -0.001883 0.004856 0.089074 -0.020409 0.001717 -0.000572 -0.054360 0.024223 0.036050 -0.345045 -0.016975 -0.008583 -0.001717
1757664959.152236 -0.050164 0.007057 0.002098 -0.002861 0.016274 -0.002101 -0.032998 -0.003624 0.013924 -0.016975 -0.001883 0.004856 0.089074 -0.020409 0.001717 -0.000572 -0.054360 0.024223 0.036050 -0.345045 -0.016975 -0.008583 -0.001717
1757664959.154296 -0.050164 0.007057 0.002098 -0.002861 0.016274 -0.002101 -0.032998 -0.003624 0.013924 -0.016975 -0.001883 0.004856 0.089074 -0.020409 0.001717 -0.000572 -0.054360 0.024223 0.036050 -0.345045 -0.016975 -0.008583 -0.001717
1757664959.156236 -0.050164 0.007057 0.002098 -0.002861 0.016274 -0.002101 -0.032998 -0.003624 0.013924 -0.016975 -0.001883 0.004856 0.089074 -0.020409 0.001717 -0.000572 -0.054360 0.024223 0.036050 -0.345045 -0.016975 -0.008583 -0.001717
1757664959.158235 -0.050164 0.007057 0.002098 -0.002861 0.016274 -0.002101 -0.032998 -0.003624 0.013924 -0.016975 -0.001883 0.004856 0.089074 -0.020409 0.001717 -0.000572 -0.054360 0.024223 0.036050 -0.345045 -0.016975 -0.008583 -0.001717
1757664959.160234 -0.050164 0.007057 0.002098 -0.002861 0.016274 -0.002101 -0.032998 -0.003624 0.013924 -0.016975 -0.001883 0.004856 0.089074 -0.020409 0.001717 -0.000572 -0.054360 0.024223 0.036050 -0.345045 -0.016975 -0.008583 -0.001717
1757664959.162233 -0.050164 0.007057 0.002098 -0.002861 0.016274 -0.002101 -0.032998 -0.003624 0.013924 -0.016975 -0.001883 0.004856 0.089074 -0.020409 0.001717 -0.000572 -0.054360 0.024223 0.036050 -0.345045 -0.016975 -0.008583 -0.001717
1757664959.164206 -0.050164 0.007057 0.002098 -0.002861 0.016274 -0.002101 -0.032998 -0.003624 0.013924 -0.016975 -0.001883 0.004856 0.089074 -0.020409 0.001717 -0.000572 -0.054360 0.024223 0.036050 -0.345045 -0.016975 -0.008583 -0.001717
1757664959.166200 -0.050164 0.007057 0.002098 -0.002861 0.016274 -0.002101 -0.032998 -0.003624 0.013924 -0.016975 -0.001883 0.004856 0.089074 -0.020409 0.001717 -0.000572 -0.054360 0.024223 0.036050 -0.345045 -0.016975 -0.008583 -0.001717
1757664959.168196 -0.050164 0.007057 0.002098 -0.002861 0.016274 -0.002101 -0.032998 -0.003624 0.013924 -0.016975 -0.001883 0.004856 0.089074 -0.020409 0.001717 -0.000572 -0.054360 0.024223 0.036050 -0.345045 -0.016975 -0.008583 -0.001717
1757664959.170197 -0.050164 0.007057 0.002098 -0.002861 0.016274 -0.002101 -0.032998 -0.003624 0.013924 -0.016975 -0.001883 0.004856 0.089074 -0.020409 0.001717 -0.000572 -0.054360 0.024223 0.036050 -0.345045 -0.016975 -0.008583 -0.001717
1757664959.172194 -0.050164 0.007057 0.002098 -0.002861 0.016274 -0.002101 -0.032998 -0.003624 0.013924 -0.016975 -0.001883 0.004856 0.089074 -0.020409 0.001717 -0.000572 -0.054360 0.024223 0.036050 -0.345045 -0.016975 -0.008583 -0.001717
1757664959.174195 -0.050164 0.007057 0.002098 -0.002861 0.016274 -0.002101 -0.032998 -0.003624 0.013924 -0.016975 -0.001883 0.004856 0.089074 -0.020409 0.001717 -0.000572 -0.054360 0.024223 0.036050 -0.345045 -0.016975 -0.008583 -0.001717
1757664959.176194 -0.050164 0.007057 0.002098 -0.002861 0.016274 -0.002101 -0.032998 -0.003624 0.013924 -0.016975 -0.001883 0.004856 0.089074 -0.020409 0.001717 -0.000572 -0.054360 0.024223 0.036050 -0.345045 -0.016975 -0.008583 -0.001717
1757664959.178188 -0.050164 0.007057 0.002098 -0.002861 0.016274 -0.002101 -0.032998 -0.003624 0.013924 -0.016975 -0.001883 0.004856 0.089074 -0.020409 0.001717 -0.000572 -0.054360 0.024223 0.036050 -0.345045 -0.016975 -0.008583 -0.001717
1757664959.180190 -0.050164 0.007057 0.002098 -0.002861 0.016274 -0.002101 -0.032998 -0.003624 0.013924 -0.016975 -0.001883 0.004856 0.089074 -0.020409 0.001717 -0.000572 -0.054360 0.024223 0.036050 -0.345045 -0.016975 -0.008583 -0.001717
1757664959.182268 -0.050164 0.007057 0.002098 -0.002861 0.016274 -0.002101 -0.032998 -0.003624 0.013924 -0.016975 -0.001883 0.004856 0.089074 -0.020409 0.001717 -0.000572 -0.054360 0.024223 0.036050 -0.345045 -0.016975 -0.008583 -0.001717
1757664959.184264 -0.050164 0.007057 0.002098 -0.002861 0.016274 -0.002101 -0.032998 -0.003624 0.013924 -0.016975 -0.001883 0.004856 0.089074 -0.020409 0.001717 -0.000572 -0.054360 0.024223 0.036050 -0.345045 -0.016975 -0.008583 -0.001717
1757664959.186234 -0.050164 0.007057 0.002098 -0.002861 0.016274 -0.002101 -0.032998 -0.003624 0.013924 -0.016975 -0.001883 0.004856 0.089074 -0.020409 0.001717 -0.000572 -0.054360 0.024223 0.036050 -0.345045 -0.016975 -0.008583 -0.001717
1757664959.188241 -0.050164 0.007057 0.002098 -0.002861 0.016274 -0.002101 -0.032998 -0.003624 0.013924 -0.016975 -0.001883 0.004856 0.089074 -0.020409 0.001717 -0.000572 -0.054360 0.024223 0.036050 -0.345045 -0.016975 -0.008583 -0.001717
1757664959.190224 -0.050164 0.007057 0.002098 -0.002861 0.016274 -0.002101 -0.032998 -0.003624 0.013924 -0.016975 -0.001883 0.004856 0.089074 -0.020409 0.001717 -0.000572 -0.054360 0.024223 0.036050 -0.345045 -0.016975 -0.008583 -0.001717
1757664959.192203 -0.050164 0.007057 0.002098 -0.002861 0.016274 -0.002101 -0.032998 -0.003624 0.013924 -0.016975 -0.001883 0.004856 0.089074 -0.020409 0.001717 -0.000572 -0.054360 0.024223 0.036050 -0.345045 -0.016975 -0.008583 -0.001717
1757664959.194190 -0.050164 0.007057 0.002098 -0.002861 0.016274 -0.002101 -0.032998 -0.003624 0.013924 -0.016975 -0.001883 0.004856 0.089074 -0.020409 0.001717 -0.000572 -0.054360 0.024223 0.036050 -0.345045 -0.016975 -0.008583 -0.001717
1757664959.196233 -0.050164 0.007057 0.002098 -0.002861 0.016274 -0.002101 -0.032998 -0.003624 0.013924 -0.016975 -0.001883 0.004856 0.089074 -0.020409 0.001717 -0.000572 -0.054360 0.024223 0.036050 -0.345045 -0.016975 -0.008583 -0.001717
1757664959.198233 -0.050164 0.007057 0.002098 -0.002861 0.016274 -0.002101 -0.032998 -0.003624 0.013924 -0.016975 -0.001883 0.004856 0.089074 -0.020409 0.001717 -0.000572 -0.054360 0.024223 0.036050 -0.345045 -0.016975 -0.008583 -0.001717
1757664959.200236 -0.050164 0.007057 0.002098 -0.002861 0.016274 -0.002101 -0.032998 -0.003624 0.013924 -0.016975 -0.001883 0.004856 0.089074 -0.020409 0.001717 -0.000572 -0.054360 0.024223 0.036050 -0.345045 -0.016975 -0.008583 -0.001717
1757664959.202229 -0.050164 0.007057 0.002098 -0.002861 0.016274 -0.002101 -0.032998 -0.003624 0.013924 -0.016975 -0.001883 0.004856 0.089074 -0.020409 0.001717 -0.000572 -0.054360 0.024223 0.036050 -0.345045 -0.016975 -0.008583 -0.001717
1757664959.204236 -0.050164 0.007057 0.002098 -0.002861 0.016274 -0.002101 -0.032998 -0.003624 0.013924 -0.016975 -0.001883 0.004856 0.089074 -0.020409 0.001717 -0.000572 -0.054360 0.024223 0.036050 -0.345045 -0.016975 -0.008583 -0.001717
1757664959.206234 -0.050164 0.007057 0.002098 -0.002861 0.016274 -0.002101 -0.032998 -0.003624 0.013924 -0.016975 -0.001883 0.004856 0.089074 -0.020409 0.001717 -0.000572 -0.054360 0.024223 0.036050 -0.345045 -0.016975 -0.008583 -0.001717
1757664959.208225 -0.050164 0.007057 0.002098 -0.002861 0.016274 -0.002101 -0.032998 -0.003624 0.013924 -0.016975 -0.001883 0.004856 0.089074 -0.020409 0.001717 -0.000572 -0.054360 0.024223 0.036050 -0.345045 -0.016975 -0.008583 -0.001717
1757664959.210226 -0.050164 0.007057 0.002098 -0.002861 0.016274 -0.002101 -0.032998 -0.003624 0.013924 -0.016975 -0.001883 0.004856 0.089074 -0.020409 0.001717 -0.000572 -0.054360 0.024223 0.036050 -0.345045 -0.016975 -0.008583 -0.001717
1757664959.212247 -0.050164 0.007057 0.002098 -0.002861 0.016274 -0.002101 -0.032998 -0.003624 0.013924 -0.016975 -0.001883 0.004856 0.089074 -0.020409 0.001717 -0.000572 -0.054360 0.024223 0.036050 -0.345045 -0.016975 -0.008583 -0.001717
1757664959.214245 -0.050164 0.007057 0.002098 -0.002861 0.016274 -0.002101 -0.032998 -0.003624 0.013924 -0.016975 -0.001883 0.004856 0.089074 -0.020409 0.001717 -0.000572 -0.054360 0.024223 0.036050 -0.345045 -0.016975 -0.008583 -0.001717
1757664959.216225 -0.050164 0.007057 0.002098 -0.002861 0.016274 -0.002101 -0.032998 -0.003624 0.013924 -0.016975 -0.001883 0.004856 0.089074 -0.020409 0.001717 -0.000572 -0.054360 0.024223 0.036050 -0.345045 -0.016975 -0.008583 -0.001717
1757664959.218228 -0.050164 0.007057 0.002098 -0.002861 0.016274 -0.002101 -0.032998 -0.003624 0.013924 -0.016975 -0.001883 0.004856 0.089074 -0.020409 0.001717 -0.000572 -0.054360 0.024223 0.036050 -0.345045 -0.016975 -0.008583 -0.001717
1757664959.220232 -0.050164 0.007057 0.002098 -0.002861 0.016274 -0.002101 -0.032998 -0.003624 0.013924 -0.016975 -0.001883 0.004856 0.089074 -0.020409 0.001717 -0.000572 -0.054360 0.024223 0.036050 -0.345045 -0.016975 -0.008583 -0.001717
1757664959.222200 -0.050164 0.007057 0.002098 -0.002861 0.016274 -0.002101 -0.032998 -0.003624 0.013924 -0.016975 -0.001883 0.004856 0.089074 -0.020409 0.001717 -0.000572 -0.054360 0.024223 0.036050 -0.345045 -0.016975 -0.008583 -0.001717
1757664959.224195 -0.050164 0.007057 0.002098 -0.002861 0.016274 -0.002101 -0.032998 -0.003624 0.013924 -0.016975 -0.001883 0.004856 0.089074 -0.020409 0.001717 -0.000572 -0.054360 0.024223 0.036050 -0.345045 -0.016975 -0.008583 -0.001717
1757664959.226194 -0.050164 0.007057 0.002098 -0.002861 0.016274 -0.002101 -0.032998 -0.003624 0.013924 -0.016975 -0.001883 0.004856 0.089074 -0.020409 0.001717 -0.000572 -0.054360 0.024223 0.036050 -0.345045 -0.016975 -0.008583 -0.001717
1757664959.228194 -0.050164 0.007057 0.002098 -0.002861 0.016274 -0.002101 -0.032998 -0.003624 0.013924 -0.016975 -0.001883 0.004856 0.089074 -0.020409 0.001717 -0.000572 -0.054360 0.024223 0.036050 -0.345045 -0.016975 -0.008583 -0.001717
1757664959.230195 -0.050164 0.007057 0.002098 -0.002861 0.016274 -0.002101 -0.032998 -0.003624 0.013924 -0.016975 -0.001883 0.004856 0.089074 -0.020409 0.001717 -0.000572 -0.054360 0.024223 0.036050 -0.345045 -0.016975 -0.008583 -0.001717
1757664959.232194 -0.050164 0.007057 0.002098 -0.002861 0.016274 -0.002101 -0.032998 -0.003624 0.013924 -0.016975 -0.001883 0.004856 0.089074 -0.020409 0.001717 -0.000572 -0.054360 0.024223 0.036050 -0.345045 -0.016975 -0.008583 -0.001717
1757664959.234198 -0.050164 0.007057 0.002098 -0.002861 0.016274 -0.002101 -0.032998 -0.003624 0.013924 -0.016975 -0.001883 0.004856 0.089074 -0.020409 0.001717 -0.000572 -0.054360 0.024223 0.036050 -0.345045 -0.016975 -0.008583 -0.001717
1757664959.236194 -0.050164 0.007057 0.002098 -0.002861 0.016274 -0.002101 -0.032998 -0.003624 0.013924 -0.016975 -0.001883 0.004856 0.089074 -0.020409 0.001717 -0.000572 -0.054360 0.024223 0.036050 -0.345045 -0.016975 -0.008583 -0.001717
1757664959.238193 -0.050164 0.007057 0.002098 -0.002861 0.016274 -0.002101 -0.032998 -0.003624 0.013924 -0.016975 -0.001883 0.004856 0.089074 -0.020409 0.001717 -0.000572 -0.054360 0.024223 0.036050 -0.345045 -0.016975 -0.008583 -0.001717
1757664959.240194 -0.050164 0.007057 0.002098 -0.002861 0.016274 -0.002101 -0.032998 -0.003624 0.013924 -0.016975 -0.001883 0.004856 0.089074 -0.020409 0.001717 -0.000572 -0.054360 0.024223 0.036050 -0.345045 -0.016975 -0.008583 -0.001717
1757664959.242193 -0.050164 0.007057 0.002098 -0.002861 0.016274 -0.002101 -0.032998 -0.003624 0.013924 -0.016975 -0.001883 0.004856 0.089074 -0.020409 0.001717 -0.000572 -0.054360 0.024223 0.036050 -0.345045 -0.016975 -0.008583 -0.001717
1757664959.244196 -0.050164 0.007057 0.002098 -0.002861 0.016274 -0.002101 -0.032998 -0.003624 0.013924 -0.016975 -0.001883 0.004856 0.089074 -0.020409 0.001717 -0.000572 -0.054360 0.024223 0.036050 -0.345045 -0.016975 -0.008583 -0.001717
1757664959.246215 -0.050164 0.007057 0.002098 -0.002861 0.016274 -0.002101 -0.032998 -0.003624 0.013924 -0.016975 -0.001883 0.004856 0.089074 -0.020409 0.001717 -0.000572 -0.054360 0.024223 0.036050 -0.345045 -0.016975 -0.008583 -0.001717
1757664959.248196 -0.050164 0.007057 0.002098 -0.002861 0.016274 -0.002101 -0.032998 -0.003624 0.013924 -0.016975 -0.001883 0.004856 0.089074 -0.020409 0.001717 -0.000572 -0.054360 0.024223 0.036050 -0.345045 -0.016975 -0.008583 -0.001717
1757664959.250192 -0.050164 0.007439 0.002098 -0.002861 0.016274 -0.002101 -0.032998 -0.003624 0.013924 -0.016975 -0.001883 0.004856 0.089074 -0.020409 0.001717 -0.000572 -0.054360 0.024223 0.036050 -0.345045 -0.016975 -0.008583 -0.001717
1757664959.252181 -0.050164 0.007439 0.002098 -0.002861 0.016274 -0.002101 -0.032998 -0.003624 0.013924 -0.016975 -0.001883 0.004856 0.089074 -0.020409 0.001717 -0.000572 -0.054360 0.024223 0.036050 -0.345045 -0.016975 -0.008583 -0.001717
1757664959.254191 -0.050164 0.007439 0.002098 -0.002861 0.016274 -0.002101 -0.032998 -0.003624 0.013924 -0.016975 -0.001883 0.004856 0.089074 -0.020409 0.001717 -0.000572 -0.054360 0.024223 0.036050 -0.345045 -0.016975 -0.008583 -0.001717
1757664959.256181 -0.050164 0.007439 0.002098 -0.002861 0.016274 -0.002101 -0.032998 -0.003624 0.013924 -0.016975 -0.001883 0.004856 0.089074 -0.020409 0.001717 -0.000572 -0.054360 0.024223 0.036050 -0.345045 -0.016975 -0.008583 -0.001717
1757664959.258179 -0.050164 0.007439 0.002098 -0.002861 0.016274 -0.002101 -0.032998 -0.003624 0.013924 -0.016975 -0.001883 0.004856 0.089074 -0.020409 0.001717 -0.000572 -0.054360 0.024223 0.036050 -0.345045 -0.016975 -0.008583 -0.001717
1757664959.260208 -0.050164 0.007439 0.002098 -0.002861 0.016274 -0.002101 -0.032998 -0.003624 0.013924 -0.016975 -0.001883 0.004856 0.089074 -0.020409 0.001717 -0.000572 -0.054360 0.024223 0.036050 -0.345045 -0.016975 -0.008583 -0.001717
1757664959.262185 -0.050164 0.007439 0.002098 -0.002861 0.016274 -0.002101 -0.032998 -0.003624 0.013924 -0.016975 -0.001883 0.004856 0.089074 -0.020409 0.001717 -0.000572 -0.054360 0.024223 0.036050 -0.345045 -0.016975 -0.008583 -0.001717
1757664959.264183 -0.050164 0.007439 0.002098 -0.002861 0.016274 -0.002101 -0.032998 -0.003624 0.013924 -0.016975 -0.001883 0.004856 0.089074 -0.020409 0.001717 -0.000572 -0.054360 0.024223 0.036050 -0.345045 -0.016975 -0.008583 -0.001717
1757664959.266188 -0.050164 0.007439 0.002098 -0.002861 0.016274 -0.002101 -0.032998 -0.003624 0.013924 -0.016975 -0.001883 0.004856 0.089074 -0.020409 0.001717 -0.000572 -0.054360 0.024223 0.036050 -0.345045 -0.016975 -0.008583 -0.001717
1757664959.268200 -0.050164 0.007439 0.002098 -0.002861 0.016274 -0.002101 -0.032998 -0.003624 0.013924 -0.016975 -0.001883 0.004856 0.089074 -0.020409 0.001717 -0.000572 -0.054360 0.024223 0.036050 -0.345045 -0.016975 -0.008583 -0.001717
1757664959.270184 -0.050164 0.007439 0.002098 -0.002861 0.016274 -0.002101 -0.032998 -0.003624 0.013924 -0.016975 -0.001883 0.004856 0.089074 -0.020409 0.001717 -0.000572 -0.054360 0.024223 0.036050 -0.345045 -0.016975 -0.008583 -0.001717
1757664959.272179 -0.050164 0.007439 0.002098 -0.002861 0.016274 -0.002101 -0.032998 -0.003624 0.013924 -0.016975 -0.001883 0.004856 0.089074 -0.020409 0.001717 -0.000572 -0.054360 0.024223 0.036050 -0.345045 -0.016975 -0.008583 -0.001717
1757664959.274199 -0.050164 0.007439 0.002098 -0.002861 0.016274 -0.002101 -0.032998 -0.003624 0.013924 -0.016975 -0.001883 0.004856 0.089074 -0.020409 0.001717 -0.000572 -0.054360 0.024223 0.036050 -0.345045 -0.016975 -0.008583 -0.001717
1757664959.276191 -0.050164 0.007439 0.002098 -0.002861 0.016274 -0.002101 -0.032998 -0.003624 0.013924 -0.016975 -0.001883 0.004856 0.089074 -0.020409 0.001717 -0.000572 -0.054360 0.024223 0.036050 -0.345045 -0.016975 -0.008583 -0.001717
1757664959.278217 -0.050164 0.007439 0.002098 -0.002861 0.016274 -0.002101 -0.032998 -0.003624 0.013924 -0.016975 -0.001883 0.004856 0.089074 -0.020409 0.001717 -0.000572 -0.054360 0.024223 0.036050 -0.345045 -0.016975 -0.008583 -0.001717
1757664959.280185 -0.050164 0.007439 0.002098 -0.002861 0.016274 -0.002101 -0.032998 -0.003624 0.013924 -0.016975 -0.001883 0.004856 0.089074 -0.020409 0.001717 -0.000572 -0.054360 0.024223 0.036050 -0.345045 -0.016975 -0.008583 -0.001717
1757664959.282191 -0.050164 0.007439 0.002098 -0.002861 0.016274 -0.002101 -0.032998 -0.003624 0.013924 -0.016975 -0.001883 0.004856 0.089074 -0.020409 0.001717 -0.000572 -0.054360 0.024223 0.036050 -0.345045 -0.016975 -0.008583 -0.001717
1757664959.284182 -0.050164 0.007439 0.002098 -0.002861 0.016274 -0.002101 -0.032998 -0.003624 0.013924 -0.016975 -0.001883 0.004856 0.089074 -0.020409 0.001717 -0.000572 -0.054360 0.024223 0.036050 -0.345045 -0.016975 -0.008583 -0.001717
1757664959.286181 -0.050164 0.007439 0.002098 -0.002861 0.016274 -0.002101 -0.032998 -0.003624 0.013924 -0.016975 -0.001883 0.004856 0.089074 -0.020409 0.001717 -0.000572 -0.054360 0.024223 0.036050 -0.345045 -0.016975 -0.008583 -0.001717
1757664959.288177 -0.050164 0.007439 0.002098 -0.002861 0.016274 -0.002101 -0.032998 -0.003624 0.013924 -0.016975 -0.001883 0.004856 0.089074 -0.020409 0.001717 -0.000572 -0.054360 0.024223 0.036050 -0.345045 -0.016975 -0.008583 -0.001717
1757664959.290193 -0.050164 0.007439 0.002098 -0.002861 0.016274 -0.002101 -0.032998 -0.003624 0.013924 -0.016975 -0.001883 0.004856 0.089074 -0.020409 0.001717 -0.000572 -0.054360 0.024223 0.036050 -0.345045 -0.016975 -0.008583 -0.001717
1757664959.292185 -0.050164 0.007439 0.002098 -0.002861 0.016274 -0.002101 -0.032998 -0.003624 0.013924 -0.016975 -0.001883 0.004856 0.089074 -0.020409 0.001717 -0.000572 -0.054360 0.024223 0.036050 -0.345045 -0.016975 -0.008583 -0.001717
1757664959.294186 -0.050164 0.007439 0.002098 -0.002861 0.016274 -0.002101 -0.032998 -0.003624 0.013924 -0.016975 -0.001883 0.004856 0.089074 -0.020409 0.001717 -0.000572 -0.054360 0.024223 0.036050 -0.345045 -0.016975 -0.008583 -0.001717
1757664959.296191 -0.050164 0.007439 0.002098 -0.002861 0.016274 -0.002101 -0.032998 -0.003624 0.013924 -0.016975 -0.001883 0.004856 0.089074 -0.020409 0.001717 -0.000572 -0.054360 0.024223 0.036050 -0.345045 -0.016975 -0.008583 -0.001717
1757664959.298183 -0.050164 0.007439 0.002098 -0.002861 0.016274 -0.002101 -0.032998 -0.003624 0.013924 -0.016975 -0.001883 0.004856 0.089074 -0.020409 0.001717 -0.000572 -0.054360 0.024223 0.036050 -0.345045 -0.016975 -0.008583 -0.001717
1757664959.300182 -0.050164 0.007439 0.002098 -0.002861 0.016274 -0.002101 -0.032998 -0.003624 0.013924 -0.016975 -0.001883 0.004856 0.089074 -0.020409 0.001717 -0.000572 -0.054360 0.024223 0.036050 -0.345045 -0.016975 -0.008583 -0.001717
1757664959.302199 -0.050164 0.007439 0.002098 -0.002861 0.016274 -0.002101 -0.032998 -0.003624 0.013924 -0.016975 -0.001883 0.004856 0.089074 -0.020409 0.001717 -0.000572 -0.054360 0.024223 0.036050 -0.345045 -0.016975 -0.008583 -0.001717
1757664959.304189 -0.050164 0.007439 0.002098 -0.002861 0.016274 -0.002101 -0.032998 -0.003624 0.013924 -0.016975 -0.001883 0.004856 0.089074 -0.020409 0.001717 -0.000572 -0.054360 0.024223 0.036050 -0.345045 -0.016975 -0.008583 -0.001717
1757664959.306180 -0.050164 0.007439 0.002098 -0.002861 0.016274 -0.002101 -0.032998 -0.003624 0.013924 -0.016975 -0.001883 0.004856 0.089074 -0.020409 0.001717 -0.000572 -0.054360 0.024223 0.036050 -0.345045 -0.016975 -0.008583 -0.001717
1757664959.308180 -0.050164 0.007439 0.002098 -0.002861 0.016274 -0.002101 -0.032998 -0.003624 0.013924 -0.016975 -0.001883 0.004856 0.089074 -0.020409 0.001717 -0.000572 -0.054360 0.024223 0.036050 -0.345045 -0.016975 -0.008583 -0.001717
1757664959.310217 -0.050164 0.007439 0.002098 -0.002861 0.016274 -0.002101 -0.032998 -0.003624 0.013924 -0.016975 -0.001883 0.004856 0.089074 -0.020409 0.001717 -0.000572 -0.054360 0.024223 0.036050 -0.345045 -0.016975 -0.008583 -0.001717
1757664959.312194 -0.050164 0.007439 0.002098 -0.002861 0.016274 -0.002101 -0.032998 -0.003624 0.013924 -0.016975 -0.001883 0.004856 0.089074 -0.020409 0.001717 -0.000572 -0.054360 0.024223 0.036050 -0.345045 -0.016975 -0.008583 -0.001717
1757664959.314191 -0.050164 0.007439 0.002098 -0.002861 0.016274 -0.002101 -0.032998 -0.003624 0.013924 -0.016975 -0.001883 0.004856 0.089074 -0.020409 0.001717 -0.000572 -0.054360 0.024223 0.036050 -0.345045 -0.016975 -0.008583 -0.001717
1757664959.316184 -0.050164 0.007439 0.002098 -0.002861 0.016274 -0.002101 -0.032998 -0.003624 0.013924 -0.016975 -0.001883 0.004856 0.089074 -0.020409 0.001717 -0.000572 -0.054360 0.024223 0.036050 -0.345045 -0.016975 -0.008583 -0.001717
1757664959.318204 -0.050164 0.007439 0.002098 -0.002861 0.016274 -0.002101 -0.032998 -0.003624 0.013924 -0.016975 -0.001883 0.004856 0.089074 -0.020409 0.001717 -0.000572 -0.054360 0.024223 0.036050 -0.345045 -0.016975 -0.008583 -0.001717
1757664959.320263 -0.050164 0.007439 0.002098 -0.002861 0.016274 -0.002101 -0.032998 -0.003624 0.013924 -0.016975 -0.001883 0.004856 0.089074 -0.020409 0.001717 -0.000572 -0.054360 0.024223 0.036050 -0.345045 -0.016975 -0.008583 -0.001717
1757664959.322195 -0.050164 0.007439 0.002098 -0.002861 0.016274 -0.002101 -0.032998 -0.003624 0.013924 -0.016975 -0.001883 0.004856 0.089074 -0.020409 0.001717 -0.000572 -0.054360 0.024223 0.036050 -0.345045 -0.016975 -0.008583 -0.001717
1757664959.324186 -0.050164 0.007439 0.002098 -0.002861 0.016274 -0.002101 -0.032998 -0.003624 0.013924 -0.016975 -0.001883 0.004856 0.089074 -0.020409 0.001717 -0.000572 -0.054360 0.024223 0.036050 -0.345045 -0.016975 -0.008583 -0.001717
1757664959.326185 -0.050164 0.007439 0.002098 -0.002861 0.016274 -0.002101 -0.032998 -0.003624 0.013924 -0.016975 -0.001883 0.004856 0.089074 -0.020409 0.001717 -0.000572 -0.054360 0.024223 0.036050 -0.345045 -0.016975 -0.008583 -0.001717
1757664959.328191 -0.050164 0.007439 0.002098 -0.002861 0.016274 -0.002101 -0.032998 -0.003624 0.013924 -0.016975 -0.001883 0.004856 0.089074 -0.020409 0.001717 -0.000572 -0.054360 0.024223 0.036050 -0.345045 -0.016975 -0.008583 -0.001717
1757664959.330158 -0.050164 0.007439 0.002098 -0.002861 0.016274 -0.002101 -0.032998 -0.003624 0.013924 -0.016975 -0.001883 0.004856 0.089074 -0.020409 0.001717 -0.000572 -0.054360 0.024223 0.036050 -0.345045 -0.016975 -0.008583 -0.001717
1757664959.332139 -0.050164 0.007439 0.002098 -0.002861 0.016274 -0.002101 -0.032998 -0.003624 0.013924 -0.016975 -0.001883 0.004856 0.089074 -0.020409 0.001717 -0.000572 -0.054360 0.024223 0.036050 -0.345045 -0.016975 -0.008583 -0.001717
1757664959.334199 -0.050164 0.007439 0.002098 -0.002861 0.016274 -0.002101 -0.032998 -0.003624 0.013924 -0.016975 -0.001883 0.004856 0.089074 -0.020409 0.001717 -0.000572 -0.054360 0.024223 0.036050 -0.345045 -0.016975 -0.008583 -0.001717
1757664959.336146 -0.050164 0.007439 0.002098 -0.002861 0.016274 -0.002101 -0.032998 -0.003624 0.013924 -0.016975 -0.001883 0.004856 0.089074 -0.020409 0.001717 -0.000572 -0.054360 0.024223 0.036050 -0.345045 -0.016975 -0.008583 -0.001717
1757664959.338203 -0.050164 0.007439 0.002098 -0.002861 0.016274 -0.002101 -0.032998 -0.003624 0.013924 -0.016975 -0.001883 0.004856 0.089074 -0.020409 0.001717 -0.000572 -0.054360 0.024223 0.036050 -0.345045 -0.016975 -0.008583 -0.001717
1757664959.340158 -0.050164 0.007439 0.002098 -0.002861 0.016274 -0.002101 -0.032998 -0.003624 0.013924 -0.016975 -0.001883 0.004856 0.089074 -0.020409 0.001717 -0.000572 -0.054360 0.024223 0.036050 -0.345045 -0.016975 -0.008583 -0.001717
1757664959.342208 -0.050164 0.007439 0.002098 -0.002861 0.016274 -0.002101 -0.032998 -0.003624 0.013924 -0.016975 -0.001883 0.004856 0.089074 -0.020409 0.001717 -0.000572 -0.054360 0.024223 0.036050 -0.345045 -0.016975 -0.008583 -0.001717
1757664959.344142 -0.050164 0.007439 0.002098 -0.002861 0.016274 -0.002101 -0.032998 -0.003624 0.013924 -0.016975 -0.001883 0.004856 0.089074 -0.020409 0.001717 -0.000572 -0.054360 0.024223 0.036050 -0.345045 -0.016975 -0.008583 -0.001717
1757664959.346193 -0.050164 0.007439 0.002098 -0.002861 0.016274 -0.002101 -0.032998 -0.003624 0.013924 -0.016975 -0.001883 0.004856 0.089074 -0.020409 0.001717 -0.000572 -0.054360 0.024223 0.036050 -0.345045 -0.016975 -0.008583 -0.001717
1757664959.348241 -0.050164 0.007439 0.002098 -0.002861 0.016274 -0.002101 -0.032998 -0.003624 0.013924 -0.016975 -0.001883 0.004856 0.089074 -0.020409 0.001717 -0.000572 -0.054360 0.024223 0.036050 -0.345045 -0.016975 -0.008583 -0.001717
1757664959.350150 -0.050164 0.007439 0.002098 -0.002861 0.016274 -0.002101 -0.032998 -0.003624 0.013924 -0.016975 -0.001883 0.004856 0.089074 -0.020409 0.001717 -0.000572 -0.054360 0.024223 0.036050 -0.345045 -0.016975 -0.008583 -0.001717
1757664959.352204 -0.050164 0.007439 0.002098 -0.002861 0.016274 -0.002101 -0.032998 -0.003624 0.013924 -0.016975 -0.001883 0.004856 0.089074 -0.020409 0.001717 -0.000572 -0.054360 0.024223 0.036431 -0.345045 -0.016975 -0.008583 -0.001717
1757664959.354165 -0.050164 0.007439 0.002098 -0.002861 0.016274 -0.002101 -0.032998 -0.003624 0.013924 -0.016975 -0.001883 0.004856 0.089074 -0.020409 0.001717 -0.000572 -0.054360 0.024223 0.036431 -0.345045 -0.016975 -0.008583 -0.001717
1757664959.356204 -0.050164 0.007439 0.002098 -0.002861 0.016274 -0.002101 -0.032998 -0.003624 0.013924 -0.016975 -0.001883 0.004856 0.089074 -0.020409 0.001717 -0.000572 -0.054360 0.024223 0.036431 -0.345045 -0.016975 -0.008583 -0.001717
1757664959.358180 -0.050164 0.007439 0.002098 -0.002861 0.016274 -0.002101 -0.032998 -0.003624 0.013924 -0.016975 -0.001883 0.004856 0.089074 -0.020409 0.001717 -0.000572 -0.054360 0.024223 0.036431 -0.345045 -0.016975 -0.008583 -0.001717
1757664959.360204 -0.050164 0.007439 0.002098 -0.002861 0.016274 -0.002101 -0.032998 -0.003624 0.013924 -0.016975 -0.001883 0.004856 0.089074 -0.020409 0.001717 -0.000572 -0.054360 0.024223 0.036431 -0.345045 -0.016975 -0.008583 -0.001717
1757664959.362189 -0.050164 0.007439 0.002098 -0.002861 0.016274 -0.002101 -0.032998 -0.003624 0.013924 -0.016975 -0.001883 0.004856 0.089074 -0.020409 0.001717 -0.000572 -0.054360 0.024223 0.036431 -0.345045 -0.016975 -0.008583 -0.001717
1757664959.364179 -0.050164 0.007439 0.002098 -0.002861 0.016274 -0.002101 -0.032998 -0.003624 0.013924 -0.016975 -0.001883 0.004856 0.089074 -0.020409 0.001717 -0.000572 -0.054360 0.024223 0.036431 -0.345045 -0.016975 -0.008583 -0.001717
1757664959.366181 -0.050164 0.007439 0.002098 -0.002861 0.016274 -0.002101 -0.032998 -0.003624 0.013924 -0.016975 -0.001883 0.004856 0.089074 -0.020409 0.001717 -0.000572 -0.054360 0.024223 0.036431 -0.345045 -0.016975 -0.008583 -0.001717
1757664959.368188 -0.050164 0.007439 0.002098 -0.002861 0.016274 -0.002101 -0.032998 -0.003624 0.013924 -0.016975 -0.001883 0.004856 0.089074 -0.020409 0.001717 -0.000572 -0.054360 0.024223 0.036431 -0.345045 -0.016975 -0.008583 -0.001717
1757664959.370180 -0.050164 0.007439 0.002098 -0.002861 0.016274 -0.002101 -0.032998 -0.003624 0.013924 -0.016975 -0.001883 0.004856 0.089074 -0.020409 0.001717 -0.000572 -0.054360 0.024223 0.036431 -0.345045 -0.016975 -0.008583 -0.001717
1757664959.372229 -0.050164 0.007439 0.002098 -0.002861 0.016274 -0.002101 -0.032998 -0.003624 0.013924 -0.016975 -0.001883 0.004856 0.089074 -0.020409 0.001717 -0.000572 -0.054360 0.024223 0.036431 -0.345045 -0.016975 -0.008583 -0.001717
1757664959.374206 -0.050164 0.007439 0.002098 -0.002861 0.016274 -0.002101 -0.032998 -0.003624 0.013924 -0.016975 -0.001883 0.004856 0.089074 -0.020409 0.001717 -0.000572 -0.054360 0.024223 0.036431 -0.345045 -0.016975 -0.008583 -0.001717
1757664959.376187 -0.050164 0.007439 0.002098 -0.002861 0.016274 -0.002101 -0.032998 -0.003624 0.013924 -0.016975 -0.001883 0.004856 0.089074 -0.020409 0.001717 -0.000572 -0.054360 0.024223 0.036431 -0.345045 -0.016975 -0.008583 -0.001717
1757664959.378180 -0.050164 0.007439 0.002098 -0.002861 0.016274 -0.002101 -0.032998 -0.003624 0.013924 -0.016975 -0.001883 0.004856 0.089074 -0.020409 0.001717 -0.000572 -0.054360 0.024223 0.036431 -0.345045 -0.016975 -0.008583 -0.001717
1757664959.380178 -0.050164 0.007439 0.002098 -0.002861 0.016274 -0.002101 -0.032998 -0.003624 0.013924 -0.016975 -0.001883 0.004856 0.089074 -0.020409 0.001717 -0.000572 -0.054360 0.024223 0.036431 -0.345045 -0.016975 -0.008583 -0.001717
1757664959.382190 -0.050164 0.007439 0.002098 -0.002861 0.016274 -0.002101 -0.032998 -0.003624 0.013924 -0.016975 -0.001883 0.004856 0.089074 -0.020409 0.001717 -0.000572 -0.054360 0.024223 0.036431 -0.345045 -0.016975 -0.008583 -0.001717
1757664959.384179 -0.050164 0.007439 0.002098 -0.002861 0.016274 -0.002101 -0.032998 -0.003624 0.013924 -0.016975 -0.001883 0.004856 0.089074 -0.020409 0.001717 -0.000572 -0.054360 0.024223 0.036431 -0.345045 -0.016975 -0.008583 -0.001717
1757664959.386178 -0.050164 0.007439 0.002098 -0.002861 0.016274 -0.002101 -0.032998 -0.003624 0.013924 -0.016975 -0.001883 0.004856 0.089074 -0.020409 0.001717 -0.000572 -0.054360 0.024223 0.036431 -0.345045 -0.016975 -0.008583 -0.001717
1757664959.388186 -0.050164 0.007439 0.002098 -0.002861 0.016274 -0.002101 -0.032998 -0.003624 0.013924 -0.016975 -0.001883 0.004856 0.089074 -0.020409 0.001717 -0.000572 -0.054360 0.024223 0.036431 -0.345045 -0.016975 -0.008583 -0.001717
1757664959.390189 -0.050164 0.007439 0.002098 -0.002861 0.016274 -0.002101 -0.032998 -0.003624 0.013924 -0.016975 -0.001883 0.004856 0.089074 -0.020409 0.001717 -0.000572 -0.054360 0.024223 0.036431 -0.345045 -0.016975 -0.008583 -0.001717
1757664959.392188 -0.050164 0.007439 0.002098 -0.002861 0.016274 -0.002101 -0.032998 -0.003624 0.013924 -0.016975 -0.001883 0.004856 0.089074 -0.020409 0.001717 -0.000572 -0.054360 0.024223 0.036431 -0.345045 -0.016975 -0.008583 -0.001717
1757664959.394179 -0.050164 0.007439 0.002098 -0.002861 0.016274 -0.002101 -0.032998 -0.003624 0.013924 -0.016975 -0.001883 0.004856 0.089074 -0.020409 0.001717 -0.000572 -0.054360 0.024223 0.036431 -0.345045 -0.016975 -0.008583 -0.001717
1757664959.396193 -0.050164 0.007439 0.002098 -0.002861 0.016274 -0.002101 -0.032998 -0.003624 0.013924 -0.016975 -0.001883 0.004856 0.089074 -0.020409 0.001717 -0.000572 -0.054360 0.024223 0.036431 -0.345045 -0.016975 -0.008583 -0.001717
1757664959.398188 -0.050164 0.007439 0.002098 -0.002861 0.016274 -0.002101 -0.032998 -0.003624 0.013924 -0.016975 -0.001883 0.004856 0.089074 -0.020409 0.001717 -0.000572 -0.054360 0.024223 0.036431 -0.345045 -0.016975 -0.008583 -0.001717
1757664959.400178 -0.050164 0.007439 0.002098 -0.002861 0.016274 -0.002101 -0.032998 -0.003624 0.013924 -0.016975 -0.001883 0.004856 0.089074 -0.020409 0.001717 -0.000572 -0.054360 0.024223 0.036431 -0.345045 -0.016975 -0.008583 -0.001717
1757664959.402210 -0.050164 0.007439 0.002098 -0.002861 0.016274 -0.002101 -0.032998 -0.003624 0.013924 -0.016975 -0.001883 0.004856 0.089074 -0.020409 0.001717 -0.000572 -0.054360 0.024223 0.036431 -0.345045 -0.016975 -0.008583 -0.001717
1757664959.404234 -0.050164 0.007439 0.002098 -0.002861 0.016274 -0.002101 -0.032998 -0.003624 0.013924 -0.016975 -0.001883 0.004856 0.089074 -0.020409 0.001717 -0.000572 -0.054360 0.024223 0.036431 -0.345045 -0.016975 -0.008583 -0.001717
1757664959.406195 -0.050164 0.007439 0.002098 -0.002861 0.016274 -0.002101 -0.032998 -0.003624 0.013924 -0.016975 -0.001883 0.004856 0.089074 -0.020409 0.001717 -0.000572 -0.054360 0.024223 0.036431 -0.345045 -0.016975 -0.008583 -0.001717
1757664959.408256 -0.050164 0.007439 0.002098 -0.002861 0.016274 -0.002101 -0.032998 -0.003624 0.013924 -0.016975 -0.001883 0.004856 0.089074 -0.020409 0.001717 -0.000572 -0.054360 0.024223 0.036431 -0.345045 -0.016975 -0.008583 -0.001717
1757664959.410232 -0.050164 0.007439 0.002098 -0.002861 0.016274 -0.002101 -0.032998 -0.003624 0.013924 -0.016975 -0.001883 0.004856 0.089074 -0.020409 0.001717 -0.000572 -0.054360 0.024223 0.036431 -0.345045 -0.016975 -0.008583 -0.001717
1757664959.412221 -0.050164 0.007439 0.002098 -0.002861 0.016274 -0.002101 -0.032998 -0.003624 0.013924 -0.016975 -0.001883 0.004856 0.089074 -0.020409 0.001717 -0.000572 -0.054360 0.024223 0.036431 -0.345045 -0.016975 -0.008583 -0.001717
1757664959.414225 -0.050164 0.007439 0.002098 -0.002861 0.016274 -0.002101 -0.032998 -0.003624 0.013924 -0.016975 -0.001883 0.004856 0.089074 -0.020409 0.001717 -0.000572 -0.054360 0.024223 0.036431 -0.345045 -0.016975 -0.008583 -0.001717
1757664959.416228 -0.050164 0.007439 0.002098 -0.002861 0.016274 -0.002101 -0.032998 -0.003624 0.013924 -0.016975 -0.001883 0.004856 0.089074 -0.020409 0.001717 -0.000572 -0.054360 0.024223 0.036431 -0.345045 -0.016975 -0.008583 -0.001717
1757664959.418224 -0.050164 0.007439 0.002098 -0.002861 0.016274 -0.002101 -0.032998 -0.003624 0.013924 -0.016975 -0.001883 0.004856 0.089074 -0.020409 0.001717 -0.000572 -0.054360 0.024223 0.036431 -0.345045 -0.016975 -0.008583 -0.001717
1757664959.420224 -0.050164 0.007439 0.002098 -0.002861 0.016274 -0.002101 -0.032998 -0.003624 0.013924 -0.016975 -0.001883 0.004856 0.089074 -0.020409 0.001717 -0.000572 -0.054360 0.024223 0.036431 -0.345045 -0.016975 -0.008583 -0.001717
1757664959.422227 -0.050164 0.007439 0.002098 -0.002861 0.016274 -0.002101 -0.032998 -0.003624 0.013924 -0.016594 -0.001883 0.004856 0.089074 -0.020409 0.001717 -0.000572 -0.054360 0.024223 0.036431 -0.345045 -0.016975 -0.008583 -0.001717
1757664959.424228 -0.050164 0.007439 0.002098 -0.002861 0.016274 -0.002101 -0.032998 -0.003624 0.013924 -0.016594 -0.001883 0.004856 0.089074 -0.020409 0.001717 -0.000572 -0.054360 0.024223 0.036431 -0.345045 -0.016975 -0.008583 -0.001717
1757664959.426222 -0.050164 0.007439 0.002098 -0.002861 0.016274 -0.002101 -0.032998 -0.003624 0.013924 -0.016594 -0.001883 0.004856 0.089074 -0.020409 0.001717 -0.000572 -0.054360 0.024223 0.036431 -0.345045 -0.016975 -0.008583 -0.001717
1757664959.428224 -0.050164 0.007439 0.002098 -0.002861 0.016274 -0.002101 -0.032998 -0.003624 0.013924 -0.016594 -0.001883 0.004856 0.089074 -0.020409 0.001717 -0.000572 -0.054360 0.024223 0.036431 -0.345045 -0.016975 -0.008583 -0.001717
1757664959.430207 -0.050164 0.007439 0.002098 -0.002861 0.016274 -0.002101 -0.032998 -0.003624 0.013924 -0.016594 -0.001883 0.004856 0.089074 -0.020409 0.001717 -0.000572 -0.054360 0.024223 0.036431 -0.345045 -0.016975 -0.008583 -0.001717
1757664959.432199 -0.050164 0.007439 0.002098 -0.002861 0.016274 -0.002101 -0.032998 -0.003624 0.013924 -0.016594 -0.001883 0.004856 0.089074 -0.020409 0.001717 -0.000572 -0.054360 0.024223 0.036431 -0.345045 -0.016975 -0.008583 -0.001717
1757664959.434236 -0.050164 0.007439 0.002098 -0.002861 0.016274 -0.002101 -0.032998 -0.003624 0.013924 -0.016594 -0.001883 0.004856 0.089074 -0.020409 0.001717 -0.000572 -0.054360 0.024223 0.036431 -0.345045 -0.016975 -0.008583 -0.001717
1757664959.436226 -0.050164 0.007439 0.002098 -0.002861 0.016274 -0.002101 -0.032998 -0.003624 0.013924 -0.016594 -0.001883 0.004856 0.089074 -0.020409 0.001717 -0.000572 -0.054360 0.024223 0.036431 -0.345045 -0.016975 -0.008583 -0.001717
1757664959.438207 -0.050164 0.007439 0.002098 -0.002861 0.016274 -0.002101 -0.032998 -0.003624 0.013924 -0.016594 -0.001883 0.004856 0.089074 -0.020409 0.001717 -0.000572 -0.054360 0.024223 0.036431 -0.345045 -0.016975 -0.008583 -0.001717
1757664959.440191 -0.050164 0.007439 0.002098 -0.002861 0.016274 -0.002101 -0.032998 -0.003624 0.013924 -0.016594 -0.001883 0.004856 0.089074 -0.020409 0.001717 -0.000572 -0.054360 0.024223 0.036431 -0.345045 -0.016975 -0.008583 -0.001717
1757664959.442198 -0.050164 0.007439 0.002098 -0.002861 0.016274 -0.002101 -0.032998 -0.003624 0.013924 -0.016594 -0.001883 0.004856 0.089074 -0.020409 0.001717 -0.000572 -0.054360 0.024223 0.036431 -0.345045 -0.016975 -0.008583 -0.001717
1757664959.444199 -0.050164 0.007439 0.002098 -0.002861 0.016274 -0.002101 -0.032998 -0.003624 0.013924 -0.016594 -0.001883 0.004856 0.089074 -0.020409 0.001717 -0.000572 -0.054360 0.024223 0.036431 -0.345045 -0.016975 -0.008583 -0.001717
1757664959.446205 -0.050164 0.007439 0.002098 -0.002861 0.016274 -0.002101 -0.032998 -0.003624 0.013924 -0.016594 -0.001883 0.004856 0.089074 -0.020409 0.001717 -0.000572 -0.054360 0.024223 0.036431 -0.345045 -0.016975 -0.008583 -0.001717
1757664959.448208 -0.050164 0.007439 0.002098 -0.002861 0.016274 -0.002101 -0.032998 -0.003624 0.013924 -0.016594 -0.001883 0.004856 0.089074 -0.020409 0.001717 -0.000572 -0.054360 0.024223 0.036431 -0.345045 -0.016975 -0.008583 -0.001717
1757664959.450205 -0.050164 0.007439 0.002098 -0.002861 0.016274 -0.002101 -0.032998 -0.003624 0.013924 -0.016594 -0.001883 0.004856 0.089074 -0.020409 0.001717 -0.000572 -0.054360 0.024223 0.036431 -0.345045 -0.016975 -0.008583 -0.001717
1757664959.452206 -0.050164 0.007439 0.002098 -0.002861 0.016274 -0.002101 -0.032998 -0.003624 0.013924 -0.016594 -0.001883 0.004856 0.089074 -0.020409 0.001717 -0.000572 -0.054360 0.024223 0.036431 -0.345045 -0.016975 -0.008583 -0.001717
1757664959.454192 -0.050164 0.007439 0.002098 -0.002861 0.016274 -0.002101 -0.032998 -0.003624 0.013924 -0.016594 -0.001883 0.004856 0.089074 -0.020409 0.001717 -0.000572 -0.054360 0.024223 0.036431 -0.345045 -0.016975 -0.008583 -0.001717
1757664959.456202 -0.050164 0.007439 0.002098 -0.002861 0.016274 -0.002101 -0.032998 -0.003624 0.013924 -0.016594 -0.001883 0.004856 0.089074 -0.020409 0.001717 -0.000572 -0.054360 0.024223 0.036431 -0.345045 -0.016975 -0.008583 -0.001717
1757664959.458207 -0.050164 0.007439 0.002098 -0.002861 0.016274 -0.002101 -0.032998 -0.003624 0.013924 -0.016594 -0.001883 0.004856 0.089074 -0.020409 0.001717 -0.000572 -0.054360 0.024223 0.036431 -0.345045 -0.016975 -0.008583 -0.001717
1757664959.460204 -0.050164 0.007439 0.002098 -0.002861 0.016274 -0.002101 -0.032998 -0.003624 0.013924 -0.016594 -0.001883 0.004856 0.089074 -0.020409 0.001717 -0.000572 -0.054360 0.024223 0.036431 -0.345045 -0.016975 -0.008583 -0.001717
1757664959.462187 -0.050164 0.007439 0.002098 -0.002861 0.016274 -0.002101 -0.032998 -0.003624 0.013924 -0.016594 -0.001883 0.004856 0.089074 -0.020409 0.001717 -0.000572 -0.054360 0.024223 0.036431 -0.345045 -0.016975 -0.008583 -0.001717
1757664959.464209 -0.050164 0.007439 0.002098 -0.002861 0.016274 -0.002101 -0.032998 -0.003624 0.013924 -0.016594 -0.001883 0.004856 0.089074 -0.020409 0.001717 -0.000572 -0.054360 0.024223 0.036431 -0.345045 -0.016975 -0.008583 -0.001717
1757664959.466225 -0.050164 0.007439 0.002098 -0.002861 0.016274 -0.002101 -0.032998 -0.003624 0.013924 -0.016594 -0.001883 0.004856 0.089074 -0.020409 0.001717 -0.000572 -0.054360 0.024223 0.036431 -0.345045 -0.016975 -0.008583 -0.001717
1757664959.468200 -0.050164 0.007439 0.002098 -0.002861 0.016274 -0.002101 -0.032998 -0.003624 0.013924 -0.016594 -0.001883 0.004856 0.089074 -0.020409 0.001717 -0.000572 -0.054360 0.024223 0.036431 -0.345045 -0.016975 -0.008583 -0.001717
1757664959.470190 -0.050164 0.007439 0.002098 -0.002861 0.016274 -0.002101 -0.032998 -0.003624 0.013924 -0.016594 -0.001883 0.004856 0.089074 -0.020409 0.001717 -0.000572 -0.054360 0.024223 0.036431 -0.345045 -0.016975 -0.008583 -0.001717
1757664959.472212 -0.050164 0.007439 0.002098 -0.002861 0.016274 -0.002101 -0.032998 -0.003624 0.013924 -0.016594 -0.001883 0.004856 0.089074 -0.020409 0.001717 -0.000572 -0.054360 0.024223 0.036431 -0.345045 -0.016975 -0.008583 -0.001717
1757664959.474185 -0.050164 0.007439 0.002098 -0.002861 0.016274 -0.002101 -0.032998 -0.003624 0.013924 -0.016594 -0.001883 0.004856 0.089074 -0.020409 0.001717 -0.000572 -0.054360 0.024223 0.036431 -0.345045 -0.016975 -0.008583 -0.001717
1757664959.476182 -0.050164 0.007439 0.002098 -0.002861 0.016274 -0.002101 -0.032998 -0.003624 0.013924 -0.016594 -0.001883 0.004856 0.089074 -0.020409 0.001717 -0.000572 -0.054360 0.024223 0.036431 -0.345045 -0.016975 -0.008583 -0.001717
1757664959.478231 -0.050164 0.007439 0.002098 -0.002861 0.016274 -0.002101 -0.032998 -0.003624 0.013924 -0.016594 -0.001883 0.004856 0.089074 -0.020409 0.001717 -0.000572 -0.054360 0.024223 0.036431 -0.345045 -0.016975 -0.008583 -0.001717
1757664959.480184 -0.050164 0.007439 0.002098 -0.002861 0.016274 -0.002101 -0.032998 -0.003624 0.013924 -0.016594 -0.001883 0.004856 0.089074 -0.020409 0.001717 -0.000572 -0.054360 0.024223 0.036431 -0.345045 -0.016975 -0.008583 -0.001717
1757664959.482187 -0.050164 0.007439 0.002098 -0.002861 0.016274 -0.002101 -0.032998 -0.003624 0.013924 -0.016594 -0.001883 0.004856 0.089074 -0.020409 0.001717 -0.000572 -0.054360 0.024223 0.036431 -0.345045 -0.016975 -0.008583 -0.001717
1757664959.484182 -0.050164 0.007439 0.002098 -0.002861 0.016274 -0.002101 -0.032998 -0.003624 0.013924 -0.016594 -0.001883 0.004856 0.089074 -0.020409 0.001717 -0.000572 -0.054360 0.024223 0.036431 -0.345045 -0.016975 -0.008583 -0.001717
1757664959.486191 -0.050164 0.007439 0.002098 -0.002861 0.016274 -0.002101 -0.032998 -0.003624 0.013924 -0.016594 -0.001883 0.004856 0.089074 -0.020409 0.001717 -0.000572 -0.054360 0.024223 0.036431 -0.345045 -0.016975 -0.008583 -0.001717
1757664959.488185 -0.050164 0.007439 0.002098 -0.002861 0.016274 -0.002101 -0.032998 -0.003624 0.013924 -0.016594 -0.001883 0.004856 0.089074 -0.020409 0.001717 -0.000572 -0.054360 0.024223 0.036431 -0.345045 -0.016975 -0.008583 -0.001717
1757664959.490180 -0.050164 0.007439 0.002098 -0.002861 0.016274 -0.002101 -0.032998 -0.003624 0.013924 -0.016594 -0.001883 0.004856 0.089074 -0.020409 0.001717 -0.000572 -0.054360 0.024223 0.036431 -0.345045 -0.016975 -0.008583 -0.001717
1757664959.492195 -0.050164 0.007439 0.002098 -0.002861 0.016274 -0.002101 -0.032998 -0.003624 0.013924 -0.016594 -0.001883 0.004856 0.089074 -0.020409 0.001717 -0.000572 -0.054360 0.024223 0.036431 -0.345045 -0.016975 -0.008583 -0.001717
1757664959.494183 -0.050164 0.007439 0.002098 -0.002861 0.016274 -0.002101 -0.032998 -0.003624 0.013924 -0.016594 -0.001883 0.004856 0.089074 -0.020409 0.001717 -0.000572 -0.054360 0.024223 0.036431 -0.345045 -0.016975 -0.008583 -0.001717
1757664959.496176 -0.050164 0.007439 0.002098 -0.002861 0.016274 -0.002101 -0.032998 -0.003624 0.013924 -0.016594 -0.001883 0.004856 0.089074 -0.020409 0.001717 -0.000572 -0.054360 0.024223 0.036431 -0.345045 -0.016975 -0.008583 -0.001717
1757664959.498261 -0.050164 0.007439 0.002098 -0.002861 0.016274 -0.002101 -0.032998 -0.003624 0.013924 -0.016594 -0.001883 0.004856 0.089074 -0.020409 0.001717 -0.000572 -0.054360 0.024223 0.036431 -0.345045 -0.016975 -0.008583 -0.001717
1757664959.500226 -0.050164 0.007439 0.002098 -0.002861 0.016274 -0.002101 -0.032998 -0.003624 0.013924 -0.016594 -0.001883 0.004856 0.089074 -0.020409 0.001717 -0.000572 -0.054360 0.024223 0.036431 -0.345045 -0.016975 -0.008583 -0.001717
1757664959.502226 -0.050164 0.007439 0.002098 -0.002861 0.016274 -0.002101 -0.032998 -0.003624 0.013924 -0.016594 -0.001883 0.004856 0.089074 -0.020409 0.001717 -0.000572 -0.054360 0.024223 0.036431 -0.345045 -0.016975 -0.008583 -0.001717
1757664959.504222 -0.050164 0.007439 0.002098 -0.002861 0.016274 -0.002101 -0.032998 -0.003624 0.013924 -0.016594 -0.001883 0.004856 0.089074 -0.020409 0.001717 -0.000572 -0.054360 0.024223 0.036431 -0.345045 -0.016975 -0.008583 -0.001717
1757664959.506277 -0.050164 0.007439 0.002098 -0.002861 0.016274 -0.002101 -0.032998 -0.003624 0.013924 -0.016594 -0.001883 0.004856 0.089074 -0.020409 0.001717 -0.000572 -0.054360 0.024223 0.036431 -0.345045 -0.016975 -0.008583 -0.001717
1757664959.508250 -0.050164 0.007439 0.002098 -0.002861 0.016274 -0.002101 -0.032998 -0.003624 0.013924 -0.016594 -0.001883 0.004856 0.089074 -0.020409 0.001717 -0.000572 -0.054360 0.024223 0.036431 -0.345045 -0.016975 -0.008583 -0.001717
1757664959.510224 -0.050164 0.007439 0.002098 -0.002861 0.016274 -0.002101 -0.032998 -0.003624 0.013924 -0.016594 -0.001883 0.004856 0.089074 -0.020409 0.001717 -0.000572 -0.054360 0.024223 0.036431 -0.345045 -0.016975 -0.008583 -0.001717
1757664959.512247 -0.050164 0.007439 0.002098 -0.002861 0.016274 -0.002101 -0.032998 -0.003624 0.013924 -0.016594 -0.001883 0.004856 0.089074 -0.020409 0.001717 -0.000572 -0.054360 0.024223 0.036431 -0.345045 -0.016975 -0.008583 -0.001717
1757664959.514224 -0.050164 0.007439 0.002098 -0.002861 0.016274 -0.002101 -0.032998 -0.003624 0.013924 -0.016594 -0.001883 0.004856 0.089074 -0.020409 0.001717 -0.000572 -0.054360 0.024223 0.036431 -0.345045 -0.016975 -0.008583 -0.001717
1757664959.516227 -0.050164 0.007439 0.002098 -0.002861 0.016274 -0.002101 -0.032998 -0.003624 0.013924 -0.016594 -0.001883 0.004856 0.089074 -0.020409 0.001717 -0.000572 -0.054360 0.024223 0.036431 -0.345045 -0.016975 -0.008583 -0.001717
1757664959.518226 -0.050164 0.007439 0.002098 -0.002861 0.016274 -0.002101 -0.032998 -0.003624 0.013924 -0.016594 -0.001883 0.004856 0.089074 -0.020409 0.001717 -0.000572 -0.054360 0.024223 0.036431 -0.345045 -0.016975 -0.008583 -0.001717
1757664959.520226 -0.050164 0.007439 0.002098 -0.002861 0.016274 -0.002101 -0.032998 -0.003624 0.013924 -0.016594 -0.001883 0.004856 0.089074 -0.020409 0.001717 -0.000572 -0.054360 0.024223 0.036431 -0.345045 -0.016975 -0.008583 -0.001717
1757664959.522232 -0.050164 0.007439 0.002098 -0.002861 0.016274 -0.002101 -0.032998 -0.003624 0.013924 -0.016594 -0.001883 0.004856 0.089074 -0.020409 0.001717 -0.000572 -0.054360 0.024223 0.036431 -0.345045 -0.016975 -0.008583 -0.001717
1757664959.524245 -0.050164 0.007439 0.002098 -0.002861 0.016274 -0.002101 -0.032998 -0.003624 0.013924 -0.016594 -0.001883 0.004856 0.089074 -0.020409 0.001717 -0.000572 -0.054360 0.024223 0.036431 -0.345045 -0.016975 -0.008583 -0.001717
1757664959.526269 -0.050164 0.007439 0.002098 -0.002861 0.016274 -0.002101 -0.032998 -0.003624 0.013924 -0.016594 -0.001883 0.004856 0.089074 -0.020409 0.001717 -0.000572 -0.054360 0.024223 0.036431 -0.345045 -0.016975 -0.008583 -0.001717
1757664959.528242 -0.050164 0.007439 0.002098 -0.002861 0.016274 -0.002101 -0.032998 -0.003624 0.013924 -0.016594 -0.001883 0.004856 0.089074 -0.020409 0.001717 -0.000572 -0.054360 0.024223 0.036431 -0.345045 -0.016975 -0.008583 -0.001717
1757664959.530242 -0.050164 0.007439 0.002098 -0.002861 0.016274 -0.002101 -0.032998 -0.003624 0.013924 -0.016594 -0.001883 0.004856 0.089074 -0.020409 0.001717 -0.000572 -0.054360 0.024223 0.036431 -0.345045 -0.016975 -0.008583 -0.001717
1757664959.532199 -0.050164 0.007439 0.002098 -0.002861 0.016274 -0.002101 -0.032998 -0.003624 0.013924 -0.016594 -0.001883 0.004856 0.089074 -0.020409 0.001717 -0.000572 -0.054360 0.024223 0.036431 -0.345045 -0.016975 -0.008583 -0.001717
1757664959.534194 -0.050164 0.007439 0.002098 -0.002861 0.016274 -0.002101 -0.032998 -0.003624 0.013924 -0.016594 -0.001883 0.004856 0.089074 -0.020409 0.001717 -0.000572 -0.054360 0.024223 0.036431 -0.345045 -0.016975 -0.008583 -0.001717
1757664959.536165 -0.050164 0.007439 0.002098 -0.002861 0.016274 -0.002101 -0.032998 -0.003624 0.013924 -0.016594 -0.001883 0.004856 0.089074 -0.020409 0.001717 -0.000572 -0.054360 0.024223 0.036431 -0.345045 -0.016975 -0.008583 -0.001717
1757664959.538153 -0.050164 0.007439 0.002098 -0.002861 0.016274 -0.002101 -0.032998 -0.003624 0.013924 -0.016594 -0.001883 0.004856 0.089074 -0.020409 0.001717 -0.000572 -0.054360 0.024223 0.036431 -0.345045 -0.016975 -0.008583 -0.001717
1757664959.540154 -0.050164 0.007439 0.002098 -0.002861 0.016274 -0.002101 -0.032998 -0.003624 0.013924 -0.016594 -0.001883 0.004856 0.089074 -0.020409 0.001717 -0.000572 -0.054360 0.024223 0.036431 -0.345045 -0.016975 -0.008583 -0.001717
1757664959.542149 -0.050164 0.007439 0.002098 -0.002861 0.016274 -0.002101 -0.032998 -0.003624 0.013924 -0.016594 -0.001883 0.004856 0.089074 -0.020409 0.001717 -0.000572 -0.054360 0.024223 0.036431 -0.345045 -0.016975 -0.008583 -0.001717
1757664959.544143 -0.050164 0.007439 0.002098 -0.002861 0.016274 -0.002101 -0.032998 -0.003624 0.013924 -0.016594 -0.001883 0.004856 0.089074 -0.020409 0.001717 -0.000572 -0.054360 0.024223 0.036431 -0.345045 -0.016975 -0.008583 -0.001717
1757664959.546145 -0.050164 0.007439 0.002098 -0.002861 0.016274 -0.002101 -0.032998 -0.003624 0.013924 -0.016594 -0.001883 0.004856 0.089074 -0.020409 0.001717 -0.000572 -0.054360 0.024223 0.036431 -0.345045 -0.016975 -0.008583 -0.001717
1757664959.548150 -0.050164 0.007439 0.002098 -0.002861 0.016274 -0.002101 -0.032998 -0.003624 0.013924 -0.016594 -0.001883 0.004856 0.089074 -0.020409 0.001717 -0.000572 -0.054360 0.024223 0.036431 -0.345045 -0.016975 -0.008583 -0.001717
1757664959.550144 -0.050164 0.007439 0.002098 -0.002861 0.016274 -0.002101 -0.032998 -0.003624 0.013924 -0.016594 -0.001883 0.004856 0.089074 -0.020409 0.001717 -0.000572 -0.054360 0.024223 0.036431 -0.345045 -0.016975 -0.008583 -0.001717
1757664959.552151 -0.050164 0.007439 0.002098 -0.002861 0.016274 -0.002101 -0.032998 -0.003624 0.013924 -0.016594 -0.001883 0.004856 0.089074 -0.020409 0.001717 -0.000572 -0.054360 0.024223 0.036431 -0.345045 -0.016975 -0.008583 -0.001717
1757664959.554168 -0.050164 0.007439 0.002098 -0.002861 0.016274 -0.002101 -0.032998 -0.003624 0.013924 -0.016594 -0.001883 0.004856 0.089074 -0.020409 0.001717 -0.000572 -0.054360 0.024223 0.036431 -0.345045 -0.016975 -0.008583 -0.001717
1757664959.556148 -0.050164 0.007439 0.002098 -0.002861 0.016274 -0.002101 -0.032998 -0.003624 0.013924 -0.016594 -0.001883 0.004856 0.089074 -0.020409 0.001717 -0.000572 -0.054360 0.024223 0.036431 -0.345045 -0.016975 -0.008583 -0.001717
1757664959.558149 -0.050164 0.007439 0.002098 -0.002861 0.016274 -0.002101 -0.032998 -0.003624 0.013924 -0.016594 -0.001883 0.004856 0.089074 -0.020409 0.001717 -0.000572 -0.054360 0.024223 0.036431 -0.345045 -0.016975 -0.008583 -0.001717
1757664959.560167 -0.050164 0.007439 0.002098 -0.002861 0.016274 -0.002101 -0.032998 -0.003624 0.013924 -0.016594 -0.001883 0.004856 0.089074 -0.020409 0.001717 -0.000572 -0.054360 0.024223 0.036431 -0.345045 -0.016975 -0.008583 -0.001717
1757664959.562163 -0.050164 0.007439 0.002098 -0.002861 0.016274 -0.002101 -0.032998 -0.003624 0.013924 -0.016594 -0.001883 0.004856 0.089074 -0.020409 0.001717 -0.000572 -0.054360 0.024223 0.036431 -0.345045 -0.016975 -0.008583 -0.001717
1757664959.564152 -0.050164 0.007439 0.002098 -0.002861 0.016274 -0.002101 -0.032998 -0.003624 0.013924 -0.016594 -0.001883 0.004856 0.089074 -0.020409 0.001717 -0.000572 -0.054360 0.024223 0.036431 -0.345045 -0.016975 -0.008583 -0.001717
1757664959.566173 -0.050164 0.007439 0.002098 -0.002861 0.016274 -0.002101 -0.032998 -0.003624 0.013924 -0.016594 -0.001883 0.004856 0.089074 -0.020409 0.001717 -0.000572 -0.054360 0.024223 0.036431 -0.345045 -0.016975 -0.008583 -0.001717
1757664959.568186 -0.050164 0.007439 0.002098 -0.002861 0.016274 -0.002101 -0.032998 -0.003624 0.013924 -0.016594 -0.001883 0.004856 0.089074 -0.020409 0.001717 -0.000572 -0.054360 0.024223 0.036431 -0.345045 -0.016975 -0.008583 -0.001717
1757664959.570167 -0.050164 0.007439 0.002098 -0.002861 0.016274 -0.002101 -0.032998 -0.003624 0.013924 -0.016594 -0.001883 0.004856 0.089074 -0.020409 0.001717 -0.000572 -0.054360 0.024223 0.036431 -0.345045 -0.016975 -0.008583 -0.001717
1757664959.572169 -0.050164 0.007439 0.002098 -0.002861 0.016274 -0.002101 -0.032998 -0.003624 0.013924 -0.016594 -0.001883 0.004856 0.089074 -0.020409 0.001717 -0.000572 -0.054360 0.024223 0.036431 -0.345045 -0.016975 -0.008583 -0.001717
1757664959.574174 -0.050164 0.007439 0.002098 -0.002861 0.016274 -0.002101 -0.032998 -0.003624 0.013924 -0.016594 -0.001883 0.004856 0.089074 -0.020409 0.001717 -0.000572 -0.054360 0.024223 0.036431 -0.345045 -0.016975 -0.008583 -0.001717
1757664959.576188 -0.050164 0.007439 0.002098 -0.002861 0.016274 -0.002101 -0.032998 -0.003624 0.013924 -0.016594 -0.001883 0.004856 0.089074 -0.020409 0.001717 -0.000572 -0.054360 0.024223 0.036431 -0.345045 -0.016975 -0.008583 -0.001717
1757664959.578173 -0.050164 0.007439 0.002098 -0.002861 0.016274 -0.002101 -0.032998 -0.003624 0.013924 -0.016594 -0.001883 0.004856 0.089074 -0.020409 0.001717 -0.000572 -0.054360 0.024223 0.036431 -0.345045 -0.016975 -0.008583 -0.001717
1757664959.580174 -0.050164 0.007439 0.002098 -0.002861 0.016274 -0.002101 -0.032998 -0.003624 0.013924 -0.016594 -0.001883 0.004856 0.089074 -0.020409 0.001717 -0.000572 -0.054360 0.024223 0.036431 -0.345045 -0.016975 -0.008583 -0.001717
1757664959.582192 -0.050164 0.007439 0.002098 -0.002861 0.016274 -0.002101 -0.032998 -0.003624 0.013924 -0.016594 -0.001883 0.004856 0.089074 -0.020409 0.001717 -0.000572 -0.054360 0.024223 0.036431 -0.345045 -0.016975 -0.008583 -0.001717
1757664959.584175 -0.050164 0.007439 0.002098 -0.002861 0.016274 -0.002101 -0.032998 -0.003624 0.013924 -0.016594 -0.001883 0.004856 0.089074 -0.020409 0.001717 -0.000572 -0.054360 0.024223 0.036431 -0.345045 -0.016975 -0.008583 -0.001717
1757664959.586172 -0.050164 0.007439 0.002098 -0.002861 0.016274 -0.002101 -0.032998 -0.003624 0.013924 -0.016594 -0.001883 0.004856 0.089074 -0.020409 0.001717 -0.000572 -0.054360 0.024223 0.036431 -0.345045 -0.016975 -0.008583 -0.001717
1757664959.588172 -0.050164 0.007439 0.002098 -0.002861 0.016274 -0.002101 -0.032998 -0.003624 0.013924 -0.016594 -0.001883 0.004856 0.089074 -0.020409 0.001717 -0.000572 -0.054360 0.024223 0.036431 -0.345045 -0.016975 -0.008583 -0.001717
1757664959.590203 -0.050164 0.007439 0.002098 -0.002861 0.016274 -0.002101 -0.032998 -0.003624 0.013924 -0.016594 -0.001883 0.004856 0.089074 -0.020409 0.001717 -0.000572 -0.054360 0.024223 0.036431 -0.345045 -0.016975 -0.008583 -0.001717
1757664959.592188 -0.050164 0.007439 0.002098 -0.002861 0.016274 -0.002101 -0.032998 -0.003624 0.013924 -0.016594 -0.001883 0.004856 0.089074 -0.020409 0.001717 -0.000572 -0.054360 0.024223 0.036431 -0.345045 -0.016975 -0.008583 -0.001717
1757664959.594174 -0.050164 0.007439 0.002098 -0.002861 0.016274 -0.002101 -0.032998 -0.003624 0.013924 -0.016594 -0.001883 0.004856 0.089074 -0.020409 0.001717 -0.000572 -0.054360 0.024223 0.036431 -0.345045 -0.016975 -0.008583 -0.001717
1757664959.596187 -0.050164 0.007439 0.002098 -0.002861 0.016274 -0.002101 -0.032998 -0.003624 0.013924 -0.016594 -0.001883 0.004856 0.089074 -0.020409 0.001717 -0.000572 -0.054360 0.024223 0.036431 -0.345045 -0.016975 -0.008583 -0.001717
1757664959.598186 -0.050164 0.007439 0.002098 -0.002861 0.016274 -0.002101 -0.032998 -0.003624 0.013924 -0.016594 -0.001883 0.004856 0.089074 -0.020409 0.001717 -0.000572 -0.054360 0.024223 0.036431 -0.345045 -0.016975 -0.008583 -0.001717
1757664959.600188 -0.050164 0.007439 0.002098 -0.002861 0.016274 -0.002101 -0.032998 -0.003624 0.013924 -0.016594 -0.001883 0.004856 0.089074 -0.020409 0.001717 -0.000572 -0.054360 0.024223 0.036431 -0.345045 -0.016975 -0.008583 -0.001717
1757664959.602173 -0.050164 0.007439 0.002098 -0.002861 0.016274 -0.002101 -0.032998 -0.003624 0.013924 -0.016212 -0.001883 0.004856 0.089074 -0.020409 0.001717 -0.000572 -0.054360 0.024223 0.036431 -0.345045 -0.016975 -0.008583 -0.001717
1757664959.604188 -0.050164 0.007439 0.002098 -0.002861 0.016274 -0.002101 -0.032998 -0.003624 0.013924 -0.016212 -0.001883 0.004856 0.089074 -0.020409 0.001717 -0.000572 -0.054360 0.024223 0.036431 -0.345045 -0.016975 -0.008583 -0.001717
1757664959.606185 -0.050164 0.007439 0.002098 -0.002861 0.016274 -0.002101 -0.032998 -0.003624 0.013924 -0.016212 -0.001883 0.004856 0.089074 -0.020409 0.001717 -0.000572 -0.054360 0.024223 0.036431 -0.345045 -0.016975 -0.008583 -0.001717
1757664959.608185 -0.050164 0.007439 0.002098 -0.002861 0.016274 -0.002101 -0.032998 -0.003624 0.013924 -0.016212 -0.001883 0.004856 0.089074 -0.020409 0.001717 -0.000572 -0.054360 0.024223 0.036431 -0.345045 -0.016975 -0.008583 -0.001717
1757664959.610188 -0.050164 0.007439 0.002098 -0.002861 0.016274 -0.002101 -0.032998 -0.003624 0.013924 -0.016212 -0.001883 0.004856 0.089074 -0.020409 0.001717 -0.000572 -0.054360 0.024223 0.036431 -0.345045 -0.016975 -0.008583 -0.001717
1757664959.612186 -0.050164 0.007439 0.002098 -0.002861 0.016274 -0.002101 -0.032998 -0.003624 0.013924 -0.016212 -0.001883 0.004856 0.089074 -0.020409 0.001717 -0.000572 -0.054360 0.024223 0.036431 -0.345045 -0.016975 -0.008583 -0.001717
1757664959.614200 -0.050164 0.007439 0.002098 -0.002861 0.016274 -0.002101 -0.032998 -0.003624 0.013924 -0.016212 -0.001883 0.004856 0.089074 -0.020409 0.001717 -0.000572 -0.054360 0.024223 0.036431 -0.345045 -0.016975 -0.008583 -0.001717
1757664959.616180 -0.050164 0.007439 0.002098 -0.002861 0.016274 -0.002101 -0.032998 -0.003624 0.013924 -0.016212 -0.001883 0.004856 0.089074 -0.020409 0.001717 -0.000572 -0.054360 0.024223 0.036431 -0.345045 -0.016975 -0.008583 -0.001717
1757664959.618190 -0.050164 0.007439 0.002098 -0.002861 0.016274 -0.002101 -0.032998 -0.003624 0.013924 -0.016212 -0.001883 0.004856 0.089074 -0.020409 0.001717 -0.000572 -0.054360 0.024223 0.036431 -0.345045 -0.016975 -0.008583 -0.001717
1757664959.620185 -0.050164 0.007439 0.002098 -0.002861 0.016274 -0.002101 -0.032998 -0.003624 0.013924 -0.016212 -0.001883 0.004856 0.089074 -0.020409 0.001717 -0.000572 -0.054360 0.024223 0.036431 -0.345045 -0.016975 -0.008583 -0.001717
1757664959.622271 -0.050164 0.007439 0.002098 -0.002861 0.016274 -0.002101 -0.032998 -0.003624 0.013924 -0.016212 -0.001883 0.004856 0.089074 -0.020409 0.001717 -0.000572 -0.054360 0.024223 0.036431 -0.345045 -0.016975 -0.008583 -0.001717
1757664959.624219 -0.050164 0.007439 0.002098 -0.002861 0.016274 -0.002101 -0.032998 -0.003624 0.013924 -0.016212 -0.001883 0.004856 0.089074 -0.020409 0.001717 -0.000572 -0.054360 0.024223 0.036431 -0.345045 -0.016975 -0.008583 -0.001717
1757664959.626185 -0.050164 0.007439 0.002098 -0.002861 0.016274 -0.002101 -0.032998 -0.003624 0.013924 -0.016212 -0.001883 0.004856 0.089074 -0.020409 0.001717 -0.000572 -0.054360 0.024223 0.036431 -0.345045 -0.016975 -0.008583 -0.001717
1757664959.628188 -0.050164 0.007439 0.002098 -0.002861 0.016274 -0.002101 -0.032998 -0.003624 0.013924 -0.016212 -0.001883 0.004856 0.089074 -0.020409 0.001717 -0.000572 -0.054360 0.024223 0.036431 -0.345045 -0.016975 -0.008583 -0.001717
1757664959.630184 -0.050164 0.007439 0.002098 -0.002861 0.016274 -0.002101 -0.032998 -0.003624 0.013924 -0.016212 -0.001883 0.004856 0.089074 -0.020409 0.001717 -0.000572 -0.054360 0.024223 0.036431 -0.345045 -0.016975 -0.008583 -0.001717
1757664959.632186 -0.050164 0.007439 0.002098 -0.002861 0.016274 -0.002101 -0.032998 -0.003624 0.013924 -0.016212 -0.001883 0.004856 0.089074 -0.020409 0.001717 -0.000572 -0.054360 0.024223 0.036431 -0.345045 -0.016975 -0.008583 -0.001717
1757664959.634182 -0.050164 0.007439 0.002098 -0.002861 0.016409 -0.001845 -0.032998 -0.003624 0.013924 -0.016212 -0.001883 0.004856 0.089074 -0.020409 0.001717 -0.000572 -0.054360 0.024223 0.036431 -0.345045 -0.016975 -0.008583 -0.001717
1757664959.636184 -0.050164 0.007439 0.002098 -0.002861 0.016274 -0.002101 -0.032998 -0.003624 0.013924 -0.016212 -0.001883 0.004856 0.089074 -0.020409 0.001717 -0.000572 -0.054360 0.024223 0.036431 -0.345045 -0.016975 -0.008583 -0.001717
1757664959.638188 -0.050164 0.007439 0.002098 -0.002861 0.016274 -0.002101 -0.032998 -0.003624 0.013924 -0.016212 -0.001883 0.004856 0.089074 -0.020409 0.001717 -0.000572 -0.054360 0.024223 0.036431 -0.345045 -0.016975 -0.008583 -0.001717
1757664959.640182 -0.050164 0.007439 0.002098 -0.002861 0.016274 -0.002101 -0.032998 -0.003624 0.013924 -0.016212 -0.001883 0.004856 0.089074 -0.020409 0.001717 -0.000572 -0.054360 0.024223 0.036431 -0.345045 -0.016975 -0.008583 -0.001717
1757664959.642183 -0.050164 0.007439 0.002098 -0.002861 0.016274 -0.002101 -0.032998 -0.003624 0.013924 -0.016212 -0.001883 0.004856 0.089074 -0.020409 0.001717 -0.000572 -0.054360 0.024223 0.036431 -0.345045 -0.016975 -0.008583 -0.001717
1757664959.644230 -0.050164 0.007439 0.002098 -0.002861 0.016274 -0.002101 -0.032998 -0.003624 0.013924 -0.016212 -0.001883 0.004856 0.089074 -0.020409 0.001717 -0.000572 -0.054360 0.024223 0.036431 -0.345045 -0.016975 -0.008583 -0.001717
1757664959.646241 -0.050164 0.007439 0.002098 -0.002861 0.016274 -0.002101 -0.032998 -0.003624 0.013924 -0.016212 -0.001883 0.004856 0.089074 -0.020409 0.001717 -0.000572 -0.054360 0.024223 0.036431 -0.345045 -0.016975 -0.008583 -0.001717
1757664959.648239 -0.050164 0.007439 0.002098 -0.002861 0.016274 -0.002101 -0.032998 -0.003624 0.013924 -0.016212 -0.001883 0.004856 0.089074 -0.020409 0.001717 -0.000572 -0.054360 0.024223 0.036431 -0.345045 -0.016975 -0.008583 -0.001717
1757664959.650249 -0.050164 0.007439 0.002098 -0.002861 0.016409 -0.001845 -0.032998 -0.003624 0.013924 -0.016212 -0.001883 0.004856 0.089074 -0.020409 0.001717 -0.000572 -0.054360 0.024223 0.036431 -0.345045 -0.016975 -0.008583 -0.001717
1757664959.652237 -0.050164 0.007439 0.002098 -0.002861 0.016274 -0.002101 -0.032998 -0.003624 0.013924 -0.016212 -0.001883 0.004856 0.089074 -0.020409 0.001717 -0.000572 -0.054360 0.024223 0.036431 -0.345045 -0.016975 -0.008583 -0.001717
1757664959.654263 -0.050164 0.007439 0.002098 -0.002861 0.016274 -0.002101 -0.032998 -0.003624 0.013924 -0.016212 -0.001883 0.004856 0.089074 -0.020409 0.001717 -0.000572 -0.054360 0.024223 0.036431 -0.345045 -0.016975 -0.008583 -0.001717
1757664959.656238 -0.050164 0.007439 0.002098 -0.002861 0.016409 -0.001845 -0.032998 -0.003624 0.013924 -0.016212 -0.001883 0.004856 0.089074 -0.020409 0.001717 -0.000572 -0.054360 0.024223 0.036431 -0.345045 -0.016975 -0.008583 -0.001717
1757664959.658231 -0.050164 0.007439 0.002098 -0.002861 0.016274 -0.002101 -0.032998 -0.003624 0.013924 -0.016212 -0.001883 0.004856 0.089074 -0.020409 0.001717 -0.000572 -0.054360 0.024223 0.036431 -0.345045 -0.016975 -0.008583 -0.001717
1757664959.660229 -0.050164 0.007439 0.002098 -0.002861 0.016409 -0.001845 -0.032998 -0.003624 0.013924 -0.016212 -0.001883 0.004856 0.089074 -0.020409 0.001717 -0.000572 -0.054360 0.024223 0.036431 -0.345045 -0.016975 -0.008583 -0.001717
1757664959.662230 -0.050164 0.007439 0.002098 -0.002861 0.016274 -0.002101 -0.032998 -0.003624 0.013924 -0.016212 -0.001883 0.004856 0.089074 -0.020409 0.001717 -0.000572 -0.054360 0.024223 0.036431 -0.345045 -0.016975 -0.008583 -0.001717
1757664959.664232 -0.050164 0.007439 0.002098 -0.002861 0.016274 -0.002101 -0.032998 -0.003624 0.013924 -0.016212 -0.001883 0.004856 0.089074 -0.020409 0.001717 -0.000572 -0.054360 0.024223 0.036431 -0.345045 -0.016975 -0.008583 -0.001717
1757664959.666195 -0.050164 0.007439 0.002098 -0.002861 0.016409 -0.001845 -0.032998 -0.003624 0.013924 -0.016212 -0.001883 0.004856 0.089074 -0.020409 0.001717 -0.000572 -0.054360 0.024223 0.036431 -0.345045 -0.016975 -0.008583 -0.001717
1757664959.668187 -0.050164 0.007439 0.002098 -0.002861 0.016274 -0.002101 -0.032998 -0.003624 0.013924 -0.016212 -0.001883 0.004856 0.089074 -0.020409 0.001717 -0.000572 -0.054360 0.024223 0.036431 -0.345045 -0.016975 -0.008583 -0.001717
1757664959.670222 -0.050164 0.007439 0.002098 -0.002861 0.016274 -0.002101 -0.032998 -0.003624 0.013924 -0.016212 -0.001883 0.004856 0.089074 -0.020409 0.001717 -0.000572 -0.054360 0.024223 0.036431 -0.345045 -0.016975 -0.008583 -0.001717
1757664959.672207 -0.050164 0.007439 0.002098 -0.002861 0.016274 -0.002101 -0.032998 -0.003624 0.013924 -0.016212 -0.001883 0.004856 0.089074 -0.020409 0.001717 -0.000572 -0.054360 0.024223 0.036431 -0.345045 -0.016975 -0.008583 -0.001717
1757664959.674234 -0.050164 0.007439 0.002098 -0.002861 0.016274 -0.002101 -0.032998 -0.003624 0.013924 -0.016212 -0.001883 0.004856 0.089074 -0.020409 0.001717 -0.000572 -0.054360 0.024223 0.036431 -0.345045 -0.016975 -0.008583 -0.001717
1757664959.676237 -0.050164 0.007439 0.002098 -0.002861 0.016409 -0.001845 -0.032998 -0.003624 0.013924 -0.016212 -0.001883 0.004856 0.089074 -0.020409 0.001717 -0.000572 -0.054360 0.024223 0.036431 -0.345045 -0.016975 -0.008583 -0.001717
1757664959.678239 -0.050164 0.007439 0.002098 -0.002861 0.016274 -0.002101 -0.032998 -0.003624 0.013924 -0.016212 -0.001883 0.004856 0.089074 -0.020409 0.001717 -0.000572 -0.054360 0.024223 0.036431 -0.345045 -0.016975 -0.008583 -0.001717
1757664959.680234 -0.050164 0.007439 0.002098 -0.002861 0.016274 -0.002101 -0.032998 -0.003624 0.013924 -0.016212 -0.001883 0.004856 0.089074 -0.020409 0.001717 -0.000572 -0.054360 0.024223 0.036431 -0.345045 -0.016975 -0.008583 -0.001717
1757664959.682236 -0.050164 0.007439 0.002098 -0.002861 0.016274 -0.002101 -0.032998 -0.003624 0.013924 -0.016212 -0.001883 0.004856 0.089074 -0.020409 0.001717 -0.000572 -0.054360 0.024223 0.036431 -0.345045 -0.016975 -0.008583 -0.001717
1757664959.684220 -0.050164 0.007439 0.002098 -0.002861 0.016409 -0.001845 -0.032998 -0.003624 0.013924 -0.016212 -0.001883 0.004856 0.089074 -0.020409 0.001717 -0.000572 -0.054360 0.024223 0.036431 -0.345045 -0.016975 -0.008583 -0.001717
1757664959.686183 -0.050164 0.007439 0.002098 -0.002861 0.016274 -0.002101 -0.032998 -0.003624 0.013924 -0.016212 -0.001883 0.004856 0.089074 -0.020409 0.001717 -0.000572 -0.054360 0.024223 0.036431 -0.345045 -0.016975 -0.008583 -0.001717
1757664959.688230 -0.050164 0.007439 0.002098 -0.002861 0.016274 -0.002101 -0.032998 -0.003624 0.013924 -0.016212 -0.001883 0.004856 0.089074 -0.020409 0.001717 -0.000572 -0.054360 0.024223 0.036431 -0.345045 -0.016975 -0.008583 -0.001717
1757664959.690204 -0.050164 0.007439 0.002098 -0.002861 0.016274 -0.002101 -0.032998 -0.003624 0.013924 -0.016212 -0.001883 0.004856 0.089074 -0.020409 0.001717 -0.000572 -0.054360 0.024223 0.036431 -0.345045 -0.016975 -0.008583 -0.001717
1757664959.692173 -0.050164 0.007439 0.002098 -0.002861 0.016274 -0.002101 -0.032998 -0.003624 0.013924 -0.016212 -0.001883 0.004856 0.089074 -0.020409 0.001717 -0.000572 -0.054360 0.024223 0.036431 -0.345045 -0.016975 -0.008583 -0.001717
1757664959.694173 -0.050164 0.007439 0.002098 -0.002861 0.016409 -0.001845 -0.032998 -0.003624 0.013924 -0.016212 -0.001883 0.004856 0.089074 -0.020409 0.001717 -0.000572 -0.054360 0.024223 0.036431 -0.345045 -0.016975 -0.008583 -0.001717
1757664959.696170 -0.050164 0.007439 0.002098 -0.002861 0.016274 -0.002101 -0.032998 -0.003624 0.013924 -0.016212 -0.001883 0.004856 0.089074 -0.020409 0.001717 -0.000572 -0.054360 0.024223 0.036431 -0.345045 -0.016975 -0.008583 -0.001717
1757664959.698174 -0.050164 0.007439 0.002098 -0.002861 0.016274 -0.002101 -0.032998 -0.003624 0.013924 -0.016212 -0.001883 0.004856 0.089074 -0.020409 0.001717 -0.000572 -0.054360 0.024223 0.036431 -0.345045 -0.016975 -0.008583 -0.001717
1757664959.700171 -0.050164 0.007439 0.002098 -0.002861 0.016409 -0.001845 -0.032998 -0.003624 0.013924 -0.016212 -0.001883 0.004856 0.089074 -0.020409 0.001717 -0.000572 -0.054360 0.024223 0.036431 -0.345045 -0.016975 -0.008583 -0.001717
1757664959.702171 -0.050164 0.007439 0.002098 -0.002861 0.016274 -0.002101 -0.032998 -0.003624 0.013924 -0.016212 -0.001883 0.004856 0.089074 -0.020409 0.001717 -0.000572 -0.054360 0.024223 0.036431 -0.345045 -0.016975 -0.008583 -0.001717
1757664959.704177 -0.050164 0.007439 0.002098 -0.002861 0.016409 -0.001845 -0.032998 -0.003624 0.013924 -0.016212 -0.001883 0.004856 0.089074 -0.020409 0.001717 -0.000572 -0.054360 0.024223 0.036431 -0.345045 -0.016975 -0.008583 -0.001717
1757664959.706173 -0.050164 0.007439 0.002098 -0.002861 0.016274 -0.002101 -0.032998 -0.003624 0.013924 -0.016212 -0.001883 0.004856 0.089074 -0.020409 0.001717 -0.000572 -0.054360 0.024223 0.036431 -0.345045 -0.016975 -0.008583 -0.001717
1757664959.708172 -0.050164 0.007439 0.002098 -0.002861 0.016409 -0.001845 -0.032998 -0.003624 0.013924 -0.016212 -0.001883 0.004856 0.089074 -0.020409 0.001717 -0.000572 -0.054360 0.024223 0.036431 -0.345045 -0.016975 -0.008583 -0.001717
1757664959.710197 -0.050164 0.007439 0.002098 -0.002861 0.016274 -0.002101 -0.032998 -0.003624 0.013924 -0.016212 -0.001883 0.004856 0.089074 -0.020409 0.001717 -0.000572 -0.054360 0.024223 0.036431 -0.345045 -0.016975 -0.008583 -0.001717
1757664959.712183 -0.050164 0.007439 0.002098 -0.002861 0.016409 -0.001845 -0.032998 -0.003624 0.013924 -0.016212 -0.001883 0.004856 0.089074 -0.020409 0.001717 -0.000572 -0.054360 0.024223 0.036431 -0.345045 -0.016975 -0.008583 -0.001717
1757664959.714183 -0.050164 0.007439 0.002098 -0.002861 0.016409 -0.001845 -0.032998 -0.003624 0.013924 -0.016212 -0.001883 0.004856 0.089074 -0.020409 0.001717 -0.000572 -0.054360 0.024223 0.036431 -0.345045 -0.016975 -0.008583 -0.001717
1757664959.716193 -0.050164 0.007439 0.002098 -0.002861 0.016409 -0.001845 -0.032998 -0.003624 0.013924 -0.016212 -0.001883 0.004856 0.089074 -0.020409 0.001717 -0.000572 -0.054360 0.024223 0.036431 -0.345045 -0.016975 -0.008583 -0.001717
1757664959.718199 -0.050164 0.007439 0.002098 -0.002861 0.016274 -0.002101 -0.032998 -0.003624 0.013924 -0.016212 -0.001883 0.004856 0.089074 -0.020409 0.001717 -0.000572 -0.054360 0.024223 0.036431 -0.345045 -0.016975 -0.008583 -0.001717
1757664959.720203 -0.050164 0.007439 0.002098 -0.002861 0.016274 -0.002101 -0.032998 -0.003624 0.013924 -0.016212 -0.001883 0.004856 0.089074 -0.020409 0.001717 -0.000572 -0.054360 0.024223 0.036431 -0.345045 -0.016975 -0.008583 -0.001717
1757664959.722181 -0.050164 0.007439 0.002098 -0.002861 0.016274 -0.002101 -0.032998 -0.003624 0.013924 -0.016212 -0.001883 0.004856 0.089074 -0.020409 0.001717 -0.000572 -0.054360 0.024223 0.036431 -0.345045 -0.016975 -0.008583 -0.001717
1757664959.724181 -0.050164 0.007439 0.002098 -0.002861 0.016274 -0.002101 -0.032998 -0.003624 0.013924 -0.016212 -0.001883 0.004856 0.089074 -0.020409 0.001717 -0.000572 -0.054360 0.024223 0.036431 -0.345045 -0.016975 -0.008583 -0.001717
1757664959.726173 -0.050164 0.007439 0.002098 -0.002861 0.016274 -0.002101 -0.032998 -0.003624 0.013924 -0.016212 -0.001883 0.004856 0.089074 -0.020409 0.001717 -0.000572 -0.054360 0.024223 0.036431 -0.345045 -0.016975 -0.008583 -0.001717
1757664959.728184 -0.050164 0.007439 0.002098 -0.002861 0.016274 -0.002101 -0.032998 -0.003624 0.013924 -0.016212 -0.001883 0.004856 0.089074 -0.020409 0.001717 -0.000572 -0.054360 0.024223 0.036431 -0.345045 -0.016975 -0.008583 -0.001717
1757664959.730174 -0.050164 0.007439 0.002098 -0.002861 0.016274 -0.002101 -0.032998 -0.003624 0.013924 -0.016212 -0.001883 0.004856 0.089074 -0.020409 0.001717 -0.000572 -0.054360 0.024223 0.036431 -0.345045 -0.016975 -0.008583 -0.001717
1757664959.732174 -0.050164 0.007439 0.002098 -0.002861 0.016274 -0.002101 -0.032998 -0.003624 0.013924 -0.016212 -0.001883 0.004856 0.089074 -0.020409 0.001717 -0.000572 -0.054360 0.024223 0.036431 -0.345045 -0.016975 -0.008583 -0.001717
1757664959.734272 -0.050164 0.007439 0.002098 -0.002861 0.016274 -0.002101 -0.032998 -0.003624 0.013924 -0.016212 -0.001883 0.004856 0.089074 -0.020409 0.001717 -0.000572 -0.054360 0.024223 0.036431 -0.345045 -0.016975 -0.008583 -0.001717
1757664959.736187 -0.050164 0.007439 0.002098 -0.002861 0.016274 -0.002101 -0.032998 -0.003624 0.013924 -0.016212 -0.001883 0.004856 0.089074 -0.020409 0.001717 -0.000572 -0.054360 0.024223 0.036431 -0.345045 -0.016975 -0.008583 -0.001717
1757664959.738186 -0.050164 0.007439 0.002098 -0.002861 0.016274 -0.002101 -0.032998 -0.003624 0.013924 -0.016212 -0.001883 0.004856 0.089074 -0.020409 0.001717 -0.000572 -0.054360 0.024223 0.036431 -0.345045 -0.016975 -0.008583 -0.001717
1757664959.740178 -0.050164 0.007439 0.002098 -0.002861 0.016274 -0.002101 -0.032998 -0.003624 0.013924 -0.016212 -0.001883 0.004856 0.089074 -0.020409 0.001717 -0.000572 -0.054360 0.024223 0.036431 -0.345045 -0.016975 -0.008583 -0.001717
1757664959.742183 -0.050164 0.007439 0.002098 -0.002861 0.016274 -0.002101 -0.032998 -0.003624 0.013924 -0.016212 -0.001883 0.004856 0.089074 -0.020409 0.001717 -0.000572 -0.054360 0.024223 0.036431 -0.345045 -0.016975 -0.008583 -0.001717
1757664959.744175 -0.050164 0.007439 0.002098 -0.002861 0.016274 -0.002101 -0.032998 -0.003624 0.013924 -0.016212 -0.001883 0.004856 0.089074 -0.020409 0.001717 -0.000572 -0.054360 0.024223 0.036431 -0.345045 -0.016975 -0.008583 -0.001717
1757664959.746175 -0.050164 0.007439 0.002098 -0.002861 0.016274 -0.002101 -0.032998 -0.003624 0.013924 -0.016212 -0.001883 0.004856 0.089074 -0.020409 0.001717 -0.000572 -0.054360 0.024223 0.036431 -0.345045 -0.016975 -0.008583 -0.001717
1757664959.748200 -0.050164 0.007439 0.002098 -0.002861 0.016274 -0.002101 -0.032998 -0.003624 0.013924 -0.016212 -0.001883 0.004856 0.089074 -0.020409 0.001717 -0.000572 -0.054360 0.024223 0.036431 -0.345045 -0.016975 -0.008583 -0.001717
1757664959.750182 -0.050164 0.007439 0.002098 -0.002861 0.016274 -0.002101 -0.032998 -0.003624 0.013924 -0.016212 -0.001883 0.004856 0.089074 -0.020409 0.001717 -0.000572 -0.054360 0.024223 0.036431 -0.345045 -0.016975 -0.008583 -0.001717
1757664959.752183 -0.050164 0.007439 0.002098 -0.002861 0.016274 -0.002101 -0.032998 -0.003624 0.013924 -0.016212 -0.001883 0.004856 0.089074 -0.020409 0.001717 -0.000572 -0.054360 0.024223 0.036431 -0.345045 -0.016975 -0.008583 -0.001717
1757664959.754182 -0.050164 0.007439 0.002098 -0.002861 0.016274 -0.002101 -0.032998 -0.003624 0.013924 -0.016212 -0.001883 0.004856 0.089074 -0.020409 0.001717 -0.000572 -0.054360 0.024223 0.036431 -0.345045 -0.016975 -0.008583 -0.001717
1757664959.756181 -0.050164 0.007439 0.002098 -0.002861 0.016274 -0.002101 -0.032998 -0.003624 0.013924 -0.016212 -0.001883 0.004856 0.089074 -0.020409 0.001717 -0.000572 -0.054360 0.024223 0.036431 -0.345045 -0.016975 -0.008583 -0.001717
1757664959.758179 -0.050164 0.007439 0.002098 -0.002861 0.016274 -0.002101 -0.032998 -0.003624 0.013924 -0.016212 -0.001883 0.004856 0.089074 -0.020409 0.001717 -0.000572 -0.054360 0.024223 0.036431 -0.345045 -0.016975 -0.008583 -0.001717
1757664959.760178 -0.050164 0.007439 0.002098 -0.002861 0.016274 -0.002101 -0.032998 -0.003624 0.013924 -0.016212 -0.001883 0.004856 0.089074 -0.020409 0.001717 -0.000572 -0.054360 0.024223 0.036431 -0.345045 -0.016975 -0.008583 -0.001717
1757664959.762228 -0.050164 0.007439 0.002098 -0.002861 0.016274 -0.002101 -0.032998 -0.003624 0.013924 -0.016212 -0.001883 0.004856 0.089074 -0.020409 0.001717 -0.000572 -0.054360 0.024223 0.036431 -0.345045 -0.016975 -0.008583 -0.001717
1757664959.764183 -0.050164 0.007439 0.002098 -0.002861 0.016274 -0.002101 -0.032998 -0.003624 0.013924 -0.016212 -0.001883 0.004856 0.089074 -0.020409 0.001717 -0.000572 -0.054360 0.024223 0.036431 -0.345045 -0.016975 -0.008583 -0.001717
1757664959.766176 -0.050164 0.007439 0.002098 -0.002861 0.016274 -0.002101 -0.032998 -0.003624 0.013924 -0.016212 -0.001883 0.004856 0.089074 -0.020409 0.001717 -0.000572 -0.054360 0.024223 0.036431 -0.345045 -0.016975 -0.008583 -0.001717
1757664959.768173 -0.050164 0.007439 0.002098 -0.002861 0.016274 -0.002101 -0.032998 -0.003624 0.013924 -0.016212 -0.001883 0.004856 0.089074 -0.020409 0.001717 -0.000572 -0.054360 0.024223 0.036431 -0.345045 -0.016975 -0.008583 -0.001717
1757664959.770180 -0.050164 0.007439 0.002098 -0.002861 0.016274 -0.002101 -0.032998 -0.003624 0.013924 -0.016212 -0.001883 0.004856 0.089074 -0.020409 0.001717 -0.000572 -0.054360 0.024223 0.036431 -0.345045 -0.016975 -0.008583 -0.001717
1757664959.772175 -0.050164 0.007439 0.002098 -0.002861 0.016274 -0.002101 -0.032998 -0.003624 0.013924 -0.016212 -0.001883 0.004856 0.089074 -0.020409 0.001717 -0.000572 -0.054360 0.024223 0.036431 -0.345045 -0.016975 -0.008583 -0.001717
1757664959.774175 -0.050164 0.007439 0.002098 -0.002861 0.016274 -0.002101 -0.032998 -0.003624 0.013924 -0.016212 -0.001883 0.004856 0.089074 -0.020409 0.001717 -0.000572 -0.054360 0.024223 0.036431 -0.345045 -0.016975 -0.008583 -0.001717
1757664959.776242 -0.050164 0.007439 0.002098 -0.002861 0.016274 -0.002101 -0.032998 -0.003624 0.013924 -0.016212 -0.001883 0.004856 0.089074 -0.020409 0.001717 -0.000572 -0.054360 0.024223 0.036431 -0.345045 -0.016975 -0.008583 -0.001717
1757664959.778277 -0.050164 0.007439 0.002098 -0.002861 0.016274 -0.002101 -0.032998 -0.003624 0.013924 -0.016212 -0.001883 0.004856 0.089074 -0.020409 0.001717 -0.000572 -0.054360 0.024223 0.036431 -0.345045 -0.016975 -0.008583 -0.001717
1757664959.780194 -0.050164 0.007439 0.002098 -0.002861 0.016274 -0.002101 -0.032998 -0.003624 0.013924 -0.016212 -0.001883 0.004856 0.089074 -0.020409 0.001717 -0.000572 -0.054360 0.024223 0.036431 -0.345045 -0.016975 -0.008583 -0.001717
1757664959.782186 -0.050164 0.007439 0.002098 -0.002861 0.016274 -0.002101 -0.032998 -0.003624 0.013924 -0.016212 -0.001883 0.004856 0.089074 -0.020409 0.001717 -0.000572 -0.054360 0.024223 0.036431 -0.345045 -0.016975 -0.008583 -0.001717
1757664959.784231 -0.050164 0.007439 0.002098 -0.002861 0.016274 -0.002101 -0.032998 -0.003624 0.013924 -0.016212 -0.001883 0.004856 0.089074 -0.020409 0.001717 -0.000572 -0.054360 0.024223 0.036431 -0.345045 -0.016975 -0.008583 -0.001717
1757664959.786200 -0.050164 0.007439 0.002098 -0.002861 0.016274 -0.002101 -0.032998 -0.003624 0.013924 -0.016212 -0.001883 0.004856 0.089074 -0.020409 0.001717 -0.000572 -0.054360 0.024223 0.036050 -0.345045 -0.016975 -0.008583 -0.001717
1757664959.788183 -0.050164 0.007439 0.002098 -0.002861 0.016274 -0.002101 -0.032998 -0.003624 0.013924 -0.016212 -0.001883 0.004856 0.089074 -0.020409 0.001717 -0.000572 -0.054360 0.024223 0.036431 -0.345045 -0.016975 -0.008583 -0.001717
1757664959.790214 -0.050164 0.007439 0.002098 -0.002861 0.016274 -0.002101 -0.032998 -0.003624 0.013924 -0.016212 -0.001883 0.004856 0.089074 -0.020409 0.001717 -0.000572 -0.054360 0.024223 0.036050 -0.345045 -0.016975 -0.008583 -0.001717
1757664959.792178 -0.050164 0.007439 0.002098 -0.002861 0.016274 -0.002101 -0.032998 -0.003624 0.013924 -0.016212 -0.001883 0.004856 0.089074 -0.020409 0.001717 -0.000572 -0.054360 0.024223 0.036050 -0.345045 -0.016975 -0.008583 -0.001717
1757664959.794172 -0.050164 0.007439 0.002098 -0.002861 0.016274 -0.002101 -0.032998 -0.003624 0.013924 -0.016212 -0.001883 0.004856 0.089074 -0.020409 0.001717 -0.000572 -0.054360 0.024223 0.036050 -0.345045 -0.016975 -0.008583 -0.001717
1757664959.796173 -0.050164 0.007439 0.002098 -0.002861 0.016274 -0.002101 -0.032998 -0.003624 0.013924 -0.016212 -0.001883 0.004856 0.089074 -0.020409 0.001717 -0.000572 -0.054360 0.024223 0.036050 -0.345045 -0.016975 -0.008583 -0.001717
1757664959.798172 -0.050164 0.007439 0.002098 -0.002861 0.016274 -0.002101 -0.032998 -0.003624 0.013924 -0.016212 -0.001883 0.004856 0.089074 -0.020409 0.001717 -0.000572 -0.054360 0.024223 0.036050 -0.345045 -0.016975 -0.008583 -0.001717
1757664959.800175 -0.050164 0.007439 0.002098 -0.002861 0.016274 -0.002101 -0.032998 -0.003624 0.013924 -0.016212 -0.001883 0.004856 0.089074 -0.020409 0.001717 -0.000572 -0.054360 0.024223 0.036050 -0.345045 -0.016975 -0.008583 -0.001717
1757664959.802169 -0.050164 0.007439 0.002098 -0.002861 0.016274 -0.002101 -0.032998 -0.003624 0.013924 -0.016212 -0.001883 0.004856 0.089074 -0.020409 0.001717 -0.000572 -0.054360 0.024223 0.036050 -0.345045 -0.016975 -0.008583 -0.001717
1757664959.804170 -0.050164 0.007439 0.002098 -0.002861 0.016274 -0.002101 -0.032998 -0.003624 0.013924 -0.016212 -0.001883 0.004856 0.089074 -0.020409 0.001717 -0.000572 -0.054360 0.024223 0.036050 -0.345045 -0.016975 -0.008583 -0.001717
1757664959.806183 -0.050164 0.007439 0.002098 -0.002861 0.016274 -0.002101 -0.032998 -0.003624 0.013924 -0.016212 -0.001883 0.004856 0.089074 -0.020409 0.001717 -0.000572 -0.054360 0.024223 0.036050 -0.345045 -0.016975 -0.008583 -0.001717
1757664959.808171 -0.050164 0.007439 0.002098 -0.002861 0.016274 -0.002101 -0.032998 -0.003624 0.013924 -0.016212 -0.001883 0.004856 0.089074 -0.020409 0.001717 -0.000572 -0.054360 0.024223 0.036050 -0.345045 -0.016975 -0.008583 -0.001717
1757664959.810209 -0.050164 0.007439 0.002098 -0.002861 0.016274 -0.002101 -0.032998 -0.003624 0.013924 -0.016212 -0.001883 0.004856 0.089074 -0.020409 0.001717 -0.000572 -0.054360 0.024223 0.036050 -0.345045 -0.016975 -0.008583 -0.001717
1757664959.812205 -0.050164 0.007439 0.002098 -0.002861 0.016274 -0.002101 -0.032998 -0.003624 0.013924 -0.016212 -0.001883 0.004856 0.089074 -0.020409 0.001717 -0.000572 -0.054360 0.024223 0.036050 -0.345045 -0.016975 -0.008583 -0.001717
1757664959.814196 -0.050164 0.007439 0.002098 -0.002861 0.016274 -0.002101 -0.032998 -0.003624 0.013924 -0.016212 -0.001883 0.004856 0.089074 -0.020409 0.001717 -0.000572 -0.054360 0.024223 0.036050 -0.345045 -0.016975 -0.008583 -0.001717
1757664959.816181 -0.050164 0.007439 0.002098 -0.002861 0.016274 -0.002101 -0.032998 -0.003624 0.013924 -0.016212 -0.001883 0.004856 0.089074 -0.020409 0.001717 -0.000572 -0.054360 0.024223 0.036050 -0.345045 -0.016975 -0.008583 -0.001717
1757664959.818239 -0.050164 0.007439 0.002098 -0.002861 0.016274 -0.002101 -0.032998 -0.003624 0.013924 -0.016212 -0.001883 0.004856 0.089074 -0.020409 0.001717 -0.000572 -0.054360 0.024223 0.036050 -0.345045 -0.016975 -0.008583 -0.001717
1757664959.820183 -0.050164 0.007439 0.002098 -0.002861 0.016274 -0.002101 -0.032998 -0.003624 0.013924 -0.016212 -0.001883 0.004856 0.089074 -0.020409 0.001717 -0.000572 -0.054360 0.024223 0.036050 -0.345045 -0.016975 -0.008583 -0.001717
1757664959.822175 -0.050164 0.007439 0.002098 -0.002861 0.016274 -0.002101 -0.032998 -0.003624 0.013924 -0.016212 -0.001883 0.004856 0.089074 -0.020409 0.001717 -0.000572 -0.054360 0.024223 0.036050 -0.345045 -0.016975 -0.008583 -0.001717
1757664959.824188 -0.050164 0.007439 0.002098 -0.002861 0.016274 -0.002101 -0.032998 -0.003624 0.013924 -0.016212 -0.001883 0.004856 0.089074 -0.020409 0.001717 -0.000572 -0.054360 0.024223 0.036050 -0.345045 -0.016975 -0.008583 -0.001717
1757664959.826182 -0.050164 0.007439 0.002098 -0.002861 0.016274 -0.002101 -0.032998 -0.003624 0.013924 -0.016212 -0.001883 0.004856 0.089074 -0.020409 0.001717 -0.000572 -0.054360 0.024223 0.036050 -0.345045 -0.016975 -0.008583 -0.001717
1757664959.828176 -0.050164 0.007439 0.002098 -0.002861 0.016274 -0.002101 -0.032998 -0.003624 0.013924 -0.016212 -0.001883 0.004856 0.089074 -0.020409 0.001717 -0.000572 -0.054360 0.024223 0.036050 -0.345045 -0.016975 -0.008583 -0.001717
1757664959.830170 -0.050164 0.007439 0.002098 -0.002861 0.016274 -0.002101 -0.032998 -0.003624 0.013924 -0.016212 -0.001883 0.004856 0.089074 -0.020409 0.001717 -0.000572 -0.054360 0.024223 0.036050 -0.345045 -0.016975 -0.008583 -0.001717
1757664959.832205 -0.050164 0.007439 0.002098 -0.002861 0.016274 -0.002101 -0.032998 -0.003624 0.013924 -0.016212 -0.001883 0.004856 0.089074 -0.020409 0.001717 -0.000572 -0.054360 0.024223 0.036050 -0.345045 -0.016975 -0.008583 -0.001717
1757664959.834175 -0.050164 0.007439 0.002098 -0.002861 0.016274 -0.002101 -0.032998 -0.003624 0.013924 -0.016212 -0.001883 0.004856 0.089074 -0.020409 0.001717 -0.000572 -0.054360 0.024223 0.036050 -0.345045 -0.016975 -0.008583 -0.001717
1757664959.836173 -0.050164 0.007439 0.002098 -0.002861 0.016274 -0.002101 -0.032998 -0.003624 0.013924 -0.016212 -0.001883 0.004856 0.089074 -0.020409 0.001717 -0.000572 -0.054360 0.024223 0.036050 -0.345045 -0.016975 -0.008583 -0.001717
1757664959.838213 -0.050164 0.007439 0.002098 -0.002861 0.016274 -0.002101 -0.032998 -0.003624 0.013924 -0.016212 -0.001883 0.004856 0.089074 -0.020409 0.001717 -0.000572 -0.054360 0.024223 0.036050 -0.345045 -0.016975 -0.008583 -0.001717
1757664959.840224 -0.050164 0.007439 0.002098 -0.002861 0.016274 -0.002101 -0.032998 -0.003624 0.013924 -0.016212 -0.001883 0.004856 0.089074 -0.020409 0.001717 -0.000572 -0.054360 0.024223 0.036050 -0.345045 -0.016975 -0.008583 -0.001717
1757664959.842225 -0.050164 0.007439 0.002098 -0.002861 0.016274 -0.002101 -0.032998 -0.003624 0.013924 -0.016212 -0.001883 0.004856 0.089074 -0.020409 0.001717 -0.000572 -0.054360 0.024223 0.036050 -0.345045 -0.016975 -0.008583 -0.001717
1757664959.844220 -0.050164 0.007439 0.002098 -0.002861 0.016274 -0.002101 -0.032998 -0.003624 0.013924 -0.016212 -0.001883 0.004856 0.089074 -0.020409 0.001717 -0.000572 -0.054360 0.024223 0.036050 -0.345045 -0.016975 -0.008583 -0.001717
1757664959.846236 -0.050164 0.007439 0.002098 -0.002861 0.016274 -0.002101 -0.032998 -0.003624 0.013924 -0.016212 -0.001883 0.004856 0.089074 -0.020409 0.001717 -0.000572 -0.054360 0.024223 0.036050 -0.345045 -0.016975 -0.008583 -0.001717
1757664959.848216 -0.050164 0.007439 0.002098 -0.002861 0.016274 -0.002101 -0.032998 -0.003624 0.013924 -0.016212 -0.001883 0.004856 0.089074 -0.020409 0.001717 -0.000572 -0.054360 0.024223 0.036050 -0.345045 -0.016975 -0.008583 -0.001717
1757664959.850260 -0.050164 0.007439 0.002098 -0.002861 0.016274 -0.002101 -0.032998 -0.003624 0.013924 -0.016212 -0.001883 0.004856 0.089074 -0.020409 0.001717 -0.000572 -0.054360 0.024223 0.036050 -0.345045 -0.016975 -0.008583 -0.001717
1757664959.852241 -0.050164 0.007439 0.002098 -0.002861 0.016274 -0.002101 -0.032998 -0.003624 0.013924 -0.016212 -0.001883 0.004856 0.089074 -0.020409 0.001717 -0.000572 -0.054360 0.024223 0.036050 -0.345045 -0.016975 -0.008583 -0.001717
1757664959.854212 -0.050164 0.007439 0.002098 -0.002861 0.016274 -0.002101 -0.032998 -0.003624 0.013924 -0.016212 -0.001883 0.004856 0.089074 -0.020409 0.001717 -0.000572 -0.054360 0.024223 0.036050 -0.345045 -0.016975 -0.008583 -0.001717
1757664959.856217 -0.050164 0.007439 0.002098 -0.002861 0.016274 -0.002101 -0.032998 -0.003624 0.013924 -0.016212 -0.001883 0.004856 0.089074 -0.020409 0.001717 -0.000572 -0.054360 0.024223 0.036050 -0.345045 -0.016975 -0.008583 -0.001717
1757664959.858217 -0.050164 0.007439 0.002098 -0.002861 0.016274 -0.002101 -0.032998 -0.003624 0.013924 -0.016212 -0.001883 0.004856 0.089074 -0.020409 0.001717 -0.000572 -0.054360 0.024223 0.036050 -0.345045 -0.016975 -0.008583 -0.001717
1757664959.860217 -0.050164 0.007439 0.002098 -0.002861 0.016274 -0.002101 -0.032998 -0.003624 0.013924 -0.016212 -0.001883 0.004856 0.089074 -0.020409 0.001717 -0.000572 -0.054360 0.024223 0.036050 -0.345045 -0.016975 -0.008583 -0.001717
1757664959.862220 -0.050164 0.007439 0.002098 -0.002861 0.016274 -0.002101 -0.032998 -0.003624 0.013924 -0.016212 -0.001883 0.004856 0.089074 -0.020409 0.001717 -0.000572 -0.054360 0.024223 0.036050 -0.345045 -0.016975 -0.008583 -0.001717
1757664959.864218 -0.050164 0.007439 0.002098 -0.002861 0.016274 -0.002101 -0.032998 -0.003624 0.013924 -0.016212 -0.001883 0.004856 0.089074 -0.020409 0.001717 -0.000572 -0.054360 0.024223 0.036050 -0.345045 -0.016975 -0.008583 -0.001717
1757664959.866218 -0.050164 0.007439 0.002098 -0.002861 0.016274 -0.002101 -0.032998 -0.003624 0.013924 -0.016212 -0.001883 0.004856 0.089074 -0.020409 0.001717 -0.000572 -0.054360 0.024223 0.036050 -0.345045 -0.016975 -0.008583 -0.001717
1757664959.868212 -0.050164 0.007439 0.002098 -0.002861 0.016274 -0.002101 -0.032998 -0.003624 0.013924 -0.016212 -0.001883 0.004856 0.089074 -0.020409 0.001717 -0.000572 -0.054360 0.024223 0.036050 -0.345045 -0.016975 -0.008583 -0.001717
1757664959.870217 -0.050164 0.007439 0.002098 -0.002861 0.016274 -0.002101 -0.032998 -0.003624 0.013924 -0.016212 -0.001883 0.004856 0.089074 -0.020409 0.001717 -0.000572 -0.054360 0.024223 0.036050 -0.345045 -0.016975 -0.008583 -0.001717
1757664959.872229 -0.050164 0.007439 0.002098 -0.002861 0.016274 -0.002101 -0.032998 -0.003624 0.013924 -0.016212 -0.001883 0.004856 0.089074 -0.020409 0.001717 -0.000572 -0.054360 0.024223 0.036050 -0.345045 -0.016975 -0.008583 -0.001717
1757664959.874224 -0.050164 0.007439 0.002098 -0.002861 0.016274 -0.002101 -0.032998 -0.003624 0.013924 -0.016212 -0.001883 0.004856 0.089074 -0.020409 0.001717 -0.000572 -0.054360 0.024223 0.036050 -0.345045 -0.016975 -0.008583 -0.001717
1757664959.876213 -0.050164 0.007439 0.002098 -0.002861 0.016274 -0.002101 -0.032998 -0.003624 0.013924 -0.016212 -0.001883 0.004856 0.089074 -0.020409 0.001717 -0.000572 -0.054360 0.024223 0.036050 -0.345045 -0.016975 -0.008583 -0.001717
1757664959.878215 -0.050164 0.007439 0.002098 -0.002861 0.016274 -0.002101 -0.032998 -0.003624 0.013924 -0.016212 -0.001883 0.004856 0.089074 -0.020409 0.001717 -0.000572 -0.054360 0.024223 0.036050 -0.345045 -0.016975 -0.008583 -0.001717
1757664959.880216 -0.050164 0.007439 0.002098 -0.002861 0.016274 -0.002101 -0.032998 -0.003624 0.013924 -0.016212 -0.001883 0.004856 0.089074 -0.020409 0.001717 -0.000572 -0.054360 0.024223 0.036050 -0.345045 -0.016975 -0.008583 -0.001717
1757664959.882218 -0.050164 0.007439 0.002098 -0.002861 0.016274 -0.002101 -0.032998 -0.003624 0.013924 -0.016212 -0.001883 0.004856 0.089074 -0.020409 0.001717 -0.000572 -0.054360 0.024223 0.036050 -0.345045 -0.016975 -0.008583 -0.001717
1757664959.884213 -0.050164 0.007439 0.002098 -0.002861 0.016274 -0.002101 -0.032998 -0.003624 0.013924 -0.016212 -0.001883 0.004856 0.089074 -0.020409 0.001717 -0.000572 -0.054360 0.024223 0.036050 -0.345045 -0.016975 -0.008583 -0.001717
1757664959.886214 -0.050164 0.007439 0.002098 -0.002861 0.016274 -0.002101 -0.032998 -0.003624 0.013924 -0.016212 -0.001883 0.004856 0.089074 -0.020409 0.001717 -0.000572 -0.054360 0.024223 0.036050 -0.345045 -0.016975 -0.008583 -0.001717
1757664959.888215 -0.050164 0.007439 0.002098 -0.002861 0.016274 -0.002101 -0.032998 -0.003624 0.013924 -0.016212 -0.001883 0.004856 0.089074 -0.020409 0.001717 -0.000572 -0.054360 0.024223 0.036050 -0.345045 -0.016975 -0.008583 -0.001717
1757664959.890214 -0.050164 0.007439 0.002098 -0.002861 0.016274 -0.002101 -0.032998 -0.003624 0.013924 -0.016212 -0.001883 0.004856 0.089074 -0.020409 0.001717 -0.000572 -0.054360 0.024223 0.036050 -0.345045 -0.016975 -0.008583 -0.001717
1757664959.892213 -0.050164 0.007439 0.002098 -0.002861 0.016274 -0.002101 -0.032998 -0.003624 0.013924 -0.016212 -0.001883 0.004856 0.089074 -0.020409 0.001717 -0.000572 -0.054360 0.024223 0.036050 -0.345045 -0.016975 -0.008583 -0.001717
1757664959.894192 -0.050164 0.007439 0.002098 -0.002861 0.016274 -0.002101 -0.032998 -0.003624 0.013924 -0.016212 -0.001883 0.004856 0.089074 -0.020409 0.001717 -0.000572 -0.054360 0.024223 0.036050 -0.345045 -0.016975 -0.008583 -0.001717
1757664959.896183 -0.050164 0.007439 0.002098 -0.002861 0.016274 -0.002101 -0.032998 -0.003624 0.013924 -0.016212 -0.001883 0.004856 0.089074 -0.020409 0.001717 -0.000572 -0.054360 0.024223 0.036050 -0.345045 -0.016975 -0.008583 -0.001717
1757664959.898173 -0.050164 0.007439 0.002098 -0.002861 0.016274 -0.002101 -0.032998 -0.003624 0.013924 -0.016212 -0.001883 0.004856 0.089074 -0.020409 0.001717 -0.000572 -0.054360 0.024223 0.036050 -0.345045 -0.016975 -0.008583 -0.001717
1757664959.900172 -0.050164 0.007439 0.002098 -0.002861 0.016274 -0.002101 -0.032998 -0.003624 0.013924 -0.016212 -0.001883 0.004856 0.089074 -0.020409 0.001717 -0.000572 -0.054360 0.024223 0.036050 -0.345045 -0.016975 -0.008583 -0.001717
1757664959.902186 -0.050164 0.007439 0.002098 -0.002861 0.016274 -0.002101 -0.032998 -0.003624 0.013924 -0.016212 -0.001883 0.004856 0.089074 -0.020409 0.001717 -0.000572 -0.054360 0.024223 0.036050 -0.345045 -0.016975 -0.008583 -0.001717
1757664959.904177 -0.050164 0.007439 0.002098 -0.002861 0.016274 -0.002101 -0.032998 -0.003624 0.013924 -0.016212 -0.001883 0.004856 0.089074 -0.020409 0.001717 -0.000572 -0.054360 0.024223 0.036050 -0.345045 -0.016975 -0.008583 -0.001717
1757664959.906211 -0.050164 0.007439 0.002098 -0.002861 0.016274 -0.002101 -0.032998 -0.003624 0.013924 -0.016212 -0.001883 0.004856 0.089074 -0.020409 0.001717 -0.000572 -0.054360 0.024223 0.036050 -0.345045 -0.016975 -0.008583 -0.001717
1757664959.908204 -0.050164 0.007439 0.002098 -0.002861 0.016274 -0.002101 -0.032998 -0.003624 0.013924 -0.016212 -0.001883 0.004856 0.089074 -0.020409 0.001717 -0.000572 -0.054360 0.024223 0.036050 -0.345045 -0.016975 -0.008583 -0.001717
1757664959.910211 -0.050164 0.007439 0.002098 -0.002861 0.016274 -0.002101 -0.032998 -0.003624 0.013924 -0.016212 -0.001883 0.004856 0.089074 -0.020409 0.001717 -0.000572 -0.054360 0.024223 0.036050 -0.345045 -0.016975 -0.008583 -0.001717
1757664959.912204 -0.050164 0.007439 0.002098 -0.002861 0.016274 -0.002101 -0.032998 -0.003624 0.013924 -0.016212 -0.001883 0.004856 0.089074 -0.020409 0.001717 -0.000572 -0.054360 0.024223 0.036050 -0.345045 -0.016975 -0.008583 -0.001717
1757664959.914204 -0.050164 0.007439 0.002098 -0.002861 0.016274 -0.002101 -0.032998 -0.003624 0.013924 -0.016212 -0.001883 0.004856 0.089074 -0.020409 0.001717 -0.000572 -0.054360 0.024223 0.036050 -0.345045 -0.016975 -0.008583 -0.001717
1757664959.916194 -0.050164 0.007439 0.002098 -0.002861 0.016274 -0.002101 -0.032998 -0.003624 0.013924 -0.016212 -0.001883 0.004856 0.089074 -0.020409 0.001717 -0.000572 -0.054360 0.024223 0.036050 -0.345045 -0.016975 -0.008583 -0.001717
1757664959.918177 -0.050164 0.007439 0.002098 -0.002861 0.016274 -0.002101 -0.032998 -0.003624 0.013924 -0.016212 -0.001883 0.004856 0.089074 -0.020409 0.001717 -0.000572 -0.054360 0.024223 0.036050 -0.345045 -0.016975 -0.008583 -0.001717
1757664959.920175 -0.050164 0.007439 0.002098 -0.002861 0.016274 -0.002101 -0.032998 -0.003624 0.013924 -0.016212 -0.001883 0.004856 0.089074 -0.020409 0.001717 -0.000572 -0.054360 0.024223 0.036050 -0.345045 -0.016975 -0.008583 -0.001717
1757664959.922184 -0.050164 0.007439 0.002098 -0.002861 0.016274 -0.002101 -0.032998 -0.003624 0.013924 -0.016212 -0.001883 0.004856 0.089074 -0.020409 0.001717 -0.000572 -0.054360 0.024223 0.036050 -0.345045 -0.016975 -0.008583 -0.001717
1757664959.924173 -0.050164 0.007439 0.002098 -0.002861 0.016274 -0.002101 -0.032998 -0.003624 0.013924 -0.016212 -0.001883 0.004856 0.089074 -0.020409 0.001717 -0.000572 -0.054360 0.024223 0.036050 -0.345045 -0.016975 -0.008583 -0.001717
1757664959.926171 -0.050164 0.007439 0.002098 -0.002861 0.016274 -0.002101 -0.032998 -0.003624 0.013924 -0.016212 -0.001883 0.004856 0.089074 -0.020409 0.001717 -0.000572 -0.054360 0.024223 0.036050 -0.345045 -0.016975 -0.008583 -0.001717
1757664959.928192 -0.050164 0.007439 0.002098 -0.002861 0.016274 -0.002101 -0.032998 -0.003624 0.013924 -0.016212 -0.001883 0.004856 0.089074 -0.020409 0.001717 -0.000572 -0.054360 0.024223 0.036050 -0.345045 -0.016975 -0.008583 -0.001717
1757664959.930187 -0.050164 0.007439 0.002098 -0.002861 0.016274 -0.002101 -0.032998 -0.003624 0.013924 -0.016212 -0.001883 0.004856 0.089074 -0.020409 0.001717 -0.000572 -0.054360 0.024223 0.036050 -0.345045 -0.016975 -0.008583 -0.001717
1757664959.932172 -0.050164 0.007439 0.002098 -0.002861 0.016274 -0.002101 -0.032998 -0.003624 0.013924 -0.016212 -0.001883 0.004856 0.089074 -0.020409 0.001717 -0.000572 -0.054360 0.024223 0.036050 -0.345045 -0.016975 -0.008583 -0.001717
1757664959.934200 -0.050164 0.007439 0.002098 -0.002861 0.016274 -0.002101 -0.032998 -0.003624 0.013924 -0.016212 -0.001883 0.004856 0.089074 -0.020409 0.001717 -0.000572 -0.054360 0.024223 0.036050 -0.345045 -0.016975 -0.008583 -0.001717
1757664959.936289 -0.050164 0.007439 0.002098 -0.002861 0.016274 -0.002101 -0.032998 -0.003624 0.013924 -0.016212 -0.001883 0.004856 0.089074 -0.020409 0.001717 -0.000572 -0.054360 0.024223 0.036050 -0.345045 -0.016975 -0.008583 -0.001717
1757664959.938199 -0.050164 0.007439 0.002098 -0.002861 0.016274 -0.002101 -0.032998 -0.003624 0.013924 -0.016212 -0.001883 0.004856 0.089074 -0.020409 0.001717 -0.000572 -0.054360 0.024223 0.036050 -0.345045 -0.016975 -0.008583 -0.001717
1757664959.940199 -0.050164 0.007439 0.002098 -0.002861 0.016274 -0.002101 -0.032998 -0.003624 0.013924 -0.016212 -0.001883 0.004856 0.089074 -0.020409 0.001717 -0.000572 -0.054360 0.024223 0.036050 -0.345045 -0.016975 -0.008583 -0.001717
1757664959.942180 -0.050164 0.007439 0.002098 -0.002861 0.016274 -0.002101 -0.032998 -0.003624 0.013924 -0.016212 -0.001883 0.004856 0.089074 -0.020409 0.001717 -0.000572 -0.054360 0.024223 0.036050 -0.345045 -0.016975 -0.008583 -0.001717
1757664959.944206 -0.050164 0.007439 0.002098 -0.002861 0.016274 -0.002101 -0.032998 -0.003624 0.013924 -0.016212 -0.001883 0.004856 0.089074 -0.020409 0.001717 -0.000572 -0.054360 0.024223 0.036050 -0.345045 -0.016975 -0.008583 -0.001717
1757664959.946185 -0.050164 0.007439 0.002098 -0.002861 0.016274 -0.002101 -0.032998 -0.003624 0.013924 -0.016212 -0.001883 0.004856 0.089074 -0.020409 0.001717 -0.000572 -0.054360 0.024223 0.036050 -0.345045 -0.016975 -0.008583 -0.001717
1757664959.948193 -0.050164 0.007439 0.002098 -0.002861 0.016274 -0.002101 -0.032998 -0.003624 0.013924 -0.016212 -0.001883 0.004856 0.089074 -0.020409 0.001717 -0.000572 -0.054360 0.024223 0.036050 -0.345045 -0.016975 -0.008583 -0.001717
1757664959.950238 -0.050164 0.007439 0.002098 -0.002861 0.016274 -0.002101 -0.032998 -0.003624 0.013924 -0.016212 -0.001883 0.004856 0.089074 -0.020409 0.001717 -0.000572 -0.054360 0.024223 0.036050 -0.345045 -0.016975 -0.008583 -0.001717
1757664959.952171 -0.050164 0.007439 0.002098 -0.002861 0.016274 -0.002101 -0.032998 -0.003624 0.013924 -0.016212 -0.001883 0.004856 0.089074 -0.020409 0.001717 -0.000572 -0.054360 0.024223 0.036050 -0.345045 -0.016975 -0.008583 -0.001717
1757664959.954189 -0.050164 0.007439 0.002098 -0.002861 0.016274 -0.002101 -0.032998 -0.003624 0.013924 -0.016212 -0.001883 0.004856 0.089074 -0.020409 0.001717 -0.000572 -0.054360 0.024223 0.036050 -0.345045 -0.016975 -0.008583 -0.001717
1757664959.956170 -0.050164 0.007439 0.002098 -0.002861 0.016274 -0.002101 -0.032998 -0.003624 0.013924 -0.016212 -0.001883 0.004856 0.089074 -0.020409 0.001717 -0.000572 -0.054360 0.024223 0.036050 -0.345045 -0.016975 -0.008583 -0.001717
1757664959.958174 -0.050164 0.007439 0.002098 -0.002861 0.016274 -0.002101 -0.032998 -0.003624 0.013924 -0.016212 -0.001883 0.004856 0.089074 -0.020409 0.001717 -0.000572 -0.054360 0.024223 0.036050 -0.345045 -0.016975 -0.008583 -0.001717
1757664959.960188 -0.050164 0.007439 0.002098 -0.002861 0.016274 -0.002101 -0.032998 -0.003624 0.013924 -0.016212 -0.001883 0.004856 0.089074 -0.020409 0.001717 -0.000572 -0.054360 0.024223 0.036050 -0.345045 -0.016975 -0.008583 -0.001717
1757664959.962171 -0.050164 0.007439 0.002098 -0.002861 0.016274 -0.002101 -0.032998 -0.003624 0.013924 -0.016212 -0.001883 0.004856 0.089074 -0.020409 0.001717 -0.000572 -0.054360 0.024223 0.036050 -0.345045 -0.016975 -0.008583 -0.001717
1757664959.964184 -0.050164 0.007439 0.002098 -0.002861 0.016274 -0.002101 -0.032998 -0.003624 0.013924 -0.016212 -0.001883 0.004856 0.089074 -0.020409 0.001717 -0.000572 -0.054360 0.024223 0.036050 -0.345045 -0.016975 -0.008583 -0.001717
1757664959.966191 -0.050164 0.007439 0.002098 -0.002861 0.016274 -0.002101 -0.032998 -0.003624 0.013924 -0.016212 -0.001883 0.004856 0.089074 -0.020409 0.001717 -0.000572 -0.054360 0.024223 0.036050 -0.345045 -0.016975 -0.008583 -0.001717
1757664959.968205 -0.050164 0.007439 0.002098 -0.002861 0.016274 -0.002101 -0.032998 -0.003624 0.013924 -0.016212 -0.001883 0.004856 0.089074 -0.020409 0.001717 -0.000572 -0.054360 0.024223 0.036050 -0.345045 -0.016975 -0.008583 -0.001717
1757664959.970268 -0.050164 0.007439 0.002098 -0.002861 0.016274 -0.002101 -0.032998 -0.003624 0.013924 -0.016212 -0.001883 0.004856 0.089074 -0.020409 0.001717 -0.000572 -0.054360 0.024223 0.036050 -0.345045 -0.016975 -0.008583 -0.001717
1757664959.972184 -0.050164 0.007439 0.002098 -0.002861 0.016274 -0.002101 -0.032998 -0.003624 0.013924 -0.016212 -0.001883 0.004856 0.089074 -0.020409 0.001717 -0.000572 -0.054360 0.024223 0.036050 -0.345045 -0.016975 -0.008583 -0.001717
1757664959.974183 -0.050164 0.007439 0.002098 -0.002861 0.016274 -0.002101 -0.032998 -0.003624 0.013924 -0.016212 -0.001883 0.004856 0.089074 -0.020409 0.001717 -0.000572 -0.054360 0.024223 0.036050 -0.345045 -0.016975 -0.008583 -0.001717
1757664959.976190 -0.050164 0.007439 0.002098 -0.002861 0.016274 -0.002101 -0.032998 -0.003624 0.013924 -0.016212 -0.001883 0.004856 0.089074 -0.020409 0.001717 -0.000572 -0.054360 0.024223 0.036050 -0.345045 -0.016975 -0.008583 -0.001717
1757664959.978195 -0.050164 0.007439 0.002098 -0.002861 0.016274 -0.002101 -0.032998 -0.003624 0.013924 -0.016212 -0.001883 0.004856 0.089074 -0.020409 0.001717 -0.000572 -0.054360 0.024223 0.036050 -0.345045 -0.016975 -0.008583 -0.001717
1757664959.980173 -0.050164 0.007439 0.002098 -0.002861 0.016274 -0.002101 -0.032998 -0.003624 0.013924 -0.016212 -0.001883 0.004856 0.089074 -0.020409 0.001717 -0.000572 -0.054360 0.024223 0.036050 -0.345045 -0.016975 -0.008583 -0.001717
1757664959.982184 -0.050164 0.007439 0.002098 -0.002861 0.016274 -0.002101 -0.032998 -0.003624 0.013924 -0.016212 -0.001883 0.004856 0.089074 -0.020409 0.001717 -0.000572 -0.054360 0.024223 0.036050 -0.345045 -0.016975 -0.008583 -0.001717
1757664959.984226 -0.050164 0.007439 0.002098 -0.002861 0.016274 -0.002101 -0.032998 -0.003624 0.013924 -0.016212 -0.001883 0.004856 0.089074 -0.020409 0.001717 -0.000572 -0.054360 0.024223 0.036050 -0.345045 -0.016975 -0.008583 -0.001717
1757664959.986180 -0.050164 0.007439 0.002098 -0.002861 0.016274 -0.002101 -0.032998 -0.003624 0.013924 -0.016212 -0.001883 0.004856 0.089074 -0.020409 0.001717 -0.000572 -0.054360 0.024223 0.036050 -0.345045 -0.016975 -0.008583 -0.001717
1757664959.988174 -0.050164 0.007439 0.002098 -0.002861 0.016274 -0.002101 -0.032998 -0.003624 0.013924 -0.016212 -0.001883 0.004856 0.089074 -0.020409 0.001717 -0.000572 -0.054360 0.024223 0.036050 -0.345045 -0.016975 -0.008583 -0.001717
1757664959.990168 -0.050164 0.007439 0.002098 -0.002861 0.016274 -0.002101 -0.032998 -0.003624 0.013924 -0.016212 -0.001883 0.004856 0.089074 -0.020409 0.001717 -0.000572 -0.054360 0.024223 0.036050 -0.345045 -0.016975 -0.008583 -0.001717
1757664959.992197 -0.050164 0.007439 0.002098 -0.002861 0.016274 -0.002101 -0.032998 -0.003624 0.013924 -0.016212 -0.001883 0.004856 0.089074 -0.020409 0.001717 -0.000572 -0.054360 0.024223 0.036050 -0.345045 -0.016975 -0.008583 -0.001717
1757664959.994175 -0.050164 0.007439 0.002098 -0.002861 0.016274 -0.002101 -0.032998 -0.003624 0.013924 -0.016212 -0.001883 0.004856 0.089074 -0.020409 0.001717 -0.000572 -0.054360 0.024223 0.036050 -0.345045 -0.016975 -0.008583 -0.001717
1757664959.996169 -0.050164 0.007439 0.002098 -0.002861 0.016274 -0.002101 -0.032998 -0.003624 0.013924 -0.016212 -0.001883 0.004856 0.089074 -0.020409 0.001717 -0.000572 -0.054360 0.024223 0.036050 -0.345045 -0.016975 -0.008583 -0.001717
1757664959.998205 -0.050164 0.007439 0.002098 -0.002861 0.016274 -0.002101 -0.032998 -0.003624 0.013924 -0.016212 -0.001883 0.004856 0.089074 -0.020409 0.001717 -0.000572 -0.054360 0.024223 0.036050 -0.345045 -0.016975 -0.008583 -0.001717
1757664960.000257 -0.050164 0.007439 0.002098 -0.002861 0.016274 -0.002101 -0.032998 -0.003624 0.013924 -0.016212 -0.001883 0.004856 0.089074 -0.020409 0.001717 -0.000572 -0.054360 0.024223 0.036050 -0.345045 -0.016975 -0.008583 -0.001717
1757664960.002183 -0.050164 0.007439 0.002098 -0.002861 0.016274 -0.002101 -0.032998 -0.003624 0.013924 -0.016212 -0.001883 0.004856 0.089074 -0.020409 0.001717 -0.000572 -0.054360 0.024223 0.036050 -0.345045 -0.016975 -0.008583 -0.001717
1757664960.004164 -0.050164 0.007439 0.002098 -0.002861 0.016274 -0.002101 -0.032998 -0.003624 0.013924 -0.016212 -0.001883 0.004856 0.089074 -0.020409 0.001717 -0.000572 -0.054360 0.024223 0.036050 -0.345045 -0.016975 -0.008583 -0.001717
1757664960.006262 -0.050164 0.007439 0.002098 -0.002861 0.016274 -0.002101 -0.032998 -0.003624 0.013924 -0.016212 -0.001883 0.004856 0.089074 -0.020409 0.001717 -0.000572 -0.054360 0.024223 0.036050 -0.345045 -0.016975 -0.008583 -0.001717
1757664960.008194 -0.050164 0.007439 0.002098 -0.002861 0.016274 -0.002101 -0.032998 -0.003624 0.013924 -0.016212 -0.001883 0.004856 0.089074 -0.020409 0.001717 -0.000572 -0.054360 0.024223 0.036050 -0.345045 -0.016975 -0.008583 -0.001717
1757664960.010191 -0.050164 0.007439 0.002098 -0.002861 0.016274 -0.002101 -0.032998 -0.003624 0.013924 -0.016212 -0.001883 0.004856 0.089074 -0.020409 0.001717 -0.000572 -0.054360 0.024223 0.036050 -0.345045 -0.016975 -0.008583 -0.001717
1757664960.012171 -0.050164 0.007439 0.002098 -0.002861 0.016274 -0.002101 -0.032998 -0.003624 0.013924 -0.016212 -0.001883 0.004856 0.089074 -0.020409 0.001717 -0.000572 -0.054360 0.024223 0.036050 -0.345045 -0.016975 -0.008583 -0.001717
1757664960.014148 -0.050164 0.007439 0.002098 -0.002861 0.016274 -0.002101 -0.032998 -0.003624 0.013924 -0.016212 -0.001883 0.004856 0.089074 -0.020409 0.001717 -0.000572 -0.054360 0.024223 0.036050 -0.345045 -0.016975 -0.008583 -0.001717
1757664960.016144 -0.050164 0.007439 0.002098 -0.002861 0.016274 -0.002101 -0.032998 -0.003624 0.013924 -0.016212 -0.001883 0.004856 0.089074 -0.020409 0.001717 -0.000572 -0.054360 0.024223 0.036050 -0.345045 -0.016975 -0.008583 -0.001717
1757664960.018150 -0.050164 0.007439 0.002098 -0.002861 0.016274 -0.002101 -0.032998 -0.003624 0.013924 -0.016212 -0.001883 0.004856 0.089074 -0.020409 0.001717 -0.000572 -0.054360 0.024223 0.036050 -0.345045 -0.016975 -0.008583 -0.001717
1757664960.020155 -0.050164 0.007439 0.002098 -0.002861 0.016274 -0.002101 -0.032998 -0.003624 0.013924 -0.016212 -0.001883 0.004856 0.089074 -0.020409 0.001717 -0.000572 -0.054360 0.024223 0.036050 -0.345045 -0.016975 -0.008583 -0.001717
1757664960.022140 -0.050164 0.007439 0.002098 -0.002861 0.016274 -0.002101 -0.032998 -0.003624 0.013924 -0.016212 -0.001883 0.004856 0.089074 -0.020409 0.001717 -0.000572 -0.054360 0.024223 0.036050 -0.345045 -0.016975 -0.008583 -0.001717
1757664960.024135 -0.050164 0.007439 0.002098 -0.002861 0.016274 -0.002101 -0.032998 -0.003624 0.013924 -0.016212 -0.001883 0.004856 0.089074 -0.020409 0.001717 -0.000572 -0.054360 0.024223 0.036050 -0.345045 -0.016975 -0.008583 -0.001717
1757664960.026151 -0.050164 0.007439 0.002098 -0.002861 0.016274 -0.002101 -0.032998 -0.003624 0.013924 -0.016212 -0.001883 0.004856 0.089074 -0.020409 0.001717 -0.000572 -0.054360 0.024223 0.036050 -0.345045 -0.016975 -0.008583 -0.001717
1757664960.028136 -0.050164 0.007439 0.002098 -0.002861 0.016274 -0.002101 -0.032998 -0.003624 0.013924 -0.016212 -0.001883 0.004856 0.089074 -0.020409 0.001717 -0.000572 -0.054360 0.024223 0.036050 -0.345045 -0.016975 -0.008583 -0.001717
1757664960.030139 -0.050164 0.007439 0.002098 -0.002861 0.016274 -0.002101 -0.032998 -0.003624 0.013924 -0.016212 -0.001883 0.004856 0.089074 -0.020409 0.001717 -0.000572 -0.054360 0.024223 0.036431 -0.345045 -0.016975 -0.008583 -0.001717
1757664960.032161 -0.050164 0.007439 0.002098 -0.002861 0.016274 -0.002101 -0.032998 -0.003624 0.013924 -0.016212 -0.001883 0.004856 0.089074 -0.020409 0.001717 -0.000572 -0.054360 0.024223 0.036050 -0.345045 -0.016975 -0.008583 -0.001717
1757664960.034166 -0.050164 0.007439 0.002098 -0.002861 0.016274 -0.002101 -0.032998 -0.003624 0.013924 -0.016212 -0.001883 0.004856 0.089074 -0.020409 0.001717 -0.000572 -0.054360 0.024223 0.036050 -0.345045 -0.016975 -0.008583 -0.001717
1757664960.036152 -0.050164 0.007439 0.002098 -0.002861 0.016274 -0.002101 -0.032998 -0.003624 0.013924 -0.016212 -0.001883 0.004856 0.089074 -0.020409 0.001717 -0.000572 -0.054360 0.024223 0.036431 -0.345045 -0.016975 -0.008583 -0.001717
1757664960.038141 -0.050164 0.007439 0.002098 -0.002861 0.016274 -0.002101 -0.032998 -0.003624 0.013924 -0.016212 -0.001883 0.004856 0.089074 -0.020409 0.001717 -0.000572 -0.054360 0.024223 0.036431 -0.345045 -0.016975 -0.008583 -0.001717
1757664960.040155 -0.050164 0.007439 0.002098 -0.002861 0.016274 -0.002101 -0.032998 -0.003624 0.013924 -0.016212 -0.001883 0.004856 0.089074 -0.020409 0.001717 -0.000572 -0.054360 0.024223 0.036431 -0.345045 -0.016975 -0.008583 -0.001717
1757664960.042142 -0.050164 0.007439 0.002098 -0.002861 0.016274 -0.002101 -0.032998 -0.003624 0.013924 -0.016212 -0.001883 0.004856 0.089074 -0.020409 0.001717 -0.000572 -0.054360 0.024223 0.036431 -0.345045 -0.016975 -0.008583 -0.001717
1757664960.044143 -0.050164 0.007439 0.002098 -0.002861 0.016274 -0.002101 -0.032998 -0.003624 0.013924 -0.016212 -0.001883 0.004856 0.089074 -0.020409 0.001717 -0.000572 -0.054360 0.024223 0.036431 -0.345045 -0.016975 -0.008583 -0.001717
1757664960.046144 -0.050164 0.007439 0.002098 -0.002861 0.016274 -0.002101 -0.032998 -0.003624 0.013924 -0.016212 -0.001883 0.004856 0.089074 -0.020409 0.001717 -0.000572 -0.054360 0.024223 0.036431 -0.345045 -0.016975 -0.008583 -0.001717
1757664960.048153 -0.050164 0.007439 0.002098 -0.002861 0.016274 -0.002101 -0.032998 -0.003624 0.013924 -0.016212 -0.001883 0.004856 0.089074 -0.020409 0.001717 -0.000572 -0.054360 0.024223 0.036431 -0.345045 -0.016975 -0.008583 -0.001717
1757664960.050157 -0.050164 0.007439 0.002098 -0.002861 0.016274 -0.002101 -0.032998 -0.003624 0.013924 -0.016212 -0.001883 0.004856 0.089074 -0.020409 0.001717 -0.000572 -0.054360 0.024223 0.036431 -0.345045 -0.016975 -0.008583 -0.001717
1757664960.052165 -0.050164 0.007439 0.002098 -0.002861 0.016274 -0.002101 -0.032998 -0.003624 0.013924 -0.016212 -0.001883 0.004856 0.089074 -0.020409 0.001717 -0.000572 -0.054360 0.024223 0.036431 -0.345045 -0.016975 -0.008583 -0.001717
1757664960.054193 -0.050164 0.007439 0.002098 -0.002861 0.016274 -0.002101 -0.032998 -0.003624 0.013924 -0.016212 -0.001883 0.004856 0.089074 -0.020409 0.001717 -0.000572 -0.054360 0.024223 0.036431 -0.345045 -0.016975 -0.008583 -0.001717
1757664960.056174 -0.050164 0.007439 0.002098 -0.002861 0.016274 -0.002101 -0.032998 -0.003624 0.013924 -0.016212 -0.001883 0.004856 0.089074 -0.020409 0.001717 -0.000572 -0.054360 0.024223 0.036431 -0.345045 -0.016975 -0.008583 -0.001717
1757664960.058172 -0.050164 0.007439 0.002098 -0.002861 0.016274 -0.002101 -0.032998 -0.003624 0.013924 -0.016212 -0.001883 0.004856 0.089074 -0.020409 0.001717 -0.000572 -0.054360 0.024223 0.036431 -0.345045 -0.016975 -0.008583 -0.001717
1757664960.060169 -0.050164 0.007439 0.002098 -0.002861 0.016274 -0.002101 -0.032998 -0.003624 0.013924 -0.016212 -0.001883 0.004856 0.089074 -0.020409 0.001717 -0.000572 -0.054360 0.024223 0.036431 -0.345045 -0.016975 -0.008583 -0.001717
1757664960.062239 -0.050164 0.007439 0.002098 -0.002861 0.016274 -0.002101 -0.032998 -0.003624 0.013924 -0.016212 -0.001883 0.004856 0.089074 -0.020409 0.001717 -0.000572 -0.054360 0.024223 0.036431 -0.345045 -0.016975 -0.008583 -0.001717
1757664960.064221 -0.050164 0.007439 0.002098 -0.002861 0.016274 -0.002101 -0.032998 -0.003624 0.013924 -0.016212 -0.001883 0.004856 0.089074 -0.020409 0.001717 -0.000572 -0.054360 0.024223 0.036431 -0.345045 -0.016975 -0.008583 -0.001717
1757664960.066213 -0.050164 0.007439 0.002098 -0.002861 0.016274 -0.002101 -0.032998 -0.003624 0.013924 -0.016212 -0.001883 0.004856 0.089074 -0.020409 0.001717 -0.000572 -0.054360 0.024223 0.036431 -0.345045 -0.016975 -0.008583 -0.001717
1757664960.068217 -0.050164 0.007439 0.002098 -0.002861 0.016274 -0.002101 -0.032998 -0.003624 0.013924 -0.016212 -0.001883 0.004856 0.089074 -0.020409 0.001717 -0.000572 -0.054360 0.024223 0.036431 -0.345045 -0.016975 -0.008583 -0.001717
1757664960.070209 -0.050164 0.007439 0.002098 -0.002861 0.016274 -0.002101 -0.032998 -0.003624 0.013924 -0.016212 -0.001883 0.004856 0.089074 -0.020409 0.001717 -0.000572 -0.054360 0.024223 0.036431 -0.345045 -0.016975 -0.008583 -0.001717
1757664960.072211 -0.050164 0.007439 0.002098 -0.002861 0.016274 -0.002101 -0.032998 -0.003624 0.013924 -0.016212 -0.001883 0.004856 0.089074 -0.020409 0.001717 -0.000572 -0.054360 0.024223 0.036431 -0.345045 -0.016975 -0.008583 -0.001717
1757664960.074231 -0.050164 0.007439 0.002098 -0.002861 0.016274 -0.002101 -0.032998 -0.003624 0.013924 -0.016212 -0.001883 0.004856 0.089074 -0.020409 0.001717 -0.000572 -0.054360 0.024223 0.036431 -0.345045 -0.016975 -0.008583 -0.001717
1757664960.076213 -0.050164 0.007439 0.002098 -0.002861 0.016274 -0.002101 -0.032998 -0.003624 0.013924 -0.016212 -0.001883 0.004856 0.089074 -0.020409 0.001717 -0.000572 -0.054360 0.024223 0.036431 -0.345045 -0.016975 -0.008583 -0.001717
1757664960.078206 -0.050164 0.007439 0.002098 -0.002861 0.016274 -0.002101 -0.032998 -0.003624 0.013924 -0.016212 -0.001883 0.004856 0.089074 -0.020409 0.001717 -0.000572 -0.054360 0.024223 0.036431 -0.345045 -0.016975 -0.008583 -0.001717
1757664960.080210 -0.050164 0.007439 0.002098 -0.002861 0.016274 -0.002101 -0.032998 -0.003624 0.013924 -0.016212 -0.001883 0.004856 0.089074 -0.020409 0.001717 -0.000572 -0.054360 0.024223 0.036431 -0.345045 -0.016975 -0.008583 -0.001717
1757664960.082217 -0.050164 0.007439 0.002098 -0.002861 0.016274 -0.002101 -0.032998 -0.003624 0.013924 -0.016212 -0.001883 0.004856 0.089074 -0.020409 0.001717 -0.000572 -0.054360 0.024223 0.036431 -0.345045 -0.016975 -0.008583 -0.001717
1757664960.084210 -0.050164 0.007439 0.002098 -0.002861 0.016274 -0.002101 -0.032998 -0.003624 0.013924 -0.016212 -0.001883 0.004856 0.089074 -0.020409 0.001717 -0.000572 -0.054360 0.024223 0.036431 -0.345045 -0.016975 -0.008583 -0.001717
1757664960.086201 -0.050164 0.007439 0.002098 -0.002861 0.016274 -0.002101 -0.032998 -0.003624 0.013924 -0.016212 -0.001883 0.004856 0.089074 -0.020409 0.001717 -0.000572 -0.054360 0.024223 0.036431 -0.345045 -0.016975 -0.008583 -0.001717
1757664960.088222 -0.050164 0.007439 0.002098 -0.002861 0.016274 -0.002101 -0.032998 -0.003624 0.013924 -0.016212 -0.001883 0.004856 0.089074 -0.020409 0.001717 -0.000572 -0.054360 0.024223 0.036431 -0.345045 -0.016975 -0.008583 -0.001717
1757664960.090201 -0.050164 0.007439 0.002098 -0.002861 0.016274 -0.002101 -0.032998 -0.003624 0.013924 -0.016212 -0.001883 0.004856 0.089074 -0.020409 0.001717 -0.000572 -0.054360 0.024223 0.036431 -0.345045 -0.016975 -0.008583 -0.001717
1757664960.092195 -0.050164 0.007439 0.002098 -0.002861 0.016274 -0.002101 -0.032998 -0.003624 0.013924 -0.016212 -0.001883 0.004856 0.089074 -0.020409 0.001717 -0.000572 -0.054360 0.024223 0.036431 -0.345045 -0.016975 -0.008583 -0.001717
1757664960.094195 -0.050164 0.007439 0.002098 -0.002861 0.016274 -0.002101 -0.032998 -0.003624 0.013924 -0.016212 -0.001883 0.004856 0.089074 -0.020409 0.001717 -0.000572 -0.054360 0.024223 0.036431 -0.345045 -0.016975 -0.008583 -0.001717
1757664960.096209 -0.050164 0.007439 0.002098 -0.002861 0.016274 -0.002101 -0.032998 -0.003624 0.013924 -0.016212 -0.001883 0.004856 0.089074 -0.020409 0.001717 -0.000572 -0.054360 0.024223 0.036431 -0.345045 -0.016975 -0.008583 -0.001717
1757664960.098190 -0.050164 0.007439 0.002098 -0.002861 0.016274 -0.002101 -0.032998 -0.003624 0.013924 -0.016212 -0.001883 0.004856 0.089074 -0.020409 0.001717 -0.000572 -0.054360 0.024223 0.036431 -0.345045 -0.016975 -0.008583 -0.001717
1757664960.100190 -0.050164 0.007439 0.002098 -0.002861 0.016274 -0.002101 -0.032998 -0.003624 0.013924 -0.016212 -0.001883 0.004856 0.089074 -0.020409 0.001717 -0.000572 -0.054360 0.024223 0.036431 -0.345045 -0.016975 -0.008583 -0.001717
1757664960.102182 -0.050164 0.007439 0.002098 -0.002861 0.016274 -0.002101 -0.032998 -0.003624 0.013924 -0.016212 -0.001883 0.004856 0.089074 -0.020409 0.001717 -0.000572 -0.054360 0.024223 0.036431 -0.345045 -0.016975 -0.008583 -0.001717
1757664960.104191 -0.050164 0.007439 0.002098 -0.002861 0.016274 -0.002101 -0.032998 -0.003624 0.013924 -0.016212 -0.001883 0.004856 0.089074 -0.020409 0.001717 -0.000572 -0.054360 0.024223 0.036431 -0.345045 -0.016975 -0.008583 -0.001717
1757664960.106190 -0.050164 0.007439 0.002098 -0.002861 0.016274 -0.002101 -0.032998 -0.003624 0.013924 -0.016212 -0.001883 0.004856 0.089074 -0.020409 0.001717 -0.000572 -0.054360 0.024223 0.036431 -0.345045 -0.016975 -0.008583 -0.001717
1757664960.108179 -0.050164 0.007439 0.002098 -0.002861 0.016274 -0.002101 -0.032998 -0.003624 0.013924 -0.016212 -0.001883 0.004856 0.089074 -0.020409 0.001717 -0.000572 -0.054360 0.024223 0.036431 -0.345045 -0.016975 -0.008583 -0.001717
1757664960.110182 -0.050164 0.007439 0.002098 -0.002861 0.016274 -0.002101 -0.032998 -0.003624 0.013924 -0.016212 -0.001883 0.004856 0.089074 -0.020409 0.001717 -0.000572 -0.054360 0.024223 0.036431 -0.345045 -0.016975 -0.008583 -0.001717
1757664960.112262 -0.050164 0.007439 0.002098 -0.002861 0.016274 -0.002101 -0.032998 -0.003624 0.013924 -0.016212 -0.001883 0.004856 0.089074 -0.020409 0.001717 -0.000572 -0.054360 0.024223 0.036431 -0.345045 -0.016975 -0.008583 -0.001717
1757664960.114173 -0.050164 0.007439 0.002098 -0.002861 0.016274 -0.002101 -0.032998 -0.003624 0.013924 -0.016212 -0.001883 0.004856 0.089074 -0.020409 0.001717 -0.000572 -0.054360 0.024223 0.036431 -0.345045 -0.016975 -0.008583 -0.001717
1757664960.116187 -0.050164 0.007439 0.002098 -0.002861 0.016274 -0.002101 -0.032998 -0.003624 0.013924 -0.016212 -0.001883 0.004856 0.089074 -0.020409 0.001717 -0.000572 -0.054360 0.024223 0.036431 -0.345045 -0.016975 -0.008583 -0.001717
1757664960.118160 -0.050164 0.007439 0.002098 -0.002861 0.016274 -0.002101 -0.032998 -0.003624 0.013924 -0.016212 -0.001883 0.004856 0.089074 -0.020409 0.001717 -0.000572 -0.054360 0.024223 0.036431 -0.345045 -0.016975 -0.008583 -0.001717
1757664960.120154 -0.050164 0.007439 0.002098 -0.002861 0.016274 -0.002101 -0.032998 -0.003624 0.013924 -0.016212 -0.001883 0.004856 0.089074 -0.020409 0.001717 -0.000572 -0.054360 0.024223 0.036431 -0.345045 -0.016975 -0.008583 -0.001717
1757664960.122149 -0.050164 0.007439 0.002098 -0.002861 0.016274 -0.002101 -0.032998 -0.003624 0.013924 -0.016212 -0.001883 0.004856 0.089074 -0.020409 0.001717 -0.000572 -0.054360 0.024223 0.036431 -0.345045 -0.016975 -0.008583 -0.001717
1757664960.124154 -0.050164 0.007439 0.002098 -0.002861 0.016274 -0.002101 -0.032998 -0.003624 0.013924 -0.016212 -0.001883 0.004856 0.089074 -0.020409 0.001717 -0.000572 -0.054360 0.024223 0.036431 -0.345045 -0.016975 -0.008583 -0.001717
1757664960.126237 -0.050164 0.007439 0.002098 -0.002861 0.016274 -0.002101 -0.032998 -0.003624 0.013924 -0.016212 -0.001883 0.004856 0.089074 -0.020409 0.001717 -0.000572 -0.054360 0.024223 0.036431 -0.345045 -0.016975 -0.008583 -0.001717
1757664960.128157 -0.050164 0.007439 0.002098 -0.002861 0.016274 -0.002101 -0.032998 -0.003624 0.013924 -0.016212 -0.001883 0.004856 0.089074 -0.020409 0.001717 -0.000572 -0.054360 0.024223 0.036431 -0.345045 -0.016975 -0.008583 -0.001717
1757664960.130168 -0.050164 0.007439 0.002098 -0.002861 0.016274 -0.002101 -0.032998 -0.003624 0.013924 -0.016212 -0.001883 0.004856 0.089074 -0.020409 0.001717 -0.000572 -0.054360 0.024223 0.036431 -0.345045 -0.016975 -0.008583 -0.001717
1757664960.132149 -0.050164 0.007439 0.002098 -0.002861 0.016274 -0.002101 -0.032998 -0.003624 0.013924 -0.016212 -0.001883 0.004856 0.089074 -0.020409 0.001717 -0.000572 -0.054360 0.024223 0.036431 -0.345045 -0.016975 -0.008583 -0.001717
1757664960.134148 -0.050164 0.007439 0.002098 -0.002861 0.016274 -0.002101 -0.032998 -0.003624 0.013924 -0.016212 -0.001883 0.004856 0.089074 -0.020409 0.001717 -0.000572 -0.054360 0.024223 0.036431 -0.345045 -0.016975 -0.008583 -0.001717
1757664960.136153 -0.050164 0.007439 0.002098 -0.002861 0.016274 -0.002101 -0.032998 -0.003624 0.013924 -0.016212 -0.001883 0.004856 0.089074 -0.020409 0.001717 -0.000572 -0.054360 0.024223 0.036431 -0.345045 -0.016975 -0.008583 -0.001717
1757664960.138155 -0.050164 0.007439 0.002098 -0.002861 0.016274 -0.002101 -0.032998 -0.003624 0.013924 -0.016212 -0.001883 0.004856 0.089074 -0.020409 0.001717 -0.000572 -0.054360 0.024223 0.036431 -0.345045 -0.016975 -0.008583 -0.001717
1757664960.140158 -0.050164 0.007439 0.002098 -0.002861 0.016274 -0.002101 -0.032998 -0.003624 0.013924 -0.016212 -0.001883 0.004856 0.089074 -0.020409 0.001717 -0.000572 -0.054360 0.024223 0.036431 -0.345045 -0.016975 -0.008583 -0.001717
1757664960.142174 -0.050164 0.007439 0.002098 -0.002861 0.016274 -0.002101 -0.032998 -0.003624 0.013924 -0.016212 -0.001883 0.004856 0.089074 -0.020409 0.001717 -0.000572 -0.054360 0.024223 0.036431 -0.345045 -0.016975 -0.008583 -0.001717
1757664960.144180 -0.050164 0.007439 0.002098 -0.002861 0.016274 -0.002101 -0.032998 -0.003624 0.013924 -0.016212 -0.001883 0.004856 0.089074 -0.020409 0.001717 -0.000572 -0.054360 0.024223 0.036431 -0.345045 -0.016975 -0.008583 -0.001717
1757664960.146171 -0.050164 0.007439 0.002098 -0.002861 0.016274 -0.002101 -0.032998 -0.003624 0.013924 -0.016212 -0.001883 0.004856 0.089074 -0.020409 0.001717 -0.000572 -0.054360 0.024223 0.036431 -0.345045 -0.016975 -0.008583 -0.001717
1757664960.148172 -0.050164 0.007439 0.002098 -0.002861 0.016274 -0.002101 -0.032998 -0.003624 0.013924 -0.016212 -0.001883 0.004856 0.089074 -0.020409 0.001717 -0.000572 -0.054360 0.024223 0.036431 -0.345045 -0.016975 -0.008583 -0.001717
1757664960.150167 -0.050164 0.007439 0.002098 -0.002861 0.016274 -0.002101 -0.032998 -0.003624 0.013924 -0.016212 -0.001883 0.004856 0.089074 -0.020409 0.001717 -0.000572 -0.054360 0.024223 0.036431 -0.345045 -0.016975 -0.008583 -0.001717
1757664960.152179 -0.050164 0.007439 0.002098 -0.002861 0.016274 -0.002101 -0.032998 -0.003624 0.013924 -0.016212 -0.001883 0.004856 0.089074 -0.020409 0.001717 -0.000572 -0.054360 0.024223 0.036431 -0.345045 -0.016975 -0.008583 -0.001717
1757664960.154173 -0.050164 0.007439 0.002098 -0.002861 0.016274 -0.002101 -0.032998 -0.003624 0.013924 -0.016212 -0.001883 0.004856 0.089074 -0.020409 0.001717 -0.000572 -0.054360 0.024223 0.036431 -0.345045 -0.016975 -0.008583 -0.001717
1757664960.156171 -0.050164 0.007439 0.002098 -0.002861 0.016274 -0.002101 -0.032998 -0.003624 0.013924 -0.016212 -0.001883 0.004856 0.089074 -0.020409 0.001717 -0.000572 -0.054360 0.024223 0.036431 -0.345045 -0.016975 -0.008583 -0.001717
1757664960.158204 -0.050164 0.007439 0.002098 -0.002861 0.016274 -0.002101 -0.032998 -0.003624 0.013924 -0.016212 -0.001883 0.004856 0.089074 -0.020409 0.001717 -0.000572 -0.054360 0.024223 0.036431 -0.345045 -0.016975 -0.008583 -0.001717
1757664960.160177 -0.050164 0.007439 0.002098 -0.002861 0.016274 -0.002101 -0.032998 -0.003624 0.013924 -0.016212 -0.001883 0.004856 0.089074 -0.020409 0.001717 -0.000572 -0.054360 0.024223 0.036431 -0.345045 -0.016975 -0.008583 -0.001717
1757664960.162172 -0.050164 0.007439 0.002098 -0.002861 0.016274 -0.002101 -0.032998 -0.003624 0.013924 -0.016212 -0.001883 0.004856 0.089074 -0.020409 0.001717 -0.000572 -0.054360 0.024223 0.036431 -0.345045 -0.016975 -0.008583 -0.001717
1757664960.164177 -0.050164 0.007439 0.002098 -0.002861 0.016274 -0.002101 -0.032998 -0.003624 0.013924 -0.016212 -0.001883 0.004856 0.089074 -0.020409 0.001717 -0.000572 -0.054360 0.024223 0.036431 -0.345045 -0.016975 -0.008583 -0.001717
1757664960.166212 -0.050164 0.007439 0.002098 -0.002861 0.016274 -0.002101 -0.032998 -0.003624 0.013924 -0.016212 -0.001883 0.004856 0.089074 -0.020409 0.001717 -0.000572 -0.054360 0.024223 0.036431 -0.345045 -0.016975 -0.008583 -0.001717
1757664960.168177 -0.050164 0.007439 0.002098 -0.002861 0.016274 -0.002101 -0.032998 -0.003624 0.013924 -0.016212 -0.001883 0.004856 0.089074 -0.020409 0.001717 -0.000572 -0.054360 0.024223 0.036431 -0.345045 -0.016975 -0.008583 -0.001717
1757664960.170171 -0.050164 0.007439 0.002098 -0.002861 0.016274 -0.002101 -0.032998 -0.003624 0.013924 -0.016212 -0.001883 0.004856 0.089074 -0.020409 0.001717 -0.000572 -0.054360 0.024223 0.036431 -0.345045 -0.016975 -0.008583 -0.001717
1757664960.172184 -0.050164 0.007439 0.002098 -0.002861 0.016274 -0.002101 -0.032998 -0.003624 0.013924 -0.016212 -0.001883 0.004856 0.089074 -0.020409 0.001717 -0.000572 -0.054360 0.024223 0.036431 -0.345045 -0.016975 -0.008583 -0.001717
1757664960.174173 -0.050164 0.007439 0.002098 -0.002861 0.016274 -0.002101 -0.032998 -0.003624 0.013924 -0.016212 -0.001883 0.004856 0.089074 -0.020409 0.001717 -0.000572 -0.054360 0.024223 0.036431 -0.345045 -0.016975 -0.008583 -0.001717
1757664960.176172 -0.050164 0.007439 0.002098 -0.002861 0.016274 -0.002101 -0.032998 -0.003624 0.013924 -0.016212 -0.001883 0.004856 0.089074 -0.020409 0.001717 -0.000572 -0.054360 0.024223 0.036431 -0.345045 -0.016975 -0.008583 -0.001717
1757664960.178174 -0.050164 0.007439 0.002098 -0.002861 0.016274 -0.002101 -0.032998 -0.003624 0.013924 -0.016212 -0.001883 0.004856 0.089074 -0.020409 0.001717 -0.000572 -0.054360 0.024223 0.036431 -0.345045 -0.016975 -0.008583 -0.001717
1757664960.180176 -0.050164 0.007439 0.002098 -0.002861 0.016274 -0.002101 -0.032998 -0.003624 0.013924 -0.016212 -0.001883 0.004856 0.089074 -0.020409 0.001717 -0.000572 -0.054360 0.024223 0.036431 -0.345045 -0.016975 -0.008583 -0.001717
1757664960.182172 -0.050164 0.007439 0.002098 -0.002861 0.016274 -0.002101 -0.032998 -0.003624 0.013924 -0.016212 -0.001883 0.004856 0.089074 -0.020409 0.001717 -0.000572 -0.054360 0.024223 0.036431 -0.345045 -0.016975 -0.008583 -0.001717
1757664960.184172 -0.050164 0.007439 0.002098 -0.002861 0.016274 -0.002101 -0.032998 -0.003624 0.013924 -0.016212 -0.001883 0.004856 0.089074 -0.020409 0.001717 -0.000572 -0.054360 0.024223 0.036431 -0.345045 -0.016975 -0.008583 -0.001717
1757664960.186172 -0.050164 0.007439 0.002098 -0.002861 0.016274 -0.002101 -0.032998 -0.003624 0.013924 -0.016212 -0.001883 0.004856 0.089074 -0.020409 0.001717 -0.000572 -0.054360 0.024223 0.036431 -0.345045 -0.016975 -0.008583 -0.001717
1757664960.188175 -0.050164 0.007439 0.002098 -0.002861 0.016274 -0.002101 -0.032998 -0.003624 0.013924 -0.016212 -0.001883 0.004856 0.089074 -0.020409 0.001717 -0.000572 -0.054360 0.024223 0.036431 -0.345045 -0.016975 -0.008583 -0.001717
1757664960.190186 -0.050164 0.007439 0.002098 -0.002861 0.016274 -0.002101 -0.032998 -0.003624 0.013924 -0.016212 -0.001883 0.004856 0.089074 -0.020409 0.001717 -0.000572 -0.054360 0.024223 0.036431 -0.345045 -0.016975 -0.008583 -0.001717
1757664960.192250 -0.050164 0.007439 0.002098 -0.002861 0.016274 -0.002101 -0.032998 -0.003624 0.013924 -0.016212 -0.001883 0.004856 0.089074 -0.020409 0.001717 -0.000572 -0.054360 0.024223 0.036431 -0.345045 -0.016975 -0.008583 -0.001717
1757664960.194206 -0.050164 0.007439 0.002098 -0.002861 0.016274 -0.002101 -0.032998 -0.003624 0.013924 -0.016212 -0.001883 0.004856 0.089074 -0.020409 0.001717 -0.000572 -0.054360 0.024223 0.036431 -0.345045 -0.016975 -0.008583 -0.001717
1757664960.196173 -0.050164 0.007439 0.002098 -0.002861 0.016274 -0.002101 -0.032998 -0.003624 0.013924 -0.016212 -0.001883 0.004856 0.089074 -0.020409 0.001717 -0.000572 -0.054360 0.024223 0.036431 -0.345045 -0.016975 -0.008583 -0.001717
1757664960.198172 -0.050164 0.007439 0.002098 -0.002861 0.016274 -0.002101 -0.032998 -0.003624 0.013924 -0.016212 -0.001883 0.004856 0.089074 -0.020409 0.001717 -0.000572 -0.054360 0.024223 0.036431 -0.345045 -0.016975 -0.008583 -0.001717
1757664960.200174 -0.050164 0.007439 0.002098 -0.002861 0.016274 -0.002101 -0.032998 -0.003624 0.013924 -0.016212 -0.001883 0.004856 0.089074 -0.020409 0.001717 -0.000572 -0.054360 0.024223 0.036431 -0.345045 -0.016975 -0.008583 -0.001717
1757664960.202168 -0.050164 0.007439 0.002098 -0.002861 0.016274 -0.002101 -0.032998 -0.003624 0.013924 -0.016212 -0.001883 0.004856 0.089074 -0.020409 0.001717 -0.000572 -0.054360 0.024223 0.036431 -0.345045 -0.016975 -0.008583 -0.001717
1757664960.204173 -0.050164 0.007439 0.002098 -0.002861 0.016274 -0.002101 -0.032998 -0.003624 0.013924 -0.016212 -0.001883 0.004856 0.089074 -0.020409 0.001717 -0.000572 -0.054360 0.024223 0.036431 -0.345045 -0.016975 -0.008583 -0.001717
1757664960.206176 -0.050164 0.007439 0.002098 -0.002861 0.016274 -0.002101 -0.032998 -0.003624 0.013924 -0.016212 -0.001883 0.004856 0.089074 -0.020409 0.001717 -0.000572 -0.054360 0.024223 0.036431 -0.345045 -0.016975 -0.008583 -0.001717
1757664960.208175 -0.050164 0.007439 0.002098 -0.002861 0.016274 -0.002101 -0.032998 -0.003624 0.013924 -0.016212 -0.001883 0.004856 0.089074 -0.020409 0.001717 -0.000572 -0.054360 0.024223 0.036431 -0.345045 -0.016975 -0.008583 -0.001717
1757664960.210174 -0.050164 0.007439 0.002098 -0.002861 0.016274 -0.002101 -0.032998 -0.003624 0.013924 -0.016212 -0.001883 0.004856 0.089074 -0.020409 0.001717 -0.000572 -0.054360 0.024223 0.036431 -0.345045 -0.016975 -0.008583 -0.001717
1757664960.212171 -0.050164 0.007439 0.002098 -0.002861 0.016274 -0.002101 -0.032998 -0.003624 0.013924 -0.016212 -0.001883 0.004856 0.089074 -0.020409 0.001717 -0.000572 -0.054360 0.024223 0.036431 -0.345045 -0.016975 -0.008583 -0.001717
1757664960.214175 -0.050164 0.007439 0.002098 -0.002861 0.016274 -0.002101 -0.032998 -0.003624 0.013924 -0.016212 -0.001883 0.004856 0.089074 -0.020409 0.001717 -0.000572 -0.054360 0.024223 0.036431 -0.345045 -0.016975 -0.008583 -0.001717
1757664960.216169 -0.050164 0.007439 0.002098 -0.002861 0.016274 -0.002101 -0.032998 -0.003624 0.013924 -0.016212 -0.001883 0.004856 0.089074 -0.020409 0.001717 -0.000572 -0.054360 0.024223 0.036431 -0.345045 -0.016975 -0.008583 -0.001717
1757664960.218175 -0.050164 0.007439 0.002098 -0.002861 0.016274 -0.002101 -0.032998 -0.003624 0.013924 -0.016212 -0.001883 0.004856 0.089074 -0.020409 0.001717 -0.000572 -0.054360 0.024223 0.036431 -0.345045 -0.016975 -0.008583 -0.001717
1757664960.220204 -0.050164 0.007439 0.002098 -0.002861 0.016274 -0.002101 -0.032998 -0.003624 0.013924 -0.016212 -0.001883 0.004856 0.089074 -0.020409 0.001717 -0.000572 -0.054360 0.024223 0.036431 -0.345045 -0.016975 -0.008583 -0.001717
1757664960.222177 -0.050164 0.007439 0.002098 -0.002861 0.016274 -0.002101 -0.032998 -0.003624 0.013924 -0.016212 -0.001883 0.004856 0.089074 -0.020409 0.001717 -0.000572 -0.054360 0.024223 0.036431 -0.345045 -0.016975 -0.008583 -0.001717
1757664960.224170 -0.050164 0.007439 0.002098 -0.002861 0.016274 -0.002101 -0.032998 -0.003624 0.013924 -0.016212 -0.001883 0.004856 0.089074 -0.020409 0.001717 -0.000572 -0.054360 0.024223 0.036431 -0.345045 -0.016975 -0.008583 -0.001717
1757664960.226172 -0.050164 0.007439 0.002098 -0.002861 0.016274 -0.002101 -0.032998 -0.003624 0.013924 -0.016212 -0.001883 0.004856 0.089074 -0.020409 0.001717 -0.000572 -0.054360 0.024223 0.036431 -0.345045 -0.016975 -0.008583 -0.001717
1757664960.228172 -0.050164 0.007439 0.002098 -0.002861 0.016274 -0.002101 -0.032998 -0.003624 0.013924 -0.016212 -0.001883 0.004856 0.089074 -0.020409 0.001717 -0.000572 -0.054360 0.024223 0.036431 -0.345045 -0.016975 -0.008583 -0.001717
1757664960.230170 -0.050164 0.007439 0.002098 -0.002861 0.016274 -0.002101 -0.032998 -0.003624 0.013924 -0.016212 -0.001883 0.004856 0.089074 -0.020409 0.001717 -0.000572 -0.054360 0.024223 0.036431 -0.345045 -0.016975 -0.008583 -0.001717
1757664960.232171 -0.050164 0.007439 0.002098 -0.002861 0.016274 -0.002101 -0.032998 -0.003624 0.013924 -0.016212 -0.001883 0.004856 0.089074 -0.020409 0.001717 -0.000572 -0.054360 0.024223 0.036431 -0.345045 -0.016975 -0.008583 -0.001717
1757664960.234176 -0.050164 0.007439 0.002098 -0.002861 0.016274 -0.002101 -0.032998 -0.003624 0.013924 -0.016212 -0.001883 0.004856 0.089074 -0.020409 0.001717 -0.000572 -0.054360 0.024223 0.036431 -0.345045 -0.016975 -0.008583 -0.001717
1757664960.236173 -0.050164 0.007439 0.002098 -0.002861 0.016274 -0.002101 -0.032998 -0.003624 0.013924 -0.016212 -0.001883 0.004856 0.089074 -0.020409 0.001717 -0.000572 -0.054360 0.024223 0.036431 -0.345045 -0.016975 -0.008583 -0.001717
1757664960.238173 -0.050164 0.007439 0.002098 -0.002861 0.016274 -0.002101 -0.032998 -0.003624 0.013924 -0.016212 -0.001883 0.004856 0.089074 -0.020409 0.001717 -0.000572 -0.054360 0.024223 0.036431 -0.345045 -0.016975 -0.008583 -0.001717
1757664960.240170 -0.050164 0.007439 0.002098 -0.002861 0.016274 -0.002101 -0.032998 -0.003624 0.013924 -0.016212 -0.001883 0.004856 0.089074 -0.020409 0.001717 -0.000572 -0.054360 0.024223 0.036431 -0.345045 -0.016975 -0.008583 -0.001717
1757664960.242170 -0.050164 0.007439 0.002098 -0.002861 0.016274 -0.002101 -0.032998 -0.003624 0.013924 -0.016212 -0.001883 0.004856 0.089074 -0.020409 0.001717 -0.000572 -0.054360 0.024223 0.036431 -0.345045 -0.016975 -0.008583 -0.001717
1757664960.244170 -0.050164 0.007439 0.002098 -0.002861 0.016274 -0.002101 -0.032998 -0.003624 0.013924 -0.016212 -0.001883 0.004856 0.089074 -0.020409 0.001717 -0.000572 -0.054360 0.024223 0.036431 -0.345045 -0.016975 -0.008583 -0.001717
1757664960.246173 -0.050164 0.007439 0.002098 -0.002861 0.016274 -0.002101 -0.032998 -0.003624 0.013924 -0.016212 -0.001883 0.004856 0.089074 -0.020409 0.001717 -0.000572 -0.054360 0.024223 0.036431 -0.345045 -0.016975 -0.008583 -0.001717
1757664960.248171 -0.050164 0.007439 0.002098 -0.002861 0.016274 -0.002101 -0.032998 -0.003624 0.013924 -0.016212 -0.001883 0.004856 0.089074 -0.020409 0.001717 -0.000572 -0.054360 0.024223 0.036431 -0.345045 -0.016975 -0.008583 -0.001717
1757664960.250187 -0.050164 0.007439 0.002098 -0.002861 0.016274 -0.002101 -0.032998 -0.003624 0.013924 -0.016212 -0.001883 0.004856 0.089074 -0.020409 0.001717 -0.000572 -0.054360 0.024223 0.036431 -0.345045 -0.016975 -0.008583 -0.001717
1757664960.252184 -0.050164 0.007439 0.002098 -0.002861 0.016274 -0.002101 -0.032998 -0.003624 0.013924 -0.016212 -0.001883 0.004856 0.089074 -0.020409 0.001717 -0.000572 -0.054360 0.024223 0.036431 -0.345045 -0.016975 -0.008583 -0.001717
1757664960.254174 -0.050164 0.007439 0.002098 -0.002861 0.016274 -0.002101 -0.032998 -0.003624 0.013924 -0.016212 -0.001883 0.004856 0.089074 -0.020409 0.001717 -0.000572 -0.054360 0.024223 0.036431 -0.345045 -0.016975 -0.008583 -0.001717
1757664960.256184 -0.050164 0.007439 0.002098 -0.002861 0.016274 -0.002101 -0.032998 -0.003624 0.013924 -0.016212 -0.001883 0.004856 0.089074 -0.020409 0.001717 -0.000572 -0.054360 0.024223 0.036431 -0.345045 -0.016975 -0.008583 -0.001717
1757664960.258164 -0.050164 0.007439 0.002098 -0.002861 0.016274 -0.002101 -0.032998 -0.003624 0.013924 -0.016212 -0.001883 0.004856 0.089074 -0.020409 0.001717 -0.000572 -0.054360 0.024223 0.036431 -0.345045 -0.016975 -0.008583 -0.001717
1757664960.260177 -0.050164 0.007439 0.002098 -0.002861 0.016274 -0.002101 -0.032998 -0.003624 0.013924 -0.016212 -0.001883 0.004856 0.089074 -0.020409 0.001717 -0.000572 -0.054360 0.024223 0.036431 -0.345045 -0.016975 -0.008583 -0.001717
1757664960.262180 -0.050164 0.007439 0.002098 -0.002861 0.016274 -0.002101 -0.032998 -0.003624 0.013924 -0.016212 -0.001883 0.004856 0.089074 -0.020409 0.001717 -0.000572 -0.054360 0.024223 0.036431 -0.345045 -0.016975 -0.008583 -0.001717
1757664960.264173 -0.050164 0.007439 0.002098 -0.002861 0.016274 -0.002101 -0.032998 -0.003624 0.013924 -0.016212 -0.001883 0.004856 0.089074 -0.020409 0.001717 -0.000572 -0.054360 0.024223 0.036431 -0.345045 -0.016975 -0.008583 -0.001717
1757664960.266174 -0.050164 0.007439 0.002098 -0.002861 0.016274 -0.002101 -0.032998 -0.003624 0.013924 -0.016212 -0.001883 0.004856 0.089074 -0.020409 0.001717 -0.000572 -0.054360 0.024223 0.036431 -0.345045 -0.016975 -0.008583 -0.001717
1757664960.268174 -0.050164 0.007439 0.002098 -0.002861 0.016274 -0.002101 -0.032998 -0.003624 0.013924 -0.016212 -0.001883 0.004856 0.089074 -0.020409 0.001717 -0.000572 -0.054360 0.024223 0.036431 -0.345045 -0.016975 -0.008583 -0.001717
1757664960.270177 -0.050164 0.007439 0.002098 -0.002861 0.016274 -0.002101 -0.032998 -0.003624 0.013924 -0.016212 -0.001883 0.004856 0.089074 -0.020409 0.001717 -0.000572 -0.054360 0.024223 0.036431 -0.345045 -0.016975 -0.008583 -0.001717
1757664960.272171 -0.050164 0.007439 0.002098 -0.002861 0.016274 -0.002101 -0.032998 -0.003624 0.013924 -0.016212 -0.001883 0.004856 0.089074 -0.020409 0.001717 -0.000572 -0.054360 0.024223 0.036431 -0.345045 -0.016975 -0.008583 -0.001717
1757664960.274171 -0.050164 0.007439 0.002098 -0.002861 0.016274 -0.002101 -0.032998 -0.003624 0.013924 -0.016212 -0.001883 0.004856 0.089074 -0.020409 0.001717 -0.000572 -0.054360 0.024223 0.036431 -0.345045 -0.016975 -0.008583 -0.001717
1757664960.276178 -0.050164 0.007439 0.002098 -0.002861 0.016274 -0.002101 -0.032998 -0.003624 0.013924 -0.016212 -0.001883 0.004856 0.089074 -0.020409 0.001717 -0.000572 -0.054360 0.024223 0.036431 -0.345045 -0.016975 -0.008583 -0.001717
1757664960.278156 -0.050164 0.007439 0.002098 -0.002861 0.016274 -0.002101 -0.032998 -0.003624 0.013924 -0.016212 -0.001883 0.004856 0.089074 -0.020409 0.001717 -0.000572 -0.054360 0.024223 0.036431 -0.345045 -0.016975 -0.008583 -0.001717
1757664960.280171 -0.050164 0.007439 0.002098 -0.002861 0.016274 -0.002101 -0.032998 -0.003624 0.013924 -0.016212 -0.001883 0.004856 0.089074 -0.020409 0.001717 -0.000572 -0.054360 0.024223 0.036431 -0.345045 -0.016975 -0.008583 -0.001717
1757664960.282205 -0.050164 0.007439 0.002098 -0.002861 0.016274 -0.002101 -0.032998 -0.003624 0.013924 -0.016212 -0.001883 0.004856 0.089074 -0.020409 0.001717 -0.000572 -0.054360 0.024223 0.036431 -0.345045 -0.016975 -0.008583 -0.001717
1757664960.284190 -0.050164 0.007439 0.002098 -0.002861 0.016274 -0.002101 -0.032998 -0.003624 0.013924 -0.016212 -0.001883 0.004856 0.089074 -0.020409 0.001717 -0.000572 -0.054360 0.024223 0.036431 -0.345045 -0.016975 -0.008583 -0.001717
1757664960.286178 -0.050164 0.007439 0.002098 -0.002861 0.016274 -0.002101 -0.032998 -0.003624 0.013924 -0.016212 -0.001883 0.004856 0.089074 -0.020409 0.001717 -0.000572 -0.054360 0.024223 0.036431 -0.345045 -0.016975 -0.008583 -0.001717
1757664960.288169 -0.050164 0.007439 0.002098 -0.002861 0.016274 -0.002101 -0.032998 -0.003624 0.013924 -0.016212 -0.001883 0.004856 0.089074 -0.020409 0.001717 -0.000572 -0.054360 0.024223 0.036431 -0.345045 -0.016975 -0.008583 -0.001717
1757664960.290178 -0.050164 0.007439 0.002098 -0.002861 0.016274 -0.002101 -0.032998 -0.003624 0.013924 -0.016212 -0.001883 0.004856 0.089074 -0.020409 0.001717 -0.000572 -0.054360 0.024223 0.036431 -0.345045 -0.016975 -0.008583 -0.001717
1757664960.292174 -0.050164 0.007439 0.002098 -0.002861 0.016274 -0.002101 -0.032998 -0.003624 0.013924 -0.016212 -0.001883 0.004856 0.089074 -0.020409 0.001717 -0.000572 -0.054360 0.024223 0.036431 -0.345045 -0.016975 -0.008583 -0.001717
1757664960.294174 -0.050164 0.007439 0.002098 -0.002861 0.016274 -0.002101 -0.032998 -0.003624 0.013924 -0.016212 -0.001883 0.004856 0.089074 -0.020409 0.001717 -0.000572 -0.054360 0.024223 0.036431 -0.345045 -0.016975 -0.008583 -0.001717
1757664960.296168 -0.050164 0.007439 0.002098 -0.002861 0.016274 -0.002101 -0.032998 -0.003624 0.013924 -0.016212 -0.001883 0.004856 0.089074 -0.020409 0.001717 -0.000572 -0.054360 0.024223 0.036431 -0.345045 -0.016975 -0.008583 -0.001717
1757664960.298172 -0.050164 0.007439 0.002098 -0.002861 0.016274 -0.002101 -0.032998 -0.003624 0.013924 -0.016212 -0.001883 0.004856 0.089074 -0.020409 0.001717 -0.000572 -0.054360 0.024223 0.036431 -0.345045 -0.016975 -0.008583 -0.001717
1757664960.300169 -0.050164 0.007439 0.002098 -0.002861 0.016274 -0.002101 -0.032998 -0.003624 0.013924 -0.016212 -0.001883 0.004856 0.089074 -0.020409 0.001717 -0.000572 -0.054360 0.024223 0.036431 -0.345045 -0.016975 -0.008583 -0.001717
1757664960.302170 -0.050164 0.007439 0.002098 -0.002861 0.016274 -0.002101 -0.032998 -0.003624 0.013924 -0.016212 -0.001883 0.004856 0.089074 -0.020409 0.001717 -0.000572 -0.054360 0.024223 0.036431 -0.345045 -0.016975 -0.008583 -0.001717
1757664960.304175 -0.050164 0.007439 0.002098 -0.002861 0.016274 -0.002101 -0.032998 -0.003624 0.013924 -0.016212 -0.001883 0.004856 0.089074 -0.020409 0.001717 -0.000572 -0.054360 0.024223 0.036431 -0.345045 -0.016975 -0.008583 -0.001717
1757664960.306172 -0.050164 0.007439 0.002098 -0.002861 0.016274 -0.002101 -0.032998 -0.003624 0.013924 -0.016212 -0.001883 0.004856 0.089074 -0.020409 0.001717 -0.000572 -0.054360 0.024223 0.036431 -0.345045 -0.016975 -0.008583 -0.001717
1757664960.308169 -0.050164 0.007439 0.002098 -0.002861 0.016274 -0.002101 -0.032998 -0.003624 0.013924 -0.016212 -0.001883 0.004856 0.089074 -0.020409 0.001717 -0.000572 -0.054360 0.024223 0.036431 -0.345045 -0.016975 -0.008583 -0.001717
1757664960.310166 -0.050164 0.007439 0.002098 -0.002861 0.016274 -0.002101 -0.032998 -0.003624 0.013924 -0.016212 -0.001883 0.004856 0.089074 -0.020409 0.001717 -0.000572 -0.054360 0.024223 0.036431 -0.345045 -0.016975 -0.008583 -0.001717
1757664960.312203 -0.050164 0.007439 0.002098 -0.002861 0.016274 -0.002101 -0.032998 -0.003624 0.013924 -0.016212 -0.001883 0.004856 0.089074 -0.020409 0.001717 -0.000572 -0.054360 0.024223 0.036431 -0.345045 -0.016975 -0.008583 -0.001717
1757664960.314183 -0.050164 0.007439 0.002098 -0.002861 0.016274 -0.002101 -0.032998 -0.003624 0.013924 -0.016212 -0.001883 0.004856 0.089074 -0.020409 0.001717 -0.000572 -0.054360 0.024223 0.036431 -0.345045 -0.016975 -0.008583 -0.001717
1757664960.316172 -0.050164 0.007439 0.002098 -0.002861 0.016274 -0.002101 -0.032998 -0.003624 0.013924 -0.016212 -0.001883 0.004856 0.089074 -0.020409 0.001717 -0.000572 -0.054360 0.024223 0.036431 -0.345045 -0.016975 -0.008583 -0.001717
1757664960.318184 -0.050164 0.007439 0.002098 -0.002861 0.016274 -0.002101 -0.032998 -0.003624 0.013924 -0.016212 -0.001883 0.004856 0.089074 -0.020409 0.001717 -0.000572 -0.054360 0.024223 0.036431 -0.345045 -0.016975 -0.008583 -0.001717
1757664960.320170 -0.050164 0.007439 0.002098 -0.002861 0.016274 -0.002101 -0.032998 -0.003624 0.013924 -0.016212 -0.001883 0.004856 0.089074 -0.020409 0.001717 -0.000572 -0.054360 0.024223 0.036431 -0.345045 -0.016975 -0.008583 -0.001717
1757664960.322166 -0.050164 0.007439 0.002098 -0.002861 0.016274 -0.002101 -0.032998 -0.003624 0.013924 -0.016212 -0.001883 0.004856 0.089074 -0.020409 0.001717 -0.000572 -0.054360 0.024223 0.036431 -0.345045 -0.016975 -0.008583 -0.001717
1757664960.324188 -0.050164 0.007439 0.002098 -0.002861 0.016274 -0.002101 -0.032998 -0.003624 0.013924 -0.016212 -0.001883 0.004856 0.089074 -0.020409 0.001717 -0.000572 -0.054360 0.024223 0.036431 -0.345045 -0.016975 -0.008583 -0.001717
1757664960.326172 -0.050164 0.007439 0.002098 -0.002861 0.016274 -0.002101 -0.032998 -0.003624 0.013924 -0.016212 -0.001883 0.004856 0.089074 -0.020409 0.001717 -0.000572 -0.054360 0.024223 0.036431 -0.345045 -0.016975 -0.008583 -0.001717
1757664960.328185 -0.050164 0.007439 0.002098 -0.002861 0.016274 -0.002101 -0.032998 -0.003624 0.013924 -0.016212 -0.001883 0.004856 0.089074 -0.020409 0.001717 -0.000572 -0.054360 0.024223 0.036431 -0.345045 -0.016975 -0.008583 -0.001717
1757664960.330172 -0.050164 0.007439 0.002098 -0.002861 0.016274 -0.002101 -0.032998 -0.003624 0.013924 -0.016212 -0.001883 0.004856 0.089074 -0.020409 0.001717 -0.000572 -0.054360 0.024223 0.036431 -0.345045 -0.016975 -0.008583 -0.001717
1757664960.332174 -0.050164 0.007439 0.002098 -0.002861 0.016274 -0.002101 -0.032998 -0.003624 0.013924 -0.016212 -0.001883 0.004856 0.089074 -0.020409 0.001717 -0.000572 -0.054360 0.024223 0.036431 -0.345045 -0.016975 -0.008583 -0.001717
1757664960.334172 -0.050164 0.007439 0.002098 -0.002861 0.016274 -0.002101 -0.032998 -0.003624 0.013924 -0.016212 -0.001883 0.004856 0.089074 -0.020409 0.001717 -0.000572 -0.054360 0.024223 0.036431 -0.345045 -0.016975 -0.008583 -0.001717
1757664960.336173 -0.050164 0.007439 0.002098 -0.002861 0.016274 -0.002101 -0.032998 -0.003624 0.013924 -0.016212 -0.001883 0.004856 0.089074 -0.020409 0.001717 -0.000572 -0.054360 0.024223 0.036431 -0.345045 -0.016975 -0.008583 -0.001717
1757664960.338180 -0.050164 0.007439 0.002098 -0.002861 0.016274 -0.002101 -0.032998 -0.003624 0.013924 -0.016212 -0.001883 0.004856 0.089074 -0.020409 0.001717 -0.000572 -0.054360 0.024223 0.036431 -0.345045 -0.016975 -0.008583 -0.001717
1757664960.340172 -0.050164 0.007439 0.002098 -0.002861 0.016274 -0.002101 -0.032998 -0.003624 0.013924 -0.016212 -0.001883 0.004856 0.089074 -0.020409 0.001717 -0.000572 -0.054360 0.024223 0.036431 -0.345045 -0.016975 -0.008583 -0.001717
1757664960.342171 -0.050164 0.007439 0.002098 -0.002861 0.016274 -0.002101 -0.032998 -0.003624 0.013924 -0.016212 -0.001883 0.004856 0.089074 -0.020409 0.001717 -0.000572 -0.054360 0.024223 0.036431 -0.345045 -0.016975 -0.008583 -0.001717
1757664960.344171 -0.050164 0.007439 0.002098 -0.002861 0.016274 -0.002101 -0.032998 -0.003624 0.013924 -0.016212 -0.001883 0.004856 0.089074 -0.020409 0.001717 -0.000572 -0.054360 0.024223 0.036431 -0.345045 -0.016975 -0.008583 -0.001717
1757664960.346179 -0.050164 0.007439 0.002098 -0.002861 0.016274 -0.002101 -0.032998 -0.003624 0.013924 -0.016212 -0.001883 0.004856 0.089074 -0.020409 0.001717 -0.000572 -0.054360 0.024223 0.036431 -0.345045 -0.016975 -0.008583 -0.001717
1757664960.348165 -0.050164 0.007439 0.002098 -0.002861 0.016274 -0.002101 -0.032998 -0.003624 0.013924 -0.016212 -0.001883 0.004856 0.089074 -0.020409 0.001717 -0.000572 -0.054360 0.024223 0.036431 -0.345045 -0.016975 -0.008583 -0.001717
1757664960.350179 -0.050164 0.007439 0.002098 -0.002861 0.016274 -0.002101 -0.032998 -0.003624 0.013924 -0.016212 -0.001883 0.004856 0.089074 -0.020409 0.001717 -0.000572 -0.054360 0.024223 0.036431 -0.345045 -0.016975 -0.008583 -0.001717
1757664960.352183 -0.050164 0.007439 0.002098 -0.002861 0.016274 -0.002101 -0.032998 -0.003624 0.013924 -0.016212 -0.001883 0.004856 0.089074 -0.020409 0.001717 -0.000572 -0.054360 0.024223 0.036431 -0.345045 -0.016975 -0.008583 -0.001717
1757664960.354178 -0.050164 0.007439 0.002098 -0.002861 0.016274 -0.002101 -0.032998 -0.003624 0.013924 -0.016212 -0.001883 0.004856 0.089074 -0.020409 0.001717 -0.000572 -0.054360 0.024223 0.036431 -0.345045 -0.016975 -0.008583 -0.001717
1757664960.356171 -0.050164 0.007439 0.002098 -0.002861 0.016274 -0.002101 -0.032998 -0.003624 0.013924 -0.016212 -0.001883 0.004856 0.089074 -0.020409 0.001717 -0.000572 -0.054360 0.024223 0.036431 -0.345045 -0.016975 -0.008583 -0.001717
1757664960.358214 -0.050164 0.007439 0.002098 -0.002861 0.016274 -0.002101 -0.032998 -0.003624 0.013924 -0.016212 -0.001883 0.004856 0.089074 -0.020409 0.001717 -0.000572 -0.054360 0.024223 0.036431 -0.345045 -0.016975 -0.008583 -0.001717
1757664960.360195 -0.050164 0.007439 0.002098 -0.002861 0.016274 -0.002101 -0.032998 -0.003624 0.013924 -0.016212 -0.001883 0.004856 0.089074 -0.020409 0.001717 -0.000572 -0.054360 0.024223 0.036431 -0.345045 -0.016975 -0.008583 -0.001717
1757664960.362160 -0.050164 0.007439 0.002098 -0.002861 0.016274 -0.002101 -0.032998 -0.003624 0.013924 -0.016212 -0.001883 0.004856 0.089074 -0.020409 0.001717 -0.000572 -0.054360 0.024223 0.036431 -0.345045 -0.016975 -0.008583 -0.001717
1757664960.364171 -0.050164 0.007439 0.002098 -0.002861 0.016274 -0.002101 -0.032998 -0.003624 0.013924 -0.016212 -0.001883 0.004856 0.089074 -0.020409 0.001717 -0.000572 -0.054360 0.024223 0.036431 -0.345045 -0.016975 -0.008583 -0.001717
1757664960.366187 -0.050164 0.007439 0.002098 -0.002861 0.016274 -0.002101 -0.032998 -0.003624 0.013924 -0.016212 -0.001883 0.004856 0.089074 -0.020409 0.001717 -0.000572 -0.054360 0.024223 0.036431 -0.345045 -0.016975 -0.008583 -0.001717
1757664960.368174 -0.050164 0.007439 0.002098 -0.002861 0.016274 -0.002101 -0.032998 -0.003624 0.013924 -0.016212 -0.001883 0.004856 0.089074 -0.020409 0.001717 -0.000572 -0.054360 0.024223 0.036431 -0.345045 -0.016975 -0.008583 -0.001717
1757664960.370170 -0.050164 0.007439 0.002098 -0.002861 0.016274 -0.002101 -0.032998 -0.003624 0.013924 -0.016212 -0.001883 0.004856 0.089074 -0.020409 0.001717 -0.000572 -0.054360 0.024223 0.036431 -0.345045 -0.016975 -0.008583 -0.001717
1757664960.372169 -0.050164 0.007439 0.002098 -0.002861 0.016274 -0.002101 -0.032998 -0.003624 0.013924 -0.016212 -0.001883 0.004856 0.089074 -0.020409 0.001717 -0.000572 -0.054360 0.024223 0.036431 -0.345045 -0.016975 -0.008583 -0.001717
1757664960.374173 -0.050164 0.007439 0.002098 -0.002861 0.016274 -0.002101 -0.032998 -0.003624 0.013924 -0.016212 -0.001883 0.004856 0.089074 -0.020409 0.001717 -0.000572 -0.054360 0.024223 0.036431 -0.345045 -0.016975 -0.008583 -0.001717
1757664960.376184 -0.050164 0.007439 0.002098 -0.002861 0.016274 -0.002101 -0.032998 -0.003624 0.013924 -0.016212 -0.001883 0.004856 0.089074 -0.020409 0.001717 -0.000572 -0.054360 0.024223 0.036431 -0.345045 -0.016975 -0.008583 -0.001717
1757664960.378173 -0.050164 0.007439 0.002098 -0.002861 0.016274 -0.002101 -0.032998 -0.003624 0.013924 -0.016212 -0.001883 0.004856 0.089074 -0.020409 0.001717 -0.000572 -0.054360 0.024223 0.036431 -0.345045 -0.016975 -0.008583 -0.001717
1757664960.380162 -0.050164 0.007439 0.002098 -0.002861 0.016274 -0.002101 -0.032998 -0.003624 0.013924 -0.016212 -0.001883 0.004856 0.089074 -0.020409 0.001717 -0.000572 -0.054360 0.024223 0.036431 -0.345045 -0.016975 -0.008583 -0.001717
1757664960.382194 -0.050164 0.007439 0.002098 -0.002861 0.016274 -0.002101 -0.032998 -0.003624 0.013924 -0.016212 -0.001883 0.004856 0.089074 -0.020409 0.001717 -0.000572 -0.054360 0.024223 0.036431 -0.345045 -0.016975 -0.008583 -0.001717
1757664960.384168 -0.050164 0.007439 0.002098 -0.002861 0.016274 -0.002101 -0.032998 -0.003624 0.013924 -0.016212 -0.001883 0.004856 0.089074 -0.020409 0.001717 -0.000572 -0.054360 0.024223 0.036431 -0.345045 -0.016975 -0.008583 -0.001717
1757664960.386166 -0.050164 0.007439 0.002098 -0.002861 0.016274 -0.002101 -0.032998 -0.003624 0.013924 -0.016212 -0.001883 0.004856 0.089074 -0.020409 0.001717 -0.000572 -0.054360 0.024223 0.036431 -0.345045 -0.016975 -0.008583 -0.001717
1757664960.388167 -0.050164 0.007439 0.002098 -0.002861 0.016274 -0.002101 -0.032998 -0.003624 0.013924 -0.016212 -0.001883 0.004856 0.089074 -0.020409 0.001717 -0.000572 -0.054360 0.024223 0.036431 -0.345045 -0.016975 -0.008583 -0.001717
1757664960.390165 -0.050164 0.007439 0.002098 -0.002861 0.016274 -0.002101 -0.032998 -0.003624 0.013924 -0.016212 -0.001883 0.004856 0.089074 -0.020409 0.001717 -0.000572 -0.054360 0.024223 0.036431 -0.345045 -0.016975 -0.008583 -0.001717
1757664960.392171 -0.050164 0.007439 0.002098 -0.002861 0.016274 -0.002101 -0.032998 -0.003624 0.013924 -0.016212 -0.001883 0.004856 0.089074 -0.020409 0.001717 -0.000572 -0.054360 0.024223 0.036431 -0.345045 -0.016975 -0.008583 -0.001717
1757664960.394190 -0.050164 0.007439 0.002098 -0.002861 0.016274 -0.002101 -0.032998 -0.003624 0.013924 -0.016212 -0.001883 0.004856 0.089074 -0.020409 0.001717 -0.000572 -0.054360 0.024223 0.036431 -0.345045 -0.016975 -0.008583 -0.001717
1757664960.396169 -0.050164 0.007439 0.002098 -0.002861 0.016274 -0.002101 -0.032998 -0.003624 0.013924 -0.016212 -0.001883 0.004856 0.089074 -0.020409 0.001717 -0.000572 -0.054360 0.024223 0.036431 -0.345045 -0.016975 -0.008583 -0.001717
1757664960.398168 -0.050164 0.007439 0.002098 -0.002861 0.016274 -0.002101 -0.032998 -0.003624 0.013924 -0.016212 -0.001883 0.004856 0.089074 -0.020409 0.001717 -0.000572 -0.054360 0.024223 0.036431 -0.345045 -0.016975 -0.008583 -0.001717
1757664960.400166 -0.050164 0.007439 0.002098 -0.002861 0.016274 -0.002101 -0.032998 -0.003624 0.013924 -0.016212 -0.001883 0.004856 0.089074 -0.020409 0.001717 -0.000572 -0.054360 0.024223 0.036431 -0.345045 -0.016975 -0.008583 -0.001717
1757664960.402168 -0.050164 0.007439 0.002098 -0.002861 0.016274 -0.002101 -0.032998 -0.003624 0.013924 -0.016212 -0.001883 0.004856 0.089074 -0.020409 0.001717 -0.000572 -0.054360 0.024223 0.036431 -0.345045 -0.016975 -0.008583 -0.001717
1757664960.404167 -0.050164 0.007439 0.002098 -0.002861 0.016274 -0.002101 -0.032998 -0.003624 0.013924 -0.016212 -0.001883 0.004856 0.089074 -0.020409 0.001717 -0.000572 -0.054360 0.024223 0.036431 -0.345045 -0.016975 -0.008583 -0.001717
1757664960.406171 -0.050164 0.007439 0.002098 -0.002861 0.016274 -0.002101 -0.032998 -0.003624 0.013924 -0.016212 -0.001883 0.004856 0.089074 -0.020409 0.001717 -0.000572 -0.054360 0.024223 0.036431 -0.345045 -0.016975 -0.008583 -0.001717
1757664960.408211 -0.050164 0.007439 0.002098 -0.002861 0.016274 -0.002101 -0.032998 -0.003624 0.013924 -0.016212 -0.001883 0.004856 0.089074 -0.020409 0.001717 -0.000572 -0.054360 0.024223 0.036431 -0.345045 -0.016975 -0.008583 -0.001717
1757664960.410182 -0.050164 0.007439 0.002098 -0.002861 0.016274 -0.002101 -0.032998 -0.003624 0.013924 -0.016212 -0.001883 0.004856 0.089074 -0.020409 0.001717 -0.000572 -0.054360 0.024223 0.036431 -0.345045 -0.016975 -0.008583 -0.001717
1757664960.412170 -0.050164 0.007439 0.002098 -0.002861 0.016274 -0.002101 -0.032998 -0.003624 0.013924 -0.016212 -0.001883 0.004856 0.089074 -0.020409 0.001717 -0.000572 -0.054360 0.024223 0.036431 -0.345045 -0.016975 -0.008583 -0.001717
1757664960.414162 -0.050164 0.007439 0.002098 -0.002861 0.016274 -0.002101 -0.032998 -0.003624 0.013924 -0.016212 -0.001883 0.004856 0.089074 -0.020409 0.001717 -0.000572 -0.054360 0.024223 0.036431 -0.345045 -0.016975 -0.008583 -0.001717
1757664960.416166 -0.050164 0.007439 0.002098 -0.002861 0.016274 -0.002101 -0.032998 -0.003624 0.013924 -0.016212 -0.001883 0.004856 0.089074 -0.020409 0.001717 -0.000572 -0.054360 0.024223 0.036431 -0.345045 -0.016975 -0.008583 -0.001717
1757664960.418169 -0.050164 0.007439 0.002098 -0.002861 0.016274 -0.002101 -0.032998 -0.003624 0.013924 -0.016212 -0.001883 0.004856 0.089074 -0.020409 0.001717 -0.000572 -0.054360 0.024223 0.036431 -0.345045 -0.016975 -0.008583 -0.001717
1757664960.420168 -0.050164 0.007439 0.002098 -0.002861 0.016274 -0.002101 -0.032998 -0.003624 0.013924 -0.016212 -0.001883 0.004856 0.089074 -0.020409 0.001717 -0.000572 -0.054360 0.024223 0.036431 -0.345045 -0.016975 -0.008583 -0.001717
1757664960.422169 -0.050164 0.007439 0.002098 -0.002861 0.016274 -0.002101 -0.032998 -0.003624 0.013924 -0.016212 -0.001883 0.004856 0.089074 -0.020409 0.001717 -0.000572 -0.054360 0.024223 0.036431 -0.345045 -0.016975 -0.008583 -0.001717
1757664960.424166 -0.050164 0.007439 0.002098 -0.002861 0.016274 -0.002101 -0.032998 -0.003624 0.013924 -0.016212 -0.001883 0.004856 0.089074 -0.020409 0.001717 -0.000572 -0.054360 0.024223 0.036431 -0.345045 -0.016975 -0.008583 -0.001717
1757664960.426169 -0.050164 0.007439 0.002098 -0.002861 0.016274 -0.002101 -0.032998 -0.003624 0.013924 -0.016212 -0.001883 0.004856 0.089074 -0.020409 0.001717 -0.000572 -0.054360 0.024223 0.036431 -0.345045 -0.016975 -0.008583 -0.001717
1757664960.428188 -0.050164 0.007439 0.002098 -0.002861 0.016274 -0.002101 -0.032998 -0.003624 0.013924 -0.016212 -0.001883 0.004856 0.089074 -0.020409 0.001717 -0.000572 -0.054360 0.024223 0.036431 -0.345045 -0.016975 -0.008583 -0.001717
1757664960.430162 -0.050164 0.007439 0.002098 -0.002861 0.016274 -0.002101 -0.032998 -0.003624 0.013924 -0.016212 -0.001883 0.004856 0.089074 -0.020409 0.001717 -0.000572 -0.054360 0.024223 0.036431 -0.345045 -0.016975 -0.008583 -0.001717
1757664960.432183 -0.050164 0.007439 0.002098 -0.002861 0.016274 -0.002101 -0.032998 -0.003624 0.013924 -0.016212 -0.001883 0.004856 0.089074 -0.020409 0.001717 -0.000572 -0.054360 0.024223 0.036431 -0.345045 -0.016975 -0.008583 -0.001717
1757664960.434167 -0.050164 0.007439 0.002098 -0.002861 0.016274 -0.002101 -0.032998 -0.003624 0.013924 -0.016212 -0.001883 0.004856 0.089074 -0.020409 0.001717 -0.000572 -0.054360 0.024223 0.036431 -0.345045 -0.016975 -0.008583 -0.001717
1757664960.436181 -0.050164 0.007439 0.002098 -0.002861 0.016274 -0.002101 -0.032998 -0.003624 0.013924 -0.016212 -0.001883 0.004856 0.089074 -0.020409 0.001717 -0.000572 -0.054360 0.024223 0.036431 -0.345045 -0.016975 -0.008583 -0.001717
1757664960.438203 -0.050164 0.007439 0.002098 -0.002861 0.016274 -0.002101 -0.032998 -0.003624 0.013924 -0.016212 -0.001883 0.004856 0.089074 -0.020409 0.001717 -0.000572 -0.054360 0.024223 0.036431 -0.345045 -0.016975 -0.008583 -0.001717
1757664960.440169 -0.050164 0.007439 0.002098 -0.002861 0.016274 -0.002101 -0.032998 -0.003624 0.013924 -0.016212 -0.001883 0.004856 0.089074 -0.020409 0.001717 -0.000572 -0.054360 0.024223 0.036431 -0.345045 -0.016975 -0.008583 -0.001717
1757664960.442204 -0.050164 0.007439 0.002098 -0.002861 0.016274 -0.002101 -0.032998 -0.003624 0.013924 -0.016212 -0.001883 0.004856 0.089074 -0.020409 0.001717 -0.000572 -0.054360 0.024223 0.036431 -0.345045 -0.016975 -0.008583 -0.001717
1757664960.444183 -0.050164 0.007439 0.002098 -0.002861 0.016274 -0.002101 -0.032998 -0.003624 0.013924 -0.016212 -0.001883 0.004856 0.089074 -0.020409 0.001717 -0.000572 -0.054360 0.024223 0.036431 -0.345045 -0.016975 -0.008583 -0.001717
1757664960.446170 -0.050164 0.007439 0.002098 -0.002861 0.016274 -0.002101 -0.032998 -0.003624 0.013924 -0.016212 -0.001883 0.004856 0.089074 -0.020409 0.001717 -0.000572 -0.054360 0.024223 0.036431 -0.345045 -0.016975 -0.008583 -0.001717
1757664960.448182 -0.050164 0.007439 0.002098 -0.002861 0.016274 -0.002101 -0.032998 -0.003624 0.013924 -0.016212 -0.001883 0.004856 0.089074 -0.020409 0.001717 -0.000572 -0.054360 0.024223 0.036431 -0.345045 -0.016975 -0.008583 -0.001717
1757664960.450170 -0.050164 0.007439 0.002098 -0.002861 0.016274 -0.002101 -0.032998 -0.003624 0.013924 -0.016212 -0.001883 0.004856 0.089074 -0.020409 0.001717 -0.000572 -0.054360 0.024223 0.036431 -0.345045 -0.016975 -0.008583 -0.001717
1757664960.452186 -0.050164 0.007439 0.002098 -0.002861 0.016274 -0.002101 -0.032998 -0.003624 0.013924 -0.016212 -0.001883 0.004856 0.089074 -0.020409 0.001717 -0.000572 -0.054360 0.024223 0.036431 -0.345045 -0.016975 -0.008583 -0.001717
1757664960.454187 -0.050164 0.007439 0.002098 -0.002861 0.016274 -0.002101 -0.032998 -0.003624 0.013924 -0.016212 -0.001883 0.004856 0.089074 -0.020409 0.001717 -0.000572 -0.054360 0.024223 0.036431 -0.345045 -0.016975 -0.008583 -0.001717
1757664960.456161 -0.050164 0.007439 0.002098 -0.002861 0.016274 -0.002101 -0.032998 -0.003624 0.013924 -0.016212 -0.001883 0.004856 0.089074 -0.020409 0.001717 -0.000572 -0.054360 0.024223 0.036431 -0.345045 -0.016975 -0.008583 -0.001717
1757664960.458187 -0.050164 0.007439 0.002098 -0.002861 0.016274 -0.002101 -0.032998 -0.003624 0.013924 -0.016212 -0.001883 0.004856 0.089074 -0.020409 0.001717 -0.000572 -0.054360 0.024223 0.036431 -0.345045 -0.016975 -0.008583 -0.001717
1757664960.460169 -0.050164 0.007439 0.002098 -0.002861 0.016274 -0.002101 -0.032998 -0.003624 0.013924 -0.016212 -0.001883 0.004856 0.089074 -0.020409 0.001717 -0.000572 -0.054360 0.024223 0.036431 -0.345045 -0.016975 -0.008583 -0.001717
1757664960.462188 -0.050164 0.007439 0.002098 -0.002861 0.016274 -0.002101 -0.032998 -0.003624 0.013924 -0.016212 -0.001883 0.004856 0.089074 -0.020409 0.001717 -0.000572 -0.054360 0.024223 0.036431 -0.345045 -0.016975 -0.008583 -0.001717
1757664960.464167 -0.050164 0.007439 0.002098 -0.002861 0.016274 -0.002101 -0.032998 -0.003624 0.013924 -0.016212 -0.001883 0.004856 0.089074 -0.020409 0.001717 -0.000572 -0.054360 0.024223 0.036431 -0.345045 -0.016975 -0.008583 -0.001717
1757664960.466179 -0.050164 0.007439 0.002098 -0.002861 0.016274 -0.002101 -0.032998 -0.003624 0.013924 -0.016212 -0.001883 0.004856 0.089074 -0.020409 0.001717 -0.000572 -0.054360 0.024223 0.036431 -0.345045 -0.016975 -0.008583 -0.001717
1757664960.468269 -0.050164 0.007439 0.002098 -0.002861 0.016274 -0.002101 -0.032998 -0.003624 0.013924 -0.016212 -0.001883 0.004856 0.089074 -0.020409 0.001717 -0.000572 -0.054360 0.024223 0.036431 -0.345045 -0.016975 -0.008583 -0.001717
1757664960.470200 -0.050164 0.007439 0.002098 -0.002861 0.016274 -0.002101 -0.032998 -0.003624 0.013924 -0.016212 -0.001883 0.004856 0.089074 -0.020409 0.001717 -0.000572 -0.054360 0.024223 0.036431 -0.345045 -0.016975 -0.008583 -0.001717
1757664960.472177 -0.050164 0.007439 0.002098 -0.002861 0.016274 -0.002101 -0.032998 -0.003624 0.013924 -0.016212 -0.001883 0.004856 0.089074 -0.020409 0.001717 -0.000572 -0.054360 0.024223 0.036431 -0.345045 -0.016975 -0.008583 -0.001717
1757664960.474172 -0.050164 0.007439 0.002098 -0.002861 0.016274 -0.002101 -0.032998 -0.003624 0.013924 -0.016212 -0.001883 0.004856 0.089074 -0.020409 0.001717 -0.000572 -0.054360 0.024223 0.036431 -0.345045 -0.016975 -0.008583 -0.001717
1757664960.476177 -0.050164 0.007439 0.002098 -0.002861 0.016274 -0.002101 -0.032998 -0.003624 0.013924 -0.016212 -0.001883 0.004856 0.089074 -0.020409 0.001717 -0.000572 -0.054360 0.024223 0.036431 -0.345045 -0.016975 -0.008583 -0.001717
1757664960.478176 -0.050164 0.007439 0.002098 -0.002861 0.016274 -0.002101 -0.032998 -0.003624 0.013924 -0.016212 -0.001883 0.004856 0.089074 -0.020409 0.001717 -0.000572 -0.054360 0.024223 0.036431 -0.345045 -0.016975 -0.008583 -0.001717
1757664960.480177 -0.050164 0.007439 0.002098 -0.002861 0.016274 -0.002101 -0.032998 -0.003624 0.013924 -0.016212 -0.001883 0.004856 0.089074 -0.020409 0.001717 -0.000572 -0.054360 0.024223 0.036431 -0.345045 -0.016975 -0.008583 -0.001717
1757664960.482168 -0.050164 0.007439 0.002098 -0.002861 0.016274 -0.002101 -0.032998 -0.003624 0.013924 -0.016212 -0.001883 0.004856 0.089074 -0.020409 0.001717 -0.000572 -0.054360 0.024223 0.036431 -0.345045 -0.016975 -0.008583 -0.001717
1757664960.484189 -0.050164 0.007439 0.002098 -0.002861 0.016274 -0.002101 -0.032998 -0.003624 0.013924 -0.016212 -0.001883 0.004856 0.089074 -0.020409 0.001717 -0.000572 -0.054360 0.024223 0.036431 -0.345045 -0.016975 -0.008583 -0.001717
1757664960.486170 -0.050164 0.007439 0.002098 -0.002861 0.016274 -0.002101 -0.032998 -0.003624 0.013924 -0.016212 -0.001883 0.004856 0.089074 -0.020409 0.001717 -0.000572 -0.054360 0.024223 0.036431 -0.345045 -0.016975 -0.008583 -0.001717
1757664960.488166 -0.050164 0.007439 0.002098 -0.002861 0.016274 -0.002101 -0.032998 -0.003624 0.013924 -0.016212 -0.001883 0.004856 0.089074 -0.020409 0.001717 -0.000572 -0.054360 0.024223 0.036431 -0.345045 -0.016975 -0.008583 -0.001717
1757664960.490168 -0.050164 0.007439 0.002098 -0.002861 0.016274 -0.002101 -0.032998 -0.003624 0.013924 -0.016212 -0.001883 0.004856 0.089074 -0.020409 0.001717 -0.000572 -0.054360 0.024223 0.036431 -0.345045 -0.016975 -0.008583 -0.001717
1757664960.492184 -0.050164 0.007439 0.002098 -0.002861 0.016274 -0.002101 -0.032998 -0.003624 0.013924 -0.016212 -0.001883 0.004856 0.089074 -0.020409 0.001717 -0.000572 -0.054360 0.024223 0.036431 -0.345045 -0.016975 -0.008583 -0.001717
1757664960.494168 -0.050164 0.007439 0.002098 -0.002861 0.016274 -0.002101 -0.032998 -0.003624 0.013924 -0.016212 -0.001883 0.004856 0.089074 -0.020409 0.001717 -0.000572 -0.054360 0.024223 0.036431 -0.345045 -0.016975 -0.008583 -0.001717
1757664960.496174 -0.050164 0.007439 0.002098 -0.002861 0.016274 -0.002101 -0.032998 -0.003624 0.013924 -0.016212 -0.001883 0.004856 0.089074 -0.020409 0.001717 -0.000572 -0.054360 0.024223 0.036431 -0.345045 -0.016975 -0.008583 -0.001717
1757664960.498216 -0.050164 0.007439 0.002098 -0.002861 0.016274 -0.002101 -0.032998 -0.003624 0.013924 -0.016212 -0.001883 0.004856 0.089074 -0.020409 0.001717 -0.000572 -0.054360 0.024223 0.036431 -0.345045 -0.016975 -0.008583 -0.001717
1757664960.500223 -0.050164 0.007439 0.002098 -0.002861 0.016274 -0.002101 -0.032998 -0.003624 0.013924 -0.016212 -0.001883 0.004856 0.089074 -0.020409 0.001717 -0.000572 -0.054360 0.024223 0.036431 -0.345045 -0.016975 -0.008583 -0.001717
1757664960.502231 -0.050164 0.007439 0.002098 -0.002861 0.016274 -0.002101 -0.032998 -0.003624 0.013924 -0.016212 -0.001883 0.004856 0.089074 -0.020409 0.001717 -0.000572 -0.054360 0.024223 0.036431 -0.345045 -0.016975 -0.008583 -0.001717
1757664960.504222 -0.050164 0.007439 0.002098 -0.002861 0.016274 -0.002101 -0.032998 -0.003624 0.013924 -0.016212 -0.001883 0.004856 0.089074 -0.020409 0.001717 -0.000572 -0.054360 0.024223 0.036431 -0.345045 -0.016975 -0.008583 -0.001717
1757664960.506232 -0.050164 0.007439 0.002098 -0.002861 0.016274 -0.002101 -0.032998 -0.003624 0.013924 -0.016212 -0.001883 0.004856 0.089074 -0.020409 0.001717 -0.000572 -0.054360 0.024223 0.036431 -0.345045 -0.016975 -0.008583 -0.001717
1757664960.508228 -0.050164 0.007439 0.002098 -0.002861 0.016274 -0.002101 -0.032998 -0.003624 0.013924 -0.016212 -0.001883 0.004856 0.089074 -0.020409 0.001717 -0.000572 -0.054360 0.024223 0.036431 -0.345045 -0.016975 -0.008583 -0.001717
1757664960.510223 -0.050164 0.007439 0.002098 -0.002861 0.016274 -0.002101 -0.032998 -0.003624 0.013924 -0.016212 -0.001883 0.004856 0.089074 -0.020409 0.001717 -0.000572 -0.054360 0.024223 0.036431 -0.345045 -0.016975 -0.008583 -0.001717
1757664960.512234 -0.050164 0.007439 0.002098 -0.002861 0.016274 -0.002101 -0.032998 -0.003624 0.013924 -0.016212 -0.001883 0.004856 0.089074 -0.020409 0.001717 -0.000572 -0.054360 0.024223 0.036431 -0.345045 -0.016975 -0.008583 -0.001717
1757664960.514232 -0.050164 0.007439 0.002098 -0.002861 0.016274 -0.002101 -0.032998 -0.003624 0.013924 -0.016212 -0.001883 0.004856 0.089074 -0.020409 0.001717 -0.000572 -0.054360 0.024223 0.036431 -0.345045 -0.016975 -0.008583 -0.001717
1757664960.516294 -0.050164 0.007439 0.002098 -0.002861 0.016274 -0.002101 -0.032998 -0.003624 0.013924 -0.016212 -0.001883 0.004856 0.089074 -0.020409 0.001717 -0.000572 -0.054360 0.024223 0.036431 -0.345045 -0.016975 -0.008583 -0.001717
1757664960.518227 -0.050164 0.007439 0.002098 -0.002861 0.016274 -0.002101 -0.032998 -0.003624 0.013924 -0.016212 -0.001883 0.004856 0.089074 -0.020409 0.001717 -0.000572 -0.054360 0.024223 0.036431 -0.345045 -0.016975 -0.008583 -0.001717
1757664960.520245 -0.050164 0.007439 0.002098 -0.002861 0.016274 -0.002101 -0.032998 -0.003624 0.013924 -0.016212 -0.001883 0.004856 0.089074 -0.020409 0.001717 -0.000572 -0.054360 0.024223 0.036431 -0.345045 -0.016975 -0.008583 -0.001717
1757664960.522224 -0.050164 0.007439 0.002098 -0.002861 0.016274 -0.002101 -0.032998 -0.003624 0.013924 -0.016212 -0.001883 0.004856 0.089074 -0.020409 0.001717 -0.000572 -0.054360 0.024223 0.036431 -0.345045 -0.016975 -0.008583 -0.001717
1757664960.524236 -0.050164 0.007439 0.002098 -0.002861 0.016274 -0.002101 -0.032998 -0.003624 0.013924 -0.016212 -0.001883 0.004856 0.089074 -0.020409 0.001717 -0.000572 -0.054360 0.024223 0.036431 -0.345045 -0.016975 -0.008583 -0.001717
1757664960.526224 -0.050164 0.007439 0.002098 -0.002861 0.016274 -0.002101 -0.032998 -0.003624 0.013924 -0.016212 -0.001883 0.004856 0.089074 -0.020409 0.001717 -0.000572 -0.054360 0.024223 0.036431 -0.345045 -0.016975 -0.008583 -0.001717
1757664960.528273 -0.050164 0.007439 0.002098 -0.002861 0.016274 -0.002101 -0.032998 -0.003624 0.013924 -0.016212 -0.001883 0.004856 0.089074 -0.020409 0.001717 -0.000572 -0.054360 0.024223 0.036431 -0.345045 -0.016975 -0.008583 -0.001717
1757664960.530254 -0.050164 0.007439 0.002098 -0.002861 0.016274 -0.002101 -0.032998 -0.003624 0.013924 -0.016212 -0.001883 0.004856 0.089074 -0.020409 0.001717 -0.000572 -0.054360 0.024223 0.036431 -0.345045 -0.016975 -0.008583 -0.001717
1757664960.532261 -0.050164 0.007439 0.002098 -0.002861 0.016274 -0.002101 -0.032998 -0.003624 0.013924 -0.016212 -0.001883 0.004856 0.089074 -0.020409 0.001717 -0.000572 -0.054360 0.024223 0.036431 -0.345045 -0.016975 -0.008583 -0.001717
1757664960.534239 -0.050164 0.007439 0.002098 -0.002861 0.016274 -0.002101 -0.032998 -0.003624 0.013924 -0.016212 -0.001883 0.004856 0.089074 -0.020409 0.001717 -0.000572 -0.054360 0.024223 0.036431 -0.345045 -0.016975 -0.008583 -0.001717
1757664960.536255 -0.050164 0.007439 0.002098 -0.002861 0.016274 -0.002101 -0.032998 -0.003624 0.013924 -0.016212 -0.001883 0.004856 0.089074 -0.020409 0.001717 -0.000572 -0.054360 0.024223 0.036431 -0.345045 -0.016975 -0.008583 -0.001717
1757664960.538257 -0.050164 0.007439 0.002098 -0.002861 0.016274 -0.002101 -0.032998 -0.003624 0.013924 -0.016212 -0.001883 0.004856 0.089074 -0.020409 0.001717 -0.000572 -0.054360 0.024223 0.036431 -0.345045 -0.016975 -0.008583 -0.001717
1757664960.540252 -0.050164 0.007439 0.002098 -0.002861 0.016274 -0.002101 -0.032998 -0.003624 0.013924 -0.016212 -0.001883 0.004856 0.089074 -0.020409 0.001717 -0.000572 -0.054360 0.024223 0.036431 -0.345045 -0.016975 -0.008583 -0.001717
1757664960.542249 -0.050164 0.007439 0.002098 -0.002861 0.016274 -0.002101 -0.032998 -0.003624 0.013924 -0.016212 -0.001883 0.004856 0.089074 -0.020409 0.001717 -0.000572 -0.054360 0.024223 0.036431 -0.345045 -0.016975 -0.008583 -0.001717
1757664960.544247 -0.050164 0.007439 0.002098 -0.002861 0.016274 -0.002101 -0.032998 -0.003624 0.013924 -0.016212 -0.001883 0.004856 0.089074 -0.020409 0.001717 -0.000572 -0.054360 0.024223 0.036431 -0.345045 -0.016975 -0.008583 -0.001717
1757664960.546265 -0.050164 0.007439 0.002098 -0.002861 0.016274 -0.002101 -0.032998 -0.003624 0.013924 -0.016212 -0.001883 0.004856 0.089074 -0.020409 0.001717 -0.000572 -0.054360 0.024223 0.036431 -0.345045 -0.016975 -0.008583 -0.001717
1757664960.548244 -0.050164 0.007439 0.002098 -0.002861 0.016274 -0.002101 -0.032998 -0.003624 0.013924 -0.016212 -0.001883 0.004856 0.089074 -0.020409 0.001717 -0.000572 -0.054360 0.024223 0.036431 -0.345045 -0.016975 -0.008583 -0.001717
1757664960.550259 -0.050164 0.007439 0.002098 -0.002861 0.016274 -0.002101 -0.032998 -0.003624 0.013924 -0.016212 -0.001883 0.004856 0.089074 -0.020409 0.001717 -0.000572 -0.054360 0.024223 0.036431 -0.345045 -0.016975 -0.008583 -0.001717
1757664960.552254 -0.050164 0.007439 0.002098 -0.002861 0.016274 -0.002101 -0.032998 -0.003624 0.013924 -0.016212 -0.001883 0.004856 0.089074 -0.020409 0.001717 -0.000572 -0.054360 0.024223 0.036431 -0.345045 -0.016975 -0.008583 -0.001717
1757664960.554263 -0.050164 0.007439 0.002098 -0.002861 0.016274 -0.002101 -0.032998 -0.003624 0.013924 -0.016212 -0.001883 0.004856 0.089074 -0.020409 0.001717 -0.000572 -0.054360 0.024223 0.036431 -0.345045 -0.016975 -0.008583 -0.001717
1757664960.556259 -0.050164 0.007439 0.002098 -0.002861 0.016274 -0.002101 -0.032998 -0.003624 0.013924 -0.016212 -0.001883 0.004856 0.089074 -0.020409 0.001717 -0.000572 -0.054360 0.024223 0.036431 -0.345045 -0.016975 -0.008583 -0.001717
1757664960.558256 -0.050164 0.007439 0.002098 -0.002861 0.016274 -0.002101 -0.032998 -0.003624 0.013924 -0.016212 -0.001883 0.004856 0.089074 -0.020409 0.001717 -0.000572 -0.054360 0.024223 0.036431 -0.345045 -0.016975 -0.008583 -0.001717
1757664960.560255 -0.050164 0.007439 0.002098 -0.002861 0.016274 -0.002101 -0.032998 -0.003624 0.013924 -0.016212 -0.001883 0.004856 0.089074 -0.020409 0.001717 -0.000572 -0.054360 0.024223 0.036431 -0.345045 -0.016975 -0.008583 -0.001717
1757664960.562254 -0.050164 0.007439 0.002098 -0.002861 0.016274 -0.002101 -0.032998 -0.003624 0.013924 -0.016212 -0.001883 0.004856 0.089074 -0.020409 0.001717 -0.000572 -0.054360 0.024223 0.036431 -0.345045 -0.016975 -0.008583 -0.001717
1757664960.564265 -0.050164 0.007439 0.002098 -0.002861 0.016274 -0.002101 -0.032998 -0.003624 0.013924 -0.016212 -0.001883 0.004856 0.089074 -0.020409 0.001717 -0.000572 -0.054360 0.024223 0.036431 -0.345045 -0.016975 -0.008583 -0.001717
1757664960.566263 -0.050164 0.007439 0.002098 -0.002861 0.016274 -0.002101 -0.032998 -0.003624 0.013924 -0.016212 -0.001883 0.004856 0.089074 -0.020409 0.001717 -0.000572 -0.054360 0.024223 0.036431 -0.345045 -0.016975 -0.008583 -0.001717
1757664960.568248 -0.050164 0.007439 0.002098 -0.002861 0.016274 -0.002101 -0.032998 -0.003624 0.013924 -0.016212 -0.001883 0.004856 0.089074 -0.020409 0.001717 -0.000572 -0.054360 0.024223 0.036431 -0.345045 -0.016975 -0.008583 -0.001717
1757664960.570231 -0.050164 0.007439 0.002098 -0.002861 0.016274 -0.002101 -0.032998 -0.003624 0.013924 -0.016212 -0.001883 0.004856 0.089074 -0.020409 0.001717 -0.000572 -0.054360 0.024223 0.036431 -0.345045 -0.016975 -0.008583 -0.001717
1757664960.572242 -0.050164 0.007439 0.002098 -0.002861 0.016274 -0.002101 -0.032998 -0.003624 0.013924 -0.016212 -0.001883 0.004856 0.089074 -0.020409 0.001717 -0.000572 -0.054360 0.024223 0.036431 -0.345045 -0.016975 -0.008583 -0.001717
1757664960.574240 -0.050164 0.007439 0.002098 -0.002861 0.016274 -0.002101 -0.032998 -0.003624 0.013924 -0.016212 -0.001883 0.004856 0.089074 -0.020409 0.001717 -0.000572 -0.054360 0.024223 0.036431 -0.345045 -0.016975 -0.008583 -0.001717
1757664960.576240 -0.050164 0.007439 0.002098 -0.002861 0.016274 -0.002101 -0.032998 -0.003624 0.013924 -0.016212 -0.001883 0.004856 0.089074 -0.020409 0.001717 -0.000572 -0.054360 0.024223 0.036431 -0.345045 -0.016975 -0.008583 -0.001717
1757664960.578236 -0.050164 0.007439 0.002098 -0.002861 0.016274 -0.002101 -0.032998 -0.003624 0.013924 -0.016212 -0.001883 0.004856 0.089074 -0.020409 0.001717 -0.000572 -0.054360 0.024223 0.036431 -0.345045 -0.016975 -0.008583 -0.001717
1757664960.580241 -0.050164 0.007439 0.002098 -0.002861 0.016274 -0.002101 -0.032998 -0.003624 0.013924 -0.016212 -0.001883 0.004856 0.089074 -0.020409 0.001717 -0.000572 -0.054360 0.024223 0.036431 -0.345045 -0.016975 -0.008583 -0.001717
1757664960.582247 -0.050164 0.007439 0.002098 -0.002861 0.016274 -0.002101 -0.032998 -0.003624 0.013924 -0.016212 -0.001883 0.004856 0.089074 -0.020409 0.001717 -0.000572 -0.054360 0.024223 0.036431 -0.345045 -0.016975 -0.008583 -0.001717
1757664960.584204 -0.050164 0.007439 0.002098 -0.002861 0.016274 -0.002101 -0.032998 -0.003624 0.013924 -0.016212 -0.001883 0.004856 0.089074 -0.020409 0.001717 -0.000572 -0.054360 0.024223 0.036431 -0.345045 -0.016975 -0.008583 -0.001717
1757664960.586198 -0.050164 0.007439 0.002098 -0.002861 0.016274 -0.002101 -0.032998 -0.003624 0.013924 -0.016212 -0.001883 0.004856 0.089074 -0.020409 0.001717 -0.000572 -0.054360 0.024223 0.036431 -0.345045 -0.016975 -0.008583 -0.001717
1757664960.588194 -0.050164 0.007439 0.002098 -0.002861 0.016274 -0.002101 -0.032998 -0.003624 0.013924 -0.016212 -0.001883 0.004856 0.089074 -0.020409 0.001717 -0.000572 -0.054360 0.024223 0.036431 -0.345045 -0.016975 -0.008583 -0.001717
1757664960.590195 -0.050164 0.007439 0.002098 -0.002861 0.016274 -0.002101 -0.032998 -0.003624 0.013924 -0.016212 -0.001883 0.004856 0.089074 -0.020409 0.001717 -0.000572 -0.054360 0.024223 0.036431 -0.345045 -0.016975 -0.008583 -0.001717
1757664960.592180 -0.050164 0.007439 0.002098 -0.002861 0.016274 -0.002101 -0.032998 -0.003624 0.013924 -0.016212 -0.001883 0.004856 0.089074 -0.020409 0.001717 -0.000572 -0.054360 0.024223 0.036431 -0.345045 -0.016975 -0.008583 -0.001717
1757664960.594177 -0.050164 0.007439 0.002098 -0.002861 0.016274 -0.002101 -0.032998 -0.003624 0.013924 -0.016212 -0.001883 0.004856 0.089074 -0.020409 0.001717 -0.000572 -0.054360 0.024223 0.036431 -0.345045 -0.016975 -0.008583 -0.001717
1757664960.596206 -0.050164 0.007439 0.002098 -0.002861 0.016274 -0.002101 -0.032998 -0.003624 0.013924 -0.016212 -0.001883 0.004856 0.089074 -0.020409 0.001717 -0.000572 -0.054360 0.024223 0.036431 -0.345045 -0.016975 -0.008583 -0.001717
1757664960.598180 -0.050164 0.007439 0.002098 -0.002861 0.016274 -0.002101 -0.032998 -0.003624 0.013924 -0.016212 -0.001883 0.004856 0.089074 -0.020409 0.001717 -0.000572 -0.054360 0.024223 0.036431 -0.345045 -0.016975 -0.008583 -0.001717
1757664960.600168 -0.050164 0.007439 0.002098 -0.002861 0.016274 -0.002101 -0.032998 -0.003624 0.013924 -0.016212 -0.001883 0.004856 0.089074 -0.020409 0.001717 -0.000572 -0.054360 0.024223 0.036431 -0.345045 -0.016975 -0.008583 -0.001717
1757664960.602169 -0.050164 0.007439 0.002098 -0.002861 0.016274 -0.002101 -0.032998 -0.003624 0.013924 -0.016212 -0.001883 0.004856 0.089074 -0.020409 0.001717 -0.000572 -0.054360 0.024223 0.036431 -0.345045 -0.016975 -0.008583 -0.001717
1757664960.604180 -0.050164 0.007439 0.002098 -0.002861 0.016274 -0.002101 -0.032998 -0.003624 0.013924 -0.016212 -0.001883 0.004856 0.089074 -0.020409 0.001717 -0.000572 -0.054360 0.024223 0.036431 -0.345045 -0.016975 -0.008583 -0.001717
1757664960.606190 -0.050164 0.007439 0.002098 -0.002861 0.016274 -0.002101 -0.032998 -0.003624 0.013924 -0.016212 -0.001883 0.004856 0.089074 -0.020409 0.001717 -0.000572 -0.054360 0.024223 0.036431 -0.345045 -0.016975 -0.008583 -0.001717
1757664960.608195 -0.050164 0.007439 0.002098 -0.002861 0.016274 -0.002101 -0.032998 -0.003624 0.013924 -0.016212 -0.001883 0.004856 0.089074 -0.020409 0.001717 -0.000572 -0.054360 0.024223 0.036431 -0.345045 -0.016975 -0.008583 -0.001717
1757664960.610199 -0.050164 0.007439 0.002098 -0.002861 0.016274 -0.002101 -0.032998 -0.003624 0.013924 -0.016212 -0.001883 0.004856 0.089074 -0.020409 0.001717 -0.000572 -0.054360 0.024223 0.036431 -0.345045 -0.016975 -0.008583 -0.001717
1757664960.612198 -0.050164 0.007439 0.002098 -0.002861 0.016274 -0.002101 -0.032998 -0.003624 0.013924 -0.016212 -0.001883 0.004856 0.089074 -0.020409 0.001717 -0.000572 -0.054360 0.024223 0.036431 -0.345045 -0.016975 -0.008583 -0.001717
1757664960.614213 -0.050164 0.007439 0.002098 -0.002861 0.016274 -0.002101 -0.032998 -0.003624 0.013924 -0.016212 -0.001883 0.004856 0.089074 -0.020409 0.001717 -0.000572 -0.054360 0.024223 0.036431 -0.345045 -0.016975 -0.008583 -0.001717
1757664960.616258 -0.050164 0.007439 0.002098 -0.002861 0.016274 -0.002101 -0.032998 -0.003624 0.013924 -0.016212 -0.001883 0.004856 0.089074 -0.020409 0.001717 -0.000572 -0.054360 0.024223 0.036431 -0.345045 -0.016975 -0.008583 -0.001717
1757664960.618213 -0.050164 0.007439 0.002098 -0.002861 0.016274 -0.002101 -0.032998 -0.003624 0.013924 -0.016212 -0.001883 0.004856 0.089074 -0.020409 0.001717 -0.000572 -0.054360 0.024223 0.036431 -0.345045 -0.016975 -0.008583 -0.001717
1757664960.620217 -0.050164 0.007439 0.002098 -0.002861 0.016274 -0.002101 -0.032998 -0.003624 0.013924 -0.016212 -0.001883 0.004856 0.089074 -0.020409 0.001717 -0.000572 -0.054360 0.024223 0.036431 -0.345045 -0.016975 -0.008583 -0.001717
1757664960.622226 -0.050164 0.007439 0.002098 -0.002861 0.016274 -0.002101 -0.032998 -0.003624 0.013924 -0.016212 -0.001883 0.004856 0.089074 -0.020409 0.001717 -0.000572 -0.054360 0.024223 0.036431 -0.345045 -0.016975 -0.008583 -0.001717
1757664960.624226 -0.050164 0.007439 0.002098 -0.002861 0.016274 -0.002101 -0.032998 -0.003624 0.013924 -0.016212 -0.001883 0.004856 0.089074 -0.020409 0.001717 -0.000572 -0.054360 0.024223 0.036431 -0.345045 -0.016975 -0.008583 -0.001717
1757664960.626232 -0.050164 0.007439 0.002098 -0.002861 0.016274 -0.002101 -0.032998 -0.003624 0.013924 -0.016212 -0.001883 0.004856 0.089074 -0.020409 0.001717 -0.000572 -0.054360 0.024223 0.036431 -0.345045 -0.016975 -0.008583 -0.001717
1757664960.628158 -0.050164 0.007439 0.002098 -0.002861 0.016274 -0.002101 -0.032998 -0.003624 0.013924 -0.016212 -0.001883 0.004856 0.089074 -0.020409 0.001717 -0.000572 -0.054360 0.024223 0.036431 -0.345045 -0.016975 -0.008583 -0.001717
1757664960.630189 -0.050164 0.007439 0.002098 -0.002861 0.016274 -0.002101 -0.032998 -0.003624 0.013924 -0.016212 -0.001883 0.004856 0.089074 -0.020409 0.001717 -0.000572 -0.054360 0.024223 0.036431 -0.345045 -0.016975 -0.008583 -0.001717
1757664960.632176 -0.050164 0.007439 0.002098 -0.002861 0.016274 -0.002101 -0.032998 -0.003624 0.013924 -0.016212 -0.001883 0.004856 0.089074 -0.020409 0.001717 -0.000572 -0.054360 0.024223 0.036431 -0.345045 -0.016975 -0.008583 -0.001717
1757664960.634145 -0.050164 0.007439 0.002098 -0.002861 0.016274 -0.002101 -0.032998 -0.003624 0.013924 -0.016212 -0.001883 0.004856 0.089074 -0.020409 0.001717 -0.000572 -0.054360 0.024223 0.036431 -0.345045 -0.016975 -0.008583 -0.001717
1757664960.636137 -0.050164 0.007439 0.002098 -0.002861 0.016274 -0.002101 -0.032998 -0.003624 0.013924 -0.016212 -0.001883 0.004856 0.089074 -0.020409 0.001717 -0.000572 -0.054360 0.024223 0.036431 -0.345045 -0.016975 -0.008583 -0.001717
1757664960.638139 -0.050164 0.007439 0.002098 -0.002861 0.016274 -0.002101 -0.032998 -0.003624 0.013924 -0.016212 -0.001883 0.004856 0.089074 -0.020409 0.001717 -0.000572 -0.054360 0.024223 0.036431 -0.345045 -0.016975 -0.008583 -0.001717
1757664960.640118 -0.050164 0.007439 0.002098 -0.002861 0.016274 -0.002101 -0.032998 -0.003624 0.013924 -0.016212 -0.001883 0.004856 0.089074 -0.020409 0.001717 -0.000572 -0.054360 0.024223 0.036431 -0.345045 -0.016975 -0.008583 -0.001717
1757664960.642122 -0.050164 0.007439 0.002098 -0.002861 0.016274 -0.002101 -0.032998 -0.003624 0.013924 -0.016212 -0.001883 0.004856 0.089074 -0.020409 0.001717 -0.000572 -0.054360 0.024223 0.036431 -0.345045 -0.016975 -0.008583 -0.001717
1757664960.644130 -0.050164 0.007439 0.002098 -0.002861 0.016274 -0.002101 -0.032998 -0.003624 0.013924 -0.016212 -0.001883 0.004856 0.089074 -0.020409 0.001717 -0.000572 -0.054360 0.024223 0.036431 -0.345045 -0.016975 -0.008583 -0.001717
1757664960.646127 -0.050164 0.007439 0.002098 -0.002861 0.016274 -0.002101 -0.032998 -0.003624 0.013924 -0.016212 -0.001883 0.004856 0.089074 -0.020409 0.001717 -0.000572 -0.054360 0.024223 0.036431 -0.345045 -0.016975 -0.008583 -0.001717
1757664960.648131 -0.050164 0.007439 0.002098 -0.002861 0.016274 -0.002101 -0.032998 -0.003624 0.013924 -0.016212 -0.001883 0.004856 0.089074 -0.020409 0.001717 -0.000572 -0.054360 0.024223 0.036431 -0.345045 -0.016975 -0.008583 -0.001717
1757664960.650136 -0.050164 0.007439 0.002098 -0.002861 0.016274 -0.002101 -0.032998 -0.003624 0.013924 -0.016212 -0.001883 0.004856 0.089074 -0.020409 0.001717 -0.000572 -0.054360 0.024223 0.036431 -0.345045 -0.016975 -0.008583 -0.001717
1757664960.652153 -0.050164 0.007439 0.002098 -0.002861 0.016274 -0.002101 -0.032998 -0.003624 0.013924 -0.016212 -0.001883 0.004856 0.089074 -0.020409 0.001717 -0.000572 -0.054360 0.024223 0.036431 -0.345045 -0.016975 -0.008583 -0.001717
1757664960.654147 -0.050164 0.007439 0.002098 -0.002861 0.016274 -0.002101 -0.032998 -0.003624 0.013924 -0.016212 -0.001883 0.004856 0.089074 -0.020409 0.001717 -0.000572 -0.054360 0.024223 0.036431 -0.345045 -0.016975 -0.008583 -0.001717
1757664960.656152 -0.050164 0.007439 0.002098 -0.002861 0.016274 -0.002101 -0.032998 -0.003624 0.013924 -0.016212 -0.001883 0.004856 0.089074 -0.020409 0.001717 -0.000572 -0.054360 0.024223 0.036431 -0.345045 -0.016975 -0.008583 -0.001717
1757664960.658190 -0.050164 0.007439 0.002098 -0.002861 0.016274 -0.002101 -0.032998 -0.003624 0.013924 -0.016212 -0.001883 0.004856 0.089074 -0.020409 0.001717 -0.000572 -0.054360 0.024223 0.036431 -0.345045 -0.016975 -0.008583 -0.001717
1757664960.660167 -0.050164 0.007439 0.002098 -0.002861 0.016274 -0.002101 -0.032998 -0.003624 0.013924 -0.016212 -0.001883 0.004856 0.089074 -0.020409 0.001717 -0.000572 -0.054360 0.024223 0.036431 -0.345045 -0.016975 -0.008583 -0.001717
1757664960.662155 -0.050164 0.007439 0.002098 -0.002861 0.016274 -0.002101 -0.032998 -0.003624 0.013924 -0.016212 -0.001883 0.004856 0.089074 -0.020409 0.001717 -0.000572 -0.054360 0.024223 0.036431 -0.345045 -0.016975 -0.008583 -0.001717
1757664960.664155 -0.050164 0.007439 0.002098 -0.002861 0.016274 -0.002101 -0.032998 -0.003624 0.013924 -0.016212 -0.001883 0.004856 0.089074 -0.020409 0.001717 -0.000572 -0.054360 0.024223 0.036431 -0.345045 -0.016975 -0.008583 -0.001717
1757664960.666175 -0.050164 0.007439 0.002098 -0.002861 0.016274 -0.002101 -0.032998 -0.003624 0.013924 -0.016212 -0.001883 0.004856 0.089074 -0.020409 0.001717 -0.000572 -0.054360 0.024223 0.036431 -0.345045 -0.016975 -0.008583 -0.001717
1757664960.668163 -0.050164 0.007439 0.002098 -0.002861 0.016274 -0.002101 -0.032998 -0.003624 0.013924 -0.016212 -0.001883 0.004856 0.089074 -0.020409 0.001717 -0.000572 -0.054360 0.024223 0.036431 -0.345045 -0.016975 -0.008583 -0.001717
1757664960.670158 -0.050164 0.007439 0.002098 -0.002861 0.016274 -0.002101 -0.032998 -0.003624 0.013924 -0.016212 -0.001883 0.004856 0.089074 -0.020409 0.001717 -0.000572 -0.054360 0.024223 0.036431 -0.345045 -0.016975 -0.008583 -0.001717
1757664960.672172 -0.050164 0.007439 0.002098 -0.002861 0.016274 -0.002101 -0.032998 -0.003624 0.013924 -0.016212 -0.001883 0.004856 0.089074 -0.020409 0.001717 -0.000572 -0.054360 0.024223 0.036431 -0.345045 -0.016975 -0.008583 -0.001717
1757664960.674154 -0.050164 0.007439 0.002098 -0.002861 0.016274 -0.002101 -0.032998 -0.003624 0.013924 -0.016212 -0.001883 0.004856 0.089074 -0.020409 0.001717 -0.000572 -0.054360 0.024223 0.036431 -0.345045 -0.016975 -0.008583 -0.001717
1757664960.676151 -0.050164 0.007439 0.002098 -0.002861 0.016274 -0.002101 -0.032998 -0.003624 0.013924 -0.016212 -0.001883 0.004856 0.089074 -0.020409 0.001717 -0.000572 -0.054360 0.024223 0.036431 -0.345045 -0.016975 -0.008583 -0.001717
1757664960.678156 -0.050164 0.007439 0.002098 -0.002861 0.016274 -0.002101 -0.032998 -0.003624 0.013924 -0.016212 -0.001883 0.004856 0.089074 -0.020409 0.001717 -0.000572 -0.054360 0.024223 0.036431 -0.345045 -0.016975 -0.008583 -0.001717
1757664960.680172 -0.050164 0.007439 0.002098 -0.002861 0.016274 -0.002101 -0.032998 -0.003624 0.013924 -0.016212 -0.001883 0.004856 0.089074 -0.020409 0.001717 -0.000572 -0.054360 0.024223 0.036431 -0.345045 -0.016975 -0.008583 -0.001717
1757664960.682153 -0.050164 0.007439 0.002098 -0.002861 0.016274 -0.002101 -0.032998 -0.003624 0.013924 -0.016212 -0.001883 0.004856 0.089074 -0.020409 0.001717 -0.000572 -0.054360 0.024223 0.036431 -0.345045 -0.016975 -0.008583 -0.001717
1757664960.684153 -0.050164 0.007439 0.002098 -0.002861 0.016274 -0.002101 -0.032998 -0.003624 0.013924 -0.016212 -0.001883 0.004856 0.089074 -0.020409 0.001717 -0.000572 -0.054360 0.024223 0.036431 -0.345045 -0.016975 -0.008583 -0.001717
1757664960.686150 -0.050164 0.007439 0.002098 -0.002861 0.016274 -0.002101 -0.032998 -0.003624 0.013924 -0.016212 -0.001883 0.004856 0.089074 -0.020409 0.001717 -0.000572 -0.054360 0.024223 0.036431 -0.345045 -0.016975 -0.008583 -0.001717
1757664960.688203 -0.050164 0.007439 0.002098 -0.002861 0.016274 -0.002101 -0.032998 -0.003624 0.013924 -0.016212 -0.001883 0.004856 0.089074 -0.020409 0.001717 -0.000572 -0.054360 0.024223 0.036431 -0.345045 -0.016975 -0.008583 -0.001717
1757664960.690178 -0.050164 0.007439 0.002098 -0.002861 0.016274 -0.002101 -0.032998 -0.003624 0.013924 -0.016212 -0.001883 0.004856 0.089074 -0.020409 0.001717 -0.000572 -0.054360 0.024223 0.036431 -0.345045 -0.016975 -0.008583 -0.001717
1757664960.692162 -0.050164 0.007439 0.002098 -0.002861 0.016274 -0.002101 -0.032998 -0.003624 0.013924 -0.016212 -0.001883 0.004856 0.089074 -0.020409 0.001717 -0.000572 -0.054360 0.024223 0.036431 -0.345045 -0.016975 -0.008583 -0.001717
1757664960.694167 -0.050164 0.007439 0.002098 -0.002861 0.016274 -0.002101 -0.032998 -0.003624 0.013924 -0.016212 -0.001883 0.004856 0.089074 -0.020409 0.001717 -0.000572 -0.054360 0.024223 0.036431 -0.345045 -0.016975 -0.008583 -0.001717
1757664960.696148 -0.050164 0.007439 0.002098 -0.002861 0.016274 -0.002101 -0.032998 -0.003624 0.013924 -0.016212 -0.001883 0.004856 0.089074 -0.020409 0.001717 -0.000572 -0.054360 0.024223 0.036431 -0.345045 -0.016975 -0.008583 -0.001717
1757664960.698197 -0.050164 0.007439 0.002098 -0.002861 0.016274 -0.002101 -0.032998 -0.003624 0.013924 -0.016212 -0.001883 0.004856 0.089074 -0.020409 0.001717 -0.000572 -0.054360 0.024223 0.036431 -0.345045 -0.016975 -0.008583 -0.001717
1757664960.700212 -0.050164 0.007439 0.002098 -0.002861 0.016274 -0.002101 -0.032998 -0.003624 0.013924 -0.016212 -0.001883 0.004856 0.089074 -0.020409 0.001717 -0.000572 -0.054360 0.024223 0.036431 -0.345045 -0.016975 -0.008583 -0.001717
1757664960.702156 -0.050164 0.007439 0.002098 -0.002861 0.016274 -0.002101 -0.032998 -0.003624 0.013924 -0.016212 -0.001883 0.004856 0.089074 -0.020409 0.001717 -0.000572 -0.054360 0.024223 0.036431 -0.345045 -0.016975 -0.008583 -0.001717
1757664960.704150 -0.050164 0.007439 0.002098 -0.002861 0.016274 -0.002101 -0.032998 -0.003624 0.013924 -0.016212 -0.001883 0.004856 0.089074 -0.020409 0.001717 -0.000572 -0.054360 0.024223 0.036431 -0.345045 -0.016975 -0.008583 -0.001717
1757664960.706153 -0.050164 0.007439 0.002098 -0.002861 0.016274 -0.002101 -0.032998 -0.003624 0.013924 -0.016212 -0.001883 0.004856 0.089074 -0.020409 0.001717 -0.000572 -0.054360 0.024223 0.036431 -0.345045 -0.016975 -0.008583 -0.001717
1757664960.708168 -0.050164 0.007439 0.002098 -0.002861 0.016274 -0.002101 -0.032998 -0.003624 0.013924 -0.016212 -0.001883 0.004856 0.089074 -0.020409 0.001717 -0.000572 -0.054360 0.024223 0.036431 -0.345045 -0.016975 -0.008583 -0.001717
1757664960.710154 -0.050164 0.007439 0.002098 -0.002861 0.016274 -0.002101 -0.032998 -0.003624 0.013924 -0.016212 -0.001883 0.004856 0.089074 -0.020409 0.001717 -0.000572 -0.054360 0.024223 0.036431 -0.345045 -0.016975 -0.008583 -0.001717
1757664960.712151 -0.050164 0.007439 0.002098 -0.002861 0.016274 -0.002101 -0.032998 -0.003624 0.013924 -0.016212 -0.001883 0.004856 0.089074 -0.020409 0.001717 -0.000572 -0.054360 0.024223 0.036431 -0.345045 -0.016975 -0.008583 -0.001717
1757664960.714190 -0.050164 0.007439 0.002098 -0.002861 0.016274 -0.002101 -0.032998 -0.003624 0.013924 -0.016212 -0.001883 0.004856 0.089074 -0.020409 0.001717 -0.000572 -0.054360 0.024223 0.036431 -0.345045 -0.016975 -0.008583 -0.001717
1757664960.716155 -0.050164 0.007439 0.002098 -0.002861 0.016274 -0.002101 -0.032998 -0.003624 0.013924 -0.016212 -0.001883 0.004856 0.089074 -0.020409 0.001717 -0.000572 -0.054360 0.024223 0.036431 -0.345045 -0.016975 -0.008583 -0.001717
1757664960.718151 -0.050164 0.007439 0.002098 -0.002861 0.016274 -0.002101 -0.032998 -0.003624 0.013924 -0.016212 -0.001883 0.004856 0.089074 -0.020409 0.001717 -0.000572 -0.054360 0.024223 0.036431 -0.345045 -0.016975 -0.008583 -0.001717
1757664960.720274 -0.050164 0.007439 0.002098 -0.002861 0.016274 -0.002101 -0.032998 -0.003624 0.013924 -0.016212 -0.001883 0.004856 0.089074 -0.020409 0.001717 -0.000572 -0.054360 0.024223 0.036431 -0.345045 -0.016975 -0.008583 -0.001717
1757664960.722165 -0.050164 0.007439 0.002098 -0.002861 0.016274 -0.002101 -0.032998 -0.003624 0.013924 -0.016212 -0.001883 0.004856 0.089074 -0.020409 0.001717 -0.000572 -0.054360 0.024223 0.036431 -0.345045 -0.016975 -0.008583 -0.001717
1757664960.724158 -0.050164 0.007439 0.002098 -0.002861 0.016274 -0.002101 -0.032998 -0.003624 0.013924 -0.016212 -0.001883 0.004856 0.089074 -0.020409 0.001717 -0.000572 -0.054360 0.024223 0.036431 -0.345045 -0.016975 -0.008583 -0.001717
1757664960.726155 -0.050164 0.007439 0.002098 -0.002861 0.016274 -0.002101 -0.032998 -0.003624 0.013924 -0.016212 -0.001883 0.004856 0.089074 -0.020409 0.001717 -0.000572 -0.054360 0.024223 0.036431 -0.345045 -0.016975 -0.008583 -0.001717
1757664960.728187 -0.050164 0.007439 0.002098 -0.002861 0.016274 -0.002101 -0.032998 -0.003624 0.013924 -0.016212 -0.001883 0.004856 0.089074 -0.020409 0.001717 -0.000572 -0.054360 0.024223 0.036431 -0.345045 -0.016975 -0.008583 -0.001717
1757664960.730181 -0.050164 0.007439 0.002098 -0.002861 0.016274 -0.002101 -0.032998 -0.003624 0.013924 -0.016212 -0.001883 0.004856 0.089074 -0.020409 0.001717 -0.000572 -0.054360 0.024223 0.036431 -0.345045 -0.016975 -0.008583 -0.001717
1757664960.732161 -0.050164 0.007439 0.002098 -0.002861 0.016274 -0.002101 -0.032998 -0.003624 0.013924 -0.016212 -0.001883 0.004856 0.089074 -0.020409 0.001717 -0.000572 -0.054360 0.024223 0.036431 -0.345045 -0.016975 -0.008583 -0.001717
1757664960.734163 -0.050164 0.007439 0.002098 -0.002861 0.016274 -0.002101 -0.032998 -0.003624 0.013924 -0.016212 -0.001883 0.004856 0.089074 -0.020409 0.001717 -0.000572 -0.054360 0.024223 0.036431 -0.345045 -0.016975 -0.008583 -0.001717
1757664960.736162 -0.050164 0.007439 0.002098 -0.002861 0.016274 -0.002101 -0.032998 -0.003624 0.013924 -0.016212 -0.001883 0.004856 0.089074 -0.020409 0.001717 -0.000572 -0.054360 0.024223 0.036431 -0.345045 -0.016975 -0.008583 -0.001717
1757664960.738153 -0.050164 0.007439 0.002098 -0.002861 0.016274 -0.002101 -0.032998 -0.003624 0.013924 -0.016212 -0.001883 0.004856 0.089074 -0.020409 0.001717 -0.000572 -0.054360 0.024223 0.036431 -0.345045 -0.016975 -0.008583 -0.001717
1757664960.740162 -0.050164 0.007439 0.002098 -0.002861 0.016274 -0.002101 -0.032998 -0.003624 0.013924 -0.016212 -0.001883 0.004856 0.089074 -0.020409 0.001717 -0.000572 -0.054360 0.024223 0.036431 -0.345045 -0.016975 -0.008583 -0.001717
1757664960.742161 -0.050164 0.007439 0.002098 -0.002861 0.016274 -0.002101 -0.032998 -0.003624 0.013924 -0.016212 -0.001883 0.004856 0.089074 -0.020409 0.001717 -0.000572 -0.054360 0.024223 0.036431 -0.345045 -0.016975 -0.008583 -0.001717
1757664960.744161 -0.050164 0.007439 0.002098 -0.002861 0.016274 -0.002101 -0.032998 -0.003624 0.013924 -0.016212 -0.001883 0.004856 0.089074 -0.020409 0.001717 -0.000572 -0.054360 0.024223 0.036431 -0.345045 -0.016975 -0.008583 -0.001717
1757664960.746162 -0.050164 0.007439 0.002098 -0.002861 0.016274 -0.002101 -0.032998 -0.003624 0.013924 -0.016212 -0.001883 0.004856 0.089074 -0.020409 0.001717 -0.000572 -0.054360 0.024223 0.036431 -0.345045 -0.016975 -0.008583 -0.001717
1757664960.748162 -0.050164 0.007439 0.002098 -0.002861 0.016274 -0.002101 -0.032998 -0.003624 0.013924 -0.016212 -0.001883 0.004856 0.089074 -0.020409 0.001717 -0.000572 -0.054360 0.024223 0.036431 -0.345045 -0.016975 -0.008583 -0.001717
1757664960.750172 -0.050164 0.007439 0.002098 -0.002861 0.016274 -0.002101 -0.032998 -0.003624 0.013924 -0.016212 -0.001883 0.004856 0.089074 -0.020409 0.001717 -0.000572 -0.054360 0.024223 0.036431 -0.345045 -0.016975 -0.008583 -0.001717
1757664960.752184 -0.050164 0.007439 0.002098 -0.002861 0.016274 -0.002101 -0.032998 -0.003624 0.013924 -0.016212 -0.001883 0.004856 0.089074 -0.020409 0.001717 -0.000572 -0.054360 0.024223 0.036431 -0.345045 -0.016975 -0.008583 -0.001717
1757664960.754158 -0.050164 0.007439 0.002098 -0.002861 0.016274 -0.002101 -0.032998 -0.003624 0.013924 -0.016212 -0.001883 0.004856 0.089074 -0.020409 0.001717 -0.000572 -0.054360 0.024223 0.036431 -0.345045 -0.016975 -0.008583 -0.001717
1757664960.756165 -0.050164 0.007439 0.002098 -0.002861 0.016274 -0.002101 -0.032998 -0.003624 0.013924 -0.016212 -0.001883 0.004856 0.089074 -0.020409 0.001717 -0.000572 -0.054360 0.024223 0.036431 -0.345045 -0.016975 -0.008583 -0.001717
1757664960.758157 -0.050164 0.007439 0.002098 -0.002861 0.016274 -0.002101 -0.032998 -0.003624 0.013924 -0.016212 -0.001883 0.004856 0.089074 -0.020409 0.001717 -0.000572 -0.054360 0.024223 0.036431 -0.345045 -0.016975 -0.008583 -0.001717
1757664960.760165 -0.050164 0.007439 0.002098 -0.002861 0.016274 -0.002101 -0.032998 -0.003624 0.013924 -0.016212 -0.001883 0.004856 0.089074 -0.020409 0.001717 -0.000572 -0.054360 0.024223 0.036431 -0.345045 -0.016975 -0.008583 -0.001717
1757664960.762164 -0.050164 0.007439 0.002098 -0.002861 0.016274 -0.002101 -0.032998 -0.003624 0.013924 -0.016212 -0.001883 0.004856 0.089074 -0.020409 0.001717 -0.000572 -0.054360 0.024223 0.036431 -0.345045 -0.016975 -0.008583 -0.001717
1757664960.764165 -0.050164 0.007439 0.002098 -0.002861 0.016274 -0.002101 -0.032998 -0.003624 0.013924 -0.016212 -0.001883 0.004856 0.089074 -0.020409 0.001717 -0.000572 -0.054360 0.024223 0.036431 -0.345045 -0.016975 -0.008583 -0.001717
1757664960.766169 -0.050164 0.007439 0.002098 -0.002861 0.016274 -0.002101 -0.032998 -0.003624 0.013924 -0.016212 -0.001883 0.004856 0.089074 -0.020409 0.001717 -0.000572 -0.054360 0.024223 0.036431 -0.345045 -0.016975 -0.008583 -0.001717
1757664960.768163 -0.050164 0.007439 0.002098 -0.002861 0.016274 -0.002101 -0.032998 -0.003624 0.013924 -0.016212 -0.001883 0.004856 0.089074 -0.020409 0.001717 -0.000572 -0.054360 0.024223 0.036431 -0.345045 -0.016975 -0.008583 -0.001717
1757664960.770162 -0.050164 0.007439 0.002098 -0.002861 0.016274 -0.002101 -0.032998 -0.003624 0.013924 -0.016212 -0.001883 0.004856 0.089074 -0.020409 0.001717 -0.000572 -0.054360 0.024223 0.036431 -0.345045 -0.016975 -0.008583 -0.001717
1757664960.772161 -0.050164 0.007439 0.002098 -0.002861 0.016274 -0.002101 -0.032998 -0.003624 0.013924 -0.016212 -0.001883 0.004856 0.089074 -0.020409 0.001717 -0.000572 -0.054360 0.024223 0.036431 -0.345045 -0.016975 -0.008583 -0.001717
1757664960.774163 -0.050164 0.007439 0.002098 -0.002861 0.016274 -0.002101 -0.032998 -0.003624 0.013924 -0.016212 -0.001883 0.004856 0.089074 -0.020409 0.001717 -0.000572 -0.054360 0.024223 0.036431 -0.345045 -0.016975 -0.008583 -0.001717
1757664960.776157 -0.050164 0.007439 0.002098 -0.002861 0.016274 -0.002101 -0.032998 -0.003624 0.013924 -0.016212 -0.001883 0.004856 0.089074 -0.020409 0.001717 -0.000572 -0.054360 0.024223 0.036431 -0.345045 -0.016975 -0.008583 -0.001717
1757664960.778170 -0.050164 0.007439 0.002098 -0.002861 0.016274 -0.002101 -0.032998 -0.003624 0.013924 -0.016212 -0.001883 0.004856 0.089074 -0.020409 0.001717 -0.000572 -0.054360 0.024223 0.036431 -0.345045 -0.016975 -0.008583 -0.001717
1757664960.780164 -0.050164 0.007439 0.002098 -0.002861 0.016274 -0.002101 -0.032998 -0.003624 0.013924 -0.016212 -0.001883 0.004856 0.089074 -0.020409 0.001717 -0.000572 -0.054360 0.024223 0.036431 -0.345045 -0.016975 -0.008583 -0.001717
1757664960.782173 -0.050164 0.007439 0.002098 -0.002861 0.016274 -0.002101 -0.032998 -0.003624 0.013924 -0.016212 -0.001883 0.004856 0.089074 -0.020409 0.001717 -0.000572 -0.054360 0.024223 0.036431 -0.345045 -0.016975 -0.008583 -0.001717
1757664960.784189 -0.050164 0.007439 0.002098 -0.002861 0.016274 -0.002101 -0.032998 -0.003624 0.013924 -0.016212 -0.001883 0.004856 0.089074 -0.020409 0.001717 -0.000572 -0.054360 0.024223 0.036431 -0.345045 -0.016975 -0.008583 -0.001717
1757664960.786163 -0.050164 0.007439 0.002098 -0.002861 0.016274 -0.002101 -0.032998 -0.003624 0.013924 -0.016212 -0.001883 0.004856 0.089074 -0.020409 0.001717 -0.000572 -0.054360 0.024223 0.036431 -0.345045 -0.016975 -0.008583 -0.001717
1757664960.788162 -0.050164 0.007439 0.002098 -0.002861 0.016274 -0.002101 -0.032998 -0.003624 0.013924 -0.016212 -0.001883 0.004856 0.089074 -0.020409 0.001717 -0.000572 -0.054360 0.024223 0.036431 -0.345045 -0.016975 -0.008583 -0.001717
1757664960.790200 -0.050164 0.007439 0.002098 -0.002861 0.016274 -0.002101 -0.032998 -0.003624 0.013924 -0.016212 -0.001883 0.004856 0.089074 -0.020409 0.001717 -0.000572 -0.054360 0.024223 0.036431 -0.345045 -0.016975 -0.008583 -0.001717
1757664960.792177 -0.050164 0.007439 0.002098 -0.002861 0.016274 -0.002101 -0.032998 -0.003624 0.013924 -0.016212 -0.001883 0.004856 0.089074 -0.020409 0.001717 -0.000572 -0.054360 0.024223 0.036431 -0.345045 -0.016975 -0.008583 -0.001717
1757664960.794160 -0.050164 0.007439 0.002098 -0.002861 0.016274 -0.002101 -0.032998 -0.003624 0.013924 -0.016212 -0.001883 0.004856 0.089074 -0.020409 0.001717 -0.000572 -0.054360 0.024223 0.036431 -0.345045 -0.016975 -0.008583 -0.001717
1757664960.796160 -0.050164 0.007439 0.002098 -0.002861 0.016274 -0.002101 -0.032998 -0.003624 0.013924 -0.016212 -0.001883 0.004856 0.089074 -0.020409 0.001717 -0.000572 -0.054360 0.024223 0.036431 -0.345045 -0.016975 -0.008583 -0.001717
1757664960.798172 -0.050164 0.007439 0.002098 -0.002861 0.016274 -0.002101 -0.032998 -0.003624 0.013924 -0.016212 -0.001883 0.004856 0.089074 -0.020409 0.001717 -0.000572 -0.054360 0.024223 0.036431 -0.345045 -0.016975 -0.008583 -0.001717
1757664960.800155 -0.050164 0.007439 0.002098 -0.002861 0.016274 -0.002101 -0.032998 -0.003624 0.013924 -0.016212 -0.001883 0.004856 0.089074 -0.020409 0.001717 -0.000572 -0.054360 0.024223 0.036431 -0.345045 -0.016975 -0.008583 -0.001717
1757664960.802162 -0.050164 0.007439 0.002098 -0.002861 0.016274 -0.002101 -0.032998 -0.003624 0.013924 -0.016212 -0.001883 0.004856 0.089074 -0.020409 0.001717 -0.000572 -0.054360 0.024223 0.036431 -0.345045 -0.016975 -0.008583 -0.001717
1757664960.804178 -0.050164 0.007439 0.002098 -0.002861 0.016274 -0.002101 -0.032998 -0.003624 0.013924 -0.016212 -0.001883 0.004856 0.089074 -0.020409 0.001717 -0.000572 -0.054360 0.024223 0.036431 -0.345045 -0.016975 -0.008583 -0.001717
1757664960.806162 -0.050164 0.007439 0.002098 -0.002861 0.016274 -0.002101 -0.032998 -0.003624 0.013924 -0.016212 -0.001883 0.004856 0.089074 -0.020409 0.001717 -0.000572 -0.054360 0.024223 0.036431 -0.345045 -0.016975 -0.008583 -0.001717
1757664960.808163 -0.050164 0.007439 0.002098 -0.002861 0.016274 -0.002101 -0.032998 -0.003624 0.013924 -0.016212 -0.001883 0.004856 0.089074 -0.020409 0.001717 -0.000572 -0.054360 0.024223 0.036431 -0.345045 -0.016975 -0.008583 -0.001717
1757664960.810160 -0.050164 0.007439 0.002098 -0.002861 0.016274 -0.002101 -0.032998 -0.003624 0.013924 -0.016212 -0.001883 0.004856 0.089074 -0.020409 0.001717 -0.000572 -0.054360 0.024223 0.036431 -0.345045 -0.016975 -0.008583 -0.001717
1757664960.812177 -0.050164 0.007439 0.002098 -0.002861 0.016274 -0.002101 -0.032998 -0.003624 0.013924 -0.016212 -0.001883 0.004856 0.089074 -0.020409 0.001717 -0.000572 -0.054360 0.024223 0.036431 -0.345045 -0.016975 -0.008583 -0.001717
1757664960.814185 -0.050164 0.007439 0.002098 -0.002861 0.016274 -0.002101 -0.032998 -0.003624 0.013924 -0.016212 -0.001883 0.004856 0.089074 -0.020409 0.001717 -0.000572 -0.054360 0.024223 0.036431 -0.345045 -0.016975 -0.008583 -0.001717
1757664960.816179 -0.050164 0.007439 0.002098 -0.002861 0.016274 -0.002101 -0.032998 -0.003624 0.013924 -0.016212 -0.001883 0.004856 0.089074 -0.020409 0.001717 -0.000572 -0.054360 0.024223 0.036431 -0.345045 -0.016975 -0.008583 -0.001717
1757664960.818206 -0.050164 0.007439 0.002098 -0.002861 0.016274 -0.002101 -0.032998 -0.003624 0.013924 -0.016212 -0.001883 0.004856 0.089074 -0.020409 0.001717 -0.000572 -0.054360 0.024223 0.036431 -0.345045 -0.016975 -0.008583 -0.001717
1757664960.820153 -0.050164 0.007439 0.002098 -0.002861 0.016274 -0.002101 -0.032998 -0.003624 0.013924 -0.016212 -0.001883 0.004856 0.089074 -0.020409 0.001717 -0.000572 -0.054360 0.024223 0.036431 -0.345045 -0.016975 -0.008583 -0.001717
1757664960.822157 -0.050164 0.007439 0.002098 -0.002861 0.016274 -0.002101 -0.032998 -0.003624 0.013924 -0.016212 -0.001883 0.004856 0.089074 -0.020409 0.001717 -0.000572 -0.054360 0.024223 0.036431 -0.345045 -0.016975 -0.008583 -0.001717
1757664960.824152 -0.050164 0.007439 0.002098 -0.002861 0.016274 -0.002101 -0.032998 -0.003624 0.013924 -0.016212 -0.001883 0.004856 0.089074 -0.020409 0.001717 -0.000572 -0.054360 0.024223 0.036431 -0.345045 -0.016975 -0.008583 -0.001717
1757664960.826169 -0.050164 0.007439 0.002098 -0.002861 0.016274 -0.002101 -0.032998 -0.003624 0.013924 -0.016212 -0.001883 0.004856 0.089074 -0.020409 0.001717 -0.000572 -0.054360 0.024223 0.036431 -0.345045 -0.016975 -0.008583 -0.001717
1757664960.828151 -0.050164 0.007439 0.002098 -0.002861 0.016274 -0.002101 -0.032998 -0.003624 0.013924 -0.016212 -0.001883 0.004856 0.089074 -0.020409 0.001717 -0.000572 -0.054360 0.024223 0.036431 -0.345045 -0.016975 -0.008583 -0.001717
1757664960.830172 -0.050164 0.007439 0.002098 -0.002861 0.016274 -0.002101 -0.032998 -0.003624 0.013924 -0.016212 -0.001883 0.004856 0.089074 -0.020409 0.001717 -0.000572 -0.054360 0.024223 0.036431 -0.345045 -0.016975 -0.008583 -0.001717
1757664960.832172 -0.050164 0.007439 0.002098 -0.002861 0.016274 -0.002101 -0.032998 -0.003624 0.013924 -0.016212 -0.001883 0.004856 0.089074 -0.020409 0.001717 -0.000572 -0.054360 0.024223 0.036431 -0.345045 -0.016975 -0.008583 -0.001717
1757664960.834156 -0.050164 0.007439 0.002098 -0.002861 0.016274 -0.002101 -0.032998 -0.003624 0.013924 -0.016212 -0.001883 0.004856 0.089074 -0.020409 0.001717 -0.000572 -0.054360 0.024223 0.036431 -0.345045 -0.016975 -0.008583 -0.001717
1757664960.836155 -0.050164 0.007439 0.002098 -0.002861 0.016274 -0.002101 -0.032998 -0.003624 0.013924 -0.016212 -0.001883 0.004856 0.089074 -0.020409 0.001717 -0.000572 -0.054360 0.024223 0.036431 -0.345045 -0.016975 -0.008583 -0.001717
1757664960.838151 -0.050164 0.007439 0.002098 -0.002861 0.016274 -0.002101 -0.032998 -0.003624 0.013924 -0.016212 -0.001883 0.004856 0.089074 -0.020409 0.001717 -0.000572 -0.054360 0.024223 0.036431 -0.345045 -0.016975 -0.008583 -0.001717
1757664960.840156 -0.050164 0.007439 0.002098 -0.002861 0.016274 -0.002101 -0.032998 -0.003624 0.013924 -0.016212 -0.001883 0.004856 0.089074 -0.020409 0.001717 -0.000572 -0.054360 0.024223 0.036431 -0.345045 -0.016975 -0.008583 -0.001717
1757664960.842152 -0.050164 0.007439 0.002098 -0.002861 0.016274 -0.002101 -0.032998 -0.003624 0.013924 -0.016212 -0.001883 0.004856 0.089074 -0.020409 0.001717 -0.000572 -0.054360 0.024223 0.036431 -0.345045 -0.016975 -0.008583 -0.001717
1757664960.844148 -0.050164 0.007439 0.002098 -0.002861 0.016274 -0.002101 -0.032998 -0.003624 0.013924 -0.016212 -0.001883 0.004856 0.089074 -0.020409 0.001717 -0.000572 -0.054360 0.024223 0.036431 -0.345045 -0.016975 -0.008583 -0.001717
1757664960.846187 -0.050164 0.007439 0.002098 -0.002861 0.016274 -0.002101 -0.032998 -0.003624 0.013924 -0.016212 -0.001883 0.004856 0.089074 -0.020409 0.001717 -0.000572 -0.054360 0.024223 0.036431 -0.345045 -0.016975 -0.008583 -0.001717
1757664960.848158 -0.050164 0.007439 0.002098 -0.002861 0.016274 -0.002101 -0.032998 -0.003624 0.013924 -0.016212 -0.001883 0.004856 0.089074 -0.020409 0.001717 -0.000572 -0.054360 0.024223 0.036431 -0.345045 -0.016975 -0.008583 -0.001717
1757664960.850155 -0.050164 0.007439 0.002098 -0.002861 0.016274 -0.002101 -0.032998 -0.003624 0.013924 -0.016212 -0.001883 0.004856 0.089074 -0.020409 0.001717 -0.000572 -0.054360 0.024223 0.036431 -0.345045 -0.016975 -0.008583 -0.001717
1757664960.852151 -0.050164 0.007439 0.002098 -0.002861 0.016274 -0.002101 -0.032998 -0.003624 0.013924 -0.016212 -0.001883 0.004856 0.089074 -0.020409 0.001717 -0.000572 -0.054360 0.024223 0.036431 -0.345045 -0.016975 -0.008583 -0.001717
1757664960.854151 -0.050164 0.007439 0.002098 -0.002861 0.016274 -0.002101 -0.032998 -0.003624 0.013924 -0.016212 -0.001883 0.004856 0.089074 -0.020409 0.001717 -0.000572 -0.054360 0.024223 0.036431 -0.345045 -0.016975 -0.008583 -0.001717
1757664960.856162 -0.050164 0.007439 0.002098 -0.002861 0.016274 -0.002101 -0.032998 -0.003624 0.013924 -0.016212 -0.001883 0.004856 0.089074 -0.020409 0.001717 -0.000572 -0.054360 0.024223 0.036431 -0.345045 -0.016975 -0.008583 -0.001717
1757664960.858160 -0.050164 0.007439 0.002098 -0.002861 0.016274 -0.002101 -0.032998 -0.003624 0.013924 -0.016212 -0.001883 0.004856 0.089074 -0.020409 0.001717 -0.000572 -0.054360 0.024223 0.036431 -0.345045 -0.016975 -0.008583 -0.001717
1757664960.860168 -0.050164 0.007439 0.002098 -0.002861 0.016274 -0.002101 -0.032998 -0.003624 0.013924 -0.016212 -0.001883 0.004856 0.089074 -0.020409 0.001717 -0.000572 -0.054360 0.024223 0.036431 -0.345045 -0.016975 -0.008583 -0.001717
1757664960.862201 -0.050164 0.007439 0.002098 -0.002861 0.016274 -0.002101 -0.032998 -0.003624 0.013924 -0.016212 -0.001883 0.004856 0.089074 -0.020409 0.001717 -0.000572 -0.054360 0.024223 0.036431 -0.345045 -0.016975 -0.008583 -0.001717
1757664960.864184 -0.050164 0.007439 0.002098 -0.002861 0.016274 -0.002101 -0.032998 -0.003624 0.013924 -0.016212 -0.001883 0.004856 0.089074 -0.020409 0.001717 -0.000572 -0.054360 0.024223 0.036431 -0.345045 -0.016975 -0.008583 -0.001717
1757664960.866184 -0.050164 0.007439 0.002098 -0.002861 0.016274 -0.002101 -0.032998 -0.003624 0.013924 -0.016212 -0.001883 0.004856 0.089074 -0.020409 0.001717 -0.000572 -0.054360 0.024223 0.036431 -0.345045 -0.016975 -0.008583 -0.001717
1757664960.868161 -0.050164 0.007439 0.002098 -0.002861 0.016274 -0.002101 -0.032998 -0.003624 0.013924 -0.016212 -0.001883 0.004856 0.089074 -0.020409 0.001717 -0.000572 -0.054360 0.024223 0.036431 -0.345045 -0.016975 -0.008583 -0.001717
1757664960.870161 -0.050164 0.007439 0.002098 -0.002861 0.016274 -0.002101 -0.032998 -0.003624 0.013924 -0.016212 -0.001883 0.004856 0.089074 -0.020409 0.001717 -0.000572 -0.054360 0.024223 0.036431 -0.345045 -0.016975 -0.008583 -0.001717
1757664960.872161 -0.050164 0.007439 0.002098 -0.002861 0.016274 -0.002101 -0.032998 -0.003624 0.013924 -0.016212 -0.001883 0.004856 0.089074 -0.020409 0.001717 -0.000572 -0.054360 0.024223 0.036431 -0.345045 -0.016975 -0.008583 -0.001717
1757664960.874173 -0.050164 0.007439 0.002098 -0.002861 0.016274 -0.002101 -0.032998 -0.003624 0.013924 -0.016212 -0.001883 0.004856 0.089074 -0.020409 0.001717 -0.000572 -0.054360 0.024223 0.036431 -0.345045 -0.016975 -0.008583 -0.001717
1757664960.876168 -0.050164 0.007439 0.002098 -0.002861 0.016274 -0.002101 -0.032998 -0.003624 0.013924 -0.016212 -0.001883 0.004856 0.089074 -0.020409 0.001717 -0.000572 -0.054360 0.024223 0.036431 -0.345045 -0.016975 -0.008583 -0.001717
1757664960.878188 -0.050164 0.007439 0.002098 -0.002861 0.016274 -0.002101 -0.032998 -0.003624 0.013924 -0.016212 -0.001883 0.004856 0.089074 -0.020409 0.001717 -0.000572 -0.054360 0.024223 0.036431 -0.345045 -0.016975 -0.008583 -0.001717
1757664960.880177 -0.050164 0.007439 0.002098 -0.002861 0.016274 -0.002101 -0.032998 -0.003624 0.013924 -0.016212 -0.001883 0.004856 0.089074 -0.020409 0.001717 -0.000572 -0.054360 0.024223 0.036431 -0.345045 -0.016975 -0.008583 -0.001717
1757664960.882181 -0.050164 0.007439 0.002098 -0.002861 0.016274 -0.002101 -0.032998 -0.003624 0.013924 -0.016212 -0.001883 0.004856 0.089074 -0.020409 0.001717 -0.000572 -0.054360 0.024223 0.036431 -0.345045 -0.016975 -0.008583 -0.001717
1757664960.884160 -0.050164 0.007439 0.002098 -0.002861 0.016274 -0.002101 -0.032998 -0.003624 0.013924 -0.016212 -0.001883 0.004856 0.089074 -0.020409 0.001717 -0.000572 -0.054360 0.024223 0.036431 -0.345045 -0.016975 -0.008583 -0.001717
1757664960.886150 -0.050164 0.007439 0.002098 -0.002861 0.016274 -0.002101 -0.032998 -0.003624 0.013924 -0.016212 -0.001883 0.004856 0.089074 -0.020409 0.001717 -0.000572 -0.054360 0.024223 0.036431 -0.345045 -0.016975 -0.008583 -0.001717
1757664960.888159 -0.050164 0.007439 0.002098 -0.002861 0.016274 -0.002101 -0.032998 -0.003624 0.013924 -0.016212 -0.001883 0.004856 0.089074 -0.020409 0.001717 -0.000572 -0.054360 0.024223 0.036431 -0.345045 -0.016975 -0.008583 -0.001717
1757664960.890146 -0.050164 0.007439 0.002098 -0.002861 0.016274 -0.002101 -0.032998 -0.003624 0.013924 -0.016212 -0.001883 0.004856 0.089074 -0.020409 0.001717 -0.000572 -0.054360 0.024223 0.036431 -0.345045 -0.016975 -0.008583 -0.001717
1757664960.892153 -0.050164 0.007439 0.002098 -0.002861 0.016274 -0.002101 -0.032998 -0.003624 0.013924 -0.016212 -0.001883 0.004856 0.089074 -0.020409 0.001717 -0.000572 -0.054360 0.024223 0.036431 -0.345045 -0.016975 -0.008583 -0.001717
1757664960.894156 -0.050164 0.007439 0.002098 -0.002861 0.016274 -0.002101 -0.032998 -0.003624 0.013924 -0.016212 -0.001883 0.004856 0.089074 -0.020409 0.001717 -0.000572 -0.054360 0.024223 0.036431 -0.345045 -0.016975 -0.008583 -0.001717
1757664960.896148 -0.050164 0.007439 0.002098 -0.002861 0.016274 -0.002101 -0.032998 -0.003624 0.013924 -0.016212 -0.001883 0.004856 0.089074 -0.020409 0.001717 -0.000572 -0.054360 0.024223 0.036431 -0.345045 -0.016975 -0.008583 -0.001717
1757664960.898151 -0.050164 0.007439 0.002098 -0.002861 0.016274 -0.002101 -0.032998 -0.003624 0.013924 -0.016212 -0.001883 0.004856 0.089074 -0.020409 0.001717 -0.000572 -0.054360 0.024223 0.036431 -0.345045 -0.016975 -0.008583 -0.001717
1757664960.900149 -0.050164 0.007439 0.002098 -0.002861 0.016274 -0.002101 -0.032998 -0.003624 0.013924 -0.016212 -0.001883 0.004856 0.089074 -0.020409 0.001717 -0.000572 -0.054360 0.024223 0.036431 -0.345045 -0.016975 -0.008583 -0.001717
1757664960.902160 -0.050164 0.007439 0.002098 -0.002861 0.016274 -0.002101 -0.032998 -0.003624 0.013924 -0.016212 -0.001883 0.004856 0.089074 -0.020409 0.001717 -0.000572 -0.054360 0.024223 0.036431 -0.345045 -0.016975 -0.008583 -0.001717
1757664960.904149 -0.050164 0.007439 0.002098 -0.002861 0.016274 -0.002101 -0.032998 -0.003624 0.013924 -0.016212 -0.001883 0.004856 0.089074 -0.020409 0.001717 -0.000572 -0.054360 0.024223 0.036431 -0.345045 -0.016975 -0.008583 -0.001717
1757664960.906147 -0.050164 0.007439 0.002098 -0.002861 0.016274 -0.002101 -0.032998 -0.003624 0.013924 -0.016212 -0.001883 0.004856 0.089074 -0.020409 0.001717 -0.000572 -0.054360 0.024223 0.036431 -0.345045 -0.016975 -0.008583 -0.001717
1757664960.908156 -0.050164 0.007439 0.002098 -0.002861 0.016274 -0.002101 -0.032998 -0.003624 0.013924 -0.016212 -0.001883 0.004856 0.089074 -0.020409 0.001717 -0.000572 -0.054360 0.024223 0.036431 -0.345045 -0.016975 -0.008583 -0.001717
1757664960.910184 -0.050164 0.007439 0.002098 -0.002861 0.016274 -0.002101 -0.032998 -0.003624 0.013924 -0.016212 -0.001883 0.004856 0.089074 -0.020409 0.001717 -0.000572 -0.054360 0.024223 0.036431 -0.345045 -0.016975 -0.008583 -0.001717
1757664960.912161 -0.050164 0.007439 0.002098 -0.002861 0.016274 -0.002101 -0.032998 -0.003624 0.013924 -0.016212 -0.001883 0.004856 0.089074 -0.020409 0.001717 -0.000572 -0.054360 0.024223 0.036431 -0.345045 -0.016975 -0.008583 -0.001717
1757664960.914150 -0.050164 0.007439 0.002098 -0.002861 0.016274 -0.002101 -0.032998 -0.003624 0.013924 -0.016212 -0.001883 0.004856 0.089074 -0.020409 0.001717 -0.000572 -0.054360 0.024223 0.036431 -0.345045 -0.016975 -0.008583 -0.001717
1757664960.916184 -0.050164 0.007439 0.002098 -0.002861 0.016274 -0.002101 -0.032998 -0.003624 0.013924 -0.016212 -0.001883 0.004856 0.089074 -0.020409 0.001717 -0.000572 -0.054360 0.024223 0.036431 -0.345045 -0.016975 -0.008583 -0.001717
1757664960.918165 -0.050164 0.007439 0.002098 -0.002861 0.016274 -0.002101 -0.032998 -0.003624 0.013924 -0.016212 -0.001883 0.004856 0.089074 -0.020409 0.001717 -0.000572 -0.054360 0.024223 0.036431 -0.345045 -0.016975 -0.008583 -0.001717
1757664960.920153 -0.050164 0.007439 0.002098 -0.002861 0.016274 -0.002101 -0.032998 -0.003624 0.013924 -0.016212 -0.001883 0.004856 0.089074 -0.020409 0.001717 -0.000572 -0.054360 0.024223 0.036431 -0.345045 -0.016975 -0.008583 -0.001717
1757664960.922183 -0.050164 0.007439 0.002098 -0.002861 0.016274 -0.002101 -0.032998 -0.003624 0.013924 -0.016212 -0.001883 0.004856 0.089074 -0.020409 0.001717 -0.000572 -0.054360 0.024223 0.036431 -0.345045 -0.016975 -0.008583 -0.001717
1757664960.924160 -0.050164 0.007439 0.002098 -0.002861 0.016274 -0.002101 -0.032998 -0.003624 0.013924 -0.016212 -0.001883 0.004856 0.089074 -0.020409 0.001717 -0.000572 -0.054360 0.024223 0.036431 -0.345045 -0.016975 -0.008583 -0.001717
1757664960.926149 -0.050164 0.007439 0.002098 -0.002861 0.016274 -0.002101 -0.032998 -0.003624 0.013924 -0.016212 -0.001883 0.004856 0.089074 -0.020409 0.001717 -0.000572 -0.054360 0.024223 0.036431 -0.345045 -0.016975 -0.008583 -0.001717
1757664960.928147 -0.050164 0.007439 0.002098 -0.002861 0.016274 -0.002101 -0.032998 -0.003624 0.013924 -0.016212 -0.001883 0.004856 0.089074 -0.020409 0.001717 -0.000572 -0.054360 0.024223 0.036431 -0.345045 -0.016975 -0.008583 -0.001717
1757664960.930168 -0.050164 0.007439 0.002098 -0.002861 0.016274 -0.002101 -0.032998 -0.003624 0.013924 -0.016212 -0.001883 0.004856 0.089074 -0.020409 0.001717 -0.000572 -0.054360 0.024223 0.036431 -0.345045 -0.016975 -0.008583 -0.001717
1757664960.932202 -0.050164 0.007439 0.002098 -0.002861 0.016274 -0.002101 -0.032998 -0.003624 0.013924 -0.016212 -0.001883 0.004856 0.089074 -0.020409 0.001717 -0.000572 -0.054360 0.024223 0.036431 -0.345045 -0.016975 -0.008583 -0.001717
1757664960.934166 -0.050164 0.007439 0.002098 -0.002861 0.016274 -0.002101 -0.032998 -0.003624 0.013924 -0.016212 -0.001883 0.004856 0.089074 -0.020409 0.001717 -0.000572 -0.054360 0.024223 0.036431 -0.345045 -0.016975 -0.008583 -0.001717
1757664960.936207 -0.050164 0.007439 0.002098 -0.002861 0.016274 -0.002101 -0.032998 -0.003624 0.013924 -0.016212 -0.001883 0.004856 0.089074 -0.020409 0.001717 -0.000572 -0.054360 0.024223 0.036431 -0.345045 -0.016975 -0.008583 -0.001717
1757664960.938178 -0.050164 0.007439 0.002098 -0.002861 0.016274 -0.002101 -0.032998 -0.003624 0.013924 -0.016212 -0.001883 0.004856 0.089074 -0.020409 0.001717 -0.000572 -0.054360 0.024223 0.036431 -0.345045 -0.016975 -0.008583 -0.001717
1757664960.940234 -0.050164 0.007439 0.002098 -0.002861 0.016274 -0.002101 -0.032998 -0.003624 0.013924 -0.016212 -0.001883 0.004856 0.089074 -0.020409 0.001717 -0.000572 -0.054360 0.024223 0.036431 -0.345045 -0.016975 -0.008583 -0.001717
1757664960.942185 -0.050164 0.007439 0.002098 -0.002861 0.016274 -0.002101 -0.032998 -0.003624 0.013924 -0.016212 -0.001883 0.004856 0.089074 -0.020409 0.001717 -0.000572 -0.054360 0.024223 0.036431 -0.345045 -0.016975 -0.008583 -0.001717
1757664960.944186 -0.050164 0.007439 0.002098 -0.002861 0.016274 -0.002101 -0.032998 -0.003624 0.013924 -0.016212 -0.001883 0.004856 0.089074 -0.020409 0.001717 -0.000572 -0.054360 0.024223 0.036431 -0.345045 -0.016975 -0.008583 -0.001717
1757664960.946163 -0.050164 0.007439 0.002098 -0.002861 0.016274 -0.002101 -0.032998 -0.003624 0.013924 -0.016212 -0.001883 0.004856 0.089074 -0.020409 0.001717 -0.000572 -0.054360 0.024223 0.036431 -0.345045 -0.016975 -0.008583 -0.001717
1757664960.948153 -0.050164 0.007439 0.002098 -0.002861 0.016274 -0.002101 -0.032998 -0.003624 0.013924 -0.016212 -0.001883 0.004856 0.089074 -0.020409 0.001717 -0.000572 -0.054360 0.024223 0.036431 -0.345045 -0.016975 -0.008583 -0.001717
1757664960.950186 -0.050164 0.007439 0.002098 -0.002861 0.016274 -0.002101 -0.032998 -0.003624 0.013924 -0.016212 -0.001883 0.004856 0.089074 -0.020409 0.001717 -0.000572 -0.054360 0.024223 0.036431 -0.345045 -0.016975 -0.008583 -0.001717
1757664960.952149 -0.050164 0.007439 0.002098 -0.002861 0.016274 -0.002101 -0.032998 -0.003624 0.013924 -0.016212 -0.001883 0.004856 0.089074 -0.020409 0.001717 -0.000572 -0.054360 0.024223 0.036431 -0.345045 -0.016975 -0.008583 -0.001717
1757664960.954149 -0.050164 0.007439 0.002098 -0.002861 0.016274 -0.002101 -0.032998 -0.003624 0.013924 -0.016212 -0.001883 0.004856 0.089074 -0.020409 0.001717 -0.000572 -0.054360 0.024223 0.036431 -0.345045 -0.016975 -0.008583 -0.001717
1757664960.956168 -0.050164 0.007439 0.002098 -0.002861 0.016274 -0.002101 -0.032998 -0.003624 0.013924 -0.016212 -0.001883 0.004856 0.089074 -0.020409 0.001717 -0.000572 -0.054360 0.024223 0.036431 -0.345045 -0.016975 -0.008583 -0.001717
1757664960.958167 -0.050164 0.007439 0.002098 -0.002861 0.016274 -0.002101 -0.032998 -0.003624 0.013924 -0.016212 -0.001883 0.004856 0.089074 -0.020409 0.001717 -0.000572 -0.054360 0.024223 0.036431 -0.345045 -0.016975 -0.008583 -0.001717
1757664960.960173 -0.050164 0.007439 0.002098 -0.002861 0.016274 -0.002101 -0.032998 -0.003624 0.013924 -0.016212 -0.001883 0.004856 0.089074 -0.020409 0.001717 -0.000572 -0.054360 0.024223 0.036431 -0.345045 -0.016975 -0.008583 -0.001717
1757664960.962148 -0.050164 0.007439 0.002098 -0.002861 0.016274 -0.002101 -0.032998 -0.003624 0.013924 -0.016212 -0.001883 0.004856 0.089074 -0.020409 0.001717 -0.000572 -0.054360 0.024223 0.036431 -0.345045 -0.016975 -0.008583 -0.001717
1757664960.964170 -0.050164 0.007439 0.002098 -0.002861 0.016274 -0.002101 -0.032998 -0.003624 0.013924 -0.016212 -0.001883 0.004856 0.089074 -0.020409 0.001717 -0.000572 -0.054360 0.024223 0.036431 -0.345045 -0.016975 -0.008583 -0.001717
1757664960.966153 -0.050164 0.007439 0.002098 -0.002861 0.016274 -0.002101 -0.032998 -0.003624 0.013924 -0.016212 -0.001883 0.004856 0.089074 -0.020409 0.001717 -0.000572 -0.054360 0.024223 0.036431 -0.345045 -0.016975 -0.008583 -0.001717
1757664960.968167 -0.050164 0.007439 0.002098 -0.002861 0.016274 -0.002101 -0.032998 -0.003624 0.013924 -0.016212 -0.001883 0.004856 0.089074 -0.020409 0.001717 -0.000572 -0.054360 0.024223 0.036431 -0.345045 -0.016975 -0.008583 -0.001717
1757664960.970162 -0.050164 0.007439 0.002098 -0.002861 0.016274 -0.002101 -0.032998 -0.003624 0.013924 -0.016212 -0.001883 0.004856 0.089074 -0.020409 0.001717 -0.000572 -0.054360 0.024223 0.036431 -0.345045 -0.016975 -0.008583 -0.001717
1757664960.972186 -0.050164 0.007439 0.002098 -0.002861 0.016274 -0.002101 -0.032998 -0.003624 0.013924 -0.016212 -0.001883 0.004856 0.089074 -0.020409 0.001717 -0.000572 -0.054360 0.024223 0.036431 -0.345045 -0.016975 -0.008583 -0.001717
1757664960.974159 -0.050164 0.007439 0.002098 -0.002861 0.016274 -0.002101 -0.032998 -0.003624 0.013924 -0.016212 -0.001883 0.004856 0.089074 -0.020409 0.001717 -0.000572 -0.054360 0.024223 0.036431 -0.345045 -0.016975 -0.008583 -0.001717
1757664960.976167 -0.050164 0.007439 0.002098 -0.002861 0.016274 -0.002101 -0.032998 -0.003624 0.013924 -0.016212 -0.001883 0.004856 0.089074 -0.020409 0.001717 -0.000572 -0.054360 0.024223 0.036431 -0.345045 -0.016975 -0.008583 -0.001717
1757664960.978179 -0.050164 0.007439 0.002098 -0.002861 0.016274 -0.002101 -0.032998 -0.003624 0.013924 -0.016212 -0.001883 0.004856 0.089074 -0.020409 0.001717 -0.000572 -0.054360 0.024223 0.036431 -0.345045 -0.016975 -0.008583 -0.001717
1757664960.980161 -0.050164 0.007439 0.002098 -0.002861 0.016274 -0.002101 -0.032998 -0.003624 0.013924 -0.016212 -0.001883 0.004856 0.089074 -0.020409 0.001717 -0.000572 -0.054360 0.024223 0.036431 -0.345045 -0.016975 -0.008583 -0.001717
1757664960.982166 -0.050164 0.007439 0.002098 -0.002861 0.016274 -0.002101 -0.032998 -0.003624 0.013924 -0.016212 -0.001883 0.004856 0.089074 -0.020409 0.001717 -0.000572 -0.054360 0.024223 0.036431 -0.345045 -0.016975 -0.008583 -0.001717
1757664960.984162 -0.050164 0.007439 0.002098 -0.002861 0.016274 -0.002101 -0.032998 -0.003624 0.013924 -0.016212 -0.001883 0.004856 0.089074 -0.020409 0.001717 -0.000572 -0.054360 0.024223 0.036431 -0.345045 -0.016975 -0.008583 -0.001717
1757664960.986156 -0.050164 0.007439 0.002098 -0.002861 0.016274 -0.002101 -0.032998 -0.003624 0.013924 -0.016212 -0.001883 0.004856 0.089074 -0.020409 0.001717 -0.000572 -0.054360 0.024223 0.036431 -0.345045 -0.016975 -0.008583 -0.001717
1757664960.988163 -0.050164 0.007439 0.002098 -0.002861 0.016274 -0.002101 -0.032998 -0.003624 0.013924 -0.016212 -0.001883 0.004856 0.089074 -0.020409 0.001717 -0.000572 -0.054360 0.024223 0.036431 -0.345045 -0.016975 -0.008583 -0.001717
1757664960.990149 -0.050164 0.007439 0.002098 -0.002861 0.016274 -0.002101 -0.032998 -0.003624 0.013924 -0.016212 -0.001883 0.004856 0.089074 -0.020409 0.001717 -0.000572 -0.054360 0.024223 0.036431 -0.345045 -0.016975 -0.008583 -0.001717
1757664960.992157 -0.050164 0.007439 0.002098 -0.002861 0.016274 -0.002101 -0.032998 -0.003624 0.013924 -0.016212 -0.001883 0.004856 0.089074 -0.020409 0.001717 -0.000572 -0.054360 0.024223 0.036431 -0.345045 -0.016975 -0.008583 -0.001717
1757664960.994161 -0.050164 0.007439 0.002098 -0.002861 0.016274 -0.002101 -0.032998 -0.003624 0.013924 -0.016212 -0.001883 0.004856 0.089074 -0.020409 0.001717 -0.000572 -0.054360 0.024223 0.036431 -0.345045 -0.016975 -0.008583 -0.001717
1757664960.996150 -0.050164 0.007439 0.002098 -0.002861 0.016274 -0.002101 -0.032998 -0.003624 0.013924 -0.016212 -0.001883 0.004856 0.089074 -0.020409 0.001717 -0.000572 -0.054360 0.024223 0.036431 -0.345045 -0.016975 -0.008583 -0.001717
1757664960.998162 -0.050164 0.007439 0.002098 -0.002861 0.016274 -0.002101 -0.032998 -0.003624 0.013924 -0.016212 -0.001883 0.004856 0.089074 -0.020409 0.001717 -0.000572 -0.054360 0.024223 0.036431 -0.345045 -0.016975 -0.008583 -0.001717
1757664961.000155 -0.050164 0.007439 0.002098 -0.002861 0.016274 -0.002101 -0.032998 -0.003624 0.013924 -0.016212 -0.001883 0.004856 0.089074 -0.020409 0.001717 -0.000572 -0.054360 0.024223 0.036431 -0.345045 -0.016975 -0.008583 -0.001717
1757664961.002156 -0.050164 0.007439 0.002098 -0.002861 0.016274 -0.002101 -0.032998 -0.003624 0.013924 -0.016212 -0.001883 0.004856 0.089074 -0.020409 0.001717 -0.000572 -0.054360 0.024223 0.036431 -0.345045 -0.016975 -0.008583 -0.001717
1757664961.004167 -0.050164 0.007439 0.002098 -0.002861 0.016274 -0.002101 -0.032998 -0.003624 0.013924 -0.016212 -0.001883 0.004856 0.089074 -0.020409 0.001717 -0.000572 -0.054360 0.024223 0.036431 -0.345045 -0.016975 -0.008583 -0.001717
1757664961.006164 -0.050164 0.007439 0.002098 -0.002861 0.016274 -0.002101 -0.032998 -0.003624 0.013924 -0.016212 -0.001883 0.004856 0.089074 -0.020409 0.001717 -0.000572 -0.054360 0.024223 0.036431 -0.345045 -0.016975 -0.008583 -0.001717
1757664961.008149 -0.050164 0.007439 0.002098 -0.002861 0.016274 -0.002101 -0.032998 -0.003624 0.013924 -0.016212 -0.001883 0.004856 0.089074 -0.020409 0.001717 -0.000572 -0.054360 0.024223 0.036431 -0.345045 -0.016975 -0.008583 -0.001717
1757664961.010151 -0.050164 0.007439 0.002098 -0.002861 0.016274 -0.002101 -0.032998 -0.003624 0.013924 -0.016212 -0.001883 0.004856 0.089074 -0.020409 0.001717 -0.000572 -0.054360 0.024223 0.036431 -0.345045 -0.016975 -0.008583 -0.001717
1757664961.012149 -0.050164 0.007439 0.002098 -0.002861 0.016274 -0.002101 -0.032998 -0.003624 0.013924 -0.016212 -0.001883 0.004856 0.089074 -0.020409 0.001717 -0.000572 -0.054360 0.024223 0.036431 -0.345045 -0.016975 -0.008583 -0.001717
1757664961.014150 -0.050164 0.007439 0.002098 -0.002861 0.016274 -0.002101 -0.032998 -0.003624 0.013924 -0.016212 -0.001883 0.004856 0.089074 -0.020409 0.001717 -0.000572 -0.054360 0.024223 0.036431 -0.345045 -0.016975 -0.008583 -0.001717
1757664961.016206 -0.050164 0.007439 0.002098 -0.002861 0.016274 -0.002101 -0.032998 -0.003624 0.013924 -0.016212 -0.001883 0.004856 0.089074 -0.020409 0.001717 -0.000572 -0.054360 0.024223 0.036431 -0.345045 -0.016975 -0.008583 -0.001717
1757664961.018150 -0.050164 0.007439 0.002098 -0.002861 0.016274 -0.002101 -0.032998 -0.003624 0.013924 -0.016212 -0.001883 0.004856 0.089074 -0.020409 0.001717 -0.000572 -0.054360 0.024223 0.036431 -0.345045 -0.016975 -0.008583 -0.001717
1757664961.020162 -0.050164 0.007439 0.002098 -0.002861 0.016274 -0.002101 -0.032998 -0.003624 0.013924 -0.016212 -0.001883 0.004856 0.089074 -0.020409 0.001717 -0.000572 -0.054360 0.024223 0.036431 -0.345045 -0.016975 -0.008583 -0.001717
1757664961.022149 -0.050164 0.007439 0.002098 -0.002861 0.016274 -0.002101 -0.032998 -0.003624 0.013924 -0.016212 -0.001883 0.004856 0.089074 -0.020409 0.001717 -0.000572 -0.054360 0.024223 0.036431 -0.345045 -0.016975 -0.008583 -0.001717
1757664961.024148 -0.050164 0.007439 0.002098 -0.002861 0.016274 -0.002101 -0.032998 -0.003624 0.013924 -0.016212 -0.001883 0.004856 0.089074 -0.020409 0.001717 -0.000572 -0.054360 0.024223 0.036431 -0.345045 -0.016975 -0.008583 -0.001717
1757664961.026145 -0.050164 0.007439 0.002098 -0.002861 0.016274 -0.002101 -0.032998 -0.003624 0.013924 -0.016212 -0.001883 0.004856 0.089074 -0.020409 0.001717 -0.000572 -0.054360 0.024223 0.036431 -0.345045 -0.016975 -0.008583 -0.001717
1757664961.028150 -0.050164 0.007439 0.002098 -0.002861 0.016274 -0.002101 -0.032998 -0.003624 0.013924 -0.016212 -0.001883 0.004856 0.089074 -0.020409 0.001717 -0.000572 -0.054360 0.024223 0.036431 -0.345045 -0.016975 -0.008583 -0.001717
1757664961.030145 -0.050164 0.007439 0.002098 -0.002861 0.016274 -0.002101 -0.032998 -0.003624 0.013924 -0.016212 -0.001883 0.004856 0.089074 -0.020409 0.001717 -0.000572 -0.054360 0.024223 0.036431 -0.345045 -0.016975 -0.008583 -0.001717
1757664961.032147 -0.050164 0.007439 0.002098 -0.002861 0.016274 -0.002101 -0.032998 -0.003624 0.013924 -0.016212 -0.001883 0.004856 0.089074 -0.020409 0.001717 -0.000572 -0.054360 0.024223 0.036431 -0.345045 -0.016975 -0.008583 -0.001717
1757664961.034200 -0.050164 0.007439 0.002098 -0.002861 0.016274 -0.002101 -0.032998 -0.003624 0.013924 -0.016212 -0.001883 0.004856 0.089074 -0.020409 0.001717 -0.000572 -0.054360 0.024223 0.036431 -0.345045 -0.016975 -0.008583 -0.001717
1757664961.036156 -0.050164 0.007439 0.002098 -0.002861 0.016274 -0.002101 -0.032998 -0.003624 0.013924 -0.016212 -0.001883 0.004856 0.089074 -0.020409 0.001717 -0.000572 -0.054360 0.024223 0.036431 -0.345045 -0.016975 -0.008583 -0.001717
1757664961.038148 -0.050164 0.007439 0.002098 -0.002861 0.016274 -0.002101 -0.032998 -0.003624 0.013924 -0.016212 -0.001883 0.004856 0.089074 -0.020409 0.001717 -0.000572 -0.054360 0.024223 0.036431 -0.345045 -0.016975 -0.008583 -0.001717
1757664961.040192 -0.050164 0.007439 0.002098 -0.002861 0.016274 -0.002101 -0.032998 -0.003624 0.013924 -0.016212 -0.001883 0.004856 0.089074 -0.020409 0.001717 -0.000572 -0.054360 0.024223 0.036431 -0.345045 -0.016975 -0.008583 -0.001717
1757664961.042151 -0.050164 0.007439 0.002098 -0.002861 0.016274 -0.002101 -0.032998 -0.003624 0.013924 -0.016212 -0.001883 0.004856 0.089074 -0.020409 0.001717 -0.000572 -0.054360 0.024223 0.036431 -0.345045 -0.016975 -0.008583 -0.001717
1757664961.044147 -0.050164 0.007439 0.002098 -0.002861 0.016274 -0.002101 -0.032998 -0.003624 0.013924 -0.016212 -0.001883 0.004856 0.089074 -0.020409 0.001717 -0.000572 -0.054360 0.024223 0.036431 -0.345045 -0.016975 -0.008583 -0.001717
1757664961.046145 -0.050164 0.007439 0.002098 -0.002861 0.016274 -0.002101 -0.032998 -0.003624 0.013924 -0.016212 -0.001883 0.004856 0.089074 -0.020409 0.001717 -0.000572 -0.054360 0.024223 0.036431 -0.345045 -0.016975 -0.008583 -0.001717
1757664961.048177 -0.050164 0.007439 0.002098 -0.002861 0.016274 -0.002101 -0.032998 -0.003624 0.013924 -0.016212 -0.001883 0.004856 0.089074 -0.020409 0.001717 -0.000572 -0.054360 0.024223 0.036431 -0.345045 -0.016975 -0.008583 -0.001717
1757664961.050161 -0.050164 0.007439 0.002098 -0.002861 0.016274 -0.002101 -0.032998 -0.003624 0.013924 -0.016212 -0.001883 0.004856 0.089074 -0.020409 0.001717 -0.000572 -0.054360 0.024223 0.036431 -0.345045 -0.016975 -0.008583 -0.001717
1757664961.052158 -0.050164 0.007439 0.002098 -0.002861 0.016274 -0.002101 -0.032998 -0.003624 0.013924 -0.016212 -0.001883 0.004856 0.089074 -0.020409 0.001717 -0.000572 -0.054360 0.024223 0.036431 -0.345045 -0.016975 -0.008583 -0.001717
1757664961.054153 -0.050164 0.007439 0.002098 -0.002861 0.016274 -0.002101 -0.032998 -0.003624 0.013924 -0.016212 -0.001883 0.004856 0.089074 -0.020409 0.001717 -0.000572 -0.054360 0.024223 0.036431 -0.345045 -0.016975 -0.008583 -0.001717
1757664961.056146 -0.050164 0.007439 0.002098 -0.002861 0.016274 -0.002101 -0.032998 -0.003624 0.013924 -0.016212 -0.001883 0.004856 0.089074 -0.020409 0.001717 -0.000572 -0.054360 0.024223 0.036431 -0.345045 -0.016975 -0.008583 -0.001717
1757664961.058146 -0.050164 0.007439 0.002098 -0.002861 0.016274 -0.002101 -0.032998 -0.003624 0.013924 -0.016212 -0.001883 0.004856 0.089074 -0.020409 0.001717 -0.000572 -0.054360 0.024223 0.036431 -0.345045 -0.016975 -0.008583 -0.001717
1757664961.060150 -0.050164 0.007439 0.002098 -0.002861 0.016274 -0.002101 -0.032998 -0.003624 0.013924 -0.016212 -0.001883 0.004856 0.089074 -0.020409 0.001717 -0.000572 -0.054360 0.024223 0.036431 -0.345045 -0.016975 -0.008583 -0.001717
1757664961.062156 -0.050164 0.007439 0.002098 -0.002861 0.016274 -0.002101 -0.032998 -0.003624 0.013924 -0.016212 -0.001883 0.004856 0.089074 -0.020409 0.001717 -0.000572 -0.054360 0.024223 0.036431 -0.345045 -0.016975 -0.008583 -0.001717
1757664961.064167 -0.050164 0.007439 0.002098 -0.002861 0.016274 -0.002101 -0.032998 -0.003624 0.013924 -0.016212 -0.001883 0.004856 0.089074 -0.020409 0.001717 -0.000572 -0.054360 0.024223 0.036431 -0.345045 -0.016975 -0.008583 -0.001717
1757664961.066179 -0.050164 0.007439 0.002098 -0.002861 0.016274 -0.002101 -0.032998 -0.003624 0.013924 -0.016212 -0.001883 0.004856 0.089074 -0.020409 0.001717 -0.000572 -0.054360 0.024223 0.036431 -0.345045 -0.016975 -0.008583 -0.001717
1757664961.068151 -0.050164 0.007439 0.002098 -0.002861 0.016274 -0.002101 -0.032998 -0.003624 0.013924 -0.016212 -0.001883 0.004856 0.089074 -0.020409 0.001717 -0.000572 -0.054360 0.024223 0.036431 -0.345045 -0.016975 -0.008583 -0.001717
1757664961.070154 -0.050164 0.007439 0.002098 -0.002861 0.016274 -0.002101 -0.032998 -0.003624 0.013924 -0.016212 -0.001883 0.004856 0.089074 -0.020409 0.001717 -0.000572 -0.054360 0.024223 0.036431 -0.345045 -0.016975 -0.008583 -0.001717
1757664961.072147 -0.050164 0.007439 0.002098 -0.002861 0.016274 -0.002101 -0.032998 -0.003624 0.013924 -0.016212 -0.001883 0.004856 0.089074 -0.020409 0.001717 -0.000572 -0.054360 0.024223 0.036431 -0.345045 -0.016975 -0.008583 -0.001717
1757664961.074145 -0.050164 0.007439 0.002098 -0.002861 0.016274 -0.002101 -0.032998 -0.003624 0.013924 -0.016212 -0.001883 0.004856 0.089074 -0.020409 0.001717 -0.000572 -0.054360 0.024223 0.036431 -0.345045 -0.016975 -0.008583 -0.001717
1757664961.076160 -0.050164 0.007439 0.002098 -0.002861 0.016274 -0.002101 -0.032998 -0.003624 0.013924 -0.016212 -0.001883 0.004856 0.089074 -0.020409 0.001717 -0.000572 -0.054360 0.024223 0.036431 -0.345045 -0.016975 -0.008583 -0.001717
1757664961.078147 -0.050164 0.007439 0.002098 -0.002861 0.016274 -0.002101 -0.032998 -0.003624 0.013924 -0.016212 -0.001883 0.004856 0.089074 -0.020409 0.001717 -0.000572 -0.054360 0.024223 0.036431 -0.345045 -0.016975 -0.008583 -0.001717
1757664961.080148 -0.050164 0.007439 0.002098 -0.002861 0.016274 -0.002101 -0.032998 -0.003624 0.013924 -0.016212 -0.001883 0.004856 0.089074 -0.020409 0.001717 -0.000572 -0.054360 0.024223 0.036431 -0.345045 -0.016975 -0.008583 -0.001717
1757664961.082158 -0.050164 0.007439 0.002098 -0.002861 0.016274 -0.002101 -0.032998 -0.003624 0.013924 -0.016212 -0.001883 0.004856 0.089074 -0.020409 0.001717 -0.000572 -0.054360 0.024223 0.036431 -0.345045 -0.016975 -0.008583 -0.001717
1757664961.084209 -0.050164 0.007439 0.002098 -0.002861 0.016274 -0.002101 -0.032998 -0.003624 0.013924 -0.016212 -0.001883 0.004856 0.089074 -0.020409 0.001717 -0.000572 -0.054360 0.024223 0.036431 -0.345045 -0.016975 -0.008583 -0.001717
1757664961.086170 -0.050164 0.007439 0.002098 -0.002861 0.016274 -0.002101 -0.032998 -0.003624 0.013924 -0.016212 -0.001883 0.004856 0.089074 -0.020409 0.001717 -0.000572 -0.054360 0.024223 0.036431 -0.345045 -0.016975 -0.008583 -0.001717
1757664961.088147 -0.050164 0.007439 0.002098 -0.002861 0.016274 -0.002101 -0.032998 -0.003624 0.013924 -0.016212 -0.001883 0.004856 0.089074 -0.020409 0.001717 -0.000572 -0.054360 0.024223 0.036431 -0.345045 -0.016975 -0.008583 -0.001717
1757664961.090163 -0.050164 0.007439 0.002098 -0.002861 0.016274 -0.002101 -0.032998 -0.003624 0.013924 -0.016212 -0.001883 0.004856 0.089074 -0.020409 0.001717 -0.000572 -0.054360 0.024223 0.036431 -0.345045 -0.016975 -0.008583 -0.001717
1757664961.092151 -0.050164 0.007439 0.002098 -0.002861 0.016274 -0.002101 -0.032998 -0.003624 0.013924 -0.016212 -0.001883 0.004856 0.089074 -0.020409 0.001717 -0.000572 -0.054360 0.024223 0.036431 -0.345045 -0.016975 -0.008583 -0.001717
1757664961.094148 -0.050164 0.007439 0.002098 -0.002861 0.016274 -0.002101 -0.032998 -0.003624 0.013924 -0.016212 -0.001883 0.004856 0.089074 -0.020409 0.001717 -0.000572 -0.054360 0.024223 0.036431 -0.345045 -0.016975 -0.008583 -0.001717
1757664961.096173 -0.050164 0.007439 0.002098 -0.002861 0.016274 -0.002101 -0.032998 -0.003624 0.013924 -0.016212 -0.001883 0.004856 0.089074 -0.020409 0.001717 -0.000572 -0.054360 0.024223 0.036431 -0.345045 -0.016975 -0.008583 -0.001717
1757664961.098159 -0.050164 0.007439 0.002098 -0.002861 0.016274 -0.002101 -0.032998 -0.003624 0.013924 -0.016212 -0.001883 0.004856 0.089074 -0.020409 0.001717 -0.000572 -0.054360 0.024223 0.036431 -0.345045 -0.016975 -0.008583 -0.001717
1757664961.100150 -0.050164 0.007439 0.002098 -0.002861 0.016274 -0.002101 -0.032998 -0.003624 0.013924 -0.016212 -0.001883 0.004856 0.089074 -0.020409 0.001717 -0.000572 -0.054360 0.024223 0.036431 -0.345045 -0.016975 -0.008583 -0.001717
1757664961.102164 -0.050164 0.007439 0.002098 -0.002861 0.016274 -0.002101 -0.032998 -0.003624 0.013924 -0.016212 -0.001883 0.004856 0.089074 -0.020409 0.001717 -0.000572 -0.054360 0.024223 0.036431 -0.345045 -0.016975 -0.008583 -0.001717
1757664961.104154 -0.050164 0.007439 0.002098 -0.002861 0.016274 -0.002101 -0.032998 -0.003624 0.013924 -0.016212 -0.001883 0.004856 0.089074 -0.020409 0.001717 -0.000572 -0.054360 0.024223 0.036431 -0.345045 -0.016975 -0.008583 -0.001717
1757664961.106153 -0.050164 0.007439 0.002098 -0.002861 0.016274 -0.002101 -0.032998 -0.003624 0.013924 -0.016212 -0.001883 0.004856 0.089074 -0.020409 0.001717 -0.000572 -0.054360 0.024223 0.036431 -0.345045 -0.016975 -0.008583 -0.001717
1757664961.108150 -0.050164 0.007439 0.002098 -0.002861 0.016274 -0.002101 -0.032998 -0.003624 0.013924 -0.016212 -0.001883 0.004856 0.089074 -0.020409 0.001717 -0.000572 -0.054360 0.024223 0.036431 -0.345045 -0.016975 -0.008583 -0.001717
1757664961.110158 -0.050164 0.007439 0.002098 -0.002861 0.016274 -0.002101 -0.032998 -0.003624 0.013924 -0.016212 -0.001883 0.004856 0.089074 -0.020409 0.001717 -0.000572 -0.054360 0.024223 0.036431 -0.345045 -0.016975 -0.008583 -0.001717
1757664961.112145 -0.050164 0.007439 0.002098 -0.002861 0.016274 -0.002101 -0.032998 -0.003624 0.013924 -0.016212 -0.001883 0.004856 0.089074 -0.020409 0.001717 -0.000572 -0.054360 0.024223 0.036431 -0.345045 -0.016975 -0.008583 -0.001717
1757664961.114150 -0.050164 0.007439 0.002098 -0.002861 0.016274 -0.002101 -0.032998 -0.003624 0.013924 -0.016212 -0.001883 0.004856 0.089074 -0.020409 0.001717 -0.000572 -0.054360 0.024223 0.036431 -0.345045 -0.016975 -0.008583 -0.001717
1757664961.116180 -0.050164 0.007439 0.002098 -0.002861 0.016274 -0.002101 -0.032998 -0.003624 0.013924 -0.016212 -0.001883 0.004856 0.089074 -0.020409 0.001717 -0.000572 -0.054360 0.024223 0.036431 -0.345045 -0.016975 -0.008583 -0.001717
1757664961.118159 -0.050164 0.007439 0.002098 -0.002861 0.016274 -0.002101 -0.032998 -0.003624 0.013924 -0.016212 -0.001883 0.004856 0.089074 -0.020409 0.001717 -0.000572 -0.054360 0.024223 0.036431 -0.345045 -0.016975 -0.008583 -0.001717
1757664961.120150 -0.050164 0.007439 0.002098 -0.002861 0.016274 -0.002101 -0.032998 -0.003624 0.013924 -0.016212 -0.001883 0.004856 0.089074 -0.020409 0.001717 -0.000572 -0.054360 0.024223 0.036431 -0.345045 -0.016975 -0.008583 -0.001717
1757664961.122147 -0.050164 0.007439 0.002098 -0.002861 0.016274 -0.002101 -0.032998 -0.003624 0.013924 -0.016212 -0.001883 0.004856 0.089074 -0.020409 0.001717 -0.000572 -0.054360 0.024223 0.036431 -0.345045 -0.016975 -0.008583 -0.001717
1757664961.124158 -0.050164 0.007439 0.002098 -0.002861 0.016274 -0.002101 -0.032998 -0.003624 0.013924 -0.016212 -0.001883 0.004856 0.089074 -0.020409 0.001717 -0.000572 -0.054360 0.024223 0.036431 -0.345045 -0.016975 -0.008583 -0.001717
1757664961.126147 -0.050164 0.007439 0.002098 -0.002861 0.016274 -0.002101 -0.032998 -0.003624 0.013924 -0.016212 -0.001883 0.004856 0.089074 -0.020409 0.001717 -0.000572 -0.054360 0.024223 0.036431 -0.345045 -0.016975 -0.008583 -0.001717
1757664961.128176 -0.050164 0.007439 0.002098 -0.002861 0.016274 -0.002101 -0.032998 -0.003624 0.013924 -0.016212 -0.001883 0.004856 0.089074 -0.020409 0.001717 -0.000572 -0.054360 0.024223 0.036431 -0.345045 -0.016975 -0.008583 -0.001717
1757664961.130208 -0.050164 0.007439 0.002098 -0.002861 0.016274 -0.002101 -0.032998 -0.003624 0.013924 -0.016212 -0.001883 0.004856 0.089074 -0.020409 0.001717 -0.000572 -0.054360 0.024223 0.036431 -0.345045 -0.016975 -0.008583 -0.001717
1757664961.132156 -0.050164 0.007439 0.002098 -0.002861 0.016274 -0.002101 -0.032998 -0.003624 0.013924 -0.016212 -0.001883 0.004856 0.089074 -0.020409 0.001717 -0.000572 -0.054360 0.024223 0.036431 -0.345045 -0.016975 -0.008583 -0.001717
1757664961.134152 -0.050164 0.007439 0.002098 -0.002861 0.016274 -0.002101 -0.032998 -0.003624 0.013924 -0.016212 -0.001883 0.004856 0.089074 -0.020409 0.001717 -0.000572 -0.054360 0.024223 0.036431 -0.345045 -0.016975 -0.008583 -0.001717
1757664961.136147 -0.050164 0.007439 0.002098 -0.002861 0.016274 -0.002101 -0.032998 -0.003624 0.013924 -0.016212 -0.001883 0.004856 0.089074 -0.020409 0.001717 -0.000572 -0.054360 0.024223 0.036431 -0.345045 -0.016975 -0.008583 -0.001717
1757664961.138158 -0.050164 0.007439 0.002098 -0.002861 0.016274 -0.002101 -0.032998 -0.003624 0.013924 -0.016212 -0.001883 0.004856 0.089074 -0.020409 0.001717 -0.000572 -0.054360 0.024223 0.036431 -0.345045 -0.016975 -0.008583 -0.001717
1757664961.140146 -0.050164 0.007439 0.002098 -0.002861 0.016274 -0.002101 -0.032998 -0.003624 0.013924 -0.016212 -0.001883 0.004856 0.089074 -0.020409 0.001717 -0.000572 -0.054360 0.024223 0.036431 -0.345045 -0.016975 -0.008583 -0.001717
1757664961.142151 -0.050164 0.007439 0.002098 -0.002861 0.016274 -0.002101 -0.032998 -0.003624 0.013924 -0.016212 -0.001883 0.004856 0.089074 -0.020409 0.001717 -0.000572 -0.054360 0.024223 0.036431 -0.345045 -0.016975 -0.008583 -0.001717
1757664961.144168 -0.050164 0.007439 0.002098 -0.002861 0.016274 -0.002101 -0.032998 -0.003624 0.013924 -0.016212 -0.001883 0.004856 0.089074 -0.020409 0.001717 -0.000572 -0.054360 0.024223 0.036431 -0.345045 -0.016975 -0.008583 -0.001717
1757664961.146147 -0.050164 0.007439 0.002098 -0.002861 0.016274 -0.002101 -0.032998 -0.003624 0.013924 -0.016212 -0.001883 0.004856 0.089074 -0.020409 0.001717 -0.000572 -0.054360 0.024223 0.036431 -0.345045 -0.016975 -0.008583 -0.001717
1757664961.148143 -0.050164 0.007439 0.002098 -0.002861 0.016274 -0.002101 -0.032998 -0.003624 0.013924 -0.016212 -0.001883 0.004856 0.089074 -0.020409 0.001717 -0.000572 -0.054360 0.024223 0.036431 -0.345045 -0.016975 -0.008583 -0.001717
1757664961.150144 -0.050164 0.007439 0.002098 -0.002861 0.016274 -0.002101 -0.032998 -0.003624 0.013924 -0.016212 -0.001883 0.004856 0.089074 -0.020409 0.001717 -0.000572 -0.054360 0.024223 0.036431 -0.345045 -0.016975 -0.008583 -0.001717
1757664961.152158 -0.050164 0.007439 0.002098 -0.002861 0.016274 -0.002101 -0.032998 -0.003624 0.013924 -0.016212 -0.001883 0.004856 0.089074 -0.020409 0.001717 -0.000572 -0.054360 0.024223 0.036431 -0.345045 -0.016975 -0.008583 -0.001717
1757664961.154145 -0.050164 0.007439 0.002098 -0.002861 0.016274 -0.002101 -0.032998 -0.003624 0.013924 -0.016212 -0.001883 0.004856 0.089074 -0.020409 0.001717 -0.000572 -0.054360 0.024223 0.036431 -0.345045 -0.016975 -0.008583 -0.001717
1757664961.156142 -0.050164 0.007439 0.002098 -0.002861 0.016274 -0.002101 -0.032998 -0.003624 0.013924 -0.016212 -0.001883 0.004856 0.089074 -0.020409 0.001717 -0.000572 -0.054360 0.024223 0.036431 -0.345045 -0.016975 -0.008583 -0.001717
1757664961.158181 -0.050164 0.007439 0.002098 -0.002861 0.016274 -0.002101 -0.032998 -0.003624 0.013924 -0.016212 -0.001883 0.004856 0.089074 -0.020409 0.001717 -0.000572 -0.054360 0.024223 0.036431 -0.345045 -0.016975 -0.008583 -0.001717
1757664961.160162 -0.050164 0.007439 0.002098 -0.002861 0.016274 -0.002101 -0.032998 -0.003624 0.013924 -0.016212 -0.001883 0.004856 0.089074 -0.020409 0.001717 -0.000572 -0.054360 0.024223 0.036431 -0.345045 -0.016975 -0.008583 -0.001717
1757664961.162148 -0.050164 0.007439 0.002098 -0.002861 0.016274 -0.002101 -0.032998 -0.003624 0.013924 -0.016212 -0.001883 0.004856 0.089074 -0.020409 0.001717 -0.000572 -0.054360 0.024223 0.036431 -0.345045 -0.016975 -0.008583 -0.001717
1757664961.164147 -0.050164 0.007439 0.002098 -0.002861 0.016274 -0.002101 -0.032998 -0.003624 0.013924 -0.016212 -0.001883 0.004856 0.089074 -0.020409 0.001717 -0.000572 -0.054360 0.024223 0.036431 -0.345045 -0.016975 -0.008583 -0.001717
1757664961.166154 -0.050164 0.007439 0.002098 -0.002861 0.016274 -0.002101 -0.032998 -0.003624 0.013924 -0.016212 -0.001883 0.004856 0.089074 -0.020409 0.001717 -0.000572 -0.054360 0.024223 0.036431 -0.345045 -0.016975 -0.008583 -0.001717
1757664961.168143 -0.050164 0.007439 0.002098 -0.002861 0.016274 -0.002101 -0.032998 -0.003624 0.013924 -0.016212 -0.001883 0.004856 0.089074 -0.020409 0.001717 -0.000572 -0.054360 0.024223 0.036431 -0.345045 -0.016975 -0.008583 -0.001717
1757664961.170149 -0.050164 0.007439 0.002098 -0.002861 0.016274 -0.002101 -0.032998 -0.003624 0.013924 -0.016212 -0.001883 0.004856 0.089074 -0.020409 0.001717 -0.000572 -0.054360 0.024223 0.036431 -0.345045 -0.016975 -0.008583 -0.001717
1757664961.172146 -0.050164 0.007439 0.002098 -0.002861 0.016274 -0.002101 -0.032998 -0.003624 0.013924 -0.016212 -0.001883 0.004856 0.089074 -0.020409 0.001717 -0.000572 -0.054360 0.024223 0.036431 -0.345045 -0.016975 -0.008583 -0.001717
1757664961.174158 -0.050164 0.007439 0.002098 -0.002861 0.016274 -0.002101 -0.032998 -0.003624 0.013924 -0.016212 -0.001883 0.004856 0.089074 -0.020409 0.001717 -0.000572 -0.054360 0.024223 0.036431 -0.345045 -0.016975 -0.008583 -0.001717
1757664961.176154 -0.050164 0.007439 0.002098 -0.002861 0.016274 -0.002101 -0.032998 -0.003624 0.013924 -0.016212 -0.001883 0.004856 0.089074 -0.020409 0.001717 -0.000572 -0.054360 0.024223 0.036431 -0.345045 -0.016975 -0.008583 -0.001717
1757664961.178145 -0.050164 0.007439 0.002098 -0.002861 0.016274 -0.002101 -0.032998 -0.003624 0.013924 -0.016212 -0.001883 0.004856 0.089074 -0.020409 0.001717 -0.000572 -0.054360 0.024223 0.036431 -0.345045 -0.016975 -0.008583 -0.001717
1757664961.180157 -0.050164 0.007439 0.002098 -0.002861 0.016274 -0.002101 -0.032998 -0.003624 0.013924 -0.016212 -0.001883 0.004856 0.089074 -0.020409 0.001717 -0.000572 -0.054360 0.024223 0.036431 -0.345045 -0.016975 -0.008583 -0.001717
1757664961.182144 -0.050164 0.007439 0.002098 -0.002861 0.016274 -0.002101 -0.032998 -0.003624 0.013924 -0.016212 -0.001883 0.004856 0.089074 -0.020409 0.001717 -0.000572 -0.054360 0.024223 0.036431 -0.345045 -0.016975 -0.008583 -0.001717
1757664961.184139 -0.050164 0.007439 0.002098 -0.002861 0.016274 -0.002101 -0.032998 -0.003624 0.013924 -0.016212 -0.001883 0.004856 0.089074 -0.020409 0.001717 -0.000572 -0.054360 0.024223 0.036431 -0.345045 -0.016975 -0.008583 -0.001717
1757664961.186147 -0.050164 0.007439 0.002098 -0.002861 0.016274 -0.002101 -0.032998 -0.003624 0.013924 -0.016212 -0.001883 0.004856 0.089074 -0.020409 0.001717 -0.000572 -0.054360 0.024223 0.036431 -0.345045 -0.016975 -0.008583 -0.001717
1757664961.188143 -0.050164 0.007439 0.002098 -0.002861 0.016274 -0.002101 -0.032998 -0.003624 0.013924 -0.016212 -0.001883 0.004856 0.089074 -0.020409 0.001717 -0.000572 -0.054360 0.024223 0.036431 -0.345045 -0.016975 -0.008583 -0.001717
1757664961.190203 -0.050164 0.007439 0.002098 -0.002861 0.016274 -0.002101 -0.032998 -0.003624 0.013924 -0.016212 -0.001883 0.004856 0.089074 -0.020409 0.001717 -0.000572 -0.054360 0.024223 0.036431 -0.345045 -0.016975 -0.008583 -0.001717
1757664961.192153 -0.050164 0.007439 0.002098 -0.002861 0.016274 -0.002101 -0.032998 -0.003624 0.013924 -0.016212 -0.001883 0.004856 0.089074 -0.020409 0.001717 -0.000572 -0.054360 0.024223 0.036431 -0.345045 -0.016975 -0.008583 -0.001717
1757664961.194158 -0.050164 0.007439 0.002098 -0.002861 0.016274 -0.002101 -0.032998 -0.003624 0.013924 -0.016212 -0.001883 0.004856 0.089074 -0.020409 0.001717 -0.000572 -0.054360 0.024223 0.036431 -0.345045 -0.016975 -0.008583 -0.001717
1757664961.196204 -0.050164 0.007439 0.002098 -0.002861 0.016274 -0.002101 -0.032998 -0.003624 0.013924 -0.016212 -0.001883 0.004856 0.089074 -0.020409 0.001717 -0.000572 -0.054360 0.024223 0.036431 -0.345045 -0.016975 -0.008583 -0.001717
1757664961.198146 -0.050164 0.007439 0.002098 -0.002861 0.016274 -0.002101 -0.032998 -0.003624 0.013924 -0.016212 -0.001883 0.004856 0.089074 -0.020409 0.001717 -0.000572 -0.054360 0.024223 0.036431 -0.345045 -0.016975 -0.008583 -0.001717
1757664961.200205 -0.050164 0.007439 0.002098 -0.002861 0.016274 -0.002101 -0.032998 -0.003624 0.013924 -0.016212 -0.001883 0.004856 0.089074 -0.020409 0.001717 -0.000572 -0.054360 0.024223 0.036431 -0.345045 -0.016975 -0.008583 -0.001717
1757664961.202153 -0.050164 0.007439 0.002098 -0.002861 0.016274 -0.002101 -0.032998 -0.003624 0.013924 -0.016212 -0.001883 0.004856 0.089074 -0.020409 0.001717 -0.000572 -0.054360 0.024223 0.036431 -0.345045 -0.016975 -0.008583 -0.001717
1757664961.204148 -0.050164 0.007439 0.002098 -0.002861 0.016274 -0.002101 -0.032998 -0.003624 0.013924 -0.016212 -0.001883 0.004856 0.089074 -0.020409 0.001717 -0.000572 -0.054360 0.024223 0.036431 -0.345045 -0.016975 -0.008583 -0.001717
1757664961.206146 -0.050164 0.007439 0.002098 -0.002861 0.016274 -0.002101 -0.032998 -0.003624 0.013924 -0.016212 -0.001883 0.004856 0.089074 -0.020409 0.001717 -0.000572 -0.054360 0.024223 0.036431 -0.345045 -0.016975 -0.008583 -0.001717
1757664961.208159 -0.050164 0.007439 0.002098 -0.002861 0.016274 -0.002101 -0.032998 -0.003624 0.013924 -0.016212 -0.001883 0.004856 0.089074 -0.020409 0.001717 -0.000572 -0.054360 0.024223 0.036431 -0.345045 -0.016975 -0.008583 -0.001717
1757664961.210145 -0.050164 0.007439 0.002098 -0.002861 0.016274 -0.002101 -0.032998 -0.003624 0.013924 -0.016212 -0.001883 0.004856 0.089074 -0.020409 0.001717 -0.000572 -0.054360 0.024223 0.036431 -0.345045 -0.016975 -0.008583 -0.001717
1757664961.212145 -0.050164 0.007439 0.002098 -0.002861 0.016274 -0.002101 -0.032998 -0.003624 0.013924 -0.016212 -0.001883 0.004856 0.089074 -0.020409 0.001717 -0.000572 -0.054360 0.024223 0.036431 -0.345045 -0.016975 -0.008583 -0.001717
1757664961.214175 -0.050164 0.007439 0.002098 -0.002861 0.016274 -0.002101 -0.032998 -0.003624 0.013924 -0.016212 -0.001883 0.004856 0.089074 -0.020409 0.001717 -0.000572 -0.054360 0.024223 0.036431 -0.345045 -0.016975 -0.008583 -0.001717
1757664961.216144 -0.050164 0.007439 0.002098 -0.002861 0.016274 -0.002101 -0.032998 -0.003624 0.013924 -0.016212 -0.001883 0.004856 0.089074 -0.020409 0.001717 -0.000572 -0.054360 0.024223 0.036431 -0.345045 -0.016975 -0.008583 -0.001717
1757664961.218143 -0.050164 0.007439 0.002098 -0.002861 0.016274 -0.002101 -0.032998 -0.003624 0.013924 -0.016212 -0.001883 0.004856 0.089074 -0.020409 0.001717 -0.000572 -0.054360 0.024223 0.036431 -0.345045 -0.016975 -0.008583 -0.001717
1757664961.220140 -0.050164 0.007439 0.002098 -0.002861 0.016274 -0.002101 -0.032998 -0.003624 0.013924 -0.016212 -0.001883 0.004856 0.089074 -0.020409 0.001717 -0.000572 -0.054360 0.024223 0.036431 -0.345045 -0.016975 -0.008583 -0.001717
1757664961.222145 -0.050164 0.007439 0.002098 -0.002861 0.016274 -0.002101 -0.032998 -0.003624 0.013924 -0.016212 -0.001883 0.004856 0.089074 -0.020409 0.001717 -0.000572 -0.054360 0.024223 0.036431 -0.345045 -0.016975 -0.008583 -0.001717
1757664961.224167 -0.050164 0.007439 0.002098 -0.002861 0.016274 -0.002101 -0.032998 -0.003624 0.013924 -0.016212 -0.001883 0.004856 0.089074 -0.020409 0.001717 -0.000572 -0.054360 0.024223 0.036431 -0.345045 -0.016975 -0.008583 -0.001717
1757664961.226144 -0.050164 0.007439 0.002098 -0.002861 0.016274 -0.002101 -0.032998 -0.003624 0.013924 -0.016212 -0.001883 0.004856 0.089074 -0.020409 0.001717 -0.000572 -0.054360 0.024223 0.036431 -0.345045 -0.016975 -0.008583 -0.001717
1757664961.228154 -0.050164 0.007439 0.002098 -0.002861 0.016274 -0.002101 -0.032998 -0.003624 0.013924 -0.016212 -0.001883 0.004856 0.089074 -0.020409 0.001717 -0.000572 -0.054360 0.024223 0.036431 -0.345045 -0.016975 -0.008583 -0.001717
1757664961.230153 -0.050164 0.007439 0.002098 -0.002861 0.016274 -0.002101 -0.032998 -0.003624 0.013924 -0.016212 -0.001883 0.004856 0.089074 -0.020409 0.001717 -0.000572 -0.054360 0.024223 0.036431 -0.345045 -0.016975 -0.008583 -0.001717
1757664961.232144 -0.050164 0.007439 0.002098 -0.002861 0.016274 -0.002101 -0.032998 -0.003624 0.013924 -0.016212 -0.001883 0.004856 0.089074 -0.020409 0.001717 -0.000572 -0.054360 0.024223 0.036431 -0.345045 -0.016975 -0.008583 -0.001717
1757664961.234140 -0.050164 0.007439 0.002098 -0.002861 0.016274 -0.002101 -0.032998 -0.003624 0.013924 -0.016212 -0.001883 0.004856 0.089074 -0.020409 0.001717 -0.000572 -0.054360 0.024223 0.036431 -0.345045 -0.016975 -0.008583 -0.001717
1757664961.236144 -0.050164 0.007439 0.002098 -0.002861 0.016274 -0.002101 -0.032998 -0.003624 0.013924 -0.016212 -0.001883 0.004856 0.089074 -0.020409 0.001717 -0.000572 -0.054360 0.024223 0.036431 -0.345045 -0.016975 -0.008583 -0.001717
1757664961.238140 -0.050164 0.007439 0.002098 -0.002861 0.016274 -0.002101 -0.032998 -0.003624 0.013924 -0.016212 -0.001883 0.004856 0.089074 -0.020409 0.001717 -0.000572 -0.054360 0.024223 0.036431 -0.345045 -0.016975 -0.008583 -0.001717
1757664961.240143 -0.050164 0.007439 0.002098 -0.002861 0.016274 -0.002101 -0.032998 -0.003624 0.013924 -0.016212 -0.001883 0.004856 0.089074 -0.020409 0.001717 -0.000572 -0.054360 0.024223 0.036431 -0.345045 -0.016975 -0.008583 -0.001717
1757664961.242141 -0.050164 0.007439 0.002098 -0.002861 0.016274 -0.002101 -0.032998 -0.003624 0.013924 -0.016212 -0.001883 0.004856 0.089074 -0.020409 0.001717 -0.000572 -0.054360 0.024223 0.036431 -0.345045 -0.016975 -0.008583 -0.001717
1757664961.244139 -0.050164 0.007439 0.002098 -0.002861 0.016274 -0.002101 -0.032998 -0.003624 0.013924 -0.016212 -0.001883 0.004856 0.089074 -0.020409 0.001717 -0.000572 -0.054360 0.024223 0.036431 -0.345045 -0.016975 -0.008583 -0.001717
1757664961.246144 -0.050164 0.007439 0.002098 -0.002861 0.016274 -0.002101 -0.032998 -0.003624 0.013924 -0.016212 -0.001883 0.004856 0.089074 -0.020409 0.001717 -0.000572 -0.054360 0.024223 0.036431 -0.345045 -0.016975 -0.008583 -0.001717
1757664961.248173 -0.050164 0.007439 0.002098 -0.002861 0.016274 -0.002101 -0.032998 -0.003624 0.013924 -0.016212 -0.001883 0.004856 0.089074 -0.020409 0.001717 -0.000572 -0.054360 0.024223 0.036431 -0.345045 -0.016975 -0.008583 -0.001717
1757664961.250157 -0.050164 0.007439 0.002098 -0.002861 0.016274 -0.002101 -0.032998 -0.003624 0.013924 -0.016212 -0.001883 0.004856 0.089074 -0.020409 0.001717 -0.000572 -0.054360 0.024223 0.036431 -0.345045 -0.016975 -0.008583 -0.001717
1757664961.252147 -0.050164 0.007439 0.002098 -0.002861 0.016274 -0.002101 -0.032998 -0.003624 0.013924 -0.016212 -0.001883 0.004856 0.089074 -0.020409 0.001717 -0.000572 -0.054360 0.024223 0.036431 -0.345045 -0.016975 -0.008583 -0.001717
1757664961.254191 -0.050164 0.007439 0.002098 -0.002861 0.016274 -0.002101 -0.032998 -0.003624 0.013924 -0.016212 -0.001883 0.004856 0.089074 -0.020409 0.001717 -0.000572 -0.054360 0.024223 0.036431 -0.345045 -0.016975 -0.008583 -0.001717
1757664961.256170 -0.050164 0.007439 0.002098 -0.002861 0.016274 -0.002101 -0.032998 -0.003624 0.013924 -0.016212 -0.001883 0.004856 0.089074 -0.020409 0.001717 -0.000572 -0.054360 0.024223 0.036431 -0.345045 -0.016975 -0.008583 -0.001717
1757664961.258153 -0.050164 0.007439 0.002098 -0.002861 0.016274 -0.002101 -0.032998 -0.003624 0.013924 -0.016212 -0.001883 0.004856 0.089074 -0.020409 0.001717 -0.000572 -0.054360 0.024223 0.036431 -0.345045 -0.016975 -0.008583 -0.001717
1757664961.260150 -0.050164 0.007439 0.002098 -0.002861 0.016274 -0.002101 -0.032998 -0.003624 0.013924 -0.016212 -0.001883 0.004856 0.089074 -0.020409 0.001717 -0.000572 -0.054360 0.024223 0.036431 -0.345045 -0.016975 -0.008583 -0.001717
1757664961.262145 -0.050164 0.007439 0.002098 -0.002861 0.016274 -0.002101 -0.032998 -0.003624 0.013924 -0.016212 -0.001883 0.004856 0.089074 -0.020409 0.001717 -0.000572 -0.054360 0.024223 0.036431 -0.345045 -0.016975 -0.008583 -0.001717
1757664961.264156 -0.050164 0.007439 0.002098 -0.002861 0.016274 -0.002101 -0.032998 -0.003624 0.013924 -0.016212 -0.001883 0.004856 0.089074 -0.020409 0.001717 -0.000572 -0.054360 0.024223 0.036431 -0.345045 -0.016975 -0.008583 -0.001717
1757664961.266157 -0.050164 0.007439 0.002098 -0.002861 0.016274 -0.002101 -0.032998 -0.003624 0.013924 -0.016212 -0.001883 0.004856 0.089074 -0.020409 0.001717 -0.000572 -0.054360 0.024223 0.036431 -0.345045 -0.016975 -0.008583 -0.001717
1757664961.268152 -0.050164 0.007439 0.002098 -0.002861 0.016274 -0.002101 -0.032998 -0.003624 0.013924 -0.016212 -0.001883 0.004856 0.089074 -0.020409 0.001717 -0.000572 -0.054360 0.024223 0.036431 -0.345045 -0.016975 -0.008583 -0.001717
1757664961.270160 -0.050164 0.007439 0.002098 -0.002861 0.016274 -0.002101 -0.032998 -0.003624 0.013924 -0.016212 -0.001883 0.004856 0.089074 -0.020409 0.001717 -0.000572 -0.054360 0.024223 0.036431 -0.345045 -0.016975 -0.008583 -0.001717
1757664961.272153 -0.050164 0.007439 0.002098 -0.002861 0.016274 -0.002101 -0.032998 -0.003624 0.013924 -0.016212 -0.001883 0.004856 0.089074 -0.020409 0.001717 -0.000572 -0.054360 0.024223 0.036431 -0.345045 -0.016975 -0.008583 -0.001717
1757664961.274152 -0.050164 0.007439 0.002098 -0.002861 0.016274 -0.002101 -0.032998 -0.003624 0.013924 -0.016212 -0.001883 0.004856 0.089074 -0.020409 0.001717 -0.000572 -0.054360 0.024223 0.036431 -0.345045 -0.016975 -0.008583 -0.001717
1757664961.276164 -0.050164 0.007439 0.002098 -0.002861 0.016274 -0.002101 -0.032998 -0.003624 0.013924 -0.016212 -0.001883 0.004856 0.089074 -0.020409 0.001717 -0.000572 -0.054360 0.024223 0.036431 -0.345045 -0.016975 -0.008583 -0.001717
1757664961.278155 -0.050164 0.007439 0.002098 -0.002861 0.016274 -0.002101 -0.032998 -0.003624 0.013924 -0.016212 -0.001883 0.004856 0.089074 -0.020409 0.001717 -0.000572 -0.054360 0.024223 0.036431 -0.345045 -0.016975 -0.008583 -0.001717
1757664961.280154 -0.050164 0.007439 0.002098 -0.002861 0.016274 -0.002101 -0.032998 -0.003624 0.013924 -0.016212 -0.001883 0.004856 0.089074 -0.020409 0.001717 -0.000572 -0.054360 0.024223 0.036431 -0.345045 -0.016975 -0.008583 -0.001717
1757664961.282153 -0.050164 0.007439 0.002098 -0.002861 0.016274 -0.002101 -0.032998 -0.003624 0.013924 -0.016212 -0.001883 0.004856 0.089074 -0.020409 0.001717 -0.000572 -0.054360 0.024223 0.036431 -0.345045 -0.016975 -0.008583 -0.001717
1757664961.284168 -0.050164 0.007439 0.002098 -0.002861 0.016274 -0.002101 -0.032998 -0.003624 0.013924 -0.016212 -0.001883 0.004856 0.089074 -0.020409 0.001717 -0.000572 -0.054360 0.024223 0.036431 -0.345045 -0.016975 -0.008583 -0.001717
1757664961.286155 -0.050164 0.007439 0.002098 -0.002861 0.016274 -0.002101 -0.032998 -0.003624 0.013924 -0.016212 -0.001883 0.004856 0.089074 -0.020409 0.001717 -0.000572 -0.054360 0.024223 0.036431 -0.345045 -0.016975 -0.008583 -0.001717
1757664961.288153 -0.050164 0.007439 0.002098 -0.002861 0.016274 -0.002101 -0.032998 -0.003624 0.013924 -0.016212 -0.001883 0.004856 0.089074 -0.020409 0.001717 -0.000572 -0.054360 0.024223 0.036431 -0.345045 -0.016975 -0.008583 -0.001717
1757664961.290180 -0.050164 0.007439 0.002098 -0.002861 0.016274 -0.002101 -0.032998 -0.003624 0.013924 -0.016212 -0.001883 0.004856 0.089074 -0.020409 0.001717 -0.000572 -0.054360 0.024223 0.036431 -0.345045 -0.016975 -0.008583 -0.001717
1757664961.292150 -0.050164 0.007439 0.002098 -0.002861 0.016274 -0.002101 -0.032998 -0.003624 0.013924 -0.016212 -0.001883 0.004856 0.089074 -0.020409 0.001717 -0.000572 -0.054360 0.024223 0.036431 -0.345045 -0.016975 -0.008583 -0.001717
1757664961.294142 -0.050164 0.007439 0.002098 -0.002861 0.016274 -0.002101 -0.032998 -0.003624 0.013924 -0.016212 -0.001883 0.004856 0.089074 -0.020409 0.001717 -0.000572 -0.054360 0.024223 0.036431 -0.345045 -0.016975 -0.008583 -0.001717
1757664961.296138 -0.050164 0.007439 0.002098 -0.002861 0.016274 -0.002101 -0.032998 -0.003624 0.013924 -0.016212 -0.001883 0.004856 0.089074 -0.020409 0.001717 -0.000572 -0.054360 0.024223 0.036431 -0.345045 -0.016975 -0.008583 -0.001717
1757664961.298141 -0.050164 0.007439 0.002098 -0.002861 0.016274 -0.002101 -0.032998 -0.003624 0.013924 -0.016212 -0.001883 0.004856 0.089074 -0.020409 0.001717 -0.000572 -0.054360 0.024223 0.036431 -0.345045 -0.016975 -0.008583 -0.001717
1757664961.300136 -0.050164 0.007439 0.002098 -0.002861 0.016274 -0.002101 -0.032998 -0.003624 0.013924 -0.016212 -0.001883 0.004856 0.089074 -0.020409 0.001717 -0.000572 -0.054360 0.024223 0.036431 -0.345045 -0.016975 -0.008583 -0.001717
1757664961.302138 -0.050164 0.007439 0.002098 -0.002861 0.016274 -0.002101 -0.032998 -0.003624 0.013924 -0.016212 -0.001883 0.004856 0.089074 -0.020409 0.001717 -0.000572 -0.054360 0.024223 0.036431 -0.345045 -0.016975 -0.008583 -0.001717
1757664961.304139 -0.050164 0.007439 0.002098 -0.002861 0.016274 -0.002101 -0.032998 -0.003624 0.013924 -0.016212 -0.001883 0.004856 0.089074 -0.020409 0.001717 -0.000572 -0.054360 0.024223 0.036431 -0.345045 -0.016975 -0.008583 -0.001717
1757664961.306141 -0.050164 0.007439 0.002098 -0.002861 0.016274 -0.002101 -0.032998 -0.003624 0.013924 -0.016212 -0.001883 0.004856 0.089074 -0.020409 0.001717 -0.000572 -0.054360 0.024223 0.036431 -0.345045 -0.016975 -0.008583 -0.001717
1757664961.308140 -0.050164 0.007439 0.002098 -0.002861 0.016274 -0.002101 -0.032998 -0.003624 0.013924 -0.016212 -0.001883 0.004856 0.089074 -0.020409 0.001717 -0.000572 -0.054360 0.024223 0.036431 -0.345045 -0.016975 -0.008583 -0.001717
1757664961.310160 -0.050164 0.007439 0.002098 -0.002861 0.016274 -0.002101 -0.032998 -0.003624 0.013924 -0.016212 -0.001883 0.004856 0.089074 -0.020409 0.001717 -0.000572 -0.054360 0.024223 0.036431 -0.345045 -0.016975 -0.008583 -0.001717
1757664961.312137 -0.050164 0.007439 0.002098 -0.002861 0.016274 -0.002101 -0.032998 -0.003624 0.013924 -0.016212 -0.001883 0.004856 0.089074 -0.020409 0.001717 -0.000572 -0.054360 0.024223 0.036431 -0.345045 -0.016975 -0.008583 -0.001717
1757664961.314138 -0.050164 0.007439 0.002098 -0.002861 0.016274 -0.002101 -0.032998 -0.003624 0.013924 -0.016212 -0.001883 0.004856 0.089074 -0.020409 0.001717 -0.000572 -0.054360 0.024223 0.036431 -0.345045 -0.016975 -0.008583 -0.001717
1757664961.316186 -0.050164 0.007439 0.002098 -0.002861 0.016274 -0.002101 -0.032998 -0.003624 0.013924 -0.016212 -0.001883 0.004856 0.089074 -0.020409 0.001717 -0.000572 -0.054360 0.024223 0.036431 -0.345045 -0.016975 -0.008583 -0.001717
1757664961.318244 -0.050164 0.007439 0.002098 -0.002861 0.016274 -0.002101 -0.032998 -0.003624 0.013924 -0.016212 -0.001883 0.004856 0.089074 -0.020409 0.001717 -0.000572 -0.054360 0.024223 0.036431 -0.345045 -0.016975 -0.008583 -0.001717
1757664961.320141 -0.050164 0.007439 0.002098 -0.002861 0.016274 -0.002101 -0.032998 -0.003624 0.013924 -0.016212 -0.001883 0.004856 0.089074 -0.020409 0.001717 -0.000572 -0.054360 0.024223 0.036431 -0.345045 -0.016975 -0.008583 -0.001717
1757664961.322143 -0.050164 0.007439 0.002098 -0.002861 0.016274 -0.002101 -0.032998 -0.003624 0.013924 -0.016212 -0.001883 0.004856 0.089074 -0.020409 0.001717 -0.000572 -0.054360 0.024223 0.036431 -0.345045 -0.016975 -0.008583 -0.001717
1757664961.324140 -0.050164 0.007439 0.002098 -0.002861 0.016274 -0.002101 -0.032998 -0.003624 0.013924 -0.016212 -0.001883 0.004856 0.089074 -0.020409 0.001717 -0.000572 -0.054360 0.024223 0.036431 -0.345045 -0.016975 -0.008583 -0.001717
1757664961.326157 -0.050164 0.007439 0.002098 -0.002861 0.016274 -0.002101 -0.032998 -0.003624 0.013924 -0.016212 -0.001883 0.004856 0.089074 -0.020409 0.001717 -0.000572 -0.054360 0.024223 0.036431 -0.345045 -0.016975 -0.008583 -0.001717
1757664961.328143 -0.050164 0.007439 0.002098 -0.002861 0.016274 -0.002101 -0.032998 -0.003624 0.013924 -0.016212 -0.001883 0.004856 0.089074 -0.020409 0.001717 -0.000572 -0.054360 0.024223 0.036431 -0.345045 -0.016975 -0.008583 -0.001717
1757664961.330141 -0.050164 0.007439 0.002098 -0.002861 0.016274 -0.002101 -0.032998 -0.003624 0.013924 -0.016212 -0.001883 0.004856 0.089074 -0.020409 0.001717 -0.000572 -0.054360 0.024223 0.036431 -0.345045 -0.016975 -0.008583 -0.001717
1757664961.332160 -0.050164 0.007439 0.002098 -0.002861 0.016274 -0.002101 -0.032998 -0.003624 0.013924 -0.016212 -0.001883 0.004856 0.089074 -0.020409 0.001717 -0.000572 -0.054360 0.024223 0.036431 -0.345045 -0.016975 -0.008583 -0.001717
1757664961.334145 -0.050164 0.007439 0.002098 -0.002861 0.016274 -0.002101 -0.032998 -0.003624 0.013924 -0.016212 -0.001883 0.004856 0.089074 -0.020409 0.001717 -0.000572 -0.054360 0.024223 0.036431 -0.345045 -0.016975 -0.008583 -0.001717
1757664961.336141 -0.050164 0.007439 0.002098 -0.002861 0.016274 -0.002101 -0.032998 -0.003624 0.013924 -0.016212 -0.001883 0.004856 0.089074 -0.020409 0.001717 -0.000572 -0.054360 0.024223 0.036431 -0.345045 -0.016975 -0.008583 -0.001717
1757664961.338199 -0.050164 0.007439 0.002098 -0.002861 0.016274 -0.002101 -0.032998 -0.003624 0.013924 -0.016212 -0.001883 0.004856 0.089074 -0.020409 0.001717 -0.000572 -0.054360 0.024223 0.036431 -0.345045 -0.016975 -0.008583 -0.001717
1757664961.340144 -0.050164 0.007439 0.002098 -0.002861 0.016274 -0.002101 -0.032998 -0.003624 0.013924 -0.016212 -0.001883 0.004856 0.089074 -0.020409 0.001717 -0.000572 -0.054360 0.024223 0.036431 -0.345045 -0.016975 -0.008583 -0.001717
1757664961.342145 -0.050164 0.007439 0.002098 -0.002861 0.016274 -0.002101 -0.032998 -0.003624 0.013924 -0.016212 -0.001883 0.004856 0.089074 -0.020409 0.001717 -0.000572 -0.054360 0.024223 0.036431 -0.345045 -0.016975 -0.008583 -0.001717
1757664961.344138 -0.050164 0.007439 0.002098 -0.002861 0.016274 -0.002101 -0.032998 -0.003624 0.013924 -0.016212 -0.001883 0.004856 0.089074 -0.020409 0.001717 -0.000572 -0.054360 0.024223 0.036431 -0.345045 -0.016975 -0.008583 -0.001717
1757664961.346249 -0.050164 0.007439 0.002098 -0.002861 0.016274 -0.002101 -0.032998 -0.003624 0.013924 -0.016212 -0.001883 0.004856 0.089074 -0.020409 0.001717 -0.000572 -0.054360 0.024223 0.036431 -0.345045 -0.016975 -0.008583 -0.001717
1757664961.348165 -0.050164 0.007439 0.002098 -0.002861 0.016274 -0.002101 -0.032998 -0.003624 0.013924 -0.016212 -0.001883 0.004856 0.089074 -0.020409 0.001717 -0.000572 -0.054360 0.024223 0.036431 -0.345045 -0.016975 -0.008583 -0.001717
1757664961.350142 -0.050164 0.007439 0.002098 -0.002861 0.016274 -0.002101 -0.032998 -0.003624 0.013924 -0.016212 -0.001883 0.004856 0.089074 -0.020409 0.001717 -0.000572 -0.054360 0.024223 0.036431 -0.345045 -0.016975 -0.008583 -0.001717
1757664961.352232 -0.050164 0.007439 0.002098 -0.002861 0.016274 -0.002101 -0.032998 -0.003624 0.013924 -0.016212 -0.001883 0.004856 0.089074 -0.020409 0.001717 -0.000572 -0.054360 0.024223 0.036431 -0.345045 -0.016975 -0.008583 -0.001717
1757664961.354151 -0.050164 0.007439 0.002098 -0.002861 0.016274 -0.002101 -0.032998 -0.003624 0.013924 -0.016212 -0.001883 0.004856 0.089074 -0.020409 0.001717 -0.000572 -0.054360 0.024223 0.036431 -0.345045 -0.016975 -0.008583 -0.001717
1757664961.356155 -0.050164 0.007439 0.002098 -0.002861 0.016274 -0.002101 -0.032998 -0.003624 0.013924 -0.016212 -0.001883 0.004856 0.089074 -0.020409 0.001717 -0.000572 -0.054360 0.024223 0.036431 -0.345045 -0.016975 -0.008583 -0.001717
1757664961.358144 -0.050164 0.007439 0.002098 -0.002861 0.016274 -0.002101 -0.032998 -0.003624 0.013924 -0.016212 -0.001883 0.004856 0.089074 -0.020409 0.001717 -0.000572 -0.054360 0.024223 0.036431 -0.345045 -0.016975 -0.008583 -0.001717
1757664961.360157 -0.050164 0.007439 0.002098 -0.002861 0.016274 -0.002101 -0.032998 -0.003624 0.013924 -0.016212 -0.001883 0.004856 0.089074 -0.020409 0.001717 -0.000572 -0.054360 0.024223 0.036431 -0.345045 -0.016975 -0.008583 -0.001717
1757664961.362183 -0.050164 0.007439 0.002098 -0.002861 0.016274 -0.002101 -0.032998 -0.003624 0.013924 -0.016212 -0.001883 0.004856 0.089074 -0.020409 0.001717 -0.000572 -0.054360 0.024223 0.036431 -0.345045 -0.016975 -0.008583 -0.001717
1757664961.364169 -0.050164 0.007439 0.002098 -0.002861 0.016274 -0.002101 -0.032998 -0.003624 0.013924 -0.016212 -0.001883 0.004856 0.089074 -0.020409 0.001717 -0.000572 -0.054360 0.024223 0.036431 -0.345045 -0.016975 -0.008583 -0.001717
1757664961.366177 -0.050164 0.007439 0.002098 -0.002861 0.016274 -0.002101 -0.032998 -0.003624 0.013924 -0.016212 -0.001883 0.004856 0.089074 -0.020409 0.001717 -0.000572 -0.054360 0.024223 0.036431 -0.345045 -0.016975 -0.008583 -0.001717
1757664961.368145 -0.050164 0.007439 0.002098 -0.002861 0.016274 -0.002101 -0.032998 -0.003624 0.013924 -0.016212 -0.001883 0.004856 0.089074 -0.020409 0.001717 -0.000572 -0.054360 0.024223 0.036431 -0.345045 -0.016975 -0.008583 -0.001717
1757664961.370141 -0.050164 0.007439 0.002098 -0.002861 0.016274 -0.002101 -0.032998 -0.003624 0.013924 -0.016212 -0.001883 0.004856 0.089074 -0.020409 0.001717 -0.000572 -0.054360 0.024223 0.036431 -0.345045 -0.016975 -0.008583 -0.001717
1757664961.372141 -0.050164 0.007439 0.002098 -0.002861 0.016274 -0.002101 -0.032998 -0.003624 0.013924 -0.016212 -0.001883 0.004856 0.089074 -0.020409 0.001717 -0.000572 -0.054360 0.024223 0.036431 -0.345045 -0.016975 -0.008583 -0.001717
1757664961.374142 -0.050164 0.007439 0.002098 -0.002861 0.016274 -0.002101 -0.032998 -0.003624 0.013924 -0.016212 -0.001883 0.004856 0.089074 -0.020409 0.001717 -0.000572 -0.054360 0.024223 0.036431 -0.345045 -0.016975 -0.008583 -0.001717
1757664961.376138 -0.050164 0.007439 0.002098 -0.002861 0.016274 -0.002101 -0.032998 -0.003624 0.013924 -0.016212 -0.001883 0.004856 0.089074 -0.020409 0.001717 -0.000572 -0.054360 0.024223 0.036431 -0.345045 -0.016975 -0.008583 -0.001717
1757664961.378231 -0.050164 0.007439 0.002098 -0.002861 0.016274 -0.002101 -0.032998 -0.003624 0.013924 -0.016212 -0.001883 0.004856 0.089074 -0.020409 0.001717 -0.000572 -0.054360 0.024223 0.036431 -0.345045 -0.016975 -0.008583 -0.001717
1757664961.380161 -0.050164 0.007439 0.002098 -0.002861 0.016274 -0.002101 -0.032998 -0.003624 0.013924 -0.016212 -0.001883 0.004856 0.089074 -0.020409 0.001717 -0.000572 -0.054360 0.024223 0.036431 -0.345045 -0.016975 -0.008583 -0.001717
1757664961.382161 -0.050164 0.007439 0.002098 -0.002861 0.016274 -0.002101 -0.032998 -0.003624 0.013924 -0.016212 -0.001883 0.004856 0.089074 -0.020409 0.001717 -0.000572 -0.054360 0.024223 0.036431 -0.345045 -0.016975 -0.008583 -0.001717
1757664961.384143 -0.050164 0.007439 0.002098 -0.002861 0.016274 -0.002101 -0.032998 -0.003624 0.013924 -0.016212 -0.001883 0.004856 0.089074 -0.020409 0.001717 -0.000572 -0.054360 0.024223 0.036431 -0.345045 -0.016975 -0.008583 -0.001717
1757664961.386140 -0.050164 0.007439 0.002098 -0.002861 0.016274 -0.002101 -0.032998 -0.003624 0.013924 -0.016212 -0.001883 0.004856 0.089074 -0.020409 0.001717 -0.000572 -0.054360 0.024223 0.036431 -0.345045 -0.016975 -0.008583 -0.001717
1757664961.388140 -0.050164 0.007439 0.002098 -0.002861 0.016274 -0.002101 -0.032998 -0.003624 0.013924 -0.016212 -0.001883 0.004856 0.089074 -0.020409 0.001717 -0.000572 -0.054360 0.024223 0.036431 -0.345045 -0.016975 -0.008583 -0.001717
1757664961.390141 -0.050164 0.007439 0.002098 -0.002861 0.016274 -0.002101 -0.032998 -0.003624 0.013924 -0.016212 -0.001883 0.004856 0.089074 -0.020409 0.001717 -0.000572 -0.054360 0.024223 0.036431 -0.345045 -0.016975 -0.008583 -0.001717
1757664961.392139 -0.050164 0.007439 0.002098 -0.002861 0.016274 -0.002101 -0.032998 -0.003624 0.013924 -0.016212 -0.001883 0.004856 0.089074 -0.020409 0.001717 -0.000572 -0.054360 0.024223 0.036431 -0.345045 -0.016975 -0.008583 -0.001717
1757664961.394182 -0.050164 0.007439 0.002098 -0.002861 0.016274 -0.002101 -0.032998 -0.003624 0.013924 -0.016212 -0.001883 0.004856 0.089074 -0.020409 0.001717 -0.000572 -0.054360 0.024223 0.036431 -0.345045 -0.016975 -0.008583 -0.001717
1757664961.396142 -0.050164 0.007439 0.002098 -0.002861 0.016274 -0.002101 -0.032998 -0.003624 0.013924 -0.016212 -0.001883 0.004856 0.089074 -0.020409 0.001717 -0.000572 -0.054360 0.024223 0.036431 -0.345045 -0.016975 -0.008583 -0.001717
1757664961.398140 -0.050164 0.007439 0.002098 -0.002861 0.016274 -0.002101 -0.032998 -0.003624 0.013924 -0.016212 -0.001883 0.004856 0.089074 -0.020409 0.001717 -0.000572 -0.054360 0.024223 0.036431 -0.345045 -0.016975 -0.008583 -0.001717
1757664961.400141 -0.050164 0.007439 0.002098 -0.002861 0.016274 -0.002101 -0.032998 -0.003624 0.013924 -0.016212 -0.001883 0.004856 0.089074 -0.020409 0.001717 -0.000572 -0.054360 0.024223 0.036431 -0.345045 -0.016975 -0.008583 -0.001717
1757664961.402141 -0.050164 0.007439 0.002098 -0.002861 0.016274 -0.002101 -0.032998 -0.003624 0.013924 -0.016212 -0.001883 0.004856 0.089074 -0.020409 0.001717 -0.000572 -0.054360 0.024223 0.036431 -0.345045 -0.016975 -0.008583 -0.001717
1757664961.404138 -0.050164 0.007439 0.002098 -0.002861 0.016274 -0.002101 -0.032998 -0.003624 0.013924 -0.016212 -0.001883 0.004856 0.089074 -0.020409 0.001717 -0.000572 -0.054360 0.024223 0.036431 -0.345045 -0.016975 -0.008583 -0.001717
1757664961.406139 -0.050164 0.007439 0.002098 -0.002861 0.016274 -0.002101 -0.032998 -0.003624 0.013924 -0.016212 -0.001883 0.004856 0.089074 -0.020409 0.001717 -0.000572 -0.054360 0.024223 0.036431 -0.345045 -0.016975 -0.008583 -0.001717
1757664961.408175 -0.050164 0.007439 0.002098 -0.002861 0.016274 -0.002101 -0.032998 -0.003624 0.013924 -0.016212 -0.001883 0.004856 0.089074 -0.020409 0.001717 -0.000572 -0.054360 0.024223 0.036431 -0.345045 -0.016975 -0.008583 -0.001717
1757664961.410175 -0.050164 0.007439 0.002098 -0.002861 0.016274 -0.002101 -0.032998 -0.003624 0.013924 -0.016212 -0.001883 0.004856 0.089074 -0.020409 0.001717 -0.000572 -0.054360 0.024223 0.036431 -0.345045 -0.016975 -0.008583 -0.001717
1757664961.412153 -0.050164 0.007439 0.002098 -0.002861 0.016274 -0.002101 -0.032998 -0.003624 0.013924 -0.016212 -0.001883 0.004856 0.089074 -0.020409 0.001717 -0.000572 -0.054360 0.024223 0.036431 -0.345045 -0.016975 -0.008583 -0.001717
1757664961.414141 -0.050164 0.007439 0.002098 -0.002861 0.016274 -0.002101 -0.032998 -0.003624 0.013924 -0.016212 -0.001883 0.004856 0.089074 -0.020409 0.001717 -0.000572 -0.054360 0.024223 0.036431 -0.345045 -0.016975 -0.008583 -0.001717
1757664961.416152 -0.050164 0.007439 0.002098 -0.002861 0.016274 -0.002101 -0.032998 -0.003624 0.013924 -0.016212 -0.001883 0.004856 0.089074 -0.020409 0.001717 -0.000572 -0.054360 0.024223 0.036431 -0.345045 -0.016975 -0.008583 -0.001717
1757664961.418147 -0.050164 0.007439 0.002098 -0.002861 0.016274 -0.002101 -0.032998 -0.003624 0.013924 -0.016212 -0.001883 0.004856 0.089074 -0.020409 0.001717 -0.000572 -0.054360 0.024223 0.036431 -0.345045 -0.016975 -0.008583 -0.001717
1757664961.420141 -0.050164 0.007439 0.002098 -0.002861 0.016274 -0.002101 -0.032998 -0.003624 0.013924 -0.016212 -0.001883 0.004856 0.089074 -0.020409 0.001717 -0.000572 -0.054360 0.024223 0.036431 -0.345045 -0.016975 -0.008583 -0.001717
1757664961.422158 -0.050164 0.007439 0.002098 -0.002861 0.016274 -0.002101 -0.032998 -0.003624 0.013924 -0.016212 -0.001883 0.004856 0.089074 -0.020409 0.001717 -0.000572 -0.054360 0.024223 0.036431 -0.345045 -0.016975 -0.008583 -0.001717
1757664961.424142 -0.050164 0.007439 0.002098 -0.002861 0.016274 -0.002101 -0.032998 -0.003624 0.013924 -0.016212 -0.001883 0.004856 0.089074 -0.020409 0.001717 -0.000572 -0.054360 0.024223 0.036431 -0.345045 -0.016975 -0.008583 -0.001717
1757664961.426142 -0.050164 0.007439 0.002098 -0.002861 0.016274 -0.002101 -0.032998 -0.003624 0.013924 -0.016212 -0.001883 0.004856 0.089074 -0.020409 0.001717 -0.000572 -0.054360 0.024223 0.036431 -0.345045 -0.016975 -0.008583 -0.001717
1757664961.428141 -0.050164 0.007439 0.002098 -0.002861 0.016274 -0.002101 -0.032998 -0.003624 0.013924 -0.016212 -0.001883 0.004856 0.089074 -0.020409 0.001717 -0.000572 -0.054360 0.024223 0.036431 -0.345045 -0.016975 -0.008583 -0.001717
1757664961.430151 -0.050164 0.007439 0.002098 -0.002861 0.016274 -0.002101 -0.032998 -0.003624 0.013924 -0.016212 -0.001883 0.004856 0.089074 -0.020409 0.001717 -0.000572 -0.054360 0.024223 0.036431 -0.345045 -0.016975 -0.008583 -0.001717
1757664961.432138 -0.050164 0.007439 0.002098 -0.002861 0.016274 -0.002101 -0.032998 -0.003624 0.013924 -0.016212 -0.001883 0.004856 0.089074 -0.020409 0.001717 -0.000572 -0.054360 0.024223 0.036431 -0.345045 -0.016975 -0.008583 -0.001717
1757664961.434137 -0.050164 0.007439 0.002098 -0.002861 0.016274 -0.002101 -0.032998 -0.003624 0.013924 -0.016212 -0.001883 0.004856 0.089074 -0.020409 0.001717 -0.000572 -0.054360 0.024223 0.036431 -0.345045 -0.016975 -0.008583 -0.001717
1757664961.436156 -0.050164 0.007439 0.002098 -0.002861 0.016274 -0.002101 -0.032998 -0.003624 0.013924 -0.016212 -0.001883 0.004856 0.089074 -0.020409 0.001717 -0.000572 -0.054360 0.024223 0.036431 -0.345045 -0.016975 -0.008583 -0.001717
1757664961.438151 -0.050164 0.007439 0.002098 -0.002861 0.016274 -0.002101 -0.032998 -0.003624 0.013924 -0.016212 -0.001883 0.004856 0.089074 -0.020409 0.001717 -0.000572 -0.054360 0.024223 0.036431 -0.345045 -0.016975 -0.008583 -0.001717
1757664961.440233 -0.050164 0.007439 0.002098 -0.002861 0.016274 -0.002101 -0.032998 -0.003624 0.013924 -0.016212 -0.001883 0.004856 0.089074 -0.020409 0.001717 -0.000572 -0.054360 0.024223 0.036431 -0.345045 -0.016975 -0.008583 -0.001717
1757664961.442165 -0.050164 0.007439 0.002098 -0.002861 0.016274 -0.002101 -0.032998 -0.003624 0.013924 -0.016212 -0.001883 0.004856 0.089074 -0.020409 0.001717 -0.000572 -0.054360 0.024223 0.036431 -0.345045 -0.016975 -0.008583 -0.001717
1757664961.444167 -0.050164 0.007439 0.002098 -0.002861 0.016274 -0.002101 -0.032998 -0.003624 0.013924 -0.016212 -0.001883 0.004856 0.089074 -0.020409 0.001717 -0.000572 -0.054360 0.024223 0.036431 -0.345045 -0.016975 -0.008583 -0.001717
1757664961.446146 -0.050164 0.007439 0.002098 -0.002861 0.016274 -0.002101 -0.032998 -0.003624 0.013924 -0.016212 -0.001883 0.004856 0.089074 -0.020409 0.001717 -0.000572 -0.054360 0.024223 0.036431 -0.345045 -0.016975 -0.008583 -0.001717
1757664961.448137 -0.050164 0.007439 0.002098 -0.002861 0.016274 -0.002101 -0.032998 -0.003624 0.013924 -0.016212 -0.001883 0.004856 0.089074 -0.020409 0.001717 -0.000572 -0.054360 0.024223 0.036431 -0.345045 -0.016975 -0.008583 -0.001717
1757664961.450186 -0.050164 0.007439 0.002098 -0.002861 0.016274 -0.002101 -0.032998 -0.003624 0.013924 -0.016212 -0.001883 0.004856 0.089074 -0.020409 0.001717 -0.000572 -0.054360 0.024223 0.036431 -0.345045 -0.016975 -0.008583 -0.001717
1757664961.452148 -0.050164 0.007439 0.002098 -0.002861 0.016274 -0.002101 -0.032998 -0.003624 0.013924 -0.016212 -0.001883 0.004856 0.089074 -0.020409 0.001717 -0.000572 -0.054360 0.024223 0.036431 -0.345045 -0.016975 -0.008583 -0.001717
1757664961.454141 -0.050164 0.007439 0.002098 -0.002861 0.016274 -0.002101 -0.032998 -0.003624 0.013924 -0.016212 -0.001883 0.004856 0.089074 -0.020409 0.001717 -0.000572 -0.054360 0.024223 0.036431 -0.345045 -0.016975 -0.008583 -0.001717
1757664961.456140 -0.050164 0.007439 0.002098 -0.002861 0.016274 -0.002101 -0.032998 -0.003624 0.013924 -0.016212 -0.001883 0.004856 0.089074 -0.020409 0.001717 -0.000572 -0.054360 0.024223 0.036431 -0.345045 -0.016975 -0.008583 -0.001717
1757664961.458153 -0.050164 0.007439 0.002098 -0.002861 0.016274 -0.002101 -0.032998 -0.003624 0.013924 -0.016212 -0.001883 0.004856 0.089074 -0.020409 0.001717 -0.000572 -0.054360 0.024223 0.036431 -0.345045 -0.016975 -0.008583 -0.001717
1757664961.460139 -0.050164 0.007439 0.002098 -0.002861 0.016274 -0.002101 -0.032998 -0.003624 0.013924 -0.016212 -0.001883 0.004856 0.089074 -0.020409 0.001717 -0.000572 -0.054360 0.024223 0.036431 -0.345045 -0.016975 -0.008583 -0.001717
1757664961.462157 -0.050164 0.007439 0.002098 -0.002861 0.016274 -0.002101 -0.032998 -0.003624 0.013924 -0.016212 -0.001883 0.004856 0.089074 -0.020409 0.001717 -0.000572 -0.054360 0.024223 0.036431 -0.345045 -0.016975 -0.008583 -0.001717
1757664961.464149 -0.050164 0.007439 0.002098 -0.002861 0.016274 -0.002101 -0.032998 -0.003624 0.013924 -0.016212 -0.001883 0.004856 0.089074 -0.020409 0.001717 -0.000572 -0.054360 0.024223 0.036431 -0.345045 -0.016975 -0.008583 -0.001717
1757664961.466140 -0.050164 0.007439 0.002098 -0.002861 0.016274 -0.002101 -0.032998 -0.003624 0.013924 -0.016212 -0.001883 0.004856 0.089074 -0.020409 0.001717 -0.000572 -0.054360 0.024223 0.036431 -0.345045 -0.016975 -0.008583 -0.001717
1757664961.468165 -0.050164 0.007439 0.002098 -0.002861 0.016274 -0.002101 -0.032998 -0.003624 0.013924 -0.016212 -0.001883 0.004856 0.089074 -0.020409 0.001717 -0.000572 -0.054360 0.024223 0.036431 -0.345045 -0.016975 -0.008583 -0.001717
1757664961.470138 -0.050164 0.007439 0.002098 -0.002861 0.016274 -0.002101 -0.032998 -0.003624 0.013924 -0.016212 -0.001883 0.004856 0.089074 -0.020409 0.001717 -0.000572 -0.054360 0.024223 0.036431 -0.345045 -0.016975 -0.008583 -0.001717
1757664961.472172 -0.050164 0.007439 0.002098 -0.002861 0.016274 -0.002101 -0.032998 -0.003624 0.013924 -0.016212 -0.001883 0.004856 0.089074 -0.020409 0.001717 -0.000572 -0.054360 0.024223 0.036431 -0.345045 -0.016975 -0.008583 -0.001717
1757664961.474149 -0.050164 0.007439 0.002098 -0.002861 0.016274 -0.002101 -0.032998 -0.003624 0.013924 -0.016212 -0.001883 0.004856 0.089074 -0.020409 0.001717 -0.000572 -0.054360 0.024223 0.036431 -0.345045 -0.016975 -0.008583 -0.001717
1757664961.476141 -0.050164 0.007439 0.002098 -0.002861 0.016274 -0.002101 -0.032998 -0.003624 0.013924 -0.016212 -0.001883 0.004856 0.089074 -0.020409 0.001717 -0.000572 -0.054360 0.024223 0.036431 -0.345045 -0.016975 -0.008583 -0.001717
1757664961.478168 -0.050164 0.007439 0.002098 -0.002861 0.016274 -0.002101 -0.032998 -0.003624 0.013924 -0.016212 -0.001883 0.004856 0.089074 -0.020409 0.001717 -0.000572 -0.054360 0.024223 0.036431 -0.345045 -0.016975 -0.008583 -0.001717
1757664961.480159 -0.050164 0.007439 0.002098 -0.002861 0.016274 -0.002101 -0.032998 -0.003624 0.013924 -0.016212 -0.001883 0.004856 0.089074 -0.020409 0.001717 -0.000572 -0.054360 0.024223 0.036431 -0.345045 -0.016975 -0.008583 -0.001717
1757664961.482150 -0.050164 0.007439 0.002098 -0.002861 0.016274 -0.002101 -0.032998 -0.003624 0.013924 -0.016212 -0.001883 0.004856 0.089074 -0.020409 0.001717 -0.000572 -0.054360 0.024223 0.036431 -0.345045 -0.016975 -0.008583 -0.001717
1757664961.484177 -0.050164 0.007439 0.002098 -0.002861 0.016274 -0.002101 -0.032998 -0.003624 0.013924 -0.016212 -0.001883 0.004856 0.089074 -0.020409 0.001717 -0.000572 -0.054360 0.024223 0.036431 -0.345045 -0.016975 -0.008583 -0.001717
1757664961.486145 -0.050164 0.007439 0.002098 -0.002861 0.016274 -0.002101 -0.032998 -0.003624 0.013924 -0.016212 -0.001883 0.004856 0.089074 -0.020409 0.001717 -0.000572 -0.054360 0.024223 0.036431 -0.345045 -0.016975 -0.008583 -0.001717
1757664961.488151 -0.050164 0.007439 0.002098 -0.002861 0.016274 -0.002101 -0.032998 -0.003624 0.013924 -0.016212 -0.001883 0.004856 0.089074 -0.020409 0.001717 -0.000572 -0.054360 0.024223 0.036431 -0.345045 -0.016975 -0.008583 -0.001717
1757664961.490144 -0.050164 0.007439 0.002098 -0.002861 0.016274 -0.002101 -0.032998 -0.003624 0.013924 -0.016212 -0.001883 0.004856 0.089074 -0.020409 0.001717 -0.000572 -0.054360 0.024223 0.036431 -0.345045 -0.016975 -0.008583 -0.001717
1757664961.492181 -0.050164 0.007439 0.002098 -0.002861 0.016274 -0.002101 -0.032998 -0.003624 0.013924 -0.016212 -0.001883 0.004856 0.089074 -0.020409 0.001717 -0.000572 -0.054360 0.024223 0.036431 -0.345045 -0.016975 -0.008583 -0.001717
1757664961.494147 -0.050164 0.007439 0.002098 -0.002861 0.016274 -0.002101 -0.032998 -0.003624 0.013924 -0.016212 -0.001883 0.004856 0.089074 -0.020409 0.001717 -0.000572 -0.054360 0.024223 0.036431 -0.345045 -0.016975 -0.008583 -0.001717
1757664961.496153 -0.050164 0.007439 0.002098 -0.002861 0.016274 -0.002101 -0.032998 -0.003624 0.013924 -0.016212 -0.001883 0.004856 0.089074 -0.020409 0.001717 -0.000572 -0.054360 0.024223 0.036431 -0.345045 -0.016975 -0.008583 -0.001717
1757664961.498168 -0.050164 0.007439 0.002098 -0.002861 0.016274 -0.002101 -0.032998 -0.003624 0.013924 -0.016212 -0.001883 0.004856 0.089074 -0.020409 0.001717 -0.000572 -0.054360 0.024223 0.036431 -0.345045 -0.016975 -0.008583 -0.001717
1757664961.500155 -0.050164 0.007439 0.002098 -0.002861 0.016274 -0.002101 -0.032998 -0.003624 0.013924 -0.016212 -0.001883 0.004856 0.089074 -0.020409 0.001717 -0.000572 -0.054360 0.024223 0.036431 -0.345045 -0.016975 -0.008583 -0.001717
1757664961.502185 -0.050164 0.007439 0.002098 -0.002861 0.016274 -0.002101 -0.032998 -0.003624 0.013924 -0.016212 -0.001883 0.004856 0.089074 -0.020409 0.001717 -0.000572 -0.054360 0.024223 0.036431 -0.345045 -0.016975 -0.008583 -0.001717
1757664961.504154 -0.050164 0.007439 0.002098 -0.002861 0.016274 -0.002101 -0.032998 -0.003624 0.013924 -0.016212 -0.001883 0.004856 0.089074 -0.020409 0.001717 -0.000572 -0.054360 0.024223 0.036431 -0.345045 -0.016975 -0.008583 -0.001717
1757664961.506168 -0.050164 0.007439 0.002098 -0.002861 0.016274 -0.002101 -0.032998 -0.003624 0.013924 -0.016212 -0.001883 0.004856 0.089074 -0.020409 0.001717 -0.000572 -0.054360 0.024223 0.036431 -0.345045 -0.016975 -0.008583 -0.001717
1757664961.508147 -0.050164 0.007439 0.002098 -0.002861 0.016274 -0.002101 -0.032998 -0.003624 0.013924 -0.016212 -0.001883 0.004856 0.089074 -0.020409 0.001717 -0.000572 -0.054360 0.024223 0.036431 -0.345045 -0.016975 -0.008583 -0.001717
1757664961.510143 -0.050164 0.007439 0.002098 -0.002861 0.016274 -0.002101 -0.032998 -0.003624 0.013924 -0.016212 -0.001883 0.004856 0.089074 -0.020409 0.001717 -0.000572 -0.054360 0.024223 0.036431 -0.345045 -0.016975 -0.008583 -0.001717
1757664961.512146 -0.050164 0.007439 0.002098 -0.002861 0.016274 -0.002101 -0.032998 -0.003624 0.013924 -0.016212 -0.001883 0.004856 0.089074 -0.020409 0.001717 -0.000572 -0.054360 0.024223 0.036431 -0.345045 -0.016975 -0.008583 -0.001717
1757664961.514142 -0.050164 0.007439 0.002098 -0.002861 0.016274 -0.002101 -0.032998 -0.003624 0.013924 -0.016212 -0.001883 0.004856 0.089074 -0.020409 0.001717 -0.000572 -0.054360 0.024223 0.036431 -0.345045 -0.016975 -0.008583 -0.001717
1757664961.516153 -0.050164 0.007439 0.002098 -0.002861 0.016274 -0.002101 -0.032998 -0.003624 0.013924 -0.016212 -0.001883 0.004856 0.089074 -0.020409 0.001717 -0.000572 -0.054360 0.024223 0.036431 -0.345045 -0.016975 -0.008583 -0.001717
1757664961.518141 -0.050164 0.007439 0.002098 -0.002861 0.016274 -0.002101 -0.032998 -0.003624 0.013924 -0.016212 -0.001883 0.004856 0.089074 -0.020409 0.001717 -0.000572 -0.054360 0.024223 0.036431 -0.345045 -0.016975 -0.008583 -0.001717
1757664961.520157 -0.050164 0.007439 0.002098 -0.002861 0.016274 -0.002101 -0.032998 -0.003624 0.013924 -0.016212 -0.001883 0.004856 0.089074 -0.020409 0.001717 -0.000572 -0.054360 0.024223 0.036431 -0.345045 -0.016975 -0.008583 -0.001717
1757664961.522185 -0.050164 0.007439 0.002098 -0.002861 0.016274 -0.002101 -0.032998 -0.003624 0.013924 -0.016212 -0.001883 0.004856 0.089074 -0.020409 0.001717 -0.000572 -0.054360 0.024223 0.036431 -0.345045 -0.016975 -0.008583 -0.001717
1757664961.524172 -0.050164 0.007439 0.002098 -0.002861 0.016274 -0.002101 -0.032998 -0.003624 0.013924 -0.016212 -0.001883 0.004856 0.089074 -0.020409 0.001717 -0.000572 -0.054360 0.024223 0.036431 -0.345045 -0.016975 -0.008583 -0.001717
1757664961.526145 -0.050164 0.007439 0.002098 -0.002861 0.016274 -0.002101 -0.032998 -0.003624 0.013924 -0.016212 -0.001883 0.004856 0.089074 -0.020409 0.001717 -0.000572 -0.054360 0.024223 0.036431 -0.345045 -0.016975 -0.008583 -0.001717
1757664961.528145 -0.050164 0.007439 0.002098 -0.002861 0.016274 -0.002101 -0.032998 -0.003624 0.013924 -0.016212 -0.001883 0.004856 0.089074 -0.020409 0.001717 -0.000572 -0.054360 0.024223 0.036431 -0.345045 -0.016975 -0.008583 -0.001717
1757664961.530142 -0.050164 0.007439 0.002098 -0.002861 0.016274 -0.002101 -0.032998 -0.003624 0.013924 -0.016212 -0.001883 0.004856 0.089074 -0.020409 0.001717 -0.000572 -0.054360 0.024223 0.036431 -0.345045 -0.016975 -0.008583 -0.001717
1757664961.532141 -0.050164 0.007439 0.002098 -0.002861 0.016274 -0.002101 -0.032998 -0.003624 0.013924 -0.016212 -0.001883 0.004856 0.089074 -0.020409 0.001717 -0.000572 -0.054360 0.024223 0.036431 -0.345045 -0.016975 -0.008583 -0.001717
1757664961.534181 -0.050164 0.007439 0.002098 -0.002861 0.016274 -0.002101 -0.032998 -0.003624 0.013924 -0.016212 -0.001883 0.004856 0.089074 -0.020409 0.001717 -0.000572 -0.054360 0.024223 0.036431 -0.345045 -0.016975 -0.008583 -0.001717
1757664961.536149 -0.050164 0.007439 0.002098 -0.002861 0.016274 -0.002101 -0.032998 -0.003624 0.013924 -0.016212 -0.001883 0.004856 0.089074 -0.020409 0.001717 -0.000572 -0.054360 0.024223 0.036431 -0.345045 -0.016975 -0.008583 -0.001717
1757664961.538141 -0.050164 0.007439 0.002098 -0.002861 0.016274 -0.002101 -0.032998 -0.003624 0.013924 -0.016212 -0.001883 0.004856 0.089074 -0.020409 0.001717 -0.000572 -0.054360 0.024223 0.036431 -0.345045 -0.016975 -0.008583 -0.001717
1757664961.540137 -0.050164 0.007439 0.002098 -0.002861 0.016274 -0.002101 -0.032998 -0.003624 0.013924 -0.016212 -0.001883 0.004856 0.089074 -0.020409 0.001717 -0.000572 -0.054360 0.024223 0.036431 -0.345045 -0.016975 -0.008583 -0.001717
1757664961.542144 -0.050164 0.007439 0.002098 -0.002861 0.016274 -0.002101 -0.032998 -0.003624 0.013924 -0.016212 -0.001883 0.004856 0.089074 -0.020409 0.001717 -0.000572 -0.054360 0.024223 0.036431 -0.345045 -0.016975 -0.008583 -0.001717
1757664961.544138 -0.050164 0.007439 0.002098 -0.002861 0.016274 -0.002101 -0.032998 -0.003624 0.013924 -0.016212 -0.001883 0.004856 0.089074 -0.020409 0.001717 -0.000572 -0.054360 0.024223 0.036431 -0.345045 -0.016975 -0.008583 -0.001717
1757664961.546135 -0.050164 0.007439 0.002098 -0.002861 0.016274 -0.002101 -0.032998 -0.003624 0.013924 -0.016212 -0.001883 0.004856 0.089074 -0.020409 0.001717 -0.000572 -0.054360 0.024223 0.036431 -0.345045 -0.016975 -0.008583 -0.001717
1757664961.548143 -0.050164 0.007439 0.002098 -0.002861 0.016274 -0.002101 -0.032998 -0.003624 0.013924 -0.016212 -0.001883 0.004856 0.089074 -0.020409 0.001717 -0.000572 -0.054360 0.024223 0.036431 -0.345045 -0.016975 -0.008583 -0.001717
1757664961.550136 -0.050164 0.007439 0.002098 -0.002861 0.016274 -0.002101 -0.032998 -0.003624 0.013924 -0.016212 -0.001883 0.004856 0.089074 -0.020409 0.001717 -0.000572 -0.054360 0.024223 0.036431 -0.345045 -0.016975 -0.008583 -0.001717
1757664961.552137 -0.050164 0.007439 0.002098 -0.002861 0.016274 -0.002101 -0.032998 -0.003624 0.013924 -0.016212 -0.001883 0.004856 0.089074 -0.020409 0.001717 -0.000572 -0.054360 0.024223 0.036431 -0.345045 -0.016975 -0.008583 -0.001717
1757664961.554162 -0.050164 0.007439 0.002098 -0.002861 0.016274 -0.002101 -0.032998 -0.003624 0.013924 -0.016212 -0.001883 0.004856 0.089074 -0.020409 0.001717 -0.000572 -0.054360 0.024223 0.036431 -0.345045 -0.016975 -0.008583 -0.001717
1757664961.556143 -0.050164 0.007439 0.002098 -0.002861 0.016274 -0.002101 -0.032998 -0.003624 0.013924 -0.016212 -0.001883 0.004856 0.089074 -0.020409 0.001717 -0.000572 -0.054360 0.024223 0.036431 -0.345045 -0.016975 -0.008583 -0.001717
1757664961.558137 -0.050164 0.007439 0.002098 -0.002861 0.016274 -0.002101 -0.032998 -0.003624 0.013924 -0.016212 -0.001883 0.004856 0.089074 -0.020409 0.001717 -0.000572 -0.054360 0.024223 0.036431 -0.345045 -0.016975 -0.008583 -0.001717
1757664961.560134 -0.050164 0.007439 0.002098 -0.002861 0.016274 -0.002101 -0.032998 -0.003624 0.013924 -0.016212 -0.001883 0.004856 0.089074 -0.020409 0.001717 -0.000572 -0.054360 0.024223 0.036431 -0.345045 -0.016975 -0.008583 -0.001717
1757664961.562156 -0.050164 0.007439 0.002098 -0.002861 0.016274 -0.002101 -0.032998 -0.003624 0.013924 -0.016212 -0.001883 0.004856 0.089074 -0.020409 0.001717 -0.000572 -0.054360 0.024223 0.036431 -0.345045 -0.016975 -0.008583 -0.001717
1757664961.564227 -0.050164 0.007439 0.002098 -0.002861 0.016274 -0.002101 -0.032998 -0.003624 0.013924 -0.016212 -0.001883 0.004856 0.089074 -0.020409 0.001717 -0.000572 -0.054360 0.024223 0.036431 -0.345045 -0.016975 -0.008583 -0.001717
1757664961.566157 -0.050164 0.007439 0.002098 -0.002861 0.016274 -0.002101 -0.032998 -0.003624 0.013924 -0.016212 -0.001883 0.004856 0.089074 -0.020409 0.001717 -0.000572 -0.054360 0.024223 0.036431 -0.345045 -0.016975 -0.008583 -0.001717
1757664961.568191 -0.050164 0.007439 0.002098 -0.002861 0.016274 -0.002101 -0.032998 -0.003624 0.013924 -0.016212 -0.001883 0.004856 0.089074 -0.020409 0.001717 -0.000572 -0.054360 0.024223 0.036431 -0.345045 -0.016975 -0.008583 -0.001717
1757664961.570153 -0.050164 0.007439 0.002098 -0.002861 0.016274 -0.002101 -0.032998 -0.003624 0.013924 -0.016212 -0.001883 0.004856 0.089074 -0.020409 0.001717 -0.000572 -0.054360 0.024223 0.036431 -0.345045 -0.016975 -0.008583 -0.001717
1757664961.572152 -0.050164 0.007439 0.002098 -0.002861 0.016274 -0.002101 -0.032998 -0.003624 0.013924 -0.016212 -0.001883 0.004856 0.089074 -0.020409 0.001717 -0.000572 -0.054360 0.024223 0.036431 -0.345045 -0.016975 -0.008583 -0.001717
1757664961.574145 -0.050164 0.007439 0.002098 -0.002861 0.016274 -0.002101 -0.032998 -0.003624 0.013924 -0.016212 -0.001883 0.004856 0.089074 -0.020409 0.001717 -0.000572 -0.054360 0.024223 0.036431 -0.345045 -0.016975 -0.008583 -0.001717
1757664961.576148 -0.050164 0.007439 0.002098 -0.002861 0.016274 -0.002101 -0.032998 -0.003624 0.013924 -0.016212 -0.001883 0.004856 0.089074 -0.020409 0.001717 -0.000572 -0.054360 0.024223 0.036431 -0.345045 -0.016975 -0.008583 -0.001717
1757664961.578142 -0.050164 0.007439 0.002098 -0.002861 0.016274 -0.002101 -0.032998 -0.003624 0.013924 -0.016212 -0.001883 0.004856 0.089074 -0.020409 0.001717 -0.000572 -0.054360 0.024223 0.036431 -0.345045 -0.016975 -0.008583 -0.001717
1757664961.580145 -0.050164 0.007439 0.002098 -0.002861 0.016274 -0.002101 -0.032998 -0.003624 0.013924 -0.016212 -0.001883 0.004856 0.089074 -0.020409 0.001717 -0.000572 -0.054360 0.024223 0.036431 -0.345045 -0.016975 -0.008583 -0.001717
1757664961.582151 -0.050164 0.007439 0.002098 -0.002861 0.016274 -0.002101 -0.032998 -0.003624 0.013924 -0.016212 -0.001883 0.004856 0.089074 -0.020409 0.001717 -0.000572 -0.054360 0.024223 0.036431 -0.345045 -0.016975 -0.008583 -0.001717
1757664961.584143 -0.050164 0.007439 0.002098 -0.002861 0.016274 -0.002101 -0.032998 -0.003624 0.013924 -0.016212 -0.001883 0.004856 0.089074 -0.020409 0.001717 -0.000572 -0.054360 0.024223 0.036431 -0.345045 -0.016975 -0.008583 -0.001717
1757664961.586143 -0.050164 0.007439 0.002098 -0.002861 0.016274 -0.002101 -0.032998 -0.003624 0.013924 -0.016212 -0.001883 0.004856 0.089074 -0.020409 0.001717 -0.000572 -0.054360 0.024223 0.036431 -0.345045 -0.016975 -0.008583 -0.001717
1757664961.588155 -0.050164 0.007439 0.002098 -0.002861 0.016274 -0.002101 -0.032998 -0.003624 0.013924 -0.016212 -0.001883 0.004856 0.089074 -0.020409 0.001717 -0.000572 -0.054360 0.024223 0.036431 -0.345045 -0.016975 -0.008583 -0.001717
1757664961.590135 -0.050164 0.007439 0.002098 -0.002861 0.016274 -0.002101 -0.032998 -0.003624 0.013924 -0.016212 -0.001883 0.004856 0.089074 -0.020409 0.001717 -0.000572 -0.054360 0.024223 0.036431 -0.345045 -0.016975 -0.008583 -0.001717
1757664961.592130 -0.050164 0.007439 0.002098 -0.002861 0.016274 -0.002101 -0.032998 -0.003624 0.013924 -0.016212 -0.001883 0.004856 0.089074 -0.020409 0.001717 -0.000572 -0.054360 0.024223 0.036431 -0.345045 -0.016975 -0.008583 -0.001717
1757664961.594135 -0.050164 0.007439 0.002098 -0.002861 0.016274 -0.002101 -0.032998 -0.003624 0.013924 -0.016212 -0.001883 0.004856 0.089074 -0.020409 0.001717 -0.000572 -0.054360 0.024223 0.036431 -0.345045 -0.016975 -0.008583 -0.001717
1757664961.596173 -0.050164 0.007439 0.002098 -0.002861 0.016274 -0.002101 -0.032998 -0.003624 0.013924 -0.016212 -0.001883 0.004856 0.089074 -0.020409 0.001717 -0.000572 -0.054360 0.024223 0.036431 -0.345045 -0.016975 -0.008583 -0.001717
1757664961.598135 -0.050164 0.007439 0.002098 -0.002861 0.016274 -0.002101 -0.032998 -0.003624 0.013924 -0.016212 -0.001883 0.004856 0.089074 -0.020409 0.001717 -0.000572 -0.054360 0.024223 0.036431 -0.345045 -0.016975 -0.008583 -0.001717
1757664961.600123 -0.050164 0.007439 0.002098 -0.002861 0.016274 -0.002101 -0.032998 -0.003624 0.013924 -0.016212 -0.001883 0.004856 0.089074 -0.020409 0.001717 -0.000572 -0.054360 0.024223 0.036431 -0.345045 -0.016975 -0.008583 -0.001717
1757664961.602119 -0.050164 0.007439 0.002098 -0.002861 0.016274 -0.002101 -0.032998 -0.003624 0.013924 -0.016212 -0.001883 0.004856 0.089074 -0.020409 0.001717 -0.000572 -0.054360 0.024223 0.036431 -0.345045 -0.016975 -0.008583 -0.001717
1757664961.604122 -0.050164 0.007439 0.002098 -0.002861 0.016274 -0.002101 -0.032998 -0.003624 0.013924 -0.016212 -0.001883 0.004856 0.089074 -0.020409 0.001717 -0.000572 -0.054360 0.024223 0.036431 -0.345045 -0.016975 -0.008583 -0.001717
1757664961.606139 -0.050164 0.007439 0.002098 -0.002861 0.016274 -0.002101 -0.032998 -0.003624 0.013924 -0.016212 -0.001883 0.004856 0.089074 -0.020409 0.001717 -0.000572 -0.054360 0.024223 0.036431 -0.345045 -0.016975 -0.008583 -0.001717
1757664961.608123 -0.050164 0.007439 0.002098 -0.002861 0.016274 -0.002101 -0.032998 -0.003624 0.013924 -0.016212 -0.001883 0.004856 0.089074 -0.020409 0.001717 -0.000572 -0.054360 0.024223 0.036431 -0.345045 -0.016975 -0.008583 -0.001717
1757664961.610136 -0.050164 0.007439 0.002098 -0.002861 0.016274 -0.002101 -0.032998 -0.003624 0.013924 -0.016212 -0.001883 0.004856 0.089074 -0.020409 0.001717 -0.000572 -0.054360 0.024223 0.036431 -0.345045 -0.016975 -0.008583 -0.001717
1757664961.612128 -0.050164 0.007439 0.002098 -0.002861 0.016274 -0.002101 -0.032998 -0.003624 0.013924 -0.016212 -0.001883 0.004856 0.089074 -0.020409 0.001717 -0.000572 -0.054360 0.024223 0.036431 -0.345045 -0.016975 -0.008583 -0.001717
1757664961.614131 -0.050164 0.007439 0.002098 -0.002861 0.016274 -0.002101 -0.032998 -0.003624 0.013924 -0.016212 -0.001883 0.004856 0.089074 -0.020409 0.001717 -0.000572 -0.054360 0.024223 0.036431 -0.345045 -0.016975 -0.008583 -0.001717
1757664961.616141 -0.050164 0.007439 0.002098 -0.002861 0.016274 -0.002101 -0.032998 -0.003624 0.013924 -0.016212 -0.001883 0.004856 0.089074 -0.020409 0.001717 -0.000572 -0.054360 0.024223 0.036431 -0.345045 -0.016975 -0.008583 -0.001717
1757664961.618148 -0.050164 0.007439 0.002098 -0.002861 0.016274 -0.002101 -0.032998 -0.003624 0.013924 -0.016212 -0.001883 0.004856 0.089074 -0.020409 0.001717 -0.000572 -0.054360 0.024223 0.036431 -0.345045 -0.016975 -0.008583 -0.001717
1757664961.620140 -0.050164 0.007439 0.002098 -0.002861 0.016274 -0.002101 -0.032998 -0.003624 0.013924 -0.016212 -0.001883 0.004856 0.089074 -0.020409 0.001717 -0.000572 -0.054360 0.024223 0.036431 -0.345045 -0.016975 -0.008583 -0.001717
1757664961.622135 -0.050164 0.007439 0.002098 -0.002861 0.016274 -0.002101 -0.032998 -0.003624 0.013924 -0.016212 -0.001883 0.004856 0.089074 -0.020409 0.001717 -0.000572 -0.054360 0.024223 0.036431 -0.345045 -0.016975 -0.008583 -0.001717
1757664961.624143 -0.050164 0.007439 0.002098 -0.002861 0.016274 -0.002101 -0.032998 -0.003624 0.013924 -0.016212 -0.001883 0.004856 0.089074 -0.020409 0.001717 -0.000572 -0.054360 0.024223 0.036431 -0.345045 -0.016975 -0.008583 -0.001717
1757664961.626139 -0.050164 0.007439 0.002098 -0.002861 0.016274 -0.002101 -0.032998 -0.003624 0.013924 -0.016212 -0.001883 0.004856 0.089074 -0.020409 0.001717 -0.000572 -0.054360 0.024223 0.036431 -0.345045 -0.016975 -0.008583 -0.001717
1757664961.628170 -0.050164 0.007439 0.002098 -0.002861 0.016274 -0.002101 -0.032998 -0.003624 0.013924 -0.016212 -0.001883 0.004856 0.089074 -0.020409 0.001717 -0.000572 -0.054360 0.024223 0.036431 -0.345045 -0.016975 -0.008583 -0.001717
1757664961.630187 -0.050164 0.007439 0.002098 -0.002861 0.016274 -0.002101 -0.032998 -0.003624 0.013924 -0.016212 -0.001883 0.004856 0.089074 -0.020409 0.001717 -0.000572 -0.054360 0.024223 0.036431 -0.345045 -0.016975 -0.008583 -0.001717
1757664961.632138 -0.050164 0.007439 0.002098 -0.002861 0.016274 -0.002101 -0.032998 -0.003624 0.013924 -0.016212 -0.001883 0.004856 0.089074 -0.020409 0.001717 -0.000572 -0.054360 0.024223 0.036431 -0.345045 -0.016975 -0.008583 -0.001717
1757664961.634149 -0.050164 0.007439 0.002098 -0.002861 0.016274 -0.002101 -0.032998 -0.003624 0.013924 -0.016212 -0.001883 0.004856 0.089074 -0.020409 0.001717 -0.000572 -0.054360 0.024223 0.036431 -0.345045 -0.016975 -0.008583 -0.001717
1757664961.636144 -0.050164 0.007439 0.002098 -0.002861 0.016274 -0.002101 -0.032998 -0.003624 0.013924 -0.016212 -0.001883 0.004856 0.089074 -0.020409 0.001717 -0.000572 -0.054360 0.024223 0.036431 -0.345045 -0.016975 -0.008583 -0.001717
1757664961.638155 -0.050164 0.007439 0.002098 -0.002861 0.016274 -0.002101 -0.032998 -0.003624 0.013924 -0.016212 -0.001883 0.004856 0.089074 -0.020409 0.001717 -0.000572 -0.054360 0.024223 0.036431 -0.345045 -0.016975 -0.008583 -0.001717
1757664961.640154 -0.050164 0.007439 0.002098 -0.002861 0.016274 -0.002101 -0.032998 -0.003624 0.013924 -0.016212 -0.001883 0.004856 0.089074 -0.020409 0.001717 -0.000572 -0.054360 0.024223 0.036431 -0.345045 -0.016975 -0.008583 -0.001717
1757664961.642142 -0.050164 0.007439 0.002098 -0.002861 0.016274 -0.002101 -0.032998 -0.003624 0.013924 -0.016212 -0.001883 0.004856 0.089074 -0.020409 0.001717 -0.000572 -0.054360 0.024223 0.036431 -0.345045 -0.016975 -0.008583 -0.001717
1757664961.644175 -0.050164 0.007439 0.002098 -0.002861 0.016274 -0.002101 -0.032998 -0.003624 0.013924 -0.016212 -0.001883 0.004856 0.089074 -0.020409 0.001717 -0.000572 -0.054360 0.024223 0.036431 -0.345045 -0.016975 -0.008583 -0.001717
1757664961.646145 -0.050164 0.007439 0.002098 -0.002861 0.016274 -0.002101 -0.032998 -0.003624 0.013924 -0.016212 -0.001883 0.004856 0.089074 -0.020409 0.001717 -0.000572 -0.054360 0.024223 0.036431 -0.345045 -0.016975 -0.008583 -0.001717
1757664961.648134 -0.050164 0.007439 0.002098 -0.002861 0.016274 -0.002101 -0.032998 -0.003624 0.013924 -0.016212 -0.001883 0.004856 0.089074 -0.020409 0.001717 -0.000572 -0.054360 0.024223 0.036431 -0.345045 -0.016975 -0.008583 -0.001717
1757664961.650146 -0.050164 0.007439 0.002098 -0.002861 0.016274 -0.002101 -0.032998 -0.003624 0.013924 -0.016212 -0.001883 0.004856 0.089074 -0.020409 0.001717 -0.000572 -0.054360 0.024223 0.036431 -0.345045 -0.016975 -0.008583 -0.001717
1757664961.652146 -0.050164 0.007439 0.002098 -0.002861 0.016274 -0.002101 -0.032998 -0.003624 0.013924 -0.016212 -0.001883 0.004856 0.089074 -0.020409 0.001717 -0.000572 -0.054360 0.024223 0.036431 -0.345045 -0.016975 -0.008583 -0.001717
1757664961.654143 -0.050164 0.007439 0.002098 -0.002861 0.016274 -0.002101 -0.032998 -0.003624 0.013924 -0.016212 -0.001883 0.004856 0.089074 -0.020409 0.001717 -0.000572 -0.054360 0.024223 0.036431 -0.345045 -0.016975 -0.008583 -0.001717
1757664961.656144 -0.050164 0.007439 0.002098 -0.002861 0.016274 -0.002101 -0.032998 -0.003624 0.013924 -0.016212 -0.001883 0.004856 0.089074 -0.020409 0.001717 -0.000572 -0.054360 0.024223 0.036431 -0.345045 -0.016975 -0.008583 -0.001717
1757664961.658258 -0.050164 0.007439 0.002098 -0.002861 0.016274 -0.002101 -0.032998 -0.003624 0.013924 -0.016212 -0.001883 0.004856 0.089074 -0.020409 0.001717 -0.000572 -0.054360 0.024223 0.036431 -0.345045 -0.016975 -0.008583 -0.001717
1757664961.660154 -0.050164 0.007439 0.002098 -0.002861 0.016274 -0.002101 -0.032998 -0.003624 0.013924 -0.016212 -0.001883 0.004856 0.089074 -0.020409 0.001717 -0.000572 -0.054360 0.024223 0.036431 -0.345045 -0.016975 -0.008583 -0.001717
1757664961.662144 -0.050164 0.007439 0.002098 -0.002861 0.016274 -0.002101 -0.032998 -0.003624 0.013924 -0.016212 -0.001883 0.004856 0.089074 -0.020409 0.001717 -0.000572 -0.054360 0.024223 0.036431 -0.345045 -0.016975 -0.008583 -0.001717
1757664961.664144 -0.050164 0.007439 0.002098 -0.002861 0.016274 -0.002101 -0.032998 -0.003624 0.013924 -0.016212 -0.001883 0.004856 0.089074 -0.020409 0.001717 -0.000572 -0.054360 0.024223 0.036431 -0.345045 -0.016975 -0.008583 -0.001717
1757664961.666157 -0.050164 0.007439 0.002098 -0.002861 0.016274 -0.002101 -0.032998 -0.003624 0.013924 -0.016212 -0.001883 0.004856 0.089074 -0.020409 0.001717 -0.000572 -0.054360 0.024223 0.036431 -0.345045 -0.016975 -0.008583 -0.001717
1757664961.668131 -0.050164 0.007439 0.002098 -0.002861 0.016274 -0.002101 -0.032998 -0.003624 0.013924 -0.016212 -0.001883 0.004856 0.089074 -0.020409 0.001717 -0.000572 -0.054360 0.024223 0.036431 -0.345045 -0.016975 -0.008583 -0.001717
1757664961.670132 -0.050164 0.007439 0.002098 -0.002861 0.016274 -0.002101 -0.032998 -0.003624 0.013924 -0.016212 -0.001883 0.004856 0.089074 -0.020409 0.001717 -0.000572 -0.054360 0.024223 0.036431 -0.345045 -0.016975 -0.008583 -0.001717
1757664961.672131 -0.050164 0.007439 0.002098 -0.002861 0.016274 -0.002101 -0.032998 -0.003624 0.013924 -0.016212 -0.001883 0.004856 0.089074 -0.020409 0.001717 -0.000572 -0.054360 0.024223 0.036431 -0.345045 -0.016975 -0.008583 -0.001717
1757664961.674130 -0.050164 0.007439 0.002098 -0.002861 0.016274 -0.002101 -0.032998 -0.003624 0.013924 -0.016212 -0.001883 0.004856 0.089074 -0.020409 0.001717 -0.000572 -0.054360 0.024223 0.036431 -0.345045 -0.016975 -0.008583 -0.001717
1757664961.676142 -0.050164 0.007439 0.002098 -0.002861 0.016274 -0.002101 -0.032998 -0.003624 0.013924 -0.016212 -0.001883 0.004856 0.089074 -0.020409 0.001717 -0.000572 -0.054360 0.024223 0.036431 -0.345045 -0.016975 -0.008583 -0.001717
1757664961.678144 -0.050164 0.007439 0.002098 -0.002861 0.016274 -0.002101 -0.032998 -0.003624 0.013924 -0.016212 -0.001883 0.004856 0.089074 -0.020409 0.001717 -0.000572 -0.054360 0.024223 0.036431 -0.345045 -0.016975 -0.008583 -0.001717
1757664961.680145 -0.050164 0.007439 0.002098 -0.002861 0.016274 -0.002101 -0.032998 -0.003624 0.013924 -0.016212 -0.001883 0.004856 0.089074 -0.020409 0.001717 -0.000572 -0.054360 0.024223 0.036431 -0.345045 -0.016975 -0.008583 -0.001717
1757664961.682150 -0.050164 0.007439 0.002098 -0.002861 0.016274 -0.002101 -0.032998 -0.003624 0.013924 -0.016212 -0.001883 0.004856 0.089074 -0.020409 0.001717 -0.000572 -0.054360 0.024223 0.036431 -0.345045 -0.016975 -0.008583 -0.001717
1757664961.684150 -0.050164 0.007439 0.002098 -0.002861 0.016274 -0.002101 -0.032998 -0.003624 0.013924 -0.016212 -0.001883 0.004856 0.089074 -0.020409 0.001717 -0.000572 -0.054360 0.024223 0.036431 -0.345045 -0.016975 -0.008583 -0.001717
1757664961.686190 -0.050164 0.007439 0.002098 -0.002861 0.016274 -0.002101 -0.032998 -0.003624 0.013924 -0.016212 -0.001883 0.004856 0.089074 -0.020409 0.001717 -0.000572 -0.054360 0.024223 0.036431 -0.345045 -0.016975 -0.008583 -0.001717
1757664961.688171 -0.050164 0.007439 0.002098 -0.002861 0.016274 -0.002101 -0.032998 -0.003624 0.013924 -0.016212 -0.001883 0.004856 0.089074 -0.020409 0.001717 -0.000572 -0.054360 0.024223 0.036431 -0.345045 -0.016975 -0.008583 -0.001717
1757664961.690182 -0.050164 0.007439 0.002098 -0.002861 0.016274 -0.002101 -0.032998 -0.003624 0.013924 -0.016212 -0.001883 0.004856 0.089074 -0.020409 0.001717 -0.000572 -0.054360 0.024223 0.036431 -0.345045 -0.016975 -0.008583 -0.001717
1757664961.692156 -0.050164 0.007439 0.002098 -0.002861 0.016274 -0.002101 -0.032998 -0.003624 0.013924 -0.016212 -0.001883 0.004856 0.089074 -0.020409 0.001717 -0.000572 -0.054360 0.024223 0.036431 -0.345045 -0.016975 -0.008583 -0.001717
1757664961.694169 -0.050164 0.007439 0.002098 -0.002861 0.016274 -0.002101 -0.032998 -0.003624 0.013924 -0.016212 -0.001883 0.004856 0.089074 -0.020409 0.001717 -0.000572 -0.054360 0.024223 0.036431 -0.345045 -0.016975 -0.008583 -0.001717
1757664961.696143 -0.050164 0.007439 0.002098 -0.002861 0.016274 -0.002101 -0.032998 -0.003624 0.013924 -0.016212 -0.001883 0.004856 0.089074 -0.020409 0.001717 -0.000572 -0.054360 0.024223 0.036431 -0.345045 -0.016975 -0.008583 -0.001717
1757664961.698146 -0.050164 0.007439 0.002098 -0.002861 0.016274 -0.002101 -0.032998 -0.003624 0.013924 -0.016212 -0.001883 0.004856 0.089074 -0.020409 0.001717 -0.000572 -0.054360 0.024223 0.036431 -0.345045 -0.016975 -0.008583 -0.001717
1757664961.700158 -0.050164 0.007439 0.002098 -0.002861 0.016274 -0.002101 -0.032998 -0.003624 0.013924 -0.016212 -0.001883 0.004856 0.089074 -0.020409 0.001717 -0.000572 -0.054360 0.024223 0.036431 -0.345045 -0.016975 -0.008583 -0.001717
1757664961.702143 -0.050164 0.007439 0.002098 -0.002861 0.016274 -0.002101 -0.032998 -0.003624 0.013924 -0.016212 -0.001883 0.004856 0.089074 -0.020409 0.001717 -0.000572 -0.054360 0.024223 0.036431 -0.345045 -0.016975 -0.008583 -0.001717
1757664961.704144 -0.050164 0.007439 0.002098 -0.002861 0.016274 -0.002101 -0.032998 -0.003624 0.013924 -0.016212 -0.001883 0.004856 0.089074 -0.020409 0.001717 -0.000572 -0.054360 0.024223 0.036431 -0.345045 -0.016975 -0.008583 -0.001717
1757664961.706139 -0.050164 0.007439 0.002098 -0.002861 0.016274 -0.002101 -0.032998 -0.003624 0.013924 -0.016212 -0.001883 0.004856 0.089074 -0.020409 0.001717 -0.000572 -0.054360 0.024223 0.036431 -0.345045 -0.016975 -0.008583 -0.001717
1757664961.708144 -0.050164 0.007439 0.002098 -0.002861 0.016274 -0.002101 -0.032998 -0.003624 0.013924 -0.016212 -0.001883 0.004856 0.089074 -0.020409 0.001717 -0.000572 -0.054360 0.024223 0.036431 -0.345045 -0.016975 -0.008583 -0.001717
1757664961.710144 -0.050164 0.007439 0.002098 -0.002861 0.016274 -0.002101 -0.032998 -0.003624 0.013924 -0.016212 -0.001883 0.004856 0.089074 -0.020409 0.001717 -0.000572 -0.054360 0.024223 0.036431 -0.345045 -0.016975 -0.008583 -0.001717
1757664961.712143 -0.050164 0.007439 0.002098 -0.002861 0.016274 -0.002101 -0.032998 -0.003624 0.013924 -0.016212 -0.001883 0.004856 0.089074 -0.020409 0.001717 -0.000572 -0.054360 0.024223 0.036431 -0.345045 -0.016975 -0.008583 -0.001717
1757664961.714139 -0.050164 0.007439 0.002098 -0.002861 0.016274 -0.002101 -0.032998 -0.003624 0.013924 -0.016212 -0.001883 0.004856 0.089074 -0.020409 0.001717 -0.000572 -0.054360 0.024223 0.036431 -0.345045 -0.016975 -0.008583 -0.001717
1757664961.716142 -0.050164 0.007439 0.002098 -0.002861 0.016274 -0.002101 -0.032998 -0.003624 0.013924 -0.016212 -0.001883 0.004856 0.089074 -0.020409 0.001717 -0.000572 -0.054360 0.024223 0.036431 -0.345045 -0.016975 -0.008583 -0.001717
1757664961.718142 -0.050164 0.007439 0.002098 -0.002861 0.016274 -0.002101 -0.032998 -0.003624 0.013924 -0.016212 -0.001883 0.004856 0.089074 -0.020409 0.001717 -0.000572 -0.054360 0.024223 0.036431 -0.345045 -0.016975 -0.008583 -0.001717
1757664961.720243 -0.050164 0.007439 0.002098 -0.002861 0.016274 -0.002101 -0.032998 -0.003624 0.013924 -0.016212 -0.001883 0.004856 0.089074 -0.020409 0.001717 -0.000572 -0.054360 0.024223 0.036431 -0.345045 -0.016975 -0.008583 -0.001717
1757664961.722161 -0.050164 0.007439 0.002098 -0.002861 0.016274 -0.002101 -0.032998 -0.003624 0.013924 -0.016212 -0.001883 0.004856 0.089074 -0.020409 0.001717 -0.000572 -0.054360 0.024223 0.036431 -0.345045 -0.016975 -0.008583 -0.001717
1757664961.724145 -0.050164 0.007439 0.002098 -0.002861 0.016274 -0.002101 -0.032998 -0.003624 0.013924 -0.016212 -0.001883 0.004856 0.089074 -0.020409 0.001717 -0.000572 -0.054360 0.024223 0.036431 -0.345045 -0.016975 -0.008583 -0.001717
1757664961.726136 -0.050164 0.007439 0.002098 -0.002861 0.016274 -0.002101 -0.032998 -0.003624 0.013924 -0.016212 -0.001883 0.004856 0.089074 -0.020409 0.001717 -0.000572 -0.054360 0.024223 0.036431 -0.345045 -0.016975 -0.008583 -0.001717
1757664961.728171 -0.050164 0.007439 0.002098 -0.002861 0.016274 -0.002101 -0.032998 -0.003624 0.013924 -0.016212 -0.001883 0.004856 0.089074 -0.020409 0.001717 -0.000572 -0.054360 0.024223 0.036431 -0.345045 -0.016975 -0.008583 -0.001717
1757664961.730135 -0.050164 0.007439 0.002098 -0.002861 0.016274 -0.002101 -0.032998 -0.003624 0.013924 -0.016212 -0.001883 0.004856 0.089074 -0.020409 0.001717 -0.000572 -0.054360 0.024223 0.036431 -0.345045 -0.016975 -0.008583 -0.001717
1757664961.732134 -0.050164 0.007439 0.002098 -0.002861 0.016274 -0.002101 -0.032998 -0.003624 0.013924 -0.016212 -0.001883 0.004856 0.089074 -0.020409 0.001717 -0.000572 -0.054360 0.024223 0.036431 -0.345045 -0.016975 -0.008583 -0.001717
1757664961.734131 -0.050164 0.007439 0.002098 -0.002861 0.016274 -0.002101 -0.032998 -0.003624 0.013924 -0.016212 -0.001883 0.004856 0.089074 -0.020409 0.001717 -0.000572 -0.054360 0.024223 0.036431 -0.345045 -0.016975 -0.008583 -0.001717
1757664961.736143 -0.050164 0.007439 0.002098 -0.002861 0.016274 -0.002101 -0.032998 -0.003624 0.013924 -0.016212 -0.001883 0.004856 0.089074 -0.020409 0.001717 -0.000572 -0.054360 0.024223 0.036431 -0.345045 -0.016975 -0.008583 -0.001717
1757664961.738136 -0.050164 0.007439 0.002098 -0.002861 0.016274 -0.002101 -0.032998 -0.003624 0.013924 -0.016212 -0.001883 0.004856 0.089074 -0.020409 0.001717 -0.000572 -0.054360 0.024223 0.036431 -0.345045 -0.016975 -0.008583 -0.001717
1757664961.740133 -0.050164 0.007439 0.002098 -0.002861 0.016274 -0.002101 -0.032998 -0.003624 0.013924 -0.016212 -0.001883 0.004856 0.089074 -0.020409 0.001717 -0.000572 -0.054360 0.024223 0.036431 -0.345045 -0.016975 -0.008583 -0.001717
1757664961.742149 -0.050164 0.007439 0.002098 -0.002861 0.016274 -0.002101 -0.032998 -0.003624 0.013924 -0.016212 -0.001883 0.004856 0.089074 -0.020409 0.001717 -0.000572 -0.054360 0.024223 0.036431 -0.345045 -0.016975 -0.008583 -0.001717
1757664961.744132 -0.050164 0.007439 0.002098 -0.002861 0.016274 -0.002101 -0.032998 -0.003624 0.013924 -0.016212 -0.001883 0.004856 0.089074 -0.020409 0.001717 -0.000572 -0.054360 0.024223 0.036431 -0.345045 -0.016975 -0.008583 -0.001717
1757664961.746131 -0.050164 0.007439 0.002098 -0.002861 0.016274 -0.002101 -0.032998 -0.003624 0.013924 -0.016212 -0.001883 0.004856 0.089074 -0.020409 0.001717 -0.000572 -0.054360 0.024223 0.036431 -0.345045 -0.016975 -0.008583 -0.001717
1757664961.748130 -0.050164 0.007439 0.002098 -0.002861 0.016274 -0.002101 -0.032998 -0.003624 0.013924 -0.016212 -0.001883 0.004856 0.089074 -0.020409 0.001717 -0.000572 -0.054360 0.024223 0.036431 -0.345045 -0.016975 -0.008583 -0.001717
1757664961.750141 -0.050164 0.007439 0.002098 -0.002861 0.016274 -0.002101 -0.032998 -0.003624 0.013924 -0.016212 -0.001883 0.004856 0.089074 -0.020409 0.001717 -0.000572 -0.054360 0.024223 0.036431 -0.345045 -0.016975 -0.008583 -0.001717
1757664961.752165 -0.050164 0.007439 0.002098 -0.002861 0.016274 -0.002101 -0.032998 -0.003624 0.013924 -0.016212 -0.001883 0.004856 0.089074 -0.020409 0.001717 -0.000572 -0.054360 0.024223 0.036431 -0.345045 -0.016975 -0.008583 -0.001717
1757664961.754139 -0.050164 0.007439 0.002098 -0.002861 0.016274 -0.002101 -0.032998 -0.003624 0.013924 -0.016212 -0.001883 0.004856 0.089074 -0.020409 0.001717 -0.000572 -0.054360 0.024223 0.036431 -0.345045 -0.016975 -0.008583 -0.001717
1757664961.756144 -0.050164 0.007439 0.002098 -0.002861 0.016274 -0.002101 -0.032998 -0.003624 0.013924 -0.016212 -0.001883 0.004856 0.089074 -0.020409 0.001717 -0.000572 -0.054360 0.024223 0.036431 -0.345045 -0.016975 -0.008583 -0.001717
1757664961.758137 -0.050164 0.007439 0.002098 -0.002861 0.016274 -0.002101 -0.032998 -0.003624 0.013924 -0.016212 -0.001883 0.004856 0.089074 -0.020409 0.001717 -0.000572 -0.054360 0.024223 0.036431 -0.345045 -0.016975 -0.008583 -0.001717
1757664961.760134 -0.050164 0.007439 0.002098 -0.002861 0.016274 -0.002101 -0.032998 -0.003624 0.013924 -0.016212 -0.001883 0.004856 0.089074 -0.020409 0.001717 -0.000572 -0.054360 0.024223 0.036431 -0.345045 -0.016975 -0.008583 -0.001717
1757664961.762139 -0.050164 0.007439 0.002098 -0.002861 0.016274 -0.002101 -0.032998 -0.003624 0.013924 -0.016212 -0.001883 0.004856 0.089074 -0.020409 0.001717 -0.000572 -0.054360 0.024223 0.036431 -0.345045 -0.016975 -0.008583 -0.001717
1757664961.764151 -0.050164 0.007439 0.002098 -0.002861 0.016274 -0.002101 -0.032998 -0.003624 0.013924 -0.016212 -0.001883 0.004856 0.089074 -0.020409 0.001717 -0.000572 -0.054360 0.024223 0.036431 -0.345045 -0.016975 -0.008583 -0.001717
1757664961.766136 -0.050164 0.007439 0.002098 -0.002861 0.016274 -0.002101 -0.032998 -0.003624 0.013924 -0.016212 -0.001883 0.004856 0.089074 -0.020409 0.001717 -0.000572 -0.054360 0.024223 0.036431 -0.345045 -0.016975 -0.008583 -0.001717
1757664961.768134 -0.050164 0.007439 0.002098 -0.002861 0.016274 -0.002101 -0.032998 -0.003624 0.013924 -0.016212 -0.001883 0.004856 0.089074 -0.020409 0.001717 -0.000572 -0.054360 0.024223 0.036431 -0.345045 -0.016975 -0.008583 -0.001717
1757664961.770145 -0.050164 0.007439 0.002098 -0.002861 0.016274 -0.002101 -0.032998 -0.003624 0.013924 -0.016212 -0.001883 0.004856 0.089074 -0.020409 0.001717 -0.000572 -0.054360 0.024223 0.036431 -0.345045 -0.016975 -0.008583 -0.001717
1757664961.772134 -0.050164 0.007439 0.002098 -0.002861 0.016274 -0.002101 -0.032998 -0.003624 0.013924 -0.016212 -0.001883 0.004856 0.089074 -0.020409 0.001717 -0.000572 -0.054360 0.024223 0.036431 -0.345045 -0.016975 -0.008583 -0.001717
1757664961.774135 -0.050164 0.007439 0.002098 -0.002861 0.016274 -0.002101 -0.032998 -0.003624 0.013924 -0.016212 -0.001883 0.004856 0.089074 -0.020409 0.001717 -0.000572 -0.054360 0.024223 0.036431 -0.345045 -0.016975 -0.008583 -0.001717
1757664961.776133 -0.050164 0.007439 0.002098 -0.002861 0.016274 -0.002101 -0.032998 -0.003624 0.013924 -0.016212 -0.001883 0.004856 0.089074 -0.020409 0.001717 -0.000572 -0.054360 0.024223 0.036431 -0.345045 -0.016975 -0.008583 -0.001717
1757664961.778145 -0.050164 0.007439 0.002098 -0.002861 0.016274 -0.002101 -0.032998 -0.003624 0.013924 -0.016212 -0.001883 0.004856 0.089074 -0.020409 0.001717 -0.000572 -0.054360 0.024223 0.036431 -0.345045 -0.016975 -0.008583 -0.001717
1757664961.780134 -0.050164 0.007439 0.002098 -0.002861 0.016274 -0.002101 -0.032998 -0.003624 0.013924 -0.016212 -0.001883 0.004856 0.089074 -0.020409 0.001717 -0.000572 -0.054360 0.024223 0.036431 -0.345045 -0.016975 -0.008583 -0.001717
1757664961.782133 -0.050164 0.007439 0.002098 -0.002861 0.016274 -0.002101 -0.032998 -0.003624 0.013924 -0.016212 -0.001883 0.004856 0.089074 -0.020409 0.001717 -0.000572 -0.054360 0.024223 0.036431 -0.345045 -0.016975 -0.008583 -0.001717
1757664961.784172 -0.050164 0.007439 0.002098 -0.002861 0.016274 -0.002101 -0.032998 -0.003624 0.013924 -0.016212 -0.001883 0.004856 0.089074 -0.020409 0.001717 -0.000572 -0.054360 0.024223 0.036431 -0.345045 -0.016975 -0.008583 -0.001717
1757664961.786139 -0.050164 0.007439 0.002098 -0.002861 0.016274 -0.002101 -0.032998 -0.003624 0.013924 -0.016212 -0.001883 0.004856 0.089074 -0.020409 0.001717 -0.000572 -0.054360 0.024223 0.036431 -0.345045 -0.016975 -0.008583 -0.001717
1757664961.788132 -0.050164 0.007439 0.002098 -0.002861 0.016274 -0.002101 -0.032998 -0.003624 0.013924 -0.016212 -0.001883 0.004856 0.089074 -0.020409 0.001717 -0.000572 -0.054360 0.024223 0.036431 -0.345045 -0.016975 -0.008583 -0.001717
1757664961.790198 -0.050164 0.007439 0.002098 -0.002861 0.016274 -0.002101 -0.032998 -0.003624 0.013924 -0.016212 -0.001883 0.004856 0.089074 -0.020409 0.001717 -0.000572 -0.054360 0.024223 0.036431 -0.345045 -0.016975 -0.008583 -0.001717
1757664961.792151 -0.050164 0.007439 0.002098 -0.002861 0.016274 -0.002101 -0.032998 -0.003624 0.013924 -0.016212 -0.001883 0.004856 0.089074 -0.020409 0.001717 -0.000572 -0.054360 0.024223 0.036431 -0.345045 -0.016975 -0.008583 -0.001717
1757664961.794149 -0.050164 0.007439 0.002098 -0.002861 0.016274 -0.002101 -0.032998 -0.003624 0.013924 -0.016212 -0.001883 0.004856 0.089074 -0.020409 0.001717 -0.000572 -0.054360 0.024223 0.036431 -0.345045 -0.016975 -0.008583 -0.001717
1757664961.796137 -0.050164 0.007439 0.002098 -0.002861 0.016274 -0.002101 -0.032998 -0.003624 0.013924 -0.016212 -0.001883 0.004856 0.089074 -0.020409 0.001717 -0.000572 -0.054360 0.024223 0.036431 -0.345045 -0.016975 -0.008583 -0.001717
1757664961.798164 -0.050164 0.007439 0.002098 -0.002861 0.016274 -0.002101 -0.032998 -0.003624 0.013924 -0.016212 -0.001883 0.004856 0.089074 -0.020409 0.001717 -0.000572 -0.054360 0.024223 0.036431 -0.345045 -0.016975 -0.008583 -0.001717
1757664961.800134 -0.050164 0.007439 0.002098 -0.002861 0.016274 -0.002101 -0.032998 -0.003624 0.013924 -0.016212 -0.001883 0.004856 0.089074 -0.020409 0.001717 -0.000572 -0.054360 0.024223 0.036431 -0.345045 -0.016975 -0.008583 -0.001717
1757664961.802136 -0.050164 0.007439 0.002098 -0.002861 0.016274 -0.002101 -0.032998 -0.003624 0.013924 -0.016212 -0.001883 0.004856 0.089074 -0.020409 0.001717 -0.000572 -0.054360 0.024223 0.036431 -0.345045 -0.016975 -0.008583 -0.001717
1757664961.804159 -0.050164 0.007439 0.002098 -0.002861 0.016274 -0.002101 -0.032998 -0.003624 0.013924 -0.016212 -0.001883 0.004856 0.089074 -0.020409 0.001717 -0.000572 -0.054360 0.024223 0.036431 -0.345045 -0.016975 -0.008583 -0.001717
1757664961.806132 -0.050164 0.007439 0.002098 -0.002861 0.016274 -0.002101 -0.032998 -0.003624 0.013924 -0.016212 -0.001883 0.004856 0.089074 -0.020409 0.001717 -0.000572 -0.054360 0.024223 0.036431 -0.345045 -0.016975 -0.008583 -0.001717
1757664961.808132 -0.050164 0.007439 0.002098 -0.002861 0.016274 -0.002101 -0.032998 -0.003624 0.013924 -0.016212 -0.001883 0.004856 0.089074 -0.020409 0.001717 -0.000572 -0.054360 0.024223 0.036431 -0.345045 -0.016975 -0.008583 -0.001717
1757664961.810133 -0.050164 0.007439 0.002098 -0.002861 0.016274 -0.002101 -0.032998 -0.003624 0.013924 -0.016212 -0.001883 0.004856 0.089074 -0.020409 0.001717 -0.000572 -0.054360 0.024223 0.036431 -0.345045 -0.016975 -0.008583 -0.001717
1757664961.812140 -0.050164 0.007439 0.002098 -0.002861 0.016274 -0.002101 -0.032998 -0.003624 0.013924 -0.016212 -0.001883 0.004856 0.089074 -0.020409 0.001717 -0.000572 -0.054360 0.024223 0.036431 -0.345045 -0.016975 -0.008583 -0.001717
1757664961.814238 -0.050164 0.007439 0.002098 -0.002861 0.016274 -0.002101 -0.032998 -0.003624 0.013924 -0.016212 -0.001883 0.004856 0.089074 -0.020409 0.001717 -0.000572 -0.054360 0.024223 0.036431 -0.345045 -0.016975 -0.008583 -0.001717
1757664961.816149 -0.050164 0.007439 0.002098 -0.002861 0.016274 -0.002101 -0.032998 -0.003624 0.013924 -0.016212 -0.001883 0.004856 0.089074 -0.020409 0.001717 -0.000572 -0.054360 0.024223 0.036431 -0.345045 -0.016975 -0.008583 -0.001717
1757664961.818143 -0.050164 0.007439 0.002098 -0.002861 0.016274 -0.002101 -0.032998 -0.003624 0.013924 -0.016212 -0.001883 0.004856 0.089074 -0.020409 0.001717 -0.000572 -0.054360 0.024223 0.036431 -0.345045 -0.016975 -0.008583 -0.001717
1757664961.820135 -0.050164 0.007439 0.002098 -0.002861 0.016274 -0.002101 -0.032998 -0.003624 0.013924 -0.016212 -0.001883 0.004856 0.089074 -0.020409 0.001717 -0.000572 -0.054360 0.024223 0.036431 -0.345045 -0.016975 -0.008583 -0.001717
1757664961.822135 -0.050164 0.007439 0.002098 -0.002861 0.016274 -0.002101 -0.032998 -0.003624 0.013924 -0.016212 -0.001883 0.004856 0.089074 -0.020409 0.001717 -0.000572 -0.054360 0.024223 0.036431 -0.345045 -0.016975 -0.008583 -0.001717
1757664961.824133 -0.050164 0.007439 0.002098 -0.002861 0.016274 -0.002101 -0.032998 -0.003624 0.013924 -0.016212 -0.001883 0.004856 0.089074 -0.020409 0.001717 -0.000572 -0.054360 0.024223 0.036431 -0.345045 -0.016975 -0.008583 -0.001717
1757664961.826149 -0.050164 0.007439 0.002098 -0.002861 0.016274 -0.002101 -0.032998 -0.003624 0.013924 -0.016212 -0.001883 0.004856 0.089074 -0.020409 0.001717 -0.000572 -0.054360 0.024223 0.036431 -0.345045 -0.016975 -0.008583 -0.001717
1757664961.828132 -0.050164 0.007439 0.002098 -0.002861 0.016274 -0.002101 -0.032998 -0.003624 0.013924 -0.016212 -0.001883 0.004856 0.089074 -0.020409 0.001717 -0.000572 -0.054360 0.024223 0.036431 -0.345045 -0.016975 -0.008583 -0.001717
1757664961.830133 -0.050164 0.007439 0.002098 -0.002861 0.016274 -0.002101 -0.032998 -0.003624 0.013924 -0.016212 -0.001883 0.004856 0.089074 -0.020409 0.001717 -0.000572 -0.054360 0.024223 0.036431 -0.345045 -0.016975 -0.008583 -0.001717
1757664961.832145 -0.050164 0.007439 0.002098 -0.002861 0.016274 -0.002101 -0.032998 -0.003624 0.013924 -0.016212 -0.001883 0.004856 0.089074 -0.020409 0.001717 -0.000572 -0.054360 0.024223 0.036431 -0.345045 -0.016975 -0.008583 -0.001717
1757664961.834133 -0.050164 0.007439 0.002098 -0.002861 0.016274 -0.002101 -0.032998 -0.003624 0.013924 -0.016212 -0.001883 0.004856 0.089074 -0.020409 0.001717 -0.000572 -0.054360 0.024223 0.036431 -0.345045 -0.016975 -0.008583 -0.001717
1757664961.836134 -0.050164 0.007439 0.002098 -0.002861 0.016274 -0.002101 -0.032998 -0.003624 0.013924 -0.016212 -0.001883 0.004856 0.089074 -0.020409 0.001717 -0.000572 -0.054360 0.024223 0.036431 -0.345045 -0.016975 -0.008583 -0.001717
1757664961.838135 -0.050164 0.007439 0.002098 -0.002861 0.016274 -0.002101 -0.032998 -0.003624 0.013924 -0.016212 -0.001883 0.004856 0.089074 -0.020409 0.001717 -0.000572 -0.054360 0.024223 0.036431 -0.345045 -0.016975 -0.008583 -0.001717
1757664961.840143 -0.050164 0.007439 0.002098 -0.002861 0.016274 -0.002101 -0.032998 -0.003624 0.013924 -0.016212 -0.001883 0.004856 0.089074 -0.020409 0.001717 -0.000572 -0.054360 0.024223 0.036431 -0.345045 -0.016975 -0.008583 -0.001717
1757664961.842130 -0.050164 0.007439 0.002098 -0.002861 0.016274 -0.002101 -0.032998 -0.003624 0.013924 -0.016212 -0.001883 0.004856 0.089074 -0.020409 0.001717 -0.000572 -0.054360 0.024223 0.036431 -0.345045 -0.016975 -0.008583 -0.001717
1757664961.844134 -0.050164 0.007439 0.002098 -0.002861 0.016274 -0.002101 -0.032998 -0.003624 0.013924 -0.016212 -0.001883 0.004856 0.089074 -0.020409 0.001717 -0.000572 -0.054360 0.024223 0.036431 -0.345045 -0.016975 -0.008583 -0.001717
1757664961.846255 -0.050164 0.007439 0.002098 -0.002861 0.016274 -0.002101 -0.032998 -0.003624 0.013924 -0.016212 -0.001883 0.004856 0.089074 -0.020409 0.001717 -0.000572 -0.054360 0.024223 0.036431 -0.345045 -0.016975 -0.008583 -0.001717
1757664961.848156 -0.050164 0.007439 0.002098 -0.002861 0.016274 -0.002101 -0.032998 -0.003624 0.013924 -0.016212 -0.001883 0.004856 0.089074 -0.020409 0.001717 -0.000572 -0.054360 0.024223 0.036431 -0.345045 -0.016975 -0.008583 -0.001717
1757664961.850140 -0.050164 0.007439 0.002098 -0.002861 0.016274 -0.002101 -0.032998 -0.003624 0.013924 -0.016212 -0.001883 0.004856 0.089074 -0.020409 0.001717 -0.000572 -0.054360 0.024223 0.036431 -0.345045 -0.016975 -0.008583 -0.001717
1757664961.852135 -0.050164 0.007439 0.002098 -0.002861 0.016274 -0.002101 -0.032998 -0.003624 0.013924 -0.016212 -0.001883 0.004856 0.089074 -0.020409 0.001717 -0.000572 -0.054360 0.024223 0.036431 -0.345045 -0.016975 -0.008583 -0.001717
1757664961.854186 -0.050164 0.007439 0.002098 -0.002861 0.016274 -0.002101 -0.032998 -0.003624 0.013924 -0.016212 -0.001883 0.004856 0.089074 -0.020409 0.001717 -0.000572 -0.054360 0.024223 0.036431 -0.345045 -0.016975 -0.008583 -0.001717
1757664961.856173 -0.050164 0.007439 0.002098 -0.002861 0.016274 -0.002101 -0.032998 -0.003624 0.013924 -0.016212 -0.001883 0.004856 0.089074 -0.020409 0.001717 -0.000572 -0.054360 0.024223 0.036431 -0.345045 -0.016975 -0.008583 -0.001717
1757664961.858133 -0.050164 0.007439 0.002098 -0.002861 0.016274 -0.002101 -0.032998 -0.003624 0.013924 -0.016212 -0.001883 0.004856 0.089074 -0.020409 0.001717 -0.000572 -0.054360 0.024223 0.036431 -0.345045 -0.016975 -0.008583 -0.001717
1757664961.860143 -0.050164 0.007439 0.002098 -0.002861 0.016274 -0.002101 -0.032998 -0.003624 0.013924 -0.016212 -0.001883 0.004856 0.089074 -0.020409 0.001717 -0.000572 -0.054360 0.024223 0.036431 -0.345045 -0.016975 -0.008583 -0.001717
1757664961.862130 -0.050164 0.007439 0.002098 -0.002861 0.016274 -0.002101 -0.032998 -0.003624 0.013924 -0.016212 -0.001883 0.004856 0.089074 -0.020409 0.001717 -0.000572 -0.054360 0.024223 0.036431 -0.345045 -0.016975 -0.008583 -0.001717
1757664961.864130 -0.050164 0.007439 0.002098 -0.002861 0.016274 -0.002101 -0.032998 -0.003624 0.013924 -0.016212 -0.001883 0.004856 0.089074 -0.020409 0.001717 -0.000572 -0.054360 0.024223 0.036431 -0.345045 -0.016975 -0.008583 -0.001717
1757664961.866127 -0.050164 0.007439 0.002098 -0.002861 0.016274 -0.002101 -0.032998 -0.003624 0.013924 -0.016212 -0.001883 0.004856 0.089074 -0.020409 0.001717 -0.000572 -0.054360 0.024223 0.036431 -0.345045 -0.016975 -0.008583 -0.001717
1757664961.868140 -0.050164 0.007439 0.002098 -0.002861 0.016274 -0.002101 -0.032998 -0.003624 0.013924 -0.016212 -0.001883 0.004856 0.089074 -0.020409 0.001717 -0.000572 -0.054360 0.024223 0.036431 -0.345045 -0.016975 -0.008583 -0.001717
1757664961.870134 -0.050164 0.007439 0.002098 -0.002861 0.016274 -0.002101 -0.032998 -0.003624 0.013924 -0.016212 -0.001883 0.004856 0.089074 -0.020409 0.001717 -0.000572 -0.054360 0.024223 0.036431 -0.345045 -0.016975 -0.008583 -0.001717
1757664961.872131 -0.050164 0.007439 0.002098 -0.002861 0.016274 -0.002101 -0.032998 -0.003624 0.013924 -0.016212 -0.001883 0.004856 0.089074 -0.020409 0.001717 -0.000572 -0.054360 0.024223 0.036431 -0.345045 -0.016975 -0.008583 -0.001717
1757664961.874151 -0.050164 0.007439 0.002098 -0.002861 0.016274 -0.002101 -0.032998 -0.003624 0.013924 -0.016212 -0.001883 0.004856 0.089074 -0.020409 0.001717 -0.000572 -0.054360 0.024223 0.036431 -0.345045 -0.016975 -0.008583 -0.001717
1757664961.876136 -0.050164 0.007439 0.002098 -0.002861 0.016274 -0.002101 -0.032998 -0.003624 0.013924 -0.016212 -0.001883 0.004856 0.089074 -0.020409 0.001717 -0.000572 -0.054360 0.024223 0.036431 -0.345045 -0.016975 -0.008583 -0.001717
1757664961.878200 -0.050164 0.007439 0.002098 -0.002861 0.016274 -0.002101 -0.032998 -0.003624 0.013924 -0.016212 -0.001883 0.004856 0.089074 -0.020409 0.001717 -0.000572 -0.054360 0.024223 0.036431 -0.345045 -0.016975 -0.008583 -0.001717
1757664961.880195 -0.050164 0.007439 0.002098 -0.002861 0.016274 -0.002101 -0.032998 -0.003624 0.013924 -0.016212 -0.001883 0.004856 0.089074 -0.020409 0.001717 -0.000572 -0.054360 0.024223 0.036431 -0.345045 -0.016975 -0.008583 -0.001717
1757664961.882162 -0.050164 0.007439 0.002098 -0.002861 0.016274 -0.002101 -0.032998 -0.003624 0.013924 -0.016212 -0.001883 0.004856 0.089074 -0.020409 0.001717 -0.000572 -0.054360 0.024223 0.036431 -0.345045 -0.016975 -0.008583 -0.001717
1757664961.884146 -0.050164 0.007439 0.002098 -0.002861 0.016274 -0.002101 -0.032998 -0.003624 0.013924 -0.016212 -0.001883 0.004856 0.089074 -0.020409 0.001717 -0.000572 -0.054360 0.024223 0.036431 -0.345045 -0.016975 -0.008583 -0.001717
1757664961.886137 -0.050164 0.007439 0.002098 -0.002861 0.016274 -0.002101 -0.032998 -0.003624 0.013924 -0.016212 -0.001883 0.004856 0.089074 -0.020409 0.001717 -0.000572 -0.054360 0.024223 0.036431 -0.345045 -0.016975 -0.008583 -0.001717
1757664961.888153 -0.050164 0.007439 0.002098 -0.002861 0.016274 -0.002101 -0.032998 -0.003624 0.013924 -0.016212 -0.001883 0.004856 0.089074 -0.020409 0.001717 -0.000572 -0.054360 0.024223 0.036431 -0.345045 -0.016975 -0.008583 -0.001717
1757664961.890131 -0.050164 0.007439 0.002098 -0.002861 0.016274 -0.002101 -0.032998 -0.003624 0.013924 -0.016212 -0.001883 0.004856 0.089074 -0.020409 0.001717 -0.000572 -0.054360 0.024223 0.036431 -0.345045 -0.016975 -0.008583 -0.001717
1757664961.892132 -0.050164 0.007439 0.002098 -0.002861 0.016274 -0.002101 -0.032998 -0.003624 0.013924 -0.016212 -0.001883 0.004856 0.089074 -0.020409 0.001717 -0.000572 -0.054360 0.024223 0.036431 -0.345045 -0.016975 -0.008583 -0.001717
1757664961.894141 -0.050164 0.007439 0.002098 -0.002861 0.016274 -0.002101 -0.032998 -0.003624 0.013924 -0.016212 -0.001883 0.004856 0.089074 -0.020409 0.001717 -0.000572 -0.054360 0.024223 0.036431 -0.345045 -0.016975 -0.008583 -0.001717
1757664961.896131 -0.050164 0.007439 0.002098 -0.002861 0.016274 -0.002101 -0.032998 -0.003624 0.013924 -0.016212 -0.001883 0.004856 0.089074 -0.020409 0.001717 -0.000572 -0.054360 0.024223 0.036431 -0.345045 -0.016975 -0.008583 -0.001717
1757664961.898132 -0.050164 0.007439 0.002098 -0.002861 0.016274 -0.002101 -0.032998 -0.003624 0.013924 -0.016212 -0.001883 0.004856 0.089074 -0.020409 0.001717 -0.000572 -0.054360 0.024223 0.036431 -0.345045 -0.016975 -0.008583 -0.001717
1757664961.900132 -0.050164 0.007439 0.002098 -0.002861 0.016274 -0.002101 -0.032998 -0.003624 0.013924 -0.016212 -0.001883 0.004856 0.089074 -0.020409 0.001717 -0.000572 -0.054360 0.024223 0.036431 -0.345045 -0.016975 -0.008583 -0.001717
1757664961.902144 -0.050164 0.007439 0.002098 -0.002861 0.016274 -0.002101 -0.032998 -0.003624 0.013924 -0.016212 -0.001883 0.004856 0.089074 -0.020409 0.001717 -0.000572 -0.054360 0.024223 0.036431 -0.345045 -0.016975 -0.008583 -0.001717
1757664961.904130 -0.050164 0.007439 0.002098 -0.002861 0.016274 -0.002101 -0.032998 -0.003624 0.013924 -0.016212 -0.001883 0.004856 0.089074 -0.020409 0.001717 -0.000572 -0.054360 0.024223 0.036431 -0.345045 -0.016975 -0.008583 -0.001717
1757664961.906130 -0.050164 0.007439 0.002098 -0.002861 0.016274 -0.002101 -0.032998 -0.003624 0.013924 -0.016212 -0.001883 0.004856 0.089074 -0.020409 0.001717 -0.000572 -0.054360 0.024223 0.036431 -0.345045 -0.016975 -0.008583 -0.001717
1757664961.908138 -0.050164 0.007439 0.002098 -0.002861 0.016274 -0.002101 -0.032998 -0.003624 0.013924 -0.016212 -0.001883 0.004856 0.089074 -0.020409 0.001717 -0.000572 -0.054360 0.024223 0.036431 -0.345045 -0.016975 -0.008583 -0.001717
1757664961.910172 -0.050164 0.007439 0.002098 -0.002861 0.016274 -0.002101 -0.032998 -0.003624 0.013924 -0.016212 -0.001883 0.004856 0.089074 -0.020409 0.001717 -0.000572 -0.054360 0.024223 0.036431 -0.345045 -0.016975 -0.008583 -0.001717
1757664961.912136 -0.050164 0.007439 0.002098 -0.002861 0.016274 -0.002101 -0.032998 -0.003624 0.013924 -0.016212 -0.001883 0.004856 0.089074 -0.020409 0.001717 -0.000572 -0.054360 0.024223 0.036431 -0.345045 -0.016975 -0.008583 -0.001717
1757664961.914129 -0.050164 0.007439 0.002098 -0.002861 0.016274 -0.002101 -0.032998 -0.003624 0.013924 -0.016212 -0.001883 0.004856 0.089074 -0.020409 0.001717 -0.000572 -0.054360 0.024223 0.036431 -0.345045 -0.016975 -0.008583 -0.001717
1757664961.916144 -0.050164 0.007439 0.002098 -0.002861 0.016274 -0.002101 -0.032998 -0.003624 0.013924 -0.016212 -0.001883 0.004856 0.089074 -0.020409 0.001717 -0.000572 -0.054360 0.024223 0.036431 -0.345045 -0.016975 -0.008583 -0.001717
1757664961.918131 -0.050164 0.007439 0.002098 -0.002861 0.016274 -0.002101 -0.032998 -0.003624 0.013924 -0.016212 -0.001883 0.004856 0.089074 -0.020409 0.001717 -0.000572 -0.054360 0.024223 0.036431 -0.345045 -0.016975 -0.008583 -0.001717
1757664961.920130 -0.050164 0.007439 0.002098 -0.002861 0.016274 -0.002101 -0.032998 -0.003624 0.013924 -0.016212 -0.001883 0.004856 0.089074 -0.020409 0.001717 -0.000572 -0.054360 0.024223 0.036431 -0.345045 -0.016975 -0.008583 -0.001717
1757664961.922148 -0.050164 0.007439 0.002098 -0.002861 0.016274 -0.002101 -0.032998 -0.003624 0.013924 -0.016212 -0.001883 0.004856 0.089074 -0.020409 0.001717 -0.000572 -0.054360 0.024223 0.036431 -0.345045 -0.016975 -0.008583 -0.001717
1757664961.924142 -0.050164 0.007439 0.002098 -0.002861 0.016274 -0.002101 -0.032998 -0.003624 0.013924 -0.016212 -0.001883 0.004856 0.089074 -0.020409 0.001717 -0.000572 -0.054360 0.024223 0.036431 -0.345045 -0.016975 -0.008583 -0.001717
1757664961.926132 -0.050164 0.007439 0.002098 -0.002861 0.016274 -0.002101 -0.032998 -0.003624 0.013924 -0.016212 -0.001883 0.004856 0.089074 -0.020409 0.001717 -0.000572 -0.054360 0.024223 0.036431 -0.345045 -0.016975 -0.008583 -0.001717
1757664961.928128 -0.050164 0.007439 0.002098 -0.002861 0.016274 -0.002101 -0.032998 -0.003624 0.013924 -0.016212 -0.001883 0.004856 0.089074 -0.020409 0.001717 -0.000572 -0.054360 0.024223 0.036431 -0.345045 -0.016975 -0.008583 -0.001717
1757664961.930147 -0.050164 0.007439 0.002098 -0.002861 0.016274 -0.002101 -0.032998 -0.003624 0.013924 -0.016212 -0.001883 0.004856 0.089074 -0.020409 0.001717 -0.000572 -0.054360 0.024223 0.036431 -0.345045 -0.016975 -0.008583 -0.001717
1757664961.932127 -0.050164 0.007439 0.002098 -0.002861 0.016274 -0.002101 -0.032998 -0.003624 0.013924 -0.016212 -0.001883 0.004856 0.089074 -0.020409 0.001717 -0.000572 -0.054360 0.024223 0.036431 -0.345045 -0.016975 -0.008583 -0.001717
1757664961.934132 -0.050164 0.007439 0.002098 -0.002861 0.016274 -0.002101 -0.032998 -0.003624 0.013924 -0.016212 -0.001883 0.004856 0.089074 -0.020409 0.001717 -0.000572 -0.054360 0.024223 0.036431 -0.345045 -0.016975 -0.008583 -0.001717
1757664961.936169 -0.050164 0.007439 0.002098 -0.002861 0.016274 -0.002101 -0.032998 -0.003624 0.013924 -0.016212 -0.001883 0.004856 0.089074 -0.020409 0.001717 -0.000572 -0.054360 0.024223 0.036431 -0.345045 -0.016975 -0.008583 -0.001717
1757664961.938131 -0.050164 0.007439 0.002098 -0.002861 0.016274 -0.002101 -0.032998 -0.003624 0.013924 -0.016212 -0.001883 0.004856 0.089074 -0.020409 0.001717 -0.000572 -0.054360 0.024223 0.036431 -0.345045 -0.016975 -0.008583 -0.001717
1757664961.940261 -0.050164 0.007439 0.002098 -0.002861 0.016274 -0.002101 -0.032998 -0.003624 0.013924 -0.016212 -0.001883 0.004856 0.089074 -0.020409 0.001717 -0.000572 -0.054360 0.024223 0.036431 -0.345045 -0.016975 -0.008583 -0.001717
1757664961.942161 -0.050164 0.007439 0.002098 -0.002861 0.016274 -0.002101 -0.032998 -0.003624 0.013924 -0.016212 -0.001883 0.004856 0.089074 -0.020409 0.001717 -0.000572 -0.054360 0.024223 0.036431 -0.345045 -0.016975 -0.008583 -0.001717
1757664961.944144 -0.050164 0.007439 0.002098 -0.002861 0.016274 -0.002101 -0.032998 -0.003624 0.013924 -0.016212 -0.001883 0.004856 0.089074 -0.020409 0.001717 -0.000572 -0.054360 0.024223 0.036431 -0.345045 -0.016975 -0.008583 -0.001717
1757664961.946127 -0.050164 0.007439 0.002098 -0.002861 0.016274 -0.002101 -0.032998 -0.003624 0.013924 -0.016212 -0.001883 0.004856 0.089074 -0.020409 0.001717 -0.000572 -0.054360 0.024223 0.036431 -0.345045 -0.016975 -0.008583 -0.001717
1757664961.948129 -0.050164 0.007439 0.002098 -0.002861 0.016274 -0.002101 -0.032998 -0.003624 0.013924 -0.016212 -0.001883 0.004856 0.089074 -0.020409 0.001717 -0.000572 -0.054360 0.024223 0.036431 -0.345045 -0.016975 -0.008583 -0.001717
1757664961.950153 -0.050164 0.007439 0.002098 -0.002861 0.016274 -0.002101 -0.032998 -0.003624 0.013924 -0.016212 -0.001883 0.004856 0.089074 -0.020409 0.001717 -0.000572 -0.054360 0.024223 0.036431 -0.345045 -0.016975 -0.008583 -0.001717
1757664961.952141 -0.050164 0.007439 0.002098 -0.002861 0.016274 -0.002101 -0.032998 -0.003624 0.013924 -0.016212 -0.001883 0.004856 0.089074 -0.020409 0.001717 -0.000572 -0.054360 0.024223 0.036431 -0.345045 -0.016975 -0.008583 -0.001717
1757664961.954144 -0.050164 0.007439 0.002098 -0.002861 0.016274 -0.002101 -0.032998 -0.003624 0.013924 -0.016212 -0.001883 0.004856 0.089074 -0.020409 0.001717 -0.000572 -0.054360 0.024223 0.036431 -0.345045 -0.016975 -0.008583 -0.001717
1757664961.956132 -0.050164 0.007439 0.002098 -0.002861 0.016274 -0.002101 -0.032998 -0.003624 0.013924 -0.016212 -0.001883 0.004856 0.089074 -0.020409 0.001717 -0.000572 -0.054360 0.024223 0.036431 -0.345045 -0.016975 -0.008583 -0.001717
1757664961.958140 -0.050164 0.007439 0.002098 -0.002861 0.016274 -0.002101 -0.032998 -0.003624 0.013924 -0.016212 -0.001883 0.004856 0.089074 -0.020409 0.001717 -0.000572 -0.054360 0.024223 0.036431 -0.345045 -0.016975 -0.008583 -0.001717
1757664961.960129 -0.050164 0.007439 0.002098 -0.002861 0.016274 -0.002101 -0.032998 -0.003624 0.013924 -0.016212 -0.001883 0.004856 0.089074 -0.020409 0.001717 -0.000572 -0.054360 0.024223 0.036431 -0.345045 -0.016975 -0.008583 -0.001717
1757664961.962128 -0.050164 0.007439 0.002098 -0.002861 0.016274 -0.002101 -0.032998 -0.003624 0.013924 -0.016212 -0.001883 0.004856 0.089074 -0.020409 0.001717 -0.000572 -0.054360 0.024223 0.036431 -0.345045 -0.016975 -0.008583 -0.001717
1757664961.964150 -0.050164 0.007439 0.002098 -0.002861 0.016274 -0.002101 -0.032998 -0.003624 0.013924 -0.016212 -0.001883 0.004856 0.089074 -0.020409 0.001717 -0.000572 -0.054360 0.024223 0.036431 -0.345045 -0.016975 -0.008583 -0.001717
1757664961.966134 -0.050164 0.007439 0.002098 -0.002861 0.016274 -0.002101 -0.032998 -0.003624 0.013924 -0.016212 -0.001883 0.004856 0.089074 -0.020409 0.001717 -0.000572 -0.054360 0.024223 0.036431 -0.345045 -0.016975 -0.008583 -0.001717
1757664961.968130 -0.050164 0.007439 0.002098 -0.002861 0.016274 -0.002101 -0.032998 -0.003624 0.013924 -0.016212 -0.001883 0.004856 0.089074 -0.020409 0.001717 -0.000572 -0.054360 0.024223 0.036431 -0.345045 -0.016975 -0.008583 -0.001717
1757664961.970128 -0.050164 0.007439 0.002098 -0.002861 0.016274 -0.002101 -0.032998 -0.003624 0.013924 -0.016212 -0.001883 0.004856 0.089074 -0.020409 0.001717 -0.000572 -0.054360 0.024223 0.036431 -0.345045 -0.016975 -0.008583 -0.001717
1757664961.972174 -0.050164 0.007439 0.002098 -0.002861 0.016274 -0.002101 -0.032998 -0.003624 0.013924 -0.016212 -0.001883 0.004856 0.089074 -0.020409 0.001717 -0.000572 -0.054360 0.024223 0.036431 -0.345045 -0.016975 -0.008583 -0.001717
1757664961.974141 -0.050164 0.007439 0.002098 -0.002861 0.016274 -0.002101 -0.032998 -0.003624 0.013924 -0.016212 -0.001883 0.004856 0.089074 -0.020409 0.001717 -0.000572 -0.054360 0.024223 0.036431 -0.345045 -0.016975 -0.008583 -0.001717
1757664961.976130 -0.050164 0.007439 0.002098 -0.002861 0.016274 -0.002101 -0.032998 -0.003624 0.013924 -0.016212 -0.001883 0.004856 0.089074 -0.020409 0.001717 -0.000572 -0.054360 0.024223 0.036431 -0.345045 -0.016975 -0.008583 -0.001717
1757664961.978161 -0.050164 0.007439 0.002098 -0.002861 0.016274 -0.002101 -0.032998 -0.003624 0.013924 -0.016212 -0.001883 0.004856 0.089074 -0.020409 0.001717 -0.000572 -0.054360 0.024223 0.036431 -0.345045 -0.016975 -0.008583 -0.001717
1757664961.980130 -0.050164 0.007439 0.002098 -0.002861 0.016274 -0.002101 -0.032998 -0.003624 0.013924 -0.016212 -0.001883 0.004856 0.089074 -0.020409 0.001717 -0.000572 -0.054360 0.024223 0.036431 -0.345045 -0.016975 -0.008583 -0.001717
1757664961.982146 -0.050164 0.007439 0.002098 -0.002861 0.016274 -0.002101 -0.032998 -0.003624 0.013924 -0.016212 -0.001883 0.004856 0.089074 -0.020409 0.001717 -0.000572 -0.054360 0.024223 0.036431 -0.345045 -0.016975 -0.008583 -0.001717
1757664961.984131 -0.050164 0.007439 0.002098 -0.002861 0.016274 -0.002101 -0.032998 -0.003624 0.013924 -0.016212 -0.001883 0.004856 0.089074 -0.020409 0.001717 -0.000572 -0.054360 0.024223 0.036431 -0.345045 -0.016975 -0.008583 -0.001717
1757664961.986142 -0.050164 0.007439 0.002098 -0.002861 0.016274 -0.002101 -0.032998 -0.003624 0.013924 -0.016212 -0.001883 0.004856 0.089074 -0.020409 0.001717 -0.000572 -0.054360 0.024223 0.036431 -0.345045 -0.016975 -0.008583 -0.001717
1757664961.988133 -0.050164 0.007439 0.002098 -0.002861 0.016274 -0.002101 -0.032998 -0.003624 0.013924 -0.016212 -0.001883 0.004856 0.089074 -0.020409 0.001717 -0.000572 -0.054360 0.024223 0.036431 -0.345045 -0.016975 -0.008583 -0.001717
1757664961.990126 -0.050164 0.007439 0.002098 -0.002861 0.016274 -0.002101 -0.032998 -0.003624 0.013924 -0.016212 -0.001883 0.004856 0.089074 -0.020409 0.001717 -0.000572 -0.054360 0.024223 0.036431 -0.345045 -0.016975 -0.008583 -0.001717
1757664961.992149 -0.050164 0.007439 0.002098 -0.002861 0.016274 -0.002101 -0.032998 -0.003624 0.013924 -0.016212 -0.001883 0.004856 0.089074 -0.020409 0.001717 -0.000572 -0.054360 0.024223 0.036431 -0.345045 -0.016975 -0.008583 -0.001717
1757664961.994130 -0.050164 0.007439 0.002098 -0.002861 0.016274 -0.002101 -0.032998 -0.003624 0.013924 -0.016212 -0.001883 0.004856 0.089074 -0.020409 0.001717 -0.000572 -0.054360 0.024223 0.036431 -0.345045 -0.016975 -0.008583 -0.001717
1757664961.996148 -0.050164 0.007439 0.002098 -0.002861 0.016274 -0.002101 -0.032998 -0.003624 0.013924 -0.016212 -0.001883 0.004856 0.089074 -0.020409 0.001717 -0.000572 -0.054360 0.024223 0.036431 -0.345045 -0.016975 -0.008583 -0.001717
1757664961.998132 -0.050164 0.007439 0.002098 -0.002861 0.016274 -0.002101 -0.032998 -0.003624 0.013924 -0.016212 -0.001883 0.004856 0.089074 -0.020409 0.001717 -0.000572 -0.054360 0.024223 0.036431 -0.345045 -0.016975 -0.008583 -0.001717
1757664962.000139 -0.050164 0.007439 0.002098 -0.002861 0.016274 -0.002101 -0.032998 -0.003624 0.013924 -0.016212 -0.001883 0.004856 0.089074 -0.020409 0.001717 -0.000572 -0.054360 0.024223 0.036431 -0.345045 -0.016975 -0.008583 -0.001717
1757664962.002257 -0.050164 0.007439 0.002098 -0.002861 0.016274 -0.002101 -0.032998 -0.003624 0.013924 -0.016212 -0.001883 0.004856 0.089074 -0.020409 0.001717 -0.000572 -0.054360 0.024223 0.036431 -0.345045 -0.016975 -0.008583 -0.001717
1757664962.004151 -0.050164 0.007439 0.002098 -0.002861 0.016274 -0.002101 -0.032998 -0.003624 0.013924 -0.016212 -0.001883 0.004856 0.089074 -0.020409 0.001717 -0.000572 -0.054360 0.024223 0.036431 -0.345045 -0.016975 -0.008583 -0.001717
1757664962.006139 -0.050164 0.007439 0.002098 -0.002861 0.016274 -0.002101 -0.032998 -0.003624 0.013924 -0.016212 -0.001883 0.004856 0.089074 -0.020409 0.001717 -0.000572 -0.054360 0.024223 0.036431 -0.345045 -0.016975 -0.008583 -0.001717
1757664962.008179 -0.050164 0.007439 0.002098 -0.002861 0.016274 -0.002101 -0.032998 -0.003624 0.013924 -0.016212 -0.001883 0.004856 0.089074 -0.020409 0.001717 -0.000572 -0.054360 0.024223 0.036431 -0.345045 -0.016975 -0.008583 -0.001717
1757664962.010157 -0.050164 0.007439 0.002098 -0.002861 0.016274 -0.002101 -0.032998 -0.003624 0.013924 -0.016212 -0.001883 0.004856 0.089074 -0.020409 0.001717 -0.000572 -0.054360 0.024223 0.036431 -0.345045 -0.016975 -0.008583 -0.001717
1757664962.012137 -0.050164 0.007439 0.002098 -0.002861 0.016274 -0.002101 -0.032998 -0.003624 0.013924 -0.016212 -0.001883 0.004856 0.089074 -0.020409 0.001717 -0.000572 -0.054360 0.024223 0.036431 -0.345045 -0.016975 -0.008583 -0.001717
1757664962.014130 -0.050164 0.007439 0.002098 -0.002861 0.016274 -0.002101 -0.032998 -0.003624 0.013924 -0.016212 -0.001883 0.004856 0.089074 -0.020409 0.001717 -0.000572 -0.054360 0.024223 0.036431 -0.345045 -0.016975 -0.008583 -0.001717
1757664962.016148 -0.050164 0.007439 0.002098 -0.002861 0.016274 -0.002101 -0.032998 -0.003624 0.013924 -0.016212 -0.001883 0.004856 0.089074 -0.020409 0.001717 -0.000572 -0.054360 0.024223 0.036431 -0.345045 -0.016975 -0.008583 -0.001717
1757664962.018131 -0.050164 0.007439 0.002098 -0.002861 0.016274 -0.002101 -0.032998 -0.003624 0.013924 -0.016212 -0.001883 0.004856 0.089074 -0.020409 0.001717 -0.000572 -0.054360 0.024223 0.036431 -0.345045 -0.016975 -0.008583 -0.001717
1757664962.020135 -0.050164 0.007439 0.002098 -0.002861 0.016274 -0.002101 -0.032998 -0.003624 0.013924 -0.016212 -0.001883 0.004856 0.089074 -0.020409 0.001717 -0.000572 -0.054360 0.024223 0.036431 -0.345045 -0.016975 -0.008583 -0.001717
1757664962.022140 -0.050164 0.007439 0.002098 -0.002861 0.016274 -0.002101 -0.032998 -0.003624 0.013924 -0.016212 -0.001883 0.004856 0.089074 -0.020409 0.001717 -0.000572 -0.054360 0.024223 0.036431 -0.345045 -0.016975 -0.008583 -0.001717
1757664962.024131 -0.050164 0.007439 0.002098 -0.002861 0.016274 -0.002101 -0.032998 -0.003624 0.013924 -0.016212 -0.001883 0.004856 0.089074 -0.020409 0.001717 -0.000572 -0.054360 0.024223 0.036431 -0.345045 -0.016975 -0.008583 -0.001717
1757664962.026132 -0.050164 0.007439 0.002098 -0.002861 0.016274 -0.002101 -0.032998 -0.003624 0.013924 -0.016212 -0.001883 0.004856 0.089074 -0.020409 0.001717 -0.000572 -0.054360 0.024223 0.036431 -0.345045 -0.016975 -0.008583 -0.001717
1757664962.028137 -0.050164 0.007439 0.002098 -0.002861 0.016274 -0.002101 -0.032998 -0.003624 0.013924 -0.016212 -0.001883 0.004856 0.089074 -0.020409 0.001717 -0.000572 -0.054360 0.024223 0.036431 -0.345045 -0.016975 -0.008583 -0.001717
1757664962.030128 -0.050164 0.007439 0.002098 -0.002861 0.016274 -0.002101 -0.032998 -0.003624 0.013924 -0.016212 -0.001883 0.004856 0.089074 -0.020409 0.001717 -0.000572 -0.054360 0.024223 0.036431 -0.345045 -0.016975 -0.008583 -0.001717
1757664962.032132 -0.050164 0.007439 0.002098 -0.002861 0.016274 -0.002101 -0.032998 -0.003624 0.013924 -0.016212 -0.001883 0.004856 0.089074 -0.020409 0.001717 -0.000572 -0.054360 0.024223 0.036431 -0.345045 -0.016975 -0.008583 -0.001717
1757664962.034188 -0.050164 0.007439 0.002098 -0.002861 0.016274 -0.002101 -0.032998 -0.003624 0.013924 -0.016212 -0.001883 0.004856 0.089074 -0.020409 0.001717 -0.000572 -0.054360 0.024223 0.036431 -0.345045 -0.016975 -0.008583 -0.001717
1757664962.036151 -0.050164 0.007439 0.002098 -0.002861 0.016274 -0.002101 -0.032998 -0.003624 0.013924 -0.016212 -0.001883 0.004856 0.089074 -0.020409 0.001717 -0.000572 -0.054360 0.024223 0.036431 -0.345045 -0.016975 -0.008583 -0.001717
1757664962.038155 -0.050164 0.007439 0.002098 -0.002861 0.016274 -0.002101 -0.032998 -0.003624 0.013924 -0.016212 -0.001883 0.004856 0.089074 -0.020409 0.001717 -0.000572 -0.054360 0.024223 0.036431 -0.345045 -0.016975 -0.008583 -0.001717
1757664962.040184 -0.050164 0.007439 0.002098 -0.002861 0.016274 -0.002101 -0.032998 -0.003624 0.013924 -0.016212 -0.001883 0.004856 0.089074 -0.020409 0.001717 -0.000572 -0.054360 0.024223 0.036431 -0.345045 -0.016975 -0.008583 -0.001717
1757664962.042151 -0.050164 0.007439 0.002098 -0.002861 0.016274 -0.002101 -0.032998 -0.003624 0.013924 -0.016212 -0.001883 0.004856 0.089074 -0.020409 0.001717 -0.000572 -0.054360 0.024223 0.036431 -0.345045 -0.016975 -0.008583 -0.001717
1757664962.044150 -0.050164 0.007439 0.002098 -0.002861 0.016274 -0.002101 -0.032998 -0.003624 0.013924 -0.016212 -0.001883 0.004856 0.089074 -0.020409 0.001717 -0.000572 -0.054360 0.024223 0.036431 -0.345045 -0.016975 -0.008583 -0.001717
1757664962.046149 -0.050164 0.007439 0.002098 -0.002861 0.016274 -0.002101 -0.032998 -0.003624 0.013924 -0.016212 -0.001883 0.004856 0.089074 -0.020409 0.001717 -0.000572 -0.054360 0.024223 0.036431 -0.345045 -0.016975 -0.008583 -0.001717
1757664962.048153 -0.050164 0.007439 0.002098 -0.002861 0.016274 -0.002101 -0.032998 -0.003624 0.013924 -0.016212 -0.001883 0.004856 0.089074 -0.020409 0.001717 -0.000572 -0.054360 0.024223 0.036431 -0.345045 -0.016975 -0.008583 -0.001717
1757664962.050149 -0.050164 0.007439 0.002098 -0.002861 0.016274 -0.002101 -0.032998 -0.003624 0.013924 -0.016212 -0.001883 0.004856 0.089074 -0.020409 0.001717 -0.000572 -0.054360 0.024223 0.036431 -0.345045 -0.016975 -0.008583 -0.001717
1757664962.052147 -0.050164 0.007439 0.002098 -0.002861 0.016274 -0.002101 -0.032998 -0.003624 0.013924 -0.016212 -0.001883 0.004856 0.089074 -0.020409 0.001717 -0.000572 -0.054360 0.024223 0.036431 -0.345045 -0.016975 -0.008583 -0.001717
1757664962.054149 -0.050164 0.007439 0.002098 -0.002861 0.016274 -0.002101 -0.032998 -0.003624 0.013924 -0.016212 -0.001883 0.004856 0.089074 -0.020409 0.001717 -0.000572 -0.054360 0.024223 0.036431 -0.345045 -0.016975 -0.008583 -0.001717
1757664962.056150 -0.050164 0.007439 0.002098 -0.002861 0.016274 -0.002101 -0.032998 -0.003624 0.013924 -0.016212 -0.001883 0.004856 0.089074 -0.020409 0.001717 -0.000572 -0.054360 0.024223 0.036431 -0.345045 -0.016975 -0.008583 -0.001717
1757664962.058150 -0.050164 0.007439 0.002098 -0.002861 0.016274 -0.002101 -0.032998 -0.003624 0.013924 -0.016212 -0.001883 0.004856 0.089074 -0.020409 0.001717 -0.000572 -0.054360 0.024223 0.036431 -0.345045 -0.016975 -0.008583 -0.001717
1757664962.060148 -0.050164 0.007439 0.002098 -0.002861 0.016274 -0.002101 -0.032998 -0.003624 0.013924 -0.016212 -0.001883 0.004856 0.089074 -0.020409 0.001717 -0.000572 -0.054360 0.024223 0.036431 -0.345045 -0.016975 -0.008583 -0.001717
1757664962.062146 -0.050164 0.007439 0.002098 -0.002861 0.016274 -0.002101 -0.032998 -0.003624 0.013924 -0.016212 -0.001883 0.004856 0.089074 -0.020409 0.001717 -0.000572 -0.054360 0.024223 0.036431 -0.345045 -0.016975 -0.008583 -0.001717
1757664962.064145 -0.050164 0.007439 0.002098 -0.002861 0.016274 -0.002101 -0.032998 -0.003624 0.013924 -0.016212 -0.001883 0.004856 0.089074 -0.020409 0.001717 -0.000572 -0.054360 0.024223 0.036431 -0.345045 -0.016975 -0.008583 -0.001717
1757664962.066166 -0.050164 0.007439 0.002098 -0.002861 0.016274 -0.002101 -0.032998 -0.003624 0.013924 -0.016212 -0.001883 0.004856 0.089074 -0.020409 0.001717 -0.000572 -0.054360 0.024223 0.036431 -0.345045 -0.016975 -0.008583 -0.001717
1757664962.068176 -0.050164 0.007439 0.002098 -0.002861 0.016274 -0.002101 -0.032998 -0.003624 0.013924 -0.016212 -0.001883 0.004856 0.089074 -0.020409 0.001717 -0.000572 -0.054360 0.024223 0.036431 -0.345045 -0.016975 -0.008583 -0.001717
1757664962.070148 -0.050164 0.007439 0.002098 -0.002861 0.016274 -0.002101 -0.032998 -0.003624 0.013924 -0.016212 -0.001883 0.004856 0.089074 -0.020409 0.001717 -0.000572 -0.054360 0.024223 0.036431 -0.345045 -0.016975 -0.008583 -0.001717
1757664962.072146 -0.050164 0.007439 0.002098 -0.002861 0.016274 -0.002101 -0.032998 -0.003624 0.013924 -0.016212 -0.001883 0.004856 0.089074 -0.020409 0.001717 -0.000572 -0.054360 0.024223 0.036431 -0.345045 -0.016975 -0.008583 -0.001717
1757664962.074183 -0.050164 0.007439 0.002098 -0.002861 0.016274 -0.002101 -0.032998 -0.003624 0.013924 -0.016212 -0.001883 0.004856 0.089074 -0.020409 0.001717 -0.000572 -0.054360 0.024223 0.036431 -0.345045 -0.016975 -0.008583 -0.001717
1757664962.076150 -0.050164 0.007439 0.002098 -0.002861 0.016274 -0.002101 -0.032998 -0.003624 0.013924 -0.016212 -0.001883 0.004856 0.089074 -0.020409 0.001717 -0.000572 -0.054360 0.024223 0.036431 -0.345045 -0.016975 -0.008583 -0.001717
1757664962.078150 -0.050164 0.007439 0.002098 -0.002861 0.016274 -0.002101 -0.032998 -0.003624 0.013924 -0.016212 -0.001883 0.004856 0.089074 -0.020409 0.001717 -0.000572 -0.054360 0.024223 0.036431 -0.345045 -0.016975 -0.008583 -0.001717
1757664962.080144 -0.050164 0.007439 0.002098 -0.002861 0.016274 -0.002101 -0.032998 -0.003624 0.013924 -0.016212 -0.001883 0.004856 0.089074 -0.020409 0.001717 -0.000572 -0.054360 0.024223 0.036431 -0.345045 -0.016975 -0.008583 -0.001717
1757664962.082150 -0.050164 0.007439 0.002098 -0.002861 0.016274 -0.002101 -0.032998 -0.003624 0.013924 -0.016212 -0.001883 0.004856 0.089074 -0.020409 0.001717 -0.000572 -0.054360 0.024223 0.036431 -0.345045 -0.016975 -0.008583 -0.001717
1757664962.084145 -0.050164 0.007439 0.002098 -0.002861 0.016274 -0.002101 -0.032998 -0.003624 0.013924 -0.016212 -0.001883 0.004856 0.089074 -0.020409 0.001717 -0.000572 -0.054360 0.024223 0.036431 -0.345045 -0.016975 -0.008583 -0.001717
1757664962.086145 -0.050164 0.007439 0.002098 -0.002861 0.016274 -0.002101 -0.032998 -0.003624 0.013924 -0.016212 -0.001883 0.004856 0.089074 -0.020409 0.001717 -0.000572 -0.054360 0.024223 0.036431 -0.345045 -0.016975 -0.008583 -0.001717
1757664962.088181 -0.050164 0.007439 0.002098 -0.002861 0.016274 -0.002101 -0.032998 -0.003624 0.013924 -0.016212 -0.001883 0.004856 0.089074 -0.020409 0.001717 -0.000572 -0.054360 0.024223 0.036431 -0.345045 -0.016975 -0.008583 -0.001717
1757664962.090149 -0.050164 0.007439 0.002098 -0.002861 0.016274 -0.002101 -0.032998 -0.003624 0.013924 -0.016212 -0.001883 0.004856 0.089074 -0.020409 0.001717 -0.000572 -0.054360 0.024223 0.036431 -0.345045 -0.016975 -0.008583 -0.001717
1757664962.092146 -0.050164 0.007439 0.002098 -0.002861 0.016274 -0.002101 -0.032998 -0.003624 0.013924 -0.016212 -0.001883 0.004856 0.089074 -0.020409 0.001717 -0.000572 -0.054360 0.024223 0.036431 -0.345045 -0.016975 -0.008583 -0.001717
1757664962.094145 -0.050164 0.007439 0.002098 -0.002861 0.016274 -0.002101 -0.032998 -0.003624 0.013924 -0.016212 -0.001883 0.004856 0.089074 -0.020409 0.001717 -0.000572 -0.054360 0.024223 0.036431 -0.345045 -0.016975 -0.008583 -0.001717
1757664962.096179 -0.050164 0.007439 0.002098 -0.002861 0.016274 -0.002101 -0.032998 -0.003624 0.013924 -0.016212 -0.001883 0.004856 0.089074 -0.020409 0.001717 -0.000572 -0.054360 0.024223 0.036431 -0.345045 -0.016975 -0.008583 -0.001717
1757664962.098144 -0.050164 0.007439 0.002098 -0.002861 0.016274 -0.002101 -0.032998 -0.003624 0.013924 -0.016212 -0.001883 0.004856 0.089074 -0.020409 0.001717 -0.000572 -0.054360 0.024223 0.036431 -0.345045 -0.016975 -0.008583 -0.001717
1757664962.100149 -0.050164 0.007439 0.002098 -0.002861 0.016274 -0.002101 -0.032998 -0.003624 0.013924 -0.016212 -0.001883 0.004856 0.089074 -0.020409 0.001717 -0.000572 -0.054360 0.024223 0.036431 -0.345045 -0.016975 -0.008583 -0.001717
1757664962.102187 -0.050164 0.007439 0.002098 -0.002861 0.016274 -0.002101 -0.032998 -0.003624 0.013924 -0.016212 -0.001883 0.004856 0.089074 -0.020409 0.001717 -0.000572 -0.054360 0.024223 0.036431 -0.345045 -0.016975 -0.008583 -0.001717
1757664962.104143 -0.050164 0.007439 0.002098 -0.002861 0.016274 -0.002101 -0.032998 -0.003624 0.013924 -0.016212 -0.001883 0.004856 0.089074 -0.020409 0.001717 -0.000572 -0.054360 0.024223 0.036431 -0.345045 -0.016975 -0.008583 -0.001717
1757664962.106144 -0.050164 0.007439 0.002098 -0.002861 0.016274 -0.002101 -0.032998 -0.003624 0.013924 -0.016212 -0.001883 0.004856 0.089074 -0.020409 0.001717 -0.000572 -0.054360 0.024223 0.036431 -0.345045 -0.016975 -0.008583 -0.001717
1757664962.108145 -0.050164 0.007439 0.002098 -0.002861 0.016274 -0.002101 -0.032998 -0.003624 0.013924 -0.016212 -0.001883 0.004856 0.089074 -0.020409 0.001717 -0.000572 -0.054360 0.024223 0.036431 -0.345045 -0.016975 -0.008583 -0.001717
1757664962.110151 -0.050164 0.007439 0.002098 -0.002861 0.016274 -0.002101 -0.032998 -0.003624 0.013924 -0.016212 -0.001883 0.004856 0.089074 -0.020409 0.001717 -0.000572 -0.054360 0.024223 0.036431 -0.345045 -0.016975 -0.008583 -0.001717
1757664962.112141 -0.050164 0.007439 0.002098 -0.002861 0.016274 -0.002101 -0.032998 -0.003624 0.013924 -0.016212 -0.001883 0.004856 0.089074 -0.020409 0.001717 -0.000572 -0.054360 0.024223 0.036431 -0.345045 -0.016975 -0.008583 -0.001717
1757664962.114142 -0.050164 0.007439 0.002098 -0.002861 0.016274 -0.002101 -0.032998 -0.003624 0.013924 -0.016212 -0.001883 0.004856 0.089074 -0.020409 0.001717 -0.000572 -0.054360 0.024223 0.036431 -0.345045 -0.016975 -0.008583 -0.001717
1757664962.116139 -0.050164 0.007439 0.002098 -0.002861 0.016274 -0.002101 -0.032998 -0.003624 0.013924 -0.016212 -0.001883 0.004856 0.089074 -0.020409 0.001717 -0.000572 -0.054360 0.024223 0.036431 -0.345045 -0.016975 -0.008583 -0.001717
1757664962.118147 -0.050164 0.007439 0.002098 -0.002861 0.016274 -0.002101 -0.032998 -0.003624 0.013924 -0.016212 -0.001883 0.004856 0.089074 -0.020409 0.001717 -0.000572 -0.054360 0.024223 0.036431 -0.345045 -0.016975 -0.008583 -0.001717
1757664962.120144 -0.050164 0.007439 0.002098 -0.002861 0.016274 -0.002101 -0.032998 -0.003624 0.013924 -0.016212 -0.001883 0.004856 0.089074 -0.020409 0.001717 -0.000572 -0.054360 0.024223 0.036431 -0.345045 -0.016975 -0.008583 -0.001717
1757664962.122145 -0.050164 0.007439 0.002098 -0.002861 0.016274 -0.002101 -0.032998 -0.003624 0.013924 -0.016212 -0.001883 0.004856 0.089074 -0.020409 0.001717 -0.000572 -0.054360 0.024223 0.036431 -0.345045 -0.016975 -0.008583 -0.001717
1757664962.124147 -0.050164 0.007439 0.002098 -0.002861 0.016274 -0.002101 -0.032998 -0.003624 0.013924 -0.016212 -0.001883 0.004856 0.089074 -0.020409 0.001717 -0.000572 -0.054360 0.024223 0.036431 -0.345045 -0.016975 -0.008583 -0.001717
1757664962.126142 -0.050164 0.007439 0.002098 -0.002861 0.016274 -0.002101 -0.032998 -0.003624 0.013924 -0.016212 -0.001883 0.004856 0.089074 -0.020409 0.001717 -0.000572 -0.054360 0.024223 0.036431 -0.345045 -0.016975 -0.008583 -0.001717
1757664962.128162 -0.050164 0.007439 0.002098 -0.002861 0.016274 -0.002101 -0.032998 -0.003624 0.013924 -0.016212 -0.001883 0.004856 0.089074 -0.020409 0.001717 -0.000572 -0.054360 0.024223 0.036431 -0.345045 -0.016975 -0.008583 -0.001717
1757664962.130173 -0.050164 0.007439 0.002098 -0.002861 0.016274 -0.002101 -0.032998 -0.003624 0.013924 -0.016212 -0.001883 0.004856 0.089074 -0.020409 0.001717 -0.000572 -0.054360 0.024223 0.036431 -0.345045 -0.016975 -0.008583 -0.001717
1757664962.132147 -0.050164 0.007439 0.002098 -0.002861 0.016274 -0.002101 -0.032998 -0.003624 0.013924 -0.016212 -0.001883 0.004856 0.089074 -0.020409 0.001717 -0.000572 -0.054360 0.024223 0.036431 -0.345045 -0.016975 -0.008583 -0.001717
1757664962.134146 -0.050164 0.007439 0.002098 -0.002861 0.016274 -0.002101 -0.032998 -0.003624 0.013924 -0.016212 -0.001883 0.004856 0.089074 -0.020409 0.001717 -0.000572 -0.054360 0.024223 0.036431 -0.345045 -0.016975 -0.008583 -0.001717
1757664962.136143 -0.050164 0.007439 0.002098 -0.002861 0.016274 -0.002101 -0.032998 -0.003624 0.013924 -0.016212 -0.001883 0.004856 0.089074 -0.020409 0.001717 -0.000572 -0.054360 0.024223 0.036431 -0.345045 -0.016975 -0.008583 -0.001717
1757664962.138147 -0.050164 0.007439 0.002098 -0.002861 0.016274 -0.002101 -0.032998 -0.003624 0.013924 -0.016212 -0.001883 0.004856 0.089074 -0.020409 0.001717 -0.000572 -0.054360 0.024223 0.036431 -0.345045 -0.016975 -0.008583 -0.001717
1757664962.140147 -0.050164 0.007439 0.002098 -0.002861 0.016274 -0.002101 -0.032998 -0.003624 0.013924 -0.016212 -0.001883 0.004856 0.089074 -0.020409 0.001717 -0.000572 -0.054360 0.024223 0.036431 -0.345045 -0.016975 -0.008583 -0.001717
1757664962.142146 -0.050164 0.007439 0.002098 -0.002861 0.016274 -0.002101 -0.032998 -0.003624 0.013924 -0.016212 -0.001883 0.004856 0.089074 -0.020409 0.001717 -0.000572 -0.054360 0.024223 0.036431 -0.345045 -0.016975 -0.008583 -0.001717
1757664962.144185 -0.050164 0.007439 0.002098 -0.002861 0.016274 -0.002101 -0.032998 -0.003624 0.013924 -0.016212 -0.001883 0.004856 0.089074 -0.020409 0.001717 -0.000572 -0.054360 0.024223 0.036431 -0.345045 -0.016975 -0.008583 -0.001717
1757664962.146148 -0.050164 0.007439 0.002098 -0.002861 0.016274 -0.002101 -0.032998 -0.003624 0.013924 -0.016212 -0.001883 0.004856 0.089074 -0.020409 0.001717 -0.000572 -0.054360 0.024223 0.036431 -0.345045 -0.016975 -0.008583 -0.001717
1757664962.148143 -0.050164 0.007439 0.002098 -0.002861 0.016274 -0.002101 -0.032998 -0.003624 0.013924 -0.016212 -0.001883 0.004856 0.089074 -0.020409 0.001717 -0.000572 -0.054360 0.024223 0.036431 -0.345045 -0.016975 -0.008583 -0.001717
1757664962.150144 -0.050164 0.007439 0.002098 -0.002861 0.016274 -0.002101 -0.032998 -0.003624 0.013924 -0.016212 -0.001883 0.004856 0.089074 -0.020409 0.001717 -0.000572 -0.054360 0.024223 0.036431 -0.345045 -0.016975 -0.008583 -0.001717
1757664962.152145 -0.050164 0.007439 0.002098 -0.002861 0.016274 -0.002101 -0.032998 -0.003624 0.013924 -0.016212 -0.001883 0.004856 0.089074 -0.020409 0.001717 -0.000572 -0.054360 0.024223 0.036431 -0.345045 -0.016975 -0.008583 -0.001717
1757664962.154146 -0.050164 0.007439 0.002098 -0.002861 0.016274 -0.002101 -0.032998 -0.003624 0.013924 -0.016212 -0.001883 0.004856 0.089074 -0.020409 0.001717 -0.000572 -0.054360 0.024223 0.036431 -0.345045 -0.016975 -0.008583 -0.001717
1757664962.156144 -0.050164 0.007439 0.002098 -0.002861 0.016274 -0.002101 -0.032998 -0.003624 0.013924 -0.016212 -0.001883 0.004856 0.089074 -0.020409 0.001717 -0.000572 -0.054360 0.024223 0.036431 -0.345045 -0.016975 -0.008583 -0.001717
1757664962.158204 -0.050164 0.007439 0.002098 -0.002861 0.016274 -0.002101 -0.032998 -0.003624 0.013924 -0.016212 -0.001883 0.004856 0.089074 -0.020409 0.001717 -0.000572 -0.054360 0.024223 0.036431 -0.345045 -0.016975 -0.008583 -0.001717
1757664962.160153 -0.050164 0.007439 0.002098 -0.002861 0.016274 -0.002101 -0.032998 -0.003624 0.013924 -0.016212 -0.001883 0.004856 0.089074 -0.020409 0.001717 -0.000572 -0.054360 0.024223 0.036431 -0.345045 -0.016975 -0.008583 -0.001717
1757664962.162146 -0.050164 0.007439 0.002098 -0.002861 0.016274 -0.002101 -0.032998 -0.003624 0.013924 -0.016212 -0.001883 0.004856 0.089074 -0.020409 0.001717 -0.000572 -0.054360 0.024223 0.036431 -0.345045 -0.016975 -0.008583 -0.001717
1757664962.164143 -0.050164 0.007439 0.002098 -0.002861 0.016274 -0.002101 -0.032998 -0.003624 0.013924 -0.016212 -0.001883 0.004856 0.089074 -0.020409 0.001717 -0.000572 -0.054360 0.024223 0.036431 -0.345045 -0.016975 -0.008583 -0.001717
1757664962.166197 -0.050164 0.007439 0.002098 -0.002861 0.016274 -0.002101 -0.032998 -0.003624 0.013924 -0.016212 -0.001883 0.004856 0.089074 -0.020409 0.001717 -0.000572 -0.054360 0.024223 0.036431 -0.345045 -0.016975 -0.008583 -0.001717
1757664962.168191 -0.050164 0.007439 0.002098 -0.002861 0.016274 -0.002101 -0.032998 -0.003624 0.013924 -0.016212 -0.001883 0.004856 0.089074 -0.020409 0.001717 -0.000572 -0.054360 0.024223 0.036431 -0.345045 -0.016975 -0.008583 -0.001717
1757664962.170147 -0.050164 0.007439 0.002098 -0.002861 0.016274 -0.002101 -0.032998 -0.003624 0.013924 -0.016212 -0.001883 0.004856 0.089074 -0.020409 0.001717 -0.000572 -0.054360 0.024223 0.036431 -0.345045 -0.016975 -0.008583 -0.001717
1757664962.172143 -0.050164 0.007439 0.002098 -0.002861 0.016274 -0.002101 -0.032998 -0.003624 0.013924 -0.016212 -0.001883 0.004856 0.089074 -0.020409 0.001717 -0.000572 -0.054360 0.024223 0.036431 -0.345045 -0.016975 -0.008583 -0.001717
1757664962.174126 -0.050164 0.007439 0.002098 -0.002861 0.016274 -0.002101 -0.032998 -0.003624 0.013924 -0.016212 -0.001883 0.004856 0.089074 -0.020409 0.001717 -0.000572 -0.054360 0.024223 0.036431 -0.345045 -0.016975 -0.008583 -0.001717
1757664962.176119 -0.050164 0.007439 0.002098 -0.002861 0.016274 -0.002101 -0.032998 -0.003624 0.013924 -0.016212 -0.001883 0.004856 0.089074 -0.020409 0.001717 -0.000572 -0.054360 0.024223 0.036431 -0.345045 -0.016975 -0.008583 -0.001717
1757664962.178117 -0.050164 0.007439 0.002098 -0.002861 0.016274 -0.002101 -0.032998 -0.003624 0.013924 -0.016212 -0.001883 0.004856 0.089074 -0.020409 0.001717 -0.000572 -0.054360 0.024223 0.036431 -0.345045 -0.016975 -0.008583 -0.001717
1757664962.180122 -0.050164 0.007439 0.002098 -0.002861 0.016274 -0.002101 -0.032998 -0.003624 0.013924 -0.016212 -0.001883 0.004856 0.089074 -0.020409 0.001717 -0.000572 -0.054360 0.024223 0.036431 -0.345045 -0.016975 -0.008583 -0.001717
1757664962.182122 -0.050164 0.007439 0.002098 -0.002861 0.016274 -0.002101 -0.032998 -0.003624 0.013924 -0.016212 -0.001883 0.004856 0.089074 -0.020409 0.001717 -0.000572 -0.054360 0.024223 0.036431 -0.345045 -0.016975 -0.008583 -0.001717
1757664962.184121 -0.050164 0.007439 0.002098 -0.002861 0.016274 -0.002101 -0.032998 -0.003624 0.013924 -0.016212 -0.001883 0.004856 0.089074 -0.020409 0.001717 -0.000572 -0.054360 0.024223 0.036431 -0.345045 -0.016975 -0.008583 -0.001717
1757664962.186127 -0.050164 0.007439 0.002098 -0.002861 0.016274 -0.002101 -0.032998 -0.003624 0.013924 -0.016212 -0.001883 0.004856 0.089074 -0.020409 0.001717 -0.000572 -0.054360 0.024223 0.036431 -0.345045 -0.016975 -0.008583 -0.001717
1757664962.188128 -0.050164 0.007439 0.002098 -0.002861 0.016274 -0.002101 -0.032998 -0.003624 0.013924 -0.016212 -0.001883 0.004856 0.089074 -0.020409 0.001717 -0.000572 -0.054360 0.024223 0.036431 -0.345045 -0.016975 -0.008583 -0.001717
1757664962.190154 -0.050164 0.007439 0.002098 -0.002861 0.016274 -0.002101 -0.032998 -0.003624 0.013924 -0.016212 -0.001883 0.004856 0.089074 -0.020409 0.001717 -0.000572 -0.054360 0.024223 0.036431 -0.345045 -0.016975 -0.008583 -0.001717
1757664962.192141 -0.050164 0.007439 0.002098 -0.002861 0.016274 -0.002101 -0.032998 -0.003624 0.013924 -0.016212 -0.001883 0.004856 0.089074 -0.020409 0.001717 -0.000572 -0.054360 0.024223 0.036431 -0.345045 -0.016975 -0.008583 -0.001717
1757664962.194159 -0.050164 0.007439 0.002098 -0.002861 0.016274 -0.002101 -0.032998 -0.003624 0.013924 -0.016212 -0.001883 0.004856 0.089074 -0.020409 0.001717 -0.000572 -0.054360 0.024223 0.036431 -0.345045 -0.016975 -0.008583 -0.001717
1757664962.196138 -0.050164 0.007439 0.002098 -0.002861 0.016274 -0.002101 -0.032998 -0.003624 0.013924 -0.016212 -0.001883 0.004856 0.089074 -0.020409 0.001717 -0.000572 -0.054360 0.024223 0.036431 -0.345045 -0.016975 -0.008583 -0.001717
1757664962.198140 -0.050164 0.007439 0.002098 -0.002861 0.016274 -0.002101 -0.032998 -0.003624 0.013924 -0.015831 -0.001883 0.004856 0.089074 -0.020409 0.001717 -0.000572 -0.054360 0.024223 0.036431 -0.345045 -0.016975 -0.008583 -0.001717
1757664962.200158 -0.050164 0.007439 0.002098 -0.002861 0.016274 -0.002101 -0.032998 -0.003624 0.013924 -0.015831 -0.001883 0.004856 0.089074 -0.020409 0.001717 -0.000572 -0.054360 0.024223 0.036431 -0.345045 -0.016975 -0.008583 -0.001717
1757664962.202167 -0.050164 0.007439 0.002098 -0.002861 0.016274 -0.002101 -0.032998 -0.003624 0.013924 -0.015831 -0.001883 0.004856 0.089074 -0.020409 0.001717 -0.000572 -0.054360 0.024223 0.036431 -0.345045 -0.016975 -0.008583 -0.001717
1757664962.204141 -0.050164 0.007439 0.002098 -0.002861 0.016274 -0.002101 -0.032998 -0.003624 0.013924 -0.015831 -0.001883 0.004856 0.089074 -0.020409 0.001717 -0.000572 -0.054360 0.024223 0.036431 -0.345045 -0.016975 -0.008583 -0.001717
1757664962.206145 -0.050164 0.007439 0.002098 -0.002861 0.016274 -0.002101 -0.032998 -0.003624 0.013924 -0.015831 -0.001883 0.004856 0.089074 -0.020409 0.001717 -0.000572 -0.054360 0.024223 0.036431 -0.345045 -0.016975 -0.008583 -0.001717
1757664962.208146 -0.050164 0.007439 0.002098 -0.002861 0.016274 -0.002101 -0.032998 -0.003624 0.013924 -0.015831 -0.001883 0.004856 0.089074 -0.020409 0.001717 -0.000572 -0.054360 0.024223 0.036431 -0.345045 -0.016975 -0.008583 -0.001717
1757664962.210143 -0.050164 0.007439 0.002098 -0.002861 0.016274 -0.002101 -0.032998 -0.003624 0.013924 -0.015831 -0.001883 0.004856 0.089074 -0.020409 0.001717 -0.000572 -0.054360 0.024223 0.036431 -0.345045 -0.016975 -0.008583 -0.001717
1757664962.212146 -0.050164 0.007439 0.002098 -0.002861 0.016274 -0.002101 -0.032998 -0.003624 0.013924 -0.015831 -0.001883 0.004856 0.089074 -0.020409 0.001717 -0.000572 -0.054360 0.024223 0.036431 -0.345045 -0.016975 -0.008583 -0.001717
1757664962.214145 -0.050164 0.007439 0.002098 -0.002861 0.016274 -0.002101 -0.032998 -0.003624 0.013924 -0.015831 -0.001883 0.004856 0.089074 -0.020409 0.001717 -0.000572 -0.054360 0.024223 0.036431 -0.345045 -0.016975 -0.008583 -0.001717
1757664962.216142 -0.050164 0.007439 0.002098 -0.002861 0.016274 -0.002101 -0.032998 -0.003624 0.013924 -0.015831 -0.001883 0.004856 0.089074 -0.020409 0.001717 -0.000572 -0.054360 0.024223 0.036431 -0.345045 -0.016975 -0.008583 -0.001717
1757664962.218142 -0.050164 0.007439 0.002098 -0.002861 0.016274 -0.002101 -0.032998 -0.003624 0.013924 -0.015831 -0.001883 0.004856 0.089074 -0.020409 0.001717 -0.000572 -0.054360 0.024223 0.036431 -0.345045 -0.016975 -0.008583 -0.001717
1757664962.220212 -0.050164 0.007439 0.002098 -0.002861 0.016274 -0.002101 -0.032998 -0.003624 0.013924 -0.015831 -0.001883 0.004856 0.089074 -0.020409 0.001717 -0.000572 -0.054360 0.024223 0.036431 -0.345045 -0.016975 -0.008583 -0.001717
1757664962.222150 -0.050164 0.007439 0.002098 -0.002861 0.016274 -0.002101 -0.032998 -0.003624 0.013924 -0.015831 -0.001883 0.004856 0.089074 -0.020409 0.001717 -0.000572 -0.054360 0.024223 0.036431 -0.345045 -0.016975 -0.008583 -0.001717
