1757663153.127283 -0.031090 -0.023079 -0.092507 0.008583 -0.009645 0.039787 -0.070382 0.029182 0.023079 0.008202 0.014653 -0.001442 -0.047494 -0.038339 -0.003624 -0.000191 0.010109 -0.052453 -0.021172 0.367933 -0.020790 0.977531 0.000191
1757663153.129257 -0.031090 -0.023079 -0.092507 0.008583 -0.009645 0.039787 -0.070382 0.029182 0.023079 0.008202 0.014653 -0.001442 -0.047494 -0.038339 -0.003624 -0.000191 0.010109 -0.052453 -0.021172 0.367933 -0.020790 0.977531 0.000191
1757663153.131254 -0.031090 -0.023079 -0.092507 0.008583 -0.009645 0.039787 -0.070382 0.029182 0.023079 0.008202 0.014653 -0.001442 -0.047494 -0.038339 -0.003624 -0.000191 0.010109 -0.052453 -0.021172 0.367933 -0.020790 0.977531 0.000191
1757663153.133251 -0.031090 -0.023079 -0.092507 0.008583 -0.009645 0.039787 -0.070382 0.029182 0.023079 0.008202 0.014653 -0.001442 -0.047494 -0.038339 -0.003624 -0.000191 0.010109 -0.052453 -0.021172 0.367933 -0.020790 0.977531 0.000191
1757663153.135250 -0.031090 -0.023079 -0.092507 0.008583 -0.009645 0.039787 -0.070382 0.029182 0.023079 0.008202 0.014653 -0.001442 -0.047494 -0.038339 -0.003624 -0.000191 0.010109 -0.052453 -0.021172 0.367933 -0.020790 0.977531 0.000191
1757663153.137308 -0.031090 -0.023079 -0.092507 0.008583 -0.009645 0.039787 -0.070382 0.029182 0.023079 0.008202 0.014653 -0.001442 -0.047494 -0.038339 -0.003624 -0.000191 0.010109 -0.052453 -0.021172 0.367933 -0.020790 0.977531 0.000191
1757663153.139319 -0.031090 -0.023079 -0.092507 0.008583 -0.009645 0.039787 -0.070382 0.029182 0.023079 0.008202 0.014653 -0.001442 -0.047494 -0.038339 -0.003624 -0.000191 0.010109 -0.052453 -0.021172 0.367933 -0.020790 0.977531 0.000191
1757663153.141294 -0.031090 -0.023079 -0.092507 0.008583 -0.009645 0.039787 -0.070382 0.029182 0.023079 0.008202 0.014653 -0.001442 -0.047494 -0.038339 -0.003624 -0.000191 0.010109 -0.052453 -0.021172 0.367933 -0.020790 0.977531 0.000191
1757663153.143292 -0.031090 -0.023079 -0.092507 0.008583 -0.009645 0.039787 -0.070382 0.029182 0.023079 0.008202 0.014653 -0.001442 -0.047494 -0.038339 -0.003624 -0.000191 0.010109 -0.052453 -0.021172 0.367933 -0.020790 0.977531 0.000191
1757663153.145288 -0.031090 -0.023079 -0.092507 0.008583 -0.009645 0.039787 -0.070382 0.029182 0.023079 0.008202 0.014653 -0.001442 -0.047494 -0.038339 -0.003624 -0.000191 0.010109 -0.052453 -0.021172 0.367933 -0.020790 0.977531 0.000191
1757663153.147291 -0.031090 -0.023079 -0.092507 0.008583 -0.009645 0.039787 -0.070382 0.029182 0.023079 0.008202 0.014653 -0.001442 -0.047494 -0.038339 -0.003624 -0.000191 0.010109 -0.052453 -0.021172 0.367933 -0.020790 0.977531 0.000191
1757663153.149288 -0.031090 -0.023079 -0.092507 0.008583 -0.009645 0.039787 -0.070382 0.029182 0.023079 0.008202 0.014653 -0.001442 -0.047494 -0.038339 -0.003624 -0.000191 0.010109 -0.052453 -0.021172 0.367933 -0.020790 0.977531 0.000191
1757663153.151290 -0.031090 -0.023079 -0.092507 0.008583 -0.009645 0.039787 -0.070382 0.029182 0.023079 0.008202 0.014653 -0.001442 -0.047494 -0.038339 -0.003624 -0.000191 0.010109 -0.052453 -0.021172 0.367933 -0.020790 0.977531 0.000191
1757663153.153378 -0.031090 -0.023079 -0.092507 0.008583 -0.009645 0.039787 -0.070382 0.029182 0.023079 0.008202 0.014653 -0.001442 -0.047494 -0.038339 -0.003624 -0.000191 0.010109 -0.052453 -0.021172 0.367933 -0.020790 0.977531 0.000191
1757663153.155267 -0.031090 -0.023079 -0.092507 0.008583 -0.009645 0.039787 -0.070382 0.029182 0.023079 0.008202 0.014653 -0.001442 -0.047494 -0.038339 -0.003624 -0.000191 0.010109 -0.052453 -0.021172 0.367933 -0.020790 0.977531 0.000191
1757663153.157265 -0.031090 -0.023079 -0.092507 0.008583 -0.009645 0.039787 -0.070382 0.029182 0.023079 0.008202 0.014653 -0.001442 -0.047494 -0.038339 -0.003624 -0.000191 0.010109 -0.052453 -0.021172 0.367933 -0.020790 0.977531 0.000191
1757663153.159256 -0.031090 -0.023079 -0.092507 0.008583 -0.009645 0.039787 -0.070382 0.029182 0.023079 0.008202 0.014653 -0.001442 -0.047494 -0.038339 -0.003624 -0.000191 0.010109 -0.052453 -0.021172 0.367933 -0.020790 0.977531 0.000191
1757663153.161279 -0.031090 -0.023079 -0.092507 0.008583 -0.009645 0.039787 -0.070382 0.029182 0.023079 0.008202 0.014653 -0.001442 -0.047494 -0.038339 -0.003624 -0.000191 0.010109 -0.052453 -0.021172 0.367933 -0.020790 0.977531 0.000191
1757663153.163267 -0.031090 -0.023079 -0.092507 0.008583 -0.009645 0.039787 -0.070382 0.029182 0.023079 0.008202 0.014653 -0.001442 -0.047494 -0.038339 -0.003624 -0.000191 0.010109 -0.052453 -0.021172 0.367933 -0.020790 0.977531 0.000191
1757663153.165281 -0.031090 -0.023079 -0.092507 0.008583 -0.009645 0.039787 -0.070382 0.029182 0.023079 0.008202 0.014653 -0.001442 -0.047494 -0.038339 -0.003624 -0.000191 0.010109 -0.052453 -0.021172 0.367933 -0.020790 0.977531 0.000191
1757663153.167267 -0.031090 -0.023079 -0.092507 0.008583 -0.009645 0.039787 -0.070382 0.029182 0.023079 0.008202 0.014653 -0.001442 -0.047494 -0.038339 -0.003624 -0.000191 0.010109 -0.052453 -0.021172 0.367933 -0.020790 0.977531 0.000191
1757663153.169256 -0.031090 -0.023079 -0.092507 0.008583 -0.009645 0.039787 -0.070382 0.029182 0.023079 0.008202 0.014653 -0.001442 -0.047494 -0.038339 -0.003624 -0.000191 0.010109 -0.052453 -0.021172 0.367933 -0.020790 0.977531 0.000191
1757663153.171244 -0.031090 -0.023079 -0.092507 0.008583 -0.009645 0.039787 -0.070382 0.029182 0.023079 0.008202 0.014653 -0.001442 -0.047494 -0.038339 -0.003624 -0.000191 0.010109 -0.052453 -0.021172 0.367933 -0.020790 0.977531 0.000191
1757663153.173246 -0.031090 -0.023079 -0.092507 0.008583 -0.009645 0.039787 -0.070382 0.029182 0.023079 0.008202 0.014653 -0.001442 -0.047494 -0.038339 -0.003624 -0.000191 0.010109 -0.052453 -0.021172 0.367933 -0.020790 0.977531 0.000191
1757663153.175242 -0.031090 -0.023079 -0.092507 0.008583 -0.009645 0.039787 -0.070382 0.029182 0.023079 0.008202 0.014653 -0.001442 -0.047494 -0.038339 -0.003624 -0.000191 0.010109 -0.052453 -0.021172 0.367933 -0.020790 0.977531 0.000191
1757663153.177241 -0.031090 -0.023079 -0.092507 0.008583 -0.009645 0.039787 -0.070382 0.029182 0.023079 0.008202 0.014653 -0.001442 -0.047494 -0.038339 -0.003624 -0.000191 0.010109 -0.052453 -0.021172 0.367933 -0.020790 0.977531 0.000191
1757663153.179241 -0.031090 -0.023079 -0.092507 0.008583 -0.009645 0.039787 -0.070382 0.029182 0.023079 0.008202 0.014653 -0.001442 -0.047494 -0.038339 -0.003624 -0.000191 0.010109 -0.052453 -0.021172 0.367933 -0.020790 0.977531 0.000191
1757663153.181264 -0.031090 -0.023079 -0.092507 0.008583 -0.009645 0.039787 -0.070382 0.029182 0.023079 0.008202 0.014653 -0.001442 -0.047494 -0.038339 -0.003624 -0.000191 0.010109 -0.052453 -0.021172 0.367933 -0.020790 0.977531 0.000191
1757663153.183270 -0.031090 -0.023079 -0.092507 0.008583 -0.009645 0.039787 -0.070382 0.029182 0.023079 0.008202 0.014653 -0.001442 -0.047494 -0.038339 -0.003624 -0.000191 0.010109 -0.052453 -0.021172 0.367933 -0.020790 0.977531 0.000191
1757663153.185275 -0.031090 -0.023079 -0.092507 0.008583 -0.009645 0.039787 -0.070382 0.029182 0.023079 0.008202 0.014653 -0.001442 -0.047494 -0.038339 -0.003624 -0.000191 0.010109 -0.052453 -0.021172 0.367933 -0.020790 0.977531 0.000191
1757663153.187252 -0.031090 -0.023079 -0.092507 0.008583 -0.009645 0.039787 -0.070382 0.029182 0.023079 0.008202 0.014653 -0.001442 -0.047494 -0.038339 -0.003624 -0.000191 0.010109 -0.052453 -0.021172 0.367933 -0.020790 0.977531 0.000191
1757663153.189266 -0.031090 -0.023079 -0.092507 0.008583 -0.009645 0.039787 -0.070382 0.029182 0.023079 0.008202 0.014653 -0.001442 -0.047494 -0.038339 -0.003624 -0.000191 0.010109 -0.052453 -0.021172 0.367933 -0.020790 0.977531 0.000191
1757663153.191250 -0.031090 -0.023079 -0.092507 0.008583 -0.009645 0.039787 -0.070382 0.029182 0.023079 0.008202 0.014653 -0.001442 -0.047494 -0.038339 -0.003624 -0.000191 0.010109 -0.052453 -0.021172 0.367933 -0.020790 0.977531 0.000191
1757663153.193263 -0.031090 -0.023079 -0.092507 0.008583 -0.009645 0.039787 -0.070382 0.029182 0.023079 0.008202 0.014653 -0.001442 -0.047494 -0.038339 -0.003624 -0.000191 0.010109 -0.052453 -0.021172 0.367933 -0.020790 0.977531 0.000191
1757663153.195240 -0.031090 -0.023079 -0.092507 0.008583 -0.009645 0.039787 -0.070382 0.029182 0.023079 0.008202 0.014653 -0.001442 -0.047494 -0.038339 -0.003624 -0.000191 0.010109 -0.052453 -0.021172 0.367933 -0.020790 0.977531 0.000191
1757663153.197238 -0.031090 -0.023079 -0.092507 0.008583 -0.009645 0.039787 -0.070382 0.029182 0.023079 0.008202 0.014653 -0.001442 -0.047494 -0.038339 -0.003624 -0.000191 0.010109 -0.052453 -0.021172 0.367933 -0.020790 0.977531 0.000191
1757663153.199241 -0.031090 -0.023079 -0.092507 0.008583 -0.009645 0.039787 -0.070382 0.029182 0.023079 0.008202 0.014653 -0.001442 -0.047494 -0.038339 -0.003624 -0.000191 0.010109 -0.052453 -0.021172 0.367933 -0.020790 0.977531 0.000191
1757663153.201276 -0.031090 -0.023079 -0.092507 0.008583 -0.009645 0.039787 -0.070382 0.029182 0.023079 0.008202 0.014653 -0.001442 -0.047494 -0.038339 -0.003624 -0.000191 0.010109 -0.052453 -0.021172 0.367933 -0.020790 0.977531 0.000191
1757663153.203245 -0.031090 -0.023079 -0.092507 0.008583 -0.009645 0.039787 -0.070382 0.029182 0.023079 0.008202 0.014653 -0.001442 -0.047494 -0.038339 -0.003624 -0.000191 0.010109 -0.052453 -0.021172 0.367933 -0.020790 0.977531 0.000191
1757663153.205246 -0.031090 -0.023079 -0.092507 0.008583 -0.009645 0.039787 -0.070382 0.029182 0.023079 0.008202 0.014653 -0.001442 -0.047494 -0.038339 -0.003624 -0.000191 0.010109 -0.052453 -0.021172 0.367933 -0.020790 0.977531 0.000191
1757663153.207236 -0.031090 -0.023079 -0.092507 0.008583 -0.009645 0.039787 -0.070382 0.029182 0.023079 0.008202 0.014653 -0.001442 -0.047494 -0.038339 -0.003624 -0.000191 0.010109 -0.052453 -0.021172 0.367933 -0.020790 0.977531 0.000191
1757663153.209235 -0.031090 -0.023079 -0.092507 0.008583 -0.009645 0.039787 -0.070382 0.029182 0.023079 0.008202 0.014653 -0.001442 -0.047494 -0.038339 -0.003624 -0.000191 0.010109 -0.052453 -0.021172 0.367933 -0.020790 0.977531 0.000191
1757663153.211232 -0.031090 -0.023079 -0.092507 0.008583 -0.009645 0.039787 -0.070382 0.029182 0.023079 0.008202 0.014653 -0.001442 -0.047494 -0.038339 -0.003624 -0.000191 0.010109 -0.052453 -0.021172 0.367933 -0.020790 0.977531 0.000191
1757663153.213235 -0.031090 -0.023079 -0.092507 0.008583 -0.009645 0.039787 -0.070382 0.029182 0.023079 0.008202 0.014653 -0.001442 -0.047494 -0.038339 -0.003624 -0.000191 0.010109 -0.052453 -0.021172 0.367933 -0.020790 0.977531 0.000191
1757663153.215235 -0.031090 -0.023079 -0.092507 0.008583 -0.009645 0.039787 -0.070382 0.029182 0.023079 0.008202 0.014653 -0.001442 -0.047494 -0.038339 -0.003624 -0.000191 0.010109 -0.052453 -0.021172 0.367933 -0.020790 0.977531 0.000191
1757663153.217267 -0.031090 -0.023079 -0.092507 0.008583 -0.009645 0.039787 -0.070382 0.029182 0.023079 0.008202 0.014653 -0.001442 -0.047494 -0.038339 -0.003624 -0.000191 0.010109 -0.052453 -0.021172 0.367933 -0.020790 0.977531 0.000191
1757663153.219239 -0.031090 -0.023079 -0.092507 0.008583 -0.009645 0.039787 -0.070382 0.029182 0.023079 0.008202 0.014653 -0.001442 -0.047494 -0.038339 -0.003624 -0.000191 0.010109 -0.052453 -0.021172 0.367933 -0.020790 0.977531 0.000191
1757663153.221226 -0.031090 -0.023079 -0.092507 0.008583 -0.009645 0.039787 -0.070382 0.029182 0.023079 0.008202 0.014653 -0.001442 -0.047494 -0.038339 -0.003624 -0.000191 0.010109 -0.052453 -0.021172 0.367933 -0.020790 0.977531 0.000191
1757663153.223227 -0.031090 -0.023079 -0.092507 0.008583 -0.009645 0.039787 -0.070382 0.029182 0.023079 0.008202 0.014653 -0.001442 -0.047494 -0.038339 -0.003624 -0.000191 0.010109 -0.052453 -0.021172 0.367933 -0.020790 0.977531 0.000191
1757663153.225270 -0.031090 -0.023079 -0.092507 0.008583 -0.009645 0.039787 -0.070382 0.029182 0.023079 0.008202 0.014653 -0.001442 -0.047494 -0.038339 -0.003624 -0.000191 0.010109 -0.052453 -0.021172 0.367933 -0.020790 0.977531 0.000191
1757663153.227227 -0.031090 -0.023079 -0.092507 0.008583 -0.009645 0.039787 -0.070382 0.029182 0.023079 0.008202 0.014653 -0.001442 -0.047494 -0.038339 -0.003624 -0.000191 0.010109 -0.052453 -0.021172 0.367933 -0.020790 0.977531 0.000191
1757663153.229230 -0.031090 -0.023079 -0.092507 0.008583 -0.009645 0.039787 -0.070382 0.029182 0.023079 0.008202 0.014653 -0.001442 -0.047494 -0.038339 -0.003624 -0.000191 0.010109 -0.052453 -0.021172 0.367933 -0.020790 0.977531 0.000191
1757663153.231232 -0.031090 -0.023079 -0.092507 0.008583 -0.009645 0.039787 -0.070382 0.029182 0.023079 0.008202 0.014653 -0.001442 -0.047494 -0.038339 -0.003624 -0.000191 0.010109 -0.052453 -0.021172 0.367933 -0.020790 0.977531 0.000191
1757663153.233235 -0.031090 -0.023079 -0.092507 0.008583 -0.009645 0.039787 -0.070382 0.029182 0.023079 0.008202 0.014653 -0.001442 -0.047494 -0.038339 -0.003624 -0.000191 0.010109 -0.052453 -0.021172 0.367933 -0.020790 0.977531 0.000191
1757663153.235238 -0.031090 -0.023079 -0.092507 0.008583 -0.009645 0.039787 -0.070382 0.029182 0.023079 0.008202 0.014653 -0.001442 -0.047494 -0.038339 -0.003624 -0.000191 0.010109 -0.052453 -0.021172 0.367933 -0.020790 0.977531 0.000191
1757663153.237237 -0.031090 -0.023079 -0.092507 0.008583 -0.009645 0.039787 -0.070382 0.029182 0.023079 0.008202 0.014653 -0.001442 -0.047494 -0.038339 -0.003624 -0.000191 0.010109 -0.052453 -0.021172 0.367933 -0.020790 0.977531 0.000191
1757663153.239236 -0.031090 -0.023079 -0.092507 0.008583 -0.009645 0.039787 -0.070382 0.029182 0.023079 0.008202 0.014653 -0.001442 -0.047494 -0.038339 -0.003624 -0.000191 0.010109 -0.052453 -0.021172 0.367933 -0.020790 0.977531 0.000191
1757663153.241239 -0.031090 -0.023079 -0.092507 0.008583 -0.009645 0.039787 -0.070382 0.029182 0.023079 0.008202 0.014653 -0.001442 -0.047494 -0.038339 -0.003624 -0.000191 0.010109 -0.052453 -0.021172 0.367933 -0.020790 0.977531 0.000191
1757663153.243245 -0.031090 -0.023079 -0.092507 0.008583 -0.009645 0.039787 -0.070382 0.029182 0.023079 0.008202 0.014653 -0.001442 -0.047494 -0.038339 -0.003624 -0.000191 0.010109 -0.052453 -0.021172 0.367933 -0.020790 0.977531 0.000191
1757663153.245244 -0.031090 -0.023079 -0.092507 0.008583 -0.009645 0.039787 -0.070382 0.029182 0.023079 0.008202 0.014653 -0.001442 -0.047494 -0.038339 -0.003624 -0.000191 0.010109 -0.052453 -0.021172 0.367933 -0.020790 0.977531 0.000191
1757663153.247241 -0.031090 -0.023079 -0.092507 0.008583 -0.009645 0.039787 -0.070382 0.029182 0.023079 0.008202 0.014653 -0.001442 -0.047494 -0.038339 -0.003624 -0.000191 0.010109 -0.052453 -0.021172 0.367933 -0.020790 0.977531 0.000191
1757663153.249279 -0.031090 -0.023079 -0.092507 0.008583 -0.009645 0.039787 -0.070382 0.029182 0.023079 0.008202 0.014653 -0.001442 -0.047494 -0.038339 -0.003624 -0.000191 0.010109 -0.052453 -0.021172 0.367933 -0.020790 0.977531 0.000191
1757663153.251247 -0.031090 -0.023079 -0.092507 0.008583 -0.009645 0.039787 -0.070382 0.029182 0.023079 0.008202 0.014653 -0.001442 -0.047494 -0.038339 -0.003624 -0.000191 0.010109 -0.052453 -0.021172 0.367933 -0.020790 0.977531 0.000191
1757663153.253246 -0.031090 -0.023079 -0.092507 0.008583 -0.009645 0.039787 -0.070382 0.029182 0.023079 0.008202 0.014653 -0.001442 -0.047494 -0.038339 -0.003624 -0.000191 0.010109 -0.052453 -0.021172 0.367933 -0.020790 0.977531 0.000191
1757663153.255247 -0.031090 -0.023079 -0.092507 0.008583 -0.009645 0.039787 -0.070382 0.029182 0.023079 0.008202 0.014653 -0.001442 -0.047494 -0.038339 -0.003624 -0.000191 0.010109 -0.052453 -0.021172 0.367933 -0.020790 0.977531 0.000191
1757663153.257241 -0.031090 -0.023079 -0.092507 0.008583 -0.009645 0.039787 -0.070382 0.029182 0.023079 0.008202 0.014653 -0.001442 -0.047494 -0.038339 -0.003624 -0.000191 0.010109 -0.052453 -0.021172 0.367933 -0.020790 0.977531 0.000191
1757663153.259240 -0.031090 -0.023079 -0.092507 0.008583 -0.009645 0.039787 -0.070382 0.029182 0.023079 0.008202 0.014653 -0.001442 -0.047494 -0.038339 -0.003624 -0.000191 0.010109 -0.052453 -0.021172 0.367933 -0.020790 0.977531 0.000191
1757663153.261240 -0.031090 -0.023079 -0.092507 0.008583 -0.009645 0.039787 -0.070382 0.029182 0.023079 0.008202 0.014653 -0.001442 -0.047494 -0.038339 -0.003624 -0.000191 0.010109 -0.052453 -0.021172 0.367933 -0.020790 0.977531 0.000191
1757663153.263238 -0.031090 -0.023079 -0.092507 0.008583 -0.009645 0.039787 -0.070382 0.029182 0.023079 0.008202 0.014653 -0.001442 -0.047494 -0.038339 -0.003624 -0.000191 0.010109 -0.052453 -0.021172 0.367933 -0.020790 0.977531 0.000191
1757663153.265239 -0.031090 -0.023079 -0.092507 0.008583 -0.009645 0.039787 -0.070382 0.029182 0.023079 0.008202 0.014653 -0.001442 -0.047494 -0.038339 -0.003624 -0.000191 0.010109 -0.052453 -0.021172 0.367933 -0.020790 0.977531 0.000191
1757663153.267248 -0.031090 -0.023079 -0.092507 0.008583 -0.009645 0.039787 -0.070382 0.029182 0.023079 0.008202 0.014653 -0.001442 -0.047494 -0.038339 -0.003624 -0.000191 0.010109 -0.052453 -0.021172 0.367933 -0.020790 0.977531 0.000191
1757663153.269248 -0.031090 -0.023079 -0.092507 0.008583 -0.009645 0.039787 -0.070382 0.029182 0.023079 0.008202 0.014653 -0.001442 -0.047494 -0.038339 -0.003624 -0.000191 0.010109 -0.052453 -0.021172 0.367933 -0.020790 0.977531 0.000191
1757663153.271242 -0.031090 -0.023079 -0.092507 0.008583 -0.009645 0.039787 -0.070382 0.029182 0.023079 0.008202 0.014653 -0.001442 -0.047494 -0.038339 -0.003624 -0.000191 0.010109 -0.052453 -0.021172 0.367933 -0.020790 0.977531 0.000191
1757663153.273241 -0.031090 -0.023079 -0.092507 0.008583 -0.009645 0.039787 -0.070382 0.029182 0.023079 0.008202 0.014653 -0.001442 -0.047494 -0.038339 -0.003624 -0.000191 0.010109 -0.052453 -0.021172 0.367933 -0.020790 0.977531 0.000191
1757663153.275237 -0.031090 -0.023079 -0.092507 0.008583 -0.009645 0.039787 -0.070382 0.029182 0.023079 0.008202 0.014653 -0.001442 -0.047494 -0.038339 -0.003624 -0.000191 0.010109 -0.052453 -0.021172 0.367933 -0.020790 0.977531 0.000191
1757663153.277236 -0.031090 -0.023079 -0.092507 0.008583 -0.009645 0.039787 -0.070382 0.029182 0.023079 0.008202 0.014653 -0.001442 -0.047494 -0.038339 -0.003624 -0.000191 0.010109 -0.052453 -0.021172 0.367933 -0.020790 0.977531 0.000191
1757663153.279239 -0.031090 -0.023079 -0.092507 0.008583 -0.009645 0.039787 -0.070382 0.029182 0.023079 0.008202 0.014653 -0.001442 -0.047494 -0.038339 -0.003624 -0.000191 0.010109 -0.052453 -0.021172 0.367933 -0.020790 0.977531 0.000191
1757663153.281260 -0.031090 -0.023079 -0.092507 0.008583 -0.009645 0.039787 -0.070382 0.029182 0.023079 0.008202 0.014653 -0.001442 -0.047494 -0.038339 -0.003624 -0.000191 0.010109 -0.052453 -0.021172 0.367933 -0.020790 0.977531 0.000191
1757663153.283249 -0.031090 -0.023079 -0.092507 0.008583 -0.009645 0.039787 -0.070382 0.029182 0.023079 0.008202 0.014653 -0.001442 -0.047494 -0.038339 -0.003624 -0.000191 0.010109 -0.052453 -0.021172 0.367933 -0.020790 0.977531 0.000191
1757663153.285239 -0.031090 -0.023079 -0.092507 0.008583 -0.009645 0.039787 -0.070382 0.029182 0.023079 0.008202 0.014653 -0.001442 -0.047494 -0.038339 -0.003624 -0.000191 0.010109 -0.052453 -0.021172 0.367933 -0.020790 0.977531 0.000191
1757663153.287245 -0.031090 -0.023079 -0.092507 0.008583 -0.009645 0.039787 -0.070382 0.029182 0.023079 0.008202 0.014653 -0.001442 -0.047494 -0.038339 -0.003624 -0.000191 0.010109 -0.052453 -0.021172 0.367933 -0.020790 0.977531 0.000191
1757663153.289241 -0.031090 -0.023079 -0.092507 0.008583 -0.009645 0.039787 -0.070382 0.029182 0.023079 0.008202 0.014653 -0.001442 -0.047494 -0.038339 -0.003624 -0.000191 0.010109 -0.052453 -0.021172 0.367933 -0.020790 0.977531 0.000191
1757663153.291247 -0.031090 -0.023079 -0.092507 0.008583 -0.009645 0.039787 -0.070382 0.029182 0.023079 0.008202 0.014653 -0.001442 -0.047494 -0.038339 -0.003624 -0.000191 0.010109 -0.052453 -0.021172 0.367933 -0.020790 0.977531 0.000191
1757663153.293239 -0.031090 -0.023079 -0.092507 0.008583 -0.009645 0.039787 -0.070382 0.029182 0.023079 0.008202 0.014653 -0.001442 -0.047494 -0.038339 -0.003624 -0.000191 0.010109 -0.052453 -0.021172 0.367933 -0.020790 0.977531 0.000191
1757663153.295239 -0.031090 -0.023079 -0.092507 0.008583 -0.009645 0.039787 -0.070382 0.029182 0.023079 0.008202 0.014653 -0.001442 -0.047494 -0.038339 -0.003624 -0.000191 0.010109 -0.052453 -0.021172 0.367933 -0.020790 0.977531 0.000191
1757663153.297238 -0.031090 -0.023079 -0.092507 0.008583 -0.009645 0.039787 -0.070382 0.029182 0.023079 0.008202 0.014653 -0.001442 -0.047494 -0.038339 -0.003624 -0.000191 0.010109 -0.052453 -0.021172 0.367933 -0.020790 0.977531 0.000191
1757663153.299238 -0.031090 -0.023079 -0.092507 0.008583 -0.009645 0.039787 -0.070382 0.029182 0.023079 0.008202 0.014653 -0.001442 -0.047494 -0.038339 -0.003624 -0.000191 0.010109 -0.052453 -0.021172 0.367933 -0.020790 0.977531 0.000191
1757663153.301241 -0.031090 -0.023079 -0.092507 0.008583 -0.009645 0.039787 -0.070382 0.029182 0.023079 0.008202 0.014653 -0.001442 -0.047494 -0.038339 -0.003624 -0.000191 0.010109 -0.052453 -0.021172 0.367933 -0.020790 0.977531 0.000191
1757663153.303239 -0.031090 -0.023079 -0.092507 0.008583 -0.009645 0.039787 -0.070382 0.029182 0.023079 0.008202 0.014653 -0.001442 -0.047494 -0.038339 -0.003624 -0.000191 0.010109 -0.052453 -0.021172 0.367933 -0.020790 0.977531 0.000191
1757663153.305235 -0.031090 -0.023079 -0.092507 0.008583 -0.009645 0.039787 -0.070382 0.029182 0.023079 0.008202 0.014653 -0.001442 -0.047494 -0.038339 -0.003624 -0.000191 0.010109 -0.052453 -0.021172 0.367933 -0.020790 0.977531 0.000191
1757663153.307239 -0.031090 -0.023079 -0.092507 0.008583 -0.009645 0.039787 -0.070382 0.029182 0.023079 0.008202 0.014653 -0.001442 -0.047494 -0.038339 -0.003624 -0.000191 0.010109 -0.052453 -0.021172 0.367933 -0.020790 0.977531 0.000191
1757663153.309238 -0.031090 -0.023079 -0.092507 0.008583 -0.009645 0.039787 -0.070382 0.029182 0.023079 0.008202 0.014653 -0.001442 -0.047494 -0.038339 -0.003624 -0.000191 0.010109 -0.052453 -0.021172 0.367933 -0.020790 0.977531 0.000191
1757663153.311337 -0.031090 -0.023079 -0.092507 0.008583 -0.009645 0.039787 -0.070382 0.029182 0.023079 0.008202 0.014653 -0.001442 -0.047494 -0.038339 -0.003624 -0.000191 0.010109 -0.052453 -0.021172 0.367933 -0.020790 0.977531 0.000191
1757663153.313263 -0.031090 -0.023079 -0.092507 0.008583 -0.009645 0.039787 -0.070382 0.029182 0.023079 0.008202 0.014653 -0.001442 -0.047494 -0.038339 -0.003624 -0.000191 0.010109 -0.052453 -0.021172 0.367933 -0.020790 0.977531 0.000191
1757663153.315296 -0.031090 -0.023079 -0.092507 0.008583 -0.009645 0.039787 -0.070382 0.029182 0.023079 0.008202 0.014653 -0.001442 -0.047494 -0.038339 -0.003624 -0.000191 0.010109 -0.052453 -0.021172 0.367933 -0.020790 0.977531 0.000191
1757663153.317271 -0.031090 -0.023079 -0.092507 0.008583 -0.009645 0.039787 -0.070382 0.029182 0.023079 0.008202 0.014653 -0.001442 -0.047494 -0.038339 -0.003624 -0.000191 0.010109 -0.052453 -0.021172 0.367933 -0.020790 0.977531 0.000191
1757663153.319240 -0.031090 -0.023079 -0.092507 0.008583 -0.009645 0.039787 -0.070382 0.029182 0.023079 0.008202 0.014653 -0.001442 -0.047494 -0.038339 -0.003624 -0.000191 0.010109 -0.052453 -0.021172 0.367933 -0.020790 0.977531 0.000191
1757663153.321244 -0.031090 -0.023079 -0.092507 0.008583 -0.009645 0.039787 -0.070382 0.029182 0.023079 0.008202 0.014653 -0.001442 -0.047494 -0.038339 -0.003624 -0.000191 0.010109 -0.052453 -0.021172 0.367933 -0.020790 0.977531 0.000191
1757663153.323236 -0.031090 -0.023079 -0.092507 0.008583 -0.009645 0.039787 -0.070382 0.029182 0.023079 0.008202 0.014653 -0.001442 -0.047494 -0.038339 -0.003624 -0.000191 0.010109 -0.052453 -0.021172 0.367933 -0.020790 0.977531 0.000191
1757663153.325236 -0.031090 -0.023079 -0.092507 0.008583 -0.009645 0.039787 -0.070382 0.029182 0.023079 0.008202 0.014653 -0.001442 -0.047494 -0.038339 -0.003624 -0.000191 0.010109 -0.052453 -0.021172 0.367933 -0.020790 0.977531 0.000191
1757663153.327239 -0.031090 -0.023079 -0.092507 0.008583 -0.009645 0.039787 -0.070382 0.029182 0.023079 0.008202 0.014653 -0.001442 -0.047494 -0.038339 -0.003624 -0.000191 0.010109 -0.052453 -0.021172 0.367933 -0.020790 0.977531 0.000191
1757663153.329235 -0.031090 -0.023079 -0.092507 0.008583 -0.009645 0.039787 -0.070382 0.029182 0.023079 0.008202 0.014653 -0.001442 -0.047494 -0.038339 -0.003624 -0.000191 0.010109 -0.052453 -0.021172 0.367933 -0.020790 0.977531 0.000191
1757663153.331237 -0.031090 -0.023079 -0.092507 0.008583 -0.009645 0.039787 -0.070382 0.029182 0.023079 0.008202 0.014653 -0.001442 -0.047494 -0.038339 -0.003624 -0.000191 0.010109 -0.052453 -0.021172 0.367933 -0.020790 0.977531 0.000191
1757663153.333237 -0.031090 -0.023079 -0.092507 0.008583 -0.009645 0.039787 -0.070382 0.029182 0.023079 0.008202 0.014653 -0.001442 -0.047494 -0.038339 -0.003624 -0.000191 0.010109 -0.052453 -0.021172 0.367933 -0.020790 0.977531 0.000191
1757663153.335237 -0.031090 -0.023079 -0.092507 0.008583 -0.009645 0.039787 -0.070382 0.029182 0.023079 0.008202 0.014653 -0.001442 -0.047494 -0.038339 -0.003624 -0.000191 0.010109 -0.052453 -0.021172 0.367933 -0.020790 0.977531 0.000191
1757663153.337238 -0.031090 -0.023079 -0.092507 0.008583 -0.009645 0.039787 -0.070382 0.029182 0.023079 0.008202 0.014653 -0.001442 -0.047494 -0.038339 -0.003624 -0.000191 0.010109 -0.052453 -0.021172 0.367933 -0.020790 0.977531 0.000191
1757663153.339235 -0.031090 -0.023079 -0.092507 0.008583 -0.009645 0.039787 -0.070382 0.029182 0.023079 0.008202 0.014653 -0.001442 -0.047494 -0.038339 -0.003624 -0.000191 0.010109 -0.052453 -0.021172 0.367933 -0.020790 0.977531 0.000191
1757663153.341234 -0.031090 -0.023079 -0.092507 0.008583 -0.009645 0.039787 -0.070382 0.029182 0.023079 0.008202 0.014653 -0.001442 -0.047494 -0.038339 -0.003624 -0.000191 0.010109 -0.052453 -0.021172 0.367933 -0.020790 0.977531 0.000191
1757663153.343273 -0.031090 -0.023079 -0.092507 0.008583 -0.009645 0.039787 -0.070382 0.029182 0.023079 0.008202 0.014653 -0.001442 -0.047494 -0.038339 -0.003624 -0.000191 0.010109 -0.052453 -0.021172 0.367933 -0.020790 0.977531 0.000191
1757663153.345248 -0.031090 -0.023079 -0.092507 0.008583 -0.009645 0.039787 -0.070382 0.029182 0.023079 0.008202 0.014653 -0.001442 -0.047494 -0.038339 -0.003624 -0.000191 0.010109 -0.052453 -0.021172 0.367933 -0.020790 0.977531 0.000191
1757663153.347247 -0.031090 -0.023079 -0.092507 0.008583 -0.009645 0.039787 -0.070382 0.029182 0.023079 0.008202 0.014653 -0.001442 -0.047494 -0.038339 -0.003624 -0.000191 0.010109 -0.052453 -0.021172 0.367933 -0.020790 0.977531 0.000191
1757663153.349246 -0.031090 -0.023079 -0.092507 0.008583 -0.009645 0.039787 -0.070382 0.029182 0.023079 0.008202 0.014653 -0.001442 -0.047494 -0.038339 -0.003624 -0.000191 0.010109 -0.052453 -0.021172 0.367933 -0.020790 0.977531 0.000191
1757663153.351256 -0.031090 -0.023079 -0.092507 0.008583 -0.009645 0.039787 -0.070382 0.029182 0.023079 0.008202 0.014653 -0.001442 -0.047494 -0.038339 -0.003624 -0.000191 0.010109 -0.052453 -0.021172 0.367933 -0.020790 0.977531 0.000191
1757663153.353242 -0.031090 -0.023079 -0.092507 0.008583 -0.009645 0.039787 -0.070382 0.029182 0.023079 0.008202 0.014653 -0.001442 -0.047494 -0.038339 -0.003624 -0.000191 0.010109 -0.052453 -0.021172 0.367933 -0.020790 0.977531 0.000191
1757663153.355240 -0.031090 -0.023079 -0.092507 0.008583 -0.009645 0.039787 -0.070382 0.029182 0.023079 0.008202 0.014653 -0.001442 -0.047494 -0.038339 -0.003624 -0.000191 0.010109 -0.052453 -0.021172 0.367933 -0.020790 0.977531 0.000191
1757663153.357239 -0.031090 -0.023079 -0.092507 0.008583 -0.009645 0.039787 -0.070382 0.029182 0.023079 0.008202 0.014653 -0.001442 -0.047494 -0.038339 -0.003624 -0.000191 0.010109 -0.052453 -0.021172 0.367933 -0.020790 0.977531 0.000191
1757663153.359238 -0.031090 -0.023079 -0.092507 0.008583 -0.009645 0.039787 -0.070382 0.029182 0.023079 0.008202 0.014653 -0.001442 -0.047494 -0.038339 -0.003624 -0.000191 0.010109 -0.052453 -0.021172 0.367933 -0.020790 0.977531 0.000191
1757663153.361239 -0.031090 -0.023079 -0.092507 0.008583 -0.009645 0.039787 -0.070382 0.029182 0.023079 0.008202 0.014653 -0.001442 -0.047494 -0.038339 -0.003624 -0.000191 0.010109 -0.052453 -0.021172 0.367933 -0.020790 0.977531 0.000191
1757663153.363236 -0.031090 -0.023079 -0.092507 0.008583 -0.009645 0.039787 -0.070382 0.029182 0.023079 0.008202 0.014653 -0.001442 -0.047494 -0.038339 -0.003624 -0.000191 0.010109 -0.052453 -0.021172 0.367933 -0.020790 0.977531 0.000191
1757663153.365237 -0.031090 -0.023079 -0.092507 0.008583 -0.009645 0.039787 -0.070382 0.029182 0.023079 0.008202 0.014653 -0.001442 -0.047494 -0.038339 -0.003624 -0.000191 0.010109 -0.052453 -0.021172 0.367933 -0.020790 0.977531 0.000191
1757663153.367236 -0.031090 -0.023079 -0.092507 0.008583 -0.009645 0.039787 -0.070382 0.029182 0.023079 0.008202 0.014653 -0.001442 -0.047494 -0.038339 -0.003624 -0.000191 0.010109 -0.052453 -0.021172 0.367933 -0.020790 0.977531 0.000191
1757663153.369236 -0.031090 -0.023079 -0.092507 0.008583 -0.009645 0.039787 -0.070382 0.029182 0.023079 0.008202 0.014653 -0.001442 -0.047494 -0.038339 -0.003624 -0.000191 0.010109 -0.052453 -0.021172 0.367933 -0.020790 0.977531 0.000191
1757663153.371235 -0.031090 -0.023079 -0.092507 0.008583 -0.009645 0.039787 -0.070382 0.029182 0.023079 0.008202 0.014653 -0.001442 -0.047494 -0.038339 -0.003624 -0.000191 0.010109 -0.052453 -0.021172 0.367933 -0.020790 0.977531 0.000191
1757663153.373236 -0.031090 -0.023079 -0.092507 0.008583 -0.009645 0.039787 -0.070382 0.029182 0.023079 0.008202 0.014653 -0.001442 -0.047494 -0.038339 -0.003624 -0.000191 0.010109 -0.052453 -0.021172 0.367933 -0.020790 0.977531 0.000191
1757663153.375252 -0.031090 -0.023079 -0.092507 0.008583 -0.009645 0.039787 -0.070382 0.029182 0.023079 0.008202 0.014653 -0.001442 -0.047494 -0.038339 -0.003624 -0.000191 0.010109 -0.052453 -0.021172 0.367933 -0.020790 0.977531 0.000191
1757663153.377244 -0.031090 -0.023079 -0.092507 0.008583 -0.009645 0.039787 -0.070382 0.029182 0.023079 0.008202 0.014653 -0.001442 -0.047494 -0.038339 -0.003624 -0.000191 0.010109 -0.052453 -0.021172 0.367933 -0.020790 0.977531 0.000191
1757663153.379244 -0.031090 -0.023079 -0.092507 0.008583 -0.009645 0.039787 -0.070382 0.029182 0.023079 0.008202 0.014653 -0.001442 -0.047494 -0.038339 -0.003624 -0.000191 0.010109 -0.052453 -0.021172 0.367933 -0.020790 0.977531 0.000191
1757663153.381244 -0.031090 -0.023079 -0.092507 0.008583 -0.009645 0.039787 -0.070382 0.029182 0.023079 0.008202 0.014653 -0.001442 -0.047494 -0.038339 -0.003624 -0.000191 0.010109 -0.052453 -0.021172 0.367933 -0.020790 0.977531 0.000191
1757663153.383247 -0.031090 -0.023079 -0.092507 0.008583 -0.009645 0.039787 -0.070382 0.029182 0.023079 0.008202 0.014653 -0.001442 -0.047494 -0.038339 -0.003624 -0.000191 0.010109 -0.052453 -0.021172 0.367933 -0.020790 0.977531 0.000191
1757663153.385237 -0.031090 -0.023079 -0.092507 0.008583 -0.009645 0.039787 -0.070382 0.029182 0.023079 0.008202 0.014653 -0.001442 -0.047494 -0.038339 -0.003624 -0.000191 0.010109 -0.052453 -0.021172 0.367933 -0.020790 0.977531 0.000191
1757663153.387239 -0.031090 -0.023079 -0.092507 0.008583 -0.009645 0.039787 -0.070382 0.029182 0.023079 0.008202 0.014653 -0.001442 -0.047494 -0.038339 -0.003624 -0.000191 0.010109 -0.052453 -0.021172 0.367933 -0.020790 0.977531 0.000191
1757663153.389238 -0.031090 -0.023079 -0.092507 0.008583 -0.009645 0.039787 -0.070382 0.029182 0.023079 0.008202 0.014653 -0.001442 -0.047494 -0.038339 -0.003624 -0.000191 0.010109 -0.052453 -0.021172 0.367933 -0.020790 0.977531 0.000191
1757663153.391237 -0.031090 -0.023079 -0.092507 0.008583 -0.009645 0.039787 -0.070382 0.029182 0.023079 0.008202 0.014653 -0.001442 -0.047494 -0.038720 -0.003624 -0.000191 0.010109 -0.052453 -0.021172 0.367933 -0.020790 0.977531 0.000191
1757663153.393236 -0.031090 -0.023079 -0.092507 0.008583 -0.009645 0.039787 -0.070382 0.029182 0.023079 0.008202 0.014653 -0.001442 -0.047494 -0.038720 -0.003624 -0.000191 0.010109 -0.052453 -0.021172 0.367933 -0.020790 0.977531 0.000191
1757663153.395235 -0.031090 -0.023079 -0.092507 0.008583 -0.009645 0.039787 -0.070382 0.029182 0.023079 0.008202 0.014653 -0.001442 -0.047494 -0.038720 -0.003624 -0.000191 0.010109 -0.052453 -0.021172 0.367933 -0.020790 0.977531 0.000191
1757663153.397236 -0.031090 -0.023079 -0.092507 0.008583 -0.009645 0.039787 -0.070382 0.029182 0.023079 0.008202 0.014653 -0.001442 -0.047494 -0.038720 -0.003624 -0.000191 0.010109 -0.052453 -0.021172 0.367933 -0.020790 0.977531 0.000191
1757663153.399238 -0.031090 -0.023079 -0.092507 0.008583 -0.009645 0.039787 -0.070382 0.029182 0.023079 0.008202 0.014653 -0.001442 -0.047494 -0.038339 -0.003624 -0.000191 0.010109 -0.052453 -0.021172 0.367933 -0.020790 0.977531 0.000191
1757663153.401240 -0.031090 -0.023079 -0.092507 0.008583 -0.009645 0.039787 -0.070382 0.029182 0.023079 0.008202 0.014653 -0.001442 -0.047494 -0.038339 -0.003624 -0.000191 0.010109 -0.052453 -0.021172 0.367933 -0.020790 0.977531 0.000191
1757663153.403236 -0.031090 -0.023079 -0.092507 0.008583 -0.009645 0.039787 -0.070382 0.029182 0.023079 0.008202 0.014653 -0.001442 -0.047494 -0.038720 -0.003624 -0.000191 0.010109 -0.052453 -0.021172 0.367933 -0.020790 0.977531 0.000191
1757663153.405305 -0.031090 -0.023079 -0.092507 0.008583 -0.009645 0.039787 -0.070382 0.029182 0.023079 0.008202 0.014653 -0.001442 -0.047494 -0.038720 -0.003624 -0.000191 0.010109 -0.052453 -0.021172 0.367933 -0.020790 0.977531 0.000191
1757663153.407252 -0.031090 -0.023079 -0.092507 0.008583 -0.009645 0.039787 -0.070382 0.029182 0.023079 0.008202 0.014653 -0.001442 -0.047494 -0.038720 -0.003624 -0.000191 0.010109 -0.052453 -0.021172 0.367933 -0.020790 0.977531 0.000191
1757663153.409244 -0.031090 -0.023079 -0.092507 0.008583 -0.009645 0.039787 -0.070382 0.029182 0.023079 0.008202 0.014653 -0.001442 -0.047494 -0.038720 -0.003624 -0.000191 0.010109 -0.052453 -0.021172 0.367933 -0.020790 0.977531 0.000191
1757663153.411260 -0.031090 -0.023079 -0.092507 0.008583 -0.009645 0.039787 -0.070382 0.029182 0.023079 0.008202 0.014653 -0.001442 -0.047494 -0.038339 -0.003624 -0.000191 0.010109 -0.052453 -0.021172 0.367933 -0.020790 0.977531 0.000191
1757663153.413279 -0.031090 -0.023079 -0.092507 0.008583 -0.009645 0.039787 -0.070382 0.029182 0.023079 0.008202 0.014653 -0.001442 -0.047494 -0.038720 -0.003624 -0.000191 0.010109 -0.052453 -0.021172 0.367933 -0.020790 0.977531 0.000191
1757663153.415244 -0.031090 -0.023079 -0.092507 0.008583 -0.009645 0.039787 -0.070382 0.029182 0.023079 0.008202 0.014653 -0.001442 -0.047494 -0.038720 -0.003624 -0.000191 0.010109 -0.052453 -0.021172 0.367933 -0.020790 0.977531 0.000191
1757663153.417246 -0.031090 -0.023079 -0.092507 0.008583 -0.009645 0.039787 -0.070382 0.029182 0.023079 0.008202 0.014653 -0.001442 -0.047494 -0.038720 -0.003624 -0.000191 0.010109 -0.052453 -0.021172 0.367933 -0.020790 0.977531 0.000191
1757663153.419235 -0.031090 -0.023079 -0.092507 0.008583 -0.009645 0.039787 -0.070382 0.029182 0.023079 0.008202 0.014653 -0.001442 -0.047494 -0.038720 -0.003624 -0.000191 0.010109 -0.052453 -0.021172 0.367933 -0.020790 0.977531 0.000191
1757663153.421235 -0.031090 -0.023079 -0.092507 0.008583 -0.009645 0.039787 -0.070382 0.029182 0.023079 0.008202 0.014653 -0.001442 -0.047494 -0.038720 -0.003624 -0.000191 0.010109 -0.052453 -0.021172 0.367933 -0.020790 0.977531 0.000191
1757663153.423236 -0.031090 -0.023079 -0.092507 0.008583 -0.009645 0.039787 -0.070382 0.029182 0.023079 0.008202 0.014653 -0.001442 -0.047494 -0.038339 -0.003624 -0.000191 0.010109 -0.052453 -0.021172 0.367933 -0.020790 0.977531 0.000191
1757663153.425239 -0.031090 -0.023079 -0.092507 0.008583 -0.009645 0.039787 -0.070382 0.029182 0.023079 0.008202 0.014653 -0.001442 -0.047494 -0.038339 -0.003624 -0.000191 0.010109 -0.052453 -0.021172 0.367933 -0.020790 0.977531 0.000191
1757663153.427235 -0.031090 -0.023079 -0.092507 0.008583 -0.009645 0.039787 -0.070382 0.029182 0.023079 0.008202 0.014653 -0.001442 -0.047494 -0.038720 -0.003624 -0.000191 0.010109 -0.052453 -0.021172 0.367933 -0.020790 0.977531 0.000191
1757663153.429235 -0.031090 -0.023079 -0.092507 0.008583 -0.009645 0.039787 -0.070382 0.029182 0.023079 0.008202 0.014653 -0.001442 -0.047494 -0.038720 -0.003624 -0.000191 0.010109 -0.052453 -0.021172 0.367933 -0.020790 0.977531 0.000191
1757663153.431232 -0.031090 -0.023079 -0.092507 0.008583 -0.009645 0.039787 -0.070382 0.029182 0.023079 0.008202 0.014653 -0.001442 -0.047494 -0.038339 -0.003624 -0.000191 0.010109 -0.052453 -0.021172 0.367933 -0.020790 0.977531 0.000191
1757663153.433237 -0.031090 -0.023079 -0.092507 0.008583 -0.009645 0.039787 -0.070382 0.029182 0.023079 0.008202 0.014653 -0.001442 -0.047494 -0.038339 -0.003624 -0.000191 0.010109 -0.052453 -0.021172 0.367933 -0.020790 0.977531 0.000191
1757663153.435232 -0.031090 -0.023079 -0.092507 0.008583 -0.009645 0.039787 -0.070382 0.029182 0.023079 0.008202 0.014653 -0.001442 -0.047494 -0.038339 -0.003624 -0.000191 0.010109 -0.052453 -0.021172 0.367933 -0.020790 0.977531 0.000191
1757663153.437269 -0.031090 -0.023079 -0.092507 0.008583 -0.009645 0.039787 -0.070382 0.029182 0.023079 0.008202 0.014653 -0.001442 -0.047494 -0.038720 -0.003624 -0.000191 0.010109 -0.052453 -0.021172 0.367933 -0.020790 0.977531 0.000191
1757663153.439271 -0.031090 -0.023079 -0.092507 0.008583 -0.009645 0.039787 -0.070382 0.029182 0.023079 0.008202 0.014653 -0.001442 -0.047494 -0.038720 -0.003624 -0.000191 0.010109 -0.052453 -0.021172 0.367933 -0.020790 0.977531 0.000191
1757663153.441246 -0.031090 -0.023079 -0.092507 0.008583 -0.009645 0.039787 -0.070382 0.029182 0.023079 0.008202 0.014653 -0.001442 -0.047494 -0.038720 -0.003624 -0.000191 0.010109 -0.052453 -0.021172 0.367933 -0.020790 0.977531 0.000191
1757663153.443243 -0.031090 -0.023079 -0.092507 0.008583 -0.009645 0.039787 -0.070382 0.029182 0.023079 0.008202 0.014653 -0.001442 -0.047494 -0.038339 -0.003624 -0.000191 0.010109 -0.052453 -0.021172 0.367933 -0.020790 0.977531 0.000191
1757663153.445246 -0.031090 -0.023079 -0.092507 0.008583 -0.009645 0.039787 -0.070382 0.029182 0.023079 0.008202 0.014653 -0.001442 -0.047494 -0.038720 -0.003624 -0.000191 0.010109 -0.052453 -0.021172 0.367933 -0.020790 0.977531 0.000191
1757663153.447239 -0.031090 -0.023079 -0.092507 0.008583 -0.009645 0.039787 -0.070382 0.029182 0.023079 0.008202 0.014653 -0.001442 -0.047494 -0.038720 -0.003624 -0.000191 0.010109 -0.052453 -0.021172 0.367933 -0.020790 0.977531 0.000191
1757663153.449236 -0.031090 -0.023079 -0.092507 0.008583 -0.009645 0.039787 -0.070382 0.029182 0.023079 0.008202 0.014653 -0.001442 -0.047494 -0.038720 -0.003624 -0.000191 0.010109 -0.052453 -0.021172 0.367933 -0.020790 0.977531 0.000191
1757663153.451236 -0.031090 -0.023079 -0.092507 0.008583 -0.009645 0.039787 -0.070382 0.029182 0.023079 0.008202 0.014653 -0.001442 -0.047494 -0.038339 -0.003624 -0.000191 0.010109 -0.052453 -0.021172 0.367933 -0.020790 0.977531 0.000191
1757663153.453233 -0.031090 -0.023079 -0.092507 0.008583 -0.009645 0.039787 -0.070382 0.029182 0.023079 0.008202 0.014653 -0.001442 -0.047494 -0.038720 -0.003624 -0.000191 0.010109 -0.052453 -0.021172 0.367933 -0.020790 0.977531 0.000191
1757663153.455280 -0.031090 -0.023079 -0.092507 0.008583 -0.009645 0.039787 -0.070382 0.029182 0.023079 0.008202 0.014653 -0.001442 -0.047494 -0.038720 -0.003624 -0.000191 0.010109 -0.052453 -0.021172 0.367933 -0.020790 0.977531 0.000191
1757663153.457260 -0.031090 -0.023079 -0.092507 0.008583 -0.009645 0.039787 -0.070382 0.029182 0.023079 0.008202 0.014653 -0.001442 -0.047494 -0.038720 -0.003624 -0.000191 0.010109 -0.052453 -0.021172 0.367933 -0.020790 0.977531 0.000191
1757663153.459237 -0.031090 -0.023079 -0.092507 0.008583 -0.009645 0.039787 -0.070382 0.029182 0.023079 0.008202 0.014653 -0.001442 -0.047494 -0.038720 -0.003624 -0.000191 0.010109 -0.052453 -0.021172 0.367933 -0.020790 0.977531 0.000191
1757663153.461236 -0.031090 -0.023079 -0.092507 0.008583 -0.009645 0.039787 -0.070382 0.029182 0.023079 0.008202 0.014653 -0.001442 -0.047494 -0.038339 -0.003624 -0.000191 0.010109 -0.052453 -0.021172 0.367933 -0.020790 0.977531 0.000191
1757663153.463235 -0.031090 -0.023079 -0.092507 0.008583 -0.009645 0.039787 -0.070382 0.029182 0.023079 0.008202 0.014653 -0.001442 -0.047494 -0.038339 -0.003624 -0.000191 0.010109 -0.052453 -0.021172 0.367933 -0.020790 0.977531 0.000191
1757663153.465235 -0.031090 -0.023079 -0.092507 0.008583 -0.009645 0.039787 -0.070382 0.029182 0.023079 0.008202 0.014653 -0.001442 -0.047494 -0.038720 -0.003624 -0.000191 0.010109 -0.052453 -0.021172 0.367933 -0.020790 0.977531 0.000191
1757663153.467297 -0.031090 -0.023079 -0.092507 0.008583 -0.009645 0.039787 -0.070382 0.029182 0.023079 0.008202 0.014653 -0.001442 -0.047494 -0.038339 -0.003624 -0.000191 0.010109 -0.052453 -0.021172 0.367933 -0.020790 0.977531 0.000191
1757663153.469257 -0.031090 -0.023079 -0.092507 0.008583 -0.009645 0.039787 -0.070382 0.029182 0.023079 0.008202 0.014653 -0.001442 -0.047494 -0.038720 -0.003624 -0.000191 0.010109 -0.052453 -0.021172 0.367933 -0.020790 0.977531 0.000191
1757663153.471248 -0.031090 -0.023079 -0.092507 0.008583 -0.009645 0.039787 -0.070382 0.029182 0.023079 0.008202 0.014653 -0.001442 -0.047494 -0.038720 -0.003624 -0.000191 0.010109 -0.052453 -0.021172 0.367933 -0.020790 0.977531 0.000191
1757663153.473240 -0.031090 -0.023079 -0.092507 0.008583 -0.009645 0.039787 -0.070382 0.029182 0.023079 0.008202 0.014653 -0.001442 -0.047494 -0.038720 -0.003624 -0.000191 0.010109 -0.052453 -0.021172 0.367933 -0.020790 0.977531 0.000191
1757663153.475289 -0.031090 -0.023079 -0.092507 0.008583 -0.009645 0.039787 -0.070382 0.029182 0.023079 0.008202 0.014653 -0.001442 -0.047494 -0.038339 -0.003624 -0.000191 0.010109 -0.052453 -0.021172 0.367933 -0.020790 0.977531 0.000191
1757663153.477283 -0.031090 -0.023079 -0.092507 0.008583 -0.009645 0.039787 -0.070382 0.029182 0.023079 0.008202 0.014653 -0.001442 -0.047494 -0.038339 -0.003624 -0.000191 0.010109 -0.052453 -0.021172 0.367933 -0.020790 0.977531 0.000191
1757663153.479246 -0.031090 -0.023079 -0.092507 0.008583 -0.009645 0.039787 -0.070382 0.029182 0.023079 0.008202 0.014653 -0.001442 -0.047494 -0.038339 -0.003624 -0.000191 0.010109 -0.052453 -0.021172 0.367933 -0.020790 0.977531 0.000191
1757663153.481238 -0.031090 -0.023079 -0.092507 0.008583 -0.009645 0.039787 -0.070382 0.029182 0.023079 0.008202 0.014653 -0.001442 -0.047494 -0.038720 -0.003624 -0.000191 0.010109 -0.052453 -0.021172 0.367933 -0.020790 0.977531 0.000191
1757663153.483239 -0.031090 -0.023079 -0.092507 0.008583 -0.009645 0.039787 -0.070382 0.029182 0.023079 0.008202 0.014653 -0.001442 -0.047494 -0.038720 -0.003624 -0.000191 0.010109 -0.052453 -0.021172 0.367933 -0.020790 0.977531 0.000191
1757663153.485236 -0.031090 -0.023079 -0.092507 0.008583 -0.009645 0.039787 -0.070382 0.029182 0.023079 0.008202 0.014653 -0.001442 -0.047494 -0.038720 -0.003624 -0.000191 0.010109 -0.052453 -0.021172 0.367933 -0.020790 0.977531 0.000191
1757663153.487236 -0.031090 -0.023079 -0.092507 0.008583 -0.009645 0.039787 -0.070382 0.029182 0.023079 0.008202 0.014653 -0.001442 -0.047494 -0.038720 -0.003624 -0.000191 0.010109 -0.052453 -0.021172 0.367933 -0.020790 0.977531 0.000191
1757663153.489245 -0.031090 -0.023079 -0.092507 0.008583 -0.009645 0.039787 -0.070382 0.029182 0.023079 0.008202 0.014653 -0.001442 -0.047494 -0.038720 -0.003624 -0.000191 0.010109 -0.052453 -0.021172 0.367933 -0.020790 0.977531 0.000191
1757663153.491247 -0.031090 -0.023079 -0.092507 0.008583 -0.009645 0.039787 -0.070382 0.029182 0.023079 0.008202 0.014653 -0.001442 -0.047494 -0.038339 -0.003624 -0.000191 0.010109 -0.052453 -0.021172 0.367933 -0.020790 0.977531 0.000191
1757663153.493311 -0.031090 -0.023079 -0.092507 0.008583 -0.009645 0.039787 -0.070382 0.029182 0.023079 0.008202 0.014653 -0.001442 -0.047494 -0.038720 -0.003624 -0.000191 0.010109 -0.052453 -0.021172 0.367933 -0.020790 0.977531 0.000191
1757663153.495252 -0.031090 -0.023079 -0.092507 0.008583 -0.009645 0.039787 -0.070382 0.029182 0.023079 0.008202 0.014653 -0.001442 -0.047494 -0.038720 -0.003624 -0.000191 0.010109 -0.052453 -0.021172 0.367933 -0.020790 0.977531 0.000191
1757663153.497241 -0.031090 -0.023079 -0.092507 0.008583 -0.009645 0.039787 -0.070382 0.029182 0.023079 0.008202 0.014653 -0.001442 -0.047494 -0.038339 -0.003624 -0.000191 0.010109 -0.052453 -0.021172 0.367933 -0.020790 0.977531 0.000191
1757663153.499274 -0.031090 -0.023079 -0.092507 0.008583 -0.009645 0.039787 -0.070382 0.029182 0.023079 0.008202 0.014653 -0.001442 -0.047494 -0.038720 -0.003624 -0.000191 0.010109 -0.052453 -0.021172 0.367933 -0.020790 0.977531 0.000191
1757663153.501310 -0.031090 -0.023079 -0.092507 0.008583 -0.009645 0.039787 -0.070382 0.029182 0.023079 0.008202 0.014653 -0.001442 -0.047494 -0.038720 -0.003624 -0.000191 0.010109 -0.052453 -0.021172 0.367933 -0.020790 0.977531 0.000191
1757663153.503288 -0.031090 -0.023079 -0.092507 0.008583 -0.009645 0.039787 -0.070382 0.029182 0.023079 0.008202 0.014653 -0.001442 -0.047494 -0.038720 -0.003624 -0.000191 0.010109 -0.052453 -0.021172 0.367933 -0.020790 0.977531 0.000191
1757663153.505259 -0.031090 -0.023079 -0.092507 0.008583 -0.009645 0.039787 -0.070382 0.029182 0.023079 0.008202 0.014653 -0.001442 -0.047494 -0.038720 -0.003624 -0.000191 0.010109 -0.052453 -0.021172 0.367933 -0.020790 0.977531 0.000191
1757663153.507267 -0.031090 -0.023079 -0.092507 0.008583 -0.009645 0.039787 -0.070382 0.029182 0.023079 0.008202 0.014653 -0.001442 -0.047494 -0.038339 -0.003624 -0.000191 0.010109 -0.052453 -0.021172 0.367933 -0.020790 0.977531 0.000191
1757663153.509241 -0.031090 -0.023079 -0.092507 0.008583 -0.009645 0.039787 -0.070382 0.029182 0.023079 0.008202 0.014653 -0.001442 -0.047494 -0.038720 -0.003624 -0.000191 0.010109 -0.052453 -0.021172 0.367933 -0.020790 0.977531 0.000191
1757663153.511239 -0.031090 -0.023079 -0.092507 0.008583 -0.009645 0.039787 -0.070382 0.029182 0.023079 0.008202 0.014653 -0.001442 -0.047494 -0.038720 -0.003624 -0.000191 0.010109 -0.052453 -0.021172 0.367933 -0.020790 0.977531 0.000191
1757663153.513259 -0.031090 -0.023079 -0.092507 0.008583 -0.009645 0.039787 -0.070382 0.029182 0.023079 0.008202 0.014653 -0.001442 -0.047494 -0.038720 -0.003624 -0.000191 0.010109 -0.052453 -0.021172 0.367933 -0.020790 0.977531 0.000191
1757663153.515239 -0.031090 -0.023079 -0.092507 0.008583 -0.009645 0.039787 -0.070382 0.029182 0.023079 0.008202 0.014653 -0.001442 -0.047494 -0.038339 -0.003624 -0.000191 0.010109 -0.052453 -0.021172 0.367933 -0.020790 0.977531 0.000191
1757663153.517239 -0.031090 -0.023079 -0.092507 0.008583 -0.009645 0.039787 -0.070382 0.029182 0.023079 0.008202 0.014653 -0.001442 -0.047494 -0.038720 -0.003624 -0.000191 0.010109 -0.052453 -0.021172 0.367933 -0.020790 0.977531 0.000191
1757663153.519239 -0.031090 -0.023079 -0.092507 0.008583 -0.009645 0.039787 -0.070382 0.029182 0.023079 0.008202 0.014653 -0.001442 -0.047494 -0.038720 -0.003624 -0.000191 0.010109 -0.052453 -0.021172 0.367933 -0.020790 0.977531 0.000191
1757663153.521260 -0.031090 -0.023079 -0.092507 0.008583 -0.009645 0.039787 -0.070382 0.029182 0.023079 0.008202 0.014653 -0.001442 -0.047494 -0.038720 -0.003624 -0.000191 0.010109 -0.052453 -0.021172 0.367933 -0.020790 0.977531 0.000191
1757663153.523255 -0.031090 -0.023079 -0.092507 0.008583 -0.009645 0.039787 -0.070382 0.029182 0.023079 0.008202 0.014653 -0.001442 -0.047494 -0.038720 -0.003624 -0.000191 0.010109 -0.052453 -0.021172 0.367933 -0.020790 0.977531 0.000191
1757663153.525256 -0.031090 -0.023079 -0.092507 0.008583 -0.009645 0.039787 -0.070382 0.029182 0.023079 0.008202 0.014653 -0.001442 -0.047494 -0.038720 -0.003624 -0.000191 0.010109 -0.052453 -0.021172 0.367933 -0.020790 0.977531 0.000191
1757663153.527234 -0.031090 -0.023079 -0.092507 0.008583 -0.009645 0.039787 -0.070382 0.029182 0.023079 0.008202 0.014653 -0.001442 -0.047494 -0.038339 -0.003624 -0.000191 0.010109 -0.052453 -0.021172 0.367933 -0.020790 0.977531 0.000191
1757663153.529248 -0.031090 -0.023079 -0.092507 0.008583 -0.009645 0.039787 -0.070382 0.029182 0.023079 0.008202 0.014653 -0.001442 -0.047494 -0.038720 -0.003624 -0.000191 0.010109 -0.052453 -0.021172 0.367933 -0.020790 0.977531 0.000191
1757663153.531327 -0.031090 -0.023079 -0.092507 0.008583 -0.009645 0.039787 -0.070382 0.029182 0.023079 0.008202 0.014653 -0.001442 -0.047494 -0.038720 -0.003624 -0.000191 0.010109 -0.052453 -0.021172 0.367933 -0.020790 0.977531 0.000191
1757663153.533245 -0.031090 -0.023079 -0.092507 0.008583 -0.009645 0.039787 -0.070382 0.029182 0.023079 0.008202 0.014653 -0.001442 -0.047494 -0.038339 -0.003624 -0.000191 0.010109 -0.052453 -0.021172 0.367933 -0.020790 0.977531 0.000191
1757663153.535261 -0.031090 -0.023079 -0.092507 0.008583 -0.009645 0.039787 -0.070382 0.029182 0.023079 0.008202 0.014653 -0.001442 -0.047494 -0.038339 -0.003624 -0.000191 0.010109 -0.052453 -0.021172 0.367933 -0.020790 0.977531 0.000191
1757663153.537276 -0.031090 -0.023079 -0.092507 0.008583 -0.009645 0.039787 -0.070382 0.029182 0.023079 0.008202 0.014653 -0.001442 -0.047494 -0.038339 -0.003624 -0.000191 0.010109 -0.052453 -0.021172 0.367933 -0.020790 0.977531 0.000191
1757663153.539301 -0.031090 -0.023079 -0.092507 0.008583 -0.009645 0.039787 -0.070382 0.029182 0.023079 0.008202 0.014653 -0.001442 -0.047494 -0.038339 -0.003624 -0.000191 0.010109 -0.052453 -0.021172 0.367933 -0.020790 0.977531 0.000191
1757663153.541239 -0.031090 -0.023079 -0.092507 0.008583 -0.009645 0.039787 -0.070382 0.029182 0.023079 0.008202 0.014653 -0.001442 -0.047494 -0.038339 -0.003624 -0.000191 0.010109 -0.052453 -0.021172 0.367933 -0.020790 0.977531 0.000191
1757663153.543242 -0.031090 -0.023079 -0.092507 0.008583 -0.009645 0.039787 -0.070382 0.029182 0.023079 0.008202 0.014653 -0.001442 -0.047494 -0.038339 -0.003624 -0.000191 0.010109 -0.052453 -0.021172 0.367933 -0.020790 0.977531 0.000191
1757663153.545234 -0.031090 -0.023079 -0.092507 0.008583 -0.009645 0.039787 -0.070382 0.029182 0.023079 0.008202 0.014653 -0.001442 -0.047494 -0.038339 -0.003624 -0.000191 0.010109 -0.052453 -0.021172 0.367933 -0.020790 0.977531 0.000191
1757663153.547244 -0.031090 -0.023079 -0.092507 0.008583 -0.009645 0.039787 -0.070382 0.029182 0.023079 0.008202 0.014653 -0.001442 -0.047494 -0.038339 -0.003624 -0.000191 0.010109 -0.052453 -0.021172 0.367933 -0.020790 0.977531 0.000191
1757663153.549246 -0.031090 -0.023079 -0.092507 0.008583 -0.009645 0.039787 -0.070382 0.029182 0.023079 0.008202 0.014653 -0.001442 -0.047494 -0.038720 -0.003624 -0.000191 0.010109 -0.052453 -0.021172 0.367933 -0.020790 0.977531 0.000191
1757663153.551240 -0.031090 -0.023079 -0.092507 0.008583 -0.009645 0.039787 -0.070382 0.029182 0.023079 0.008202 0.014653 -0.001442 -0.047494 -0.038720 -0.003624 -0.000191 0.010109 -0.052453 -0.021172 0.367933 -0.020790 0.977531 0.000191
1757663153.553250 -0.031090 -0.023079 -0.092507 0.008583 -0.009645 0.039787 -0.070382 0.029182 0.023079 0.008202 0.014653 -0.001442 -0.047494 -0.038720 -0.003624 -0.000191 0.010109 -0.052453 -0.021172 0.367933 -0.020790 0.977531 0.000191
1757663153.555238 -0.031090 -0.023079 -0.092507 0.008583 -0.009645 0.039787 -0.070382 0.029182 0.023079 0.008202 0.014653 -0.001442 -0.047494 -0.038339 -0.003624 -0.000191 0.010109 -0.052453 -0.021172 0.367933 -0.020790 0.977531 0.000191
1757663153.557234 -0.031090 -0.023079 -0.092507 0.008583 -0.009645 0.039787 -0.070382 0.029182 0.023079 0.008202 0.014653 -0.001442 -0.047494 -0.038339 -0.003624 -0.000191 0.010109 -0.052453 -0.021172 0.367933 -0.020790 0.977531 0.000191
1757663153.559240 -0.031090 -0.023079 -0.092507 0.008583 -0.009645 0.039787 -0.070382 0.029182 0.023079 0.008202 0.014653 -0.001442 -0.047494 -0.038339 -0.003624 -0.000191 0.010109 -0.052453 -0.021172 0.367933 -0.020790 0.977531 0.000191
1757663153.561241 -0.031090 -0.023079 -0.092507 0.008583 -0.009645 0.039787 -0.070382 0.029182 0.023079 0.008202 0.014653 -0.001442 -0.047494 -0.038339 -0.003624 -0.000191 0.010109 -0.052453 -0.021172 0.367933 -0.020790 0.977531 0.000191
1757663153.563323 -0.031090 -0.023079 -0.092507 0.008583 -0.009645 0.039787 -0.070382 0.029182 0.023079 0.008202 0.014653 -0.001442 -0.047494 -0.038339 -0.003624 -0.000191 0.010109 -0.052453 -0.021172 0.367933 -0.020790 0.977531 0.000191
1757663153.565257 -0.031090 -0.023079 -0.092507 0.008583 -0.009645 0.039787 -0.070382 0.029182 0.023079 0.008202 0.014653 -0.001442 -0.047494 -0.038339 -0.003624 -0.000191 0.010109 -0.052453 -0.021172 0.367933 -0.020790 0.977531 0.000191
1757663153.567256 -0.031090 -0.023079 -0.092507 0.008583 -0.009645 0.039787 -0.070382 0.029182 0.023079 0.008202 0.014653 -0.001442 -0.047494 -0.038339 -0.003624 -0.000191 0.010109 -0.052453 -0.021172 0.367933 -0.020790 0.977531 0.000191
1757663153.569235 -0.031090 -0.023079 -0.092507 0.008583 -0.009645 0.039787 -0.070382 0.029182 0.023079 0.008202 0.014653 -0.001442 -0.047494 -0.038339 -0.003624 -0.000191 0.010109 -0.052453 -0.021172 0.367933 -0.020790 0.977531 0.000191
1757663153.571239 -0.031090 -0.023079 -0.092507 0.008583 -0.009645 0.039787 -0.070382 0.029182 0.023079 0.008202 0.014653 -0.001442 -0.047494 -0.038339 -0.003624 -0.000191 0.010109 -0.052453 -0.021172 0.367933 -0.020790 0.977531 0.000191
1757663153.573241 -0.031090 -0.023079 -0.092507 0.008583 -0.009645 0.039787 -0.070382 0.029182 0.023079 0.008202 0.014653 -0.001442 -0.047494 -0.038339 -0.003624 -0.000191 0.010109 -0.052453 -0.021172 0.367933 -0.020790 0.977531 0.000191
1757663153.575239 -0.031090 -0.023079 -0.092507 0.008583 -0.009645 0.039787 -0.070382 0.029182 0.023079 0.008202 0.014653 -0.001442 -0.047494 -0.038339 -0.003624 -0.000191 0.010109 -0.052453 -0.021172 0.367933 -0.020790 0.977531 0.000191
1757663153.577246 -0.031090 -0.023079 -0.092507 0.008583 -0.009645 0.039787 -0.070382 0.029182 0.023079 0.008202 0.014653 -0.001442 -0.047494 -0.038339 -0.003624 -0.000191 0.010109 -0.052453 -0.021172 0.367933 -0.020790 0.977531 0.000191
1757663153.579239 -0.031090 -0.023079 -0.092507 0.008583 -0.009645 0.039787 -0.070382 0.029182 0.023079 0.008202 0.014653 -0.001442 -0.047494 -0.038339 -0.003624 -0.000191 0.010109 -0.052453 -0.021172 0.367933 -0.020790 0.977531 0.000191
1757663153.581239 -0.031090 -0.023079 -0.092507 0.008583 -0.009645 0.039787 -0.070382 0.029182 0.023079 0.008202 0.014653 -0.001442 -0.047494 -0.038720 -0.003624 -0.000191 0.010109 -0.052453 -0.021172 0.367933 -0.020790 0.977531 0.000191
1757663153.583239 -0.031090 -0.023079 -0.092507 0.008583 -0.009645 0.039787 -0.070382 0.029182 0.023079 0.008202 0.014653 -0.001442 -0.047494 -0.038339 -0.003624 -0.000191 0.010109 -0.052453 -0.021172 0.367933 -0.020790 0.977531 0.000191
1757663153.585247 -0.031090 -0.023079 -0.092507 0.008583 -0.009645 0.039787 -0.070382 0.029182 0.023079 0.008202 0.014653 -0.001442 -0.047494 -0.038339 -0.003624 -0.000191 0.010109 -0.052453 -0.021172 0.367933 -0.020790 0.977531 0.000191
1757663153.587236 -0.031090 -0.023079 -0.092507 0.008583 -0.009645 0.039787 -0.070382 0.029182 0.023079 0.008202 0.014653 -0.001442 -0.047494 -0.038720 -0.003624 -0.000191 0.010109 -0.052453 -0.021172 0.367933 -0.020790 0.977531 0.000191
1757663153.589239 -0.031090 -0.023079 -0.092507 0.008583 -0.009645 0.039787 -0.070382 0.029182 0.023079 0.008202 0.014653 -0.001442 -0.047494 -0.038339 -0.003624 -0.000191 0.010109 -0.052453 -0.021172 0.367933 -0.020790 0.977531 0.000191
1757663153.591237 -0.031090 -0.023079 -0.092507 0.008583 -0.009645 0.039787 -0.070382 0.029182 0.023079 0.008202 0.014653 -0.001442 -0.047494 -0.038339 -0.003624 -0.000191 0.010109 -0.052453 -0.021172 0.367933 -0.020790 0.977531 0.000191
1757663153.593246 -0.031090 -0.023079 -0.092507 0.008583 -0.009645 0.039787 -0.070382 0.029182 0.023079 0.008202 0.014653 -0.001442 -0.047494 -0.038339 -0.003624 -0.000191 0.010109 -0.052453 -0.021172 0.367933 -0.020790 0.977531 0.000191
1757663153.595343 -0.031090 -0.023079 -0.092507 0.008583 -0.009645 0.039787 -0.070382 0.029182 0.023079 0.008202 0.014653 -0.001442 -0.047494 -0.038720 -0.003624 -0.000191 0.010109 -0.052453 -0.021172 0.367933 -0.020790 0.977531 0.000191
1757663153.597247 -0.031090 -0.023079 -0.092507 0.008583 -0.009645 0.039787 -0.070382 0.029182 0.023079 0.008202 0.014653 -0.001442 -0.047494 -0.038339 -0.003624 -0.000191 0.010109 -0.052453 -0.021172 0.367933 -0.020790 0.977531 0.000191
1757663153.599263 -0.031090 -0.023079 -0.092507 0.008583 -0.009645 0.039787 -0.070382 0.029182 0.023079 0.008202 0.014653 -0.001442 -0.047494 -0.038339 -0.003624 -0.000191 0.010109 -0.052453 -0.021172 0.367933 -0.020790 0.977531 0.000191
1757663153.601241 -0.031090 -0.023079 -0.092507 0.008583 -0.009645 0.039787 -0.070382 0.029182 0.023079 0.008202 0.014653 -0.001442 -0.047494 -0.038339 -0.003624 -0.000191 0.010109 -0.052453 -0.021172 0.367933 -0.020790 0.977531 0.000191
1757663153.603245 -0.031090 -0.023079 -0.092507 0.008583 -0.009645 0.039787 -0.070382 0.029182 0.023079 0.008202 0.014653 -0.001442 -0.047494 -0.038339 -0.003624 -0.000191 0.010109 -0.052453 -0.021172 0.367933 -0.020790 0.977531 0.000191
1757663153.605237 -0.031090 -0.023079 -0.092507 0.008583 -0.009645 0.039787 -0.070382 0.029182 0.023079 0.008202 0.014653 -0.001442 -0.047494 -0.038339 -0.003624 -0.000191 0.010109 -0.052453 -0.021172 0.367933 -0.020790 0.977531 0.000191
1757663153.607234 -0.031090 -0.023079 -0.092507 0.008583 -0.009645 0.039787 -0.070382 0.029182 0.023079 0.008202 0.014653 -0.001442 -0.047494 -0.038339 -0.003624 -0.000191 0.010109 -0.052453 -0.021172 0.367933 -0.020790 0.977531 0.000191
1757663153.609247 -0.031090 -0.023079 -0.092507 0.008583 -0.009645 0.039787 -0.070382 0.029182 0.023079 0.008202 0.014653 -0.001442 -0.047494 -0.038339 -0.003624 -0.000191 0.010109 -0.052453 -0.021172 0.367933 -0.020790 0.977531 0.000191
1757663153.611239 -0.031090 -0.023079 -0.092507 0.008583 -0.009645 0.039787 -0.070382 0.029182 0.023079 0.008202 0.014653 -0.001442 -0.047494 -0.038339 -0.003624 -0.000191 0.010109 -0.052453 -0.021172 0.367933 -0.020790 0.977531 0.000191
1757663153.613236 -0.031090 -0.023079 -0.092507 0.008583 -0.009645 0.039787 -0.070382 0.029182 0.023079 0.008202 0.014653 -0.001442 -0.047494 -0.038339 -0.003624 -0.000191 0.010109 -0.052453 -0.021172 0.367933 -0.020790 0.977531 0.000191
1757663153.615235 -0.031090 -0.023079 -0.092507 0.008583 -0.009645 0.039787 -0.070382 0.029182 0.023079 0.008202 0.014653 -0.001442 -0.047494 -0.038339 -0.003624 -0.000191 0.010109 -0.052453 -0.021172 0.367933 -0.020790 0.977531 0.000191
1757663153.617234 -0.031090 -0.023079 -0.092507 0.008583 -0.009645 0.039787 -0.070382 0.029182 0.023079 0.008202 0.014653 -0.001442 -0.047494 -0.038339 -0.003624 -0.000191 0.010109 -0.052453 -0.021172 0.367933 -0.020790 0.977531 0.000191
1757663153.619237 -0.031090 -0.023079 -0.092507 0.008583 -0.009645 0.039787 -0.070382 0.029182 0.023079 0.008202 0.014653 -0.001442 -0.047494 -0.038339 -0.003624 -0.000191 0.010109 -0.052453 -0.021172 0.367933 -0.020790 0.977531 0.000191
1757663153.621235 -0.031090 -0.023079 -0.092507 0.008583 -0.009645 0.039787 -0.070382 0.029182 0.023079 0.008202 0.014653 -0.001442 -0.047494 -0.038339 -0.003624 -0.000191 0.010109 -0.052453 -0.021172 0.367933 -0.020790 0.977531 0.000191
1757663153.623239 -0.031090 -0.023079 -0.092507 0.008583 -0.009645 0.039787 -0.070382 0.029182 0.023079 0.008202 0.014653 -0.001442 -0.047494 -0.038339 -0.003624 -0.000191 0.010109 -0.052453 -0.021172 0.367933 -0.020790 0.977531 0.000191
1757663153.625234 -0.031090 -0.023079 -0.092507 0.008583 -0.009645 0.039787 -0.070382 0.029182 0.023079 0.008202 0.014653 -0.001442 -0.047494 -0.038339 -0.003624 -0.000191 0.010109 -0.052453 -0.021172 0.367933 -0.020790 0.977531 0.000191
1757663153.627326 -0.031090 -0.023079 -0.092507 0.008583 -0.009645 0.039787 -0.070382 0.029182 0.023079 0.008202 0.014653 -0.001442 -0.047494 -0.038339 -0.003624 -0.000191 0.010109 -0.052453 -0.021172 0.367933 -0.020790 0.977531 0.000191
1757663153.629246 -0.031090 -0.023079 -0.092507 0.008583 -0.009645 0.039787 -0.070382 0.029182 0.023079 0.008202 0.014653 -0.001442 -0.047494 -0.038339 -0.003624 -0.000191 0.010109 -0.052453 -0.021172 0.367933 -0.020790 0.977531 0.000191
1757663153.631240 -0.031090 -0.023079 -0.092507 0.008583 -0.009645 0.039787 -0.070382 0.029182 0.023079 0.008202 0.014653 -0.001442 -0.047494 -0.038339 -0.003624 -0.000191 0.010109 -0.052453 -0.021172 0.367933 -0.020790 0.977531 0.000191
1757663153.633229 -0.031090 -0.023079 -0.092507 0.008583 -0.009645 0.039787 -0.070382 0.029182 0.023079 0.008202 0.014653 -0.001442 -0.047494 -0.038339 -0.003624 -0.000191 0.010109 -0.052453 -0.021172 0.367933 -0.020790 0.977531 0.000191
1757663153.635286 -0.031090 -0.023079 -0.092507 0.008583 -0.009645 0.039787 -0.070382 0.029182 0.023079 0.008202 0.014653 -0.001442 -0.047494 -0.038339 -0.003624 -0.000191 0.010109 -0.052453 -0.021172 0.367933 -0.020790 0.977531 0.000191
1757663153.637258 -0.031090 -0.023079 -0.092507 0.008583 -0.009645 0.039787 -0.070382 0.029182 0.023079 0.008202 0.014653 -0.001442 -0.047494 -0.038339 -0.003624 -0.000191 0.010109 -0.052453 -0.021172 0.367933 -0.020790 0.977531 0.000191
1757663153.639242 -0.031090 -0.023079 -0.092507 0.008583 -0.009645 0.039787 -0.070382 0.029182 0.023079 0.008202 0.014653 -0.001442 -0.047494 -0.038339 -0.003624 -0.000191 0.010109 -0.052453 -0.021172 0.367933 -0.020790 0.977531 0.000191
1757663153.641244 -0.031090 -0.023079 -0.092507 0.008583 -0.009508 0.040043 -0.070382 0.029182 0.023079 0.008202 0.014653 -0.001442 -0.047494 -0.038339 -0.003624 -0.000191 0.010109 -0.052453 -0.021172 0.367933 -0.020790 0.977531 0.000191
1757663153.643234 -0.031090 -0.023079 -0.092507 0.008583 -0.009645 0.039787 -0.070382 0.029182 0.023079 0.008202 0.014653 -0.001442 -0.047494 -0.038339 -0.003624 -0.000191 0.010109 -0.052453 -0.021172 0.367933 -0.020790 0.977531 0.000191
1757663153.645281 -0.031090 -0.023079 -0.092507 0.008583 -0.009508 0.040043 -0.070382 0.029182 0.023079 0.008202 0.014653 -0.001442 -0.047494 -0.038339 -0.003624 -0.000191 0.010109 -0.052453 -0.021172 0.367933 -0.020790 0.977531 0.000191
1757663153.647262 -0.031090 -0.023079 -0.092507 0.008583 -0.009645 0.039787 -0.070382 0.029182 0.023079 0.008202 0.014653 -0.001442 -0.047494 -0.038339 -0.003624 -0.000191 0.010109 -0.052453 -0.021172 0.367933 -0.020790 0.977531 0.000191
1757663153.649227 -0.031090 -0.023079 -0.092507 0.008583 -0.009645 0.039787 -0.070382 0.029182 0.023079 0.008202 0.014653 -0.001442 -0.047494 -0.038339 -0.003624 -0.000191 0.010109 -0.052453 -0.021172 0.367933 -0.020790 0.977531 0.000191
1757663153.651234 -0.031090 -0.023079 -0.092507 0.008583 -0.009645 0.039787 -0.070382 0.029182 0.023079 0.008202 0.014653 -0.001442 -0.047494 -0.038339 -0.003624 -0.000191 0.010109 -0.052453 -0.021172 0.367933 -0.020790 0.977531 0.000191
1757663153.653236 -0.031090 -0.023079 -0.092507 0.008583 -0.009645 0.039787 -0.070382 0.029182 0.023079 0.008202 0.014653 -0.001442 -0.047494 -0.038339 -0.003624 -0.000191 0.010109 -0.052453 -0.021172 0.367933 -0.020790 0.977531 0.000191
1757663153.655234 -0.031090 -0.023079 -0.092507 0.008583 -0.009645 0.039787 -0.070382 0.029182 0.023079 0.008202 0.014653 -0.001442 -0.047494 -0.038339 -0.003624 -0.000191 0.010109 -0.052453 -0.021172 0.367933 -0.020790 0.977531 0.000191
1757663153.657242 -0.031090 -0.023079 -0.092507 0.008583 -0.009645 0.039787 -0.070382 0.029182 0.023079 0.008202 0.014653 -0.001442 -0.047494 -0.038339 -0.003624 -0.000191 0.010109 -0.052453 -0.021172 0.367933 -0.020790 0.977531 0.000191
1757663153.659275 -0.031090 -0.023079 -0.092507 0.008583 -0.009645 0.039787 -0.070382 0.029182 0.023079 0.008202 0.014653 -0.001442 -0.047494 -0.038339 -0.003624 -0.000191 0.010109 -0.052453 -0.021172 0.367933 -0.020790 0.977531 0.000191
1757663153.661264 -0.031090 -0.023079 -0.092507 0.008583 -0.009645 0.039787 -0.070382 0.029182 0.023079 0.008202 0.014653 -0.001442 -0.047494 -0.038339 -0.003624 -0.000191 0.010109 -0.052453 -0.021172 0.367933 -0.020790 0.977531 0.000191
1757663153.663252 -0.031090 -0.023079 -0.092507 0.008583 -0.009508 0.040043 -0.070382 0.029182 0.023079 0.008202 0.014653 -0.001442 -0.047494 -0.038339 -0.003624 -0.000191 0.010109 -0.052453 -0.021172 0.367933 -0.020790 0.977531 0.000191
1757663153.665253 -0.031090 -0.023079 -0.092507 0.008583 -0.009645 0.039787 -0.070382 0.029182 0.023079 0.008202 0.014653 -0.001442 -0.047494 -0.038339 -0.003624 -0.000191 0.010109 -0.052453 -0.021172 0.367933 -0.020790 0.977531 0.000191
1757663153.667242 -0.031090 -0.023079 -0.092507 0.008583 -0.009645 0.039787 -0.070382 0.029182 0.023079 0.008202 0.014653 -0.001442 -0.047494 -0.038339 -0.003624 -0.000191 0.010109 -0.052453 -0.021172 0.367933 -0.020790 0.977531 0.000191
1757663153.669233 -0.031090 -0.023079 -0.092507 0.008583 -0.009645 0.039787 -0.070382 0.029182 0.023079 0.008202 0.014653 -0.001442 -0.047494 -0.038339 -0.003624 -0.000191 0.010109 -0.052453 -0.021172 0.367933 -0.020790 0.977531 0.000191
1757663153.671232 -0.031090 -0.023079 -0.092507 0.008583 -0.009645 0.039787 -0.070382 0.029182 0.023079 0.008202 0.014653 -0.001442 -0.047494 -0.038339 -0.003624 -0.000191 0.010109 -0.052453 -0.021172 0.367933 -0.020790 0.977531 0.000191
1757663153.673232 -0.031090 -0.023079 -0.092507 0.008583 -0.009508 0.040043 -0.070382 0.029182 0.023079 0.008202 0.014653 -0.001442 -0.047494 -0.038339 -0.003624 -0.000191 0.010109 -0.052453 -0.021172 0.367933 -0.020790 0.977531 0.000191
1757663153.675232 -0.031090 -0.023079 -0.092507 0.008583 -0.009645 0.039787 -0.070382 0.029182 0.023079 0.008202 0.014653 -0.001442 -0.047494 -0.038339 -0.003624 -0.000191 0.010109 -0.052453 -0.021172 0.367933 -0.020790 0.977531 0.000191
1757663153.677235 -0.031090 -0.023079 -0.092507 0.008583 -0.009645 0.039787 -0.070382 0.029182 0.023079 0.008202 0.014653 -0.001442 -0.047494 -0.038339 -0.003624 -0.000191 0.010109 -0.052453 -0.021172 0.367933 -0.020790 0.977531 0.000191
1757663153.679235 -0.031090 -0.023079 -0.092507 0.008583 -0.009645 0.039787 -0.070382 0.029182 0.023079 0.008202 0.014653 -0.001442 -0.047494 -0.038339 -0.003624 -0.000191 0.010109 -0.052453 -0.021172 0.367933 -0.020790 0.977531 0.000191
1757663153.681238 -0.031090 -0.023079 -0.092507 0.008583 -0.009645 0.039787 -0.070382 0.029182 0.023079 0.008202 0.014653 -0.001442 -0.047494 -0.038339 -0.003624 -0.000191 0.010109 -0.052453 -0.021172 0.367933 -0.020790 0.977531 0.000191
1757663153.683235 -0.031090 -0.023079 -0.092507 0.008583 -0.009645 0.039787 -0.070382 0.029182 0.023079 0.008202 0.014653 -0.001442 -0.047494 -0.038339 -0.003624 -0.000191 0.010109 -0.052453 -0.021172 0.367933 -0.020790 0.977531 0.000191
1757663153.685231 -0.031090 -0.023079 -0.092507 0.008583 -0.009645 0.039787 -0.070382 0.029182 0.023079 0.008202 0.014653 -0.001442 -0.047494 -0.038339 -0.003624 -0.000191 0.010109 -0.052453 -0.021172 0.367933 -0.020790 0.977531 0.000191
1757663153.687231 -0.031090 -0.023079 -0.092507 0.008583 -0.009508 0.040043 -0.070382 0.029182 0.023079 0.008202 0.014653 -0.001442 -0.047494 -0.038339 -0.003624 -0.000191 0.010109 -0.052453 -0.021172 0.367933 -0.020790 0.977531 0.000191
1757663153.689229 -0.031090 -0.023079 -0.092507 0.008583 -0.009508 0.040043 -0.070382 0.029182 0.023079 0.008202 0.014653 -0.001442 -0.047494 -0.038339 -0.003624 -0.000191 0.010109 -0.052453 -0.021172 0.367933 -0.020790 0.977531 0.000191
1757663153.691277 -0.031090 -0.023079 -0.092507 0.008583 -0.009645 0.039787 -0.070382 0.029182 0.023079 0.008202 0.014653 -0.001442 -0.047494 -0.038339 -0.003624 -0.000191 0.010109 -0.052453 -0.021172 0.367933 -0.020790 0.977531 0.000191
1757663153.693247 -0.031090 -0.023079 -0.092507 0.008583 -0.009508 0.040043 -0.070382 0.029182 0.023079 0.008202 0.014653 -0.001442 -0.047494 -0.038339 -0.003624 -0.000191 0.010109 -0.052453 -0.021172 0.367933 -0.020790 0.977531 0.000191
1757663153.695244 -0.031090 -0.023079 -0.092507 0.008583 -0.009645 0.039787 -0.070382 0.029182 0.023079 0.008202 0.014653 -0.001442 -0.047494 -0.038339 -0.003624 -0.000191 0.010109 -0.052453 -0.021172 0.367933 -0.020790 0.977531 0.000191
1757663153.697254 -0.031090 -0.023079 -0.092507 0.008583 -0.009645 0.039787 -0.070382 0.029182 0.023079 0.008202 0.014653 -0.001442 -0.047494 -0.038339 -0.003624 -0.000191 0.010109 -0.052453 -0.021172 0.367933 -0.020790 0.977531 0.000191
1757663153.699248 -0.031090 -0.023079 -0.092507 0.008583 -0.009645 0.039787 -0.070382 0.029182 0.023079 0.008202 0.014653 -0.001442 -0.047494 -0.038339 -0.003624 -0.000191 0.010109 -0.052453 -0.021172 0.367933 -0.020790 0.977531 0.000191
1757663153.701234 -0.031090 -0.023079 -0.092507 0.008583 -0.009645 0.039787 -0.070382 0.029182 0.023079 0.008202 0.014653 -0.001442 -0.047494 -0.038339 -0.003624 -0.000191 0.010109 -0.052453 -0.021172 0.367933 -0.020790 0.977531 0.000191
1757663153.703242 -0.031090 -0.023079 -0.092507 0.008583 -0.009645 0.039787 -0.070382 0.029182 0.023079 0.008202 0.014653 -0.001442 -0.047494 -0.038339 -0.003624 -0.000191 0.010109 -0.052453 -0.021172 0.367933 -0.020790 0.977531 0.000191
1757663153.705234 -0.031090 -0.023079 -0.092507 0.008583 -0.009645 0.039787 -0.070382 0.029182 0.023079 0.008202 0.014653 -0.001442 -0.047494 -0.038339 -0.003624 -0.000191 0.010109 -0.052453 -0.021172 0.367933 -0.020790 0.977531 0.000191
1757663153.707232 -0.031090 -0.023079 -0.092507 0.008583 -0.009645 0.039787 -0.070382 0.029182 0.023079 0.008202 0.014653 -0.001442 -0.047494 -0.038339 -0.003624 -0.000191 0.010109 -0.052453 -0.021172 0.367933 -0.020790 0.977531 0.000191
1757663153.709229 -0.031090 -0.023079 -0.092507 0.008583 -0.009645 0.039787 -0.070382 0.029182 0.023079 0.008202 0.014653 -0.001442 -0.047494 -0.038339 -0.003624 -0.000191 0.010109 -0.052453 -0.021172 0.367933 -0.020790 0.977531 0.000191
1757663153.711233 -0.031090 -0.023079 -0.092507 0.008583 -0.009508 0.040043 -0.070382 0.029182 0.023079 0.008202 0.014653 -0.001442 -0.047494 -0.038339 -0.003624 -0.000191 0.010109 -0.052453 -0.021172 0.367933 -0.020790 0.977531 0.000191
1757663153.713257 -0.031090 -0.023079 -0.092507 0.008583 -0.009508 0.040043 -0.070382 0.029182 0.023079 0.008202 0.014653 -0.001442 -0.047494 -0.038339 -0.003624 -0.000191 0.010109 -0.052453 -0.021172 0.367933 -0.020790 0.977531 0.000191
1757663153.715232 -0.031090 -0.023079 -0.092507 0.008583 -0.009508 0.040043 -0.070382 0.029182 0.023079 0.008202 0.014653 -0.001442 -0.047494 -0.038339 -0.003624 -0.000191 0.010109 -0.052453 -0.021172 0.367933 -0.020790 0.977531 0.000191
1757663153.717232 -0.031090 -0.023079 -0.092507 0.008583 -0.009508 0.040043 -0.070382 0.029182 0.023079 0.008202 0.014653 -0.001442 -0.047494 -0.038339 -0.003624 -0.000191 0.010109 -0.052453 -0.021172 0.367933 -0.020790 0.977531 0.000191
1757663153.719230 -0.031090 -0.023079 -0.092507 0.008583 -0.009645 0.039787 -0.070382 0.029182 0.023079 0.008202 0.014653 -0.001442 -0.047494 -0.038339 -0.003624 -0.000191 0.010109 -0.052453 -0.021172 0.367933 -0.020790 0.977531 0.000191
1757663153.721274 -0.031090 -0.023079 -0.092507 0.008583 -0.009508 0.040043 -0.070382 0.029182 0.023079 0.008202 0.014653 -0.001442 -0.047494 -0.038339 -0.003624 -0.000191 0.010109 -0.052453 -0.021172 0.367933 -0.020790 0.977531 0.000191
1757663153.723239 -0.031090 -0.023079 -0.092507 0.008583 -0.009508 0.040043 -0.070382 0.029182 0.023079 0.008202 0.014653 -0.001442 -0.047494 -0.038339 -0.003624 -0.000191 0.010109 -0.052453 -0.021172 0.367933 -0.020790 0.977531 0.000191
1757663153.725238 -0.031090 -0.023079 -0.092507 0.008583 -0.009508 0.040043 -0.070382 0.029182 0.023079 0.008202 0.014653 -0.001442 -0.047494 -0.038339 -0.003624 -0.000191 0.010109 -0.052453 -0.021172 0.367933 -0.020790 0.977531 0.000191
1757663153.727236 -0.031090 -0.023079 -0.092507 0.008583 -0.009508 0.040043 -0.070382 0.029182 0.023079 0.008202 0.014653 -0.001442 -0.047494 -0.038339 -0.003624 -0.000191 0.010109 -0.052453 -0.021172 0.367933 -0.020790 0.977531 0.000191
1757663153.729231 -0.031090 -0.023079 -0.092507 0.008583 -0.009508 0.040043 -0.070382 0.029182 0.023079 0.008202 0.014653 -0.001442 -0.047494 -0.038339 -0.003624 -0.000191 0.010109 -0.052453 -0.021172 0.367933 -0.020790 0.977531 0.000191
1757663153.731233 -0.031090 -0.023079 -0.092507 0.008583 -0.009508 0.040043 -0.070382 0.029182 0.023079 0.008202 0.014653 -0.001442 -0.047494 -0.038339 -0.003624 -0.000191 0.010109 -0.052453 -0.021172 0.367933 -0.020790 0.977531 0.000191
1757663153.733231 -0.031090 -0.023079 -0.092507 0.008583 -0.009508 0.040043 -0.070382 0.029182 0.023079 0.008202 0.014653 -0.001442 -0.047494 -0.038339 -0.003624 -0.000191 0.010109 -0.052453 -0.021172 0.367933 -0.020790 0.977531 0.000191
1757663153.735234 -0.031090 -0.023079 -0.092507 0.008583 -0.009508 0.040043 -0.070382 0.029182 0.023079 0.008202 0.014653 -0.001442 -0.047494 -0.038339 -0.003624 -0.000191 0.010109 -0.052453 -0.021172 0.367933 -0.020790 0.977531 0.000191
1757663153.737234 -0.031090 -0.023079 -0.092507 0.008583 -0.009508 0.040043 -0.070382 0.029182 0.023079 0.008202 0.014653 -0.001442 -0.047494 -0.038339 -0.003624 -0.000191 0.010109 -0.052453 -0.021172 0.367933 -0.020790 0.977531 0.000191
1757663153.739233 -0.031090 -0.023079 -0.092507 0.008583 -0.009508 0.040043 -0.070382 0.029182 0.023079 0.008202 0.014653 -0.001442 -0.047494 -0.038339 -0.003624 -0.000191 0.010109 -0.052453 -0.021172 0.367933 -0.020790 0.977531 0.000191
1757663153.741263 -0.031090 -0.023079 -0.092507 0.008583 -0.009508 0.040043 -0.070382 0.029182 0.023079 0.008202 0.014653 -0.001442 -0.047494 -0.038339 -0.003624 -0.000191 0.010109 -0.052453 -0.021172 0.367933 -0.020790 0.977531 0.000191
1757663153.743230 -0.031090 -0.023079 -0.092507 0.008583 -0.009508 0.040043 -0.070382 0.029182 0.023079 0.008202 0.014653 -0.001442 -0.047494 -0.038339 -0.003624 -0.000191 0.010109 -0.052453 -0.021172 0.367933 -0.020790 0.977531 0.000191
1757663153.745252 -0.031090 -0.023079 -0.092507 0.008583 -0.009508 0.040043 -0.070382 0.029182 0.023079 0.008202 0.014653 -0.001442 -0.047494 -0.038339 -0.003624 -0.000191 0.010109 -0.052453 -0.021172 0.367933 -0.020790 0.977531 0.000191
1757663153.747231 -0.031090 -0.023079 -0.092507 0.008583 -0.009508 0.040043 -0.070382 0.029182 0.023079 0.008202 0.014653 -0.001442 -0.047494 -0.038339 -0.003624 -0.000191 0.010109 -0.052453 -0.021172 0.367933 -0.020790 0.977531 0.000191
1757663153.749230 -0.031090 -0.023079 -0.092507 0.008583 -0.009508 0.040043 -0.070382 0.029182 0.023079 0.008202 0.014653 -0.001442 -0.047494 -0.038339 -0.003624 -0.000191 0.010109 -0.052453 -0.021172 0.367933 -0.020790 0.977531 0.000191
1757663153.751229 -0.031090 -0.023079 -0.092507 0.008583 -0.009645 0.039787 -0.070382 0.029182 0.023079 0.008202 0.014653 -0.001442 -0.047494 -0.038339 -0.003624 -0.000191 0.010109 -0.052453 -0.021172 0.367933 -0.020790 0.977531 0.000191
1757663153.753278 -0.031090 -0.023079 -0.092507 0.008583 -0.009508 0.040043 -0.070382 0.029182 0.023079 0.008202 0.014653 -0.001442 -0.047494 -0.038339 -0.003624 -0.000191 0.010109 -0.052453 -0.021172 0.367933 -0.020790 0.977531 0.000191
1757663153.755245 -0.031090 -0.023079 -0.092507 0.008583 -0.009645 0.039787 -0.070382 0.029182 0.023079 0.008202 0.014653 -0.001442 -0.047494 -0.038339 -0.003624 -0.000191 0.010109 -0.052453 -0.021172 0.367933 -0.020790 0.977531 0.000191
1757663153.757235 -0.031090 -0.023079 -0.092507 0.008583 -0.009508 0.040043 -0.070382 0.029182 0.023079 0.008202 0.014653 -0.001442 -0.047494 -0.038339 -0.003624 -0.000191 0.010109 -0.052453 -0.021172 0.367933 -0.020790 0.977531 0.000191
1757663153.759252 -0.031090 -0.023079 -0.092507 0.008583 -0.009508 0.040043 -0.070382 0.029182 0.023079 0.008202 0.014653 -0.001442 -0.047494 -0.038339 -0.003624 -0.000191 0.010109 -0.052453 -0.021172 0.367933 -0.020790 0.977531 0.000191
1757663153.761232 -0.031090 -0.023079 -0.092507 0.008583 -0.009508 0.040043 -0.070382 0.029182 0.023079 0.008202 0.014653 -0.001442 -0.047494 -0.038339 -0.003624 -0.000191 0.010109 -0.052453 -0.021172 0.367933 -0.020790 0.977531 0.000191
1757663153.763233 -0.031090 -0.023079 -0.092507 0.008583 -0.009508 0.040043 -0.070382 0.029182 0.023079 0.008202 0.014653 -0.001442 -0.047494 -0.038339 -0.003624 -0.000191 0.010109 -0.052453 -0.021172 0.367933 -0.020790 0.977531 0.000191
1757663153.765232 -0.031090 -0.023079 -0.092507 0.008583 -0.009508 0.040043 -0.070382 0.029182 0.023079 0.008202 0.014653 -0.001442 -0.047494 -0.038339 -0.003624 -0.000191 0.010109 -0.052453 -0.021172 0.367933 -0.020790 0.977531 0.000191
1757663153.767230 -0.031090 -0.023079 -0.092507 0.008583 -0.009508 0.040043 -0.070382 0.029182 0.023079 0.008202 0.014653 -0.001442 -0.047494 -0.038339 -0.003624 -0.000191 0.010109 -0.052453 -0.021172 0.367933 -0.020790 0.977531 0.000191
1757663153.769231 -0.031090 -0.023079 -0.092507 0.008583 -0.009508 0.040043 -0.070382 0.029182 0.023079 0.008202 0.014653 -0.001442 -0.047494 -0.038339 -0.003624 -0.000191 0.010109 -0.052453 -0.021172 0.367933 -0.020790 0.977531 0.000191
1757663153.771229 -0.031090 -0.023079 -0.092507 0.008583 -0.009508 0.040043 -0.070382 0.029182 0.023079 0.008202 0.014653 -0.001442 -0.047494 -0.038339 -0.003624 -0.000191 0.010109 -0.052453 -0.021172 0.367933 -0.020790 0.977531 0.000191
1757663153.773276 -0.031090 -0.023079 -0.092507 0.008583 -0.009508 0.040043 -0.070382 0.029182 0.023079 0.008202 0.014653 -0.001442 -0.047494 -0.038339 -0.003624 -0.000191 0.010109 -0.052453 -0.021172 0.367933 -0.020790 0.977531 0.000191
1757663153.775270 -0.031090 -0.023079 -0.092507 0.008583 -0.009508 0.040043 -0.070382 0.029182 0.023079 0.008202 0.014653 -0.001442 -0.047494 -0.038339 -0.003624 -0.000191 0.010109 -0.052453 -0.021172 0.367933 -0.020790 0.977531 0.000191
1757663153.777271 -0.031090 -0.023079 -0.092507 0.008583 -0.009645 0.039787 -0.070382 0.029182 0.023079 0.008202 0.014653 -0.001442 -0.047494 -0.038339 -0.003624 -0.000191 0.010109 -0.052453 -0.021172 0.367933 -0.020790 0.977531 0.000191
1757663153.779268 -0.031090 -0.023079 -0.092507 0.008583 -0.009508 0.040043 -0.070382 0.029182 0.023079 0.008202 0.014653 -0.001442 -0.047494 -0.038339 -0.003624 -0.000191 0.010109 -0.052453 -0.021172 0.367933 -0.020790 0.977531 0.000191
1757663153.781264 -0.031090 -0.023079 -0.092507 0.008583 -0.009508 0.040043 -0.070382 0.029182 0.023079 0.008202 0.014653 -0.001442 -0.047494 -0.038339 -0.003624 -0.000191 0.010109 -0.052453 -0.021172 0.367933 -0.020790 0.977531 0.000191
1757663153.783269 -0.031090 -0.023079 -0.092507 0.008583 -0.009508 0.040043 -0.070382 0.029182 0.023079 0.008202 0.014653 -0.001442 -0.047494 -0.038339 -0.003624 -0.000191 0.010109 -0.052453 -0.021172 0.367933 -0.020790 0.977531 0.000191
1757663153.785291 -0.031090 -0.023079 -0.092507 0.008583 -0.009645 0.039787 -0.070382 0.029182 0.023079 0.008202 0.014653 -0.001442 -0.047494 -0.038339 -0.003624 -0.000191 0.010109 -0.052453 -0.021172 0.367933 -0.020790 0.977531 0.000191
1757663153.787265 -0.031090 -0.023079 -0.092507 0.008583 -0.009508 0.040043 -0.070382 0.029182 0.023079 0.008202 0.014653 -0.001442 -0.047494 -0.038339 -0.003624 -0.000191 0.010109 -0.052453 -0.021172 0.367933 -0.020790 0.977531 0.000191
1757663153.789271 -0.031090 -0.023079 -0.092507 0.008583 -0.009508 0.040043 -0.070382 0.029182 0.023079 0.008202 0.014653 -0.001442 -0.047494 -0.038339 -0.003624 -0.000191 0.010109 -0.052453 -0.021172 0.367933 -0.020790 0.977531 0.000191
1757663153.791263 -0.031090 -0.023079 -0.092507 0.008583 -0.009508 0.040043 -0.070382 0.029182 0.023079 0.008202 0.014653 -0.001442 -0.047494 -0.038339 -0.003624 -0.000191 0.010109 -0.052453 -0.021172 0.367933 -0.020790 0.977531 0.000191
1757663153.793265 -0.031090 -0.023079 -0.092507 0.008583 -0.009508 0.040043 -0.070382 0.029182 0.023079 0.008202 0.014653 -0.001442 -0.047494 -0.038339 -0.003624 -0.000191 0.010109 -0.052453 -0.021172 0.367933 -0.020790 0.977531 0.000191
1757663153.795258 -0.031090 -0.023079 -0.092507 0.008583 -0.009508 0.040043 -0.070382 0.029182 0.023079 0.008202 0.014653 -0.001442 -0.047494 -0.038339 -0.003624 -0.000191 0.010109 -0.052453 -0.021172 0.367933 -0.020790 0.977531 0.000191
1757663153.797287 -0.031090 -0.023079 -0.092507 0.008583 -0.009645 0.039787 -0.070382 0.029182 0.023079 0.008202 0.014653 -0.001442 -0.047494 -0.038339 -0.003624 -0.000191 0.010109 -0.052453 -0.021172 0.367933 -0.020790 0.977531 0.000191
1757663153.799281 -0.031090 -0.023079 -0.092507 0.008583 -0.009508 0.040043 -0.070382 0.029182 0.023079 0.008202 0.014653 -0.001442 -0.047494 -0.038339 -0.003624 -0.000191 0.010109 -0.052453 -0.021172 0.367933 -0.020790 0.977531 0.000191
1757663153.801281 -0.031090 -0.023079 -0.092507 0.008583 -0.009508 0.040043 -0.070382 0.029182 0.023079 0.008202 0.014653 -0.001442 -0.047494 -0.038339 -0.003624 -0.000191 0.010109 -0.052453 -0.021172 0.367933 -0.020790 0.977531 0.000191
1757663153.803277 -0.031090 -0.023079 -0.092507 0.008583 -0.009508 0.040043 -0.070382 0.029182 0.023079 0.008202 0.014653 -0.001442 -0.047494 -0.038339 -0.003624 -0.000191 0.010109 -0.052453 -0.021172 0.367933 -0.020790 0.977531 0.000191
1757663153.805275 -0.031090 -0.023079 -0.092507 0.008583 -0.009508 0.040043 -0.070382 0.029182 0.023079 0.008202 0.014653 -0.001442 -0.047494 -0.038339 -0.003624 -0.000191 0.010109 -0.052453 -0.021172 0.367933 -0.020790 0.977531 0.000191
1757663153.807279 -0.031090 -0.023079 -0.092507 0.008583 -0.009508 0.040043 -0.070382 0.029182 0.023079 0.008202 0.014653 -0.001442 -0.047494 -0.038339 -0.003624 -0.000191 0.010109 -0.052453 -0.021172 0.367933 -0.020790 0.977531 0.000191
1757663153.809266 -0.031090 -0.023079 -0.092507 0.008583 -0.009508 0.040043 -0.070382 0.029182 0.023079 0.008202 0.014653 -0.001442 -0.047494 -0.038339 -0.003624 -0.000191 0.010109 -0.052453 -0.021172 0.367933 -0.020790 0.977531 0.000191
1757663153.811250 -0.031090 -0.023079 -0.092507 0.008583 -0.009508 0.040043 -0.070382 0.029182 0.023079 0.008202 0.014653 -0.001442 -0.047494 -0.038339 -0.003624 -0.000191 0.010109 -0.052453 -0.021172 0.367933 -0.020790 0.977531 0.000191
1757663153.813257 -0.031090 -0.023079 -0.092507 0.008583 -0.009508 0.040043 -0.070382 0.029182 0.023079 0.008202 0.014653 -0.001442 -0.047494 -0.038339 -0.003624 -0.000191 0.010109 -0.052453 -0.021172 0.367933 -0.020790 0.977531 0.000191
1757663153.815243 -0.031090 -0.023079 -0.092507 0.008583 -0.009508 0.040043 -0.070382 0.029182 0.023079 0.008202 0.014653 -0.001442 -0.047494 -0.038339 -0.003624 -0.000191 0.010109 -0.052453 -0.021172 0.367933 -0.020790 0.977531 0.000191
1757663153.817293 -0.031090 -0.023079 -0.092507 0.008583 -0.009508 0.040043 -0.070382 0.029182 0.023079 0.008202 0.014653 -0.001442 -0.047494 -0.038339 -0.003624 -0.000191 0.010109 -0.052453 -0.021172 0.367933 -0.020790 0.977531 0.000191
1757663153.819242 -0.031090 -0.023079 -0.092507 0.008583 -0.009508 0.040043 -0.070382 0.029182 0.023079 0.008202 0.014653 -0.001442 -0.047494 -0.038339 -0.003624 -0.000191 0.010109 -0.052453 -0.021172 0.367933 -0.020790 0.977531 0.000191
1757663153.821270 -0.031090 -0.023079 -0.092507 0.008583 -0.009508 0.040043 -0.070382 0.029182 0.023079 0.008202 0.014653 -0.001442 -0.047494 -0.038339 -0.003624 -0.000191 0.010109 -0.052453 -0.021172 0.367933 -0.020790 0.977531 0.000191
1757663153.823250 -0.031090 -0.023079 -0.092507 0.008583 -0.009508 0.040043 -0.070382 0.029182 0.023079 0.008202 0.014653 -0.001442 -0.047494 -0.038339 -0.003624 -0.000191 0.010109 -0.052453 -0.021172 0.367933 -0.020790 0.977531 0.000191
1757663153.825231 -0.031090 -0.023079 -0.092507 0.008583 -0.009508 0.040043 -0.070382 0.029182 0.023079 0.008202 0.014653 -0.001442 -0.047494 -0.038339 -0.003624 -0.000191 0.010109 -0.052453 -0.021172 0.367933 -0.020790 0.977531 0.000191
1757663153.827288 -0.031090 -0.023079 -0.092507 0.008583 -0.009508 0.040043 -0.070382 0.029182 0.023079 0.008202 0.014653 -0.001442 -0.047494 -0.038339 -0.003624 -0.000191 0.010109 -0.052453 -0.021172 0.367933 -0.020790 0.977531 0.000191
1757663153.829258 -0.031090 -0.023079 -0.092507 0.008583 -0.009508 0.040043 -0.070382 0.029182 0.023079 0.008202 0.014653 -0.001442 -0.047494 -0.038339 -0.003624 -0.000191 0.010109 -0.052453 -0.021172 0.367933 -0.020790 0.977531 0.000191
1757663153.831237 -0.031090 -0.023079 -0.092507 0.008583 -0.009508 0.040043 -0.070382 0.029182 0.023079 0.008202 0.014653 -0.001442 -0.047494 -0.038339 -0.003624 -0.000191 0.010109 -0.052453 -0.021172 0.367933 -0.020790 0.977531 0.000191
1757663153.833239 -0.031090 -0.023079 -0.092507 0.008583 -0.009508 0.040043 -0.070382 0.029182 0.023079 0.008202 0.014653 -0.001442 -0.047494 -0.038339 -0.003624 -0.000191 0.010109 -0.052453 -0.021172 0.367933 -0.020790 0.977531 0.000191
1757663153.835235 -0.031090 -0.023079 -0.092507 0.008583 -0.009508 0.040043 -0.070382 0.029182 0.023079 0.008202 0.014653 -0.001442 -0.047494 -0.038339 -0.003624 -0.000191 0.010109 -0.052453 -0.021172 0.367933 -0.020790 0.977531 0.000191
1757663153.837247 -0.031090 -0.023079 -0.092507 0.008583 -0.009508 0.040043 -0.070382 0.029182 0.023079 0.008202 0.014653 -0.001442 -0.047494 -0.038339 -0.003624 -0.000191 0.010109 -0.052453 -0.021172 0.367933 -0.020790 0.977531 0.000191
1757663153.839247 -0.031090 -0.023079 -0.092507 0.008583 -0.009508 0.040043 -0.070382 0.029182 0.023079 0.008202 0.014653 -0.001442 -0.047494 -0.038339 -0.003624 -0.000191 0.010109 -0.052453 -0.021172 0.367933 -0.020790 0.977531 0.000191
1757663153.841239 -0.031090 -0.023079 -0.092507 0.008583 -0.009645 0.039787 -0.070382 0.029182 0.023079 0.008202 0.014653 -0.001442 -0.047494 -0.038339 -0.003624 -0.000191 0.010109 -0.052453 -0.021172 0.367933 -0.020790 0.977531 0.000191
1757663153.843277 -0.031090 -0.023079 -0.092507 0.008583 -0.009508 0.040043 -0.070382 0.029182 0.023079 0.008202 0.014653 -0.001442 -0.047494 -0.038339 -0.003624 -0.000191 0.010109 -0.052453 -0.021172 0.367933 -0.020790 0.977531 0.000191
1757663153.845262 -0.031090 -0.023079 -0.092507 0.008583 -0.009508 0.040043 -0.070382 0.029182 0.023079 0.008202 0.014653 -0.001442 -0.047494 -0.038339 -0.003624 -0.000191 0.010109 -0.052453 -0.021172 0.367933 -0.020790 0.977531 0.000191
1757663153.847274 -0.031090 -0.023079 -0.092507 0.008583 -0.009508 0.040043 -0.070382 0.029182 0.023079 0.008202 0.014653 -0.001442 -0.047494 -0.038339 -0.003624 -0.000191 0.010109 -0.052453 -0.021172 0.367933 -0.020790 0.977531 0.000191
1757663153.849354 -0.031090 -0.023079 -0.092507 0.008583 -0.009508 0.040043 -0.070382 0.029182 0.023079 0.008202 0.014653 -0.001442 -0.047494 -0.038339 -0.003624 -0.000191 0.010109 -0.052453 -0.021172 0.367933 -0.020790 0.977531 0.000191
1757663153.851244 -0.031090 -0.023079 -0.092507 0.008583 -0.009645 0.039787 -0.070382 0.029182 0.023079 0.008202 0.014653 -0.001442 -0.047494 -0.038339 -0.003624 -0.000191 0.010109 -0.052453 -0.021172 0.367933 -0.020790 0.977531 0.000191
1757663153.853236 -0.031090 -0.023079 -0.092507 0.008583 -0.009508 0.040043 -0.070382 0.029182 0.023079 0.008202 0.014653 -0.001442 -0.047494 -0.038339 -0.003624 -0.000191 0.010109 -0.052453 -0.021172 0.367933 -0.020790 0.977531 0.000191
1757663153.855234 -0.031090 -0.023079 -0.092507 0.008583 -0.009508 0.040043 -0.070382 0.029182 0.023079 0.008202 0.014653 -0.001442 -0.047494 -0.038339 -0.003624 -0.000191 0.010109 -0.052453 -0.021172 0.367933 -0.020790 0.977531 0.000191
1757663153.857246 -0.031090 -0.023079 -0.092507 0.008583 -0.009508 0.040043 -0.070382 0.029182 0.023079 0.008202 0.014653 -0.001442 -0.047494 -0.038339 -0.003624 -0.000191 0.010109 -0.052453 -0.021172 0.367933 -0.020790 0.977531 0.000191
1757663153.859247 -0.031090 -0.023079 -0.092507 0.008583 -0.009645 0.039787 -0.070382 0.029182 0.023079 0.008202 0.014653 -0.001442 -0.047494 -0.038339 -0.003624 -0.000191 0.010109 -0.052453 -0.021172 0.367933 -0.020790 0.977531 0.000191
1757663153.861233 -0.031090 -0.023079 -0.092507 0.008583 -0.009645 0.039787 -0.070382 0.029182 0.023079 0.008202 0.014653 -0.001442 -0.047494 -0.038339 -0.003624 -0.000191 0.010109 -0.052453 -0.021172 0.367933 -0.020790 0.977531 0.000191
1757663153.863231 -0.031090 -0.023079 -0.092507 0.008583 -0.009645 0.039787 -0.070382 0.029182 0.023079 0.008202 0.014653 -0.001442 -0.047494 -0.038339 -0.003624 -0.000191 0.010109 -0.052453 -0.021172 0.367933 -0.020790 0.977531 0.000191
1757663153.865232 -0.031090 -0.023079 -0.092507 0.008583 -0.009645 0.039787 -0.070382 0.029182 0.023079 0.008202 0.014653 -0.001442 -0.047494 -0.038339 -0.003624 -0.000191 0.010109 -0.052453 -0.021172 0.367933 -0.020790 0.977531 0.000191
1757663153.867243 -0.031090 -0.023079 -0.092507 0.008583 -0.009508 0.040043 -0.070382 0.029182 0.023079 0.008202 0.014653 -0.001442 -0.047494 -0.038339 -0.003624 -0.000191 0.010109 -0.052453 -0.021172 0.367933 -0.020790 0.977531 0.000191
1757663153.869241 -0.031090 -0.023079 -0.092507 0.008583 -0.009508 0.040043 -0.070382 0.029182 0.023079 0.008202 0.014653 -0.001442 -0.047494 -0.038339 -0.003624 -0.000191 0.010109 -0.052453 -0.021172 0.367933 -0.020790 0.977531 0.000191
1757663153.871231 -0.031090 -0.023079 -0.092507 0.008583 -0.009508 0.040043 -0.070382 0.029182 0.023079 0.008202 0.014653 -0.001442 -0.047494 -0.038339 -0.003624 -0.000191 0.010109 -0.052453 -0.021172 0.367933 -0.020790 0.977531 0.000191
1757663153.873235 -0.031090 -0.023079 -0.092507 0.008583 -0.009645 0.039787 -0.070382 0.029182 0.023079 0.008202 0.014653 -0.001442 -0.047494 -0.038339 -0.003624 -0.000191 0.010109 -0.052453 -0.021172 0.367933 -0.020790 0.977531 0.000191
1757663153.875230 -0.031090 -0.023079 -0.092507 0.008583 -0.009645 0.039787 -0.070382 0.029182 0.023079 0.008202 0.014653 -0.001442 -0.047494 -0.038339 -0.003624 -0.000191 0.010109 -0.052453 -0.021172 0.367933 -0.020790 0.977531 0.000191
1757663153.877228 -0.031090 -0.023079 -0.092507 0.008583 -0.009508 0.040043 -0.070382 0.029182 0.023079 0.008202 0.014653 -0.001442 -0.047494 -0.038339 -0.003624 -0.000191 0.010109 -0.052453 -0.021172 0.367933 -0.020790 0.977531 0.000191
1757663153.879234 -0.031090 -0.023079 -0.092507 0.008583 -0.009508 0.040043 -0.070382 0.029182 0.023079 0.008202 0.014653 -0.001442 -0.047494 -0.038339 -0.003624 -0.000191 0.010109 -0.052453 -0.021172 0.367933 -0.020790 0.977531 0.000191
1757663153.881295 -0.031090 -0.023079 -0.092507 0.008583 -0.009508 0.040043 -0.070382 0.029182 0.023079 0.008202 0.014653 -0.001442 -0.047494 -0.038339 -0.003624 -0.000191 0.010109 -0.052453 -0.021172 0.367933 -0.020790 0.977531 0.000191
1757663153.883245 -0.031090 -0.023079 -0.092507 0.008583 -0.009508 0.040043 -0.070382 0.029182 0.023079 0.008202 0.014653 -0.001442 -0.047494 -0.038339 -0.003624 -0.000191 0.010109 -0.052453 -0.021172 0.367933 -0.020790 0.977531 0.000191
1757663153.885245 -0.031090 -0.023079 -0.092507 0.008583 -0.009645 0.039787 -0.070382 0.029182 0.023079 0.008202 0.014653 -0.001442 -0.047494 -0.038339 -0.003624 -0.000191 0.010109 -0.052453 -0.021172 0.367933 -0.020790 0.977531 0.000191
1757663153.887250 -0.031090 -0.023079 -0.092507 0.008583 -0.009508 0.040043 -0.070382 0.029182 0.023079 0.008202 0.014653 -0.001442 -0.047494 -0.038339 -0.003624 -0.000191 0.010109 -0.052453 -0.021172 0.367933 -0.020790 0.977531 0.000191
1757663153.889236 -0.031090 -0.023079 -0.092507 0.008583 -0.009508 0.040043 -0.070382 0.029182 0.023079 0.008202 0.014653 -0.001442 -0.047494 -0.038339 -0.003624 -0.000191 0.010109 -0.052453 -0.021172 0.367933 -0.020790 0.977531 0.000191
1757663153.891237 -0.031090 -0.023079 -0.092507 0.008583 -0.009645 0.039787 -0.070382 0.029182 0.023079 0.008202 0.014653 -0.001442 -0.047494 -0.038339 -0.003624 -0.000191 0.010109 -0.052453 -0.021172 0.367933 -0.020790 0.977531 0.000191
1757663153.893232 -0.031090 -0.023079 -0.092507 0.008583 -0.009508 0.040043 -0.070382 0.029182 0.023079 0.008202 0.014653 -0.001442 -0.047494 -0.038339 -0.003624 -0.000191 0.010109 -0.052453 -0.021172 0.367933 -0.020790 0.977531 0.000191
1757663153.895231 -0.031090 -0.023079 -0.092507 0.008583 -0.009645 0.039787 -0.070382 0.029182 0.023079 0.008202 0.014653 -0.001442 -0.047494 -0.038339 -0.003624 -0.000191 0.010109 -0.052453 -0.021172 0.367933 -0.020790 0.977531 0.000191
1757663153.897232 -0.031090 -0.023079 -0.092507 0.008583 -0.009645 0.039787 -0.070382 0.029182 0.023079 0.008202 0.014653 -0.001442 -0.047494 -0.038339 -0.003624 -0.000191 0.010109 -0.052453 -0.021172 0.367933 -0.020790 0.977531 0.000191
1757663153.899228 -0.031090 -0.023079 -0.092507 0.008583 -0.009508 0.040043 -0.070382 0.029182 0.023079 0.008202 0.014653 -0.001442 -0.047494 -0.038339 -0.003624 -0.000191 0.010109 -0.052453 -0.021172 0.367933 -0.020790 0.977531 0.000191
1757663153.901232 -0.031090 -0.023079 -0.092507 0.008583 -0.009508 0.040043 -0.070382 0.029182 0.023079 0.008202 0.014653 -0.001442 -0.047494 -0.038339 -0.003624 -0.000191 0.010109 -0.052453 -0.021172 0.367933 -0.020790 0.977531 0.000191
1757663153.903233 -0.031090 -0.023079 -0.092507 0.008583 -0.009645 0.039787 -0.070382 0.029182 0.023079 0.008202 0.014653 -0.001442 -0.047494 -0.038339 -0.003624 -0.000191 0.010109 -0.052453 -0.021172 0.367933 -0.020790 0.977531 0.000191
1757663153.905233 -0.031090 -0.023079 -0.092507 0.008583 -0.009645 0.039787 -0.070382 0.029182 0.023079 0.008202 0.014653 -0.001442 -0.047494 -0.038339 -0.003624 -0.000191 0.010109 -0.052453 -0.021172 0.367933 -0.020790 0.977531 0.000191
1757663153.907238 -0.031090 -0.023079 -0.092507 0.008583 -0.009645 0.039787 -0.070382 0.029182 0.023079 0.008202 0.014653 -0.001442 -0.047494 -0.038339 -0.003624 -0.000191 0.010109 -0.052453 -0.021172 0.367933 -0.020790 0.977531 0.000191
1757663153.909233 -0.031090 -0.023079 -0.092507 0.008583 -0.009645 0.039787 -0.070382 0.029182 0.023079 0.008202 0.014653 -0.001442 -0.047494 -0.038339 -0.003624 -0.000191 0.010109 -0.052453 -0.021172 0.367933 -0.020790 0.977531 0.000191
1757663153.911228 -0.031090 -0.023079 -0.092507 0.008583 -0.009508 0.040043 -0.070382 0.029182 0.023079 0.008202 0.014653 -0.001442 -0.047494 -0.038339 -0.003624 -0.000191 0.010109 -0.052453 -0.021172 0.367933 -0.020790 0.977531 0.000191
1757663153.913274 -0.031090 -0.023079 -0.092507 0.008583 -0.009508 0.040043 -0.070382 0.029182 0.023079 0.008202 0.014653 -0.001442 -0.047494 -0.038339 -0.003624 -0.000191 0.010109 -0.052453 -0.021172 0.367933 -0.020790 0.977531 0.000191
1757663153.915246 -0.031090 -0.023079 -0.092507 0.008583 -0.009645 0.039787 -0.070382 0.029182 0.023079 0.008202 0.014653 -0.001442 -0.047494 -0.038339 -0.003624 -0.000191 0.010109 -0.052453 -0.021172 0.367933 -0.020790 0.977531 0.000191
1757663153.917239 -0.031090 -0.023079 -0.092507 0.008583 -0.009508 0.040043 -0.070382 0.029182 0.023079 0.008202 0.014653 -0.001442 -0.047494 -0.038339 -0.003624 -0.000191 0.010109 -0.052453 -0.021172 0.367933 -0.020790 0.977531 0.000191
1757663153.919260 -0.031090 -0.023079 -0.092507 0.008583 -0.009508 0.040043 -0.070382 0.029182 0.023079 0.008202 0.014653 -0.001442 -0.047494 -0.038339 -0.003624 -0.000191 0.010109 -0.052453 -0.021172 0.367933 -0.020790 0.977531 0.000191
1757663153.921304 -0.031090 -0.023079 -0.092507 0.008583 -0.009508 0.040043 -0.070382 0.029182 0.023079 0.008202 0.014653 -0.001442 -0.047494 -0.038339 -0.003624 -0.000191 0.010109 -0.052453 -0.021172 0.367933 -0.020790 0.977531 0.000191
1757663153.923242 -0.031090 -0.023079 -0.092507 0.008583 -0.009508 0.040043 -0.070382 0.029182 0.023079 0.008202 0.014653 -0.001442 -0.047494 -0.038339 -0.003624 -0.000191 0.010109 -0.052453 -0.021172 0.367933 -0.020790 0.977531 0.000191
1757663153.925239 -0.031090 -0.023079 -0.092507 0.008583 -0.009508 0.040043 -0.070382 0.029182 0.023079 0.008202 0.014653 -0.001442 -0.047494 -0.038339 -0.003624 -0.000191 0.010109 -0.052453 -0.021172 0.367933 -0.020790 0.977531 0.000191
1757663153.927238 -0.031090 -0.023079 -0.092507 0.008583 -0.009645 0.039787 -0.070382 0.029182 0.023079 0.008202 0.014653 -0.001442 -0.047494 -0.038339 -0.003624 -0.000191 0.010109 -0.052453 -0.021172 0.367933 -0.020790 0.977531 0.000191
1757663153.929237 -0.031090 -0.023079 -0.092507 0.008583 -0.009508 0.040043 -0.070382 0.029182 0.023079 0.008202 0.014653 -0.001442 -0.047494 -0.038339 -0.003624 -0.000191 0.010109 -0.052453 -0.021172 0.367933 -0.020790 0.977531 0.000191
1757663153.931239 -0.031090 -0.023079 -0.092507 0.008583 -0.009508 0.040043 -0.070382 0.029182 0.023079 0.008202 0.014653 -0.001442 -0.047494 -0.038339 -0.003624 -0.000191 0.010109 -0.052453 -0.021172 0.367933 -0.020790 0.977531 0.000191
1757663153.933238 -0.031090 -0.023079 -0.092507 0.008583 -0.009508 0.040043 -0.070382 0.029182 0.023079 0.008202 0.014653 -0.001442 -0.047494 -0.038339 -0.003624 -0.000191 0.010109 -0.052453 -0.021172 0.367933 -0.020790 0.977531 0.000191
1757663153.935238 -0.031090 -0.023079 -0.092507 0.008583 -0.009645 0.039787 -0.070382 0.029182 0.023079 0.008202 0.014653 -0.001442 -0.047494 -0.038339 -0.003624 -0.000191 0.010109 -0.052453 -0.021172 0.367933 -0.020790 0.977531 0.000191
1757663153.937241 -0.031090 -0.023079 -0.092507 0.008583 -0.009508 0.040043 -0.070382 0.029182 0.023079 0.008202 0.014653 -0.001442 -0.047494 -0.038339 -0.003624 -0.000572 0.010109 -0.052453 -0.021172 0.367933 -0.020790 0.977531 0.000191
1757663153.939239 -0.031090 -0.023079 -0.092507 0.008583 -0.009508 0.040043 -0.070382 0.029182 0.023079 0.008202 0.014653 -0.001442 -0.047494 -0.038339 -0.003624 -0.000191 0.010109 -0.052453 -0.021172 0.367933 -0.020790 0.977531 0.000191
1757663153.941238 -0.031090 -0.023079 -0.092507 0.008583 -0.009508 0.040043 -0.070382 0.029182 0.023079 0.008202 0.014653 -0.001442 -0.047494 -0.038339 -0.003624 -0.000191 0.010109 -0.052453 -0.021172 0.367933 -0.020790 0.977531 0.000191
1757663153.943322 -0.031090 -0.023079 -0.092507 0.008583 -0.009645 0.039787 -0.070382 0.029182 0.023079 0.008202 0.014653 -0.001442 -0.047494 -0.038339 -0.003624 -0.000191 0.010109 -0.052453 -0.021172 0.367933 -0.020790 0.977531 0.000191
1757663153.945252 -0.031090 -0.023079 -0.092507 0.008583 -0.009508 0.040043 -0.070382 0.029182 0.023079 0.008202 0.014653 -0.001442 -0.047494 -0.038339 -0.003624 -0.000191 0.010109 -0.052453 -0.021172 0.367933 -0.020790 0.977531 0.000191
1757663153.947266 -0.031090 -0.023079 -0.092507 0.008583 -0.009508 0.040043 -0.070382 0.029182 0.023079 0.008202 0.014653 -0.001442 -0.047494 -0.038339 -0.003624 -0.000191 0.010109 -0.052453 -0.021172 0.367933 -0.020790 0.977531 0.000191
1757663153.949276 -0.031090 -0.023079 -0.092507 0.008583 -0.009645 0.039787 -0.070382 0.029182 0.023079 0.008202 0.014653 -0.001442 -0.047494 -0.038339 -0.003624 -0.000191 0.010109 -0.052453 -0.021172 0.367933 -0.020790 0.977531 0.000191
1757663153.951245 -0.031090 -0.023079 -0.092507 0.008583 -0.009508 0.040043 -0.070382 0.029182 0.023079 0.008202 0.014653 -0.001442 -0.047494 -0.038339 -0.003624 -0.000191 0.010109 -0.052453 -0.021172 0.367933 -0.020790 0.977531 0.000191
1757663153.953250 -0.031090 -0.023079 -0.092507 0.008583 -0.009508 0.040043 -0.070382 0.029182 0.023079 0.008202 0.014653 -0.001442 -0.047494 -0.038339 -0.003624 -0.000191 0.010109 -0.052453 -0.021172 0.367933 -0.020790 0.977531 0.000191
1757663153.955240 -0.031090 -0.023079 -0.092507 0.008583 -0.009645 0.039787 -0.070382 0.029182 0.023079 0.008202 0.014653 -0.001442 -0.047494 -0.038339 -0.003624 -0.000191 0.010109 -0.052453 -0.021172 0.367933 -0.020790 0.977531 0.000191
1757663153.957241 -0.031090 -0.023079 -0.092507 0.008583 -0.009508 0.040043 -0.070382 0.029182 0.023079 0.008202 0.014653 -0.001442 -0.047494 -0.038339 -0.003624 -0.000191 0.010109 -0.052453 -0.021172 0.367933 -0.020790 0.977531 0.000191
1757663153.959243 -0.031090 -0.023079 -0.092507 0.008583 -0.009508 0.040043 -0.070382 0.029182 0.023079 0.008202 0.014653 -0.001442 -0.047494 -0.038339 -0.003624 -0.000191 0.010109 -0.052453 -0.021172 0.367933 -0.020790 0.977531 0.000191
1757663153.961240 -0.031090 -0.023079 -0.092507 0.008583 -0.009508 0.040043 -0.070382 0.029182 0.023079 0.008202 0.014653 -0.001442 -0.047494 -0.038339 -0.003624 -0.000191 0.010109 -0.052453 -0.021172 0.367933 -0.020790 0.977531 0.000191
1757663153.963239 -0.031090 -0.023079 -0.092507 0.008583 -0.009645 0.039787 -0.070382 0.029182 0.023079 0.008202 0.014653 -0.001442 -0.047494 -0.038339 -0.003624 -0.000191 0.010109 -0.052453 -0.021172 0.367933 -0.020790 0.977531 0.000191
1757663153.965238 -0.031090 -0.023079 -0.092507 0.008583 -0.009645 0.039787 -0.070382 0.029182 0.023079 0.008202 0.014653 -0.001442 -0.047494 -0.038339 -0.003624 -0.000191 0.010109 -0.052453 -0.021172 0.367933 -0.020790 0.977531 0.000191
1757663153.967239 -0.031090 -0.023079 -0.092507 0.008583 -0.009508 0.040043 -0.070382 0.029182 0.023079 0.008202 0.014653 -0.001442 -0.047494 -0.038339 -0.003624 -0.000191 0.010109 -0.052453 -0.021172 0.367933 -0.020790 0.977531 0.000191
1757663153.969238 -0.031090 -0.023079 -0.092507 0.008583 -0.009508 0.040043 -0.070382 0.029182 0.023079 0.008202 0.014653 -0.001442 -0.047494 -0.038339 -0.003624 -0.000191 0.010109 -0.052453 -0.021172 0.367933 -0.020790 0.977531 0.000191
1757663153.971236 -0.031090 -0.023079 -0.092507 0.008583 -0.009645 0.039787 -0.070382 0.029182 0.023079 0.008202 0.014653 -0.001442 -0.047494 -0.038339 -0.003624 -0.000191 0.010109 -0.052453 -0.021172 0.367933 -0.020790 0.977531 0.000191
1757663153.973259 -0.031090 -0.023079 -0.092507 0.008583 -0.009645 0.039787 -0.070382 0.029182 0.023079 0.008202 0.014653 -0.001442 -0.047494 -0.038339 -0.003624 -0.000191 0.010109 -0.052453 -0.021172 0.367933 -0.020790 0.977531 0.000191
1757663153.975332 -0.031090 -0.023079 -0.092507 0.008583 -0.009645 0.039787 -0.070382 0.029182 0.023079 0.008202 0.014653 -0.001442 -0.047494 -0.038339 -0.003624 -0.000191 0.010109 -0.052453 -0.021172 0.367933 -0.020790 0.977531 0.000191
1757663153.977248 -0.031090 -0.023079 -0.092507 0.008583 -0.009645 0.039787 -0.070382 0.029182 0.023079 0.008202 0.014653 -0.001442 -0.047494 -0.038339 -0.003624 -0.000191 0.010109 -0.052453 -0.021172 0.367933 -0.020790 0.977531 0.000191
1757663153.979241 -0.031090 -0.023079 -0.092507 0.008583 -0.009508 0.040043 -0.070382 0.029182 0.023079 0.008202 0.014653 -0.001442 -0.047494 -0.038339 -0.003624 -0.000191 0.010109 -0.052453 -0.021172 0.367933 -0.020790 0.977531 0.000191
1757663153.981261 -0.031090 -0.023079 -0.092507 0.008583 -0.009508 0.040043 -0.070382 0.029182 0.023079 0.008202 0.014653 -0.001442 -0.047494 -0.038339 -0.003624 -0.000191 0.010109 -0.052453 -0.021172 0.367933 -0.020790 0.977531 0.000191
1757663153.983302 -0.031090 -0.023079 -0.092507 0.008583 -0.009645 0.039787 -0.070382 0.029182 0.023079 0.008202 0.014653 -0.001442 -0.047494 -0.038339 -0.003624 -0.000191 0.010109 -0.052453 -0.021172 0.367933 -0.020790 0.977531 0.000191
1757663153.985266 -0.031090 -0.023079 -0.092507 0.008583 -0.009645 0.039787 -0.070382 0.029182 0.023079 0.008202 0.014653 -0.001442 -0.047494 -0.038339 -0.003624 -0.000191 0.010109 -0.052453 -0.021172 0.367933 -0.020790 0.977531 0.000191
1757663153.987241 -0.031090 -0.023079 -0.092507 0.008583 -0.009645 0.039787 -0.070382 0.029182 0.023079 0.008202 0.014653 -0.001442 -0.047494 -0.038339 -0.003624 -0.000191 0.010109 -0.052453 -0.021172 0.367933 -0.020790 0.977531 0.000191
1757663153.989236 -0.031090 -0.023079 -0.092507 0.008583 -0.009645 0.039787 -0.070382 0.029182 0.023079 0.008202 0.014653 -0.001442 -0.047494 -0.038339 -0.003624 -0.000191 0.010109 -0.052453 -0.021172 0.367933 -0.020790 0.977531 0.000191
1757663153.991238 -0.031090 -0.023079 -0.092507 0.008583 -0.009645 0.039787 -0.070382 0.029182 0.023079 0.008202 0.014653 -0.001442 -0.047494 -0.038339 -0.003624 -0.000191 0.010109 -0.052453 -0.021172 0.367933 -0.020790 0.977531 0.000191
1757663153.993233 -0.031090 -0.023079 -0.092507 0.008583 -0.009645 0.039787 -0.070382 0.029182 0.023079 0.008202 0.014653 -0.001442 -0.047494 -0.038339 -0.003624 -0.000191 0.010109 -0.052453 -0.021172 0.367933 -0.020790 0.977531 0.000191
1757663153.995238 -0.031090 -0.023079 -0.092507 0.008583 -0.009645 0.039787 -0.070382 0.029182 0.023079 0.008202 0.014653 -0.001442 -0.047494 -0.038339 -0.003624 -0.000191 0.010109 -0.052453 -0.021172 0.367933 -0.020790 0.977531 0.000191
1757663153.997234 -0.031090 -0.023079 -0.092507 0.008583 -0.009645 0.039787 -0.070382 0.029182 0.023079 0.008202 0.014653 -0.001442 -0.047494 -0.038339 -0.003624 -0.000191 0.010109 -0.052453 -0.021172 0.367933 -0.020790 0.977531 0.000191
1757663153.999244 -0.031090 -0.023079 -0.092507 0.008583 -0.009645 0.039787 -0.070382 0.029182 0.023079 0.008202 0.014653 -0.001442 -0.047494 -0.038339 -0.003624 -0.000191 0.010109 -0.052453 -0.021172 0.367933 -0.020790 0.977531 0.000191
1757663154.001237 -0.031090 -0.023079 -0.092507 0.008583 -0.009645 0.039787 -0.070382 0.029182 0.023079 0.008202 0.014653 -0.001442 -0.047494 -0.038339 -0.003624 -0.000191 0.010109 -0.052453 -0.021172 0.367933 -0.020790 0.977531 0.000191
1757663154.003239 -0.031090 -0.023079 -0.092507 0.008583 -0.009645 0.039787 -0.070382 0.029182 0.023079 0.008202 0.014653 -0.001442 -0.047494 -0.038339 -0.003624 -0.000191 0.010109 -0.052453 -0.021172 0.367933 -0.020790 0.977531 0.000191
1757663154.005249 -0.031090 -0.023079 -0.092507 0.008583 -0.009645 0.039787 -0.070382 0.029182 0.023079 0.008202 0.014653 -0.001442 -0.047494 -0.038339 -0.003624 -0.000191 0.010109 -0.052453 -0.021172 0.367933 -0.020790 0.977531 0.000191
1757663154.007314 -0.031090 -0.023079 -0.092507 0.008583 -0.009645 0.039787 -0.070382 0.029182 0.023079 0.008202 0.014653 -0.001442 -0.047494 -0.038339 -0.003624 -0.000191 0.010109 -0.052453 -0.021172 0.367933 -0.020790 0.977531 0.000191
1757663154.009266 -0.031090 -0.023079 -0.092507 0.008583 -0.009645 0.039787 -0.070382 0.029182 0.023079 0.008202 0.014653 -0.001442 -0.047494 -0.038339 -0.003624 -0.000191 0.010109 -0.052453 -0.021172 0.367933 -0.020790 0.977531 0.000191
1757663154.011265 -0.031090 -0.023079 -0.092507 0.008583 -0.009645 0.039787 -0.070382 0.029182 0.023079 0.008202 0.014653 -0.001442 -0.047494 -0.038339 -0.003624 -0.000191 0.010109 -0.052453 -0.021172 0.367933 -0.020790 0.977531 0.000191
1757663154.013278 -0.031090 -0.023079 -0.092507 0.008583 -0.009645 0.039787 -0.070382 0.029182 0.023079 0.008202 0.014653 -0.001442 -0.047494 -0.038339 -0.003624 -0.000191 0.010109 -0.052453 -0.021172 0.367933 -0.020790 0.977531 0.000191
1757663154.015280 -0.031090 -0.023079 -0.092507 0.008583 -0.009645 0.039787 -0.070382 0.029182 0.023079 0.008202 0.014653 -0.001442 -0.047494 -0.038339 -0.003624 -0.000191 0.010109 -0.052453 -0.021172 0.367933 -0.020790 0.977531 0.000191
1757663154.017277 -0.031090 -0.023079 -0.092507 0.008583 -0.009645 0.039787 -0.070382 0.029182 0.023079 0.008202 0.014653 -0.001442 -0.047494 -0.038339 -0.003624 -0.000191 0.010109 -0.052453 -0.021172 0.367933 -0.020790 0.977531 0.000191
1757663154.019277 -0.031090 -0.023079 -0.092507 0.008583 -0.009645 0.039787 -0.070382 0.029182 0.023079 0.008202 0.014653 -0.001442 -0.047494 -0.038339 -0.003624 -0.000191 0.010109 -0.052453 -0.021172 0.367933 -0.020790 0.977531 0.000191
1757663154.021247 -0.031090 -0.023079 -0.092507 0.008583 -0.009645 0.039787 -0.070382 0.029182 0.023079 0.008202 0.014653 -0.001442 -0.047494 -0.038339 -0.003624 -0.000191 0.010109 -0.052453 -0.021172 0.367933 -0.020790 0.977531 0.000191
1757663154.023243 -0.031090 -0.023079 -0.092507 0.008583 -0.009645 0.039787 -0.070382 0.029182 0.023079 0.008202 0.014653 -0.001442 -0.047494 -0.038339 -0.003624 -0.000191 0.010109 -0.052453 -0.021172 0.367933 -0.020790 0.977531 0.000191
1757663154.025242 -0.031090 -0.023079 -0.092507 0.008583 -0.009645 0.039787 -0.070382 0.029182 0.023079 0.008202 0.014653 -0.001442 -0.047494 -0.038339 -0.003624 -0.000191 0.010109 -0.052453 -0.021172 0.367933 -0.020790 0.977531 0.000191
1757663154.027258 -0.031090 -0.023079 -0.092507 0.008583 -0.009645 0.039787 -0.070382 0.029182 0.023079 0.008202 0.014653 -0.001442 -0.047494 -0.038339 -0.003624 -0.000191 0.010109 -0.052453 -0.021172 0.367933 -0.020790 0.977531 0.000191
1757663154.029240 -0.031090 -0.023079 -0.092507 0.008583 -0.009645 0.039787 -0.070382 0.029182 0.023079 0.008202 0.014653 -0.001442 -0.047494 -0.038339 -0.003624 -0.000191 0.010109 -0.052453 -0.021172 0.367933 -0.020790 0.977531 0.000191
1757663154.031257 -0.031090 -0.023079 -0.092507 0.008583 -0.009645 0.039787 -0.070382 0.029182 0.023079 0.008202 0.014653 -0.001442 -0.047494 -0.038339 -0.003624 -0.000191 0.010109 -0.052453 -0.021172 0.367933 -0.020790 0.977531 0.000191
1757663154.033237 -0.031090 -0.023079 -0.092507 0.008583 -0.009645 0.039787 -0.070382 0.029182 0.023079 0.008202 0.014653 -0.001442 -0.047494 -0.038339 -0.003624 -0.000191 0.010109 -0.052453 -0.021172 0.367933 -0.020790 0.977531 0.000191
1757663154.035256 -0.031090 -0.023079 -0.092507 0.008583 -0.009645 0.039787 -0.070382 0.029182 0.023079 0.008202 0.014653 -0.001442 -0.047494 -0.038339 -0.003624 -0.000191 0.010109 -0.052453 -0.021172 0.367933 -0.020790 0.977531 0.000191
1757663154.037252 -0.031090 -0.023079 -0.092507 0.008583 -0.009645 0.039787 -0.070382 0.029182 0.023079 0.008202 0.014653 -0.001442 -0.047494 -0.038339 -0.003624 -0.000191 0.010109 -0.052453 -0.021172 0.367933 -0.020790 0.977531 0.000191
1757663154.039286 -0.031090 -0.023079 -0.092507 0.008583 -0.009645 0.039787 -0.070382 0.029182 0.023079 0.008202 0.014653 -0.001442 -0.047494 -0.038339 -0.003624 -0.000191 0.010109 -0.052453 -0.021172 0.367933 -0.020790 0.977531 0.000191
1757663154.041241 -0.031090 -0.023079 -0.092507 0.008583 -0.009645 0.039787 -0.070382 0.029182 0.023079 0.008202 0.014653 -0.001442 -0.047494 -0.038339 -0.003624 -0.000191 0.010109 -0.052453 -0.021172 0.367933 -0.020790 0.977531 0.000191
1757663154.043258 -0.031090 -0.023079 -0.092507 0.008583 -0.009645 0.039787 -0.070382 0.029182 0.023079 0.008202 0.014653 -0.001442 -0.047494 -0.038339 -0.003624 -0.000191 0.010109 -0.052453 -0.021172 0.367933 -0.020790 0.977531 0.000191
1757663154.045250 -0.031090 -0.023079 -0.092507 0.008583 -0.009645 0.039787 -0.070382 0.029182 0.023079 0.008202 0.014653 -0.001442 -0.047494 -0.038339 -0.003624 -0.000191 0.010109 -0.052453 -0.021172 0.367933 -0.020790 0.977531 0.000191
1757663154.047235 -0.031090 -0.023079 -0.092507 0.008583 -0.009645 0.039787 -0.070382 0.029182 0.023079 0.008202 0.014653 -0.001442 -0.047494 -0.038339 -0.003624 -0.000191 0.010109 -0.052453 -0.021172 0.367933 -0.020790 0.977531 0.000191
1757663154.049231 -0.031090 -0.023079 -0.092507 0.008583 -0.009645 0.039787 -0.070382 0.029182 0.023079 0.008202 0.014653 -0.001442 -0.047494 -0.038339 -0.003624 -0.000191 0.010109 -0.052453 -0.021172 0.367933 -0.020790 0.977531 0.000191
1757663154.051243 -0.031090 -0.023079 -0.092507 0.008583 -0.009645 0.039787 -0.070382 0.029182 0.023079 0.008202 0.014653 -0.001442 -0.047494 -0.038339 -0.003624 -0.000191 0.010109 -0.052453 -0.021172 0.367933 -0.020790 0.977531 0.000191
1757663154.053229 -0.031090 -0.023079 -0.092507 0.008583 -0.009645 0.039787 -0.070382 0.029182 0.023079 0.008202 0.014653 -0.001442 -0.047494 -0.038339 -0.003624 -0.000191 0.010109 -0.052453 -0.021172 0.367933 -0.020790 0.977531 0.000191
1757663154.055232 -0.031090 -0.023079 -0.092507 0.008583 -0.009645 0.039787 -0.070382 0.029182 0.023079 0.008202 0.014653 -0.001442 -0.047494 -0.038339 -0.003624 -0.000191 0.010109 -0.052453 -0.021172 0.367933 -0.020790 0.977531 0.000191
1757663154.057229 -0.031090 -0.023079 -0.092507 0.008583 -0.009645 0.039787 -0.070382 0.029182 0.023079 0.008202 0.014653 -0.001442 -0.047494 -0.038339 -0.003624 -0.000191 0.010109 -0.052453 -0.021172 0.367933 -0.020790 0.977531 0.000191
1757663154.059242 -0.031090 -0.023079 -0.092507 0.008583 -0.009645 0.039787 -0.070382 0.029182 0.023079 0.008202 0.014653 -0.001442 -0.047494 -0.038339 -0.003624 -0.000191 0.010109 -0.052453 -0.021172 0.367933 -0.020790 0.977531 0.000191
1757663154.061228 -0.031090 -0.023079 -0.092507 0.008583 -0.009645 0.039787 -0.070382 0.029182 0.023079 0.008202 0.014653 -0.001442 -0.047494 -0.038339 -0.003624 -0.000191 0.010109 -0.052453 -0.021172 0.367933 -0.020790 0.977531 0.000191
1757663154.063238 -0.031090 -0.023079 -0.092507 0.008583 -0.009645 0.039787 -0.070382 0.029182 0.023079 0.008202 0.014653 -0.001442 -0.047494 -0.038339 -0.003624 -0.000191 0.010109 -0.052453 -0.021172 0.367933 -0.020790 0.977531 0.000191
1757663154.065227 -0.031090 -0.023079 -0.092507 0.008583 -0.009645 0.039787 -0.070382 0.029182 0.023079 0.008202 0.014653 -0.001442 -0.047494 -0.038339 -0.003624 -0.000191 0.010109 -0.052453 -0.021172 0.367933 -0.020790 0.977531 0.000191
1757663154.067235 -0.031090 -0.023079 -0.092507 0.008583 -0.009645 0.039787 -0.070382 0.029182 0.023079 0.008202 0.014653 -0.001442 -0.047494 -0.038339 -0.003624 -0.000191 0.010109 -0.052453 -0.021172 0.367933 -0.020790 0.977531 0.000191
1757663154.069346 -0.031090 -0.023079 -0.092507 0.008583 -0.009645 0.039787 -0.070382 0.029182 0.023079 0.008202 0.014653 -0.001442 -0.047494 -0.038339 -0.003624 -0.000191 0.010109 -0.052453 -0.021172 0.367933 -0.020790 0.977531 0.000191
1757663154.071276 -0.031090 -0.023079 -0.092507 0.008583 -0.009645 0.039787 -0.070382 0.029182 0.023079 0.008202 0.014653 -0.001442 -0.047494 -0.038339 -0.003624 -0.000191 0.010109 -0.052453 -0.021172 0.367933 -0.020790 0.977531 0.000191
1757663154.073273 -0.031090 -0.023079 -0.092507 0.008583 -0.009645 0.039787 -0.070382 0.029182 0.023079 0.008202 0.014653 -0.001442 -0.047494 -0.038339 -0.003624 -0.000191 0.010109 -0.052453 -0.021172 0.367933 -0.020790 0.977531 0.000191
1757663154.075274 -0.031090 -0.023079 -0.092507 0.008583 -0.009645 0.039787 -0.070382 0.029182 0.023079 0.008202 0.014653 -0.001442 -0.047494 -0.038339 -0.003624 -0.000191 0.010109 -0.052453 -0.021172 0.367933 -0.020790 0.977531 0.000191
1757663154.077290 -0.031090 -0.023079 -0.092507 0.008583 -0.009645 0.039787 -0.070382 0.029182 0.023079 0.008202 0.014653 -0.001442 -0.047494 -0.038339 -0.003624 -0.000191 0.010109 -0.052453 -0.021172 0.367933 -0.020790 0.977531 0.000191
1757663154.079273 -0.031090 -0.023079 -0.092507 0.008583 -0.009645 0.039787 -0.070382 0.029182 0.023079 0.008202 0.014653 -0.001442 -0.047494 -0.038339 -0.003624 -0.000191 0.010109 -0.052453 -0.021172 0.367933 -0.020790 0.977531 0.000191
1757663154.081271 -0.031090 -0.023079 -0.092507 0.008583 -0.009645 0.039787 -0.070382 0.029182 0.023079 0.008202 0.014653 -0.001442 -0.047494 -0.038339 -0.003624 -0.000191 0.010109 -0.052453 -0.021172 0.367933 -0.020790 0.977531 0.000191
1757663154.083241 -0.031090 -0.023079 -0.092507 0.008583 -0.009645 0.039787 -0.070382 0.029182 0.023079 0.008202 0.014653 -0.001442 -0.047494 -0.038339 -0.003624 -0.000191 0.010109 -0.052453 -0.021172 0.367933 -0.020790 0.977531 0.000191
1757663154.085236 -0.031090 -0.023079 -0.092507 0.008583 -0.009645 0.039787 -0.070382 0.029182 0.023079 0.008202 0.014653 -0.001442 -0.047494 -0.038339 -0.003624 -0.000191 0.010109 -0.052453 -0.021172 0.367933 -0.020790 0.977531 0.000191
1757663154.087241 -0.031090 -0.023079 -0.092507 0.008583 -0.009645 0.039787 -0.070382 0.029182 0.023079 0.008202 0.014653 -0.001442 -0.047494 -0.038339 -0.003624 -0.000191 0.010109 -0.052453 -0.021172 0.367933 -0.020790 0.977531 0.000191
1757663154.089239 -0.031090 -0.023079 -0.092507 0.008583 -0.009645 0.039787 -0.070382 0.029182 0.023079 0.008202 0.014653 -0.001442 -0.047494 -0.038339 -0.003624 -0.000191 0.010109 -0.052453 -0.021172 0.367933 -0.020790 0.977531 0.000191
1757663154.091235 -0.031090 -0.023079 -0.092507 0.008583 -0.009645 0.039787 -0.070382 0.029182 0.023079 0.008202 0.014653 -0.001442 -0.047494 -0.038339 -0.003624 -0.000191 0.010109 -0.052453 -0.021172 0.367933 -0.020790 0.977531 0.000191
1757663154.093235 -0.031090 -0.023079 -0.092507 0.008583 -0.009645 0.039787 -0.070382 0.029182 0.023079 0.008202 0.014653 -0.001442 -0.047494 -0.038339 -0.003624 -0.000191 0.010109 -0.052453 -0.021172 0.367933 -0.020790 0.977531 0.000191
1757663154.095238 -0.031090 -0.023079 -0.092507 0.008583 -0.009645 0.039787 -0.070382 0.029182 0.023079 0.008202 0.014653 -0.001442 -0.047494 -0.038339 -0.003624 -0.000191 0.010109 -0.052453 -0.021172 0.367933 -0.020790 0.977531 0.000191
1757663154.097238 -0.031090 -0.023079 -0.092507 0.008583 -0.009645 0.039787 -0.070382 0.029182 0.023079 0.008202 0.014653 -0.001442 -0.047494 -0.038339 -0.003624 -0.000191 0.010109 -0.052453 -0.021172 0.367933 -0.020790 0.977531 0.000191
1757663154.099254 -0.031090 -0.023079 -0.092507 0.008583 -0.009645 0.039787 -0.070382 0.029182 0.023079 0.008202 0.014653 -0.001442 -0.047494 -0.038339 -0.003624 -0.000191 0.010109 -0.052453 -0.021172 0.367933 -0.020790 0.977531 0.000191
1757663154.101293 -0.031090 -0.023079 -0.092507 0.008583 -0.009645 0.039787 -0.070382 0.029182 0.023079 0.008202 0.014653 -0.001442 -0.047494 -0.038339 -0.003624 -0.000191 0.010109 -0.052453 -0.021172 0.367933 -0.020790 0.977531 0.000191
1757663154.103238 -0.031090 -0.023079 -0.092507 0.008583 -0.009645 0.039787 -0.070382 0.029182 0.023079 0.008202 0.014653 -0.001442 -0.047494 -0.038339 -0.003624 -0.000191 0.010109 -0.052453 -0.021172 0.367933 -0.020790 0.977531 0.000191
1757663154.105237 -0.031090 -0.023079 -0.092507 0.008583 -0.009645 0.039787 -0.070382 0.029182 0.023079 0.008202 0.014653 -0.001442 -0.047494 -0.038339 -0.003624 -0.000191 0.010109 -0.052453 -0.021172 0.367933 -0.020790 0.977531 0.000191
1757663154.107237 -0.031090 -0.023079 -0.092507 0.008583 -0.009645 0.039787 -0.070382 0.029182 0.023079 0.008202 0.014653 -0.001442 -0.047494 -0.038339 -0.003624 -0.000191 0.010109 -0.052453 -0.021172 0.367933 -0.020790 0.977531 0.000191
1757663154.109228 -0.031090 -0.023079 -0.092507 0.008583 -0.009645 0.039787 -0.070382 0.029182 0.023079 0.008202 0.014653 -0.001442 -0.047494 -0.038339 -0.003624 -0.000191 0.010109 -0.052453 -0.021172 0.367933 -0.020790 0.977531 0.000191
1757663154.111229 -0.031090 -0.023079 -0.092507 0.008583 -0.009645 0.039787 -0.070382 0.029182 0.023079 0.008202 0.014653 -0.001442 -0.047494 -0.038339 -0.003624 -0.000191 0.010109 -0.052453 -0.021172 0.367933 -0.020790 0.977531 0.000191
1757663154.113237 -0.031090 -0.023079 -0.092507 0.008583 -0.009645 0.039787 -0.070382 0.029182 0.023079 0.008202 0.014653 -0.001442 -0.047494 -0.038339 -0.003624 -0.000191 0.010109 -0.052453 -0.021172 0.367933 -0.020790 0.977531 0.000191
1757663154.115228 -0.031090 -0.023079 -0.092507 0.008583 -0.009645 0.039787 -0.070382 0.029182 0.023079 0.008202 0.014653 -0.001442 -0.047494 -0.038339 -0.003624 -0.000191 0.010109 -0.052453 -0.021172 0.367933 -0.020790 0.977531 0.000191
1757663154.117234 -0.031090 -0.023079 -0.092507 0.008583 -0.009645 0.039787 -0.070382 0.029182 0.023079 0.008202 0.014653 -0.001442 -0.047494 -0.038339 -0.003624 -0.000191 0.010109 -0.052453 -0.021172 0.367933 -0.020790 0.977531 0.000191
1757663154.119231 -0.031090 -0.023079 -0.092507 0.008583 -0.009645 0.039787 -0.070382 0.029182 0.023079 0.008202 0.014653 -0.001442 -0.047494 -0.038339 -0.003624 -0.000191 0.010109 -0.052453 -0.021172 0.367933 -0.020790 0.977531 0.000191
1757663154.121237 -0.031090 -0.023079 -0.092507 0.008583 -0.009645 0.039787 -0.070382 0.029182 0.023079 0.008202 0.014653 -0.001442 -0.047494 -0.038339 -0.003624 -0.000191 0.010109 -0.052453 -0.021172 0.367933 -0.020790 0.977531 0.000191
1757663154.123235 -0.031090 -0.023079 -0.092507 0.008583 -0.009645 0.039787 -0.070382 0.029182 0.023079 0.008202 0.014653 -0.001442 -0.047494 -0.038339 -0.003624 -0.000191 0.010109 -0.052453 -0.021172 0.367933 -0.020790 0.977531 0.000191
1757663154.125236 -0.031090 -0.023079 -0.092507 0.008583 -0.009645 0.039787 -0.070382 0.029182 0.023079 0.008202 0.014653 -0.001442 -0.047494 -0.038339 -0.003624 -0.000191 0.010109 -0.052453 -0.021172 0.367933 -0.020790 0.977531 0.000191
1757663154.127246 -0.031090 -0.023079 -0.092507 0.008583 -0.009645 0.039787 -0.070382 0.029182 0.023079 0.008202 0.014653 -0.001442 -0.047494 -0.038339 -0.003624 -0.000191 0.010109 -0.052453 -0.021172 0.367933 -0.020790 0.977531 0.000191
1757663154.129236 -0.031090 -0.023079 -0.092507 0.008583 -0.009645 0.039787 -0.070382 0.029182 0.023079 0.008202 0.014653 -0.001442 -0.047494 -0.038339 -0.003624 -0.000191 0.010109 -0.052453 -0.021172 0.367933 -0.020790 0.977531 0.000191
1757663154.131307 -0.031090 -0.023079 -0.092507 0.008583 -0.009645 0.039787 -0.070382 0.029182 0.023079 0.008202 0.014653 -0.001442 -0.047494 -0.038339 -0.003624 -0.000191 0.010109 -0.052453 -0.021172 0.367933 -0.020790 0.977531 0.000191
1757663154.133280 -0.031090 -0.023079 -0.092507 0.008583 -0.009645 0.039787 -0.070382 0.029182 0.023079 0.008202 0.014653 -0.001442 -0.047494 -0.038339 -0.003624 -0.000191 0.010109 -0.052453 -0.021172 0.367933 -0.020790 0.977531 0.000191
1757663154.135278 -0.031090 -0.023079 -0.092507 0.008583 -0.009645 0.039787 -0.070382 0.029182 0.023079 0.008202 0.014653 -0.001442 -0.047494 -0.038339 -0.003624 -0.000191 0.010109 -0.052453 -0.021172 0.367933 -0.020790 0.977531 0.000191
1757663154.137277 -0.031090 -0.023079 -0.092507 0.008583 -0.009645 0.039787 -0.070382 0.029182 0.023079 0.008202 0.014653 -0.001442 -0.047494 -0.038339 -0.003624 -0.000191 0.010109 -0.052453 -0.021172 0.367933 -0.020790 0.977531 0.000191
1757663154.139273 -0.031090 -0.023079 -0.092507 0.008583 -0.009645 0.039787 -0.070382 0.029182 0.023079 0.008202 0.014653 -0.001442 -0.047494 -0.038339 -0.003624 -0.000191 0.010109 -0.052453 -0.021172 0.367933 -0.020790 0.977531 0.000191
1757663154.141276 -0.031090 -0.023079 -0.092507 0.008583 -0.009508 0.040043 -0.070382 0.029182 0.023079 0.008202 0.014653 -0.001442 -0.047494 -0.038339 -0.003624 -0.000191 0.010109 -0.052453 -0.021172 0.367933 -0.020790 0.977531 0.000191
1757663154.143292 -0.031090 -0.023079 -0.092507 0.008583 -0.009645 0.039787 -0.070382 0.029182 0.023079 0.008202 0.014653 -0.001442 -0.047494 -0.038339 -0.003624 -0.000191 0.010109 -0.052453 -0.021172 0.367933 -0.020790 0.977531 0.000191
1757663154.145271 -0.031090 -0.023079 -0.092507 0.008583 -0.009645 0.039787 -0.070382 0.029182 0.023079 0.008202 0.014653 -0.001442 -0.047494 -0.038339 -0.003624 -0.000191 0.010109 -0.052453 -0.021172 0.367933 -0.020790 0.977531 0.000191
1757663154.147274 -0.031090 -0.023079 -0.092507 0.008583 -0.009645 0.039787 -0.070382 0.029182 0.023079 0.008202 0.014653 -0.001442 -0.047494 -0.038339 -0.003624 -0.000191 0.010109 -0.052453 -0.021172 0.367933 -0.020790 0.977531 0.000191
1757663154.149274 -0.031090 -0.023079 -0.092507 0.008583 -0.009645 0.039787 -0.070382 0.029182 0.023079 0.008202 0.014653 -0.001442 -0.047494 -0.038339 -0.003624 -0.000191 0.010109 -0.052453 -0.021172 0.367933 -0.020790 0.977531 0.000191
1757663154.151238 -0.031090 -0.023079 -0.092507 0.008583 -0.009645 0.039787 -0.070382 0.029182 0.023079 0.008202 0.014653 -0.001442 -0.047494 -0.038339 -0.003624 -0.000191 0.010109 -0.052453 -0.021172 0.367933 -0.020790 0.977531 0.000191
1757663154.153233 -0.031090 -0.023079 -0.092507 0.008583 -0.009645 0.039787 -0.070382 0.029182 0.023079 0.008202 0.014653 -0.001442 -0.047494 -0.038339 -0.003624 -0.000191 0.010109 -0.052453 -0.021172 0.367933 -0.020790 0.977531 0.000191
1757663154.155235 -0.031090 -0.023079 -0.092507 0.008583 -0.009645 0.039787 -0.070382 0.029182 0.023079 0.008202 0.014653 -0.001442 -0.047875 -0.038339 -0.003624 -0.000191 0.010109 -0.052453 -0.021172 0.367933 -0.020790 0.977531 0.000191
1757663154.157238 -0.031090 -0.023079 -0.092507 0.008583 -0.009645 0.039787 -0.070382 0.029182 0.023079 0.008202 0.014653 -0.001442 -0.047875 -0.038339 -0.003624 -0.000191 0.010109 -0.052453 -0.021172 0.367933 -0.020790 0.977531 0.000191
1757663154.159228 -0.031090 -0.023079 -0.092507 0.008583 -0.009645 0.039787 -0.070382 0.029182 0.023079 0.008202 0.014653 -0.001442 -0.047875 -0.038339 -0.003624 -0.000191 0.010109 -0.052453 -0.021172 0.367933 -0.020790 0.977531 0.000191
1757663154.161275 -0.031090 -0.023079 -0.092507 0.008583 -0.009645 0.039787 -0.070382 0.029182 0.023079 0.008202 0.014653 -0.001442 -0.047875 -0.038339 -0.003624 -0.000191 0.010109 -0.052453 -0.021172 0.367933 -0.020790 0.977531 0.000191
1757663154.163383 -0.031090 -0.023079 -0.092507 0.008583 -0.009645 0.039787 -0.070382 0.029182 0.023079 0.008202 0.014653 -0.001442 -0.047875 -0.038339 -0.003624 -0.000191 0.010109 -0.052453 -0.021172 0.367933 -0.020790 0.977531 0.000191
1757663154.165243 -0.031090 -0.023079 -0.092507 0.008583 -0.009645 0.039787 -0.070382 0.029182 0.023079 0.008202 0.014653 -0.001442 -0.047875 -0.038339 -0.003624 -0.000191 0.010109 -0.052453 -0.021172 0.367933 -0.020790 0.977531 0.000191
1757663154.167236 -0.031090 -0.023079 -0.092507 0.008583 -0.009645 0.039787 -0.070382 0.029182 0.023079 0.008202 0.014653 -0.001442 -0.047875 -0.038339 -0.003624 -0.000191 0.010109 -0.052453 -0.021172 0.367933 -0.020790 0.977531 0.000191
1757663154.169274 -0.031090 -0.023079 -0.092507 0.008583 -0.009508 0.040043 -0.070382 0.029182 0.023079 0.008202 0.014653 -0.001442 -0.047875 -0.038339 -0.003624 -0.000191 0.010109 -0.052453 -0.021172 0.367933 -0.020790 0.977531 0.000191
1757663154.171242 -0.031090 -0.023079 -0.092507 0.008583 -0.009508 0.040043 -0.070382 0.029182 0.023079 0.008202 0.014653 -0.001442 -0.047875 -0.038339 -0.003624 -0.000191 0.010109 -0.052453 -0.021172 0.367933 -0.020790 0.977531 0.000191
1757663154.173228 -0.031090 -0.023079 -0.092507 0.008583 -0.009508 0.040043 -0.070382 0.029182 0.023079 0.008202 0.014653 -0.001442 -0.047875 -0.038339 -0.003624 -0.000191 0.010109 -0.052453 -0.021172 0.367933 -0.020790 0.977531 0.000191
1757663154.175231 -0.031090 -0.023079 -0.092507 0.008583 -0.009508 0.040043 -0.070382 0.029182 0.023079 0.008202 0.014653 -0.001442 -0.047875 -0.038339 -0.003624 -0.000191 0.010109 -0.052453 -0.021172 0.367933 -0.020790 0.977531 0.000191
1757663154.177229 -0.031090 -0.023079 -0.092507 0.008583 -0.009508 0.040043 -0.070382 0.029182 0.023079 0.008202 0.014653 -0.001442 -0.047875 -0.038339 -0.003624 -0.000191 0.010109 -0.052453 -0.021172 0.367933 -0.020790 0.977531 0.000191
1757663154.179230 -0.031090 -0.023079 -0.092507 0.008583 -0.009508 0.040043 -0.070382 0.029182 0.023079 0.008202 0.014653 -0.001442 -0.047875 -0.038339 -0.003624 -0.000191 0.010109 -0.052453 -0.021172 0.367933 -0.020790 0.977531 0.000191
1757663154.181222 -0.031090 -0.023079 -0.092507 0.008583 -0.009508 0.040043 -0.070382 0.029182 0.023079 0.008202 0.014653 -0.001442 -0.047875 -0.038339 -0.003624 -0.000191 0.010109 -0.052453 -0.021172 0.367933 -0.020790 0.977531 0.000191
1757663154.183230 -0.031090 -0.023460 -0.092507 0.008583 -0.009508 0.040043 -0.070382 0.029182 0.023079 0.008202 0.014653 -0.001442 -0.047875 -0.038339 -0.003624 -0.000191 0.010109 -0.052453 -0.021172 0.367933 -0.020790 0.977531 0.000191
1757663154.185229 -0.031090 -0.023460 -0.092507 0.008583 -0.009508 0.040043 -0.070382 0.029182 0.023079 0.008202 0.014653 -0.001442 -0.047875 -0.038339 -0.003624 -0.000191 0.010109 -0.052453 -0.021172 0.367933 -0.020790 0.977531 0.000191
1757663154.187230 -0.031090 -0.023460 -0.092507 0.008583 -0.009508 0.040043 -0.070382 0.029182 0.023079 0.008202 0.014653 -0.001442 -0.047875 -0.038339 -0.003624 -0.000191 0.010109 -0.052453 -0.021172 0.367933 -0.020790 0.977531 0.000191
1757663154.189228 -0.031090 -0.023460 -0.092507 0.008583 -0.009508 0.040043 -0.070382 0.029182 0.023079 0.008202 0.014653 -0.001442 -0.047875 -0.038339 -0.003624 -0.000191 0.010109 -0.052453 -0.021172 0.367933 -0.020790 0.977531 0.000191
1757663154.191225 -0.031090 -0.023460 -0.092507 0.008583 -0.009508 0.040043 -0.070382 0.029182 0.023079 0.008202 0.014653 -0.001442 -0.047875 -0.038339 -0.003624 -0.000191 0.010109 -0.052453 -0.021172 0.367933 -0.020790 0.977531 0.000191
1757663154.193225 -0.031090 -0.023460 -0.092507 0.008583 -0.009508 0.040043 -0.070382 0.029182 0.023079 0.008202 0.014653 -0.001442 -0.047875 -0.038339 -0.003624 -0.000191 0.010109 -0.052453 -0.021172 0.367933 -0.020790 0.977531 0.000191
1757663154.195275 -0.031090 -0.023460 -0.092507 0.008965 -0.009508 0.040043 -0.070382 0.029182 0.023079 0.008202 0.014653 -0.001442 -0.047875 -0.038339 -0.003624 -0.000191 0.010109 -0.052453 -0.021172 0.367933 -0.020790 0.977531 0.000191
1757663154.197255 -0.031090 -0.023460 -0.092507 0.008965 -0.009508 0.040043 -0.070382 0.029182 0.023079 0.008202 0.014653 -0.001442 -0.047875 -0.038339 -0.003624 -0.000191 0.010109 -0.052453 -0.021172 0.367933 -0.020790 0.977531 0.000191
1757663154.199250 -0.031090 -0.023460 -0.092507 0.008965 -0.009508 0.040043 -0.070382 0.029182 0.023079 0.008202 0.014653 -0.001442 -0.047875 -0.038339 -0.003624 -0.000191 0.010109 -0.052453 -0.021172 0.367933 -0.020790 0.977531 0.000191
1757663154.201231 -0.031090 -0.023460 -0.092507 0.008965 -0.009508 0.040043 -0.070382 0.029182 0.023460 0.008202 0.014653 -0.001442 -0.047875 -0.038339 -0.003624 -0.000191 0.010109 -0.052453 -0.021172 0.367933 -0.020790 0.977531 0.000191
1757663154.203232 -0.031090 -0.023460 -0.092507 0.008965 -0.009508 0.040043 -0.070382 0.029182 0.023460 0.008202 0.014653 -0.001442 -0.048257 -0.038339 -0.003624 -0.000191 0.010109 -0.052453 -0.021172 0.367933 -0.020790 0.977531 0.000191
1757663154.205228 -0.031090 -0.023460 -0.092507 0.008965 -0.009508 0.040043 -0.070382 0.029182 0.023460 0.008202 0.014653 -0.001442 -0.048257 -0.038339 -0.003624 -0.000191 0.010109 -0.052453 -0.021172 0.367933 -0.020790 0.977531 0.000191
1757663154.207235 -0.031090 -0.023460 -0.092507 0.008965 -0.009508 0.040043 -0.070382 0.029182 0.023460 0.008202 0.014653 -0.001442 -0.048257 -0.038339 -0.003624 -0.000191 0.010109 -0.052453 -0.021172 0.367933 -0.020790 0.977531 0.000191
1757663154.209226 -0.031090 -0.023460 -0.092507 0.008965 -0.009508 0.040043 -0.070382 0.029182 0.023460 0.008202 0.014653 -0.001442 -0.048257 -0.038339 -0.003624 -0.000191 0.010109 -0.052453 -0.021172 0.367933 -0.020790 0.977531 0.000191
1757663154.211241 -0.031090 -0.023460 -0.092507 0.008965 -0.009508 0.040043 -0.070382 0.029182 0.023460 0.008202 0.014653 -0.001442 -0.048257 -0.038339 -0.003624 -0.000191 0.010109 -0.052453 -0.021172 0.367933 -0.020790 0.977531 0.000191
1757663154.213227 -0.031090 -0.023460 -0.092507 0.008965 -0.009508 0.040043 -0.070382 0.029182 0.023460 0.008202 0.014653 -0.001442 -0.048257 -0.038339 -0.003624 -0.000191 0.010109 -0.052453 -0.021172 0.367933 -0.020790 0.977531 0.000191
1757663154.215242 -0.031090 -0.023460 -0.092507 0.008965 -0.009508 0.040043 -0.070382 0.029182 0.023460 0.008202 0.014653 -0.001442 -0.048257 -0.038339 -0.003624 -0.000191 0.010109 -0.052453 -0.021172 0.367933 -0.020790 0.977531 0.000191
1757663154.217235 -0.031090 -0.023460 -0.092507 0.008965 -0.009508 0.040043 -0.070382 0.029182 0.023460 0.008202 0.014653 -0.001442 -0.048257 -0.038339 -0.003624 -0.000191 0.010109 -0.052453 -0.021172 0.367933 -0.020790 0.977531 0.000191
1757663154.219217 -0.031090 -0.023460 -0.092507 0.008965 -0.009508 0.040043 -0.070382 0.029182 0.023460 0.008202 0.014653 -0.001442 -0.048638 -0.038339 -0.003624 -0.000191 0.010109 -0.052453 -0.021172 0.367933 -0.020790 0.977531 0.000191
1757663154.221233 -0.031090 -0.023460 -0.092507 0.008965 -0.009508 0.040043 -0.070382 0.029182 0.023460 0.008202 0.014653 -0.001442 -0.048638 -0.038339 -0.003624 -0.000191 0.010109 -0.052453 -0.021172 0.367933 -0.020790 0.977531 0.000191
1757663154.223226 -0.031090 -0.023460 -0.092507 0.008965 -0.009508 0.040043 -0.070382 0.029182 0.023460 0.008202 0.014653 -0.001442 -0.048638 -0.038339 -0.003624 -0.000191 0.010109 -0.052453 -0.021172 0.367933 -0.020790 0.977531 0.000191
1757663154.225299 -0.031090 -0.023460 -0.092507 0.008965 -0.009508 0.040043 -0.070382 0.029182 0.023460 0.008202 0.014653 -0.001442 -0.048638 -0.037957 -0.003624 -0.000191 0.010109 -0.052453 -0.021172 0.367933 -0.020790 0.977531 0.000191
1757663154.227246 -0.031090 -0.023460 -0.092507 0.008965 -0.009508 0.040043 -0.070382 0.029182 0.023460 0.008202 0.014653 -0.001442 -0.048638 -0.037957 -0.003624 -0.000191 0.010109 -0.052453 -0.021172 0.367933 -0.020790 0.977531 0.000191
1757663154.229229 -0.031090 -0.023460 -0.092507 0.008965 -0.009508 0.040043 -0.070382 0.029182 0.023460 0.008202 0.014653 -0.001442 -0.049020 -0.037957 -0.003624 -0.000191 0.010109 -0.052453 -0.021172 0.367933 -0.020790 0.977531 0.000191
1757663154.231273 -0.031090 -0.023460 -0.092507 0.008965 -0.009508 0.040043 -0.070382 0.028801 0.023460 0.007820 0.014653 -0.001442 -0.049020 -0.037957 -0.003624 -0.000191 0.010109 -0.052453 -0.021172 0.367933 -0.020790 0.977531 0.000191
1757663154.233233 -0.031090 -0.023460 -0.092507 0.008965 -0.009508 0.040043 -0.070382 0.028801 0.023460 0.007820 0.014653 -0.001442 -0.049020 -0.037957 -0.003624 -0.000191 0.010109 -0.052453 -0.021172 0.367933 -0.020790 0.977531 0.000191
1757663154.235236 -0.031090 -0.023460 -0.092507 0.008965 -0.009508 0.040043 -0.070382 0.028801 0.023460 0.007820 0.014653 -0.001442 -0.049020 -0.037957 -0.003624 -0.000191 0.010109 -0.052453 -0.021172 0.367933 -0.020790 0.977531 0.000191
1757663154.237226 -0.031090 -0.023460 -0.092507 0.008965 -0.009508 0.040043 -0.070382 0.028801 0.023460 0.007820 0.014653 -0.001442 -0.049020 -0.037957 -0.003624 -0.000191 0.010109 -0.052453 -0.021172 0.367933 -0.020790 0.977531 0.000191
1757663154.239228 -0.031090 -0.023460 -0.092507 0.008965 -0.009508 0.040043 -0.070382 0.028801 0.023460 0.007820 0.014653 -0.001442 -0.049401 -0.037957 -0.003624 -0.000191 0.010109 -0.052453 -0.021172 0.367933 -0.020790 0.977531 0.000191
1757663154.241230 -0.031090 -0.023460 -0.092507 0.008965 -0.009508 0.040043 -0.070382 0.028801 0.023460 0.007820 0.014653 -0.001442 -0.049401 -0.037957 -0.003624 -0.000191 0.010109 -0.052453 -0.021172 0.367933 -0.020790 0.977531 0.000191
1757663154.243228 -0.031090 -0.023460 -0.092507 0.008965 -0.009508 0.040043 -0.070382 0.028801 0.023460 0.008202 0.014653 -0.001442 -0.049401 -0.037957 -0.003624 -0.000191 0.010109 -0.052453 -0.021172 0.367933 -0.020790 0.977531 0.000191
1757663154.245229 -0.031090 -0.023460 -0.092507 0.008965 -0.009508 0.040043 -0.070382 0.028801 0.023460 0.008202 0.014653 -0.001442 -0.049401 -0.037957 -0.003624 -0.000191 0.010109 -0.052453 -0.021172 0.367933 -0.020790 0.977531 0.000191
1757663154.247227 -0.031090 -0.023842 -0.092507 0.008965 -0.009508 0.040043 -0.070382 0.028801 0.023460 0.008202 0.014653 -0.001442 -0.049401 -0.037957 -0.003624 -0.000191 0.010109 -0.052453 -0.021172 0.367933 -0.020790 0.977531 0.000191
1757663154.249224 -0.031090 -0.023842 -0.092507 0.008965 -0.009508 0.040043 -0.070382 0.028801 0.023460 0.008202 0.014653 -0.001442 -0.049783 -0.037957 -0.003624 -0.000191 0.010109 -0.052453 -0.021172 0.367933 -0.020790 0.977531 0.000191
1757663154.251249 -0.031090 -0.023842 -0.092507 0.008965 -0.009508 0.040043 -0.070382 0.028801 0.023460 0.008202 0.014653 -0.001442 -0.049783 -0.037957 -0.003624 -0.000191 0.010109 -0.052453 -0.021172 0.367933 -0.020790 0.977531 0.000191
1757663154.253226 -0.031090 -0.023842 -0.092507 0.008965 -0.009508 0.040043 -0.070382 0.028801 0.023460 0.008202 0.014653 -0.001442 -0.049783 -0.037957 -0.003624 -0.000191 0.010109 -0.052453 -0.021172 0.367933 -0.020790 0.977531 0.000191
1757663154.255225 -0.031090 -0.023842 -0.092507 0.008965 -0.009508 0.040043 -0.070382 0.028801 0.023460 0.008202 0.014653 -0.001442 -0.049783 -0.037957 -0.003624 -0.000191 0.010109 -0.052453 -0.021172 0.367933 -0.020790 0.977531 0.000191
1757663154.257323 -0.031090 -0.023842 -0.092507 0.008965 -0.009508 0.040043 -0.070382 0.028801 0.023460 0.008202 0.014653 -0.001442 -0.049783 -0.037957 -0.003624 -0.000191 0.010109 -0.052453 -0.021172 0.367933 -0.020790 0.977531 0.000191
1757663154.259244 -0.031090 -0.023842 -0.092507 0.008965 -0.009508 0.040043 -0.070382 0.028801 0.023460 0.008202 0.014653 -0.001442 -0.050164 -0.037957 -0.003624 -0.000191 0.010109 -0.052835 -0.021172 0.367933 -0.020790 0.977531 0.000191
1757663154.261237 -0.031090 -0.023842 -0.092507 0.008965 -0.009508 0.040043 -0.070382 0.028419 0.023460 0.008202 0.014653 -0.001442 -0.050164 -0.037957 -0.003624 -0.000191 0.010109 -0.052835 -0.021172 0.367933 -0.020790 0.977531 0.000191
1757663154.263229 -0.031090 -0.023842 -0.092507 0.008965 -0.009508 0.040043 -0.070382 0.028419 0.023460 0.008202 0.014653 -0.001442 -0.050164 -0.037957 -0.003624 -0.000191 0.010109 -0.052835 -0.021172 0.367933 -0.020790 0.977531 0.000191
1757663154.265229 -0.031090 -0.023842 -0.092507 0.008965 -0.009508 0.040043 -0.070382 0.028419 0.023460 0.008202 0.014653 -0.001442 -0.050164 -0.037957 -0.003624 -0.000191 0.010109 -0.052835 -0.021172 0.367933 -0.020790 0.977531 0.000191
1757663154.267227 -0.031090 -0.023842 -0.092507 0.008965 -0.009508 0.040043 -0.070382 0.028419 0.023460 0.008202 0.014653 -0.001442 -0.050164 -0.037957 -0.003624 -0.000191 0.010109 -0.052835 -0.021172 0.367933 -0.020790 0.977531 0.000191
1757663154.269226 -0.031090 -0.023842 -0.092507 0.008965 -0.009508 0.040043 -0.070382 0.028419 0.023460 0.008202 0.014653 -0.001442 -0.050546 -0.037957 -0.003624 -0.000191 0.010109 -0.052835 -0.021172 0.367933 -0.020790 0.977531 0.000191
1757663154.271230 -0.031090 -0.024223 -0.092507 0.008965 -0.009508 0.040043 -0.070382 0.028419 0.023460 0.008202 0.014653 -0.001442 -0.050546 -0.037957 -0.003624 -0.000191 0.010109 -0.052835 -0.021172 0.367933 -0.020790 0.977531 0.000191
1757663154.273216 -0.031090 -0.024223 -0.092507 0.008965 -0.009508 0.040043 -0.070382 0.028419 0.023460 0.008202 0.014653 -0.001442 -0.050546 -0.037957 -0.003624 -0.000191 0.010109 -0.052835 -0.021172 0.367933 -0.020790 0.977531 0.000191
1757663154.275227 -0.031090 -0.024223 -0.092507 0.008965 -0.009508 0.040043 -0.070382 0.028419 0.023460 0.008202 0.014653 -0.001442 -0.050546 -0.037957 -0.003624 -0.000191 0.010109 -0.052835 -0.021172 0.367933 -0.020790 0.977531 0.000191
1757663154.277223 -0.031090 -0.024223 -0.092507 0.008965 -0.009508 0.040043 -0.070382 0.028419 0.023460 0.008202 0.014653 -0.001442 -0.050546 -0.037957 -0.003624 -0.000191 0.010109 -0.052835 -0.021172 0.367933 -0.020790 0.977531 0.000191
1757663154.279225 -0.031090 -0.024223 -0.092507 0.008965 -0.009508 0.040043 -0.070382 0.028419 0.023460 0.008202 0.014653 -0.001442 -0.050927 -0.037957 -0.003624 -0.000191 0.010109 -0.052835 -0.021172 0.367933 -0.020790 0.977531 0.000191
1757663154.281244 -0.031090 -0.024223 -0.092507 0.008965 -0.009508 0.040043 -0.070382 0.028419 0.023460 0.008202 0.014653 -0.001442 -0.050927 -0.037957 -0.003624 -0.000191 0.010109 -0.052835 -0.021172 0.367933 -0.020790 0.977531 0.000191
1757663154.283227 -0.031090 -0.024223 -0.092507 0.008965 -0.009508 0.040043 -0.070382 0.028038 0.023079 0.008202 0.014653 -0.001442 -0.050927 -0.037957 -0.003624 -0.000191 0.010109 -0.053216 -0.021172 0.367933 -0.020790 0.977531 0.000191
1757663154.285228 -0.031090 -0.024223 -0.092507 0.008965 -0.009508 0.040043 -0.070382 0.028038 0.023079 0.008202 0.014653 -0.001442 -0.050927 -0.037957 -0.003624 -0.000191 0.010109 -0.053216 -0.021172 0.367933 -0.020790 0.977531 0.000191
1757663154.287230 -0.030708 -0.024223 -0.092507 0.008965 -0.009508 0.040043 -0.070382 0.028038 0.023079 0.008202 0.014653 -0.001442 -0.050927 -0.037957 -0.003624 -0.000191 0.010109 -0.053216 -0.021172 0.367933 -0.020790 0.977531 0.000191
1757663154.289333 -0.030708 -0.024223 -0.092507 0.008965 -0.009508 0.040043 -0.070382 0.028038 0.023079 0.008202 0.014653 -0.001442 -0.051309 -0.037957 -0.003624 -0.000191 0.010109 -0.053216 -0.021172 0.367933 -0.020790 0.977531 0.000191
1757663154.291255 -0.030708 -0.024223 -0.092507 0.008965 -0.009508 0.040043 -0.070382 0.028038 0.023079 0.008202 0.014653 -0.001442 -0.051309 -0.037957 -0.003624 -0.000191 0.010109 -0.053216 -0.021172 0.367933 -0.020790 0.977531 0.000191
1757663154.293227 -0.030708 -0.024223 -0.092507 0.008965 -0.009508 0.040043 -0.070382 0.028038 0.023079 0.008202 0.014653 -0.001442 -0.051309 -0.037957 -0.003624 -0.000191 0.010109 -0.053216 -0.021172 0.367933 -0.020790 0.977531 0.000191
1757663154.295251 -0.030708 -0.024605 -0.092507 0.008965 -0.009508 0.040043 -0.070382 0.028038 0.023079 0.008202 0.014653 -0.001442 -0.051309 -0.037957 -0.003624 -0.000191 0.010109 -0.053216 -0.021172 0.367933 -0.020790 0.977531 0.000191
1757663154.297238 -0.030708 -0.024605 -0.092507 0.008965 -0.009508 0.040043 -0.070001 0.028038 0.023079 0.008202 0.014653 -0.001442 -0.051309 -0.037957 -0.003624 -0.000191 0.010109 -0.053216 -0.021172 0.367933 -0.020790 0.977531 0.000191
1757663154.299232 -0.030708 -0.024605 -0.092507 0.008965 -0.009508 0.040043 -0.070001 0.028038 0.023079 0.008202 0.014653 -0.001442 -0.051309 -0.037957 -0.003624 -0.000191 0.010109 -0.053597 -0.021172 0.367933 -0.020790 0.977531 0.000191
1757663154.301231 -0.030708 -0.024605 -0.092507 0.008965 -0.009508 0.040043 -0.070001 0.028038 0.023079 0.008202 0.014653 -0.001442 -0.051309 -0.037957 -0.003624 -0.000191 0.010109 -0.053597 -0.021172 0.367933 -0.020790 0.977531 0.000191
1757663154.303245 -0.030708 -0.024605 -0.092507 0.008965 -0.009508 0.040043 -0.070001 0.028038 0.023079 0.008202 0.014653 -0.001442 -0.051690 -0.037957 -0.003624 -0.000191 0.010109 -0.053597 -0.021172 0.367933 -0.020790 0.977531 0.000191
1757663154.305235 -0.030327 -0.024605 -0.092507 0.008965 -0.009508 0.040043 -0.070001 0.027657 0.023079 0.008202 0.014653 -0.001442 -0.051690 -0.037957 -0.003624 -0.000191 0.010109 -0.053597 -0.021172 0.367933 -0.021172 0.977531 0.000191
1757663154.307226 -0.030327 -0.024605 -0.092507 0.009346 -0.009508 0.040043 -0.070001 0.027657 0.023079 0.008202 0.014653 -0.001442 -0.051690 -0.037957 -0.003624 -0.000191 0.010109 -0.053979 -0.021172 0.367933 -0.021172 0.977531 0.000191
1757663154.309221 -0.030327 -0.024605 -0.092507 0.009346 -0.009508 0.040043 -0.070001 0.027657 0.023079 0.008202 0.014653 -0.001442 -0.051690 -0.037957 -0.003624 -0.000191 0.010109 -0.053979 -0.021172 0.367933 -0.021172 0.977531 0.000191
1757663154.311230 -0.030327 -0.024605 -0.092507 0.009346 -0.009508 0.040043 -0.070001 0.027657 0.023079 0.008202 0.014653 -0.001442 -0.051690 -0.037957 -0.003624 -0.000191 0.010109 -0.054360 -0.021172 0.367933 -0.021172 0.977531 0.000191
1757663154.313226 -0.030327 -0.024605 -0.092507 0.009346 -0.009508 0.040043 -0.070001 0.027657 0.023079 0.008202 0.014653 -0.001442 -0.051690 -0.037957 -0.003624 -0.000191 0.010109 -0.054360 -0.021172 0.367933 -0.021172 0.977531 0.000191
1757663154.315225 -0.030327 -0.024605 -0.092507 0.009346 -0.009508 0.040043 -0.070001 0.027657 0.023079 0.008202 0.014653 -0.001442 -0.051690 -0.037957 -0.003624 -0.000191 0.010109 -0.054742 -0.021172 0.367933 -0.021172 0.977531 0.000191
1757663154.317226 -0.030327 -0.024605 -0.092507 0.009346 -0.009508 0.040043 -0.070001 0.027657 0.023079 0.008202 0.014653 -0.001442 -0.051690 -0.037957 -0.003624 -0.000191 0.010109 -0.055123 -0.021172 0.367933 -0.021553 0.977531 0.000191
1757663154.319223 -0.030327 -0.024605 -0.092507 0.009346 -0.009508 0.040043 -0.069619 0.027657 0.023079 0.008202 0.014653 -0.001442 -0.051690 -0.037957 -0.003624 -0.000191 0.010109 -0.055505 -0.021553 0.367933 -0.021553 0.977531 0.000191
1757663154.321325 -0.029945 -0.024605 -0.092507 0.009346 -0.009508 0.040043 -0.069619 0.027657 0.023079 0.008202 0.014653 -0.001442 -0.051690 -0.038339 -0.003624 -0.000191 0.010109 -0.055505 -0.021553 0.367933 -0.021553 0.977531 0.000191
1757663154.323235 -0.029945 -0.024605 -0.092507 0.009346 -0.009508 0.040043 -0.069619 0.027657 0.023079 0.008202 0.014653 -0.001442 -0.051690 -0.038339 -0.003624 -0.000572 0.010109 -0.055886 -0.021553 0.367933 -0.021553 0.977531 0.000191
1757663154.325224 -0.029945 -0.024605 -0.092507 0.009727 -0.009508 0.040043 -0.069619 0.027657 0.023079 0.008202 0.014653 -0.001442 -0.051690 -0.038339 -0.003624 -0.000191 0.010109 -0.056268 -0.021553 0.367933 -0.021553 0.977531 0.000191
1757663154.327224 -0.029945 -0.024986 -0.092507 0.009727 -0.009508 0.040043 -0.069619 0.027657 0.023079 0.008202 0.014653 -0.001442 -0.051690 -0.038339 -0.003624 -0.000191 0.010109 -0.056649 -0.021553 0.367933 -0.021935 0.977531 0.000191
1757663154.329241 -0.029945 -0.024986 -0.092507 0.009727 -0.009508 0.040043 -0.069619 0.027657 0.023079 0.008202 0.014653 -0.001442 -0.051690 -0.038339 -0.003624 -0.000191 0.010109 -0.057031 -0.021553 0.367933 -0.021935 0.977531 0.000191
1757663154.331247 -0.029945 -0.024986 -0.092507 0.009727 -0.009508 0.040043 -0.069619 0.027657 0.023079 0.008202 0.014653 -0.001442 -0.051690 -0.038339 -0.003624 -0.000191 0.010109 -0.057412 -0.021553 0.367933 -0.021935 0.977531 0.000191
1757663154.333225 -0.029945 -0.024986 -0.092507 0.009727 -0.009508 0.040043 -0.069619 0.027657 0.023079 0.008202 0.014653 -0.001442 -0.051690 -0.038339 -0.003624 -0.000191 0.010109 -0.057794 -0.021553 0.367933 -0.021935 0.977531 0.000191
1757663154.335225 -0.029945 -0.024986 -0.092507 0.009727 -0.009508 0.040043 -0.069238 0.027657 0.023079 0.008583 0.014653 -0.001442 -0.051690 -0.038339 -0.003624 -0.000191 0.010109 -0.058175 -0.021553 0.367933 -0.021935 0.977531 0.000191
1757663154.337265 -0.029564 -0.024986 -0.092507 0.009727 -0.009508 0.040043 -0.069238 0.027275 0.023079 0.008583 0.014653 -0.001442 -0.051690 -0.038339 -0.003624 -0.000191 0.010109 -0.058557 -0.021553 0.367933 -0.021935 0.977531 0.000191
1757663154.339248 -0.029564 -0.024986 -0.092507 0.009727 -0.009508 0.040043 -0.069238 0.027275 0.023079 0.008583 0.014653 -0.001442 -0.051690 -0.038339 -0.003624 -0.000191 0.010109 -0.059319 -0.021553 0.367933 -0.022316 0.977531 0.000191
1757663154.341232 -0.029564 -0.024986 -0.092507 0.009727 -0.009508 0.040043 -0.069238 0.027275 0.023079 0.008583 0.014653 -0.001442 -0.051690 -0.038339 -0.003624 -0.000191 0.010109 -0.059701 -0.021553 0.367933 -0.022316 0.977531 0.000191
1757663154.343226 -0.029564 -0.024986 -0.092507 0.009727 -0.009508 0.040043 -0.069238 0.027275 0.023079 0.008583 0.014653 -0.001442 -0.051690 -0.038339 -0.003624 -0.000191 0.010109 -0.060082 -0.021553 0.367933 -0.022316 0.977531 0.000191
1757663154.345226 -0.029564 -0.024986 -0.092507 0.009727 -0.009508 0.040043 -0.069238 0.027275 0.023079 0.008583 0.014653 -0.001442 -0.051690 -0.038339 -0.003624 -0.000572 0.010109 -0.060464 -0.021553 0.367552 -0.022316 0.977531 0.000191
1757663154.347226 -0.029564 -0.024986 -0.092507 0.009727 -0.009508 0.040043 -0.069238 0.027275 0.023079 0.008583 0.014653 -0.001442 -0.051309 -0.038339 -0.003624 -0.000191 0.010109 -0.060845 -0.021553 0.367552 -0.022697 0.977531 0.000191
1757663154.349233 -0.029564 -0.024986 -0.092507 0.010109 -0.009508 0.040043 -0.069238 0.027275 0.023079 0.008583 0.014653 -0.001442 -0.051309 -0.038339 -0.003624 -0.000191 0.010109 -0.061227 -0.021553 0.367552 -0.022697 0.977531 0.000191
1757663154.351223 -0.029564 -0.024986 -0.092507 0.010109 -0.009508 0.040043 -0.068856 0.027275 0.023079 0.008583 0.014653 -0.001442 -0.051309 -0.038339 -0.003624 -0.000572 0.010109 -0.061608 -0.021553 0.367552 -0.022697 0.977531 0.000191
1757663154.353262 -0.029564 -0.025368 -0.092507 0.010109 -0.009508 0.040043 -0.068856 0.027275 0.023079 0.008965 0.014653 -0.001442 -0.051309 -0.038339 -0.003624 -0.000191 0.010109 -0.062371 -0.021553 0.367552 -0.022697 0.977531 0.000191
1757663154.355296 -0.029182 -0.025368 -0.092507 0.010109 -0.009508 0.040043 -0.068856 0.027275 0.023079 0.008965 0.014653 -0.001442 -0.051309 -0.038339 -0.003624 -0.000191 0.010109 -0.062753 -0.021553 0.367552 -0.022697 0.977531 0.000191
1757663154.357235 -0.029182 -0.025368 -0.092507 0.010109 -0.009508 0.040043 -0.068856 0.027275 0.023079 0.008965 0.014653 -0.001442 -0.051309 -0.038339 -0.003624 -0.000191 0.010109 -0.063134 -0.021553 0.367552 -0.023079 0.977531 0.000191
1757663154.359247 -0.029182 -0.025368 -0.092507 0.010109 -0.009780 0.040039 -0.068856 0.027275 0.023079 0.008965 0.014653 -0.001442 -0.051309 -0.038339 -0.003624 -0.000191 0.010109 -0.063516 -0.021553 0.367552 -0.023079 0.977531 0.000191
1757663154.361231 -0.029182 -0.025368 -0.092507 0.010109 -0.009508 0.040043 -0.068856 0.027275 0.023079 0.008965 0.014653 -0.001442 -0.051309 -0.038339 -0.003624 -0.000191 0.010109 -0.064279 -0.021553 0.367552 -0.023079 0.977531 0.000191
1757663154.363225 -0.029182 -0.025368 -0.092507 0.010109 -0.009645 0.039787 -0.068856 0.026894 0.023079 0.008965 0.014653 -0.001442 -0.051309 -0.038339 -0.003624 -0.000191 0.010109 -0.064660 -0.021553 0.367552 -0.023460 0.977531 0.000191
1757663154.365223 -0.029182 -0.025368 -0.092507 0.010109 -0.009780 0.040039 -0.068856 0.026894 0.023079 0.008965 0.014653 -0.001442 -0.051309 -0.038339 -0.003624 -0.000191 0.010109 -0.065042 -0.021553 0.367552 -0.023460 0.977531 0.000191
1757663154.367226 -0.029182 -0.025368 -0.092507 0.010109 -0.009780 0.040039 -0.068475 0.026894 0.023079 0.008965 0.014653 -0.001442 -0.051309 -0.038339 -0.003624 -0.000191 0.010109 -0.065804 -0.021172 0.367170 -0.023842 0.977531 0.000191
1757663154.369226 -0.029182 -0.025368 -0.092507 0.010109 -0.009780 0.040039 -0.068475 0.026894 0.023079 0.008965 0.014653 -0.001442 -0.051309 -0.038339 -0.003624 -0.000191 0.010109 -0.066186 -0.021172 0.367170 -0.023842 0.977531 0.000191
1757663154.371233 -0.028801 -0.025368 -0.092507 0.010109 -0.009780 0.040039 -0.068475 0.026894 0.023079 0.008965 0.014653 -0.001442 -0.051309 -0.038339 -0.003624 -0.000191 0.010109 -0.066949 -0.021172 0.367170 -0.023842 0.977531 0.000191
1757663154.373233 -0.028801 -0.025368 -0.092507 0.010109 -0.009780 0.040039 -0.068475 0.026894 0.023079 0.008965 0.014653 -0.001442 -0.051309 -0.038339 -0.003624 -0.000191 0.010109 -0.067330 -0.021172 0.367170 -0.024223 0.977531 0.000191
1757663154.375221 -0.028801 -0.025368 -0.092507 0.010109 -0.009780 0.040039 -0.068475 0.026894 0.023079 0.008965 0.014653 -0.001442 -0.051309 -0.038339 -0.003624 -0.000191 0.010109 -0.067712 -0.021172 0.367170 -0.024223 0.977150 0.000191
1757663154.377225 -0.028801 -0.025368 -0.092507 0.010109 -0.009780 0.040039 -0.068475 0.026894 0.023079 0.008965 0.014518 -0.001186 -0.051309 -0.038339 -0.003624 -0.000191 0.010109 -0.068475 -0.021172 0.367170 -0.024605 0.977150 0.000191
1757663154.379230 -0.028801 -0.025368 -0.092507 0.010109 -0.009780 0.040039 -0.068475 0.026894 0.023079 0.008965 0.014518 -0.001186 -0.051309 -0.038339 -0.003624 -0.000191 0.010109 -0.068856 -0.021172 0.367170 -0.024986 0.977150 0.000191
1757663154.381224 -0.028801 -0.025368 -0.092507 0.010109 -0.009780 0.040039 -0.068475 0.026894 0.023079 0.008965 0.014518 -0.001186 -0.051309 -0.038339 -0.003624 -0.000191 0.010109 -0.069619 -0.021172 0.367170 -0.024986 0.977150 0.000191
1757663154.383295 -0.028801 -0.025368 -0.092507 0.010109 -0.009780 0.040039 -0.068093 0.026894 0.023079 0.008965 0.014518 -0.001186 -0.051309 -0.038339 -0.003624 -0.000191 0.010109 -0.070001 -0.021172 0.366789 -0.025368 0.977150 0.000191
1757663154.385280 -0.028801 -0.025368 -0.092507 0.010109 -0.009780 0.040039 -0.068093 0.026894 0.023079 0.008965 0.014518 -0.001186 -0.051309 -0.038339 -0.003624 -0.000191 0.010109 -0.070764 -0.021172 0.366789 -0.025749 0.977150 0.000191
1757663154.387273 -0.028801 -0.025749 -0.092507 0.010109 -0.009780 0.040039 -0.068093 0.026894 0.023079 0.008965 0.014518 -0.001186 -0.051309 -0.038339 -0.003624 -0.000191 0.010109 -0.071145 -0.021172 0.366789 -0.026131 0.977150 0.000191
1757663154.389239 -0.028419 -0.025749 -0.092507 0.010109 -0.009780 0.040039 -0.068093 0.026894 0.023079 0.008965 0.014518 -0.001186 -0.051309 -0.038339 -0.003624 -0.000191 0.010109 -0.071908 -0.021172 0.366789 -0.026131 0.977150 0.000191
1757663154.391237 -0.028419 -0.025749 -0.092507 0.010109 -0.009780 0.040039 -0.068093 0.026894 0.023079 0.008965 0.014518 -0.001186 -0.051309 -0.038339 -0.003624 -0.000191 0.010109 -0.072671 -0.021172 0.366789 -0.026512 0.977150 0.000191
1757663154.393249 -0.028419 -0.025749 -0.092507 0.010109 -0.009780 0.040039 -0.068093 0.026894 0.023079 0.008965 0.014518 -0.001186 -0.051309 -0.038339 -0.003624 -0.000191 0.010109 -0.073052 -0.021172 0.366789 -0.026894 0.977150 0.000191
1757663154.395236 -0.028419 -0.025749 -0.092507 0.010109 -0.009780 0.040039 -0.068093 0.026894 0.023079 0.008965 0.014518 -0.001186 -0.051309 -0.038339 -0.003624 -0.000191 0.010109 -0.073815 -0.020790 0.366789 -0.027275 0.977150 0.000191
1757663154.397232 -0.028419 -0.025749 -0.092507 0.010109 -0.009780 0.040039 -0.068093 0.026894 0.023079 0.008965 0.014518 -0.001186 -0.051309 -0.038339 -0.003624 -0.000191 0.010109 -0.074197 -0.020790 0.366789 -0.028038 0.977150 0.000191
1757663154.399227 -0.028419 -0.025749 -0.092507 0.010109 -0.009780 0.040039 -0.067712 0.026894 0.023079 0.008965 0.014518 -0.001186 -0.051309 -0.038339 -0.003624 -0.000191 0.010109 -0.074960 -0.020790 0.366407 -0.028419 0.976768 0.000191
1757663154.401222 -0.028419 -0.025749 -0.092507 0.010109 -0.009780 0.040039 -0.067712 0.026894 0.023079 0.008965 0.014518 -0.001186 -0.051309 -0.038339 -0.003624 -0.000191 0.010109 -0.075723 -0.020790 0.366407 -0.028801 0.976768 0.000191
1757663154.403227 -0.028419 -0.025749 -0.092507 0.010109 -0.009780 0.040039 -0.067712 0.026894 0.023079 0.008965 0.014518 -0.001186 -0.051309 -0.038339 -0.003624 -0.000191 0.010109 -0.076486 -0.020790 0.366407 -0.029182 0.976768 0.000191
1757663154.405231 -0.028419 -0.025749 -0.092507 0.010109 -0.009780 0.040039 -0.067712 0.026894 0.023079 0.008965 0.014518 -0.001186 -0.051309 -0.038339 -0.003624 -0.000191 0.010109 -0.077249 -0.020790 0.366407 -0.029564 0.976768 0.000191
1757663154.407225 -0.028038 -0.025749 -0.092507 0.010109 -0.009780 0.040039 -0.067712 0.026894 0.023079 0.008965 0.014518 -0.001186 -0.051309 -0.038339 -0.003624 -0.000191 0.010109 -0.078012 -0.020790 0.366407 -0.029945 0.976768 0.000191
1757663154.409226 -0.028038 -0.025749 -0.092507 0.010109 -0.009780 0.040039 -0.067712 0.026894 0.023079 0.008965 0.014518 -0.001186 -0.051309 -0.038339 -0.003624 -0.000191 0.010109 -0.078393 -0.020409 0.366407 -0.030327 0.976768 0.000191
1757663154.411222 -0.028038 -0.025749 -0.092507 0.010109 -0.009780 0.040039 -0.067712 0.026894 0.023079 0.008965 0.014518 -0.001186 -0.051309 -0.038339 -0.003624 -0.000191 0.010109 -0.079156 -0.020409 0.366407 -0.031090 0.976768 0.000191
1757663154.413223 -0.028038 -0.025749 -0.092507 0.010109 -0.009780 0.040039 -0.067712 0.026894 0.023079 0.008965 0.014518 -0.001186 -0.051309 -0.038339 -0.003624 -0.000191 0.010109 -0.080300 -0.020409 0.366026 -0.031472 0.976768 0.000191
1757663154.415246 -0.028038 -0.025749 -0.092507 0.010109 -0.009780 0.040039 -0.067712 0.026894 0.023079 0.008965 0.014518 -0.001186 -0.051690 -0.038339 -0.003624 -0.000191 0.010109 -0.081063 -0.020409 0.366026 -0.031854 0.976387 0.000191
1757663154.417232 -0.028038 -0.025749 -0.092507 0.010109 -0.009780 0.040039 -0.067712 0.026894 0.023079 0.008965 0.014518 -0.001186 -0.051690 -0.038339 -0.003624 -0.000191 0.010109 -0.081826 -0.020409 0.366026 -0.032235 0.976387 0.000191
1757663154.419231 -0.028038 -0.025749 -0.092507 0.010109 -0.009780 0.040039 -0.067330 0.026894 0.023079 0.008965 0.014518 -0.001186 -0.051690 -0.038339 -0.003624 -0.000191 0.010109 -0.082589 -0.020409 0.366026 -0.032617 0.976387 0.000191
1757663154.421229 -0.028038 -0.025749 -0.092507 0.010109 -0.009780 0.040039 -0.067330 0.026894 0.023079 0.008965 0.014518 -0.001186 -0.051690 -0.038339 -0.003624 -0.000191 0.010109 -0.083352 -0.020027 0.366026 -0.033380 0.976387 0.000191
1757663154.423230 -0.028038 -0.025749 -0.092507 0.010109 -0.009780 0.040039 -0.067330 0.026894 0.023079 0.008965 0.014518 -0.001186 -0.051690 -0.038339 -0.003624 -0.000191 0.010109 -0.084115 -0.020027 0.366026 -0.033761 0.976387 0.000191
1757663154.425229 -0.027657 -0.025749 -0.092507 0.010109 -0.009780 0.040039 -0.067330 0.026894 0.023079 0.008965 0.014518 -0.001186 -0.051690 -0.038339 -0.003624 -0.000191 0.010109 -0.085259 -0.020027 0.366026 -0.034142 0.976387 0.000191
1757663154.427223 -0.027657 -0.025749 -0.092507 0.010109 -0.009780 0.040039 -0.067330 0.026894 0.023079 0.008965 0.014518 -0.001186 -0.051690 -0.038339 -0.003624 -0.000191 0.010109 -0.086022 -0.020027 0.366026 -0.034524 0.976387 0.000191
1757663154.429240 -0.027657 -0.025749 -0.092507 0.010109 -0.009780 0.040039 -0.067330 0.026894 0.023079 0.008965 0.014518 -0.001186 -0.051690 -0.037957 -0.003624 -0.000191 0.010109 -0.086785 -0.020027 0.365644 -0.035287 0.976387 0.000191
1757663154.431231 -0.027657 -0.025749 -0.092507 0.010109 -0.009780 0.040039 -0.067330 0.026894 0.023079 0.008965 0.014518 -0.001186 -0.051690 -0.037957 -0.003624 -0.000191 0.010109 -0.087548 -0.020027 0.365644 -0.036050 0.976006 0.000191
1757663154.433229 -0.027657 -0.025749 -0.092507 0.010109 -0.009780 0.040039 -0.067330 0.026894 0.023079 0.008965 0.014518 -0.001186 -0.051690 -0.037957 -0.003624 -0.000191 0.010109 -0.088693 -0.020027 0.365644 -0.036813 0.976006 0.000191
1757663154.435223 -0.027657 -0.025749 -0.092507 0.010109 -0.009780 0.040039 -0.067330 0.026894 0.023079 0.008965 0.014518 -0.001186 -0.051690 -0.037957 -0.003624 -0.000191 0.010109 -0.089456 -0.020027 0.365644 -0.037576 0.976006 0.000191
1757663154.437220 -0.027657 -0.025749 -0.092507 0.010109 -0.009780 0.040039 -0.066949 0.026894 0.023079 0.008965 0.014518 -0.001186 -0.051690 -0.037957 -0.003624 -0.000191 0.010109 -0.090600 -0.020027 0.365644 -0.037957 0.976006 0.000191
1757663154.439222 -0.027657 -0.025749 -0.092507 0.010109 -0.009780 0.040039 -0.066949 0.026894 0.023079 0.008965 0.014518 -0.001186 -0.051690 -0.037957 -0.003624 -0.000191 0.010109 -0.091744 -0.020027 0.365644 -0.038720 0.976006 0.000191
1757663154.441224 -0.027275 -0.025749 -0.092507 0.010109 -0.009780 0.040039 -0.066949 0.026894 0.023079 0.008965 0.014518 -0.001186 -0.051690 -0.037957 -0.003624 -0.000191 0.010109 -0.092507 -0.020027 0.365644 -0.039483 0.976006 0.000191
1757663154.443224 -0.027275 -0.025749 -0.092507 0.010109 -0.009780 0.040039 -0.066949 0.026894 0.023079 0.008965 0.014518 -0.001186 -0.051690 -0.037957 -0.003624 -0.000191 0.010109 -0.093652 -0.020027 0.365263 -0.040246 0.976006 0.000191
1757663154.445219 -0.027275 -0.025749 -0.092507 0.010109 -0.009780 0.040039 -0.066949 0.026894 0.023079 0.008965 0.014518 -0.001186 -0.051690 -0.037957 -0.003624 -0.000191 0.010109 -0.094797 -0.020027 0.365263 -0.041009 0.976006 0.000191
1757663154.447237 -0.027275 -0.025749 -0.092507 0.010109 -0.009780 0.040039 -0.066949 0.026894 0.023079 0.008965 0.014518 -0.001186 -0.051690 -0.037957 -0.003624 -0.000191 0.010109 -0.095942 -0.020027 0.365263 -0.041772 0.976006 0.000191
1757663154.449229 -0.027275 -0.025368 -0.092507 0.010109 -0.009780 0.040039 -0.066949 0.026894 0.023079 0.008965 0.014518 -0.001186 -0.051309 -0.037957 -0.003624 -0.000191 0.010109 -0.097086 -0.020027 0.365263 -0.042535 0.975624 0.000191
1757663154.451234 -0.027275 -0.025368 -0.092507 0.010109 -0.009780 0.040039 -0.066949 0.026894 0.023079 0.008965 0.014518 -0.001186 -0.051690 -0.037957 -0.003624 -0.000191 0.010109 -0.098230 -0.020027 0.365263 -0.043298 0.975624 0.000191
1757663154.453231 -0.027275 -0.025368 -0.092507 0.010109 -0.009780 0.040039 -0.066949 0.026894 0.023079 0.008965 0.014518 -0.001186 -0.051690 -0.037957 -0.003624 -0.000191 0.010109 -0.098993 -0.020027 0.365263 -0.043679 0.975624 0.000191
1757663154.455229 -0.027275 -0.025368 -0.092507 0.010109 -0.009780 0.040039 -0.066567 0.026894 0.023079 0.008965 0.014518 -0.001186 -0.051690 -0.037957 -0.003624 -0.000191 0.010109 -0.100138 -0.020027 0.364882 -0.044442 0.975624 0.000191
1757663154.457232 -0.027275 -0.025368 -0.092507 0.010109 -0.009780 0.040039 -0.066567 0.026894 0.023079 0.008965 0.014518 -0.001186 -0.051690 -0.037957 -0.003624 -0.000191 0.010109 -0.101282 -0.020027 0.364882 -0.045205 0.975624 0.000191
1757663154.459224 -0.026894 -0.025368 -0.092507 0.010109 -0.009780 0.040039 -0.066567 0.026894 0.023079 0.008965 0.014518 -0.001186 -0.051690 -0.037957 -0.003624 -0.000191 0.010109 -0.102427 -0.020027 0.364882 -0.046350 0.975624 0.000191
1757663154.461220 -0.026894 -0.025368 -0.092126 0.010109 -0.009780 0.040039 -0.066567 0.026894 0.023079 0.008965 0.014518 -0.001186 -0.051690 -0.037957 -0.003624 -0.000191 0.010109 -0.103952 -0.020027 0.364882 -0.047112 0.975624 0.000191
1757663154.463222 -0.026894 -0.025368 -0.092126 0.010109 -0.009780 0.040039 -0.066567 0.026894 0.023079 0.008965 0.014518 -0.001186 -0.052072 -0.037957 -0.003624 -0.000191 0.010109 -0.105097 -0.020027 0.364882 -0.047875 0.975624 0.000191
1757663154.465221 -0.026894 -0.025368 -0.092126 0.010490 -0.009780 0.040039 -0.066567 0.026894 0.023079 0.008965 0.014518 -0.001186 -0.052072 -0.037957 -0.003624 -0.000572 0.010109 -0.106241 -0.020027 0.364882 -0.048638 0.975243 0.000191
1757663154.467221 -0.026894 -0.025368 -0.092126 0.010490 -0.009780 0.040039 -0.066567 0.026894 0.023079 0.008965 0.014518 -0.001186 -0.052072 -0.037957 -0.003624 -0.000191 0.010109 -0.107386 -0.020027 0.364500 -0.049401 0.975243 0.000191
1757663154.469224 -0.026894 -0.025368 -0.092126 0.010490 -0.009780 0.040039 -0.066567 0.026894 0.023079 0.008965 0.014518 -0.001186 -0.052072 -0.037957 -0.003624 -0.000572 0.010109 -0.108530 -0.020027 0.364500 -0.050546 0.975243 0.000191
1757663154.471222 -0.026894 -0.025368 -0.092126 0.010490 -0.009780 0.040039 -0.066567 0.026894 0.023079 0.008965 0.014518 -0.001186 -0.052453 -0.037957 -0.003624 -0.000191 0.010109 -0.109674 -0.020027 0.364500 -0.051309 0.975243 0.000191
1757663154.473224 -0.026894 -0.025368 -0.092126 0.010490 -0.009780 0.040039 -0.066186 0.026894 0.023079 0.008965 0.014518 -0.001186 -0.052453 -0.037957 -0.003624 -0.000191 0.010109 -0.110819 -0.020027 0.364500 -0.052072 0.975243 0.000191
1757663154.475221 -0.026894 -0.025368 -0.092126 0.010490 -0.009780 0.040039 -0.066186 0.026894 0.023079 0.008965 0.014518 -0.001186 -0.052453 -0.037957 -0.003624 -0.000191 0.010109 -0.111963 -0.020027 0.364500 -0.052835 0.975243 0.000191
1757663154.477221 -0.026512 -0.025368 -0.092126 0.010490 -0.009780 0.040039 -0.066186 0.026894 0.023079 0.008965 0.014518 -0.001186 -0.052453 -0.037957 -0.003624 -0.000191 0.010109 -0.113108 -0.020027 0.364500 -0.053979 0.975243 0.000191
1757663154.479248 -0.026512 -0.025368 -0.092126 0.010490 -0.009780 0.040039 -0.066186 0.026894 0.023079 0.008965 0.014518 -0.001186 -0.052453 -0.037957 -0.003624 -0.000191 0.010109 -0.114634 -0.020027 0.364500 -0.054742 0.975243 0.000191
1757663154.481272 -0.026512 -0.025368 -0.092126 0.010490 -0.009780 0.040039 -0.066186 0.026894 0.023079 0.008965 0.014518 -0.001186 -0.052453 -0.037957 -0.003624 -0.000191 0.010109 -0.115778 -0.020027 0.364119 -0.055886 0.974861 0.000191
1757663154.483240 -0.026512 -0.025368 -0.092126 0.010490 -0.009780 0.040039 -0.066186 0.026894 0.023079 0.008965 0.014518 -0.001186 -0.052835 -0.037957 -0.003624 -0.000191 0.010109 -0.116922 -0.020027 0.364119 -0.056649 0.974861 0.000191
1757663154.485228 -0.026512 -0.025368 -0.092126 0.010490 -0.009780 0.040039 -0.066186 0.026894 0.023079 0.008965 0.014518 -0.001186 -0.052835 -0.037957 -0.003624 -0.000191 0.010109 -0.118067 -0.020027 0.364119 -0.057794 0.974861 0.000191
1757663154.487224 -0.026512 -0.025368 -0.092126 0.010490 -0.009780 0.040039 -0.066186 0.026894 0.023079 0.008965 0.014518 -0.001186 -0.052835 -0.037957 -0.003624 -0.000572 0.010109 -0.119593 -0.020027 0.364119 -0.058557 0.974861 0.000191
1757663154.489232 -0.026512 -0.025368 -0.092126 0.010872 -0.009780 0.040039 -0.065804 0.026894 0.023079 0.008965 0.014518 -0.001186 -0.052835 -0.037957 -0.003624 -0.000191 0.010109 -0.120737 -0.020027 0.364119 -0.059701 0.974861 0.000191
1757663154.491220 -0.026512 -0.025368 -0.092126 0.010872 -0.009780 0.040039 -0.065804 0.026894 0.023079 0.008965 0.014653 -0.001442 -0.052835 -0.037957 -0.003624 -0.000191 0.010109 -0.121881 -0.020027 0.364119 -0.060464 0.974861 0.000191
1757663154.493372 -0.026512 -0.025368 -0.091744 0.010872 -0.009780 0.040039 -0.065804 0.026894 0.023079 0.008965 0.014653 -0.001442 -0.052835 -0.037957 -0.003624 -0.000191 0.010109 -0.123026 -0.020027 0.364119 -0.061608 0.974861 0.000191
1757663154.495261 -0.026131 -0.025368 -0.091744 0.010872 -0.009780 0.040039 -0.065804 0.026894 0.023079 0.008965 0.014653 -0.001442 -0.052835 -0.037957 -0.003624 -0.000191 0.010109 -0.124552 -0.020027 0.363737 -0.062753 0.974861 0.000191
1757663154.497229 -0.026131 -0.025368 -0.091744 0.010872 -0.009780 0.040039 -0.065804 0.026894 0.023079 0.008965 0.014653 -0.001442 -0.052835 -0.037957 -0.003624 -0.000191 0.010109 -0.125696 -0.020027 0.363737 -0.063516 0.974480 0.000191
1757663154.499230 -0.026131 -0.025368 -0.091744 0.010872 -0.009780 0.040039 -0.065804 0.026894 0.023079 0.008965 0.014653 -0.001442 -0.053216 -0.037957 -0.003624 -0.000191 0.010109 -0.127222 -0.019646 0.363737 -0.064660 0.974480 0.000191
1757663154.501229 -0.026131 -0.025368 -0.091744 0.010872 -0.009780 0.040039 -0.065804 0.026894 0.023079 0.008965 0.014653 -0.001442 -0.053216 -0.037957 -0.003624 -0.000191 0.010109 -0.128366 -0.019646 0.363737 -0.065804 0.974480 0.000191
1757663154.503224 -0.026131 -0.025368 -0.091744 0.010872 -0.009780 0.040039 -0.065804 0.026894 0.023079 0.008965 0.014653 -0.001442 -0.053216 -0.037957 -0.003624 -0.000191 0.010109 -0.129511 -0.019646 0.363737 -0.066567 0.974480 0.000191
1757663154.505225 -0.026131 -0.025368 -0.091744 0.010872 -0.009780 0.040039 -0.065804 0.026894 0.023079 0.008965 0.014653 -0.001442 -0.053216 -0.037957 -0.003624 -0.000191 0.010109 -0.131037 -0.019646 0.363737 -0.067712 0.974480 0.000191
1757663154.507226 -0.026131 -0.025368 -0.091744 0.010872 -0.009780 0.040039 -0.065423 0.027275 0.023079 0.008965 0.014653 -0.001442 -0.053216 -0.037957 -0.003624 -0.000191 0.010109 -0.132181 -0.019646 0.363737 -0.068856 0.974480 0.000191
1757663154.509280 -0.026131 -0.025368 -0.091744 0.010872 -0.009780 0.040039 -0.065423 0.027275 0.023079 0.008965 0.014653 -0.001442 -0.053216 -0.037957 -0.003624 -0.000191 0.010109 -0.133707 -0.019646 0.363737 -0.070001 0.974480 0.000191
1757663154.511246 -0.025749 -0.025368 -0.091744 0.010872 -0.009780 0.040039 -0.065423 0.027275 0.023079 0.008965 0.014653 -0.001442 -0.053216 -0.037957 -0.003624 -0.000191 0.010109 -0.134851 -0.019646 0.363737 -0.071145 0.974480 0.000191
1757663154.513232 -0.025749 -0.025368 -0.091744 0.011253 -0.009780 0.040039 -0.065423 0.027275 0.023079 0.008965 0.014653 -0.001442 -0.053216 -0.037957 -0.003624 -0.000191 0.010109 -0.136377 -0.019646 0.363356 -0.071908 0.974480 0.000191
1757663154.515223 -0.025749 -0.025368 -0.091744 0.011253 -0.009780 0.040039 -0.065423 0.027275 0.023079 0.009346 0.014653 -0.001442 -0.053216 -0.037957 -0.003624 -0.000572 0.010109 -0.137522 -0.019646 0.363356 -0.073052 0.974098 0.000191
1757663154.517238 -0.025749 -0.025368 -0.091744 0.011253 -0.009780 0.040039 -0.065423 0.027275 0.023079 0.009346 0.014653 -0.001442 -0.053216 -0.037957 -0.003624 -0.000191 0.010109 -0.139048 -0.019646 0.363356 -0.074197 0.974098 0.000191
1757663154.519259 -0.025749 -0.025368 -0.091744 0.011253 -0.009780 0.040039 -0.065423 0.027275 0.023079 0.009346 0.014653 -0.001442 -0.053216 -0.037957 -0.003624 -0.000191 0.010109 -0.140192 -0.019646 0.363356 -0.075341 0.974098 0.000191
1757663154.521224 -0.025749 -0.025368 -0.091744 0.011253 -0.009780 0.040039 -0.065423 0.027275 0.023079 0.009346 0.014653 -0.001442 -0.053216 -0.037957 -0.003624 -0.000191 0.010109 -0.141718 -0.019646 0.363356 -0.076486 0.974098 0.000191
1757663154.523221 -0.025749 -0.025368 -0.091744 0.011253 -0.009780 0.040039 -0.065042 0.027275 0.023079 0.009346 0.014653 -0.001442 -0.053216 -0.037957 -0.003624 -0.000191 0.010109 -0.142862 -0.019646 0.363356 -0.077630 0.974098 0.000191
1757663154.525223 -0.025749 -0.025368 -0.091744 0.011253 -0.009780 0.040039 -0.065042 0.027275 0.023079 0.009346 0.014653 -0.001442 -0.053216 -0.037957 -0.003624 -0.000191 0.010109 -0.144388 -0.019264 0.363356 -0.078774 0.974098 0.000191
1757663154.527219 -0.025368 -0.025368 -0.091744 0.011253 -0.009780 0.040039 -0.065042 0.027275 0.023079 0.009346 0.014653 -0.001442 -0.053216 -0.037957 -0.003242 -0.000191 0.010109 -0.145914 -0.019264 0.363356 -0.079919 0.974098 0.000191
1757663154.529226 -0.025368 -0.025368 -0.091744 0.011253 -0.009780 0.040039 -0.065042 0.027275 0.023079 0.009346 0.014653 -0.001442 -0.053216 -0.037957 -0.003242 -0.000572 0.010109 -0.147058 -0.019264 0.363356 -0.080682 0.974098 0.000191
1757663154.531224 -0.025368 -0.025368 -0.091744 0.011253 -0.009780 0.040039 -0.065042 0.027275 0.023079 0.009346 0.014653 -0.001442 -0.053216 -0.037957 -0.003242 -0.000191 0.010109 -0.148584 -0.019264 0.362974 -0.081826 0.973717 0.000191
1757663154.533224 -0.025368 -0.025368 -0.091363 0.011635 -0.009780 0.040039 -0.065042 0.027275 0.023079 0.009346 0.014653 -0.001442 -0.053216 -0.037957 -0.003242 -0.000191 0.010109 -0.150110 -0.019264 0.362974 -0.082971 0.973717 0.000191
1757663154.535241 -0.025368 -0.025368 -0.091363 0.011635 -0.009780 0.040039 -0.065042 0.027275 0.023079 0.009346 0.014653 -0.001442 -0.053216 -0.037957 -0.003242 -0.000191 0.010109 -0.151255 -0.019264 0.362974 -0.084115 0.973717 0.000191
1757663154.537219 -0.025368 -0.025368 -0.091363 0.011635 -0.009780 0.040039 -0.064660 0.027275 0.023079 0.009346 0.014653 -0.001442 -0.053216 -0.037957 -0.003242 -0.000191 0.010109 -0.152781 -0.019264 0.362974 -0.085259 0.973717 0.000191
1757663154.539247 -0.025368 -0.025368 -0.091363 0.011635 -0.009780 0.040039 -0.064660 0.027275 0.023079 0.009727 0.014653 -0.001442 -0.053216 -0.037957 -0.003242 -0.000191 0.010109 -0.154306 -0.019264 0.362974 -0.086404 0.973717 0.000191
1757663154.541282 -0.025368 -0.025368 -0.091363 0.011635 -0.009780 0.040039 -0.064660 0.027275 0.023079 0.009727 0.014653 -0.001442 -0.053216 -0.037957 -0.003242 -0.000191 0.010109 -0.155832 -0.019264 0.362974 -0.087548 0.973717 0.000191
1757663154.543226 -0.024986 -0.025368 -0.091363 0.011635 -0.009780 0.040039 -0.064660 0.027275 0.023079 0.009727 0.014653 -0.001442 -0.053216 -0.037957 -0.003242 -0.000191 0.010109 -0.156978 -0.018883 0.362974 -0.088693 0.973717 0.000191
1757663154.545252 -0.024986 -0.025368 -0.091363 0.011635 -0.009780 0.040039 -0.064660 0.027275 0.023079 0.009727 0.014653 -0.001442 -0.053216 -0.037957 -0.003242 -0.000191 0.010109 -0.158504 -0.018883 0.362974 -0.089837 0.973717 0.000191
1757663154.547256 -0.024986 -0.025368 -0.091363 0.011635 -0.009780 0.040039 -0.064660 0.027275 0.023079 0.009727 0.014653 -0.001442 -0.053216 -0.037957 -0.003242 -0.000191 0.010109 -0.160029 -0.018883 0.362974 -0.090981 0.973335 0.000191
1757663154.549221 -0.024986 -0.025368 -0.091363 0.011635 -0.009780 0.040039 -0.064660 0.027275 0.023079 0.009727 0.014653 -0.001442 -0.053216 -0.037957 -0.003242 -0.000191 0.010109 -0.161555 -0.018883 0.362593 -0.092507 0.973335 0.000191
1757663154.551240 -0.024986 -0.025368 -0.091363 0.011635 -0.009780 0.040039 -0.064279 0.027275 0.023079 0.009727 0.014653 -0.001442 -0.053216 -0.037957 -0.003242 -0.000191 0.010109 -0.163081 -0.018883 0.362593 -0.093652 0.973335 0.000191
1757663154.553224 -0.024986 -0.025368 -0.091363 0.011635 -0.009780 0.040039 -0.064279 0.027275 0.023079 0.009727 0.014653 -0.001442 -0.053216 -0.037957 -0.003242 -0.000191 0.010109 -0.164226 -0.018883 0.362593 -0.094797 0.973335 0.000191
1757663154.555227 -0.024986 -0.025368 -0.091363 0.011635 -0.009780 0.040039 -0.064279 0.027275 0.023079 0.009727 0.014653 -0.001442 -0.053216 -0.037957 -0.003242 -0.000191 0.010109 -0.165751 -0.018883 0.362593 -0.095942 0.973335 0.000191
1757663154.557221 -0.024986 -0.025368 -0.091363 0.011635 -0.009780 0.040039 -0.064279 0.027275 0.023079 0.009727 0.014653 -0.001442 -0.053216 -0.037957 -0.003242 -0.000191 0.010109 -0.167277 -0.018501 0.362593 -0.097086 0.973335 0.000191
1757663154.559239 -0.024986 -0.025368 -0.091363 0.011635 -0.009780 0.040039 -0.064279 0.027275 0.023079 0.009727 0.014653 -0.001442 -0.053216 -0.037957 -0.003242 -0.000191 0.010109 -0.168803 -0.018501 0.362593 -0.098230 0.973335 0.000191
1757663154.561231 -0.024605 -0.025368 -0.091363 0.012016 -0.009780 0.040039 -0.064279 0.027275 0.023079 0.009727 0.014653 -0.001442 -0.053216 -0.037957 -0.003242 -0.000191 0.010109 -0.170329 -0.018501 0.362593 -0.099375 0.973335 0.000191
1757663154.563235 -0.024605 -0.025368 -0.091363 0.012016 -0.009780 0.040039 -0.064279 0.027275 0.023079 0.009727 0.014653 -0.001442 -0.053216 -0.037957 -0.003242 -0.000191 0.010109 -0.171855 -0.018501 0.362593 -0.100519 0.972954 0.000191
1757663154.565236 -0.024605 -0.025368 -0.091363 0.012016 -0.009780 0.040039 -0.064279 0.027275 0.023079 0.009727 0.014653 -0.001442 -0.053216 -0.037957 -0.003242 -0.000191 0.010109 -0.172999 -0.018501 0.362593 -0.101664 0.972954 0.000191
1757663154.567235 -0.024605 -0.025368 -0.091363 0.012016 -0.009780 0.040039 -0.063897 0.027275 0.023079 0.009727 0.014653 -0.001442 -0.053216 -0.037957 -0.003242 -0.000191 0.010109 -0.174525 -0.018501 0.362211 -0.103189 0.972954 0.000191
1757663154.569222 -0.024605 -0.025368 -0.091363 0.012016 -0.009780 0.040039 -0.063897 0.027275 0.023079 0.009727 0.014653 -0.001442 -0.053216 -0.037957 -0.003242 -0.000191 0.010109 -0.176051 -0.018501 0.362211 -0.104334 0.972954 0.000191
1757663154.571232 -0.024605 -0.025368 -0.091363 0.012016 -0.009780 0.040039 -0.063897 0.027275 0.023079 0.009727 0.014653 -0.001442 -0.053216 -0.037957 -0.003242 -0.000191 0.010109 -0.177577 -0.018120 0.362211 -0.105478 0.972954 0.000191
1757663154.573262 -0.024605 -0.025368 -0.091744 0.012016 -0.009780 0.040039 -0.063897 0.027275 0.023079 0.009727 0.014653 -0.001442 -0.053216 -0.037957 -0.003242 -0.000191 0.010109 -0.179103 -0.018120 0.362211 -0.106623 0.972954 0.000191
1757663154.575232 -0.024605 -0.025368 -0.091744 0.012016 -0.009780 0.040039 -0.063897 0.027275 0.023079 0.009727 0.014653 -0.001442 -0.053216 -0.037957 -0.003242 -0.000191 0.010109 -0.180629 -0.018120 0.362211 -0.107767 0.972954 0.000191
1757663154.577230 -0.024223 -0.025368 -0.091744 0.012016 -0.009780 0.040039 -0.063897 0.027275 0.023079 0.009727 0.014653 -0.001442 -0.053216 -0.037957 -0.003242 -0.000191 0.010109 -0.182155 -0.018120 0.362211 -0.109293 0.972954 0.000191
1757663154.579252 -0.024223 -0.025368 -0.091744 0.012016 -0.009780 0.040039 -0.063897 0.027275 0.023079 0.009727 0.014653 -0.001442 -0.053216 -0.037957 -0.003242 -0.000191 0.010109 -0.183299 -0.018120 0.362211 -0.110437 0.972954 0.000191
1757663154.581241 -0.024223 -0.025368 -0.091744 0.012016 -0.009780 0.040039 -0.063516 0.027275 0.023079 0.009727 0.014653 -0.001442 -0.053216 -0.037957 -0.003242 -0.000191 0.010109 -0.184825 -0.018120 0.362211 -0.111582 0.972572 0.000191
1757663154.583229 -0.024223 -0.025368 -0.091744 0.012016 -0.009780 0.040039 -0.063516 0.027275 0.023079 0.009727 0.014653 -0.001442 -0.053216 -0.037957 -0.003242 -0.000191 0.010109 -0.186351 -0.018120 0.361830 -0.112726 0.972572 0.000191
1757663154.585224 -0.024223 -0.025368 -0.091744 0.012016 -0.009780 0.040039 -0.063516 0.027275 0.023079 0.009727 0.014653 -0.001442 -0.053216 -0.037957 -0.003242 -0.000191 0.010109 -0.187877 -0.018120 0.361830 -0.114252 0.972572 0.000191
1757663154.587221 -0.024223 -0.025368 -0.091744 0.012016 -0.009780 0.040039 -0.063516 0.027275 0.023079 0.009727 0.014653 -0.001442 -0.053216 -0.037957 -0.003242 -0.000191 0.010109 -0.189403 -0.017738 0.361830 -0.115396 0.972572 0.000191
1757663154.589220 -0.024223 -0.025368 -0.091744 0.012016 -0.009780 0.040039 -0.063516 0.027275 0.023079 0.009727 0.014653 -0.001442 -0.053216 -0.037957 -0.003242 -0.000191 0.010109 -0.190547 -0.017738 0.361830 -0.116541 0.972572 0.000191
1757663154.591226 -0.024223 -0.025368 -0.091744 0.012398 -0.009780 0.040039 -0.063516 0.027275 0.023079 0.009727 0.014653 -0.001442 -0.053216 -0.037957 -0.003242 -0.000191 0.010109 -0.192073 -0.017738 0.361830 -0.117685 0.972572 0.000191
1757663154.593222 -0.024223 -0.025368 -0.091744 0.012398 -0.009780 0.040039 -0.063516 0.027275 0.023079 0.009727 0.014653 -0.001442 -0.053216 -0.037957 -0.003242 -0.000191 0.010109 -0.193599 -0.017738 0.361830 -0.119211 0.972572 0.000191
1757663154.595232 -0.024223 -0.025368 -0.091744 0.012398 -0.009780 0.040039 -0.063134 0.027275 0.023079 0.009727 0.014653 -0.001442 -0.053216 -0.037957 -0.003242 -0.000191 0.010109 -0.195125 -0.017738 0.361830 -0.120356 0.972572 0.000191
1757663154.597230 -0.023842 -0.025368 -0.091744 0.012398 -0.009780 0.040039 -0.063134 0.027275 0.023079 0.009727 0.014653 -0.001442 -0.053216 -0.037957 -0.003242 -0.000191 0.010109 -0.196269 -0.017738 0.361830 -0.121500 0.972572 0.000191
1757663154.599231 -0.023842 -0.025368 -0.091744 0.012398 -0.009780 0.040039 -0.063134 0.027275 0.023079 0.009727 0.014653 -0.001442 -0.053216 -0.037957 -0.003242 -0.000191 0.010109 -0.197795 -0.017738 0.361448 -0.122644 0.972572 0.000191
1757663154.601218 -0.023842 -0.025368 -0.091744 0.012398 -0.009780 0.040039 -0.063134 0.027275 0.023079 0.009727 0.014653 -0.001442 -0.053216 -0.037957 -0.003242 -0.000191 0.010109 -0.199321 -0.017738 0.361448 -0.124170 0.972572 0.000191
1757663154.603223 -0.023842 -0.025368 -0.091744 0.012398 -0.009780 0.040039 -0.063134 0.027275 0.023079 0.009727 0.014653 -0.001442 -0.053216 -0.037957 -0.003242 -0.000191 0.010109 -0.200847 -0.017738 0.361448 -0.125315 0.972572 0.000191
1757663154.605269 -0.023842 -0.025368 -0.091744 0.012398 -0.009780 0.040039 -0.063134 0.027275 0.023079 0.009727 0.014653 -0.001442 -0.053216 -0.037957 -0.003242 -0.000191 0.010109 -0.201991 -0.017738 0.361448 -0.126459 0.972572 0.000191
1757663154.607239 -0.023842 -0.025368 -0.091363 0.012398 -0.009780 0.040039 -0.063134 0.027275 0.023079 0.009727 0.014653 -0.001442 -0.053216 -0.037957 -0.003242 -0.000191 0.010109 -0.203517 -0.017738 0.361448 -0.127604 0.972572 0.000191
1757663154.609237 -0.023842 -0.025368 -0.091363 0.012398 -0.009780 0.040039 -0.062753 0.027275 0.023079 0.009727 0.014653 -0.001442 -0.053216 -0.037957 -0.003242 -0.000191 0.010109 -0.205043 -0.017738 0.361448 -0.129129 0.972572 0.000191
1757663154.611219 -0.023842 -0.025368 -0.091744 0.012398 -0.009780 0.040039 -0.062753 0.027275 0.023079 0.009727 0.014653 -0.001442 -0.053216 -0.037957 -0.003242 -0.000191 0.010109 -0.206187 -0.017738 0.361448 -0.130274 0.972572 0.000191
1757663154.613229 -0.023842 -0.025368 -0.091363 0.012398 -0.009780 0.040039 -0.062753 0.027275 0.023079 0.009727 0.014653 -0.001442 -0.053216 -0.037957 -0.003242 -0.000191 0.010109 -0.207713 -0.017738 0.361067 -0.131418 0.972572 0.000191
1757663154.615221 -0.023460 -0.025368 -0.091363 0.012398 -0.009780 0.040039 -0.062753 0.027275 0.023079 0.009727 0.014653 -0.001442 -0.053216 -0.037957 -0.003242 -0.000191 0.010109 -0.208858 -0.017738 0.361067 -0.132944 0.972572 0.000191
1757663154.617222 -0.023460 -0.025368 -0.091363 0.012398 -0.009780 0.040039 -0.062753 0.027275 0.023079 0.009727 0.014653 -0.001442 -0.053216 -0.037957 -0.003242 -0.000191 0.010109 -0.210383 -0.017738 0.361067 -0.134089 0.972572 0.000191
1757663154.619212 -0.023460 -0.025368 -0.091363 0.012398 -0.009780 0.040039 -0.062753 0.027275 0.023079 0.009727 0.014653 -0.001442 -0.053216 -0.037957 -0.003242 -0.000191 0.010109 -0.211909 -0.017738 0.361067 -0.135614 0.972572 0.000191
1757663154.621217 -0.023460 -0.025368 -0.091363 0.012398 -0.009780 0.040039 -0.062753 0.027275 0.023079 0.009727 0.014653 -0.001442 -0.053216 -0.037957 -0.003242 -0.000191 0.010109 -0.213054 -0.017738 0.361067 -0.136759 0.972572 0.000191
1757663154.623222 -0.023460 -0.025368 -0.091363 0.012398 -0.009780 0.040039 -0.062753 0.027275 0.023079 0.009727 0.014653 -0.001442 -0.053216 -0.037957 -0.003242 -0.000191 0.010109 -0.214580 -0.017738 0.361067 -0.137903 0.972572 0.000191
1757663154.625221 -0.023460 -0.025368 -0.091363 0.012398 -0.009780 0.040039 -0.062371 0.027275 0.023079 0.009727 0.014653 -0.001442 -0.053216 -0.037957 -0.003242 -0.000191 0.010109 -0.215724 -0.017738 0.361067 -0.139429 0.972572 0.000191
1757663154.627219 -0.023460 -0.025368 -0.091363 0.012398 -0.009780 0.040039 -0.062371 0.027275 0.023079 0.009727 0.014653 -0.001442 -0.053216 -0.037957 -0.003242 -0.000191 0.010109 -0.217250 -0.017738 0.361067 -0.140574 0.972572 0.000191
1757663154.629224 -0.023460 -0.024986 -0.091363 0.012398 -0.009780 0.040039 -0.062371 0.027275 0.023079 0.009727 0.014653 -0.001442 -0.053216 -0.037957 -0.003242 -0.000191 0.010109 -0.218394 -0.017738 0.360685 -0.141718 0.972572 0.000191
1757663154.631219 -0.023460 -0.024986 -0.091363 0.012398 -0.009780 0.040039 -0.062371 0.027275 0.023079 0.009727 0.014653 -0.001442 -0.053216 -0.037957 -0.003242 -0.000191 0.010109 -0.219921 -0.017738 0.360685 -0.143244 0.972572 0.000191
1757663154.633219 -0.023460 -0.024986 -0.091363 0.012398 -0.009780 0.040039 -0.062371 0.027275 0.023079 0.009727 0.014653 -0.001442 -0.053216 -0.037957 -0.003242 -0.000191 0.010109 -0.221066 -0.017738 0.360685 -0.144388 0.972572 0.000191
1757663154.635217 -0.023460 -0.024986 -0.091363 0.012398 -0.009780 0.040039 -0.062371 0.027275 0.023079 0.009727 0.014653 -0.001442 -0.053216 -0.037957 -0.003242 -0.000191 0.010109 -0.222591 -0.017738 0.360685 -0.145914 0.972572 0.000191
1757663154.637279 -0.023079 -0.024986 -0.091363 0.012398 -0.009780 0.040039 -0.062371 0.027275 0.023079 0.009727 0.014653 -0.001442 -0.053216 -0.037957 -0.003242 -0.000191 0.010109 -0.223736 -0.017738 0.360685 -0.147058 0.972572 0.000191
1757663154.639228 -0.023079 -0.024986 -0.091363 0.012398 -0.009780 0.040039 -0.062371 0.027275 0.023079 0.009727 0.014653 -0.001442 -0.053216 -0.037957 -0.003242 -0.000191 0.010109 -0.225262 -0.017738 0.360685 -0.148584 0.972572 0.000191
1757663154.641263 -0.023079 -0.024986 -0.091363 0.012398 -0.009780 0.040039 -0.062371 0.027275 0.023079 0.009727 0.014653 -0.001442 -0.053216 -0.037957 -0.003242 -0.000191 0.010109 -0.226406 -0.017738 0.360685 -0.149729 0.972572 0.000191
1757663154.643223 -0.023079 -0.024986 -0.091363 0.012398 -0.009780 0.040039 -0.061990 0.027275 0.023079 0.009727 0.014653 -0.001442 -0.053216 -0.037957 -0.003242 -0.000191 0.010109 -0.227932 -0.017738 0.360304 -0.151255 0.972572 0.000191
1757663154.645234 -0.023079 -0.024986 -0.091363 0.012398 -0.009780 0.040039 -0.061990 0.027657 0.023079 0.009727 0.014518 -0.001186 -0.053216 -0.037957 -0.002861 -0.000191 0.010109 -0.229076 -0.017738 0.360304 -0.152399 0.972572 0.000191
1757663154.647222 -0.023079 -0.024986 -0.091363 0.012398 -0.009780 0.040039 -0.061990 0.027657 0.023079 0.009727 0.014653 -0.001442 -0.053216 -0.037957 -0.002861 -0.000191 0.010109 -0.230602 -0.017738 0.360304 -0.153925 0.972572 0.000191
1757663154.649235 -0.023079 -0.024986 -0.091363 0.012398 -0.009780 0.040039 -0.061990 0.027657 0.023079 0.009727 0.014518 -0.001186 -0.053216 -0.037957 -0.002861 -0.000191 0.010109 -0.231747 -0.017738 0.360304 -0.155069 0.972572 0.000191
1757663154.651227 -0.023079 -0.024986 -0.091363 0.012398 -0.009780 0.040039 -0.061990 0.027657 0.023079 0.009727 0.014653 -0.001442 -0.053216 -0.037957 -0.002861 -0.000191 0.010109 -0.233273 -0.017738 0.360304 -0.156214 0.972572 0.000191
1757663154.653222 -0.023079 -0.024986 -0.091363 0.012398 -0.009780 0.040039 -0.061990 0.027657 0.023079 0.009727 0.014518 -0.001186 -0.053216 -0.037957 -0.002861 -0.000191 0.010109 -0.234417 -0.018120 0.360304 -0.157741 0.972572 0.000191
1757663154.655221 -0.023079 -0.024986 -0.091363 0.012398 -0.009780 0.040039 -0.061990 0.027657 0.023079 0.009727 0.014518 -0.001186 -0.053216 -0.037957 -0.002861 -0.000191 0.010109 -0.235943 -0.018120 0.360304 -0.158885 0.972572 0.000191
1757663154.657224 -0.023079 -0.024986 -0.091363 0.012398 -0.009645 0.039787 -0.061990 0.027657 0.023079 0.009727 0.014518 -0.001186 -0.053216 -0.037957 -0.002861 -0.000191 0.010109 -0.237087 -0.018120 0.359922 -0.160411 0.972572 0.000191
1757663154.659220 -0.023079 -0.024605 -0.091363 0.012398 -0.009645 0.039787 -0.061990 0.027657 0.023079 0.009727 0.014518 -0.001186 -0.053216 -0.037957 -0.002861 -0.000191 0.010109 -0.238232 -0.018120 0.359922 -0.161555 0.972572 0.000191
1757663154.661219 -0.023079 -0.024605 -0.091363 0.012398 -0.009645 0.039787 -0.061990 0.027657 0.023079 0.009727 0.014518 -0.001186 -0.053216 -0.037957 -0.002861 -0.000191 0.010109 -0.239758 -0.018120 0.359922 -0.163081 0.972572 0.000191
1757663154.663217 -0.023079 -0.024605 -0.091363 0.012398 -0.009645 0.039787 -0.061990 0.027657 0.023079 0.009727 0.014518 -0.001186 -0.053216 -0.037957 -0.002861 -0.000191 0.010109 -0.240902 -0.018120 0.359922 -0.164226 0.972572 0.000191
1757663154.665219 -0.023079 -0.024605 -0.091363 0.012398 -0.009645 0.039787 -0.061990 0.028038 0.023079 0.009727 0.014518 -0.001186 -0.053216 -0.037957 -0.002861 -0.000191 0.010109 -0.242428 -0.018501 0.359922 -0.165370 0.972572 0.000191
1757663154.667218 -0.023079 -0.024605 -0.091363 0.012398 -0.009645 0.039787 -0.061990 0.028038 0.023079 0.009727 0.014518 -0.001186 -0.053216 -0.037957 -0.002861 -0.000191 0.010109 -0.243572 -0.018501 0.359922 -0.166896 0.972572 0.000191
1757663154.669285 -0.023079 -0.024605 -0.091363 0.012398 -0.009645 0.039787 -0.061990 0.028038 0.023079 0.009727 0.014518 -0.001186 -0.053216 -0.037957 -0.002861 -0.000191 0.010109 -0.244717 -0.018501 0.359922 -0.168040 0.972572 0.000191
1757663154.671309 -0.023079 -0.024605 -0.091363 0.012398 -0.009645 0.039787 -0.061608 0.028038 0.023079 0.009727 0.014518 -0.001186 -0.053216 -0.037957 -0.002861 -0.000191 0.010109 -0.246243 -0.018501 0.359541 -0.169185 0.972572 0.000191
1757663154.673267 -0.023079 -0.024605 -0.091363 0.012398 -0.009645 0.039787 -0.061608 0.028038 0.023079 0.009727 0.014518 -0.001186 -0.053216 -0.037957 -0.002861 -0.000191 0.010109 -0.247387 -0.018883 0.359541 -0.170711 0.972572 0.000191
1757663154.675264 -0.022697 -0.024605 -0.091363 0.012398 -0.009645 0.039787 -0.061608 0.028038 0.023079 0.009727 0.014518 -0.001186 -0.053597 -0.037957 -0.002861 -0.000191 0.010109 -0.248913 -0.018883 0.359541 -0.171855 0.972572 0.000191
1757663154.677243 -0.022697 -0.024223 -0.090981 0.012398 -0.009645 0.039787 -0.061608 0.028038 0.023079 0.009727 0.014518 -0.001186 -0.053597 -0.037957 -0.002861 -0.000191 0.010109 -0.250057 -0.018883 0.359541 -0.173381 0.972572 0.000191
1757663154.679238 -0.022697 -0.024223 -0.090981 0.012398 -0.009645 0.039787 -0.061608 0.028038 0.023079 0.009727 0.014518 -0.001186 -0.053597 -0.037957 -0.002861 -0.000191 0.010109 -0.251583 -0.019264 0.359541 -0.174525 0.972572 0.000191
1757663154.681222 -0.022697 -0.024223 -0.090981 0.012398 -0.009645 0.039787 -0.061608 0.028038 0.023079 0.009727 0.014518 -0.001186 -0.053597 -0.037576 -0.002861 -0.000191 0.010109 -0.252728 -0.019264 0.359541 -0.176051 0.972572 0.000191
1757663154.683223 -0.022697 -0.024223 -0.090981 0.012398 -0.009645 0.039787 -0.061608 0.028419 0.023079 0.009727 0.014518 -0.001186 -0.053597 -0.037576 -0.002861 -0.000191 0.010109 -0.253872 -0.019264 0.359159 -0.177196 0.972572 0.000191
1757663154.685219 -0.022697 -0.024223 -0.090981 0.012398 -0.009645 0.039787 -0.061608 0.028419 0.023079 0.009727 0.014518 -0.001186 -0.053597 -0.037576 -0.002861 -0.000191 0.010109 -0.255398 -0.019646 0.359159 -0.178340 0.972572 0.000191
1757663154.687221 -0.022697 -0.024223 -0.090981 0.012398 -0.009645 0.039787 -0.061608 0.028419 0.023079 0.009727 0.014518 -0.001186 -0.053597 -0.037576 -0.002861 -0.000191 0.010109 -0.256542 -0.019646 0.359159 -0.179866 0.972572 0.000191
1757663154.689219 -0.022697 -0.024223 -0.090981 0.012398 -0.009645 0.039787 -0.061608 0.028419 0.023079 0.009727 0.014518 -0.001186 -0.053597 -0.037576 -0.002861 -0.000191 0.010109 -0.257687 -0.020027 0.359159 -0.181010 0.972572 0.000191
1757663154.691218 -0.022697 -0.024223 -0.090981 0.012398 -0.009645 0.039787 -0.061608 0.028419 0.023079 0.009727 0.014518 -0.001186 -0.053597 -0.037576 -0.002861 -0.000191 0.010109 -0.259212 -0.020027 0.359159 -0.182536 0.972572 0.000191
1757663154.693215 -0.022697 -0.024223 -0.090981 0.012398 -0.009645 0.039787 -0.061608 0.028419 0.023079 0.009727 0.014518 -0.001186 -0.053597 -0.037576 -0.002861 -0.000191 0.010109 -0.260357 -0.020027 0.359159 -0.183681 0.972572 0.000191
1757663154.695223 -0.022697 -0.024223 -0.090981 0.012398 -0.009645 0.039787 -0.061608 0.028419 0.023079 0.009727 0.014518 -0.001186 -0.053597 -0.037576 -0.002861 -0.000191 0.010109 -0.261883 -0.020409 0.358778 -0.185206 0.972572 0.000191
1757663154.697218 -0.022697 -0.023842 -0.090981 0.012398 -0.009645 0.039787 -0.061608 0.028419 0.023079 0.009727 0.014518 -0.001186 -0.053979 -0.037576 -0.002861 -0.000191 0.010109 -0.263027 -0.020409 0.358778 -0.186351 0.972572 0.000191
1757663154.699217 -0.022697 -0.023842 -0.090981 0.012398 -0.009645 0.039787 -0.061608 0.028419 0.023079 0.009727 0.014518 -0.001186 -0.053979 -0.037576 -0.002861 -0.000191 0.010109 -0.264172 -0.020790 0.358778 -0.187877 0.972572 0.000191
1757663154.701247 -0.022697 -0.023842 -0.090981 0.012398 -0.009645 0.039787 -0.061608 0.028801 0.023079 0.009727 0.014518 -0.001186 -0.053979 -0.037576 -0.002861 -0.000191 0.010109 -0.265697 -0.020790 0.358778 -0.189021 0.972572 0.000191
1757663154.703279 -0.022697 -0.023842 -0.090981 0.012398 -0.009645 0.039787 -0.061608 0.028801 0.023079 0.009727 0.014518 -0.001186 -0.053979 -0.037576 -0.002861 -0.000191 0.010109 -0.266842 -0.021172 0.358778 -0.190547 0.972572 0.000191
1757663154.705232 -0.022697 -0.023842 -0.090981 0.012398 -0.009645 0.039787 -0.061608 0.028801 0.023079 0.009727 0.014518 -0.001186 -0.053979 -0.037576 -0.002861 -0.000191 0.010109 -0.267986 -0.021172 0.358778 -0.192073 0.972572 0.000191
1757663154.707236 -0.022697 -0.023842 -0.090981 0.012398 -0.009645 0.039787 -0.061608 0.028801 0.023079 0.009727 0.014518 -0.001186 -0.053979 -0.037576 -0.002480 -0.000191 0.010109 -0.269512 -0.021553 0.358397 -0.193217 0.972572 0.000191
1757663154.709221 -0.022697 -0.023842 -0.090981 0.012398 -0.009645 0.039787 -0.061608 0.028801 0.023079 0.009727 0.014518 -0.001186 -0.053979 -0.037576 -0.002480 -0.000191 0.010109 -0.270657 -0.021553 0.358397 -0.194743 0.972572 0.000191
1757663154.711214 -0.022697 -0.023842 -0.090981 0.012398 -0.009645 0.039787 -0.061608 0.028801 0.023079 0.009727 0.014518 -0.001186 -0.053979 -0.037576 -0.002480 -0.000191 0.010109 -0.271801 -0.021935 0.358397 -0.196269 0.972572 0.000191
1757663154.713217 -0.022697 -0.023460 -0.090600 0.012398 -0.009645 0.039787 -0.061608 0.028801 0.023079 0.009727 0.014518 -0.001186 -0.054360 -0.037576 -0.002480 -0.000191 0.010109 -0.273327 -0.021935 0.358397 -0.197413 0.972572 0.000191
1757663154.715227 -0.022697 -0.023460 -0.090600 0.012398 -0.009645 0.039787 -0.061608 0.028801 0.023079 0.009727 0.014518 -0.001186 -0.054360 -0.037576 -0.002480 -0.000191 0.010109 -0.274471 -0.022316 0.358397 -0.198939 0.972572 0.000191
1757663154.717218 -0.022697 -0.023460 -0.090600 0.012398 -0.009645 0.039787 -0.061608 0.029182 0.023079 0.009727 0.014518 -0.001186 -0.054360 -0.037194 -0.002480 -0.000191 0.010109 -0.275997 -0.022697 0.358397 -0.200465 0.972572 0.000191
1757663154.719221 -0.022697 -0.023460 -0.090600 0.012398 -0.009645 0.039787 -0.061608 0.029182 0.023079 0.009727 0.014518 -0.001186 -0.054360 -0.037194 -0.002480 -0.000191 0.010109 -0.277142 -0.022697 0.358015 -0.201991 0.972572 0.000191
1757663154.721215 -0.022697 -0.023460 -0.090600 0.012398 -0.009645 0.039787 -0.061608 0.029182 0.023079 0.009727 0.014518 -0.001186 -0.054360 -0.037194 -0.002480 -0.000191 0.010109 -0.278286 -0.023079 0.358015 -0.203135 0.972572 0.000191
1757663154.723233 -0.022697 -0.023460 -0.090600 0.012398 -0.009645 0.039787 -0.061608 0.029182 0.023079 0.009727 0.014518 -0.001186 -0.054360 -0.037194 -0.002480 -0.000191 0.010109 -0.279812 -0.023079 0.358015 -0.204661 0.972572 0.000191
1757663154.725228 -0.022697 -0.023460 -0.090600 0.012398 -0.009645 0.039787 -0.061608 0.029182 0.023079 0.009727 0.014518 -0.001186 -0.054360 -0.037194 -0.002480 -0.000191 0.010109 -0.280956 -0.023460 0.358015 -0.206187 0.972572 0.000191
1757663154.727214 -0.022697 -0.023460 -0.090600 0.012398 -0.009645 0.039787 -0.061608 0.029182 0.023079 0.009727 0.014518 -0.001186 -0.054742 -0.037194 -0.002480 -0.000191 0.010109 -0.282483 -0.023842 0.358015 -0.207713 0.972572 0.000191
1757663154.729249 -0.022697 -0.023460 -0.090600 0.012398 -0.009780 0.040039 -0.061608 0.029182 0.023079 0.009727 0.014518 -0.001186 -0.054742 -0.037194 -0.002480 -0.000191 0.010109 -0.283628 -0.023842 0.357634 -0.209239 0.972572 0.000191
1757663154.731252 -0.022697 -0.023079 -0.090600 0.012398 -0.009780 0.040039 -0.061608 0.029182 0.023079 0.009727 0.014518 -0.001186 -0.054742 -0.037194 -0.002480 -0.000191 0.010109 -0.284772 -0.024223 0.357634 -0.210765 0.972572 0.000191
1757663154.733252 -0.022697 -0.023079 -0.090600 0.012398 -0.009780 0.040039 -0.061608 0.029182 0.023079 0.009727 0.014518 -0.001186 -0.054742 -0.037194 -0.002480 -0.000191 0.010109 -0.286298 -0.024605 0.357634 -0.212291 0.972572 0.000191
1757663154.735345 -0.022697 -0.023079 -0.090600 0.012398 -0.009780 0.040039 -0.061608 0.029564 0.023079 0.009727 0.014518 -0.001186 -0.054742 -0.037194 -0.002480 -0.000191 0.010109 -0.287442 -0.024605 0.357634 -0.213817 0.972572 0.000191
1757663154.737239 -0.022697 -0.023079 -0.090600 0.012398 -0.009780 0.040039 -0.061608 0.029564 0.023079 0.009727 0.014518 -0.001186 -0.055123 -0.037194 -0.002480 -0.000191 0.010109 -0.288968 -0.024986 0.357634 -0.215343 0.972572 0.000191
1757663154.739233 -0.022697 -0.023079 -0.090600 0.012398 -0.009780 0.040039 -0.061608 0.029564 0.023079 0.009727 0.014518 -0.001186 -0.055123 -0.037194 -0.002480 -0.000191 0.010109 -0.290112 -0.025368 0.357252 -0.216868 0.972572 0.000191
1757663154.741230 -0.022697 -0.023079 -0.090600 0.012398 -0.009780 0.040039 -0.061608 0.029564 0.023079 0.009727 0.014518 -0.001186 -0.055123 -0.037194 -0.002480 -0.000191 0.010109 -0.291638 -0.025749 0.357252 -0.218394 0.972572 0.000191
1757663154.743243 -0.022697 -0.023079 -0.090600 0.012398 -0.009780 0.040039 -0.061608 0.029564 0.023079 0.009727 0.014518 -0.001186 -0.055123 -0.036813 -0.002480 -0.000191 0.010109 -0.292783 -0.026131 0.357252 -0.219921 0.972572 0.000191
1757663154.745232 -0.022697 -0.023079 -0.090219 0.012398 -0.009780 0.040039 -0.061608 0.029564 0.023079 0.009727 0.014518 -0.001186 -0.055505 -0.036813 -0.002480 -0.000191 0.010109 -0.293927 -0.026131 0.357252 -0.221447 0.972572 0.000191
1757663154.747230 -0.022697 -0.022697 -0.090219 0.012398 -0.009780 0.040039 -0.061608 0.029564 0.023079 0.009727 0.014518 -0.001186 -0.055505 -0.036813 -0.002480 -0.000191 0.010109 -0.295453 -0.026512 0.357252 -0.222973 0.972572 0.000191
1757663154.749230 -0.022697 -0.022697 -0.090219 0.012398 -0.009780 0.040039 -0.061608 0.029564 0.023079 0.009727 0.014518 -0.001186 -0.055505 -0.036813 -0.002480 -0.000191 0.010109 -0.296597 -0.026894 0.356871 -0.224499 0.972572 0.000191
1757663154.751223 -0.022697 -0.022697 -0.090219 0.012398 -0.009780 0.040039 -0.061608 0.029564 0.023079 0.009727 0.014518 -0.001186 -0.055505 -0.036813 -0.002480 -0.000191 0.010109 -0.298123 -0.027275 0.356871 -0.226025 0.972572 0.000191
1757663154.753220 -0.022697 -0.022697 -0.090219 0.012398 -0.009780 0.040039 -0.061608 0.029945 0.023079 0.009727 0.014518 -0.001186 -0.055505 -0.036813 -0.002480 -0.000191 0.010109 -0.299268 -0.027657 0.356871 -0.227551 0.972572 0.000191
1757663154.755244 -0.022697 -0.022697 -0.090219 0.012398 -0.009780 0.040039 -0.061608 0.029945 0.023079 0.009727 0.014518 -0.001186 -0.055886 -0.036813 -0.002480 -0.000191 0.010109 -0.300794 -0.028038 0.356871 -0.229076 0.972572 0.000191
1757663154.757220 -0.022697 -0.022697 -0.090219 0.012398 -0.009780 0.040039 -0.061608 0.029945 0.023079 0.009727 0.014518 -0.001186 -0.055886 -0.036813 -0.002480 -0.000191 0.010109 -0.301938 -0.028419 0.356871 -0.230602 0.972572 0.000191
1757663154.759220 -0.022697 -0.022697 -0.090219 0.012398 -0.009780 0.040039 -0.061608 0.029945 0.023079 0.009727 0.014518 -0.001186 -0.055886 -0.036813 -0.002480 -0.000191 0.010109 -0.303464 -0.028801 0.356489 -0.232128 0.972572 0.000191
1757663154.761269 -0.022697 -0.022697 -0.090219 0.012398 -0.009780 0.040039 -0.061608 0.029945 0.023079 0.009727 0.014518 -0.001186 -0.055886 -0.036813 -0.002480 -0.000191 0.010109 -0.304608 -0.029182 0.356489 -0.233654 0.972572 0.000191
1757663154.763291 -0.022697 -0.022316 -0.090219 0.012398 -0.009780 0.040039 -0.061608 0.029945 0.023079 0.009727 0.014518 -0.001186 -0.056268 -0.036813 -0.002480 -0.000191 0.010109 -0.306134 -0.029564 0.356489 -0.235561 0.972572 0.000191
1757663154.765232 -0.022697 -0.022316 -0.090219 0.012398 -0.009780 0.040039 -0.061608 0.029945 0.023079 0.009727 0.014518 -0.001186 -0.056268 -0.036431 -0.002098 -0.000191 0.010109 -0.307279 -0.029945 0.356489 -0.237087 0.972572 0.000191
1757663154.767274 -0.022697 -0.022316 -0.090219 0.012398 -0.009780 0.040039 -0.061608 0.029945 0.023079 0.009727 0.014518 -0.001186 -0.056268 -0.036431 -0.002098 -0.000191 0.010109 -0.308423 -0.030327 0.356108 -0.238613 0.972572 0.000191
1757663154.769248 -0.022697 -0.022316 -0.090219 0.012398 -0.009780 0.040039 -0.061608 0.029945 0.023079 0.009727 0.014518 -0.001186 -0.056268 -0.036431 -0.002098 -0.000191 0.010109 -0.309949 -0.030708 0.356108 -0.240139 0.972572 0.000191
1757663154.771227 -0.022697 -0.022316 -0.089837 0.012398 -0.009780 0.040039 -0.061608 0.030327 0.023079 0.009727 0.014518 -0.001186 -0.056268 -0.036431 -0.002098 -0.000191 0.010109 -0.311093 -0.031090 0.356108 -0.241665 0.972572 0.000191
1757663154.773226 -0.022697 -0.022316 -0.089837 0.012398 -0.009780 0.040039 -0.061608 0.030327 0.023079 0.009727 0.014518 -0.001186 -0.056649 -0.036431 -0.002098 -0.000191 0.010109 -0.312619 -0.031472 0.356108 -0.243191 0.972572 0.000191
1757663154.775225 -0.022697 -0.022316 -0.089837 0.012398 -0.009780 0.040039 -0.061608 0.030327 0.023079 0.009727 0.014518 -0.001186 -0.056649 -0.036431 -0.002098 -0.000191 0.010109 -0.313764 -0.031472 0.356108 -0.245098 0.972572 0.000191
1757663154.777221 -0.022697 -0.021935 -0.089837 0.012398 -0.009780 0.040039 -0.061608 0.030327 0.023079 0.009727 0.014518 -0.001186 -0.056649 -0.036431 -0.002098 -0.000191 0.010109 -0.315289 -0.031854 0.356108 -0.246624 0.972572 0.000191
1757663154.779219 -0.022697 -0.021935 -0.089837 0.012398 -0.009780 0.040039 -0.061608 0.030327 0.023079 0.009727 0.014518 -0.001186 -0.056649 -0.036431 -0.002098 -0.000191 0.010109 -0.316434 -0.032235 0.355726 -0.248150 0.972572 0.000191
1757663154.781227 -0.022697 -0.021935 -0.089837 0.012398 -0.009780 0.040039 -0.061608 0.030327 0.023079 0.009727 0.014518 -0.001186 -0.056649 -0.036431 -0.002098 -0.000191 0.010109 -0.317960 -0.032617 0.355726 -0.249676 0.972572 0.000191
1757663154.783229 -0.022697 -0.021935 -0.089837 0.012398 -0.009780 0.040039 -0.061608 0.030327 0.023079 0.009727 0.014518 -0.001186 -0.057031 -0.036431 -0.002098 -0.000191 0.010490 -0.319104 -0.032998 0.355726 -0.251583 0.972954 0.000191
1757663154.785222 -0.022697 -0.021935 -0.089837 0.012398 -0.009780 0.040039 -0.061608 0.030327 0.023079 0.009727 0.014518 -0.001186 -0.057031 -0.036431 -0.002098 -0.000191 0.010490 -0.320630 -0.033380 0.355726 -0.253109 0.972954 0.000191
1757663154.787220 -0.022697 -0.021935 -0.089837 0.012398 -0.009780 0.040039 -0.061608 0.030327 0.023079 0.009727 0.014518 -0.001186 -0.057031 -0.036431 -0.002098 -0.000191 0.010490 -0.321774 -0.033761 0.355726 -0.254635 0.972954 0.000191
1757663154.789247 -0.022697 -0.021935 -0.089837 0.012398 -0.009780 0.040039 -0.061608 0.030708 0.023079 0.009727 0.014518 -0.001186 -0.057031 -0.036431 -0.002098 -0.000191 0.010490 -0.323300 -0.034142 0.355345 -0.256542 0.972954 0.000191
1757663154.791226 -0.022697 -0.021935 -0.089837 0.012398 -0.009780 0.040039 -0.061608 0.030708 0.023079 0.009727 0.014518 -0.001186 -0.057412 -0.036431 -0.002098 -0.000191 0.010490 -0.324445 -0.034524 0.355345 -0.258068 0.972954 0.000191
1757663154.793220 -0.022697 -0.021935 -0.089837 0.012398 -0.009780 0.040039 -0.061608 0.030708 0.023079 0.009727 0.014518 -0.001186 -0.057412 -0.036050 -0.002098 -0.000191 0.010490 -0.325971 -0.034905 0.355345 -0.259975 0.972954 0.000191
1757663154.795259 -0.022697 -0.021553 -0.089837 0.012398 -0.009780 0.040039 -0.061608 0.030708 0.023079 0.009727 0.014518 -0.001186 -0.057412 -0.036050 -0.002098 -0.000191 0.010490 -0.327497 -0.035668 0.355345 -0.261501 0.972954 0.000191
1757663154.797232 -0.022697 -0.021553 -0.089837 0.012398 -0.009780 0.040039 -0.061608 0.030708 0.023079 0.009727 0.014518 -0.001186 -0.057412 -0.036050 -0.002098 -0.000191 0.010490 -0.328641 -0.036050 0.355345 -0.263409 0.972954 0.000191
1757663154.799227 -0.022697 -0.021553 -0.089456 0.012398 -0.009780 0.040039 -0.061608 0.030708 0.023079 0.009727 0.014518 -0.001186 -0.057412 -0.036050 -0.002098 -0.000191 0.010490 -0.330167 -0.036431 0.354963 -0.264935 0.972954 0.000191
1757663154.801257 -0.022697 -0.021553 -0.089456 0.012398 -0.009780 0.040039 -0.061608 0.030708 0.023079 0.009727 0.014518 -0.001186 -0.057794 -0.036050 -0.002098 -0.000191 0.010490 -0.331311 -0.036813 0.354963 -0.266842 0.972954 0.000191
1757663154.803236 -0.022697 -0.021553 -0.089456 0.012398 -0.009780 0.040039 -0.061227 0.030708 0.023079 0.009727 0.014518 -0.001186 -0.057794 -0.036050 -0.002098 -0.000191 0.010490 -0.332837 -0.037194 0.354963 -0.268749 0.972954 0.000191
1757663154.805241 -0.022697 -0.021553 -0.089456 0.012398 -0.009780 0.040039 -0.061227 0.030708 0.023079 0.009727 0.014518 -0.001186 -0.057794 -0.036050 -0.002098 -0.000191 0.010490 -0.334363 -0.037576 0.354963 -0.270275 0.972954 0.000191
1757663154.807227 -0.022316 -0.021553 -0.089456 0.012398 -0.009917 0.039783 -0.061227 0.031090 0.023079 0.009727 0.014518 -0.001186 -0.057794 -0.036050 -0.002098 -0.000191 0.010490 -0.335507 -0.037957 0.354582 -0.272182 0.972954 0.000191
1757663154.809219 -0.022316 -0.021553 -0.089456 0.012398 -0.009917 0.039783 -0.061227 0.031090 0.023079 0.009727 0.014518 -0.001186 -0.057794 -0.036050 -0.002098 -0.000191 0.010490 -0.337033 -0.038339 0.354582 -0.274090 0.972954 0.000191
1757663154.811223 -0.022316 -0.021553 -0.089456 0.012398 -0.009917 0.039783 -0.061227 0.031090 0.023079 0.009727 0.014518 -0.001186 -0.058175 -0.036050 -0.002098 -0.000191 0.010490 -0.338559 -0.038720 0.354582 -0.275997 0.972954 0.000191
1757663154.813220 -0.022316 -0.021172 -0.089456 0.012398 -0.009917 0.039783 -0.061227 0.031090 0.023079 0.009727 0.014518 -0.001186 -0.058175 -0.036050 -0.002098 -0.000191 0.010490 -0.340085 -0.039483 0.354582 -0.277905 0.972954 0.000191
1757663154.815223 -0.022316 -0.021172 -0.089456 0.012398 -0.009917 0.039783 -0.061227 0.031090 0.023079 0.009727 0.014518 -0.001186 -0.058175 -0.036050 -0.002098 -0.000191 0.010490 -0.341229 -0.039865 0.354200 -0.279812 0.972954 0.000191
1757663154.817225 -0.022316 -0.021172 -0.089456 0.012398 -0.009917 0.039783 -0.061227 0.031090 0.023079 0.009727 0.014518 -0.001186 -0.058175 -0.036050 -0.002098 -0.000191 0.010490 -0.342755 -0.040246 0.354200 -0.281720 0.972954 0.000191
1757663154.819219 -0.022316 -0.021172 -0.089456 0.012398 -0.009917 0.039783 -0.061227 0.031090 0.023079 0.009727 0.014518 -0.001186 -0.058557 -0.035668 -0.002098 -0.000191 0.010490 -0.344282 -0.041009 0.354200 -0.283628 0.972954 0.000191
1757663154.821257 -0.022316 -0.021172 -0.089456 0.012398 -0.009917 0.039783 -0.061227 0.031090 0.023079 0.009727 0.014518 -0.001186 -0.058557 -0.035668 -0.002098 -0.000191 0.010490 -0.345808 -0.041390 0.354200 -0.285535 0.972954 0.000191
1757663154.823225 -0.022316 -0.021172 -0.089456 0.012398 -0.009917 0.039783 -0.061227 0.031472 0.023079 0.009727 0.014518 -0.001186 -0.058557 -0.035668 -0.001717 -0.000191 0.010490 -0.347334 -0.041772 0.354200 -0.287442 0.972954 0.000191
1757663154.825337 -0.022316 -0.021172 -0.089456 0.012398 -0.009917 0.039783 -0.061227 0.031472 0.023079 0.009727 0.014518 -0.001186 -0.058557 -0.035668 -0.001717 -0.000191 0.010490 -0.348860 -0.042535 0.353819 -0.289350 0.972954 0.000191
1757663154.827239 -0.022316 -0.020790 -0.089456 0.012398 -0.009917 0.039783 -0.061227 0.031472 0.023079 0.009727 0.014518 -0.001186 -0.058938 -0.035668 -0.001717 -0.000191 0.010490 -0.350386 -0.042916 0.353819 -0.291638 0.972954 0.000191
1757663154.829258 -0.022316 -0.020790 -0.089456 0.012398 -0.009917 0.039783 -0.061227 0.031472 0.023079 0.009727 0.014518 -0.001186 -0.058938 -0.035668 -0.001717 -0.000191 0.010490 -0.351912 -0.043298 0.353819 -0.293546 0.972954 0.000191
1757663154.831233 -0.022316 -0.020790 -0.089456 0.012398 -0.010055 0.039526 -0.061227 0.031472 0.023079 0.009727 0.014518 -0.001186 -0.058938 -0.035668 -0.001717 -0.000191 0.010490 -0.353437 -0.044061 0.353819 -0.295453 0.972954 0.000191
1757663154.833226 -0.021935 -0.020790 -0.089456 0.012398 -0.010055 0.039526 -0.061227 0.031472 0.023079 0.009727 0.014518 -0.001186 -0.059319 -0.035668 -0.001717 -0.000191 0.010490 -0.354963 -0.044442 0.353437 -0.297742 0.972954 0.000191
1757663154.835219 -0.021935 -0.020790 -0.089456 0.012398 -0.010055 0.039526 -0.060845 0.031472 0.023079 0.009727 0.014518 -0.001186 -0.059319 -0.035668 -0.001717 -0.000191 0.010490 -0.356489 -0.045205 0.353437 -0.299649 0.972954 0.000191
1757663154.837217 -0.021935 -0.020790 -0.089456 0.012398 -0.010189 0.039779 -0.060845 0.031472 0.023079 0.009727 0.014518 -0.001186 -0.059319 -0.035287 -0.001717 -0.000191 0.010490 -0.358015 -0.045587 0.353437 -0.301557 0.972954 0.000191
1757663154.839216 -0.021935 -0.020790 -0.089456 0.012398 -0.010189 0.039779 -0.060845 0.031472 0.023079 0.009727 0.014518 -0.001186 -0.059319 -0.035287 -0.001717 -0.000191 0.010490 -0.359541 -0.046350 0.353056 -0.303845 0.972954 0.000191
1757663154.841206 -0.021935 -0.020790 -0.089456 0.012398 -0.010189 0.039779 -0.060845 0.031854 0.023079 0.009727 0.014518 -0.001186 -0.059701 -0.035287 -0.001717 -0.000191 0.010490 -0.361448 -0.047112 0.353056 -0.305753 0.972954 0.000191
1757663154.843232 -0.021935 -0.020409 -0.089456 0.012398 -0.010189 0.039779 -0.060845 0.031854 0.023079 0.009727 0.014518 -0.001186 -0.059701 -0.035287 -0.001717 -0.000191 0.010490 -0.362974 -0.047494 0.353056 -0.308042 0.972954 0.000191
1757663154.845226 -0.021935 -0.020409 -0.089074 0.012398 -0.010189 0.039779 -0.060845 0.031854 0.023079 0.009727 0.014518 -0.001186 -0.059701 -0.035287 -0.001717 -0.000191 0.010490 -0.364500 -0.048257 0.352674 -0.309949 0.972954 0.000191
1757663154.847221 -0.021935 -0.020409 -0.089074 0.012398 -0.010189 0.039779 -0.060845 0.031854 0.023079 0.009727 0.014518 -0.001186 -0.060082 -0.035287 -0.001717 -0.000191 0.010490 -0.366026 -0.048638 0.352674 -0.312238 0.972954 0.000191
1757663154.849226 -0.021935 -0.020409 -0.089074 0.012398 -0.010189 0.039779 -0.060845 0.031854 0.023079 0.009727 0.014518 -0.001186 -0.060082 -0.035287 -0.001717 -0.000191 0.010490 -0.367552 -0.049020 0.352674 -0.314145 0.972954 0.000191
1757663154.851261 -0.021553 -0.020409 -0.089074 0.012398 -0.010327 0.039522 -0.060845 0.031854 0.023079 0.009727 0.014518 -0.001186 -0.060082 -0.035287 -0.001717 -0.000191 0.010490 -0.369459 -0.049783 0.352293 -0.316052 0.972954 0.000191
1757663154.853220 -0.021553 -0.020409 -0.089074 0.012398 -0.010327 0.039522 -0.060845 0.031854 0.023079 0.009727 0.014518 -0.001186 -0.060464 -0.034905 -0.001717 -0.000191 0.010490 -0.370985 -0.050546 0.352293 -0.318341 0.972954 0.000191
1757663154.855216 -0.021553 -0.020409 -0.089074 0.012398 -0.010327 0.039522 -0.060845 0.031854 0.023079 0.009727 0.014518 -0.001186 -0.060464 -0.034905 -0.001717 -0.000191 0.010490 -0.372511 -0.050927 0.351912 -0.320249 0.972954 0.000191
1757663154.857263 -0.021553 -0.020027 -0.089074 0.012398 -0.010327 0.039522 -0.060845 0.031854 0.023079 0.009727 0.014518 -0.001186 -0.060464 -0.034905 -0.001717 -0.000191 0.010490 -0.374418 -0.051690 0.351912 -0.322537 0.972954 0.000191
1757663154.859246 -0.021553 -0.020027 -0.089074 0.012398 -0.010327 0.039522 -0.060464 0.031854 0.023079 0.009727 0.014518 -0.001186 -0.060845 -0.034905 -0.001717 -0.000191 0.010490 -0.375944 -0.052072 0.351912 -0.324445 0.972954 0.000191
1757663154.861226 -0.021553 -0.020027 -0.089074 0.012398 -0.010461 0.039774 -0.060464 0.031854 0.023079 0.009727 0.014518 -0.001186 -0.060845 -0.034905 -0.001717 -0.000191 0.010490 -0.377470 -0.052835 0.351530 -0.326352 0.972954 0.000191
1757663154.863278 -0.021553 -0.020027 -0.089074 0.012398 -0.010461 0.039774 -0.060464 0.032235 0.023079 0.009727 0.014518 -0.001186 -0.060845 -0.034905 -0.001717 -0.000191 0.010490 -0.379377 -0.053216 0.351530 -0.328641 0.972954 0.000191
1757663154.865239 -0.021553 -0.020027 -0.089074 0.012398 -0.010599 0.039518 -0.060464 0.032235 0.023079 0.009727 0.014518 -0.001186 -0.060845 -0.034905 -0.001717 -0.000191 0.010490 -0.380903 -0.053979 0.351149 -0.330548 0.972954 0.000191
1757663154.867234 -0.021172 -0.020027 -0.089074 0.012398 -0.010599 0.039518 -0.060464 0.032235 0.023079 0.009727 0.014518 -0.001186 -0.061227 -0.034905 -0.001717 -0.000191 0.010490 -0.382429 -0.054360 0.351149 -0.332837 0.972954 0.000191
1757663154.869226 -0.021172 -0.020027 -0.088693 0.012398 -0.010599 0.039518 -0.060464 0.032235 0.023079 0.009727 0.014518 -0.001186 -0.061227 -0.034905 -0.001717 -0.000191 0.010490 -0.383955 -0.055123 0.350767 -0.334744 0.972954 0.000191
1757663154.871218 -0.021172 -0.019646 -0.088693 0.012398 -0.010599 0.039518 -0.060464 0.032235 0.023079 0.009727 0.014518 -0.001186 -0.061227 -0.034905 -0.001717 -0.000191 0.010490 -0.385862 -0.055505 0.350767 -0.337033 0.972954 0.000191
1757663154.873219 -0.021172 -0.019646 -0.088693 0.012398 -0.010599 0.039518 -0.060464 0.032235 0.023079 0.009727 0.014518 -0.001186 -0.061227 -0.034905 -0.001717 -0.000191 0.010490 -0.387388 -0.056268 0.350386 -0.338941 0.972954 0.000191
1757663154.875219 -0.021172 -0.019646 -0.088693 0.012398 -0.010599 0.039518 -0.060464 0.032235 0.023079 0.009727 0.014518 -0.001186 -0.061608 -0.034905 -0.001717 -0.000191 0.010490 -0.389296 -0.057031 0.350386 -0.341229 0.972954 0.000191
1757663154.877220 -0.021172 -0.019646 -0.088693 0.012398 -0.010599 0.039518 -0.060464 0.032235 0.023079 0.009727 0.014518 -0.001186 -0.061608 -0.034905 -0.001717 -0.000191 0.010872 -0.390821 -0.057412 0.350386 -0.343137 0.972954 0.000191
1757663154.879227 -0.021172 -0.019646 -0.088693 0.012398 -0.010599 0.039518 -0.060464 0.032235 0.023079 0.009727 0.014518 -0.001186 -0.061608 -0.034905 -0.001335 -0.000191 0.010872 -0.392347 -0.058175 0.350004 -0.345427 0.972954 0.000191
1757663154.881220 -0.020790 -0.019646 -0.088693 0.012398 -0.010871 0.039514 -0.060464 0.032235 0.023079 0.009727 0.014518 -0.001186 -0.061608 -0.034905 -0.001335 -0.000191 0.010872 -0.394255 -0.058938 0.350004 -0.347715 0.972954 0.000191
1757663154.883219 -0.020790 -0.019646 -0.088693 0.012398 -0.010871 0.039514 -0.060464 0.032235 0.023079 0.009727 0.014518 -0.001186 -0.061990 -0.034905 -0.001335 -0.000191 0.010872 -0.395781 -0.059319 0.349623 -0.349623 0.972954 0.000191
1757663154.885218 -0.020790 -0.019264 -0.088693 0.012398 -0.010871 0.039514 -0.060464 0.032235 0.023079 0.009727 0.014518 -0.001186 -0.061990 -0.034905 -0.001335 -0.000572 0.010872 -0.397306 -0.060082 0.349623 -0.351912 0.972954 0.000191
1757663154.887217 -0.020790 -0.019264 -0.088693 0.012398 -0.010871 0.039514 -0.060464 0.032235 0.023079 0.009727 0.014518 -0.001186 -0.061990 -0.034905 -0.001335 -0.000191 0.010872 -0.399214 -0.060464 0.349241 -0.354200 0.972954 0.000191
1757663154.889261 -0.020790 -0.019264 -0.088693 0.012398 -0.010871 0.039514 -0.060464 0.032235 0.023079 0.009727 0.014518 -0.001186 -0.061990 -0.034524 -0.001335 -0.000191 0.010872 -0.400740 -0.061227 0.349241 -0.356108 0.972954 0.000191
1757663154.891278 -0.020790 -0.019264 -0.088693 0.012398 -0.010871 0.039514 -0.060464 0.032235 0.023079 0.009727 0.014518 -0.001186 -0.062371 -0.034524 -0.001335 -0.000191 0.010872 -0.402647 -0.061990 0.348860 -0.358397 0.972954 0.000191
1757663154.893224 -0.020790 -0.019264 -0.088311 0.012398 -0.010871 0.039514 -0.060464 0.032235 0.023079 0.009727 0.014518 -0.001186 -0.062371 -0.034524 -0.001335 -0.000191 0.010872 -0.404173 -0.062753 0.348478 -0.360685 0.972954 0.000191
1757663154.895233 -0.020790 -0.019264 -0.088311 0.012398 -0.010871 0.039514 -0.060464 0.032235 0.023079 0.009727 0.014518 -0.001186 -0.062371 -0.034524 -0.001335 -0.000572 0.010872 -0.406080 -0.063134 0.348478 -0.362974 0.972954 0.000191
1757663154.897228 -0.020409 -0.019264 -0.088311 0.012398 -0.011143 0.039510 -0.060464 0.032235 0.023079 0.009727 0.014518 -0.001186 -0.062371 -0.034524 -0.001335 -0.000191 0.010872 -0.407607 -0.063897 0.348097 -0.365263 0.972954 0.000191
1757663154.899225 -0.020409 -0.019264 -0.088311 0.012398 -0.011143 0.039510 -0.060464 0.032235 0.023079 0.009727 0.014518 -0.001186 -0.062753 -0.034524 -0.001335 -0.000191 0.010872 -0.409514 -0.064660 0.348097 -0.367552 0.972954 0.000191
1757663154.901224 -0.020409 -0.019264 -0.088311 0.012398 -0.011143 0.039510 -0.060464 0.032235 0.023079 0.009727 0.014518 -0.001186 -0.062753 -0.034524 -0.001335 -0.000572 0.010872 -0.411040 -0.065423 0.347715 -0.369841 0.972954 0.000191
1757663154.903217 -0.020409 -0.018883 -0.088311 0.012398 -0.011143 0.039510 -0.060464 0.032235 0.023079 0.009727 0.014518 -0.001186 -0.062753 -0.034524 -0.001335 -0.000191 0.010872 -0.412948 -0.066186 0.347334 -0.372511 0.972954 0.000191
1757663154.905216 -0.020409 -0.018883 -0.088311 0.012398 -0.011143 0.039510 -0.060464 0.032235 0.023079 0.009727 0.014518 -0.001186 -0.063134 -0.034524 -0.001335 -0.000572 0.010872 -0.414855 -0.066949 0.347334 -0.374800 0.972954 0.000191
1757663154.907248 -0.020409 -0.018883 -0.088311 0.012398 -0.011143 0.039510 -0.060082 0.032235 0.023079 0.009727 0.014518 -0.001186 -0.063134 -0.034524 -0.001335 -0.000572 0.010872 -0.416381 -0.067712 0.346952 -0.377089 0.972954 0.000191
1757663154.909224 -0.020409 -0.018883 -0.088311 0.012398 -0.011281 0.039254 -0.060082 0.032235 0.023079 0.009727 0.014518 -0.001186 -0.063134 -0.034524 -0.001335 -0.000572 0.010872 -0.418288 -0.068475 0.346952 -0.379377 0.972954 0.000191
1757663154.911226 -0.020409 -0.018883 -0.088311 0.012398 -0.011281 0.039254 -0.060082 0.032235 0.023079 0.009727 0.014518 -0.001186 -0.063134 -0.034524 -0.001335 -0.000191 0.010872 -0.420196 -0.069238 0.346571 -0.381666 0.972954 0.000191
1757663154.913219 -0.020027 -0.018883 -0.088311 0.012398 -0.011415 0.039506 -0.060082 0.032235 0.023079 0.009727 0.014518 -0.001186 -0.063516 -0.034524 -0.001335 -0.000572 0.010872 -0.421721 -0.070001 0.346189 -0.384336 0.972954 0.000191
1757663154.915218 -0.020027 -0.018883 -0.088311 0.012398 -0.011415 0.039506 -0.060082 0.032235 0.023079 0.009727 0.014518 -0.001186 -0.063516 -0.034524 -0.001335 -0.000191 0.010872 -0.423629 -0.070764 0.346189 -0.386625 0.972954 0.000191
1757663154.917214 -0.020027 -0.018883 -0.088311 0.012398 -0.011415 0.039506 -0.060082 0.032235 0.023079 0.009727 0.014518 -0.001186 -0.063516 -0.034524 -0.001335 -0.000191 0.010872 -0.425536 -0.071527 0.345808 -0.388914 0.972954 0.000191
1757663154.919214 -0.020027 -0.018883 -0.088311 0.012398 -0.011415 0.039506 -0.060082 0.032235 0.023079 0.009727 0.014518 -0.001186 -0.063897 -0.034524 -0.001335 -0.000572 0.010872 -0.427444 -0.072289 0.345808 -0.391203 0.972954 0.000191
1757663154.921257 -0.020027 -0.018501 -0.087930 0.012398 -0.011415 0.039506 -0.060082 0.032235 0.023079 0.009727 0.014518 -0.001186 -0.063897 -0.034524 -0.001335 -0.000572 0.010872 -0.429351 -0.072671 0.345427 -0.393492 0.972954 0.000191
1757663154.923229 -0.020027 -0.018501 -0.087930 0.012398 -0.011553 0.039250 -0.060082 0.032235 0.023079 0.009727 0.014518 -0.001186 -0.063897 -0.034142 -0.001335 -0.000191 0.010872 -0.431258 -0.073434 0.345045 -0.396162 0.972954 0.000191
1757663154.925239 -0.020027 -0.018501 -0.087930 0.012398 -0.011553 0.039250 -0.060082 0.032235 0.023079 0.009727 0.014518 -0.001186 -0.063897 -0.034142 -0.001335 -0.000572 0.010872 -0.433166 -0.074197 0.344664 -0.398451 0.972954 0.000191
1757663154.927232 -0.020027 -0.018501 -0.087930 0.012398 -0.011687 0.039502 -0.060082 0.032235 0.023079 0.009727 0.014518 -0.001186 -0.064279 -0.034142 -0.001335 -0.000191 0.010872 -0.435073 -0.074960 0.344664 -0.400740 0.972954 0.000191
1757663154.929232 -0.019646 -0.018501 -0.087930 0.012398 -0.011687 0.039502 -0.060082 0.032235 0.023079 0.009727 0.014518 -0.001186 -0.064279 -0.034142 -0.001335 -0.000572 0.010872 -0.436980 -0.075723 0.344282 -0.403028 0.972954 0.000191
1757663154.931224 -0.019646 -0.018501 -0.087930 0.012398 -0.011687 0.039502 -0.060082 0.032235 0.023079 0.009727 0.014518 -0.001186 -0.064279 -0.034142 -0.001335 -0.000572 0.010872 -0.438888 -0.076486 0.343901 -0.405699 0.972954 0.000191
1757663154.933216 -0.019646 -0.018501 -0.087930 0.012398 -0.011687 0.039502 -0.060082 0.032235 0.023079 0.009727 0.014518 -0.001186 -0.064660 -0.034142 -0.001335 -0.000572 0.010872 -0.440795 -0.077249 0.343518 -0.407989 0.972954 0.000191
1757663154.935218 -0.019646 -0.018501 -0.087930 0.012398 -0.011687 0.039502 -0.060082 0.032235 0.023079 0.009727 0.014518 -0.001186 -0.064660 -0.034142 -0.001335 -0.000572 0.010872 -0.442702 -0.077630 0.343137 -0.410277 0.972954 0.000191
1757663154.937225 -0.019646 -0.018501 -0.087930 0.012398 -0.011825 0.039246 -0.060082 0.032235 0.023079 0.009727 0.014518 -0.001186 -0.064660 -0.034142 -0.000954 -0.000572 0.010872 -0.444610 -0.078393 0.342755 -0.412948 0.972954 0.000191
1757663154.939226 -0.019646 -0.018120 -0.087930 0.012398 -0.011959 0.039498 -0.060082 0.032235 0.023079 0.009727 0.014518 -0.001186 -0.065042 -0.034142 -0.000954 -0.000191 0.010872 -0.446517 -0.079156 0.342755 -0.415236 0.972954 0.000191
1757663154.941217 -0.019646 -0.018120 -0.087930 0.012398 -0.011959 0.039498 -0.060082 0.032235 0.023079 0.009727 0.014518 -0.001186 -0.065042 -0.033761 -0.000954 -0.000191 0.010872 -0.448424 -0.079919 0.342374 -0.417525 0.972954 0.000191
1757663154.943221 -0.019264 -0.018120 -0.087930 0.012398 -0.011959 0.039498 -0.060082 0.032235 0.023079 0.009727 0.014518 -0.001186 -0.065042 -0.033761 -0.000954 -0.000572 0.010872 -0.450332 -0.080682 0.341992 -0.420196 0.972954 0.000191
1757663154.945219 -0.019264 -0.018120 -0.087930 0.012398 -0.011959 0.039498 -0.060082 0.032235 0.023079 0.009727 0.014518 -0.001186 -0.065423 -0.033761 -0.000954 -0.000191 0.010872 -0.452239 -0.081063 0.341611 -0.422484 0.972954 0.000191
1757663154.947218 -0.019264 -0.018120 -0.087548 0.012398 -0.011959 0.039498 -0.060082 0.032235 0.023079 0.009727 0.014518 -0.001186 -0.065423 -0.033761 -0.000954 -0.000572 0.010872 -0.454146 -0.081826 0.341229 -0.425155 0.972954 0.000191
1757663154.949215 -0.019264 -0.018120 -0.087548 0.012779 -0.011959 0.039498 -0.060082 0.032235 0.023079 0.009727 0.014518 -0.001186 -0.065423 -0.033761 -0.000954 -0.000191 0.010872 -0.456054 -0.082589 0.340848 -0.427444 0.972954 0.000191
1757663154.951218 -0.019264 -0.018120 -0.087548 0.012779 -0.012097 0.039242 -0.060082 0.032235 0.023079 0.009727 0.014518 -0.001186 -0.065423 -0.033761 -0.000954 -0.000191 0.011253 -0.457961 -0.083352 0.340466 -0.430114 0.972954 0.000191
1757663154.953258 -0.019264 -0.018120 -0.087548 0.012779 -0.012097 0.039242 -0.060082 0.032235 0.023079 0.009727 0.014518 -0.001186 -0.065804 -0.033761 -0.000954 -0.000191 0.011253 -0.460250 -0.083734 0.340085 -0.432784 0.972954 0.000191
1757663154.955229 -0.018883 -0.018120 -0.087548 0.012779 -0.012232 0.039494 -0.060082 0.032235 0.023079 0.009727 0.014518 -0.001186 -0.065804 -0.033761 -0.000954 -0.000572 0.011253 -0.462157 -0.084496 0.340085 -0.435073 0.972954 0.000191
1757663154.957225 -0.018883 -0.017738 -0.087548 0.012779 -0.012232 0.039494 -0.060082 0.032235 0.023079 0.009727 0.014518 -0.001186 -0.066186 -0.033761 -0.000954 -0.000572 0.011253 -0.464065 -0.085259 0.339704 -0.437743 0.972954 0.000191
1757663154.959236 -0.018883 -0.017738 -0.087548 0.012779 -0.012232 0.039494 -0.060082 0.032235 0.023079 0.009727 0.014518 -0.001186 -0.066186 -0.033761 -0.000954 -0.000572 0.011253 -0.465972 -0.086022 0.339322 -0.440413 0.972954 0.000191
1757663154.961247 -0.018883 -0.017738 -0.087548 0.012779 -0.012232 0.039494 -0.060082 0.032235 0.023079 0.009727 0.014518 -0.001186 -0.066186 -0.033761 -0.000954 -0.000191 0.011253 -0.467879 -0.086404 0.338941 -0.443084 0.972954 0.000191
1757663154.963236 -0.018883 -0.017738 -0.087548 0.012779 -0.012232 0.039494 -0.060082 0.032235 0.023079 0.009727 0.014518 -0.001186 -0.066567 -0.033380 -0.000954 -0.000572 0.011253 -0.470169 -0.087167 0.338559 -0.445373 0.972954 0.000191
1757663154.965217 -0.018883 -0.017738 -0.087548 0.012779 -0.012369 0.039238 -0.060082 0.032235 0.023079 0.009727 0.014518 -0.001186 -0.066567 -0.033380 -0.000954 -0.000572 0.011253 -0.472076 -0.087930 0.338178 -0.448043 0.972954 0.000191
1757663154.967217 -0.018883 -0.017738 -0.087548 0.012779 -0.012369 0.039238 -0.060082 0.032235 0.023079 0.009727 0.014518 -0.001186 -0.066567 -0.033380 -0.000954 -0.000572 0.011253 -0.473984 -0.088311 0.337796 -0.450713 0.972954 0.000191
1757663154.969217 -0.018501 -0.017738 -0.087548 0.012779 -0.012504 0.039490 -0.060082 0.032235 0.023079 0.009727 0.014518 -0.001186 -0.066949 -0.033380 -0.000954 -0.000191 0.011253 -0.475891 -0.089074 0.337415 -0.453383 0.972954 0.000191
1757663154.971216 -0.018501 -0.017738 -0.087548 0.012779 -0.012504 0.039490 -0.060082 0.032235 0.023079 0.009727 0.014518 -0.001186 -0.066949 -0.033380 -0.000954 -0.000572 0.011253 -0.478180 -0.089456 0.337033 -0.456054 0.972954 0.000191
1757663154.973214 -0.018501 -0.017738 -0.087548 0.012779 -0.012504 0.039490 -0.060082 0.032235 0.023079 0.009727 0.014518 -0.001186 -0.066949 -0.033380 -0.000954 -0.000572 0.011253 -0.480087 -0.090219 0.336652 -0.458724 0.972954 0.000191
1757663154.975217 -0.018501 -0.017738 -0.087548 0.012779 -0.012504 0.039490 -0.060082 0.032235 0.023079 0.009727 0.014518 -0.001186 -0.067330 -0.033380 -0.000954 -0.000191 0.011253 -0.481995 -0.090981 0.336270 -0.461394 0.972954 0.000191
1757663154.977219 -0.018501 -0.017357 -0.087167 0.012779 -0.012504 0.039490 -0.060082 0.032235 0.023079 0.009727 0.014518 -0.001186 -0.067330 -0.033380 -0.000954 -0.000572 0.011253 -0.484283 -0.091363 0.335889 -0.464065 0.972954 0.000191
1757663154.979222 -0.018501 -0.017357 -0.087167 0.012779 -0.012641 0.039234 -0.060082 0.032235 0.023079 0.009727 0.014518 -0.001186 -0.067330 -0.033380 -0.000954 -0.000572 0.011253 -0.486191 -0.092126 0.335507 -0.466735 0.972954 0.000191
1757663154.981212 -0.018120 -0.017357 -0.087167 0.012779 -0.012641 0.039234 -0.060082 0.032235 0.023079 0.009727 0.014518 -0.001186 -0.067712 -0.033380 -0.000954 -0.000191 0.011253 -0.488480 -0.092507 0.335126 -0.469406 0.972954 0.000191
1757663154.983334 -0.018120 -0.017357 -0.087167 0.012779 -0.012776 0.039486 -0.060082 0.032235 0.023079 0.009727 0.014518 -0.001186 -0.067712 -0.033380 -0.000954 -0.000572 0.011253 -0.490387 -0.093270 0.334744 -0.472076 0.972954 0.000191
1757663154.985240 -0.018120 -0.017357 -0.087167 0.012779 -0.012776 0.039486 -0.060082 0.032235 0.023079 0.009727 0.014518 -0.001186 -0.068093 -0.033380 -0.000954 -0.000572 0.011253 -0.492676 -0.093652 0.334363 -0.474747 0.972954 0.000191
1757663154.987237 -0.018120 -0.017357 -0.087167 0.012779 -0.012776 0.039486 -0.060082 0.032235 0.023079 0.009727 0.014518 -0.001186 -0.068093 -0.032998 -0.000954 -0.000572 0.011253 -0.494583 -0.094416 0.333982 -0.477417 0.972954 0.000191
1757663154.989247 -0.018120 -0.017357 -0.087167 0.012779 -0.012776 0.039486 -0.060082 0.032235 0.023079 0.009727 0.014518 -0.001186 -0.068475 -0.032998 -0.000954 -0.000572 0.011253 -0.496872 -0.095179 0.333600 -0.480469 0.972954 0.000191
1757663154.991232 -0.017738 -0.017357 -0.087167 0.012779 -0.012776 0.039486 -0.059701 0.032235 0.023079 0.009727 0.014518 -0.001186 -0.068475 -0.032998 -0.000954 -0.000191 0.011253 -0.499161 -0.095560 0.333219 -0.483139 0.972954 0.000191
1757663154.993236 -0.017738 -0.017357 -0.087167 0.012779 -0.012914 0.039229 -0.059701 0.032235 0.023079 0.009727 0.014518 -0.001186 -0.068475 -0.032998 -0.000954 -0.000572 0.011253 -0.501068 -0.096323 0.332837 -0.485809 0.972954 0.000191
1757663154.995225 -0.017738 -0.017357 -0.087167 0.012779 -0.012914 0.039229 -0.059701 0.032235 0.023079 0.009727 0.014518 -0.001186 -0.068856 -0.032998 -0.000954 -0.000572 0.011253 -0.503357 -0.097086 0.332456 -0.488480 0.972954 0.000191
1757663154.997216 -0.017738 -0.017357 -0.087167 0.012779 -0.012914 0.039229 -0.059701 0.032235 0.023079 0.009727 0.014518 -0.001186 -0.068856 -0.032998 -0.000954 -0.000572 0.011253 -0.505646 -0.097467 0.332074 -0.491150 0.972954 0.000191
1757663154.999216 -0.017738 -0.017357 -0.087167 0.012779 -0.013048 0.039482 -0.059701 0.032235 0.023079 0.009727 0.014518 -0.001186 -0.069238 -0.032998 -0.000954 -0.000191 0.011253 -0.507553 -0.098230 0.331693 -0.494202 0.972954 0.000191
1757663155.001222 -0.017357 -0.016975 -0.087167 0.012779 -0.013048 0.039482 -0.059701 0.032235 0.023079 0.009727 0.014518 -0.001186 -0.069238 -0.032998 -0.000954 -0.000572 0.011253 -0.509842 -0.098993 0.331311 -0.496872 0.972954 0.000191
1757663155.003216 -0.017357 -0.016975 -0.086785 0.012779 -0.013048 0.039482 -0.059701 0.032235 0.023079 0.009727 0.014518 -0.001186 -0.069619 -0.032998 -0.000954 -0.000572 0.011253 -0.512131 -0.099375 0.330930 -0.499542 0.972954 0.000191
1757663155.005218 -0.017357 -0.016975 -0.086785 0.012779 -0.013048 0.039482 -0.059701 0.032235 0.023079 0.009727 0.014518 -0.001186 -0.069619 -0.032617 -0.000954 -0.000572 0.011635 -0.514038 -0.100138 0.330548 -0.502213 0.972954 0.000191
1757663155.007217 -0.017357 -0.016975 -0.086785 0.012779 -0.013186 0.039225 -0.059701 0.032235 0.023079 0.009727 0.014518 -0.001186 -0.070001 -0.032617 -0.000954 -0.000572 0.011635 -0.516327 -0.100519 0.330548 -0.505264 0.972954 0.000191
1757663155.009256 -0.016975 -0.016975 -0.086785 0.012779 -0.013186 0.039225 -0.059701 0.032235 0.023079 0.009727 0.014518 -0.001186 -0.070001 -0.032617 -0.000572 -0.000572 0.011635 -0.518616 -0.101282 0.330167 -0.507935 0.972954 0.000191
1757663155.011249 -0.016975 -0.016975 -0.086785 0.012779 -0.013186 0.039225 -0.059701 0.032235 0.023079 0.009727 0.014518 -0.001186 -0.070382 -0.032617 -0.000572 -0.000572 0.011635 -0.520905 -0.102045 0.329404 -0.510605 0.972954 0.000191
1757663155.013216 -0.016975 -0.016975 -0.086785 0.012779 -0.013320 0.039478 -0.059701 0.032235 0.023079 0.009727 0.014518 -0.001186 -0.070382 -0.032617 -0.000572 -0.000191 0.011635 -0.523193 -0.102427 0.329022 -0.513657 0.972954 0.000191
1757663155.015302 -0.016975 -0.016975 -0.086785 0.012779 -0.013320 0.039478 -0.059701 0.032235 0.023079 0.009727 0.014518 -0.001186 -0.070764 -0.032617 -0.000572 -0.000572 0.011635 -0.525101 -0.103189 0.328641 -0.516327 0.972954 0.000191
1757663155.017251 -0.016594 -0.016975 -0.086785 0.012779 -0.013320 0.039478 -0.059701 0.032235 0.023079 0.009727 0.014518 -0.001186 -0.070764 -0.032617 -0.000572 -0.000572 0.011635 -0.527390 -0.103571 0.328259 -0.519379 0.972954 0.000191
1757663155.019239 -0.016594 -0.016975 -0.086785 0.012779 -0.013320 0.039478 -0.059701 0.032235 0.023079 0.009727 0.014518 -0.001186 -0.071145 -0.032617 -0.000572 -0.000572 0.011635 -0.529678 -0.104334 0.327878 -0.522049 0.972954 0.000191
1757663155.021228 -0.016594 -0.016975 -0.086785 0.012779 -0.013320 0.039478 -0.059701 0.032235 0.023079 0.009727 0.014518 -0.001186 -0.071145 -0.032235 -0.000572 -0.000572 0.011635 -0.531968 -0.104715 0.327497 -0.525101 0.972954 0.000191
1757663155.023252 -0.016594 -0.016975 -0.086785 0.012779 -0.013458 0.039221 -0.059701 0.032235 0.023079 0.009727 0.014518 -0.001186 -0.071527 -0.032235 -0.000572 -0.000572 0.011635 -0.534257 -0.105478 0.327115 -0.527771 0.972954 0.000191
1757663155.025224 -0.016212 -0.016975 -0.086785 0.012779 -0.013458 0.039221 -0.059701 0.032235 0.023079 0.009727 0.014518 -0.001186 -0.071527 -0.032235 -0.000572 -0.000572 0.011635 -0.536546 -0.105860 0.326734 -0.530823 0.972954 0.000191
1757663155.027244 -0.016212 -0.016975 -0.086785 0.012779 -0.013458 0.039221 -0.059701 0.032235 0.023079 0.009727 0.014518 -0.001186 -0.071527 -0.032235 -0.000572 -0.000572 0.011635 -0.538835 -0.106623 0.326352 -0.533494 0.972954 0.000191
1757663155.029228 -0.016212 -0.016975 -0.086404 0.012779 -0.013593 0.039473 -0.059701 0.031854 0.023079 0.009727 0.014518 -0.001186 -0.071908 -0.032235 -0.000572 -0.000572 0.011635 -0.540742 -0.107004 0.325971 -0.536546 0.972954 0.000191
1757663155.031216 -0.015831 -0.016975 -0.086404 0.012779 -0.013593 0.039473 -0.059701 0.031854 0.023079 0.009727 0.014518 -0.001186 -0.071908 -0.032235 -0.000572 -0.000572 0.011635 -0.543031 -0.107767 0.325589 -0.539598 0.972954 0.000191
1757663155.033216 -0.015831 -0.016975 -0.086404 0.012779 -0.013593 0.039473 -0.059701 0.031854 0.023079 0.009727 0.014518 -0.001186 -0.072289 -0.032235 -0.000572 -0.000572 0.011635 -0.545320 -0.108149 0.325208 -0.542268 0.972954 0.000191
1757663155.035235 -0.015831 -0.016975 -0.086404 0.012779 -0.013593 0.039473 -0.059701 0.031854 0.023079 0.009727 0.014518 -0.001186 -0.072289 -0.032235 -0.000572 -0.000572 0.011635 -0.547608 -0.108530 0.324826 -0.545320 0.972954 0.000191
1757663155.037222 -0.015831 -0.016975 -0.086404 0.012779 -0.013593 0.039473 -0.059701 0.031854 0.023079 0.009727 0.014518 -0.001186 -0.072289 -0.032235 -0.000572 -0.000572 0.011635 -0.549897 -0.109293 0.324445 -0.547990 0.972954 0.000191
1757663155.039238 -0.015450 -0.016975 -0.086404 0.012779 -0.013593 0.039473 -0.059701 0.031854 0.023079 0.009727 0.014518 -0.001186 -0.072671 -0.032235 -0.000572 -0.000572 0.011635 -0.552186 -0.109674 0.323682 -0.551042 0.972954 0.000191
1757663155.041260 -0.015450 -0.016975 -0.086404 0.012779 -0.013730 0.039217 -0.059319 0.031854 0.023079 0.009727 0.014518 -0.001186 -0.072671 -0.032235 -0.000572 -0.000572 0.011635 -0.554475 -0.110056 0.323300 -0.554093 0.972954 0.000191
1757663155.043236 -0.015450 -0.016975 -0.086404 0.012779 -0.013865 0.039469 -0.059319 0.031854 0.023079 0.009727 0.014518 -0.001186 -0.072671 -0.032235 -0.000572 -0.000572 0.011635 -0.556764 -0.110819 0.322919 -0.556764 0.972954 0.000191
1757663155.045222 -0.015450 -0.016975 -0.086404 0.012779 -0.013865 0.039469 -0.059319 0.031854 0.023079 0.009727 0.014518 -0.001186 -0.073052 -0.032235 -0.000572 -0.000572 0.011635 -0.559052 -0.111200 0.322537 -0.559815 0.972954 0.000191
1757663155.047272 -0.015068 -0.016975 -0.086404 0.012779 -0.013865 0.039469 -0.059319 0.031854 0.023079 0.009727 0.014518 -0.001186 -0.073052 -0.032235 -0.000572 -0.000572 0.011635 -0.561341 -0.111582 0.322156 -0.562867 0.972954 0.000191
1757663155.049224 -0.015068 -0.016975 -0.086404 0.012779 -0.013865 0.039469 -0.059319 0.031854 0.023079 0.009727 0.014518 -0.001186 -0.073052 -0.032235 -0.000572 -0.000572 0.011635 -0.563630 -0.112345 0.321393 -0.565919 0.972954 0.000191
1757663155.051224 -0.015068 -0.016975 -0.086022 0.012779 -0.013865 0.039469 -0.059319 0.031854 0.023079 0.009727 0.014518 -0.001186 -0.073052 -0.032235 -0.000572 -0.000572 0.011635 -0.565919 -0.112726 0.321012 -0.568589 0.972954 0.000191
1757663155.053236 -0.015068 -0.016975 -0.086022 0.012779 -0.013865 0.039469 -0.059319 0.031854 0.023079 0.009727 0.014518 -0.001186 -0.073434 -0.032235 -0.000572 -0.000572 0.011635 -0.568208 -0.113108 0.320630 -0.571641 0.972954 0.000191
1757663155.055214 -0.014687 -0.016975 -0.086022 0.012779 -0.013865 0.039469 -0.059319 0.031854 0.023079 0.009727 0.014518 -0.001186 -0.073434 -0.032235 -0.000572 -0.000572 0.011635 -0.570497 -0.113489 0.320249 -0.574693 0.972954 0.000191
1757663155.057219 -0.014687 -0.016975 -0.086022 0.012779 -0.014000 0.039722 -0.059319 0.031854 0.023079 0.009727 0.014518 -0.001186 -0.073434 -0.032235 -0.000572 -0.000572 0.011635 -0.572404 -0.113871 0.319867 -0.577744 0.972954 0.000191
1757663155.059233 -0.014687 -0.017357 -0.086022 0.012779 -0.014137 0.039465 -0.059319 0.031854 0.023079 0.009727 0.014518 -0.001186 -0.073815 -0.032235 -0.000572 -0.000572 0.011635 -0.574693 -0.114634 0.319104 -0.580796 0.972954 0.000191
1757663155.061217 -0.014687 -0.017357 -0.086022 0.013161 -0.014137 0.039465 -0.059319 0.031854 0.023079 0.009727 0.014518 -0.001186 -0.073815 -0.032235 -0.000572 -0.000572 0.011635 -0.576982 -0.115015 0.318723 -0.583848 0.972954 0.000191
1757663155.063237 -0.014687 -0.017357 -0.086022 0.013161 -0.014137 0.039465 -0.059319 0.031854 0.023079 0.009727 0.014518 -0.001186 -0.073815 -0.032235 -0.000572 -0.000572 0.011635 -0.579270 -0.115396 0.318341 -0.586900 0.972954 0.000191
1757663155.065214 -0.014305 -0.017357 -0.086022 0.013161 -0.014137 0.039465 -0.059319 0.031854 0.023079 0.009727 0.014518 -0.001186 -0.073815 -0.032235 -0.000572 -0.000572 0.011635 -0.581559 -0.115778 0.317960 -0.589570 0.972954 0.000191
1757663155.067233 -0.014305 -0.017357 -0.086022 0.013161 -0.014137 0.039465 -0.059319 0.031854 0.023079 0.009727 0.014518 -0.001186 -0.074197 -0.032235 -0.000572 -0.000572 0.011635 -0.583467 -0.116541 0.317578 -0.592622 0.972954 0.000191
1757663155.069230 -0.014305 -0.017357 -0.086022 0.013161 -0.014137 0.039465 -0.059319 0.031854 0.023079 0.009727 0.014518 -0.001186 -0.074197 -0.032235 -0.000572 -0.000572 0.011635 -0.585755 -0.116922 0.316815 -0.595675 0.972954 0.000191
1757663155.071217 -0.014305 -0.017357 -0.086022 0.013161 -0.014137 0.039465 -0.059319 0.031854 0.023079 0.009727 0.014518 -0.001186 -0.074197 -0.032235 -0.000572 -0.000191 0.011635 -0.588044 -0.117304 0.316434 -0.599108 0.972954 0.000191
1757663155.073233 -0.014305 -0.017357 -0.086022 0.013161 -0.014272 0.039717 -0.059319 0.031854 0.023079 0.009727 0.014518 -0.001186 -0.074197 -0.032235 -0.000572 -0.000572 0.011635 -0.590333 -0.117685 0.316052 -0.601778 0.972954 0.000191
1757663155.075212 -0.013924 -0.017357 -0.086022 0.013161 -0.014410 0.039461 -0.059319 0.031854 0.023079 0.009727 0.014518 -0.001186 -0.074578 -0.032235 -0.000572 -0.000572 0.011635 -0.592622 -0.118067 0.315671 -0.604830 0.972954 0.000191
1757663155.077225 -0.013924 -0.017357 -0.086022 0.013161 -0.014410 0.039461 -0.059319 0.031854 0.023079 0.009727 0.014518 -0.001186 -0.074578 -0.032235 -0.000572 -0.000572 0.011635 -0.594912 -0.118448 0.315289 -0.607882 0.972954 0.000191
1757663155.079308 -0.013924 -0.017357 -0.086022 0.013161 -0.014410 0.039461 -0.059319 0.031854 0.023079 0.009727 0.014518 -0.001186 -0.074578 -0.032235 -0.000572 -0.000572 0.011635 -0.596819 -0.118830 0.314908 -0.610933 0.972954 0.000191
1757663155.081243 -0.013924 -0.017357 -0.086022 0.013161 -0.014410 0.039461 -0.059319 0.031854 0.023079 0.009727 0.014518 -0.001186 -0.074960 -0.032235 -0.000572 -0.000572 0.011635 -0.599108 -0.119211 0.314145 -0.613985 0.972954 0.000191
1757663155.083255 -0.013542 -0.017357 -0.086022 0.013161 -0.014410 0.039461 -0.059319 0.031854 0.023079 0.009727 0.014518 -0.001186 -0.074960 -0.032235 -0.000572 -0.000572 0.011635 -0.601397 -0.119593 0.313764 -0.617037 0.972954 0.000191
1757663155.085299 -0.013542 -0.017357 -0.086022 0.013161 -0.014410 0.039461 -0.059319 0.031854 0.023079 0.009727 0.014518 -0.001186 -0.074960 -0.032235 -0.000572 -0.000191 0.011635 -0.603685 -0.119974 0.313382 -0.620089 0.972954 0.000191
1757663155.087238 -0.013542 -0.017357 -0.086022 0.013161 -0.014410 0.039461 -0.059319 0.031854 0.023079 0.009727 0.014518 -0.001186 -0.074960 -0.032235 -0.000572 -0.000191 0.011635 -0.605974 -0.120356 0.313001 -0.623140 0.972954 0.000191
1757663155.089230 -0.013542 -0.017357 -0.086022 0.013161 -0.014410 0.039461 -0.059319 0.031854 0.023079 0.009727 0.014518 -0.001186 -0.075341 -0.032235 -0.000572 -0.000572 0.011635 -0.608263 -0.120737 0.312238 -0.625811 0.972954 0.000191
1757663155.091243 -0.013542 -0.017357 -0.086022 0.013161 -0.014682 0.039457 -0.059319 0.031472 0.023079 0.009727 0.014518 -0.001186 -0.075341 -0.032235 -0.000572 -0.000191 0.011635 -0.610552 -0.121119 0.311856 -0.628862 0.972954 0.000191
1757663155.093237 -0.013161 -0.017357 -0.086022 0.013542 -0.014682 0.039457 -0.059319 0.031472 0.023079 0.009727 0.014518 -0.001186 -0.075341 -0.032235 -0.000572 -0.000572 0.011635 -0.612841 -0.121500 0.311475 -0.631914 0.972954 0.000191
1757663155.095240 -0.013161 -0.017357 -0.086022 0.013542 -0.014682 0.039457 -0.059319 0.031472 0.023079 0.009727 0.014518 -0.001186 -0.075341 -0.032235 -0.000572 -0.000572 0.011635 -0.614748 -0.121881 0.310712 -0.634966 0.972954 0.000191
1757663155.097247 -0.013161 -0.017357 -0.086022 0.013542 -0.014682 0.039457 -0.059319 0.031472 0.023079 0.009727 0.014518 -0.001186 -0.075723 -0.032235 -0.000572 -0.000572 0.011635 -0.617037 -0.122263 0.310330 -0.638018 0.972954 0.000191
1757663155.099232 -0.013161 -0.017357 -0.086022 0.013542 -0.014682 0.039457 -0.059319 0.031472 0.023079 0.009727 0.014518 -0.001186 -0.075723 -0.032235 -0.000572 -0.000572 0.011635 -0.619326 -0.122644 0.309949 -0.641069 0.972954 0.000191
1757663155.101238 -0.013161 -0.017357 -0.086022 0.013542 -0.014682 0.039457 -0.059319 0.031472 0.023079 0.009727 0.014518 -0.001186 -0.075723 -0.032235 -0.000572 -0.000572 0.011635 -0.621614 -0.123026 0.309186 -0.644121 0.972954 0.000191
1757663155.103236 -0.013161 -0.017357 -0.086022 0.013542 -0.014682 0.039457 -0.059319 0.031472 0.023079 0.009727 0.014518 -0.001186 -0.075723 -0.031854 -0.000572 -0.000572 0.011635 -0.623903 -0.123026 0.308805 -0.647173 0.972954 0.000191
1757663155.105238 -0.012779 -0.017357 -0.086022 0.013542 -0.014682 0.039457 -0.059319 0.031090 0.023079 0.009727 0.014518 -0.001186 -0.076104 -0.031854 -0.000572 -0.000572 0.011635 -0.626192 -0.123407 0.308423 -0.650225 0.972954 0.000191
1757663155.107237 -0.012779 -0.017357 -0.086022 0.013542 -0.014682 0.039457 -0.059319 0.031090 0.023079 0.009727 0.014518 -0.001186 -0.076104 -0.031854 -0.000572 -0.000572 0.011635 -0.628481 -0.123789 0.307660 -0.653276 0.972954 0.000191
1757663155.109245 -0.012779 -0.017357 -0.086022 0.013542 -0.014682 0.039457 -0.059319 0.031090 0.023079 0.009727 0.014518 -0.001186 -0.076104 -0.031854 -0.000572 -0.000191 0.011635 -0.630770 -0.124170 0.307279 -0.656329 0.972954 0.000191
1757663155.111284 -0.012779 -0.017357 -0.086022 0.013542 -0.014820 0.039201 -0.059319 0.031090 0.023079 0.009727 0.014518 -0.001186 -0.076104 -0.031854 -0.000572 -0.000572 0.011635 -0.632677 -0.124552 0.306516 -0.659381 0.972954 0.000191
1757663155.113232 -0.012779 -0.017357 -0.086022 0.013542 -0.014820 0.039201 -0.059319 0.031090 0.023079 0.009727 0.014518 -0.001186 -0.076486 -0.031854 -0.000572 -0.000572 0.011635 -0.634966 -0.124933 0.306134 -0.662814 0.972954 0.000191
1757663155.115227 -0.012779 -0.017357 -0.086022 0.013542 -0.014954 0.039453 -0.059319 0.031090 0.023079 0.009727 0.014518 -0.001186 -0.076486 -0.031854 -0.000572 -0.000572 0.011635 -0.637255 -0.125315 0.305371 -0.665866 0.972954 0.000191
1757663155.117231 -0.012398 -0.017357 -0.086022 0.013542 -0.014954 0.039453 -0.059319 0.031090 0.023079 0.009727 0.014518 -0.001186 -0.076486 -0.031854 -0.000572 -0.000572 0.011635 -0.639544 -0.125696 0.304990 -0.668918 0.972954 0.000191
1757663155.119236 -0.012398 -0.017357 -0.086022 0.013924 -0.014954 0.039453 -0.059319 0.031090 0.023079 0.009727 0.014518 -0.001186 -0.076486 -0.031854 -0.000572 -0.000572 0.011635 -0.641832 -0.126078 0.304608 -0.671969 0.972572 0.000191
1757663155.121235 -0.012398 -0.017357 -0.086022 0.013924 -0.014954 0.039453 -0.059319 0.031090 0.023079 0.009727 0.014518 -0.001186 -0.076867 -0.031854 -0.000572 -0.000572 0.011635 -0.644121 -0.126459 0.303845 -0.675403 0.972572 0.000191
1757663155.123237 -0.012398 -0.017357 -0.086022 0.013924 -0.014954 0.039453 -0.059319 0.031090 0.023079 0.009727 0.014518 -0.001186 -0.076867 -0.031854 -0.000572 -0.000572 0.011635 -0.646029 -0.126841 0.303464 -0.678454 0.972572 0.000191
1757663155.125237 -0.012398 -0.017357 -0.086022 0.013924 -0.014954 0.039453 -0.059319 0.030708 0.023079 0.009727 0.014518 -0.001186 -0.076867 -0.031854 -0.000572 -0.000572 0.011635 -0.648317 -0.127222 0.302701 -0.681506 0.972572 0.000191
1757663155.127233 -0.012398 -0.017357 -0.086022 0.013924 -0.014954 0.039453 -0.059319 0.030708 0.023079 0.009727 0.014518 -0.001186 -0.077249 -0.031854 -0.000572 -0.000572 0.011635 -0.650606 -0.127604 0.302320 -0.684558 0.972572 0.000191
1757663155.129236 -0.012016 -0.017357 -0.086022 0.013924 -0.014954 0.039453 -0.059319 0.030708 0.023079 0.009727 0.014518 -0.001186 -0.077249 -0.031854 -0.000572 -0.000572 0.011635 -0.652895 -0.127985 0.301557 -0.687610 0.972572 0.000191
1757663155.131233 -0.012016 -0.017357 -0.086022 0.013924 -0.014954 0.039453 -0.059319 0.030708 0.023079 0.009727 0.014518 -0.001186 -0.077249 -0.031854 -0.000572 -0.000572 0.011635 -0.655184 -0.128366 0.301175 -0.690661 0.972572 0.000191
1757663155.133235 -0.012016 -0.017357 -0.086022 0.013924 -0.015092 0.039197 -0.059319 0.030708 0.023079 0.009727 0.014518 -0.001186 -0.077249 -0.031854 -0.000572 -0.000572 0.011635 -0.657092 -0.128748 0.300412 -0.693713 0.972572 0.000191
1757663155.135234 -0.012016 -0.017357 -0.086022 0.013924 -0.015092 0.039197 -0.059319 0.030708 0.023079 0.009727 0.014518 -0.001186 -0.077630 -0.031854 -0.000572 -0.000572 0.011635 -0.659381 -0.129129 0.300031 -0.696765 0.972572 0.000191
1757663155.137237 -0.012016 -0.017357 -0.086022 0.013924 -0.015092 0.039197 -0.059319 0.030708 0.023079 0.009727 0.014518 -0.001186 -0.077630 -0.031854 -0.000572 -0.000572 0.011635 -0.661670 -0.129511 0.299649 -0.699817 0.972572 0.000191
1757663155.139234 -0.012016 -0.017357 -0.086022 0.014305 -0.015092 0.039197 -0.059319 0.030708 0.023079 0.009727 0.014518 -0.001186 -0.077630 -0.031854 -0.000572 -0.000191 0.011635 -0.663577 -0.129892 0.298886 -0.702868 0.972572 0.000191
1757663155.141237 -0.011635 -0.017357 -0.086022 0.014305 -0.015092 0.039197 -0.059319 0.030708 0.023079 0.009727 0.014518 -0.001186 -0.077630 -0.031854 -0.000572 -0.000572 0.011635 -0.665866 -0.130274 0.298505 -0.705920 0.972572 0.000191
1757663155.143269 -0.011635 -0.017357 -0.086022 0.014305 -0.015092 0.039197 -0.059319 0.030708 0.023079 0.009727 0.014518 -0.001186 -0.078012 -0.031854 -0.000572 -0.000572 0.011635 -0.668155 -0.130655 0.298123 -0.708591 0.972572 0.000191
1757663155.145233 -0.011635 -0.017357 -0.086022 0.014305 -0.015092 0.039197 -0.059319 0.030708 0.023079 0.009727 0.014518 -0.001186 -0.078012 -0.031472 -0.000572 -0.000572 0.011635 -0.670062 -0.131037 0.297360 -0.711642 0.972572 0.000191
1757663155.147238 -0.011635 -0.017357 -0.086022 0.014305 -0.015092 0.039197 -0.059319 0.030708 0.023079 0.009727 0.014518 -0.001186 -0.078012 -0.031472 -0.000572 -0.000572 0.011635 -0.672351 -0.131418 0.296979 -0.714694 0.972572 0.000191
1757663155.149249 -0.011635 -0.017357 -0.086022 0.014305 -0.015092 0.039197 -0.059319 0.030708 0.023079 0.009727 0.014518 -0.001186 -0.078393 -0.031472 -0.000572 -0.000572 0.011635 -0.674258 -0.131800 0.296597 -0.717746 0.972572 0.000191
1757663155.151236 -0.011635 -0.017357 -0.086022 0.014305 -0.015092 0.039197 -0.059319 0.030708 0.023079 0.009727 0.014518 -0.001186 -0.078393 -0.031472 -0.000572 -0.000572 0.011635 -0.676547 -0.132181 0.295835 -0.720417 0.972572 0.000191
1757663155.153232 -0.011635 -0.017357 -0.086022 0.014305 -0.015092 0.039197 -0.059319 0.030708 0.023079 0.009727 0.014518 -0.001186 -0.078393 -0.031472 -0.000954 -0.000572 0.011635 -0.678454 -0.132563 0.295453 -0.723469 0.972572 0.000191
1757663155.155239 -0.011635 -0.017357 -0.086022 0.014305 -0.015230 0.038940 -0.059319 0.030708 0.023079 0.009727 0.014518 -0.001186 -0.078393 -0.031472 -0.000954 -0.000572 0.011635 -0.680743 -0.132563 0.295072 -0.726521 0.972572 0.000191
1757663155.157247 -0.011253 -0.017357 -0.086022 0.014305 -0.015230 0.038940 -0.059319 0.030708 0.023079 0.009727 0.014518 -0.001186 -0.078774 -0.031472 -0.000954 -0.000572 0.011635 -0.682651 -0.132944 0.294309 -0.729191 0.972572 0.000191
1757663155.159233 -0.011253 -0.017357 -0.086022 0.014305 -0.015230 0.038940 -0.059319 0.030708 0.023079 0.009727 0.014518 -0.001186 -0.078774 -0.031472 -0.000954 -0.000191 0.011635 -0.684558 -0.133326 0.293927 -0.732243 0.972572 0.000191
1757663155.161232 -0.011253 -0.017357 -0.086022 0.014305 -0.015230 0.038940 -0.059319 0.030708 0.023079 0.009727 0.014518 -0.001186 -0.078774 -0.031472 -0.000954 -0.000191 0.011635 -0.686847 -0.133707 0.293546 -0.735294 0.972572 0.000191
1757663155.163230 -0.011253 -0.017357 -0.086022 0.014305 -0.015230 0.038940 -0.059319 0.030708 0.023079 0.009727 0.014518 -0.001186 -0.078774 -0.031472 -0.000954 -0.000191 0.011635 -0.688754 -0.134089 0.292783 -0.738346 0.972572 0.000191
1757663155.165236 -0.011253 -0.017357 -0.086022 0.014305 -0.015230 0.038940 -0.058938 0.030708 0.023079 0.009727 0.014518 -0.001186 -0.078774 -0.031472 -0.000954 -0.000572 0.011635 -0.690661 -0.134089 0.292401 -0.741398 0.972572 0.000191
1757663155.167233 -0.011253 -0.017357 -0.086022 0.014305 -0.015230 0.038940 -0.058938 0.030708 0.023079 0.009727 0.014518 -0.001186 -0.079156 -0.031472 -0.000954 -0.000572 0.011635 -0.692950 -0.134470 0.292020 -0.744068 0.972572 0.000191
1757663155.169232 -0.011253 -0.017357 -0.086022 0.014305 -0.015230 0.038940 -0.058938 0.030708 0.023079 0.009727 0.014518 -0.001186 -0.079156 -0.031472 -0.000954 -0.000572 0.011635 -0.694858 -0.134851 0.291638 -0.747120 0.972572 0.000191
1757663155.171235 -0.011253 -0.017357 -0.086022 0.014305 -0.015230 0.038940 -0.058938 0.030708 0.023079 0.009727 0.014518 -0.001186 -0.079156 -0.031472 -0.000572 -0.000191 0.011635 -0.696765 -0.134851 0.290875 -0.750172 0.972572 0.000191
1757663155.173232 -0.010872 -0.017357 -0.086022 0.014305 -0.015230 0.038940 -0.058938 0.030708 0.023079 0.009727 0.014518 -0.001186 -0.079156 -0.031472 -0.000954 -0.000572 0.011635 -0.699054 -0.135233 0.290494 -0.753223 0.972572 0.000191
1757663155.175287 -0.010872 -0.017357 -0.086022 0.014305 -0.015230 0.038940 -0.058938 0.030708 0.023079 0.009727 0.014518 -0.001186 -0.079156 -0.031472 -0.000954 -0.000191 0.011635 -0.700961 -0.135614 0.290112 -0.756275 0.972572 0.000191
1757663155.177233 -0.010872 -0.017357 -0.086022 0.014305 -0.015230 0.038940 -0.058938 0.030708 0.023079 0.009727 0.014518 -0.001186 -0.079537 -0.031472 -0.000954 -0.000572 0.011635 -0.702868 -0.135614 0.289731 -0.759327 0.972572 0.000191
1757663155.179270 -0.010872 -0.017357 -0.086022 0.014305 -0.015230 0.038940 -0.058938 0.030708 0.023079 0.009727 0.014518 -0.001186 -0.079537 -0.031472 -0.000954 -0.000191 0.011635 -0.704776 -0.135996 0.289350 -0.762379 0.972572 0.000191
1757663155.181235 -0.010872 -0.017357 -0.086022 0.014305 -0.015230 0.038940 -0.058938 0.030708 0.023079 0.009727 0.014518 -0.001186 -0.079537 -0.031090 -0.000572 -0.000191 0.011635 -0.707065 -0.136377 0.288968 -0.765430 0.972572 0.000191
1757663155.183227 -0.010872 -0.017357 -0.086022 0.014305 -0.015367 0.038684 -0.058938 0.030708 0.023079 0.009727 0.014518 -0.001186 -0.079537 -0.031090 -0.000572 -0.000572 0.011635 -0.708972 -0.136377 0.288205 -0.768482 0.972572 0.000191
1757663155.185205 -0.010872 -0.017357 -0.086022 0.014305 -0.015367 0.038684 -0.058557 0.030708 0.023079 0.009727 0.014518 -0.001186 -0.079537 -0.031090 -0.000572 -0.000191 0.011635 -0.710879 -0.136759 0.287824 -0.771534 0.972572 0.000191
1757663155.187201 -0.010872 -0.017357 -0.086022 0.014305 -0.015367 0.038684 -0.058557 0.030708 0.023079 0.009727 0.014518 -0.001186 -0.079919 -0.031090 -0.000572 -0.000191 0.011635 -0.713168 -0.136759 0.287442 -0.774586 0.972572 0.000191
1757663155.189200 -0.010872 -0.017357 -0.086022 0.014305 -0.015367 0.038684 -0.058557 0.030708 0.023079 0.009727 0.014518 -0.001186 -0.079919 -0.031090 -0.000572 -0.000191 0.011635 -0.715075 -0.137140 0.287061 -0.777637 0.972572 0.000191
1757663155.191201 -0.010872 -0.017357 -0.086022 0.014305 -0.015367 0.038684 -0.058557 0.030708 0.023079 0.009727 0.014518 -0.001186 -0.079919 -0.031090 -0.000572 -0.000191 0.011635 -0.716983 -0.137140 0.286679 -0.780689 0.972572 0.000191
1757663155.193204 -0.010872 -0.017357 -0.086022 0.014305 -0.015367 0.038684 -0.058557 0.030708 0.023079 0.009727 0.014518 -0.001186 -0.079919 -0.031090 -0.000572 -0.000191 0.011635 -0.718891 -0.137522 0.286298 -0.783742 0.972572 0.000191
1757663155.195204 -0.010872 -0.017357 -0.086022 0.014305 -0.015367 0.038684 -0.058557 0.030708 0.023079 0.009727 0.014518 -0.001186 -0.080300 -0.031090 -0.000572 -0.000191 0.011635 -0.720798 -0.137903 0.285535 -0.786794 0.972572 0.000191
1757663155.197209 -0.010872 -0.017357 -0.086022 0.014305 -0.015367 0.038684 -0.058557 0.030708 0.023079 0.009727 0.014518 -0.001186 -0.080300 -0.031090 -0.000572 -0.000191 0.011635 -0.723087 -0.137903 0.285153 -0.789464 0.972572 0.000191
1757663155.199214 -0.010872 -0.017357 -0.086022 0.014305 -0.015367 0.038684 -0.058557 0.030708 0.023079 0.009727 0.014518 -0.001186 -0.080300 -0.030708 -0.000572 -0.000191 0.011635 -0.724995 -0.138285 0.284772 -0.792897 0.972572 0.000191
1757663155.201222 -0.010872 -0.017357 -0.086022 0.014305 -0.015367 0.038684 -0.058557 0.030708 0.023079 0.009727 0.014518 -0.001186 -0.080300 -0.030708 -0.000572 -0.000191 0.011635 -0.726902 -0.138285 0.284390 -0.795949 0.972572 0.000191
1757663155.203225 -0.010872 -0.017357 -0.086022 0.014305 -0.015367 0.038684 -0.058557 0.030708 0.023079 0.009727 0.014518 -0.001186 -0.080682 -0.030708 -0.000572 -0.000191 0.011635 -0.728809 -0.138666 0.283628 -0.798619 0.972572 0.000191
1757663155.205228 -0.010872 -0.017357 -0.086022 0.014305 -0.015367 0.038684 -0.058557 0.030708 0.023079 0.009727 0.014518 -0.001186 -0.080682 -0.030708 -0.000572 -0.000191 0.011635 -0.730717 -0.139048 0.283246 -0.801671 0.972572 0.000191
1757663155.207263 -0.010872 -0.017357 -0.086022 0.014305 -0.015367 0.038684 -0.058557 0.030708 0.023079 0.009727 0.014518 -0.001186 -0.080682 -0.030708 -0.000572 -0.000191 0.011635 -0.732624 -0.139048 0.282483 -0.804723 0.972572 0.000191
1757663155.209236 -0.010872 -0.017357 -0.086022 0.014305 -0.015367 0.038684 -0.058557 0.030708 0.023079 0.009727 0.014518 -0.001186 -0.080682 -0.030708 -0.000572 -0.000191 0.011635 -0.734913 -0.139429 0.282102 -0.808156 0.972572 0.000191
1757663155.211227 -0.010872 -0.017357 -0.086022 0.014305 -0.015367 0.038684 -0.058557 0.030708 0.023079 0.009727 0.014518 -0.001186 -0.081063 -0.030708 -0.000572 -0.000191 0.011635 -0.736820 -0.139429 0.281720 -0.811208 0.972572 0.000191
1757663155.213224 -0.010872 -0.017357 -0.086022 0.014305 -0.015505 0.038428 -0.058557 0.030708 0.023079 0.009727 0.014518 -0.001186 -0.081063 -0.030708 -0.000572 -0.000191 0.011635 -0.738728 -0.139811 0.280956 -0.814260 0.972572 0.000191
1757663155.215211 -0.010872 -0.016975 -0.086022 0.014305 -0.015505 0.038428 -0.058557 0.030708 0.023079 0.009727 0.014518 -0.001186 -0.081063 -0.030708 -0.000572 -0.000191 0.011635 -0.740635 -0.140192 0.280575 -0.817311 0.972572 0.000191
1757663155.217211 -0.010872 -0.016975 -0.086022 0.014305 -0.015505 0.038428 -0.058557 0.030708 0.023079 0.009727 0.014518 -0.001186 -0.081063 -0.030708 -0.000572 -0.000191 0.011635 -0.742542 -0.140192 0.279812 -0.820363 0.972572 0.000191
1757663155.219208 -0.010872 -0.016975 -0.086022 0.014305 -0.015505 0.038428 -0.058557 0.030708 0.023079 0.009727 0.014518 -0.001186 -0.081445 -0.030327 -0.000572 -0.000191 0.011635 -0.744450 -0.140574 0.279430 -0.823415 0.972572 0.000191
1757663155.221211 -0.010872 -0.016975 -0.086022 0.014305 -0.015505 0.038428 -0.058557 0.030708 0.023079 0.009727 0.014518 -0.001186 -0.081445 -0.030327 -0.000572 -0.000191 0.011635 -0.746357 -0.140574 0.279049 -0.826467 0.972572 0.000191
1757663155.223212 -0.010872 -0.016975 -0.086022 0.014305 -0.015505 0.038428 -0.058557 0.030708 0.023079 0.009727 0.014518 -0.001186 -0.081445 -0.030327 -0.000572 -0.000191 0.011635 -0.748264 -0.140955 0.278286 -0.829518 0.972572 0.000191
1757663155.225224 -0.010872 -0.016975 -0.086022 0.014305 -0.015505 0.038428 -0.058557 0.030708 0.023079 0.009727 0.014518 -0.001186 -0.081445 -0.030327 -0.000572 -0.000191 0.011635 -0.750172 -0.140955 0.277905 -0.832570 0.972572 0.000191
1757663155.227226 -0.010872 -0.016975 -0.085641 0.014305 -0.015505 0.038428 -0.058557 0.030708 0.023079 0.009727 0.014518 -0.001186 -0.081826 -0.030327 -0.000572 -0.000191 0.011635 -0.752460 -0.141336 0.277523 -0.835622 0.972572 0.000191
1757663155.229227 -0.010872 -0.016975 -0.085641 0.014305 -0.015505 0.038428 -0.058557 0.030708 0.023079 0.009727 0.014518 -0.001186 -0.081826 -0.030327 -0.000572 -0.000191 0.011635 -0.754368 -0.141336 0.276760 -0.838674 0.972572 0.000191
1757663155.231230 -0.010872 -0.016594 -0.085641 0.014305 -0.015505 0.038428 -0.058557 0.030708 0.023079 0.009727 0.014518 -0.001186 -0.081826 -0.030327 -0.000572 -0.000191 0.011635 -0.756275 -0.141718 0.276379 -0.841725 0.972572 0.000191
1757663155.233217 -0.010872 -0.016594 -0.085641 0.014305 -0.015505 0.038428 -0.058557 0.030708 0.023079 0.009727 0.014518 -0.001186 -0.081826 -0.030327 -0.000572 -0.000191 0.011635 -0.758183 -0.141718 0.275997 -0.844778 0.972572 0.000191
1757663155.235231 -0.010872 -0.016594 -0.085641 0.014305 -0.015505 0.038428 -0.058557 0.030708 0.023079 0.009727 0.014518 -0.001186 -0.082208 -0.030327 -0.000572 -0.000191 0.011635 -0.760090 -0.142099 0.275234 -0.847830 0.972572 0.000191
1757663155.237260 -0.010872 -0.016594 -0.085641 0.014305 -0.015505 0.038428 -0.058557 0.030708 0.023079 0.009727 0.014518 -0.001186 -0.082208 -0.029945 -0.000572 -0.000191 0.011635 -0.761997 -0.142099 0.274853 -0.850882 0.972572 0.000191
1757663155.239233 -0.010872 -0.016594 -0.085641 0.014305 -0.015643 0.038172 -0.058557 0.031090 0.023079 0.009727 0.014518 -0.001186 -0.082208 -0.029945 -0.000572 -0.000191 0.011635 -0.764286 -0.142099 0.274471 -0.853933 0.972572 0.000191
1757663155.241234 -0.010490 -0.016594 -0.085641 0.014305 -0.015643 0.038172 -0.058557 0.031090 0.023079 0.009727 0.014518 -0.001186 -0.082208 -0.029945 -0.000572 -0.000191 0.011635 -0.766193 -0.142481 0.274090 -0.856985 0.972572 0.000191
1757663155.243258 -0.010490 -0.016212 -0.085641 0.014305 -0.015643 0.038172 -0.058557 0.031090 0.023079 0.009727 0.014518 -0.001186 -0.082589 -0.029945 -0.000191 -0.000191 0.011635 -0.768101 -0.142481 0.273708 -0.860037 0.972572 0.000191
1757663155.245238 -0.010490 -0.016212 -0.085641 0.014305 -0.015643 0.038172 -0.058557 0.031090 0.023079 0.009727 0.014518 -0.001186 -0.082589 -0.029945 -0.000191 -0.000191 0.011635 -0.770008 -0.142862 0.272945 -0.863089 0.972572 0.000191
1757663155.247222 -0.010490 -0.016212 -0.085641 0.014305 -0.015643 0.038172 -0.058557 0.031090 0.023079 0.009727 0.014518 -0.001186 -0.082589 -0.029945 -0.000191 -0.000191 0.011635 -0.771915 -0.142862 0.272564 -0.866140 0.972572 0.000191
1757663155.249226 -0.010490 -0.016212 -0.085641 0.014305 -0.015643 0.038172 -0.058557 0.031090 0.023079 0.009727 0.014518 -0.001186 -0.082589 -0.029945 -0.000191 -0.000191 0.011635 -0.773823 -0.142862 0.272182 -0.869192 0.972572 0.000191
1757663155.251226 -0.010490 -0.016212 -0.085641 0.014305 -0.015643 0.038172 -0.058557 0.031090 0.023079 0.009727 0.014518 -0.001186 -0.082971 -0.029945 -0.000191 -0.000191 0.011635 -0.776112 -0.143244 0.271801 -0.872625 0.972572 0.000191
1757663155.253226 -0.010490 -0.016212 -0.085641 0.014305 -0.015643 0.038172 -0.058557 0.031090 0.023079 0.009727 0.014518 -0.001186 -0.082971 -0.029945 -0.000191 -0.000191 0.011635 -0.778019 -0.143244 0.271420 -0.875677 0.972954 0.000191
1757663155.255231 -0.010490 -0.016212 -0.085259 0.014305 -0.015643 0.038172 -0.058557 0.031090 0.023079 0.009727 0.014518 -0.001186 -0.082971 -0.029945 -0.000191 -0.000191 0.011635 -0.779926 -0.143244 0.271038 -0.878729 0.972954 0.000191
1757663155.257230 -0.010490 -0.016212 -0.085259 0.014305 -0.015643 0.038172 -0.058557 0.031090 0.023079 0.009727 0.014518 -0.001186 -0.082971 -0.029945 -0.000191 -0.000191 0.011635 -0.781835 -0.143625 0.270657 -0.882162 0.972954 0.000191
1757663155.259233 -0.010490 -0.015831 -0.085259 0.014305 -0.015643 0.038172 -0.058557 0.031090 0.023079 0.009727 0.014518 -0.001186 -0.083352 -0.029564 -0.000191 -0.000191 0.011635 -0.783742 -0.143625 0.269894 -0.885595 0.972954 0.000191
1757663155.261243 -0.010490 -0.015831 -0.085259 0.014305 -0.015643 0.038172 -0.058557 0.031090 0.023079 0.009727 0.014518 -0.001186 -0.083352 -0.029564 -0.000191 -0.000191 0.011635 -0.785649 -0.143625 0.269512 -0.889029 0.972954 0.000191
1757663155.263233 -0.010490 -0.015831 -0.085259 0.014305 -0.015780 0.037915 -0.058557 0.031090 0.023079 0.009727 0.014518 -0.001186 -0.083352 -0.029564 -0.000191 -0.000191 0.012016 -0.787938 -0.143625 0.269131 -0.892080 0.972954 0.000191
1757663155.265230 -0.010490 -0.015831 -0.085259 0.014305 -0.015780 0.037915 -0.058557 0.031090 0.023079 0.009727 0.014518 -0.001186 -0.083734 -0.029564 -0.000191 -0.000572 0.012016 -0.789845 -0.144007 0.268749 -0.895514 0.972954 0.000191
1757663155.267230 -0.010490 -0.015831 -0.085259 0.014305 -0.015780 0.037915 -0.058557 0.031090 0.023079 0.009727 0.014518 -0.001186 -0.083734 -0.029564 -0.000191 -0.000572 0.012016 -0.791753 -0.144007 0.268368 -0.898947 0.972954 0.000191
1757663155.269279 -0.010490 -0.015831 -0.085259 0.014305 -0.015780 0.037915 -0.058557 0.031472 0.023079 0.009727 0.014518 -0.001186 -0.083734 -0.029564 -0.000191 -0.000572 0.012016 -0.793660 -0.144007 0.267986 -0.902380 0.972954 0.000191
1757663155.271232 -0.010490 -0.015831 -0.085259 0.014305 -0.015780 0.037915 -0.058557 0.031472 0.023079 0.009727 0.014518 -0.001186 -0.083734 -0.029564 -0.000191 -0.000191 0.012016 -0.795568 -0.144388 0.267605 -0.905432 0.972954 0.000191
1757663155.273247 -0.010490 -0.015831 -0.085259 0.014305 -0.015780 0.037915 -0.058557 0.031472 0.023079 0.009727 0.014518 -0.001186 -0.084115 -0.029564 -0.000191 -0.000572 0.012016 -0.797475 -0.144388 0.267223 -0.908866 0.972954 0.000191
1757663155.275229 -0.010490 -0.015450 -0.084878 0.014305 -0.015780 0.037915 -0.058557 0.031472 0.023079 0.009727 0.014518 -0.001186 -0.084115 -0.029564 -0.000191 -0.000572 0.012016 -0.799764 -0.144388 0.266842 -0.912299 0.972954 0.000191
1757663155.277229 -0.010490 -0.015450 -0.084878 0.014305 -0.015780 0.037915 -0.058557 0.031472 0.023079 0.009727 0.014518 -0.001186 -0.084115 -0.029564 -0.000191 -0.000572 0.012016 -0.801671 -0.144770 0.266460 -0.915732 0.972954 0.000191
1757663155.279227 -0.010490 -0.015450 -0.084878 0.014305 -0.015780 0.037915 -0.058557 0.031472 0.023079 0.009727 0.014653 -0.001442 -0.084115 -0.029564 -0.000191 -0.000572 0.012016 -0.803578 -0.144770 0.266079 -0.918784 0.972954 0.000191
1757663155.281228 -0.010490 -0.015450 -0.084878 0.014305 -0.015918 0.037659 -0.058557 0.031472 0.023079 0.009727 0.014653 -0.001442 -0.084496 -0.029564 -0.000191 -0.000191 0.012016 -0.805486 -0.144770 0.265697 -0.922217 0.972954 0.000191
1757663155.283224 -0.010490 -0.015450 -0.084878 0.014305 -0.015918 0.037659 -0.058557 0.031472 0.023079 0.009727 0.014653 -0.001442 -0.084496 -0.029182 -0.000191 -0.000572 0.012016 -0.807393 -0.145151 0.265316 -0.925651 0.972954 0.000191
1757663155.285231 -0.010490 -0.015450 -0.084878 0.014305 -0.015918 0.037659 -0.058557 0.031472 0.023079 0.009727 0.014653 -0.001442 -0.084496 -0.029182 -0.000191 -0.000572 0.012016 -0.809682 -0.145151 0.264935 -0.929084 0.972954 0.000191
1757663155.287230 -0.010490 -0.015450 -0.084878 0.014305 -0.015918 0.037659 -0.058557 0.031854 0.023079 0.009727 0.014653 -0.001442 -0.084496 -0.029182 -0.000191 -0.000572 0.012016 -0.811589 -0.145151 0.264553 -0.932136 0.972954 0.000191
1757663155.289247 -0.010490 -0.015068 -0.084878 0.014305 -0.015918 0.037659 -0.058557 0.031854 0.023079 0.009727 0.014653 -0.001442 -0.084878 -0.029182 -0.000191 -0.000572 0.012016 -0.813497 -0.145151 0.264172 -0.935569 0.972954 0.000191
1757663155.291233 -0.010490 -0.015068 -0.084878 0.014305 -0.015918 0.037659 -0.058557 0.031854 0.023079 0.009727 0.014653 -0.001442 -0.084878 -0.029182 -0.000191 -0.000572 0.012016 -0.815404 -0.145533 0.263790 -0.938621 0.972954 0.000191
1757663155.293232 -0.010490 -0.015068 -0.084878 0.014305 -0.015918 0.037659 -0.058557 0.031854 0.023079 0.009727 0.014653 -0.001442 -0.084878 -0.029182 -0.000191 -0.000572 0.012016 -0.817693 -0.145533 0.263409 -0.942054 0.972954 0.000191
1757663155.295232 -0.010490 -0.015068 -0.084878 0.014305 -0.015918 0.037659 -0.058557 0.031854 0.023079 0.009727 0.014653 -0.001442 -0.084878 -0.029182 -0.000191 -0.000572 0.012016 -0.819600 -0.145533 0.263027 -0.945487 0.972954 0.000191
1757663155.297230 -0.010490 -0.015068 -0.084878 0.014305 -0.015918 0.037659 -0.058557 0.031854 0.023079 0.009727 0.014653 -0.001442 -0.085259 -0.029182 -0.000191 -0.000191 0.012016 -0.821507 -0.145533 0.262646 -0.948539 0.972954 0.000191
1757663155.299232 -0.010490 -0.015068 -0.084878 0.014305 -0.015918 0.037659 -0.058557 0.031854 0.023079 0.009727 0.014653 -0.001442 -0.085259 -0.029182 -0.000191 -0.000572 0.012016 -0.823415 -0.145533 0.261883 -0.951972 0.972954 0.000191
1757663155.301257 -0.010490 -0.015068 -0.084496 0.014305 -0.016056 0.037403 -0.058557 0.031854 0.023079 0.009727 0.014653 -0.001442 -0.085259 -0.029182 -0.000191 -0.000191 0.012016 -0.825322 -0.145914 0.261501 -0.955405 0.972954 0.000191
1757663155.303233 -0.010109 -0.015068 -0.084496 0.014305 -0.016056 0.037403 -0.058557 0.031854 0.023079 0.009727 0.014653 -0.001442 -0.085259 -0.029182 -0.000191 -0.000572 0.012016 -0.827611 -0.145914 0.261120 -0.958457 0.972954 0.000191
1757663155.305232 -0.010109 -0.014687 -0.084496 0.014305 -0.016056 0.037403 -0.058557 0.032235 0.023079 0.009727 0.014653 -0.001442 -0.085259 -0.029182 -0.000191 -0.000572 0.012016 -0.829518 -0.145914 0.260738 -0.961890 0.972954 0.000191
1757663155.307268 -0.010109 -0.014687 -0.084496 0.014305 -0.016056 0.037403 -0.058557 0.032235 0.023079 0.009727 0.014653 -0.001442 -0.085641 -0.029182 -0.000191 -0.000191 0.012016 -0.831426 -0.145914 0.260357 -0.965323 0.972954 0.000191
1757663155.309227 -0.010109 -0.014687 -0.084496 0.014305 -0.016056 0.037403 -0.058557 0.032235 0.023079 0.009727 0.014653 -0.001442 -0.085641 -0.029182 -0.000191 -0.000191 0.012016 -0.833714 -0.145914 0.259975 -0.968758 0.972954 0.000191
1757663155.311235 -0.010109 -0.014687 -0.084496 0.014305 -0.016056 0.037403 -0.058557 0.032235 0.023079 0.009727 0.014653 -0.001442 -0.085641 -0.029182 -0.000191 -0.000572 0.012016 -0.835622 -0.146296 0.259594 -0.972191 0.972954 0.000191
1757663155.313206 -0.010109 -0.014687 -0.084496 0.014305 -0.016056 0.037403 -0.058557 0.032235 0.023079 0.009727 0.014653 -0.001442 -0.085641 -0.028801 -0.000191 -0.000572 0.012016 -0.837529 -0.146296 0.259212 -0.975243 0.972954 0.000191
1757663155.315189 -0.010109 -0.014687 -0.084496 0.014305 -0.016056 0.037403 -0.058557 0.032235 0.023079 0.009727 0.014653 -0.001442 -0.086022 -0.028801 -0.000191 -0.000572 0.012016 -0.839818 -0.146296 0.258450 -0.978676 0.972954 0.000191
1757663155.317175 -0.010109 -0.014687 -0.084496 0.014305 -0.016056 0.037403 -0.058557 0.032235 0.023079 0.009727 0.014653 -0.001442 -0.086022 -0.028801 -0.000191 -0.000572 0.012016 -0.841725 -0.146296 0.258068 -0.982109 0.972954 0.000191
1757663155.319174 -0.010109 -0.014687 -0.084496 0.014305 -0.016056 0.037403 -0.058557 0.032235 0.023079 0.009727 0.014653 -0.001442 -0.086022 -0.028801 0.000191 -0.000191 0.012016 -0.843633 -0.146677 0.257687 -0.985542 0.972954 0.000191
1757663155.321173 -0.010109 -0.014305 -0.084496 0.014305 -0.016056 0.037403 -0.058557 0.032235 0.023079 0.009727 0.014653 -0.001442 -0.086022 -0.028801 0.000191 -0.000572 0.012016 -0.845922 -0.146677 0.257305 -0.988976 0.972954 0.000191
1757663155.323175 -0.010109 -0.014305 -0.084496 0.014305 -0.016056 0.037403 -0.058557 0.032617 0.023079 0.009727 0.014653 -0.001442 -0.086022 -0.028801 0.000191 -0.000572 0.012016 -0.847830 -0.146677 0.256924 -0.992027 0.972954 0.000191
1757663155.325178 -0.010109 -0.014305 -0.084496 0.014305 -0.016056 0.037403 -0.058557 0.032617 0.023079 0.009727 0.014653 -0.001442 -0.086404 -0.028801 0.000191 -0.000572 0.012016 -0.850119 -0.146677 0.256542 -0.995461 0.972954 0.000191
1757663155.327176 -0.010109 -0.014305 -0.084496 0.014305 -0.016056 0.037403 -0.058557 0.032617 0.023079 0.009727 0.014653 -0.001442 -0.086404 -0.028801 0.000191 -0.000572 0.012016 -0.852026 -0.146677 0.256161 -0.998894 0.972954 0.000191
1757663155.329175 -0.010109 -0.014305 -0.084496 0.014305 -0.016193 0.037147 -0.058557 0.032617 0.023079 0.009727 0.014653 -0.001442 -0.086404 -0.028801 0.000191 -0.000572 0.012016 -0.854315 -0.147058 0.256161 -1.002327 0.972954 0.000191
1757663155.331178 -0.010109 -0.014305 -0.084496 0.014305 -0.016193 0.037147 -0.058557 0.032617 0.023079 0.009727 0.014653 -0.001442 -0.086404 -0.028801 0.000191 -0.000572 0.012016 -0.856222 -0.147058 0.255779 -1.005379 0.972954 0.000191
1757663155.333191 -0.010109 -0.014305 -0.084496 0.014305 -0.016193 0.037147 -0.058557 0.032617 0.023079 0.009727 0.014653 -0.001442 -0.086404 -0.028801 0.000191 -0.000191 0.012016 -0.858511 -0.147058 0.255398 -1.008812 0.972954 0.000191
1757663155.335178 -0.010109 -0.014305 -0.084496 0.014305 -0.016193 0.037147 -0.058557 0.032617 0.023079 0.009727 0.014653 -0.001442 -0.086785 -0.028801 0.000191 -0.000572 0.012016 -0.860418 -0.147058 0.255016 -1.012245 0.972954 0.000191
1757663155.337256 -0.010109 -0.014305 -0.084496 0.014305 -0.016193 0.037147 -0.058557 0.032617 0.023079 0.009727 0.014653 -0.001442 -0.086785 -0.028801 0.000191 -0.000191 0.012016 -0.862707 -0.147058 0.254635 -1.015678 0.972954 0.000191
1757663155.339177 -0.010109 -0.013924 -0.084496 0.014305 -0.016193 0.037147 -0.058557 0.032617 0.023079 0.009727 0.014653 -0.001442 -0.086785 -0.028801 0.000191 -0.000572 0.012016 -0.864614 -0.147440 0.254253 -1.019112 0.972954 0.000191
1757663155.341181 -0.010109 -0.013924 -0.084496 0.014305 -0.016193 0.037147 -0.058557 0.032617 0.023079 0.009727 0.014653 -0.001442 -0.086785 -0.028801 0.000191 -0.000572 0.012016 -0.866903 -0.147440 0.253872 -1.022545 0.972954 0.000191
1757663155.343176 -0.010109 -0.013924 -0.084496 0.014305 -0.016193 0.037147 -0.058557 0.032998 0.023079 0.009727 0.014653 -0.001442 -0.086785 -0.028801 0.000191 -0.000191 0.012016 -0.868811 -0.147440 0.253872 -1.025597 0.972954 0.000191
1757663155.345176 -0.010109 -0.013924 -0.084496 0.014305 -0.016193 0.037147 -0.058557 0.032998 0.023079 0.009727 0.014653 -0.001442 -0.087167 -0.028801 0.000191 -0.000572 0.012016 -0.871099 -0.147440 0.253490 -1.029411 0.972954 0.000191
1757663155.347181 -0.010109 -0.013924 -0.084496 0.014305 -0.016193 0.037147 -0.058557 0.032998 0.023079 0.009727 0.014653 -0.001442 -0.087167 -0.028801 0.000191 -0.000572 0.012016 -0.873007 -0.147821 0.253109 -1.032845 0.972954 0.000191
1757663155.349197 -0.010109 -0.013924 -0.084496 0.014305 -0.016193 0.037147 -0.058557 0.032998 0.023079 0.009727 0.014653 -0.001442 -0.087167 -0.028801 0.000191 -0.000572 0.012016 -0.874914 -0.147821 0.253109 -1.036279 0.972954 0.000191
1757663155.351188 -0.010109 -0.013924 -0.084496 0.014305 -0.016193 0.037147 -0.058557 0.032998 0.023079 0.009727 0.014653 -0.001442 -0.087167 -0.028801 0.000191 -0.000572 0.012398 -0.877203 -0.147821 0.252728 -1.039712 0.972954 0.000191
1757663155.353190 -0.010109 -0.013924 -0.084496 0.014305 -0.016193 0.037147 -0.058557 0.032998 0.023079 0.009727 0.014653 -0.001442 -0.087167 -0.028801 0.000191 -0.000572 0.012398 -0.879110 -0.147821 0.252346 -1.043145 0.972954 0.000191
1757663155.355191 -0.010109 -0.013924 -0.084496 0.014305 -0.016331 0.036890 -0.058557 0.032998 0.023079 0.009727 0.014653 -0.001442 -0.087167 -0.028801 0.000191 -0.000572 0.012398 -0.881399 -0.147821 0.251965 -1.046578 0.972954 0.000191
1757663155.357243 -0.010109 -0.013542 -0.084496 0.014305 -0.016331 0.036890 -0.058557 0.032998 0.023079 0.009727 0.014653 -0.001442 -0.087167 -0.028801 0.000191 -0.000572 0.012398 -0.883307 -0.147821 0.251965 -1.050012 0.972954 0.000191
1757663155.359234 -0.010109 -0.013542 -0.084496 0.014305 -0.016331 0.036890 -0.058557 0.032998 0.023079 0.009727 0.014653 -0.001442 -0.087167 -0.028801 0.000191 -0.000572 0.012398 -0.885214 -0.148203 0.251583 -1.053445 0.972954 0.000191
1757663155.361223 -0.010109 -0.013542 -0.084496 0.014305 -0.016331 0.036890 -0.058557 0.032998 0.023079 0.009727 0.014653 -0.001442 -0.087167 -0.028801 0.000191 -0.000572 0.012398 -0.887121 -0.148203 0.251202 -1.056878 0.972954 0.000191
1757663155.363342 -0.010109 -0.013542 -0.084496 0.014305 -0.016331 0.036890 -0.058557 0.032998 0.023079 0.009727 0.014653 -0.001442 -0.087167 -0.028801 0.000191 -0.000191 0.012398 -0.889410 -0.148203 0.250820 -1.060311 0.972954 0.000191
1757663155.365251 -0.010109 -0.013542 -0.084496 0.014305 -0.016331 0.036890 -0.058557 0.032998 0.023079 0.009727 0.014653 -0.001442 -0.087167 -0.028801 0.000191 -0.000191 0.012398 -0.891317 -0.148203 0.250820 -1.063745 0.972954 0.000191
1757663155.367222 -0.010109 -0.013542 -0.084496 0.014305 -0.016331 0.036890 -0.058557 0.033380 0.023079 0.009727 0.014653 -0.001442 -0.087167 -0.028801 0.000191 -0.000572 0.012398 -0.893606 -0.148203 0.250439 -1.067178 0.972954 0.000191
1757663155.369214 -0.010109 -0.013542 -0.084496 0.014305 -0.016331 0.036890 -0.058557 0.033380 0.023079 0.009727 0.014653 -0.001442 -0.087167 -0.028801 0.000191 -0.000191 0.012398 -0.895514 -0.148203 0.250057 -1.070230 0.972954 0.000191
1757663155.371233 -0.010109 -0.013542 -0.084496 0.014305 -0.016331 0.036890 -0.058557 0.033380 0.023079 0.009727 0.014653 -0.001442 -0.087167 -0.028801 0.000191 -0.000572 0.012398 -0.897421 -0.148203 0.250057 -1.073663 0.972954 0.000191
1757663155.373216 -0.010109 -0.013542 -0.084496 0.014305 -0.016331 0.036890 -0.058557 0.033380 0.023079 0.009727 0.014653 -0.001442 -0.087167 -0.028801 0.000191 -0.000191 0.012398 -0.899710 -0.148584 0.249676 -1.077096 0.972954 0.000191
1757663155.375212 -0.010109 -0.013542 -0.084878 0.014305 -0.016331 0.036890 -0.058557 0.033380 0.023079 0.009727 0.014653 -0.001442 -0.087167 -0.028801 0.000191 -0.000572 0.012398 -0.901617 -0.148584 0.249294 -1.080529 0.972954 0.000191
1757663155.377286 -0.010109 -0.013542 -0.084878 0.014305 -0.016331 0.036890 -0.058557 0.033380 0.023079 0.009727 0.014653 -0.001442 -0.087167 -0.028801 0.000191 -0.000572 0.012398 -0.903524 -0.148584 0.248913 -1.083581 0.972954 0.000191
1757663155.379229 -0.010109 -0.013161 -0.084878 0.014305 -0.016331 0.036890 -0.058557 0.033380 0.023079 0.009727 0.014653 -0.001442 -0.087167 -0.028801 0.000191 -0.000191 0.012398 -0.905813 -0.148584 0.248913 -1.087014 0.972954 0.000191
1757663155.381220 -0.010109 -0.013161 -0.084878 0.014305 -0.016331 0.036890 -0.058557 0.033380 0.023079 0.009727 0.014653 -0.001442 -0.087167 -0.028801 0.000191 -0.000191 0.012398 -0.907722 -0.148584 0.248531 -1.090447 0.972954 0.000191
1757663155.383211 -0.010109 -0.013161 -0.084878 0.014305 -0.016468 0.036634 -0.058557 0.033380 0.023079 0.009727 0.014653 -0.001442 -0.087167 -0.028801 0.000191 -0.000572 0.012398 -0.909629 -0.148584 0.248150 -1.093882 0.972954 0.000191
1757663155.385212 -0.010109 -0.013161 -0.084878 0.014305 -0.016468 0.036634 -0.058557 0.033380 0.023079 0.009727 0.014653 -0.001442 -0.087167 -0.028801 0.000191 -0.000191 0.012398 -0.911918 -0.148966 0.247768 -1.096933 0.972954 0.000191
1757663155.387215 -0.010109 -0.013161 -0.084878 0.014305 -0.016468 0.036634 -0.058557 0.033380 0.023079 0.009727 0.014653 -0.001442 -0.087167 -0.028801 0.000191 -0.000191 0.012398 -0.913825 -0.148966 0.247768 -1.100367 0.972954 0.000191
1757663155.389210 -0.010109 -0.013161 -0.084878 0.014305 -0.016468 0.036634 -0.058557 0.033380 0.023079 0.009727 0.014653 -0.001442 -0.087167 -0.028801 0.000191 -0.000572 0.012398 -0.916114 -0.148966 0.247387 -1.103800 0.972954 0.000191
1757663155.391211 -0.010109 -0.013161 -0.084878 0.014305 -0.016468 0.036634 -0.058557 0.033380 0.023079 0.009727 0.014653 -0.001442 -0.087167 -0.028801 0.000191 -0.000191 0.012016 -0.918021 -0.148966 0.247005 -1.106852 0.972954 0.000191
1757663155.393255 -0.010109 -0.013161 -0.084878 0.014305 -0.016468 0.036634 -0.058557 0.033380 0.023079 0.009727 0.014653 -0.001442 -0.087167 -0.028801 0.000191 -0.000191 0.012016 -0.919929 -0.148966 0.246624 -1.110285 0.972954 0.000191
1757663155.395275 -0.010109 -0.013161 -0.084878 0.014305 -0.016468 0.036634 -0.058557 0.033380 0.023079 0.009727 0.014653 -0.001442 -0.087167 -0.028801 0.000191 -0.000191 0.012016 -0.922217 -0.149347 0.246243 -1.113718 0.972954 0.000191
1757663155.397216 -0.010109 -0.013161 -0.084878 0.014305 -0.016468 0.036634 -0.058557 0.033380 0.023079 0.009727 0.014653 -0.001442 -0.087167 -0.028801 0.000191 -0.000191 0.012016 -0.924125 -0.149347 0.245861 -1.117151 0.972954 0.000191
1757663155.399254 -0.010109 -0.013161 -0.084878 0.014305 -0.016468 0.036634 -0.058557 0.033380 0.023079 0.009727 0.014653 -0.001442 -0.087167 -0.028801 0.000191 -0.000191 0.012016 -0.926032 -0.149347 0.245861 -1.120584 0.972954 0.000191
1757663155.401255 -0.010109 -0.013161 -0.084878 0.014305 -0.016468 0.036634 -0.058557 0.033380 0.023079 0.009727 0.014653 -0.001442 -0.087167 -0.028801 0.000191 -0.000191 0.012016 -0.928321 -0.149347 0.245480 -1.124018 0.972954 0.000191
1757663155.403219 -0.010109 -0.013161 -0.084878 0.014305 -0.016468 0.036634 -0.058557 0.033380 0.023079 0.009727 0.014653 -0.001442 -0.087167 -0.028801 0.000191 -0.000191 0.012016 -0.930228 -0.149347 0.245098 -1.127069 0.973335 0.000191
1757663155.405212 -0.010109 -0.013161 -0.084878 0.014305 -0.016468 0.036634 -0.058557 0.033380 0.023079 0.009727 0.014653 -0.001442 -0.087167 -0.028801 0.000191 -0.000191 0.012016 -0.932136 -0.149729 0.244717 -1.130503 0.973335 0.000191
1757663155.407225 -0.010109 -0.013161 -0.084878 0.014305 -0.016468 0.036634 -0.058557 0.033380 0.023079 0.009727 0.014653 -0.001442 -0.087167 -0.028801 0.000191 -0.000191 0.012016 -0.934424 -0.149729 0.244335 -1.133936 0.973335 0.000191
1757663155.409182 -0.010109 -0.013161 -0.084878 0.014305 -0.016468 0.036634 -0.058557 0.033380 0.023079 0.009727 0.014653 -0.001442 -0.087167 -0.028801 0.000191 -0.000191 0.012016 -0.936332 -0.149729 0.243954 -1.137369 0.973335 0.000191
1757663155.411164 -0.010109 -0.013161 -0.084878 0.014305 -0.016468 0.036634 -0.058557 0.033380 0.023079 0.009727 0.014653 -0.001442 -0.087167 -0.028801 0.000191 -0.000191 0.012016 -0.938239 -0.149729 0.243572 -1.140802 0.973335 0.000191
1757663155.413181 -0.010109 -0.013161 -0.084878 0.014305 -0.016468 0.036634 -0.058557 0.033380 0.023079 0.009727 0.014653 -0.001442 -0.087167 -0.028801 0.000191 -0.000191 0.012016 -0.940528 -0.149729 0.243191 -1.144236 0.973335 0.000191
1757663155.415166 -0.010109 -0.013161 -0.084878 0.014305 -0.016468 0.036634 -0.058175 0.033380 0.023079 0.009727 0.014653 -0.001442 -0.087167 -0.028801 0.000191 -0.000191 0.012016 -0.942435 -0.149729 0.242809 -1.147287 0.973335 0.000191
1757663155.417172 -0.010109 -0.013161 -0.084878 0.014305 -0.016468 0.036634 -0.058175 0.033380 0.022697 0.009727 0.014653 -0.001442 -0.087167 -0.028801 0.000191 -0.000191 0.012016 -0.944724 -0.150110 0.242428 -1.150721 0.973335 0.000191
1757663155.419235 -0.010109 -0.013161 -0.084878 0.014305 -0.016468 0.036634 -0.058175 0.033380 0.022697 0.009727 0.014653 -0.001442 -0.087167 -0.028801 0.000191 -0.000191 0.012016 -0.946631 -0.150110 0.242428 -1.154154 0.973335 0.000191
1757663155.421172 -0.010109 -0.013161 -0.084878 0.014305 -0.016468 0.036634 -0.058175 0.033380 0.022697 0.009727 0.014653 -0.001442 -0.087167 -0.028801 0.000191 -0.000191 0.012016 -0.948539 -0.150110 0.242046 -1.157207 0.973335 0.000191
1757663155.423229 -0.010109 -0.013161 -0.084878 0.014305 -0.016606 0.036378 -0.058175 0.033380 0.022697 0.009727 0.014653 -0.001442 -0.087167 -0.028801 0.000191 -0.000191 0.012016 -0.950828 -0.150110 0.241665 -1.160640 0.973335 0.000191
1757663155.425154 -0.010109 -0.013161 -0.084878 0.014305 -0.016606 0.036378 -0.058175 0.033380 0.022697 0.009727 0.014653 -0.001442 -0.087167 -0.028801 0.000191 -0.000191 0.012016 -0.952735 -0.150492 0.241283 -1.164073 0.973335 0.000191
1757663155.427188 -0.010109 -0.013161 -0.084878 0.014305 -0.016606 0.036378 -0.058175 0.033380 0.022697 0.009727 0.014653 -0.001442 -0.087167 -0.028801 0.000191 -0.000191 0.012016 -0.954642 -0.150492 0.240902 -1.167125 0.973335 0.000191
1757663155.429173 -0.010109 -0.013161 -0.084878 0.014305 -0.016606 0.036378 -0.058175 0.033380 0.022697 0.009727 0.014653 -0.001442 -0.087167 -0.028801 0.000191 -0.000191 0.012016 -0.956931 -0.150492 0.240902 -1.170558 0.973335 0.000191
1757663155.431232 -0.010109 -0.013161 -0.084878 0.014305 -0.016606 0.036378 -0.058175 0.033380 0.022697 0.009727 0.014653 -0.001442 -0.087167 -0.028801 0.000191 -0.000191 0.012016 -0.958838 -0.150492 0.240520 -1.173991 0.973335 0.000191
1757663155.433176 -0.010109 -0.013161 -0.084878 0.014305 -0.016606 0.036378 -0.058175 0.033380 0.022697 0.009727 0.014653 -0.001442 -0.087167 -0.028801 0.000191 -0.000191 0.012016 -0.960746 -0.150492 0.240139 -1.177043 0.973335 0.000191
1757663155.435230 -0.010109 -0.013161 -0.084878 0.014305 -0.016606 0.036378 -0.058175 0.033380 0.022697 0.009727 0.014653 -0.001442 -0.087167 -0.028801 0.000191 -0.000191 0.012016 -0.962653 -0.150873 0.239758 -1.180476 0.973335 0.000191
1757663155.437167 -0.010109 -0.013161 -0.084878 0.014305 -0.016606 0.036378 -0.058175 0.033380 0.022697 0.009727 0.014653 -0.001442 -0.087167 -0.028801 0.000191 -0.000191 0.012016 -0.964942 -0.150873 0.239758 -1.183528 0.973335 0.000191
1757663155.439229 -0.010109 -0.013161 -0.084878 0.014305 -0.016606 0.036378 -0.058175 0.033380 0.022697 0.009727 0.014653 -0.001442 -0.087167 -0.028801 0.000191 -0.000191 0.012016 -0.966849 -0.150873 0.239376 -1.186961 0.973335 0.000191
1757663155.441173 -0.010109 -0.013161 -0.084878 0.014305 -0.016606 0.036378 -0.058175 0.033380 0.022697 0.009727 0.014653 -0.001442 -0.086785 -0.028801 0.000191 -0.000191 0.012016 -0.968758 -0.150873 0.238995 -1.190013 0.973717 0.000191
1757663155.443178 -0.010109 -0.013161 -0.084878 0.014305 -0.016606 0.036378 -0.058175 0.033380 0.022697 0.009727 0.014653 -0.001442 -0.086785 -0.028801 0.000191 -0.000191 0.012016 -0.970665 -0.150873 0.238613 -1.193446 0.973717 0.000191
1757663155.445183 -0.010109 -0.013161 -0.084878 0.014305 -0.016606 0.036378 -0.058175 0.033380 0.022697 0.009727 0.014653 -0.001442 -0.086785 -0.028801 0.000191 -0.000191 0.012016 -0.972572 -0.150873 0.238232 -1.196879 0.973717 0.000191
1757663155.447190 -0.010109 -0.013161 -0.084878 0.014305 -0.016606 0.036378 -0.058175 0.033380 0.022697 0.009727 0.014653 -0.001442 -0.086785 -0.028801 0.000191 -0.000191 0.012016 -0.974861 -0.151255 0.238232 -1.199931 0.973717 0.000191
1757663155.449203 -0.010109 -0.013161 -0.084878 0.014305 -0.016606 0.036378 -0.057794 0.033380 0.022697 0.009727 0.014653 -0.001442 -0.086785 -0.028801 0.000191 -0.000191 0.012016 -0.976768 -0.151255 0.237850 -1.203364 0.973717 0.000191
1757663155.451208 -0.010109 -0.013161 -0.084878 0.014305 -0.016606 0.036378 -0.057794 0.033380 0.022697 0.009727 0.014653 -0.001442 -0.086785 -0.028801 0.000191 -0.000191 0.012016 -0.978676 -0.151255 0.237469 -1.206416 0.973717 0.000191
1757663155.453208 -0.010109 -0.013161 -0.084878 0.014305 -0.016606 0.036378 -0.057794 0.033380 0.022697 0.009727 0.014653 -0.001442 -0.086785 -0.028801 0.000191 -0.000191 0.012016 -0.980583 -0.151255 0.237087 -1.209849 0.973717 0.000191
1757663155.455210 -0.010109 -0.013161 -0.084878 0.014305 -0.016606 0.036378 -0.057794 0.033380 0.022697 0.009727 0.014653 -0.001442 -0.086404 -0.028801 0.000191 -0.000191 0.012016 -0.982491 -0.151255 0.236706 -1.212901 0.973717 0.000191
1757663155.457253 -0.010109 -0.013161 -0.084878 0.014305 -0.016606 0.036378 -0.057794 0.033380 0.022697 0.009727 0.014653 -0.001442 -0.086404 -0.028801 0.000191 -0.000191 0.012016 -0.984779 -0.151636 0.236324 -1.216334 0.973717 0.000191
1757663155.459228 -0.010109 -0.013161 -0.084878 0.014305 -0.016606 0.036378 -0.057794 0.033380 0.022697 0.009727 0.014653 -0.001442 -0.086404 -0.028801 0.000191 -0.000191 0.012016 -0.986687 -0.151636 0.236324 -1.219387 0.974098 0.000191
1757663155.461217 -0.010109 -0.013161 -0.084878 0.014305 -0.016606 0.036378 -0.057794 0.033380 0.022697 0.009727 0.014653 -0.001442 -0.086404 -0.028801 0.000191 -0.000191 0.012016 -0.988594 -0.151636 0.235943 -1.222820 0.974098 0.000191
1757663155.463218 -0.010109 -0.013161 -0.084878 0.014305 -0.016606 0.036378 -0.057794 0.033380 0.022697 0.009727 0.014653 -0.001442 -0.086404 -0.028801 0.000191 -0.000191 0.012016 -0.990501 -0.151636 0.235561 -1.225872 0.974098 0.000191
1757663155.465208 -0.010109 -0.013161 -0.084878 0.014305 -0.016744 0.036122 -0.057794 0.033380 0.022697 0.009727 0.014653 -0.001442 -0.086404 -0.028801 0.000191 -0.000191 0.012016 -0.992409 -0.151636 0.234798 -1.228924 0.974098 0.000191
1757663155.467210 -0.010109 -0.013161 -0.084878 0.014305 -0.016744 0.036122 -0.057794 0.033380 0.022697 0.009727 0.014653 -0.001442 -0.086404 -0.028801 0.000191 -0.000191 0.012016 -0.994316 -0.152018 0.234417 -1.232357 0.974098 0.000191
1757663155.469209 -0.010109 -0.013161 -0.084878 0.014305 -0.016744 0.036122 -0.057794 0.033380 0.022697 0.009727 0.014653 -0.001442 -0.086404 -0.028801 0.000191 -0.000191 0.012016 -0.996605 -0.152018 0.234035 -1.235409 0.974098 0.000191
1757663155.471209 -0.010109 -0.013161 -0.084878 0.014305 -0.016744 0.036122 -0.057794 0.033380 0.022697 0.009727 0.014653 -0.001442 -0.086404 -0.028801 0.000191 -0.000191 0.012016 -0.998512 -0.152018 0.233654 -1.238842 0.974098 0.000191
1757663155.473211 -0.010109 -0.013161 -0.084878 0.014305 -0.016744 0.036122 -0.057794 0.033380 0.022697 0.009727 0.014653 -0.001442 -0.086404 -0.028801 0.000191 -0.000191 0.012016 -1.000420 -0.152018 0.233273 -1.241894 0.974098 0.000191
1757663155.475217 -0.010109 -0.013161 -0.084878 0.014305 -0.016744 0.036122 -0.057794 0.033380 0.022316 0.009727 0.014653 -0.001442 -0.086404 -0.028801 0.000191 -0.000191 0.012016 -1.002327 -0.152399 0.232891 -1.245327 0.974480 0.000191
1757663155.477212 -0.010109 -0.013161 -0.084878 0.014305 -0.016744 0.036122 -0.057794 0.033380 0.022316 0.009727 0.014653 -0.001442 -0.086404 -0.028801 0.000191 -0.000191 0.012016 -1.004616 -0.152399 0.232128 -1.248379 0.974480 0.000191
1757663155.479209 -0.010109 -0.013161 -0.084878 0.014305 -0.016744 0.036122 -0.057412 0.033380 0.022316 0.009727 0.014653 -0.001442 -0.086404 -0.028801 0.000191 -0.000191 0.012016 -1.006523 -0.152399 0.231747 -1.251431 0.974480 0.000191
1757663155.481208 -0.010109 -0.013161 -0.084878 0.014305 -0.016744 0.036122 -0.057412 0.033380 0.022316 0.009727 0.014653 -0.001442 -0.086404 -0.028801 0.000191 -0.000191 0.012016 -1.008430 -0.152399 0.231365 -1.254864 0.974480 0.000191
1757663155.483210 -0.010109 -0.013161 -0.084878 0.014305 -0.016744 0.036122 -0.057412 0.033380 0.022316 0.009727 0.014653 -0.001442 -0.086404 -0.028801 0.000191 -0.000191 0.012016 -1.010338 -0.152781 0.230602 -1.257915 0.974480 0.000191
1757663155.485210 -0.010109 -0.013161 -0.084878 0.014305 -0.016744 0.036122 -0.057412 0.033380 0.022316 0.009727 0.014653 -0.001442 -0.086404 -0.028801 0.000191 -0.000191 0.012016 -1.012627 -0.152781 0.230221 -1.261349 0.974480 0.000191
1757663155.487221 -0.010109 -0.013161 -0.084878 0.014305 -0.016744 0.036122 -0.057412 0.033380 0.022316 0.009727 0.014653 -0.001442 -0.086404 -0.028801 0.000191 -0.000191 0.012016 -1.014534 -0.152781 0.229839 -1.264400 0.974480 0.000191
1757663155.489239 -0.010109 -0.013161 -0.084878 0.014305 -0.016744 0.036122 -0.057412 0.033380 0.022316 0.009727 0.014653 -0.001442 -0.086404 -0.028801 0.000191 -0.000191 0.012016 -1.016441 -0.153162 0.229076 -1.267452 0.974861 0.000191
1757663155.491208 -0.010109 -0.013161 -0.084878 0.014305 -0.016744 0.036122 -0.057412 0.033380 0.022316 0.009727 0.014653 -0.001442 -0.086404 -0.028801 0.000191 -0.000191 0.012016 -1.018349 -0.153162 0.228695 -1.270885 0.974861 0.000191
1757663155.493227 -0.010109 -0.013161 -0.084878 0.014305 -0.016744 0.036122 -0.057412 0.033380 0.022316 0.009727 0.014653 -0.001442 -0.086404 -0.028801 0.000191 -0.000191 0.012016 -1.020256 -0.153543 0.228313 -1.273937 0.974861 0.000191
1757663155.495226 -0.010109 -0.013161 -0.084878 0.014305 -0.016744 0.036122 -0.057412 0.033380 0.022316 0.009727 0.014653 -0.001442 -0.086404 -0.028801 0.000191 -0.000191 0.012016 -1.022545 -0.153543 0.227551 -1.277370 0.974861 0.000191
1757663155.497226 -0.010109 -0.013161 -0.084878 0.014305 -0.016744 0.036122 -0.057412 0.033380 0.022316 0.009727 0.014653 -0.001442 -0.086404 -0.028801 0.000191 -0.000191 0.012016 -1.024452 -0.153543 0.227169 -1.280422 0.974861 0.000191
1757663155.499214 -0.010109 -0.013161 -0.084878 0.014305 -0.016744 0.036122 -0.057412 0.033380 0.022316 0.009727 0.014653 -0.001442 -0.086404 -0.028801 0.000191 -0.000191 0.012016 -1.026360 -0.153925 0.226788 -1.283475 0.974861 0.000191
1757663155.501209 -0.010109 -0.013161 -0.084878 0.014305 -0.016744 0.036122 -0.057412 0.033380 0.022316 0.009727 0.014653 -0.001442 -0.086404 -0.028801 0.000191 -0.000191 0.012016 -1.028267 -0.153925 0.226025 -1.286527 0.974861 0.000191
1757663155.503216 -0.010109 -0.013161 -0.084878 0.014305 -0.016744 0.036122 -0.057031 0.033380 0.022316 0.009727 0.014653 -0.001442 -0.086404 -0.028801 0.000191 -0.000191 0.012016 -1.030174 -0.154306 0.225643 -1.289578 0.975243 0.000191
1757663155.505215 -0.010109 -0.013161 -0.084878 0.014305 -0.016744 0.036122 -0.057031 0.033380 0.022316 0.009727 0.014653 -0.001442 -0.086404 -0.028801 0.000191 -0.000191 0.012016 -1.032083 -0.154306 0.225262 -1.292630 0.975243 0.000191
1757663155.507210 -0.010109 -0.013161 -0.084878 0.014305 -0.016881 0.035865 -0.057031 0.033380 0.022316 0.009727 0.014653 -0.001442 -0.086404 -0.028801 0.000191 -0.000191 0.012016 -1.033990 -0.154306 0.224880 -1.295682 0.975243 0.000191
1757663155.509208 -0.010109 -0.013161 -0.084878 0.014305 -0.016881 0.035865 -0.057031 0.033380 0.022316 0.009727 0.014653 -0.001442 -0.086404 -0.028801 0.000191 -0.000191 0.012016 -1.035897 -0.154688 0.224117 -1.298734 0.975243 0.000191
1757663155.511213 -0.009727 -0.013161 -0.084878 0.014305 -0.016881 0.035865 -0.057031 0.033380 0.022316 0.009727 0.014653 -0.001442 -0.086404 -0.028801 0.000191 -0.000191 0.012016 -1.037805 -0.154688 0.223736 -1.301785 0.975243 0.000191
1757663155.513210 -0.009727 -0.013161 -0.084878 0.014305 -0.016881 0.035865 -0.057031 0.033380 0.022316 0.009727 0.014653 -0.001442 -0.086404 -0.028801 0.000191 -0.000191 0.012016 -1.039712 -0.155069 0.223354 -1.304837 0.975243 0.000191
1757663155.515252 -0.009727 -0.013161 -0.084878 0.014305 -0.016881 0.035865 -0.057031 0.033380 0.022316 0.009727 0.014653 -0.001442 -0.086404 -0.028801 0.000191 -0.000191 0.012016 -1.041619 -0.155069 0.222973 -1.307889 0.975243 0.000191
1757663155.517235 -0.009727 -0.013161 -0.084878 0.014305 -0.016881 0.035865 -0.057031 0.033380 0.022316 0.009727 0.014653 -0.001442 -0.086404 -0.028801 0.000191 -0.000191 0.012016 -1.043527 -0.155451 0.222210 -1.310559 0.975624 0.000191
1757663155.519211 -0.009727 -0.013161 -0.084878 0.014305 -0.016881 0.035865 -0.057031 0.033380 0.022316 0.009727 0.014653 -0.001442 -0.086404 -0.028801 0.000191 -0.000191 0.012016 -1.045434 -0.155451 0.221828 -1.313611 0.975624 0.000191
1757663155.521271 -0.009727 -0.013161 -0.084878 0.014305 -0.016881 0.035865 -0.057031 0.033380 0.022316 0.009727 0.014653 -0.001442 -0.086404 -0.028801 0.000191 -0.000191 0.012016 -1.047341 -0.155451 0.221447 -1.316663 0.975624 0.000191
1757663155.523228 -0.009727 -0.013161 -0.084878 0.014305 -0.016881 0.035865 -0.057031 0.033380 0.022316 0.009727 0.014653 -0.001442 -0.086404 -0.028801 0.000191 -0.000191 0.012016 -1.049249 -0.155832 0.221066 -1.319333 0.975624 0.000191
1757663155.525219 -0.009727 -0.013161 -0.084878 0.014305 -0.016881 0.035865 -0.057031 0.033380 0.022316 0.009727 0.014653 -0.001442 -0.086404 -0.028801 0.000191 -0.000191 0.012016 -1.051156 -0.155832 0.220684 -1.322385 0.975624 0.000191
1757663155.527215 -0.009727 -0.013161 -0.084878 0.014305 -0.016881 0.035865 -0.056649 0.033380 0.022316 0.009727 0.014653 -0.001442 -0.086404 -0.028801 0.000191 -0.000191 0.012016 -1.053063 -0.156214 0.220303 -1.325437 0.975624 0.000191
1757663155.529219 -0.009727 -0.013161 -0.084878 0.014305 -0.016881 0.035865 -0.056649 0.033380 0.022316 0.009727 0.014653 -0.001442 -0.086404 -0.028801 0.000191 -0.000191 0.012016 -1.054971 -0.156214 0.219921 -1.328107 0.975624 0.000191
1757663155.531221 -0.009727 -0.013161 -0.084878 0.014305 -0.016881 0.035865 -0.056649 0.033380 0.022316 0.009727 0.014653 -0.001442 -0.086404 -0.028801 0.000191 -0.000191 0.012016 -1.056497 -0.156214 0.219540 -1.331159 0.975624 0.000191
1757663155.533220 -0.009727 -0.013161 -0.084878 0.014305 -0.016881 0.035865 -0.056649 0.033380 0.022316 0.009727 0.014653 -0.001442 -0.086404 -0.028801 0.000191 -0.000191 0.012016 -1.058404 -0.156596 0.219158 -1.334210 0.976006 0.000191
1757663155.535217 -0.009727 -0.013161 -0.084878 0.014305 -0.016881 0.035865 -0.056649 0.033380 0.022316 0.009727 0.014518 -0.001186 -0.086022 -0.028801 0.000191 -0.000191 0.012016 -1.060311 -0.156596 0.218394 -1.336881 0.976006 0.000191
1757663155.537216 -0.009346 -0.013161 -0.084878 0.014305 -0.017019 0.035609 -0.056649 0.033380 0.022316 0.009727 0.014518 -0.001186 -0.086022 -0.028801 0.000191 -0.000191 0.012016 -1.062219 -0.156596 0.218013 -1.339932 0.976006 0.000191
1757663155.539226 -0.009346 -0.013161 -0.084878 0.014305 -0.017019 0.035609 -0.056649 0.033380 0.022316 0.009727 0.014518 -0.001186 -0.086022 -0.028801 0.000191 -0.000191 0.012016 -1.063745 -0.156596 0.217631 -1.342984 0.976006 0.000191
1757663155.541217 -0.009346 -0.013161 -0.084878 0.014305 -0.017019 0.035609 -0.056649 0.033380 0.022316 0.009727 0.014518 -0.001186 -0.086022 -0.028801 0.000191 -0.000191 0.012016 -1.065652 -0.156978 0.217250 -1.345655 0.976006 0.000191
1757663155.543216 -0.009346 -0.013161 -0.084878 0.014305 -0.017019 0.035609 -0.056649 0.033380 0.022316 0.009727 0.014518 -0.001186 -0.086022 -0.028801 0.000191 -0.000191 0.012016 -1.067559 -0.156978 0.216868 -1.348707 0.976006 0.000191
1757663155.545218 -0.009346 -0.013161 -0.084878 0.014305 -0.017019 0.035609 -0.056649 0.033380 0.022316 0.009727 0.014518 -0.001186 -0.086022 -0.028801 0.000191 -0.000191 0.012016 -1.069085 -0.156978 0.216868 -1.351377 0.976006 0.000191
1757663155.547222 -0.009346 -0.013161 -0.084878 0.014305 -0.017019 0.035609 -0.056649 0.033380 0.022316 0.009727 0.014518 -0.001186 -0.086022 -0.028801 0.000191 -0.000191 0.012016 -1.070992 -0.156978 0.216487 -1.354048 0.976006 0.000191
1757663155.549234 -0.009346 -0.013161 -0.084878 0.014305 -0.017019 0.035609 -0.056649 0.033380 0.022316 0.009727 0.014518 -0.001186 -0.086022 -0.028801 0.000191 -0.000191 0.012016 -1.072518 -0.156978 0.216105 -1.357100 0.976006 0.000191
1757663155.551232 -0.009346 -0.013161 -0.084878 0.014305 -0.017019 0.035609 -0.056649 0.033380 0.022316 0.009727 0.014518 -0.001186 -0.086022 -0.028801 0.000191 -0.000191 0.012016 -1.074426 -0.157359 0.215724 -1.359770 0.976006 0.000191
1757663155.553268 -0.009346 -0.013161 -0.084878 0.014305 -0.017019 0.035609 -0.056649 0.033380 0.022316 0.009727 0.014518 -0.001186 -0.086022 -0.028801 0.000191 -0.000191 0.012016 -1.075952 -0.157359 0.215343 -1.362822 0.976387 0.000191
1757663155.555229 -0.009346 -0.013161 -0.084878 0.014305 -0.017019 0.035609 -0.056649 0.033380 0.022316 0.009727 0.014518 -0.001186 -0.086022 -0.028801 0.000191 -0.000191 0.012016 -1.077859 -0.157359 0.214961 -1.365492 0.976387 0.000191
1757663155.557240 -0.009346 -0.013161 -0.084878 0.014305 -0.017019 0.035609 -0.056649 0.033380 0.022316 0.009727 0.014518 -0.001186 -0.086022 -0.028801 0.000191 -0.000191 0.012016 -1.079385 -0.157359 0.214961 -1.368162 0.976387 0.000191
1757663155.559224 -0.009346 -0.013161 -0.084878 0.014305 -0.017019 0.035609 -0.056649 0.033380 0.022316 0.009727 0.014518 -0.001186 -0.086022 -0.028801 0.000191 -0.000191 0.012016 -1.081292 -0.157359 0.214580 -1.370832 0.976387 0.000191
1757663155.561213 -0.009346 -0.013161 -0.084878 0.014305 -0.017019 0.035609 -0.056649 0.033380 0.022316 0.009727 0.014518 -0.001186 -0.086022 -0.028801 0.000191 -0.000191 0.012016 -1.082818 -0.157741 0.214198 -1.373503 0.976387 0.000191
1757663155.563229 -0.009346 -0.013161 -0.084878 0.014305 -0.017019 0.035609 -0.056649 0.033380 0.022316 0.009727 0.014518 -0.001186 -0.086022 -0.028801 0.000191 -0.000191 0.012016 -1.084725 -0.157741 0.213817 -1.376173 0.976387 0.000191
1757663155.565217 -0.009346 -0.013161 -0.084878 0.014305 -0.017157 0.035353 -0.056268 0.033380 0.022316 0.009727 0.014518 -0.001186 -0.085641 -0.028801 0.000191 -0.000191 0.012016 -1.086251 -0.157741 0.213435 -1.378462 0.976387 0.000191
1757663155.567232 -0.009346 -0.013161 -0.084878 0.014305 -0.017157 0.035353 -0.056268 0.033380 0.022316 0.009727 0.014518 -0.001186 -0.085641 -0.028801 0.000191 -0.000191 0.012016 -1.087777 -0.157741 0.213054 -1.381132 0.976387 0.000191
1757663155.569217 -0.009346 -0.013161 -0.084878 0.014305 -0.017157 0.035353 -0.056268 0.033380 0.022316 0.009727 0.014518 -0.001186 -0.085641 -0.028801 0.000191 -0.000191 0.012016 -1.089303 -0.158122 0.212672 -1.383802 0.976768 0.000191
1757663155.571217 -0.009346 -0.013161 -0.084878 0.014305 -0.017157 0.035353 -0.056268 0.033380 0.022316 0.009727 0.014518 -0.001186 -0.085641 -0.028801 0.000191 -0.000191 0.012016 -1.091210 -0.158122 0.212291 -1.386091 0.976768 0.000191
1757663155.573239 -0.009346 -0.013161 -0.084878 0.014305 -0.017157 0.035353 -0.056268 0.033380 0.021935 0.009727 0.014518 -0.001186 -0.085641 -0.028801 0.000191 -0.000191 0.012016 -1.092736 -0.158122 0.211909 -1.388762 0.976768 0.000191
1757663155.575218 -0.009346 -0.013161 -0.084878 0.014305 -0.017157 0.035353 -0.056268 0.033380 0.022316 0.009727 0.014518 -0.001186 -0.085641 -0.028801 0.000191 -0.000191 0.012016 -1.094263 -0.158122 0.211528 -1.391432 0.976768 0.000191
1757663155.577233 -0.009346 -0.013161 -0.084878 0.014305 -0.017157 0.035353 -0.056268 0.033380 0.021935 0.009727 0.014518 -0.001186 -0.085641 -0.028801 0.000191 -0.000191 0.012016 -1.095789 -0.158504 0.211528 -1.394102 0.976768 0.000191
1757663155.579214 -0.009346 -0.013161 -0.084878 0.014305 -0.017157 0.035353 -0.056268 0.033380 0.021935 0.009727 0.014518 -0.001186 -0.085259 -0.028801 0.000191 -0.000191 0.012016 -1.097315 -0.158504 0.211146 -1.396391 0.976768 0.000191
1757663155.581237 -0.009346 -0.013161 -0.084878 0.014305 -0.017157 0.035353 -0.056268 0.033380 0.021935 0.009727 0.014518 -0.001186 -0.085259 -0.028801 0.000191 -0.000191 0.012016 -1.098841 -0.158504 0.210765 -1.399061 0.976768 0.000191
1757663155.583311 -0.009346 -0.013161 -0.084878 0.014305 -0.017157 0.035353 -0.056268 0.033380 0.021935 0.009727 0.014518 -0.001186 -0.085259 -0.028801 0.000191 -0.000191 0.012016 -1.100367 -0.158504 0.210383 -1.401350 0.977150 0.000191
1757663155.585234 -0.009346 -0.013161 -0.084878 0.014305 -0.017157 0.035353 -0.056268 0.033380 0.021935 0.009727 0.014518 -0.001186 -0.085259 -0.028801 0.000191 -0.000191 0.012016 -1.101892 -0.158885 0.209620 -1.404020 0.977150 0.000191
1757663155.587227 -0.009346 -0.013161 -0.084878 0.014305 -0.017157 0.035353 -0.056268 0.033380 0.021935 0.009727 0.014518 -0.001186 -0.085259 -0.028801 0.000191 -0.000191 0.012016 -1.103418 -0.158885 0.209239 -1.406310 0.977150 0.000191
1757663155.589210 -0.009346 -0.013161 -0.084878 0.014305 -0.017157 0.035353 -0.056268 0.033380 0.021935 0.009727 0.014518 -0.001186 -0.085259 -0.028801 0.000191 -0.000191 0.012016 -1.104944 -0.158885 0.208858 -1.408599 0.977150 0.000191
1757663155.591218 -0.008965 -0.013161 -0.084878 0.014305 -0.017157 0.035353 -0.056268 0.033380 0.021935 0.009727 0.014518 -0.001186 -0.084878 -0.028801 0.000191 -0.000191 0.012016 -1.106089 -0.159266 0.208476 -1.411269 0.977150 0.000191
1757663155.593200 -0.008965 -0.013161 -0.084878 0.014305 -0.017157 0.035353 -0.056268 0.033380 0.021935 0.009727 0.014518 -0.001186 -0.084878 -0.028801 0.000191 -0.000191 0.012016 -1.107615 -0.159266 0.208095 -1.413939 0.977150 0.000191
1757663155.595213 -0.008965 -0.013161 -0.084878 0.014305 -0.017157 0.035353 -0.056268 0.033380 0.021935 0.009727 0.014518 -0.001186 -0.084878 -0.028801 0.000191 -0.000191 0.012016 -1.109140 -0.159266 0.207332 -1.416228 0.977150 0.000191
1757663155.597226 -0.008965 -0.013161 -0.084878 0.014305 -0.017157 0.035353 -0.056268 0.033380 0.021935 0.009727 0.014518 -0.001186 -0.084878 -0.028801 0.000191 -0.000191 0.012016 -1.110666 -0.159648 0.206950 -1.418899 0.977531 0.000191
1757663155.599206 -0.008965 -0.013161 -0.084878 0.014305 -0.017157 0.035353 -0.056268 0.033380 0.021935 0.009727 0.014518 -0.001186 -0.084878 -0.028801 0.000191 -0.000191 0.012016 -1.111811 -0.159648 0.206569 -1.421187 0.977531 0.000191
1757663155.601221 -0.008965 -0.013161 -0.084878 0.014305 -0.017294 0.035097 -0.056268 0.033380 0.021935 0.009727 0.014518 -0.001186 -0.084496 -0.028801 0.000191 -0.000191 0.012016 -1.113337 -0.160029 0.206187 -1.423858 0.977531 0.000191
1757663155.603204 -0.008965 -0.013161 -0.084878 0.014305 -0.017294 0.035097 -0.056268 0.033380 0.021935 0.009727 0.014518 -0.001186 -0.084496 -0.028801 0.000191 -0.000191 0.012016 -1.114862 -0.160029 0.205424 -1.426147 0.977531 0.000191
1757663155.605216 -0.008965 -0.013161 -0.084878 0.014305 -0.017294 0.035097 -0.056268 0.033380 0.021935 0.009727 0.014518 -0.001186 -0.084496 -0.028801 0.000191 -0.000191 0.012016 -1.116388 -0.160411 0.205043 -1.428435 0.977531 0.000191
1757663155.607204 -0.008965 -0.013161 -0.084878 0.014305 -0.017294 0.035097 -0.056268 0.033380 0.021935 0.009727 0.014518 -0.001186 -0.084496 -0.028801 0.000191 -0.000191 0.012016 -1.117533 -0.160411 0.204661 -1.431106 0.977531 0.000191
1757663155.609204 -0.008965 -0.013161 -0.084878 0.014305 -0.017294 0.035097 -0.056268 0.033380 0.021935 0.009727 0.014518 -0.001186 -0.084496 -0.028801 0.000191 -0.000191 0.012016 -1.119059 -0.160792 0.203898 -1.433394 0.977531 0.000191
1757663155.611217 -0.008965 -0.013161 -0.084878 0.014305 -0.017294 0.035097 -0.056268 0.033380 0.021935 0.009727 0.014518 -0.001186 -0.084115 -0.028801 0.000191 -0.000191 0.012016 -1.120584 -0.160792 0.203517 -1.435683 0.977913 0.000191
1757663155.613195 -0.008965 -0.013161 -0.084878 0.014305 -0.017294 0.035097 -0.056268 0.033380 0.021935 0.009727 0.014518 -0.001186 -0.084115 -0.028801 0.000191 -0.000191 0.012016 -1.121729 -0.161174 0.203135 -1.438354 0.977913 0.000191
1757663155.615259 -0.008965 -0.013161 -0.084878 0.014305 -0.017294 0.035097 -0.056268 0.033380 0.021935 0.009727 0.014518 -0.001186 -0.084115 -0.028801 0.000191 -0.000191 0.012016 -1.123255 -0.161174 0.202373 -1.440642 0.977913 0.000191
1757663155.617235 -0.008965 -0.013161 -0.084878 0.014305 -0.017294 0.035097 -0.056268 0.033380 0.021935 0.009727 0.014518 -0.001186 -0.084115 -0.028801 0.000191 -0.000191 0.012016 -1.124781 -0.161555 0.201991 -1.442931 0.977913 0.000191
1757663155.619217 -0.008965 -0.013161 -0.084878 0.014305 -0.017294 0.035097 -0.056268 0.033380 0.021935 0.009727 0.014518 -0.001186 -0.084115 -0.028801 0.000191 -0.000191 0.012016 -1.125925 -0.161937 0.201610 -1.445220 0.977913 0.000191
1757663155.621225 -0.008965 -0.013161 -0.084878 0.014305 -0.017294 0.035097 -0.056268 0.033380 0.021935 0.009727 0.014518 -0.001186 -0.084115 -0.028801 0.000191 -0.000191 0.012016 -1.127451 -0.162318 0.201228 -1.447509 0.977913 0.000191
1757663155.623214 -0.008965 -0.013161 -0.084878 0.014305 -0.017294 0.035097 -0.056268 0.033380 0.021935 0.009727 0.014518 -0.001186 -0.083734 -0.028801 0.000191 -0.000191 0.012016 -1.128977 -0.162318 0.200465 -1.450179 0.977913 0.000191
1757663155.625217 -0.008965 -0.013161 -0.084878 0.014305 -0.017294 0.035097 -0.056268 0.033380 0.021935 0.009727 0.014518 -0.001186 -0.083734 -0.028801 0.000191 -0.000191 0.012016 -1.130121 -0.162700 0.200084 -1.452468 0.977913 0.000191
1757663155.627216 -0.008965 -0.013161 -0.084878 0.014305 -0.017294 0.035097 -0.056268 0.033380 0.021935 0.009727 0.014518 -0.001186 -0.083734 -0.028801 0.000191 -0.000191 0.012016 -1.131647 -0.163081 0.199702 -1.454757 0.978294 0.000191
1757663155.629217 -0.008965 -0.013161 -0.084878 0.014305 -0.017294 0.035097 -0.056268 0.033380 0.021935 0.009727 0.014518 -0.001186 -0.083734 -0.028801 0.000191 -0.000191 0.012016 -1.133173 -0.163463 0.198939 -1.457046 0.978294 0.000191
1757663155.631215 -0.008965 -0.013161 -0.084878 0.014305 -0.017294 0.035097 -0.056268 0.033380 0.021935 0.009727 0.014518 -0.001186 -0.083734 -0.028801 0.000191 -0.000191 0.012016 -1.134317 -0.163463 0.198558 -1.459334 0.978294 0.000191
1757663155.633217 -0.008965 -0.013161 -0.084878 0.014305 -0.017294 0.035097 -0.056268 0.033380 0.021935 0.009727 0.014518 -0.001186 -0.083734 -0.028801 0.000191 -0.000191 0.012016 -1.135843 -0.163844 0.198176 -1.461623 0.978294 0.000191
1757663155.635215 -0.008965 -0.013161 -0.084878 0.014305 -0.017294 0.035097 -0.056268 0.033380 0.021935 0.009727 0.014518 -0.001186 -0.083352 -0.028801 0.000191 -0.000191 0.012016 -1.136988 -0.164226 0.197413 -1.463531 0.978294 0.000191
1757663155.637214 -0.008965 -0.013161 -0.084878 0.014305 -0.017294 0.035097 -0.056268 0.033380 0.021935 0.009727 0.014518 -0.001186 -0.083352 -0.028801 0.000191 -0.000191 0.012016 -1.138514 -0.164607 0.197032 -1.465819 0.978294 0.000191
1757663155.639214 -0.008965 -0.013161 -0.084878 0.014305 -0.017294 0.035097 -0.056268 0.033380 0.021935 0.009727 0.014518 -0.001186 -0.083352 -0.028801 0.000191 -0.000191 0.012016 -1.140039 -0.164989 0.196269 -1.468108 0.978294 0.000191
1757663155.641214 -0.008965 -0.013161 -0.084878 0.014305 -0.017294 0.035097 -0.056268 0.033380 0.021935 0.009727 0.014518 -0.001186 -0.083352 -0.028801 0.000191 -0.000191 0.012016 -1.141184 -0.165370 0.195888 -1.470398 0.978294 0.000191
1757663155.643215 -0.008965 -0.013161 -0.084878 0.014305 -0.017294 0.035097 -0.056268 0.033380 0.021935 0.009727 0.014518 -0.001186 -0.083352 -0.028801 0.000191 -0.000191 0.012016 -1.142710 -0.165751 0.195506 -1.472687 0.978676 0.000191
1757663155.645226 -0.008965 -0.013161 -0.084878 0.014305 -0.017294 0.035097 -0.056268 0.033380 0.021935 0.009727 0.014518 -0.001186 -0.083352 -0.028801 0.000191 -0.000191 0.012016 -1.143854 -0.166133 0.194743 -1.474594 0.978676 0.000191
1757663155.647261 -0.008965 -0.013161 -0.084878 0.014305 -0.017294 0.035097 -0.056268 0.033380 0.021935 0.009727 0.014518 -0.001186 -0.082971 -0.028801 0.000191 -0.000191 0.012016 -1.145380 -0.166133 0.194362 -1.476883 0.978676 0.000191
1757663155.649219 -0.008965 -0.013161 -0.084878 0.014305 -0.017294 0.035097 -0.056268 0.033380 0.021935 0.009727 0.014518 -0.001186 -0.082971 -0.028801 0.000191 -0.000191 0.012016 -1.146524 -0.166514 0.193599 -1.478790 0.978676 0.000191
1757663155.651225 -0.008965 -0.013161 -0.084878 0.014305 -0.017294 0.035097 -0.056268 0.033380 0.021935 0.009727 0.014518 -0.001186 -0.082971 -0.028801 0.000191 -0.000191 0.012016 -1.148050 -0.166896 0.192836 -1.481079 0.978676 0.000191
1757663155.653214 -0.008965 -0.013161 -0.084878 0.014305 -0.017294 0.035097 -0.056268 0.033380 0.021935 0.009727 0.014518 -0.001186 -0.082971 -0.028801 0.000191 -0.000191 0.012016 -1.149195 -0.167277 0.192073 -1.482986 0.978676 0.000191
1757663155.655205 -0.008965 -0.013161 -0.084878 0.014305 -0.017294 0.035097 -0.056268 0.033380 0.021935 0.009727 0.014518 -0.001186 -0.082971 -0.028801 0.000191 -0.000191 0.012016 -1.150721 -0.167659 0.191310 -1.485275 0.978676 0.000191
1757663155.657235 -0.008965 -0.013161 -0.084878 0.014305 -0.017294 0.035097 -0.056268 0.033380 0.021935 0.009727 0.014518 -0.001186 -0.082971 -0.028801 0.000191 -0.000191 0.012016 -1.151865 -0.168040 0.190928 -1.487183 0.978676 0.000191
1757663155.659208 -0.008965 -0.013161 -0.084878 0.014305 -0.017294 0.035097 -0.056268 0.033380 0.021935 0.009727 0.014518 -0.001186 -0.082971 -0.028801 0.000191 -0.000191 0.012016 -1.153391 -0.168422 0.190166 -1.489471 0.979057 0.000191
1757663155.661214 -0.008965 -0.013161 -0.084878 0.014305 -0.017294 0.035097 -0.056268 0.033380 0.021935 0.009727 0.014518 -0.001186 -0.082971 -0.028801 0.000191 -0.000191 0.012016 -1.154535 -0.168803 0.189021 -1.491379 0.979057 0.000191
1757663155.663207 -0.008965 -0.013161 -0.084878 0.014305 -0.017432 0.034841 -0.056268 0.033380 0.021935 0.009727 0.014518 -0.001186 -0.082589 -0.028801 0.000191 -0.000191 0.012016 -1.155680 -0.169566 0.188258 -1.493286 0.979057 0.000191
1757663155.665205 -0.008965 -0.013161 -0.084878 0.014305 -0.017432 0.034841 -0.056268 0.033380 0.021935 0.009727 0.014518 -0.001186 -0.082589 -0.028801 0.000191 -0.000191 0.012016 -1.157207 -0.169948 0.187495 -1.495575 0.979057 0.000191
1757663155.667206 -0.008965 -0.013161 -0.084878 0.014305 -0.017432 0.034841 -0.056268 0.033380 0.021935 0.009727 0.014518 -0.001186 -0.082589 -0.028801 0.000191 -0.000191 0.012016 -1.158351 -0.170329 0.186732 -1.497482 0.979057 0.000191
1757663155.669204 -0.008965 -0.013161 -0.084878 0.014305 -0.017432 0.034841 -0.056268 0.033380 0.021935 0.009727 0.014518 -0.001186 -0.082589 -0.028801 0.000191 -0.000191 0.012016 -1.159495 -0.170711 0.185588 -1.499390 0.979057 0.000191
1757663155.671216 -0.008965 -0.013161 -0.084878 0.014305 -0.017432 0.034841 -0.056268 0.033380 0.021935 0.009727 0.014518 -0.001186 -0.082589 -0.028801 0.000191 -0.000191 0.012016 -1.160640 -0.171092 0.184825 -1.501297 0.979057 0.000191
1757663155.673208 -0.008965 -0.013161 -0.084878 0.014305 -0.017432 0.034841 -0.056268 0.033380 0.021935 0.009727 0.014518 -0.001186 -0.082589 -0.028801 0.000191 -0.000191 0.012016 -1.162166 -0.171474 0.184062 -1.503586 0.979057 0.000191
1757663155.675203 -0.008965 -0.013161 -0.084878 0.014305 -0.017432 0.034841 -0.056268 0.033380 0.021935 0.009727 0.014518 -0.001186 -0.082589 -0.028801 0.000191 -0.000191 0.012016 -1.163310 -0.171855 0.182918 -1.505493 0.979439 0.000191
1757663155.677307 -0.008965 -0.013161 -0.084878 0.014305 -0.017432 0.034841 -0.056268 0.033380 0.021935 0.009727 0.014518 -0.001186 -0.082589 -0.028801 0.000191 -0.000191 0.012016 -1.164454 -0.172618 0.182155 -1.507401 0.979439 0.000191
1757663155.679231 -0.008965 -0.013161 -0.084878 0.014305 -0.017432 0.034841 -0.056268 0.033380 0.021935 0.009727 0.014518 -0.001186 -0.082589 -0.028801 0.000191 -0.000191 0.012016 -1.165599 -0.172999 0.181010 -1.509308 0.979439 0.000191
1757663155.681219 -0.008965 -0.013161 -0.084878 0.014305 -0.017432 0.034841 -0.056268 0.033380 0.021935 0.009727 0.014518 -0.001186 -0.082589 -0.028801 0.000191 -0.000191 0.012016 -1.166743 -0.173381 0.180247 -1.511215 0.979439 0.000191
1757663155.683253 -0.008965 -0.013161 -0.084878 0.014305 -0.017432 0.034841 -0.056268 0.033380 0.021935 0.009727 0.014518 -0.001186 -0.082589 -0.028801 0.000191 -0.000191 0.012016 -1.167888 -0.174144 0.179103 -1.513123 0.979439 0.000191
1757663155.685235 -0.008965 -0.013161 -0.084878 0.014305 -0.017432 0.034841 -0.056268 0.033380 0.021935 0.009727 0.014518 -0.001186 -0.082589 -0.028801 0.000191 -0.000191 0.012016 -1.169032 -0.174525 0.177958 -1.515030 0.979439 0.000191
1757663155.687259 -0.008965 -0.013161 -0.084878 0.014305 -0.017432 0.034841 -0.056268 0.033380 0.021935 0.009727 0.014518 -0.001186 -0.082589 -0.028801 0.000191 -0.000191 0.012016 -1.170558 -0.174907 0.177196 -1.516937 0.979439 0.000191
1757663155.689245 -0.008965 -0.013161 -0.084878 0.014305 -0.017432 0.034841 -0.056268 0.033380 0.021935 0.009727 0.014518 -0.001186 -0.082589 -0.028801 0.000191 -0.000191 0.012016 -1.171321 -0.175670 0.176051 -1.518463 0.979820 0.000191
1757663155.691216 -0.008965 -0.013161 -0.084878 0.014305 -0.017432 0.034841 -0.056268 0.033380 0.021935 0.009727 0.014518 -0.001186 -0.082589 -0.028801 0.000191 -0.000191 0.012016 -1.172465 -0.176051 0.174907 -1.520370 0.979820 0.000191
1757663155.693217 -0.008965 -0.013161 -0.084878 0.014305 -0.017432 0.034841 -0.056268 0.033380 0.021935 0.009727 0.014518 -0.001186 -0.082589 -0.028801 0.000191 -0.000191 0.012016 -1.173610 -0.176814 0.173762 -1.522278 0.979820 0.000191
1757663155.695216 -0.008965 -0.013161 -0.084878 0.014305 -0.017432 0.034841 -0.056268 0.033380 0.021935 0.009727 0.014518 -0.001186 -0.082589 -0.028801 0.000191 -0.000191 0.012016 -1.174754 -0.177196 0.172236 -1.523804 0.979820 0.000191
1757663155.697217 -0.008965 -0.013161 -0.084878 0.014305 -0.017432 0.034841 -0.056268 0.033380 0.021935 0.009727 0.014518 -0.001186 -0.082589 -0.028801 0.000191 -0.000191 0.012016 -1.175899 -0.177958 0.171092 -1.525711 0.979820 0.000191
1757663155.699213 -0.008965 -0.013161 -0.084878 0.014305 -0.017569 0.034584 -0.056268 0.033380 0.021935 0.009727 0.014518 -0.001186 -0.082589 -0.028801 0.000191 -0.000191 0.012016 -1.177043 -0.178340 0.169948 -1.527618 0.979820 0.000191
1757663155.701220 -0.008965 -0.013161 -0.084878 0.014305 -0.017569 0.034584 -0.056268 0.033380 0.021935 0.009727 0.014518 -0.001186 -0.082589 -0.028801 0.000191 -0.000191 0.012016 -1.178187 -0.179103 0.168803 -1.529144 0.979820 0.000191
1757663155.703213 -0.008965 -0.013161 -0.084878 0.014305 -0.017569 0.034584 -0.056268 0.033380 0.021935 0.009727 0.014518 -0.001186 -0.082589 -0.028801 0.000191 -0.000191 0.012016 -1.178950 -0.179484 0.167277 -1.530670 0.979820 0.000191
1757663155.705214 -0.008965 -0.013161 -0.084878 0.014305 -0.017569 0.034584 -0.056268 0.033380 0.021935 0.009727 0.014518 -0.001186 -0.082589 -0.028801 0.000191 -0.000191 0.012016 -1.180095 -0.180247 0.166133 -1.532578 0.980202 0.000191
1757663155.707226 -0.008965 -0.013161 -0.084878 0.014305 -0.017569 0.034584 -0.056268 0.033380 0.021935 0.009727 0.014518 -0.001186 -0.082589 -0.028801 0.000191 -0.000191 0.012016 -1.181239 -0.180629 0.164607 -1.534104 0.980202 0.000191
1757663155.709243 -0.008965 -0.013161 -0.084878 0.014305 -0.017569 0.034584 -0.056268 0.033380 0.021935 0.009727 0.014518 -0.001186 -0.082589 -0.028801 0.000191 -0.000191 0.012016 -1.182002 -0.181392 0.163463 -1.536012 0.980202 0.000191
1757663155.711268 -0.008965 -0.013161 -0.084878 0.014305 -0.017569 0.034584 -0.056268 0.033380 0.021935 0.009727 0.014518 -0.001186 -0.082589 -0.028801 0.000191 -0.000191 0.012016 -1.183146 -0.182155 0.161937 -1.537538 0.980202 0.000191
1757663155.713228 -0.008965 -0.013161 -0.084878 0.014305 -0.017569 0.034584 -0.056268 0.033380 0.021935 0.009727 0.014518 -0.001186 -0.082589 -0.028801 0.000191 -0.000191 0.012016 -1.183909 -0.182536 0.160411 -1.539063 0.980202 0.000191
1757663155.715217 -0.008965 -0.013161 -0.084878 0.014305 -0.017569 0.034584 -0.056268 0.033380 0.021935 0.009727 0.014518 -0.001186 -0.082589 -0.028801 0.000191 -0.000191 0.012016 -1.185054 -0.183299 0.158885 -1.540971 0.980202 0.000191
1757663155.717211 -0.008965 -0.013161 -0.084878 0.014305 -0.017569 0.034584 -0.056268 0.033380 0.021935 0.009727 0.014518 -0.001186 -0.082589 -0.028801 0.000191 -0.000191 0.012016 -1.185817 -0.184062 0.157359 -1.542497 0.980202 0.000191
1757663155.719213 -0.008965 -0.013161 -0.084878 0.014305 -0.017569 0.034584 -0.056268 0.033380 0.021935 0.009727 0.014518 -0.001186 -0.082589 -0.028801 0.000191 -0.000191 0.012016 -1.186961 -0.184443 0.155832 -1.544023 0.980202 0.000191
1757663155.721216 -0.008965 -0.013161 -0.084878 0.014305 -0.017569 0.034584 -0.056268 0.033380 0.021935 0.009727 0.014518 -0.001186 -0.082589 -0.028801 0.000191 -0.000191 0.012016 -1.187724 -0.185206 0.154306 -1.545548 0.980202 0.000191
1757663155.723212 -0.008965 -0.013161 -0.084878 0.014305 -0.017707 0.034328 -0.056268 0.033380 0.021935 0.009727 0.014518 -0.001186 -0.082589 -0.028801 0.000191 -0.000191 0.012016 -1.188487 -0.185969 0.152781 -1.547074 0.980202 0.000191
1757663155.725213 -0.008965 -0.013161 -0.084878 0.014305 -0.017707 0.034328 -0.056268 0.033380 0.021935 0.009727 0.014518 -0.001186 -0.082589 -0.028801 0.000191 -0.000191 0.012016 -1.189631 -0.186732 0.151255 -1.548600 0.980202 0.000191
1757663155.727214 -0.008965 -0.013161 -0.084878 0.014305 -0.017707 0.034328 -0.056268 0.033380 0.021935 0.009727 0.014518 -0.001186 -0.082589 -0.028801 0.000191 -0.000191 0.012016 -1.190394 -0.187495 0.149729 -1.550126 0.980202 0.000191
1757663155.729213 -0.008965 -0.013161 -0.084878 0.014305 -0.017707 0.034328 -0.056268 0.033380 0.021935 0.009727 0.014518 -0.001186 -0.082589 -0.028801 0.000191 -0.000191 0.012016 -1.191157 -0.188258 0.147821 -1.551270 0.980202 0.000191
1757663155.731212 -0.008965 -0.013161 -0.084878 0.014305 -0.017707 0.034328 -0.056268 0.033380 0.021935 0.009727 0.014518 -0.001186 -0.082589 -0.028801 0.000191 -0.000191 0.012016 -1.191920 -0.188640 0.146296 -1.552796 0.980202 0.000191
1757663155.733213 -0.008965 -0.013161 -0.084878 0.014305 -0.017707 0.034328 -0.056268 0.033380 0.021935 0.009727 0.014518 -0.001186 -0.082589 -0.028801 0.000191 -0.000191 0.012016 -1.192683 -0.189403 0.144770 -1.553941 0.980202 0.000191
1757663155.735211 -0.008965 -0.013161 -0.084878 0.014305 -0.017707 0.034328 -0.056268 0.033380 0.021935 0.009727 0.014518 -0.001186 -0.082589 -0.028801 0.000191 -0.000191 0.012016 -1.193828 -0.190166 0.142862 -1.555467 0.980202 0.000191
1757663155.737213 -0.008965 -0.013161 -0.084878 0.014305 -0.017707 0.034328 -0.056268 0.033380 0.021935 0.009727 0.014518 -0.001186 -0.082589 -0.028801 0.000191 -0.000191 0.012016 -1.194591 -0.190928 0.140955 -1.556611 0.980202 0.000191
1757663155.739210 -0.008965 -0.013161 -0.084878 0.014305 -0.017707 0.034328 -0.056268 0.033380 0.021935 0.009727 0.014518 -0.001186 -0.082589 -0.028801 0.000191 -0.000191 0.012016 -1.194972 -0.191691 0.139429 -1.558137 0.980202 0.000191
1757663155.741245 -0.008965 -0.013161 -0.084878 0.014305 -0.017707 0.034328 -0.056268 0.033380 0.021935 0.009727 0.014518 -0.001186 -0.082589 -0.028801 0.000191 -0.000191 0.012016 -1.195735 -0.192454 0.137522 -1.559281 0.980202 0.000191
1757663155.743212 -0.008583 -0.013161 -0.084878 0.014305 -0.017845 0.034072 -0.056268 0.033380 0.021935 0.009727 0.014518 -0.001186 -0.082589 -0.028801 0.000191 -0.000191 0.012016 -1.196498 -0.193599 0.135996 -1.560426 0.980202 0.000191
1757663155.745253 -0.008583 -0.013161 -0.084878 0.014305 -0.017845 0.034072 -0.056268 0.033380 0.021935 0.009727 0.014518 -0.001186 -0.082589 -0.028801 0.000191 -0.000191 0.012016 -1.197261 -0.194362 0.134089 -1.561570 0.980202 0.000191
1757663155.747214 -0.008583 -0.013161 -0.084878 0.014305 -0.017845 0.034072 -0.056268 0.033380 0.021935 0.009727 0.014518 -0.001186 -0.082589 -0.028801 0.000191 -0.000191 0.012016 -1.198024 -0.195125 0.132181 -1.562715 0.980202 0.000191
1757663155.749211 -0.008583 -0.013161 -0.084878 0.014305 -0.017845 0.034072 -0.056268 0.033380 0.021935 0.009727 0.014518 -0.001186 -0.082589 -0.028801 0.000191 -0.000191 0.012016 -1.198787 -0.195888 0.130655 -1.564240 0.980202 0.000191
1757663155.751197 -0.008583 -0.013161 -0.084878 0.014305 -0.017845 0.034072 -0.056268 0.033380 0.021935 0.009727 0.014518 -0.001186 -0.082589 -0.028801 0.000191 -0.000191 0.012016 -1.199550 -0.196651 0.128748 -1.565385 0.980202 0.000191
1757663155.753197 -0.008583 -0.013161 -0.084878 0.014305 -0.017845 0.034072 -0.056268 0.033380 0.021935 0.009727 0.014518 -0.001186 -0.082589 -0.028801 0.000191 -0.000191 0.012398 -1.199931 -0.197795 0.126841 -1.566529 0.980202 0.000191
1757663155.755193 -0.008583 -0.013161 -0.084878 0.014305 -0.017845 0.034072 -0.056268 0.033380 0.021935 0.009727 0.014518 -0.001186 -0.082589 -0.028801 0.000191 -0.000191 0.012398 -1.200694 -0.198558 0.124933 -1.567674 0.980202 0.000191
1757663155.757195 -0.008583 -0.013161 -0.084878 0.014305 -0.017845 0.034072 -0.056268 0.033380 0.021935 0.009727 0.014518 -0.001186 -0.082589 -0.028801 0.000191 -0.000191 0.012398 -1.201076 -0.199321 0.123026 -1.568818 0.980202 0.000191
1757663155.759199 -0.008583 -0.013161 -0.084878 0.014305 -0.017845 0.034072 -0.056268 0.033380 0.021935 0.009727 0.014518 -0.001186 -0.082971 -0.028419 0.000191 -0.000191 0.012398 -1.201838 -0.200465 0.121119 -1.569581 0.980202 0.000191
1757663155.761204 -0.008583 -0.013161 -0.084878 0.014305 -0.017845 0.034072 -0.056268 0.033380 0.021935 0.009727 0.014518 -0.001186 -0.082971 -0.028419 0.000191 -0.000191 0.012398 -1.202220 -0.201228 0.119211 -1.570725 0.980202 0.000191
1757663155.763205 -0.008583 -0.013161 -0.084878 0.014305 -0.017845 0.034072 -0.056268 0.033380 0.021935 0.009727 0.014518 -0.001186 -0.082971 -0.028419 0.000191 -0.000191 0.012398 -1.202983 -0.202373 0.117304 -1.571870 0.980202 0.000191
1757663155.765212 -0.008583 -0.013161 -0.084878 0.014305 -0.017845 0.034072 -0.056268 0.033380 0.021935 0.009727 0.014518 -0.001186 -0.082971 -0.028419 0.000191 -0.000191 0.012398 -1.203364 -0.203135 0.115015 -1.573014 0.980202 0.000191
1757663155.767213 -0.008583 -0.013161 -0.084878 0.014305 -0.017982 0.033816 -0.056268 0.033380 0.021935 0.009727 0.014518 -0.001186 -0.082971 -0.028419 0.000191 -0.000191 0.012398 -1.204127 -0.204280 0.113108 -1.574159 0.979820 0.000191
1757663155.769205 -0.008583 -0.013161 -0.084878 0.014305 -0.017982 0.033816 -0.056268 0.033380 0.021935 0.009727 0.014518 -0.001186 -0.082971 -0.028419 0.000191 -0.000191 0.012398 -1.204509 -0.205043 0.111200 -1.575303 0.979820 0.000191
1757663155.771242 -0.008583 -0.013161 -0.084878 0.014305 -0.017982 0.033816 -0.056268 0.033380 0.021935 0.009727 0.014518 -0.001186 -0.083352 -0.028419 0.000191 -0.000191 0.012398 -1.205272 -0.206187 0.109293 -1.576066 0.979820 0.000191
1757663155.773232 -0.008583 -0.013161 -0.084878 0.014305 -0.017982 0.033816 -0.056268 0.033380 0.021935 0.009727 0.014518 -0.001186 -0.083352 -0.028419 0.000191 -0.000191 0.012398 -1.205653 -0.207332 0.107004 -1.577210 0.979820 0.000191
1757663155.775223 -0.008583 -0.013161 -0.084878 0.014305 -0.017982 0.033816 -0.056268 0.033380 0.021935 0.009727 0.014518 -0.001186 -0.083352 -0.028419 0.000191 -0.000191 0.012398 -1.206035 -0.208095 0.105097 -1.577973 0.979820 0.000191
1757663155.777234 -0.008583 -0.013161 -0.084878 0.014305 -0.017982 0.033816 -0.056268 0.033380 0.021935 0.009727 0.014518 -0.001186 -0.083352 -0.028419 0.000191 -0.000191 0.012398 -1.206798 -0.209239 0.102808 -1.579118 0.979820 0.000191
1757663155.779205 -0.008583 -0.013161 -0.084878 0.014305 -0.017982 0.033816 -0.056268 0.033380 0.021935 0.009727 0.014518 -0.001186 -0.083352 -0.028419 0.000191 -0.000191 0.012398 -1.207179 -0.210383 0.100901 -1.580262 0.979820 0.000191
1757663155.781204 -0.008583 -0.013161 -0.084878 0.014305 -0.017982 0.033816 -0.056268 0.033380 0.021935 0.009727 0.014518 -0.001186 -0.083352 -0.028419 0.000191 -0.000572 0.012398 -1.207561 -0.211146 0.098612 -1.581025 0.979820 0.000191
1757663155.783202 -0.008583 -0.013161 -0.084878 0.014305 -0.017982 0.033816 -0.056268 0.033380 0.021935 0.009727 0.014518 -0.001186 -0.083352 -0.028419 0.000191 -0.000191 0.012398 -1.207942 -0.212291 0.096323 -1.581788 0.979820 0.000191
1757663155.785205 -0.008583 -0.013161 -0.084878 0.014305 -0.017982 0.033816 -0.056268 0.033380 0.021935 0.009727 0.014518 -0.001186 -0.083734 -0.028419 0.000191 -0.000572 0.012398 -1.208323 -0.213435 0.094034 -1.582932 0.979820 0.000191
1757663155.787203 -0.008583 -0.013161 -0.084878 0.014305 -0.017982 0.033816 -0.056268 0.033380 0.021935 0.009727 0.014518 -0.001186 -0.083734 -0.028419 0.000191 -0.000191 0.012398 -1.208705 -0.214198 0.092126 -1.583695 0.979820 0.000191
1757663155.789226 -0.008583 -0.013161 -0.084878 0.014305 -0.017982 0.033816 -0.056268 0.033380 0.021935 0.009727 0.014518 -0.001186 -0.083734 -0.028419 0.000191 -0.000572 0.012398 -1.209086 -0.215343 0.089837 -1.584458 0.979820 0.000191
1757663155.791200 -0.008583 -0.013161 -0.084878 0.014305 -0.017982 0.033816 -0.056268 0.033380 0.021935 0.009727 0.014518 -0.001186 -0.083734 -0.028419 0.000191 -0.000191 0.012398 -1.209468 -0.216487 0.087548 -1.585221 0.979439 0.000191
1757663155.793213 -0.008583 -0.013161 -0.084878 0.014305 -0.017982 0.033816 -0.056268 0.033380 0.021935 0.009727 0.014518 -0.001186 -0.083734 -0.028419 0.000191 -0.000572 0.012398 -1.209849 -0.217250 0.085259 -1.585984 0.979439 0.000191
1757663155.795203 -0.008583 -0.013161 -0.084878 0.014305 -0.017982 0.033816 -0.056268 0.033380 0.021935 0.009727 0.014518 -0.001186 -0.083734 -0.028419 0.000191 -0.000572 0.012398 -1.210231 -0.218394 0.082971 -1.586747 0.979439 0.000191
1757663155.797204 -0.008583 -0.013161 -0.084878 0.014305 -0.017982 0.033816 -0.056268 0.033380 0.021935 0.009727 0.014518 -0.001186 -0.083734 -0.028419 0.000191 -0.000191 0.012398 -1.210612 -0.219540 0.080682 -1.587510 0.979439 0.000191
1757663155.799212 -0.008583 -0.013161 -0.084878 0.014305 -0.018120 0.033560 -0.056268 0.033380 0.021935 0.009727 0.014518 -0.001186 -0.083734 -0.028419 0.000191 -0.000572 0.012398 -1.210994 -0.220684 0.078393 -1.588273 0.979439 0.000191
1757663155.801203 -0.008202 -0.013161 -0.084878 0.014305 -0.018120 0.033560 -0.056268 0.033380 0.021935 0.009727 0.014518 -0.001186 -0.083734 -0.028419 0.000191 -0.000572 0.012398 -1.211375 -0.221828 0.076104 -1.589036 0.979439 0.000191
1757663155.803247 -0.008202 -0.013161 -0.084878 0.014305 -0.018120 0.033560 -0.056268 0.033380 0.021935 0.009727 0.014653 -0.001442 -0.084115 -0.028419 0.000191 -0.000572 0.012398 -1.211375 -0.222591 0.073815 -1.589417 0.979439 0.000191
1757663155.805221 -0.008202 -0.013161 -0.084878 0.014305 -0.018120 0.033560 -0.056268 0.033380 0.021935 0.009727 0.014653 -0.001442 -0.084115 -0.028419 0.000191 -0.000572 0.012398 -1.211757 -0.223736 0.071527 -1.590180 0.979057 0.000191
1757663155.807267 -0.008202 -0.013161 -0.084878 0.014305 -0.018120 0.033560 -0.056268 0.033380 0.021935 0.009727 0.014653 -0.001442 -0.084115 -0.028419 0.000191 -0.000572 0.012398 -1.212138 -0.224880 0.068856 -1.590562 0.979057 0.000191
1757663155.809222 -0.008202 -0.013161 -0.084878 0.014305 -0.018120 0.033560 -0.056268 0.033380 0.021935 0.009727 0.014653 -0.001442 -0.084115 -0.028419 0.000191 -0.000191 0.012398 -1.212520 -0.226025 0.066567 -1.591325 0.979057 0.000191
1757663155.811224 -0.008202 -0.013161 -0.084878 0.014305 -0.018120 0.033560 -0.056268 0.033380 0.022316 0.009727 0.014653 -0.001442 -0.084115 -0.028419 0.000191 -0.000572 0.012398 -1.212520 -0.227169 0.064279 -1.591706 0.979057 0.000191
1757663155.813211 -0.008202 -0.013161 -0.084878 0.014305 -0.018120 0.033560 -0.056268 0.033380 0.022316 0.009727 0.014653 -0.001442 -0.084115 -0.028419 0.000191 -0.000572 0.012398 -1.212901 -0.228313 0.061990 -1.592469 0.979057 0.000191
1757663155.815202 -0.008202 -0.013161 -0.084878 0.014305 -0.018120 0.033560 -0.056268 0.033380 0.022316 0.009727 0.014653 -0.001442 -0.084115 -0.028419 0.000191 -0.000572 0.012398 -1.212901 -0.229076 0.059319 -1.592851 0.979057 0.000191
1757663155.817204 -0.008202 -0.013161 -0.084878 0.014305 -0.018120 0.033560 -0.056268 0.033380 0.022316 0.009727 0.014653 -0.001442 -0.084496 -0.028419 0.000191 -0.000572 0.012398 -1.213283 -0.230221 0.057031 -1.593232 0.979057 0.000191
1757663155.819227 -0.008202 -0.013161 -0.084878 0.014305 -0.018120 0.033560 -0.056268 0.033380 0.022316 0.009727 0.014653 -0.001442 -0.084496 -0.028419 0.000191 -0.000572 0.012398 -1.213283 -0.231365 0.054742 -1.593996 0.979057 0.000191
1757663155.821266 -0.008202 -0.013161 -0.084878 0.014305 -0.018120 0.033560 -0.056268 0.033380 0.022316 0.009727 0.014653 -0.001442 -0.084496 -0.028419 0.000191 -0.000572 0.012398 -1.213664 -0.232510 0.052072 -1.594378 0.978676 0.000191
1757663155.823207 -0.008202 -0.013161 -0.084878 0.014305 -0.018120 0.033560 -0.056268 0.033380 0.022316 0.009727 0.014653 -0.001442 -0.084496 -0.028419 0.000191 -0.000572 0.012398 -1.213664 -0.233654 0.049783 -1.594759 0.978676 0.000191
1757663155.825212 -0.008202 -0.013161 -0.084878 0.014305 -0.018120 0.033560 -0.056268 0.033380 0.022316 0.009727 0.014653 -0.001442 -0.084496 -0.028419 0.000191 -0.000572 0.012398 -1.213664 -0.234798 0.047494 -1.595140 0.978676 0.000191
1757663155.827201 -0.008202 -0.013161 -0.084878 0.014305 -0.018120 0.033560 -0.056268 0.033761 0.022316 0.009727 0.014653 -0.001442 -0.084496 -0.028419 0.000191 -0.000572 0.012398 -1.214046 -0.235943 0.044824 -1.595903 0.978676 0.000191
1757663155.829229 -0.008202 -0.013161 -0.084878 0.014305 -0.018120 0.033560 -0.056268 0.033761 0.022316 0.009727 0.014653 -0.001442 -0.084878 -0.028419 0.000191 -0.000572 0.012398 -1.214046 -0.237087 0.042535 -1.596285 0.978676 0.000191
1757663155.831204 -0.008202 -0.013161 -0.084878 0.014305 -0.018120 0.033560 -0.056268 0.033761 0.022316 0.009727 0.014653 -0.001442 -0.084878 -0.028419 0.000191 -0.000572 0.012398 -1.214046 -0.237850 0.039865 -1.596666 0.978676 0.000191
1757663155.833206 -0.008202 -0.013161 -0.084878 0.014305 -0.018120 0.033560 -0.056268 0.033761 0.022316 0.009727 0.014653 -0.001442 -0.084878 -0.028419 0.000191 -0.000572 0.012398 -1.214046 -0.238995 0.037576 -1.597048 0.978676 0.000191
1757663155.835247 -0.008202 -0.012779 -0.084878 0.014305 -0.018120 0.033560 -0.056268 0.033761 0.022316 0.009727 0.014653 -0.001442 -0.084878 -0.028419 0.000191 -0.000572 0.012398 -1.214046 -0.240139 0.034905 -1.597429 0.978294 0.000191
1757663155.837214 -0.008202 -0.012779 -0.084878 0.014305 -0.018120 0.033560 -0.056268 0.033761 0.022316 0.009727 0.014653 -0.001442 -0.084878 -0.028419 0.000191 -0.000572 0.012398 -1.214427 -0.241283 0.032235 -1.597811 0.978294 0.000191
1757663155.839203 -0.008202 -0.012779 -0.084878 0.014305 -0.018120 0.033560 -0.056268 0.033761 0.022316 0.009727 0.014653 -0.001442 -0.085259 -0.028419 0.000191 -0.000572 0.012398 -1.214427 -0.242428 0.029945 -1.598192 0.978294 0.000191
1757663155.841227 -0.008202 -0.012779 -0.084878 0.014305 -0.018120 0.033560 -0.056268 0.033761 0.022316 0.009727 0.014653 -0.001442 -0.085259 -0.028419 0.000191 -0.000572 0.012398 -1.214427 -0.243572 0.027275 -1.598574 0.978294 0.000191
1757663155.843223 -0.008202 -0.012779 -0.084878 0.014305 -0.018120 0.033560 -0.056268 0.033761 0.022316 0.009727 0.014653 -0.001442 -0.085259 -0.028419 0.000191 -0.000572 0.012398 -1.214427 -0.244335 0.024605 -1.598955 0.978294 0.000191
1757663155.845250 -0.008202 -0.012779 -0.084878 0.014305 -0.018120 0.033560 -0.056268 0.033761 0.022316 0.009727 0.014653 -0.001442 -0.085259 -0.028419 0.000191 -0.000572 0.012398 -1.214427 -0.245480 0.021935 -1.598955 0.978294 0.000191
1757663155.847220 -0.008202 -0.012779 -0.084878 0.014305 -0.018120 0.033560 -0.056268 0.033761 0.022316 0.009727 0.014653 -0.001442 -0.085259 -0.028419 0.000191 -0.000191 0.012779 -1.214427 -0.246624 0.019646 -1.599337 0.978294 0.000191
1757663155.849212 -0.008202 -0.012779 -0.084878 0.014305 -0.018120 0.033560 -0.056268 0.033761 0.022316 0.009727 0.014653 -0.001442 -0.085641 -0.028419 0.000191 -0.000191 0.012779 -1.214427 -0.247768 0.016975 -1.599718 0.978294 0.000191
1757663155.851205 -0.008202 -0.012779 -0.084878 0.014305 -0.018120 0.033560 -0.056268 0.033761 0.022316 0.009727 0.014653 -0.001442 -0.085641 -0.028419 0.000191 -0.000572 0.012779 -1.214427 -0.248913 0.014305 -1.599718 0.977913 0.000191
1757663155.853203 -0.008202 -0.012779 -0.084878 0.014305 -0.018120 0.033560 -0.056268 0.034142 0.022316 0.009727 0.014653 -0.001442 -0.085641 -0.028419 0.000191 -0.000572 0.012779 -1.214427 -0.249676 0.012016 -1.600100 0.977913 0.000191
1757663155.855210 -0.008202 -0.012779 -0.084878 0.014305 -0.018120 0.033560 -0.056268 0.034142 0.022316 0.009727 0.014653 -0.001442 -0.085641 -0.028419 0.000191 -0.000572 0.012779 -1.214427 -0.250820 0.009346 -1.600100 0.977913 0.000191
1757663155.857203 -0.008202 -0.012398 -0.084878 0.014305 -0.018120 0.033560 -0.056268 0.034142 0.022316 0.009727 0.014653 -0.001442 -0.085641 -0.028419 0.000191 -0.000572 0.012779 -1.214427 -0.251965 0.006676 -1.600100 0.977913 0.000191
1757663155.859217 -0.008202 -0.012398 -0.084878 0.014305 -0.018120 0.033560 -0.056268 0.034142 0.022316 0.009727 0.014653 -0.001442 -0.086022 -0.028419 0.000191 -0.000572 0.012779 -1.214427 -0.252728 0.004005 -1.600481 0.977913 0.000191
1757663155.861198 -0.008202 -0.012398 -0.084878 0.014305 -0.018120 0.033560 -0.056268 0.034142 0.022316 0.009727 0.014653 -0.001442 -0.086022 -0.028419 0.000191 -0.000572 0.012779 -1.214427 -0.253872 0.001335 -1.600481 0.977913 0.000191
1757663155.863201 -0.008202 -0.012398 -0.084878 0.014305 -0.018120 0.033560 -0.056268 0.034142 0.022316 0.009727 0.014653 -0.001442 -0.086022 -0.028419 0.000191 -0.000572 0.012779 -1.214427 -0.255016 -0.001335 -1.600481 0.977913 0.000191
1757663155.865202 -0.008202 -0.012398 -0.084878 0.014305 -0.018120 0.033560 -0.056268 0.034142 0.022316 0.009727 0.014653 -0.001442 -0.086022 -0.028419 0.000191 -0.000572 0.012779 -1.214427 -0.255779 -0.004005 -1.600481 0.977531 0.000191
1757663155.867264 -0.008202 -0.012398 -0.084878 0.014305 -0.018120 0.033560 -0.056268 0.034142 0.022316 0.009727 0.014653 -0.001442 -0.086022 -0.028419 0.000191 -0.000572 0.012779 -1.214427 -0.256924 -0.006676 -1.600863 0.977531 0.000191
1757663155.869284 -0.008202 -0.012398 -0.084878 0.014305 -0.018120 0.033560 -0.056268 0.034142 0.022316 0.009727 0.014653 -0.001442 -0.086404 -0.028419 0.000191 -0.000572 0.012779 -1.214427 -0.258068 -0.009346 -1.600863 0.977531 0.000191
1757663155.871243 -0.008202 -0.012398 -0.084878 0.014305 -0.018120 0.033560 -0.056268 0.034524 0.022316 0.009727 0.014653 -0.001442 -0.086404 -0.028419 0.000191 -0.000572 0.012779 -1.214427 -0.258831 -0.012016 -1.600863 0.977531 0.000191
1757663155.873230 -0.008202 -0.012398 -0.084878 0.014305 -0.018120 0.033560 -0.056268 0.034524 0.022316 0.009727 0.014653 -0.001442 -0.086404 -0.028419 0.000191 -0.000572 0.012779 -1.214427 -0.259975 -0.014687 -1.600863 0.977531 0.000191
1757663155.875205 -0.008202 -0.012016 -0.084878 0.014305 -0.018120 0.033560 -0.056268 0.034524 0.022316 0.009727 0.014653 -0.001442 -0.086404 -0.028419 0.000191 -0.000572 0.012779 -1.214427 -0.261120 -0.016975 -1.601244 0.977531 0.000191
1757663155.877203 -0.008202 -0.012016 -0.084878 0.014305 -0.018120 0.033560 -0.056268 0.034524 0.022316 0.009727 0.014653 -0.001442 -0.086785 -0.028419 0.000191 -0.000572 0.012779 -1.214427 -0.262264 -0.020027 -1.601244 0.977531 0.000191
1757663155.879205 -0.008202 -0.012016 -0.084878 0.014305 -0.018120 0.033560 -0.056268 0.034524 0.022316 0.009727 0.014653 -0.001442 -0.086785 -0.028419 0.000191 -0.000572 0.012779 -1.214046 -0.263027 -0.022697 -1.601244 0.977531 0.000191
1757663155.881207 -0.008202 -0.012016 -0.084878 0.014305 -0.018120 0.033560 -0.056268 0.034524 0.022316 0.009727 0.014653 -0.001442 -0.086785 -0.028419 0.000191 -0.000572 0.012779 -1.214046 -0.264172 -0.025368 -1.601244 0.977150 0.000191
1757663155.883209 -0.008202 -0.012016 -0.084878 0.014305 -0.018120 0.033560 -0.056268 0.034524 0.022316 0.009727 0.014653 -0.001442 -0.086785 -0.028419 0.000191 -0.000191 0.012779 -1.214046 -0.265316 -0.028038 -1.601244 0.977150 0.000191
1757663155.885208 -0.008202 -0.012016 -0.084878 0.014305 -0.018120 0.033560 -0.056268 0.034524 0.022316 0.009727 0.014653 -0.001442 -0.087167 -0.028419 0.000191 -0.000191 0.012779 -1.214046 -0.266460 -0.030708 -1.601244 0.977150 0.000191
1757663155.887204 -0.008202 -0.012016 -0.084878 0.014305 -0.018120 0.033560 -0.056268 0.034524 0.022316 0.009727 0.014653 -0.001442 -0.087167 -0.028419 0.000191 -0.000191 0.012779 -1.213664 -0.267223 -0.033761 -1.601625 0.977150 0.000191
1757663155.889211 -0.008202 -0.012016 -0.084878 0.014305 -0.018120 0.033560 -0.056268 0.034524 0.022316 0.009727 0.014653 -0.001442 -0.087167 -0.028419 0.000191 -0.000191 0.012779 -1.213664 -0.268368 -0.036431 -1.601625 0.977150 0.000191
1757663155.891202 -0.008202 -0.012016 -0.084878 0.014305 -0.018120 0.033560 -0.056268 0.034905 0.022316 0.009727 0.014653 -0.001442 -0.087167 -0.028038 0.000191 -0.000191 0.012779 -1.213664 -0.269512 -0.039483 -1.601625 0.977150 0.000191
1757663155.893205 -0.008202 -0.011635 -0.084878 0.014305 -0.018120 0.033560 -0.056268 0.034905 0.022316 0.009727 0.014653 -0.001442 -0.087548 -0.028038 0.000191 -0.000572 0.012779 -1.213283 -0.270657 -0.042153 -1.601625 0.977150 0.000191
1757663155.895210 -0.008202 -0.011635 -0.084878 0.014305 -0.018120 0.033560 -0.056268 0.034905 0.022316 0.009727 0.014653 -0.001442 -0.087548 -0.028038 0.000191 -0.000191 0.012779 -1.213283 -0.271420 -0.044824 -1.601625 0.977150 0.000191
1757663155.897209 -0.008202 -0.011635 -0.084878 0.014305 -0.018120 0.033560 -0.056268 0.034905 0.022316 0.009727 0.014653 -0.001442 -0.087548 -0.028038 0.000191 -0.000191 0.012779 -1.213283 -0.272564 -0.047875 -1.601625 0.976768 0.000191
1757663155.899247 -0.008202 -0.011635 -0.084878 0.014305 -0.018120 0.033560 -0.056268 0.034905 0.022316 0.009727 0.014653 -0.001442 -0.087930 -0.028038 0.000191 -0.000572 0.012779 -1.213283 -0.273708 -0.050927 -1.601625 0.976768 0.000191
1757663155.901217 -0.008202 -0.011635 -0.084878 0.014305 -0.018120 0.033560 -0.056268 0.034905 0.022316 0.009727 0.014653 -0.001442 -0.087930 -0.028038 0.000191 -0.000572 0.012779 -1.212901 -0.274853 -0.053597 -1.601625 0.976768 0.000191
1757663155.903206 -0.008202 -0.011635 -0.084878 0.014305 -0.018120 0.033560 -0.056268 0.034905 0.022316 0.009727 0.014653 -0.001442 -0.087930 -0.028038 0.000191 -0.000191 0.012779 -1.212901 -0.275616 -0.056649 -1.601625 0.976768 0.000191
1757663155.905236 -0.008202 -0.011635 -0.084878 0.014305 -0.018120 0.033560 -0.056268 0.034905 0.022316 0.009727 0.014653 -0.001442 -0.087930 -0.028038 0.000191 -0.000191 0.012779 -1.212901 -0.276760 -0.059701 -1.601625 0.976768 0.000191
1757663155.907209 -0.008202 -0.011635 -0.084878 0.014305 -0.018120 0.033560 -0.056268 0.035287 0.022316 0.009727 0.014653 -0.001442 -0.088311 -0.028038 0.000191 -0.000572 0.013161 -1.212901 -0.277905 -0.062371 -1.601625 0.976768 0.000191
1757663155.909211 -0.008202 -0.011635 -0.084878 0.014305 -0.018120 0.033560 -0.056268 0.035287 0.022316 0.009727 0.014653 -0.001442 -0.088311 -0.028038 0.000191 -0.000191 0.013161 -1.212520 -0.279049 -0.065423 -1.601625 0.976768 0.000191
1757663155.911210 -0.008202 -0.011253 -0.084878 0.014305 -0.018120 0.033560 -0.056268 0.035287 0.022316 0.009727 0.014653 -0.001442 -0.088311 -0.028038 0.000191 -0.000191 0.013161 -1.212520 -0.280193 -0.068475 -1.601625 0.976768 0.000191
1757663155.913207 -0.008202 -0.011253 -0.084878 0.014305 -0.018120 0.033560 -0.056268 0.035287 0.022316 0.009727 0.014653 -0.001442 -0.088693 -0.028038 0.000191 -0.000191 0.013161 -1.212520 -0.281339 -0.071527 -1.601625 0.976387 0.000191
1757663155.915201 -0.008202 -0.011253 -0.084878 0.014305 -0.018120 0.033560 -0.056268 0.035287 0.022316 0.009727 0.014653 -0.001442 -0.088693 -0.027657 0.000191 -0.000572 0.013161 -1.212520 -0.282483 -0.074197 -1.601625 0.976387 0.000191
1757663155.917209 -0.008202 -0.011253 -0.084878 0.014305 -0.018120 0.033560 -0.056268 0.035287 0.022316 0.009727 0.014653 -0.001442 -0.088693 -0.027657 0.000572 -0.000572 0.013161 -1.212138 -0.283246 -0.077249 -1.602007 0.976387 0.000191
1757663155.919204 -0.008202 -0.011253 -0.084878 0.014305 -0.018120 0.033560 -0.056268 0.035287 0.022316 0.009727 0.014653 -0.001442 -0.089074 -0.027657 0.000572 -0.000572 0.013161 -1.212138 -0.284390 -0.080300 -1.602007 0.976387 0.000191
1757663155.921209 -0.008202 -0.011253 -0.084878 0.014305 -0.018120 0.033560 -0.056268 0.035287 0.022316 0.009727 0.014653 -0.001442 -0.089074 -0.027657 0.000572 -0.000191 0.013161 -1.212138 -0.285535 -0.083352 -1.602007 0.976387 0.000191
1757663155.923203 -0.008202 -0.011253 -0.084878 0.014305 -0.018120 0.033560 -0.056268 0.035668 0.022316 0.009727 0.014653 -0.001442 -0.089074 -0.027657 0.000572 -0.000191 0.013161 -1.212138 -0.286679 -0.086022 -1.602007 0.976387 0.000191
1757663155.925209 -0.008202 -0.011253 -0.084878 0.014305 -0.018120 0.033560 -0.056268 0.035668 0.022316 0.009727 0.014653 -0.001442 -0.089456 -0.027657 0.000572 -0.000191 0.013161 -1.211757 -0.287824 -0.089074 -1.602007 0.976387 0.000191
1757663155.927200 -0.008202 -0.011253 -0.084878 0.014305 -0.018120 0.033560 -0.056268 0.035668 0.022316 0.009727 0.014653 -0.001442 -0.089456 -0.027657 0.000572 -0.000572 0.013161 -1.211757 -0.288968 -0.092126 -1.602007 0.976387 0.000191
1757663155.929248 -0.008202 -0.010872 -0.084878 0.014305 -0.018120 0.033560 -0.056268 0.035668 0.022316 0.009727 0.014653 -0.001442 -0.089456 -0.027657 0.000572 -0.000572 0.013161 -1.211757 -0.290112 -0.094797 -1.602007 0.976006 0.000191
1757663155.931262 -0.008202 -0.010872 -0.084878 0.014305 -0.018120 0.033560 -0.056268 0.035668 0.022316 0.009727 0.014653 -0.001442 -0.089837 -0.027657 0.000572 -0.000191 0.013161 -1.211757 -0.291257 -0.097849 -1.601625 0.976006 0.000191
1757663155.933251 -0.008202 -0.010872 -0.084878 0.014305 -0.018120 0.033560 -0.056268 0.035668 0.022316 0.009727 0.014653 -0.001442 -0.089837 -0.027657 0.000572 -0.000191 0.013161 -1.211757 -0.292401 -0.100901 -1.601625 0.976006 0.000191
1757663155.935246 -0.008202 -0.010872 -0.084878 0.014305 -0.018120 0.033560 -0.056268 0.035668 0.022316 0.009727 0.014653 -0.001442 -0.089837 -0.027657 0.000572 -0.000191 0.013161 -1.211375 -0.293546 -0.103952 -1.602007 0.976006 0.000191
1757663155.937248 -0.008202 -0.010872 -0.084878 0.014305 -0.018120 0.033560 -0.056268 0.035668 0.022316 0.009727 0.014653 -0.001442 -0.090219 -0.027657 0.000572 -0.000572 0.013161 -1.211375 -0.294690 -0.107004 -1.601625 0.976006 0.000191
1757663155.939245 -0.008202 -0.010872 -0.084878 0.014305 -0.018120 0.033560 -0.056268 0.036050 0.022316 0.009727 0.014653 -0.001442 -0.090219 -0.027657 0.000572 -0.000191 0.013161 -1.211375 -0.295835 -0.110056 -1.601625 0.976006 0.000191
1757663155.941212 -0.008202 -0.010872 -0.084878 0.014305 -0.018120 0.033560 -0.056649 0.036050 0.022316 0.009727 0.014653 -0.001442 -0.090219 -0.027275 0.000572 -0.000191 0.013542 -1.211375 -0.296979 -0.113108 -1.601625 0.976006 0.000191
1757663155.943214 -0.008202 -0.010872 -0.084878 0.014305 -0.018120 0.033560 -0.056649 0.036050 0.022316 0.009727 0.014653 -0.001442 -0.090600 -0.027275 0.000572 -0.000572 0.013542 -1.210994 -0.298123 -0.116159 -1.601625 0.975624 0.000191
1757663155.945207 -0.008202 -0.010872 -0.084878 0.014305 -0.018120 0.033560 -0.056649 0.036050 0.022316 0.009727 0.014653 -0.001442 -0.090600 -0.027275 0.000572 -0.000191 0.013542 -1.210994 -0.299268 -0.119211 -1.601625 0.975624 0.000191
1757663155.947205 -0.008202 -0.010490 -0.084878 0.014305 -0.018120 0.033560 -0.056649 0.036050 0.022316 0.009727 0.014653 -0.001442 -0.090600 -0.027275 0.000572 -0.000572 0.013542 -1.210994 -0.300031 -0.122263 -1.601625 0.975624 0.000191
1757663155.949207 -0.008202 -0.010490 -0.084878 0.014305 -0.018120 0.033560 -0.056649 0.036050 0.022316 0.009727 0.014653 -0.001442 -0.090981 -0.027275 0.000572 -0.000191 0.013542 -1.210612 -0.301175 -0.125315 -1.601625 0.975624 0.000191
1757663155.951206 -0.008202 -0.010490 -0.084878 0.014305 -0.018120 0.033560 -0.056649 0.036050 0.022316 0.009727 0.014653 -0.001442 -0.090981 -0.027275 0.000572 -0.000191 0.013542 -1.210612 -0.302320 -0.128748 -1.601244 0.975624 0.000191
1757663155.953207 -0.008202 -0.010490 -0.084878 0.014305 -0.018120 0.033560 -0.056649 0.036050 0.022316 0.009727 0.014788 -0.001698 -0.090981 -0.027275 0.000572 -0.000191 0.013542 -1.210231 -0.303464 -0.131800 -1.601244 0.975624 0.000191
1757663155.955203 -0.008202 -0.010490 -0.084878 0.014305 -0.018120 0.033560 -0.056649 0.036431 0.022316 0.009727 0.014788 -0.001698 -0.091363 -0.027275 0.000572 -0.000191 0.013542 -1.210231 -0.304608 -0.134851 -1.601244 0.975624 0.000191
1757663155.957211 -0.008202 -0.010490 -0.084878 0.014305 -0.018120 0.033560 -0.056649 0.036431 0.022316 0.009727 0.014788 -0.001698 -0.091363 -0.027275 0.000572 -0.000191 0.013542 -1.209849 -0.305753 -0.138285 -1.601244 0.975624 0.000191
1757663155.959207 -0.008202 -0.010490 -0.084878 0.014305 -0.018120 0.033560 -0.056649 0.036431 0.022316 0.009727 0.014788 -0.001698 -0.091363 -0.027275 0.000572 -0.000572 0.013542 -1.209468 -0.306897 -0.141718 -1.601244 0.975243 0.000191
1757663155.961271 -0.008202 -0.010490 -0.084878 0.014305 -0.018120 0.033560 -0.056649 0.036431 0.022316 0.009727 0.014788 -0.001698 -0.091363 -0.027275 0.000572 -0.000572 0.013542 -1.209468 -0.308042 -0.144770 -1.601244 0.975243 0.000191
1757663155.963238 -0.008202 -0.010490 -0.084878 0.014305 -0.018120 0.033560 -0.056649 0.036431 0.022316 0.009727 0.014788 -0.001698 -0.091744 -0.027275 0.000572 -0.000191 0.013542 -1.209086 -0.309186 -0.148203 -1.601244 0.975243 0.000191
1757663155.965222 -0.008202 -0.010109 -0.084878 0.014305 -0.018120 0.033560 -0.056649 0.036431 0.022316 0.009727 0.014788 -0.001698 -0.091744 -0.026894 0.000572 -0.000572 0.013542 -1.208705 -0.310330 -0.151255 -1.600863 0.975243 0.000191
1757663155.967235 -0.008202 -0.010109 -0.084878 0.014305 -0.018120 0.033560 -0.056649 0.036431 0.022316 0.009727 0.014788 -0.001698 -0.092126 -0.026894 0.000572 -0.000191 0.013542 -1.208705 -0.311475 -0.154688 -1.600863 0.975243 0.000191
1757663155.969214 -0.008202 -0.010109 -0.084878 0.014305 -0.018120 0.033560 -0.056649 0.036431 0.022316 0.009727 0.014788 -0.001698 -0.092126 -0.026894 0.000572 -0.000572 0.013542 -1.208323 -0.312619 -0.158122 -1.600863 0.975243 0.000191
1757663155.971210 -0.008202 -0.010109 -0.084878 0.014305 -0.018120 0.033560 -0.056649 0.036813 0.022316 0.009727 0.014788 -0.001698 -0.092126 -0.026894 0.000572 -0.000191 0.013542 -1.207942 -0.313764 -0.161174 -1.600863 0.975243 0.000191
1757663155.973210 -0.008202 -0.010109 -0.084878 0.014305 -0.018120 0.033560 -0.056649 0.036813 0.022316 0.009727 0.014788 -0.001698 -0.092507 -0.026894 0.000572 -0.000191 0.013542 -1.207942 -0.314908 -0.164226 -1.600863 0.974861 0.000191
1757663155.975209 -0.008202 -0.010109 -0.084878 0.014305 -0.018120 0.033560 -0.056649 0.036813 0.022316 0.009727 0.014788 -0.001698 -0.092507 -0.026894 0.000572 -0.000191 0.013542 -1.207561 -0.316052 -0.167277 -1.600481 0.974861 0.000191
1757663155.977203 -0.008202 -0.010109 -0.084878 0.014305 -0.018120 0.033560 -0.056649 0.036813 0.022316 0.009727 0.014788 -0.001698 -0.092507 -0.026894 0.000572 -0.000191 0.013924 -1.207179 -0.317197 -0.170711 -1.600481 0.974861 0.000191
1757663155.979204 -0.008202 -0.010109 -0.084878 0.014305 -0.018120 0.033560 -0.056649 0.036813 0.022316 0.009727 0.014788 -0.001698 -0.092889 -0.026894 0.000572 -0.000191 0.013924 -1.207179 -0.318341 -0.173762 -1.600481 0.974861 0.000191
1757663155.981204 -0.008202 -0.010109 -0.084878 0.014305 -0.018120 0.033560 -0.056649 0.036813 0.022316 0.009727 0.014788 -0.001698 -0.092889 -0.026894 0.000572 -0.000191 0.013924 -1.206798 -0.319486 -0.176814 -1.600481 0.974861 0.000191
1757663155.983208 -0.008202 -0.009727 -0.084878 0.014305 -0.018120 0.033560 -0.056649 0.036813 0.022316 0.009727 0.014788 -0.001698 -0.092889 -0.026894 0.000572 -0.000191 0.013924 -1.206416 -0.320630 -0.180247 -1.600100 0.974861 0.000191
1757663155.985204 -0.008202 -0.009727 -0.084878 0.014305 -0.018120 0.033560 -0.056649 0.036813 0.022316 0.009727 0.014788 -0.001698 -0.093270 -0.026894 0.000572 -0.000191 0.013924 -1.206035 -0.321774 -0.183299 -1.600100 0.974480 0.000191
1757663155.987208 -0.008202 -0.009727 -0.084878 0.014305 -0.018120 0.033560 -0.056649 0.036813 0.022316 0.009727 0.014788 -0.001698 -0.093270 -0.026512 0.000572 -0.000191 0.013924 -1.206035 -0.322919 -0.186351 -1.600100 0.974480 0.000191
1757663155.989200 -0.008202 -0.009727 -0.084878 0.014305 -0.018120 0.033560 -0.056649 0.037194 0.022316 0.009727 0.014788 -0.001698 -0.093652 -0.026512 0.000572 -0.000191 0.013924 -1.205653 -0.324063 -0.189403 -1.599718 0.974480 0.000191
1757663155.991203 -0.008202 -0.009727 -0.084878 0.014305 -0.018120 0.033560 -0.056649 0.037194 0.022316 0.009727 0.014924 -0.001954 -0.093652 -0.026512 0.000572 -0.000191 0.013924 -1.205272 -0.324826 -0.192836 -1.599718 0.974480 0.000191
1757663155.993255 -0.008202 -0.009727 -0.084878 0.014305 -0.018120 0.033560 -0.056649 0.037194 0.022316 0.009727 0.014924 -0.001954 -0.093652 -0.026512 0.000954 -0.000191 0.013924 -1.204890 -0.325971 -0.195888 -1.599718 0.974480 0.000191
1757663155.995245 -0.008202 -0.009727 -0.084878 0.014305 -0.018120 0.033560 -0.056649 0.037194 0.022316 0.009727 0.014924 -0.001954 -0.094034 -0.026512 0.000954 -0.000191 0.013924 -1.204509 -0.327115 -0.198939 -1.599337 0.974098 0.000191
1757663155.997216 -0.008202 -0.009727 -0.084878 0.014305 -0.018120 0.033560 -0.056649 0.037194 0.022316 0.009727 0.014924 -0.001954 -0.094034 -0.026512 0.000954 -0.000191 0.013924 -1.204509 -0.328259 -0.202373 -1.599337 0.974098 0.000191
1757663155.999212 -0.008202 -0.009727 -0.084878 0.014305 -0.018120 0.033560 -0.056649 0.037194 0.022316 0.009727 0.014924 -0.001954 -0.094034 -0.026512 0.000954 -0.000191 0.013924 -1.204127 -0.329404 -0.205424 -1.598955 0.974098 0.000191
1757663156.001205 -0.008202 -0.009346 -0.084878 0.014305 -0.018120 0.033560 -0.056649 0.037194 0.022316 0.009727 0.014924 -0.001954 -0.094416 -0.026512 0.000954 -0.000191 0.013924 -1.203746 -0.330167 -0.208858 -1.598955 0.974098 0.000191
1757663156.003204 -0.008202 -0.009346 -0.084878 0.014305 -0.018120 0.033560 -0.056649 0.037194 0.022316 0.009727 0.014924 -0.001954 -0.094416 -0.026512 0.000954 -0.000191 0.013924 -1.203364 -0.331311 -0.211909 -1.598574 0.974098 0.000191
1757663156.005212 -0.008202 -0.009346 -0.084878 0.014305 -0.018120 0.033560 -0.056649 0.037576 0.022316 0.009727 0.014924 -0.001954 -0.094416 -0.026512 0.000954 -0.000191 0.013924 -1.202983 -0.332456 -0.215343 -1.598574 0.973717 0.000191
1757663156.007202 -0.008202 -0.009346 -0.084878 0.014305 -0.018120 0.033560 -0.056649 0.037576 0.022316 0.009727 0.014924 -0.001954 -0.094797 -0.026512 0.000954 -0.000191 0.013924 -1.202601 -0.333219 -0.218394 -1.598192 0.973717 0.000191
1757663156.009220 -0.008202 -0.009346 -0.084878 0.014305 -0.018120 0.033560 -0.056649 0.037576 0.022316 0.009727 0.014924 -0.001954 -0.094797 -0.026512 0.000954 -0.000191 0.013924 -1.202220 -0.334363 -0.221828 -1.597811 0.973717 0.000191
1757663156.011207 -0.008202 -0.009346 -0.084878 0.014305 -0.018120 0.033560 -0.056649 0.037576 0.022316 0.009727 0.014924 -0.001954 -0.094797 -0.026512 0.000954 -0.000191 0.014305 -1.201838 -0.335507 -0.224880 -1.597811 0.973717 0.000191
1757663156.013207 -0.008202 -0.009346 -0.084878 0.014305 -0.018120 0.033560 -0.056649 0.037576 0.022697 0.009727 0.014924 -0.001954 -0.095179 -0.026512 0.000954 -0.000191 0.014305 -1.201838 -0.336652 -0.228313 -1.597429 0.973717 0.000191
1757663156.015203 -0.008202 -0.009346 -0.084878 0.014305 -0.018120 0.033560 -0.056649 0.037576 0.022697 0.009727 0.014924 -0.001954 -0.095179 -0.026512 0.000954 -0.000572 0.014305 -1.201457 -0.337415 -0.231365 -1.597048 0.973335 0.000191
1757663156.017221 -0.008202 -0.009346 -0.084878 0.014305 -0.018120 0.033560 -0.056649 0.037576 0.022697 0.009727 0.014924 -0.001954 -0.095179 -0.026512 0.000954 -0.000191 0.014305 -1.201076 -0.338559 -0.234798 -1.597048 0.973335 0.000191
1757663156.019204 -0.008202 -0.008965 -0.084878 0.014305 -0.018120 0.033560 -0.056649 0.037576 0.022697 0.009727 0.014924 -0.001954 -0.095179 -0.026512 0.000954 -0.000572 0.014305 -1.200694 -0.339704 -0.237850 -1.596666 0.973335 0.000191
1757663156.021222 -0.008202 -0.008965 -0.084878 0.014305 -0.018120 0.033560 -0.056649 0.037576 0.022697 0.009727 0.014924 -0.001954 -0.095560 -0.026512 0.000954 -0.000191 0.014305 -1.200313 -0.340466 -0.241283 -1.596285 0.973335 0.000191
1757663156.023243 -0.008202 -0.008965 -0.084878 0.014305 -0.018120 0.033560 -0.056649 0.037957 0.022697 0.009727 0.014924 -0.001954 -0.095560 -0.026512 0.000954 -0.000191 0.014305 -1.199931 -0.341611 -0.244717 -1.595903 0.972954 0.000191
1757663156.025245 -0.008202 -0.008965 -0.084878 0.014305 -0.018120 0.033560 -0.056649 0.037957 0.022697 0.009727 0.014924 -0.001954 -0.095560 -0.026512 0.000954 -0.000572 0.014305 -1.199550 -0.342374 -0.247768 -1.595522 0.972954 0.000191
1757663156.027241 -0.008202 -0.008965 -0.084878 0.014305 -0.018120 0.033560 -0.056649 0.037957 0.022697 0.009727 0.014924 -0.001954 -0.095942 -0.026512 0.000954 -0.000572 0.014305 -1.198787 -0.343518 -0.251202 -1.595140 0.972954 0.000191
1757663156.029271 -0.008202 -0.008965 -0.084878 0.014305 -0.018120 0.033560 -0.056649 0.037957 0.022697 0.009727 0.014924 -0.001954 -0.095942 -0.026512 0.000954 -0.000191 0.014305 -1.198405 -0.344282 -0.254253 -1.594759 0.972954 0.000191
1757663156.031242 -0.008202 -0.008965 -0.084878 0.014305 -0.018120 0.033560 -0.056649 0.037957 0.022697 0.009727 0.014924 -0.001954 -0.095942 -0.026512 0.000954 -0.000191 0.014305 -1.198024 -0.345427 -0.257305 -1.593996 0.972572 0.000191
1757663156.033222 -0.008202 -0.008965 -0.084878 0.014305 -0.018120 0.033560 -0.056649 0.037957 0.022697 0.009727 0.014924 -0.001954 -0.096323 -0.026512 0.000954 -0.000191 0.014305 -1.197642 -0.346189 -0.260738 -1.593614 0.972572 0.000191
1757663156.035206 -0.008202 -0.008965 -0.084878 0.014305 -0.018120 0.033560 -0.056649 0.037957 0.022697 0.009727 0.014924 -0.001954 -0.096323 -0.026131 0.000954 -0.000191 0.014305 -1.196879 -0.346952 -0.263790 -1.593232 0.972572 0.000191
1757663156.037202 -0.008202 -0.008583 -0.084878 0.014305 -0.018120 0.033560 -0.056649 0.037957 0.022697 0.009727 0.014924 -0.001954 -0.096323 -0.026131 0.000954 -0.000191 0.014305 -1.196498 -0.348097 -0.267223 -1.592851 0.972572 0.000191
1757663156.039210 -0.008202 -0.008583 -0.084878 0.014305 -0.018120 0.033560 -0.056649 0.037957 0.022697 0.009727 0.015059 -0.002210 -0.096704 -0.026131 0.000954 -0.000191 0.014305 -1.196116 -0.348860 -0.270275 -1.592088 0.972572 0.000191
1757663156.041222 -0.008202 -0.008583 -0.084878 0.014305 -0.018120 0.033560 -0.056649 0.038339 0.022697 0.009727 0.015059 -0.002210 -0.096704 -0.026131 0.000954 -0.000191 0.014305 -1.195354 -0.350004 -0.273327 -1.591706 0.972191 0.000191
1757663156.043210 -0.008202 -0.008583 -0.084878 0.014305 -0.018120 0.033560 -0.056649 0.038339 0.022697 0.009727 0.015059 -0.002210 -0.096704 -0.026131 0.000954 -0.000572 0.014305 -1.194972 -0.350767 -0.276760 -1.591325 0.972191 0.000191
1757663156.045200 -0.008202 -0.008583 -0.084878 0.014305 -0.018120 0.033560 -0.056649 0.038339 0.022697 0.009727 0.015059 -0.002210 -0.097086 -0.026131 0.000954 -0.000191 0.014687 -1.194591 -0.351530 -0.279812 -1.590562 0.972191 0.000191
1757663156.047219 -0.008202 -0.008583 -0.084878 0.014305 -0.018120 0.033560 -0.056649 0.038339 0.022697 0.009727 0.015059 -0.002210 -0.097086 -0.026131 0.000954 -0.000191 0.014687 -1.193828 -0.352674 -0.283246 -1.590180 0.972191 0.000191
1757663156.049202 -0.008202 -0.008583 -0.084878 0.014305 -0.018120 0.033560 -0.056649 0.038339 0.022697 0.009727 0.015059 -0.002210 -0.097086 -0.026131 0.000954 -0.000572 0.014687 -1.193446 -0.353437 -0.286298 -1.589417 0.972191 0.000191
1757663156.051219 -0.008202 -0.008583 -0.084878 0.014305 -0.018120 0.033560 -0.056649 0.038339 0.022697 0.009727 0.015059 -0.002210 -0.097086 -0.026131 0.000954 -0.000572 0.014687 -1.192683 -0.354200 -0.289350 -1.589036 0.971809 0.000191
1757663156.053202 -0.008202 -0.008583 -0.084878 0.014305 -0.018120 0.033560 -0.056649 0.038339 0.022697 0.009727 0.015059 -0.002210 -0.097467 -0.026131 0.001335 -0.000191 0.014687 -1.192302 -0.354963 -0.292401 -1.588273 0.971809 0.000191
1757663156.055252 -0.008202 -0.008202 -0.084878 0.014305 -0.018120 0.033560 -0.056649 0.038339 0.022697 0.009727 0.015059 -0.002210 -0.097467 -0.026131 0.001335 -0.000572 0.014687 -1.191539 -0.355726 -0.295453 -1.587510 0.971809 0.000191
1757663156.057245 -0.008202 -0.008202 -0.084878 0.014305 -0.018120 0.033560 -0.056649 0.038339 0.022697 0.009727 0.015059 -0.002210 -0.097467 -0.026512 0.001335 -0.000572 0.014687 -1.190776 -0.356871 -0.298886 -1.587129 0.971809 0.000191
1757663156.059222 -0.008202 -0.008202 -0.084878 0.014305 -0.018120 0.033560 -0.056649 0.038720 0.022697 0.009727 0.015059 -0.002210 -0.097467 -0.026512 0.001335 -0.000572 0.014687 -1.190394 -0.357634 -0.301938 -1.586366 0.971428 0.000191
1757663156.061217 -0.008202 -0.008202 -0.084878 0.014305 -0.018120 0.033560 -0.056649 0.038720 0.022697 0.009727 0.015059 -0.002210 -0.097849 -0.026512 0.001335 -0.000572 0.014687 -1.189631 -0.358397 -0.304990 -1.585603 0.971428 0.000191
1757663156.063208 -0.008202 -0.008202 -0.084878 0.014305 -0.018120 0.033560 -0.056649 0.038720 0.022697 0.009727 0.015059 -0.002210 -0.097849 -0.026512 0.001335 -0.000572 0.014687 -1.189250 -0.359159 -0.308042 -1.584840 0.971428 0.000191
1757663156.065208 -0.008202 -0.008202 -0.084878 0.014305 -0.018120 0.033560 -0.056649 0.038720 0.022697 0.009727 0.015059 -0.002210 -0.097849 -0.026512 0.001335 -0.000572 0.014687 -1.188487 -0.359922 -0.311093 -1.584458 0.971428 0.000191
1757663156.067208 -0.008202 -0.008202 -0.084878 0.014305 -0.018120 0.033560 -0.056649 0.038720 0.022697 0.009727 0.015059 -0.002210 -0.097849 -0.026512 0.001335 -0.000572 0.014687 -1.187724 -0.360685 -0.314145 -1.583695 0.971428 0.000191
1757663156.069202 -0.008202 -0.008202 -0.084878 0.014305 -0.018120 0.033560 -0.056649 0.038720 0.022697 0.009727 0.015059 -0.002210 -0.098230 -0.026512 0.001335 -0.000572 0.014687 -1.187343 -0.361448 -0.317197 -1.582932 0.971046 0.000191
1757663156.071208 -0.008202 -0.008202 -0.084878 0.014305 -0.018120 0.033560 -0.056649 0.038720 0.022697 0.009727 0.015059 -0.002210 -0.098230 -0.026512 0.001335 -0.000572 0.014687 -1.186580 -0.362211 -0.320249 -1.582170 0.971046 0.000191
1757663156.073228 -0.008202 -0.007820 -0.084878 0.014305 -0.018120 0.033560 -0.056649 0.038720 0.022697 0.009727 0.015059 -0.002210 -0.098230 -0.026131 0.001335 -0.000572 0.014687 -1.185817 -0.362974 -0.323682 -1.581407 0.971046 0.000191
1757663156.075206 -0.008202 -0.007820 -0.084878 0.014305 -0.018120 0.033560 -0.056649 0.038720 0.022697 0.009727 0.015059 -0.002210 -0.098230 -0.026131 0.001335 -0.000191 0.014687 -1.185054 -0.363737 -0.326734 -1.580644 0.971046 0.000191
1757663156.077227 -0.008202 -0.007820 -0.084878 0.014305 -0.018120 0.033560 -0.056649 0.039102 0.022697 0.009727 0.015059 -0.002210 -0.098612 -0.026131 0.001335 -0.000572 0.014687 -1.184291 -0.364500 -0.329785 -1.580262 0.971046 0.000191
1757663156.079206 -0.008202 -0.007820 -0.084878 0.014305 -0.018120 0.033560 -0.056649 0.039102 0.022697 0.009727 0.015059 -0.002210 -0.098612 -0.026131 0.001335 -0.000191 0.014687 -1.183909 -0.365263 -0.333219 -1.579118 0.970665 0.000191
1757663156.081227 -0.008202 -0.007820 -0.084878 0.014305 -0.018120 0.033560 -0.056649 0.039102 0.022697 0.009727 0.015059 -0.002210 -0.098612 -0.026131 0.001335 -0.000572 0.014687 -1.183146 -0.366026 -0.336270 -1.578355 0.970665 0.000191
1757663156.083200 -0.008202 -0.007820 -0.084878 0.014305 -0.017985 0.033307 -0.056649 0.039102 0.022697 0.009727 0.015059 -0.002210 -0.098612 -0.026131 0.001335 -0.000191 0.014687 -1.182384 -0.367170 -0.339704 -1.577592 0.970665 0.000191
1757663156.085224 -0.008202 -0.007820 -0.084878 0.014305 -0.017985 0.033307 -0.056649 0.039102 0.022697 0.009727 0.015059 -0.002210 -0.098993 -0.026131 0.001335 -0.000191 0.014687 -1.181621 -0.367933 -0.342755 -1.576829 0.970665 0.000191
1757663156.087238 -0.008202 -0.007820 -0.084878 0.014305 -0.017985 0.033307 -0.056649 0.039102 0.022697 0.009727 0.015059 -0.002210 -0.098993 -0.026131 0.001335 -0.000191 0.014687 -1.180858 -0.368696 -0.346189 -1.576066 0.970284 0.000191
1757663156.089212 -0.008202 -0.007820 -0.084878 0.014305 -0.017985 0.033307 -0.056649 0.039102 0.022697 0.009727 0.015059 -0.002210 -0.098993 -0.026131 0.001335 -0.000191 0.015068 -1.180095 -0.369459 -0.349241 -1.574922 0.970284 0.000191
1757663156.091288 -0.008202 -0.007820 -0.084878 0.014305 -0.017985 0.033307 -0.056649 0.039102 0.022697 0.009727 0.015059 -0.002210 -0.098993 -0.026131 0.001335 -0.000191 0.015068 -1.179713 -0.370222 -0.352674 -1.574159 0.970284 0.000191
1757663156.093215 -0.008202 -0.007820 -0.084878 0.014305 -0.017985 0.033307 -0.056649 0.039102 0.022697 0.009727 0.015059 -0.002210 -0.098993 -0.026131 0.001335 -0.000191 0.015068 -1.178950 -0.370985 -0.356108 -1.573014 0.970284 0.000191
1757663156.095238 -0.008202 -0.007820 -0.084878 0.014305 -0.017985 0.033307 -0.056649 0.039102 0.022697 0.009727 0.015059 -0.002210 -0.099375 -0.026131 0.001335 -0.000191 0.015068 -1.178187 -0.371748 -0.359541 -1.572251 0.969902 0.000191
1757663156.097204 -0.008202 -0.007820 -0.084878 0.014305 -0.017985 0.033307 -0.056649 0.039102 0.022697 0.009727 0.015059 -0.002210 -0.099375 -0.026131 0.001335 -0.000191 0.015068 -1.177424 -0.372511 -0.362974 -1.571107 0.969902 0.000191
1757663156.099213 -0.008202 -0.007820 -0.084878 0.014305 -0.017985 0.033307 -0.056649 0.039102 0.022697 0.009727 0.015059 -0.002210 -0.099375 -0.026131 0.001335 -0.000191 0.015068 -1.176661 -0.373274 -0.366407 -1.569963 0.969902 0.000191
1757663156.101200 -0.008202 -0.007820 -0.084878 0.014305 -0.017985 0.033307 -0.056649 0.039102 0.022697 0.009727 0.015059 -0.002210 -0.099375 -0.026131 0.001335 -0.000191 0.015068 -1.175899 -0.374037 -0.369841 -1.568818 0.969902 0.000191
1757663156.103216 -0.008202 -0.007820 -0.084878 0.014305 -0.017985 0.033307 -0.056649 0.039102 0.022697 0.009727 0.015059 -0.002210 -0.099375 -0.026131 0.001335 -0.000191 0.015068 -1.175136 -0.374800 -0.372892 -1.568055 0.969521 0.000191
1757663156.105214 -0.008202 -0.007820 -0.084878 0.014305 -0.017985 0.033307 -0.056649 0.039102 0.022697 0.009727 0.015059 -0.002210 -0.099756 -0.026131 0.001335 -0.000191 0.015068 -1.174754 -0.375563 -0.376326 -1.566911 0.969521 0.000191
1757663156.107199 -0.008202 -0.007820 -0.084878 0.014305 -0.017985 0.033307 -0.056649 0.039102 0.022697 0.009727 0.015194 -0.002466 -0.099756 -0.026131 0.001335 -0.000191 0.015068 -1.173991 -0.376326 -0.379759 -1.565766 0.969521 0.000191
1757663156.109231 -0.008202 -0.007820 -0.084878 0.014305 -0.017985 0.033307 -0.056649 0.039102 0.022697 0.009727 0.015194 -0.002466 -0.099756 -0.026131 0.001335 -0.000191 0.015068 -1.173228 -0.377089 -0.383192 -1.564622 0.969139 0.000191
1757663156.111203 -0.008202 -0.007820 -0.084878 0.014305 -0.017985 0.033307 -0.056649 0.039102 0.022697 0.009727 0.015194 -0.002466 -0.099756 -0.026131 0.001335 -0.000191 0.015068 -1.172465 -0.377851 -0.386625 -1.563859 0.969139 0.000191
1757663156.113215 -0.008202 -0.007820 -0.084878 0.014305 -0.017985 0.033307 -0.056649 0.039102 0.022697 0.009727 0.015194 -0.002466 -0.099756 -0.026131 0.001335 -0.000191 0.015068 -1.171702 -0.378614 -0.390059 -1.562715 0.968758 0.000191
1757663156.115211 -0.008202 -0.007820 -0.084878 0.014305 -0.017985 0.033307 -0.056649 0.039102 0.022697 0.009727 0.015194 -0.002466 -0.100138 -0.026131 0.001335 -0.000191 0.015068 -1.170939 -0.378996 -0.393492 -1.561570 0.968758 0.000191
1757663156.117215 -0.008202 -0.007820 -0.084878 0.014305 -0.017985 0.033307 -0.056649 0.039102 0.022697 0.009727 0.015194 -0.002466 -0.100138 -0.026131 0.001335 -0.000191 0.015068 -1.170177 -0.379759 -0.396925 -1.560426 0.968758 0.000191
1757663156.119304 -0.008202 -0.007820 -0.084878 0.014305 -0.017847 0.033564 -0.056649 0.039102 0.022697 0.009727 0.015194 -0.002466 -0.100138 -0.026131 0.001335 -0.000191 0.015068 -1.169414 -0.380522 -0.399977 -1.559281 0.968375 0.000191
1757663156.121222 -0.008202 -0.007820 -0.084878 0.014305 -0.017847 0.033564 -0.056649 0.039102 0.022697 0.009727 0.015194 -0.002466 -0.100138 -0.026131 0.001335 -0.000191 0.015068 -1.168651 -0.381285 -0.403410 -1.558137 0.968375 0.000191
1757663156.123226 -0.008202 -0.007820 -0.084878 0.014305 -0.017847 0.033564 -0.056649 0.039102 0.022697 0.009727 0.015194 -0.002466 -0.100138 -0.026131 0.001335 -0.000191 0.015068 -1.167888 -0.381666 -0.406844 -1.556993 0.967994 0.000191
1757663156.125220 -0.008202 -0.007820 -0.084878 0.014305 -0.017847 0.033564 -0.056649 0.039102 0.022697 0.009727 0.015194 -0.002466 -0.100138 -0.026131 0.001335 -0.000191 0.015068 -1.166743 -0.382429 -0.410277 -1.555848 0.967994 0.000191
1757663156.127208 -0.008202 -0.007820 -0.084878 0.014305 -0.017847 0.033564 -0.056649 0.039102 0.022697 0.009727 0.015194 -0.002466 -0.100519 -0.026131 0.001335 -0.000191 0.015068 -1.165980 -0.382811 -0.413711 -1.554704 0.967612 0.000191
1757663156.129204 -0.008202 -0.007820 -0.084878 0.014305 -0.017847 0.033564 -0.056649 0.039102 0.022697 0.009727 0.015194 -0.002466 -0.100519 -0.026131 0.001335 -0.000191 0.015068 -1.165217 -0.383574 -0.416762 -1.553559 0.967612 0.000191
1757663156.131216 -0.008202 -0.007820 -0.084878 0.014305 -0.017847 0.033564 -0.056649 0.039102 0.022697 0.009727 0.015329 -0.002213 -0.100519 -0.026131 0.001335 -0.000191 0.015068 -1.164454 -0.383955 -0.420196 -1.552415 0.967231 0.000191
1757663156.133204 -0.008202 -0.007820 -0.084878 0.014305 -0.017847 0.033564 -0.056649 0.039102 0.022697 0.009727 0.015329 -0.002213 -0.100519 -0.026131 0.001335 -0.000191 0.015068 -1.163692 -0.384336 -0.423629 -1.550889 0.967231 0.000191
1757663156.135210 -0.008202 -0.007820 -0.084878 0.014305 -0.017847 0.033564 -0.056649 0.039102 0.022697 0.009727 0.015329 -0.002213 -0.100519 -0.026131 0.001335 -0.000191 0.015068 -1.162547 -0.384718 -0.427062 -1.549745 0.966849 0.000191
1757663156.137206 -0.008202 -0.007820 -0.084878 0.014305 -0.017847 0.033564 -0.056649 0.039102 0.022697 0.009727 0.015329 -0.002213 -0.100901 -0.026131 0.001335 -0.000191 0.015068 -1.161784 -0.385481 -0.430495 -1.548600 0.966468 0.000191
1757663156.139198 -0.008202 -0.007820 -0.084878 0.014305 -0.017847 0.033564 -0.056649 0.039102 0.022697 0.009727 0.015329 -0.002213 -0.100901 -0.026131 0.001335 -0.000191 0.015068 -1.161021 -0.385862 -0.433928 -1.547074 0.966468 0.000191
1757663156.141205 -0.008202 -0.007820 -0.084878 0.014305 -0.017847 0.033564 -0.056649 0.039102 0.022697 0.009727 0.015329 -0.002213 -0.100901 -0.026131 0.001335 -0.000191 0.015068 -1.160258 -0.386244 -0.437362 -1.545930 0.966086 0.000191
1757663156.143206 -0.008202 -0.007820 -0.084878 0.014305 -0.017847 0.033564 -0.056649 0.039102 0.022697 0.009727 0.015329 -0.002213 -0.100901 -0.026131 0.001335 -0.000191 0.015068 -1.159495 -0.386625 -0.440795 -1.544785 0.966086 0.000191
1757663156.145199 -0.008202 -0.007820 -0.084878 0.014305 -0.017847 0.033564 -0.056649 0.039102 0.022697 0.009727 0.015329 -0.002213 -0.100901 -0.025749 0.001335 -0.000191 0.015068 -1.158351 -0.387007 -0.444228 -1.543260 0.965705 0.000191
1757663156.147198 -0.008202 -0.007820 -0.084878 0.014305 -0.017847 0.033564 -0.056649 0.039102 0.022697 0.009727 0.015329 -0.002213 -0.100901 -0.025749 0.001335 -0.000191 0.015068 -1.157588 -0.387388 -0.447661 -1.542115 0.965705 0.000191
1757663156.149195 -0.008202 -0.007820 -0.084878 0.014305 -0.017847 0.033564 -0.056649 0.039102 0.022697 0.009727 0.015329 -0.002213 -0.101282 -0.025749 0.001335 -0.000191 0.015068 -1.156444 -0.387388 -0.451095 -1.540589 0.965323 0.000191
1757663156.151271 -0.008202 -0.007820 -0.084878 0.014305 -0.017847 0.033564 -0.056649 0.039102 0.022697 0.009727 0.015329 -0.002213 -0.101282 -0.025749 0.001335 -0.000191 0.015068 -1.155680 -0.387770 -0.454528 -1.539063 0.965323 0.000191
1757663156.153210 -0.008202 -0.007820 -0.084878 0.014305 -0.017847 0.033564 -0.056649 0.039102 0.022697 0.009727 0.015329 -0.002213 -0.101282 -0.025749 0.001335 -0.000191 0.015068 -1.154917 -0.388151 -0.457961 -1.537919 0.964942 0.000191
1757663156.155224 -0.008202 -0.007820 -0.084878 0.014305 -0.017847 0.033564 -0.056649 0.039102 0.022697 0.009727 0.015329 -0.002213 -0.101282 -0.025749 0.001335 -0.000191 0.015068 -1.153772 -0.388533 -0.461394 -1.536393 0.964942 0.000191
1757663156.157204 -0.008202 -0.007439 -0.084878 0.014305 -0.017847 0.033564 -0.056649 0.039102 0.022697 0.009727 0.015329 -0.002213 -0.101282 -0.025749 0.001335 -0.000191 0.015068 -1.153009 -0.388914 -0.464828 -1.535249 0.964561 0.000191
1757663156.159207 -0.008202 -0.007439 -0.084878 0.014305 -0.017847 0.033564 -0.056649 0.039102 0.022697 0.009727 0.015329 -0.002213 -0.101282 -0.025749 0.001335 -0.000191 0.015068 -1.152246 -0.388914 -0.468261 -1.533723 0.964561 0.000191
1757663156.161200 -0.008202 -0.007439 -0.084878 0.014305 -0.017847 0.033564 -0.056649 0.039102 0.022697 0.009727 0.015465 -0.002469 -0.101664 -0.025749 0.001335 -0.000191 0.015068 -1.151102 -0.389296 -0.471695 -1.532197 0.964179 0.000191
1757663156.163208 -0.008202 -0.007439 -0.084878 0.014305 -0.017847 0.033564 -0.056649 0.039102 0.022697 0.009727 0.015465 -0.002469 -0.101664 -0.025749 0.001335 -0.000191 0.015068 -1.150339 -0.389677 -0.474747 -1.530670 0.964179 0.000191
1757663156.165208 -0.008202 -0.007439 -0.084878 0.014305 -0.017847 0.033564 -0.056649 0.039102 0.022697 0.009727 0.015465 -0.002469 -0.101664 -0.025749 0.001335 -0.000191 0.015068 -1.149195 -0.389677 -0.478180 -1.529144 0.963798 0.000191
1757663156.167201 -0.008202 -0.007439 -0.084878 0.014305 -0.017847 0.033564 -0.056649 0.039102 0.022697 0.009727 0.015465 -0.002469 -0.101664 -0.025749 0.001335 -0.000191 0.015068 -1.148432 -0.390059 -0.481613 -1.527618 0.963798 0.000191
1757663156.169197 -0.008202 -0.007439 -0.084878 0.014305 -0.017847 0.033564 -0.056649 0.039102 0.022316 0.009727 0.015465 -0.002469 -0.101664 -0.025749 0.001335 -0.000191 0.015068 -1.147287 -0.390440 -0.485046 -1.526093 0.963416 0.000191
1757663156.171202 -0.008202 -0.007439 -0.084878 0.014305 -0.017847 0.033564 -0.056649 0.039102 0.022316 0.009727 0.015465 -0.002469 -0.101664 -0.025749 0.001335 -0.000191 0.015068 -1.146524 -0.390440 -0.488480 -1.524567 0.963416 0.000191
1757663156.173207 -0.008202 -0.007439 -0.084878 0.014305 -0.017847 0.033564 -0.056649 0.039102 0.022316 0.009727 0.015465 -0.002469 -0.101664 -0.025749 0.001335 -0.000191 0.015068 -1.145380 -0.390821 -0.491913 -1.523041 0.963035 0.000191
1757663156.175199 -0.008202 -0.007439 -0.084878 0.014305 -0.017847 0.033564 -0.056649 0.039102 0.022316 0.009727 0.015465 -0.002469 -0.102045 -0.025749 0.001335 -0.000191 0.015068 -1.144617 -0.390821 -0.495346 -1.521515 0.963035 0.000191
1757663156.177206 -0.008202 -0.007439 -0.084878 0.014305 -0.017847 0.033564 -0.056649 0.039102 0.022316 0.009727 0.015465 -0.002469 -0.102045 -0.025749 0.001335 -0.000191 0.015068 -1.143473 -0.391203 -0.498779 -1.519989 0.962653 0.000191
1757663156.179208 -0.008202 -0.007439 -0.084878 0.014305 -0.017847 0.033564 -0.056649 0.039102 0.022316 0.009727 0.015465 -0.002469 -0.102045 -0.025749 0.001335 -0.000191 0.015068 -1.142710 -0.391203 -0.502594 -1.518082 0.962653 0.000191
1757663156.181195 -0.008202 -0.007439 -0.084878 0.014305 -0.017847 0.033564 -0.056649 0.039102 0.022316 0.009727 0.015465 -0.002469 -0.102045 -0.025749 0.001335 -0.000191 0.015068 -1.141565 -0.391584 -0.506027 -1.516556 0.962272 0.000191
1757663156.183299 -0.008202 -0.007439 -0.084878 0.014305 -0.017847 0.033564 -0.057031 0.039102 0.022316 0.009727 0.015465 -0.002469 -0.102045 -0.025749 0.001335 -0.000191 0.015068 -1.140421 -0.391584 -0.509460 -1.515030 0.962272 0.000191
1757663156.185206 -0.008202 -0.007439 -0.084878 0.014305 -0.017847 0.033564 -0.057031 0.039102 0.022316 0.009727 0.015465 -0.002469 -0.102045 -0.025749 0.001335 -0.000191 0.015068 -1.139658 -0.391966 -0.512894 -1.513504 0.961890 0.000191
1757663156.187207 -0.008202 -0.007439 -0.084878 0.014305 -0.017847 0.033564 -0.057031 0.039102 0.022316 0.009727 0.015465 -0.002469 -0.102045 -0.025749 0.001335 -0.000191 0.015068 -1.138514 -0.391966 -0.516327 -1.511978 0.961890 0.000191
1757663156.189250 -0.008202 -0.007439 -0.084878 0.014305 -0.017847 0.033564 -0.057031 0.039102 0.022316 0.009727 0.015465 -0.002469 -0.102427 -0.025749 0.001335 -0.000191 0.015068 -1.137369 -0.392347 -0.520142 -1.510071 0.961509 0.000191
1757663156.191208 -0.008202 -0.007439 -0.084878 0.014305 -0.017847 0.033564 -0.057031 0.039102 0.022316 0.009727 0.015465 -0.002469 -0.102427 -0.025749 0.001335 -0.000191 0.015068 -1.136606 -0.392347 -0.523575 -1.508545 0.961509 0.000191
1757663156.193213 -0.008202 -0.007439 -0.084878 0.014305 -0.017847 0.033564 -0.057031 0.039102 0.022316 0.009727 0.015465 -0.002469 -0.102427 -0.025749 0.001335 -0.000191 0.015068 -1.135462 -0.392729 -0.527008 -1.506638 0.961127 0.000191
1757663156.195205 -0.008202 -0.007439 -0.084878 0.014305 -0.017847 0.033564 -0.057031 0.039102 0.022316 0.009727 0.015465 -0.002469 -0.102427 -0.025749 0.001335 -0.000191 0.015068 -1.134699 -0.392729 -0.530441 -1.505112 0.961127 0.000191
1757663156.197205 -0.008202 -0.007439 -0.084878 0.014305 -0.017847 0.033564 -0.057031 0.039102 0.022316 0.009727 0.015465 -0.002469 -0.102427 -0.025749 0.001335 -0.000191 0.015068 -1.133554 -0.393110 -0.533875 -1.503586 0.960746 0.000191
1757663156.199258 -0.008202 -0.007439 -0.084878 0.014305 -0.017847 0.033564 -0.057031 0.039102 0.022316 0.009727 0.015465 -0.002469 -0.102427 -0.025749 0.001335 -0.000191 0.015068 -1.132410 -0.393110 -0.537309 -1.502060 0.960746 0.000191
1757663156.201220 -0.008202 -0.007439 -0.084878 0.014305 -0.017847 0.033564 -0.057031 0.039102 0.022697 0.009727 0.015465 -0.002469 -0.102427 -0.025749 0.001335 -0.000191 0.015068 -1.131647 -0.393492 -0.540742 -1.500153 0.960364 0.000191
1757663156.203208 -0.008202 -0.007439 -0.084878 0.014305 -0.017847 0.033564 -0.057031 0.039102 0.022697 0.009727 0.015600 -0.002725 -0.102427 -0.025749 0.001335 -0.000191 0.015068 -1.130503 -0.393492 -0.544175 -1.498627 0.960364 0.000191
1757663156.205214 -0.008202 -0.007439 -0.084878 0.014305 -0.017847 0.033564 -0.057031 0.039102 0.022697 0.009727 0.015600 -0.002725 -0.102808 -0.025749 0.001335 -0.000191 0.015068 -1.129358 -0.393873 -0.547608 -1.496719 0.959983 0.000191
1757663156.207214 -0.008202 -0.007439 -0.084878 0.014305 -0.017847 0.033564 -0.057031 0.039102 0.022697 0.009727 0.015600 -0.002725 -0.102808 -0.025749 0.001335 -0.000191 0.015068 -1.128214 -0.393873 -0.551042 -1.495193 0.959601 0.000191
1757663156.209212 -0.008202 -0.007439 -0.084878 0.014305 -0.017847 0.033564 -0.057031 0.039102 0.022697 0.009727 0.015600 -0.002725 -0.102808 -0.025368 0.001335 -0.000191 0.015068 -1.127451 -0.394255 -0.554475 -1.493286 0.959601 0.000191
1757663156.211198 -0.008202 -0.007439 -0.084878 0.014305 -0.017847 0.033564 -0.057031 0.039102 0.022697 0.009727 0.015600 -0.002725 -0.102808 -0.025368 0.001335 -0.000191 0.015068 -1.126307 -0.394255 -0.557908 -1.491760 0.959220 0.000191
1757663156.213195 -0.008202 -0.007439 -0.084878 0.014305 -0.017847 0.033564 -0.057031 0.039102 0.022697 0.009727 0.015600 -0.002725 -0.102808 -0.025368 0.001335 -0.000191 0.015068 -1.125162 -0.394636 -0.561341 -1.489853 0.959220 0.000191
1757663156.215273 -0.008202 -0.007439 -0.084878 0.014305 -0.017847 0.033564 -0.057412 0.039102 0.022697 0.009727 0.015600 -0.002725 -0.102808 -0.025368 0.001335 -0.000191 0.015068 -1.124018 -0.394636 -0.564775 -1.488327 0.958838 0.000191
1757663156.217203 -0.008202 -0.007439 -0.084878 0.014305 -0.017847 0.033564 -0.057412 0.039102 0.022697 0.009727 0.015600 -0.002725 -0.102808 -0.025368 0.001335 -0.000191 0.015068 -1.123255 -0.395018 -0.568208 -1.486801 0.958457 0.000191
1757663156.219205 -0.008202 -0.007439 -0.084878 0.014305 -0.017847 0.033564 -0.057412 0.039483 0.022697 0.009727 0.015600 -0.002725 -0.103189 -0.025368 0.001335 -0.000191 0.015068 -1.122110 -0.395018 -0.571259 -1.484894 0.958076 0.000191
1757663156.221205 -0.008202 -0.007439 -0.084878 0.014305 -0.017847 0.033564 -0.057412 0.039483 0.022697 0.009727 0.015735 -0.002981 -0.103189 -0.025368 0.001335 -0.000191 0.015068 -1.120966 -0.395399 -0.574693 -1.483368 0.958076 0.000191
1757663156.223199 -0.008202 -0.007439 -0.084878 0.014305 -0.017847 0.033564 -0.057412 0.039483 0.022697 0.009727 0.015735 -0.002981 -0.103189 -0.025368 0.001335 -0.000191 0.015068 -1.119822 -0.395399 -0.578126 -1.481842 0.957694 0.000191
1757663156.225199 -0.008202 -0.007439 -0.084878 0.014305 -0.017847 0.033564 -0.057412 0.039483 0.022697 0.009727 0.015735 -0.002981 -0.103189 -0.025368 0.001335 -0.000191 0.015068 -1.119059 -0.395399 -0.581559 -1.479935 0.957313 0.000191
1757663156.227199 -0.008202 -0.007439 -0.084878 0.014305 -0.017847 0.033564 -0.057412 0.039483 0.022697 0.009727 0.015735 -0.002981 -0.103189 -0.025368 0.001335 -0.000191 0.015068 -1.117914 -0.395781 -0.584611 -1.478409 0.957313 0.000191
1757663156.229205 -0.008202 -0.007439 -0.084878 0.014305 -0.017847 0.033564 -0.057412 0.039483 0.022697 0.009727 0.015735 -0.002981 -0.103571 -0.025368 0.001335 -0.000191 0.015068 -1.116770 -0.395781 -0.588044 -1.476883 0.956931 0.000191
1757663156.231206 -0.008202 -0.007439 -0.084878 0.014305 -0.017847 0.033564 -0.057412 0.039483 0.022697 0.009727 0.015735 -0.002981 -0.103571 -0.025368 0.001335 -0.000191 0.015450 -1.116007 -0.396162 -0.591477 -1.474976 0.956931 0.000191
1757663156.233207 -0.008202 -0.007439 -0.084878 0.014305 -0.017847 0.033564 -0.057412 0.039483 0.022697 0.009727 0.015735 -0.002981 -0.103571 -0.025368 0.001335 -0.000191 0.015450 -1.114862 -0.396162 -0.594530 -1.473450 0.956550 0.000191
1757663156.235199 -0.008202 -0.007439 -0.084878 0.014305 -0.017847 0.033564 -0.057412 0.039483 0.022697 0.009727 0.015735 -0.002981 -0.103571 -0.025368 0.001335 -0.000191 0.015450 -1.113718 -0.396162 -0.597963 -1.471924 0.956168 0.000191
1757663156.237199 -0.008202 -0.007439 -0.084878 0.014305 -0.017847 0.033564 -0.057412 0.039483 0.022697 0.009727 0.015871 -0.003237 -0.103952 -0.025368 0.001335 -0.000191 0.015450 -1.112955 -0.396544 -0.601015 -1.470398 0.956168 0.000191
1757663156.239204 -0.008202 -0.007439 -0.084878 0.014305 -0.017847 0.033564 -0.057412 0.039483 0.022697 0.009727 0.015871 -0.003237 -0.103952 -0.025368 0.001335 -0.000191 0.015450 -1.111811 -0.396544 -0.604067 -1.468490 0.955787 0.000191
1757663156.241205 -0.008202 -0.007439 -0.084878 0.014305 -0.017847 0.033564 -0.057412 0.039483 0.022697 0.009727 0.015871 -0.003237 -0.103952 -0.025368 0.001335 -0.000191 0.015450 -1.111048 -0.396544 -0.607500 -1.466964 0.955405 0.000191
1757663156.243219 -0.008202 -0.007439 -0.084878 0.014305 -0.017847 0.033564 -0.057412 0.039483 0.022697 0.009727 0.015871 -0.003237 -0.103952 -0.025368 0.001335 -0.000191 0.015450 -1.109903 -0.396925 -0.610552 -1.465438 0.955405 0.000191
1757663156.245195 -0.008202 -0.007439 -0.084878 0.014305 -0.017847 0.033564 -0.057412 0.039483 0.022697 0.009727 0.015871 -0.003237 -0.104334 -0.025368 0.001335 -0.000191 0.015450 -1.108759 -0.396925 -0.613604 -1.463912 0.955024 0.000191
1757663156.247229 -0.008202 -0.007439 -0.084878 0.014305 -0.017847 0.033564 -0.057412 0.039483 0.022697 0.009727 0.015871 -0.003237 -0.104334 -0.025368 0.001335 -0.000191 0.015450 -1.107996 -0.396925 -0.616655 -1.462386 0.954642 0.000191
1757663156.249204 -0.008202 -0.007439 -0.084878 0.014305 -0.017847 0.033564 -0.057412 0.039483 0.022697 0.009727 0.015871 -0.003237 -0.104334 -0.025368 0.001335 -0.000191 0.015450 -1.106852 -0.397306 -0.619707 -1.460860 0.954642 0.000191
1757663156.251243 -0.008202 -0.007439 -0.084878 0.014305 -0.017847 0.033564 -0.057794 0.039483 0.022697 0.009727 0.016006 -0.003493 -0.104334 -0.025368 0.001335 -0.000191 0.015450 -1.106089 -0.397306 -0.622759 -1.459334 0.954261 0.000191
1757663156.253206 -0.008202 -0.007439 -0.084878 0.014305 -0.017847 0.033564 -0.057794 0.039483 0.022697 0.009727 0.016006 -0.003493 -0.104715 -0.024986 0.001335 -0.000191 0.015450 -1.104944 -0.397306 -0.625811 -1.457808 0.953879 0.000191
1757663156.255206 -0.008202 -0.007439 -0.084878 0.014305 -0.017847 0.033564 -0.057794 0.039483 0.022697 0.009727 0.016006 -0.003493 -0.104715 -0.024986 0.001335 -0.000191 0.015450 -1.104181 -0.397688 -0.628481 -1.456283 0.953879 0.000191
1757663156.257197 -0.008202 -0.007439 -0.084878 0.014305 -0.017847 0.033564 -0.057794 0.039483 0.022697 0.009727 0.016006 -0.003493 -0.104715 -0.024986 0.001335 -0.000191 0.015450 -1.103418 -0.397688 -0.631533 -1.454757 0.953498 0.000191
1757663156.259207 -0.008202 -0.007439 -0.084878 0.014305 -0.017847 0.033564 -0.057794 0.039483 0.022697 0.009727 0.016006 -0.003493 -0.104715 -0.024986 0.001335 -0.000191 0.015450 -1.102274 -0.398069 -0.634203 -1.453231 0.953116 0.000191
1757663156.261204 -0.008202 -0.007439 -0.084878 0.014305 -0.017847 0.033564 -0.057794 0.039483 0.022697 0.009727 0.016006 -0.003493 -0.105097 -0.024986 0.001335 -0.000191 0.015450 -1.101511 -0.398069 -0.637255 -1.451705 0.953116 0.000191
1757663156.263195 -0.008202 -0.007439 -0.084878 0.014305 -0.017847 0.033564 -0.057794 0.039483 0.022697 0.009727 0.016006 -0.003493 -0.105097 -0.024986 0.001335 -0.000191 0.015450 -1.100748 -0.398069 -0.640306 -1.450179 0.952735 0.000191
1757663156.265197 -0.008202 -0.007439 -0.084878 0.014305 -0.017847 0.033564 -0.057794 0.039483 0.022697 0.009727 0.016006 -0.003493 -0.105097 -0.024986 0.001717 -0.000191 0.015450 -1.099604 -0.398451 -0.642977 -1.448653 0.952353 0.000191
1757663156.267195 -0.008202 -0.007439 -0.084878 0.014305 -0.017847 0.033564 -0.057794 0.039483 0.022697 0.009727 0.016006 -0.003493 -0.105478 -0.024986 0.001717 -0.000191 0.015450 -1.098841 -0.398451 -0.646029 -1.447127 0.952353 0.000191
1757663156.269206 -0.008202 -0.007439 -0.084878 0.014305 -0.017847 0.033564 -0.057794 0.039483 0.022697 0.009727 0.016141 -0.003748 -0.105478 -0.024986 0.001717 -0.000191 0.015450 -1.098078 -0.398832 -0.648699 -1.445601 0.951972 0.000191
1757663156.271199 -0.008202 -0.007439 -0.084878 0.014305 -0.017847 0.033564 -0.057794 0.039483 0.022697 0.009727 0.016141 -0.003748 -0.105478 -0.024986 0.001717 -0.000191 0.015450 -1.097315 -0.398832 -0.651369 -1.444076 0.951972 0.000191
1757663156.273200 -0.008202 -0.007439 -0.084878 0.014305 -0.017847 0.033564 -0.057794 0.039483 0.022697 0.009727 0.016141 -0.003748 -0.105860 -0.024986 0.001717 -0.000191 0.015450 -1.096552 -0.399214 -0.654421 -1.442550 0.951591 0.000191
1757663156.275207 -0.008202 -0.007439 -0.084878 0.014305 -0.017847 0.033564 -0.057794 0.039483 0.022697 0.009727 0.016141 -0.003748 -0.105860 -0.024986 0.001717 -0.000191 0.015450 -1.095789 -0.399214 -0.657092 -1.441024 0.951209 0.000191
1757663156.277231 -0.008202 -0.007439 -0.084878 0.014305 -0.017847 0.033564 -0.057794 0.039483 0.022697 0.009727 0.016141 -0.003748 -0.105860 -0.024986 0.001717 -0.000191 0.015450 -1.095026 -0.399595 -0.659762 -1.439879 0.951209 0.000191
1757663156.279219 -0.008202 -0.007439 -0.084878 0.014305 -0.017847 0.033564 -0.057794 0.039483 0.022697 0.009727 0.016141 -0.003748 -0.106241 -0.024986 0.001717 -0.000191 0.015450 -1.094263 -0.399595 -0.662433 -1.438354 0.950828 0.000191
1757663156.281189 -0.008202 -0.007439 -0.084878 0.014305 -0.017847 0.033564 -0.057794 0.039483 0.022697 0.009727 0.016141 -0.003748 -0.106241 -0.024986 0.001717 -0.000191 0.015450 -1.093499 -0.399595 -0.665484 -1.436828 0.950828 0.000191
1757663156.283184 -0.008202 -0.007439 -0.084878 0.014305 -0.017847 0.033564 -0.057794 0.039483 0.022697 0.009727 0.016141 -0.003748 -0.106241 -0.024986 0.001717 -0.000191 0.015450 -1.092736 -0.399977 -0.668155 -1.435683 0.950446 0.000191
1757663156.285168 -0.008202 -0.007439 -0.084878 0.014305 -0.017847 0.033564 -0.057794 0.039483 0.022697 0.009727 0.016141 -0.003748 -0.106623 -0.024986 0.001717 -0.000191 0.015450 -1.091973 -0.399977 -0.670825 -1.434157 0.950446 0.000191
1757663156.287163 -0.008202 -0.007439 -0.084878 0.014305 -0.017847 0.033564 -0.057794 0.039483 0.022697 0.009727 0.016141 -0.003748 -0.106623 -0.024605 0.001717 -0.000191 0.015450 -1.091210 -0.400358 -0.673495 -1.433013 0.950065 0.000191
1757663156.289181 -0.008202 -0.007439 -0.084878 0.014305 -0.017847 0.033564 -0.057794 0.039483 0.022697 0.009727 0.016141 -0.003748 -0.106623 -0.024605 0.001717 -0.000191 0.015831 -1.090447 -0.400358 -0.675784 -1.431869 0.949683 0.000191
1757663156.291171 -0.008202 -0.007439 -0.084878 0.014305 -0.017847 0.033564 -0.057794 0.039483 0.022697 0.009727 0.016141 -0.003748 -0.107004 -0.024605 0.001717 -0.000191 0.015831 -1.090066 -0.400740 -0.678454 -1.430343 0.949683 0.000191
1757663156.293171 -0.008202 -0.007439 -0.084878 0.014305 -0.017847 0.033564 -0.057794 0.039483 0.022697 0.009727 0.016141 -0.003748 -0.107004 -0.024605 0.001717 -0.000191 0.015831 -1.089303 -0.400740 -0.681125 -1.429198 0.949302 0.000191
1757663156.295176 -0.008202 -0.007439 -0.084878 0.014305 -0.017847 0.033564 -0.057794 0.039483 0.023079 0.009727 0.016141 -0.003748 -0.107004 -0.024605 0.001717 -0.000191 0.015831 -1.088540 -0.400740 -0.683795 -1.428054 0.949302 0.000191
1757663156.297182 -0.008202 -0.007439 -0.084878 0.014305 -0.017847 0.033564 -0.057794 0.039483 0.023079 0.009727 0.016141 -0.003748 -0.107386 -0.024605 0.001717 -0.000191 0.015831 -1.087777 -0.401121 -0.686084 -1.426909 0.948920 0.000191
1757663156.299193 -0.008202 -0.007439 -0.084878 0.014305 -0.017847 0.033564 -0.057794 0.039483 0.023079 0.009727 0.016141 -0.003748 -0.107386 -0.024605 0.001717 -0.000191 0.015831 -1.087396 -0.401121 -0.688373 -1.425765 0.948539 0.000191
1757663156.301200 -0.008202 -0.007439 -0.084878 0.014305 -0.017847 0.033564 -0.057794 0.039483 0.023079 0.009727 0.016141 -0.003748 -0.107767 -0.024605 0.001717 -0.000191 0.015831 -1.086633 -0.401121 -0.691043 -1.424621 0.948539 0.000191
1757663156.303195 -0.008202 -0.007439 -0.084878 0.014305 -0.017847 0.033564 -0.057794 0.039483 0.023079 0.009727 0.016141 -0.003748 -0.107767 -0.024605 0.001717 -0.000191 0.015831 -1.085870 -0.401503 -0.693332 -1.423476 0.948157 0.000191
1757663156.305197 -0.008202 -0.007439 -0.084878 0.014305 -0.017847 0.033564 -0.057794 0.039483 0.023079 0.009727 0.016141 -0.003748 -0.107767 -0.024605 0.001717 -0.000191 0.015831 -1.085488 -0.401503 -0.695621 -1.422332 0.947776 0.000191
1757663156.307193 -0.008202 -0.007439 -0.084878 0.014305 -0.017847 0.033564 -0.057794 0.039483 0.023079 0.009727 0.016141 -0.003748 -0.108149 -0.024605 0.001717 -0.000191 0.015831 -1.084725 -0.401884 -0.697909 -1.421187 0.947776 0.000191
1757663156.309237 -0.008202 -0.007439 -0.084878 0.014305 -0.017847 0.033564 -0.057794 0.039483 0.023079 0.009727 0.016141 -0.003748 -0.108149 -0.024605 0.001717 -0.000191 0.015831 -1.084344 -0.401884 -0.700198 -1.420043 0.947394 0.000191
1757663156.311208 -0.008202 -0.007439 -0.084878 0.014305 -0.017985 0.033307 -0.057794 0.039483 0.023079 0.009727 0.016141 -0.003748 -0.108530 -0.024605 0.001717 -0.000191 0.015831 -1.083581 -0.401884 -0.702487 -1.419280 0.947013 0.000191
1757663156.313200 -0.008202 -0.007439 -0.084878 0.014305 -0.017985 0.033307 -0.057794 0.039483 0.023079 0.009727 0.016141 -0.003748 -0.108530 -0.024605 0.001717 -0.000191 0.015831 -1.083200 -0.402266 -0.704776 -1.418136 0.947013 0.000191
1757663156.315205 -0.008202 -0.007439 -0.084878 0.014305 -0.017985 0.033307 -0.057794 0.039483 0.023079 0.009727 0.016141 -0.003748 -0.108530 -0.024605 0.001717 -0.000191 0.015831 -1.082437 -0.402266 -0.706683 -1.416991 0.946631 0.000191
1757663156.317209 -0.008202 -0.007439 -0.084878 0.014305 -0.017985 0.033307 -0.057794 0.039483 0.023079 0.009727 0.016141 -0.003748 -0.108912 -0.024605 0.001717 -0.000191 0.015831 -1.082055 -0.402266 -0.708972 -1.416228 0.946631 0.000191
1757663156.319204 -0.008202 -0.007439 -0.084878 0.014305 -0.017985 0.033307 -0.057794 0.039483 0.023079 0.009727 0.016141 -0.003748 -0.108912 -0.024605 0.001717 -0.000191 0.016212 -1.081674 -0.402647 -0.710879 -1.415465 0.946250 0.000191
1757663156.321193 -0.008202 -0.007439 -0.084878 0.014305 -0.017985 0.033307 -0.057794 0.039483 0.023079 0.009727 0.016141 -0.003748 -0.109293 -0.024605 0.001717 -0.000191 0.016212 -1.080911 -0.402647 -0.712787 -1.414321 0.945868 0.000191
1757663156.323194 -0.008202 -0.007439 -0.084878 0.014305 -0.017985 0.033307 -0.057794 0.039483 0.023460 0.009727 0.016141 -0.003748 -0.109293 -0.024605 0.001717 -0.000191 0.016212 -1.080529 -0.402647 -0.714694 -1.413558 0.945868 0.000191
1757663156.325208 -0.008202 -0.007439 -0.084878 0.014305 -0.017985 0.033307 -0.057794 0.039483 0.023460 0.009727 0.016276 -0.004004 -0.109674 -0.024605 0.001717 -0.000191 0.016212 -1.080148 -0.403028 -0.716601 -1.412795 0.945487 0.000191
1757663156.327227 -0.008202 -0.007439 -0.084878 0.014305 -0.017985 0.033307 -0.057794 0.039483 0.023460 0.009727 0.016141 -0.003748 -0.109674 -0.024605 0.001717 -0.000191 0.016212 -1.079766 -0.403028 -0.718509 -1.412032 0.945487 0.000191
1757663156.329196 -0.008202 -0.007439 -0.084878 0.014305 -0.017985 0.033307 -0.057794 0.039483 0.023460 0.009727 0.016276 -0.004004 -0.110056 -0.024605 0.001717 -0.000191 0.016212 -1.079003 -0.403028 -0.720417 -1.411269 0.945106 0.000191
1757663156.331199 -0.008202 -0.007439 -0.084878 0.014305 -0.017985 0.033307 -0.057794 0.039483 0.023460 0.009727 0.016276 -0.004004 -0.110056 -0.024605 0.001717 -0.000191 0.016212 -1.078622 -0.403410 -0.721943 -1.410888 0.945106 0.000191
1757663156.333197 -0.008202 -0.007439 -0.084878 0.014305 -0.017985 0.033307 -0.057794 0.039483 0.023460 0.009727 0.016276 -0.004004 -0.110056 -0.024605 0.001717 -0.000191 0.016212 -1.078240 -0.403410 -0.723469 -1.410125 0.944724 0.000191
1757663156.335198 -0.008202 -0.007439 -0.084878 0.014305 -0.017985 0.033307 -0.057794 0.039483 0.023460 0.009727 0.016276 -0.004004 -0.110437 -0.024605 0.001717 -0.000191 0.016212 -1.077859 -0.403410 -0.724995 -1.409743 0.944724 0.000191
1757663156.337196 -0.008202 -0.007439 -0.084878 0.014305 -0.017985 0.033307 -0.057794 0.039483 0.023460 0.009727 0.016276 -0.004004 -0.110437 -0.024605 0.001717 -0.000191 0.016212 -1.077477 -0.403791 -0.726521 -1.408980 0.944343 0.000191
1757663156.339193 -0.008202 -0.007439 -0.084878 0.014305 -0.017985 0.033307 -0.057794 0.039483 0.023460 0.009727 0.016141 -0.003748 -0.110819 -0.024605 0.001717 -0.000572 0.016212 -1.077096 -0.403791 -0.728046 -1.408599 0.944343 0.000191
1757663156.341243 -0.008202 -0.007439 -0.084878 0.014305 -0.017985 0.033307 -0.057794 0.039483 0.023460 0.009727 0.016141 -0.003748 -0.110819 -0.024605 0.001717 -0.000572 0.016212 -1.076715 -0.403791 -0.729191 -1.408217 0.943961 0.000191
1757663156.343208 -0.008202 -0.007439 -0.084878 0.014305 -0.017985 0.033307 -0.057794 0.039483 0.023460 0.009727 0.016141 -0.003748 -0.110819 -0.024605 0.001717 -0.000572 0.016212 -1.076333 -0.404173 -0.730717 -1.407836 0.943961 0.000191
1757663156.345206 -0.008202 -0.007439 -0.084878 0.014305 -0.017985 0.033307 -0.057794 0.039483 0.023460 0.009727 0.016141 -0.003748 -0.111200 -0.024605 0.001717 -0.000572 0.016212 -1.076333 -0.404173 -0.731861 -1.407454 0.943580 0.000191
1757663156.347197 -0.008202 -0.007439 -0.084878 0.014305 -0.017985 0.033307 -0.057794 0.039483 0.023460 0.009727 0.016141 -0.003748 -0.111200 -0.024605 0.001717 -0.000572 0.016594 -1.075952 -0.404554 -0.732624 -1.407073 0.943580 0.000191
1757663156.349197 -0.008202 -0.007439 -0.084878 0.014305 -0.017985 0.033307 -0.057794 0.039483 0.023460 0.009727 0.016141 -0.003748 -0.111200 -0.024605 0.001717 -0.000191 0.016594 -1.075570 -0.404554 -0.733768 -1.407073 0.943198 0.000191
1757663156.351196 -0.008202 -0.007439 -0.084878 0.014305 -0.017985 0.033307 -0.057794 0.039483 0.023460 0.009727 0.016141 -0.003748 -0.111200 -0.024605 0.001717 -0.000572 0.016594 -1.075570 -0.404936 -0.734913 -1.406692 0.943198 0.000191
1757663156.353196 -0.008202 -0.007439 -0.084878 0.014305 -0.017985 0.033307 -0.057794 0.039865 0.023460 0.009727 0.016141 -0.003748 -0.111582 -0.024605 0.001717 -0.000572 0.016594 -1.075189 -0.404936 -0.735676 -1.406692 0.942817 0.000191
1757663156.355199 -0.008202 -0.007439 -0.084878 0.014305 -0.017985 0.033307 -0.057794 0.039865 0.023460 0.009727 0.016141 -0.003748 -0.111582 -0.024605 0.001717 -0.000572 0.016594 -1.075189 -0.405317 -0.736439 -1.406310 0.942817 0.000191
1757663156.357196 -0.008202 -0.007439 -0.084878 0.014305 -0.017985 0.033307 -0.057794 0.039865 0.023460 0.009727 0.016141 -0.003748 -0.111582 -0.024605 0.001717 -0.000572 0.016594 -1.074807 -0.405317 -0.737202 -1.406310 0.942435 0.000191
1757663156.359197 -0.008202 -0.007439 -0.084878 0.014305 -0.017985 0.033307 -0.057794 0.039865 0.023460 0.009727 0.016141 -0.003748 -0.111963 -0.024605 0.001717 -0.000572 0.016594 -1.074807 -0.405699 -0.737965 -1.406310 0.942435 0.000191
1757663156.361195 -0.008202 -0.007439 -0.084878 0.014305 -0.017985 0.033307 -0.057794 0.039865 0.023460 0.009727 0.016141 -0.003748 -0.111963 -0.024605 0.001717 -0.000191 0.016594 -1.074807 -0.405699 -0.738346 -1.406310 0.942435 0.000191
1757663156.363205 -0.008202 -0.007439 -0.084878 0.014305 -0.017985 0.033307 -0.057794 0.039865 0.023460 0.009727 0.016141 -0.003748 -0.111963 -0.024605 0.001717 -0.000572 0.016594 -1.074807 -0.406080 -0.739109 -1.405928 0.942054 0.000191
1757663156.365193 -0.008202 -0.007057 -0.084878 0.014305 -0.017985 0.033307 -0.057794 0.039865 0.023460 0.009727 0.016141 -0.003748 -0.111963 -0.024605 0.001717 -0.000572 0.016594 -1.074426 -0.406463 -0.739491 -1.405928 0.942054 0.000191
1757663156.367196 -0.008202 -0.007057 -0.084878 0.014305 -0.017985 0.033307 -0.057794 0.039865 0.023460 0.009727 0.016141 -0.003748 -0.111963 -0.024605 0.002098 -0.000572 0.016594 -1.074426 -0.406463 -0.739872 -1.405928 0.941672 0.000191
1757663156.369198 -0.008202 -0.007057 -0.084878 0.014305 -0.017985 0.033307 -0.057794 0.039865 0.023460 0.009727 0.016141 -0.003748 -0.112345 -0.024605 0.002098 -0.000572 0.016594 -1.074426 -0.406844 -0.740253 -1.405928 0.941672 0.000191
1757663156.371193 -0.008202 -0.007057 -0.084878 0.014305 -0.017985 0.033307 -0.057794 0.039865 0.023460 0.009727 0.016141 -0.003748 -0.112345 -0.024605 0.002098 -0.000572 0.016594 -1.074426 -0.407226 -0.740635 -1.405928 0.941291 0.000191
1757663156.373226 -0.008202 -0.007057 -0.084878 0.014305 -0.017985 0.033307 -0.057794 0.039865 0.023460 0.009727 0.016141 -0.003748 -0.112345 -0.024605 0.002098 -0.000572 0.016594 -1.074426 -0.407607 -0.741016 -1.405928 0.941291 0.000191
1757663156.375205 -0.008202 -0.007057 -0.084878 0.014305 -0.017985 0.033307 -0.057794 0.039865 0.023460 0.009727 0.016141 -0.003748 -0.112345 -0.024986 0.002098 -0.000572 0.016594 -1.074426 -0.407989 -0.741016 -1.405928 0.940909 0.000191
1757663156.377305 -0.008202 -0.007057 -0.084878 0.014305 -0.017985 0.033307 -0.057794 0.039865 0.023460 0.009727 0.016141 -0.003748 -0.112345 -0.024986 0.002098 -0.000572 0.016594 -1.074426 -0.407989 -0.741016 -1.405928 0.940909 0.000191
1757663156.379248 -0.008202 -0.007057 -0.084878 0.014305 -0.017985 0.033307 -0.057794 0.039865 0.023460 0.009727 0.016141 -0.003748 -0.112345 -0.024986 0.002098 -0.000572 0.016975 -1.074426 -0.408370 -0.741398 -1.405928 0.940909 0.000191
1757663156.381196 -0.008202 -0.007057 -0.084878 0.014305 -0.017985 0.033307 -0.057794 0.039865 0.023460 0.009727 0.016141 -0.003748 -0.112345 -0.024986 0.002098 -0.000572 0.016975 -1.074426 -0.408751 -0.741398 -1.405928 0.940528 0.000191
1757663156.383195 -0.008202 -0.007057 -0.084878 0.014305 -0.017985 0.033307 -0.057794 0.040246 0.023460 0.009727 0.016141 -0.003748 -0.112345 -0.024986 0.002098 -0.000572 0.016975 -1.074426 -0.409133 -0.741398 -1.405928 0.940528 0.000191
1757663156.385195 -0.008202 -0.006676 -0.084878 0.014305 -0.017985 0.033307 -0.057794 0.040246 0.023460 0.009727 0.016141 -0.003748 -0.112345 -0.024986 0.002098 -0.000572 0.016975 -1.074426 -0.409514 -0.741398 -1.406310 0.940146 0.000191
1757663156.387196 -0.008202 -0.006676 -0.084878 0.014305 -0.017985 0.033307 -0.057794 0.040246 0.023460 0.009727 0.016141 -0.003748 -0.112345 -0.024986 0.002098 -0.000572 0.016975 -1.074426 -0.409896 -0.741398 -1.406310 0.939765 0.000191
1757663156.389192 -0.008202 -0.006676 -0.084878 0.014305 -0.017985 0.033307 -0.057794 0.040246 0.023460 0.009727 0.016141 -0.003748 -0.112345 -0.024986 0.002098 -0.000572 0.016975 -1.074426 -0.410659 -0.741398 -1.406692 0.939765 0.000191
1757663156.391192 -0.008202 -0.006676 -0.084878 0.014305 -0.017985 0.033307 -0.057794 0.040246 0.023460 0.009727 0.016141 -0.003748 -0.112345 -0.024986 0.002098 -0.000572 0.016975 -1.074426 -0.411040 -0.741398 -1.407073 0.939384 0.000191
1757663156.393197 -0.008202 -0.006676 -0.084878 0.014305 -0.017985 0.033307 -0.057794 0.040246 0.023460 0.009727 0.016141 -0.003748 -0.112345 -0.024986 0.002098 -0.000572 0.016975 -1.074426 -0.411422 -0.741398 -1.407454 0.939384 0.000191
1757663156.395194 -0.008202 -0.006676 -0.084878 0.014305 -0.017985 0.033307 -0.057794 0.040246 0.023460 0.009727 0.016141 -0.003748 -0.112345 -0.024986 0.002098 -0.000572 0.016975 -1.074426 -0.411803 -0.741016 -1.407836 0.939002 0.000191
1757663156.397192 -0.008583 -0.006676 -0.084878 0.014305 -0.017985 0.033307 -0.057794 0.040246 0.023460 0.009727 0.016141 -0.003748 -0.112345 -0.024986 0.002098 -0.000572 0.016975 -1.074426 -0.412185 -0.741016 -1.408217 0.939002 0.000191
1757663156.399195 -0.008583 -0.006676 -0.084878 0.014305 -0.017985 0.033307 -0.057794 0.040246 0.023460 0.009727 0.016141 -0.003748 -0.112345 -0.024986 0.002098 -0.000572 0.016975 -1.074807 -0.412948 -0.741016 -1.408217 0.938621 0.000191
1757663156.401194 -0.008583 -0.006676 -0.084878 0.014305 -0.018123 0.033051 -0.057794 0.040627 0.023460 0.009727 0.016141 -0.003748 -0.112345 -0.024986 0.002098 -0.000572 0.016975 -1.074807 -0.413329 -0.740635 -1.408599 0.938621 0.000191
1757663156.403195 -0.008583 -0.006294 -0.084878 0.014305 -0.018123 0.033051 -0.057794 0.040627 0.023460 0.009727 0.016141 -0.003748 -0.112345 -0.024986 0.002480 -0.000572 0.016975 -1.074807 -0.414092 -0.740253 -1.409362 0.938239 0.000191
1757663156.405211 -0.008583 -0.006294 -0.084878 0.014305 -0.018123 0.033051 -0.057794 0.040627 0.023460 0.009727 0.016141 -0.003748 -0.112345 -0.024986 0.002480 -0.000572 0.016975 -1.075189 -0.414474 -0.740253 -1.409743 0.938239 0.000191
1757663156.407233 -0.008583 -0.006294 -0.084878 0.014305 -0.018123 0.033051 -0.057794 0.040627 0.023079 0.009727 0.016141 -0.003748 -0.112345 -0.024986 0.002480 -0.000572 0.016975 -1.075189 -0.415236 -0.739872 -1.410125 0.937858 0.000191
1757663156.409196 -0.008583 -0.006294 -0.084878 0.014305 -0.018123 0.033051 -0.057794 0.040627 0.023079 0.009727 0.016141 -0.003748 -0.112345 -0.024986 0.002480 -0.000572 0.016975 -1.075189 -0.415618 -0.739491 -1.410888 0.937476 0.000191
1757663156.411194 -0.008583 -0.006294 -0.084878 0.014305 -0.018123 0.033051 -0.057794 0.040627 0.023079 0.009727 0.016141 -0.003748 -0.112345 -0.024986 0.002480 -0.000572 0.016975 -1.075570 -0.416381 -0.738728 -1.411269 0.937476 0.000191
1757663156.413203 -0.008583 -0.006294 -0.084878 0.014305 -0.018123 0.033051 -0.057794 0.040627 0.023079 0.009727 0.016141 -0.003748 -0.111963 -0.024986 0.002480 -0.000572 0.016975 -1.075570 -0.417144 -0.738346 -1.412032 0.937476 0.000191
1757663156.415204 -0.008583 -0.006294 -0.084878 0.014305 -0.018123 0.033051 -0.057794 0.040627 0.023079 0.009727 0.016141 -0.003748 -0.111963 -0.025368 0.002480 -0.000572 0.016975 -1.075952 -0.417525 -0.737965 -1.412414 0.937095 0.000191
1757663156.417204 -0.008583 -0.006294 -0.084878 0.014305 -0.018123 0.033051 -0.057794 0.040627 0.023079 0.009727 0.016141 -0.003748 -0.111963 -0.025368 0.002480 -0.000572 0.016975 -1.075952 -0.418288 -0.737202 -1.413177 0.937095 0.000191
1757663156.419206 -0.008583 -0.005913 -0.084878 0.014305 -0.018123 0.033051 -0.057794 0.041009 0.023079 0.009727 0.016141 -0.003748 -0.111963 -0.025368 0.002480 -0.000572 0.016975 -1.076333 -0.419051 -0.736820 -1.413939 0.936713 0.000191
1757663156.421214 -0.008583 -0.005913 -0.084878 0.014305 -0.018123 0.033051 -0.057794 0.041009 0.023079 0.009727 0.016141 -0.003748 -0.111963 -0.025368 0.002480 -0.000572 0.016975 -1.076715 -0.419814 -0.736057 -1.414702 0.936713 0.000191
1757663156.423194 -0.008583 -0.005913 -0.084878 0.014305 -0.018123 0.033051 -0.057794 0.041009 0.023079 0.009727 0.016141 -0.003748 -0.111963 -0.025368 0.002480 -0.000572 0.016975 -1.076715 -0.420196 -0.735294 -1.415465 0.936332 0.000191
1757663156.425194 -0.008583 -0.005913 -0.084878 0.014305 -0.018123 0.033051 -0.057794 0.041009 0.023079 0.009346 0.016141 -0.003748 -0.111582 -0.025368 0.002480 -0.000572 0.016975 -1.077096 -0.420959 -0.734531 -1.416610 0.936332 0.000191
1757663156.427191 -0.008583 -0.005913 -0.084878 0.014305 -0.018123 0.033051 -0.057794 0.041009 0.023079 0.009346 0.016141 -0.003748 -0.111582 -0.025368 0.002480 -0.000572 0.016975 -1.077477 -0.421721 -0.733768 -1.417373 0.935950 0.000191
1757663156.429197 -0.008583 -0.005913 -0.084878 0.014305 -0.018123 0.033051 -0.057794 0.041009 0.023079 0.009346 0.016141 -0.003748 -0.111200 -0.025368 0.002480 -0.000191 0.016975 -1.077859 -0.422484 -0.733006 -1.418136 0.935950 0.000191
1757663156.431193 -0.008583 -0.005913 -0.084878 0.014305 -0.018123 0.033051 -0.057794 0.041009 0.023079 0.009346 0.016141 -0.003748 -0.111200 -0.025368 0.002480 -0.000191 0.016975 -1.077859 -0.422866 -0.732243 -1.419280 0.935950 0.000191
1757663156.433199 -0.008583 -0.005913 -0.084878 0.014305 -0.018260 0.032795 -0.057794 0.041009 0.023079 0.009346 0.016141 -0.003748 -0.110819 -0.025749 0.002480 -0.000191 0.016975 -1.078240 -0.423629 -0.731480 -1.420043 0.935569 0.000191
1757663156.435233 -0.008583 -0.005531 -0.084878 0.014305 -0.018260 0.032795 -0.057794 0.041009 0.023079 0.009346 0.016141 -0.003748 -0.110437 -0.025749 0.002861 -0.000191 0.016975 -1.078622 -0.424392 -0.730335 -1.421187 0.935569 0.000191
1757663156.437220 -0.008583 -0.005531 -0.084878 0.014305 -0.018260 0.032795 -0.057794 0.041009 0.023079 0.009346 0.016141 -0.003748 -0.110437 -0.025749 0.002861 -0.000191 0.016975 -1.079003 -0.425155 -0.729572 -1.421950 0.935187 0.000191
1757663156.439218 -0.008583 -0.005531 -0.084878 0.014305 -0.018260 0.032795 -0.057794 0.041009 0.023079 0.009346 0.016141 -0.003748 -0.110056 -0.025749 0.002861 -0.000191 0.016975 -1.079385 -0.425918 -0.728428 -1.423095 0.935187 0.000191
1757663156.441226 -0.008583 -0.005531 -0.084878 0.014305 -0.018260 0.032795 -0.057794 0.041009 0.023079 0.009346 0.016141 -0.003748 -0.110056 -0.025749 0.002861 -0.000191 0.016975 -1.079766 -0.426299 -0.727665 -1.424239 0.935187 0.000191
1757663156.443200 -0.008583 -0.005531 -0.084878 0.014305 -0.018260 0.032795 -0.057794 0.041009 0.023079 0.009346 0.016141 -0.003748 -0.109674 -0.025749 0.002861 -0.000191 0.016975 -1.080148 -0.427062 -0.726521 -1.425384 0.934806 0.000191
1757663156.445192 -0.008965 -0.005531 -0.084878 0.014305 -0.018260 0.032795 -0.057794 0.041009 0.023079 0.009346 0.016141 -0.003748 -0.109674 -0.025749 0.002861 -0.000191 0.016975 -1.080148 -0.427825 -0.725376 -1.426528 0.934806 0.000191
1757663156.447191 -0.008965 -0.005531 -0.084878 0.014305 -0.018260 0.032795 -0.057794 0.041390 0.023079 0.009346 0.016006 -0.003493 -0.109293 -0.025749 0.002861 -0.000191 0.016975 -1.080529 -0.428588 -0.724232 -1.427672 0.934806 0.000191
1757663156.449192 -0.008965 -0.005531 -0.084878 0.014305 -0.018125 0.032543 -0.057794 0.041390 0.023079 0.009346 0.016006 -0.003493 -0.109293 -0.026131 0.002861 -0.000191 0.016975 -1.080911 -0.429351 -0.722706 -1.429198 0.934424 0.000191
1757663156.451203 -0.008965 -0.005531 -0.085259 0.014305 -0.018125 0.032543 -0.057794 0.041390 0.023079 0.009346 0.016006 -0.003493 -0.109293 -0.026131 0.002861 -0.000191 0.016975 -1.081292 -0.430114 -0.721561 -1.430343 0.934424 0.000191
1757663156.453194 -0.008965 -0.005531 -0.085259 0.014305 -0.018125 0.032543 -0.057794 0.041390 0.023079 0.009346 0.016006 -0.003493 -0.108912 -0.026131 0.002861 -0.000191 0.016975 -1.081674 -0.430877 -0.720417 -1.431487 0.934424 0.000191
1757663156.455194 -0.008965 -0.005531 -0.085259 0.014305 -0.018125 0.032543 -0.057794 0.041390 0.023079 0.009346 0.016006 -0.003493 -0.108912 -0.026131 0.002861 -0.000191 0.016975 -1.082055 -0.431640 -0.718891 -1.433013 0.934043 0.000191
1757663156.457190 -0.008965 -0.005531 -0.085259 0.014305 -0.018125 0.032543 -0.057412 0.041390 0.023079 0.009346 0.016006 -0.003493 -0.108530 -0.026131 0.002861 -0.000191 0.016975 -1.082437 -0.432403 -0.717364 -1.434539 0.934043 0.000191
1757663156.459191 -0.008965 -0.005531 -0.085259 0.014305 -0.018125 0.032543 -0.057412 0.041390 0.023079 0.009346 0.016006 -0.003493 -0.108530 -0.026131 0.002861 -0.000191 0.016975 -1.082818 -0.433166 -0.715838 -1.435683 0.934043 0.000191
1757663156.461193 -0.008965 -0.005150 -0.085259 0.014305 -0.018125 0.032543 -0.057412 0.041390 0.023079 0.009346 0.016006 -0.003493 -0.108149 -0.026131 0.002861 -0.000191 0.016975 -1.083581 -0.433547 -0.714313 -1.437209 0.933661 0.000191
1757663156.463192 -0.008965 -0.005150 -0.085259 0.014305 -0.018125 0.032543 -0.057412 0.041390 0.023079 0.009346 0.016006 -0.003493 -0.108149 -0.026512 0.002861 -0.000191 0.016975 -1.083962 -0.434310 -0.712787 -1.438735 0.933661 0.000191
1757663156.465194 -0.008965 -0.005150 -0.085259 0.014305 -0.018125 0.032543 -0.057412 0.041390 0.023079 0.009346 0.016006 -0.003493 -0.107767 -0.026512 0.002861 -0.000191 0.016975 -1.084344 -0.435073 -0.710879 -1.440261 0.933661 0.000191
1757663156.467222 -0.008965 -0.005150 -0.085259 0.014305 -0.018125 0.032543 -0.057412 0.041390 0.023079 0.009346 0.016006 -0.003493 -0.107767 -0.026512 0.002861 -0.000191 0.016975 -1.084725 -0.435836 -0.709353 -1.441787 0.933661 0.000191
1757663156.469203 -0.009346 -0.005150 -0.085259 0.014305 -0.018125 0.032543 -0.057412 0.041390 0.023079 0.009346 0.016006 -0.003493 -0.107386 -0.026512 0.002861 -0.000191 0.016975 -1.085107 -0.436599 -0.707446 -1.443313 0.933280 0.000191
1757663156.471195 -0.009346 -0.005150 -0.085641 0.014305 -0.018125 0.032543 -0.057412 0.041390 0.023079 0.009346 0.016006 -0.003493 -0.107386 -0.026512 0.002861 -0.000191 0.016975 -1.085488 -0.437362 -0.705920 -1.444839 0.933280 0.000191
1757663156.473194 -0.009346 -0.005150 -0.085641 0.014305 -0.018125 0.032543 -0.057412 0.041390 0.023079 0.009346 0.016006 -0.003493 -0.107004 -0.026512 0.002861 -0.000191 0.016975 -1.085870 -0.438125 -0.704013 -1.446364 0.933280 0.000191
1757663156.475206 -0.009346 -0.005150 -0.085641 0.014305 -0.018125 0.032543 -0.057031 0.041390 0.023079 0.009346 0.016006 -0.003493 -0.107004 -0.026512 0.002861 -0.000191 0.016975 -1.086251 -0.438888 -0.702106 -1.447890 0.933280 0.000191
1757663156.477198 -0.009346 -0.005150 -0.085641 0.014305 -0.018125 0.032543 -0.057031 0.041390 0.023079 0.009346 0.016006 -0.003493 -0.106623 -0.026894 0.002861 -0.000191 0.016975 -1.086633 -0.439651 -0.699817 -1.449416 0.932899 0.000191
1757663156.479192 -0.009346 -0.005150 -0.085641 0.014305 -0.018125 0.032543 -0.057031 0.041390 0.023079 0.009346 0.016006 -0.003493 -0.106623 -0.026894 0.002861 -0.000191 0.016975 -1.087014 -0.440413 -0.697909 -1.451324 0.932899 0.000191
1757663156.481194 -0.009346 -0.005150 -0.085641 0.014305 -0.018125 0.032543 -0.057031 0.041390 0.023079 0.009346 0.016006 -0.003493 -0.106241 -0.026894 0.002861 -0.000191 0.016975 -1.087396 -0.441176 -0.696002 -1.452849 0.932899 0.000191
1757663156.483196 -0.009346 -0.005150 -0.086022 0.013924 -0.018125 0.032543 -0.057031 0.041390 0.023079 0.009346 0.016006 -0.003493 -0.106241 -0.026894 0.002861 -0.000191 0.016975 -1.087777 -0.441939 -0.693713 -1.454757 0.932899 0.000191
1757663156.485192 -0.009346 -0.005150 -0.086022 0.013924 -0.018125 0.032543 -0.057031 0.041390 0.023079 0.009346 0.016006 -0.003493 -0.105860 -0.026894 0.002861 -0.000191 0.016975 -1.088159 -0.442702 -0.691806 -1.456283 0.932899 0.000191
1757663156.487191 -0.009346 -0.005150 -0.086022 0.013924 -0.018263 0.032287 -0.057031 0.041390 0.023079 0.009346 0.016006 -0.003493 -0.105478 -0.026894 0.002861 -0.000191 0.016975 -1.088540 -0.443465 -0.689517 -1.458190 0.932517 0.000191
1757663156.489195 -0.009346 -0.005150 -0.086022 0.013924 -0.018263 0.032287 -0.057031 0.041390 0.023079 0.009346 0.016006 -0.003493 -0.105478 -0.026894 0.002861 -0.000191 0.016975 -1.088922 -0.444228 -0.687610 -1.459716 0.932517 0.000191
1757663156.491199 -0.009346 -0.005150 -0.086022 0.013924 -0.018128 0.032035 -0.057031 0.041390 0.023079 0.009346 0.016006 -0.003493 -0.105097 -0.027275 0.002861 -0.000191 0.016975 -1.089303 -0.444991 -0.685321 -1.461623 0.932517 0.000191
1757663156.493212 -0.009346 -0.004768 -0.086022 0.013924 -0.018128 0.032035 -0.057031 0.041390 0.023079 0.009346 0.016006 -0.003493 -0.104715 -0.027275 0.002861 -0.000191 0.016975 -1.089684 -0.445754 -0.683032 -1.463149 0.932517 0.000191
1757663156.495193 -0.009346 -0.004768 -0.086404 0.013924 -0.018128 0.032035 -0.056649 0.041390 0.023079 0.009346 0.016006 -0.003493 -0.104334 -0.027275 0.002861 -0.000191 0.016975 -1.090066 -0.446517 -0.680743 -1.465056 0.932517 0.000191
1757663156.497220 -0.009346 -0.004768 -0.086404 0.013924 -0.018128 0.032035 -0.056649 0.041390 0.023079 0.009346 0.016006 -0.003493 -0.103952 -0.027275 0.002861 -0.000191 0.016975 -1.090447 -0.446898 -0.678454 -1.466964 0.932136 0.000191
1757663156.499210 -0.009346 -0.004768 -0.086404 0.013924 -0.018128 0.032035 -0.056649 0.041390 0.023079 0.009346 0.016006 -0.003493 -0.103952 -0.027275 0.002861 -0.000191 0.016975 -1.090829 -0.447661 -0.676166 -1.468490 0.932136 0.000191
1757663156.501239 -0.009346 -0.004768 -0.086404 0.013924 -0.018128 0.032035 -0.056649 0.041390 0.023079 0.009346 0.016006 -0.003493 -0.103571 -0.027275 0.002861 -0.000191 0.016975 -1.090829 -0.448424 -0.673877 -1.470398 0.932136 0.000191
1757663156.503212 -0.009346 -0.004768 -0.086785 0.013924 -0.018128 0.032035 -0.056649 0.041390 0.023079 0.009346 0.016006 -0.003493 -0.103189 -0.027275 0.002861 -0.000191 0.016975 -1.091210 -0.449187 -0.671588 -1.472305 0.932136 0.000191
1757663156.505201 -0.009346 -0.004768 -0.086785 0.013924 -0.018128 0.032035 -0.056649 0.041390 0.023079 0.009346 0.016006 -0.003493 -0.102808 -0.027275 0.002861 -0.000191 0.016975 -1.091592 -0.449950 -0.669299 -1.474213 0.932136 0.000191
1757663156.507191 -0.009346 -0.004768 -0.086785 0.013924 -0.018128 0.032035 -0.056649 0.041390 0.023079 0.009346 0.016006 -0.003493 -0.102427 -0.027275 0.002861 -0.000191 0.016975 -1.091973 -0.450332 -0.667010 -1.476120 0.931754 0.000191
1757663156.509192 -0.009346 -0.004768 -0.086785 0.013924 -0.018128 0.032035 -0.056649 0.041390 0.023079 0.009346 0.016006 -0.003493 -0.102045 -0.027657 0.002861 -0.000191 0.016975 -1.092355 -0.451095 -0.664721 -1.478027 0.931754 0.000191
1757663156.511198 -0.009346 -0.004768 -0.086785 0.013924 -0.018128 0.032035 -0.056649 0.041390 0.023079 0.009346 0.016006 -0.003493 -0.101664 -0.027657 0.002861 -0.000191 0.016975 -1.092736 -0.451858 -0.662433 -1.479935 0.931754 0.000191
1757663156.513192 -0.009346 -0.004768 -0.087167 0.013924 -0.018128 0.032035 -0.056649 0.041390 0.023079 0.009346 0.016006 -0.003493 -0.101282 -0.027657 0.002861 -0.000191 0.016975 -1.092736 -0.452239 -0.660144 -1.481842 0.931754 0.000191
1757663156.515193 -0.009346 -0.004768 -0.087167 0.013924 -0.018128 0.032035 -0.056268 0.041009 0.023079 0.009346 0.016006 -0.003493 -0.100901 -0.027657 0.002861 -0.000191 0.016975 -1.093118 -0.453002 -0.657474 -1.484131 0.931754 0.000191
1757663156.517193 -0.009346 -0.004768 -0.087167 0.013924 -0.018128 0.032035 -0.056268 0.041009 0.023079 0.009346 0.016006 -0.003493 -0.100519 -0.027657 0.002861 -0.000191 0.016975 -1.093499 -0.453383 -0.655184 -1.486038 0.931754 0.000191
1757663156.519193 -0.009346 -0.004768 -0.087167 0.013924 -0.018128 0.032035 -0.056268 0.041009 0.023079 0.009346 0.016006 -0.003493 -0.100138 -0.027657 0.002861 -0.000191 0.016975 -1.093882 -0.454146 -0.652514 -1.487946 0.931373 0.000191
1757663156.521192 -0.009346 -0.004768 -0.087548 0.013924 -0.018128 0.032035 -0.056268 0.041009 0.023079 0.009346 0.016006 -0.003493 -0.099756 -0.027657 0.002861 -0.000191 0.016975 -1.093882 -0.454909 -0.650225 -1.489853 0.931373 0.000191
1757663156.523192 -0.009346 -0.004768 -0.087548 0.013924 -0.018128 0.032035 -0.056268 0.041009 0.023079 0.009346 0.016006 -0.003493 -0.099375 -0.027657 0.002861 -0.000191 0.016975 -1.094263 -0.455291 -0.647554 -1.492142 0.931373 0.000191
1757663156.525195 -0.009346 -0.004768 -0.087548 0.013924 -0.018128 0.032035 -0.056268 0.041009 0.023079 0.009346 0.016006 -0.003493 -0.098993 -0.027657 0.002861 -0.000191 0.016975 -1.094263 -0.456054 -0.645266 -1.494049 0.931373 0.000191
1757663156.527191 -0.009346 -0.004387 -0.087930 0.013924 -0.018128 0.032035 -0.056268 0.041009 0.023079 0.009346 0.016006 -0.003493 -0.098230 -0.027657 0.002861 -0.000191 0.016975 -1.094645 -0.456435 -0.642595 -1.496338 0.931373 0.000191
1757663156.529248 -0.009346 -0.004387 -0.087930 0.013924 -0.018128 0.032035 -0.056268 0.041009 0.023079 0.009346 0.016006 -0.003493 -0.097849 -0.027657 0.002861 -0.000191 0.016975 -1.094645 -0.457198 -0.639925 -1.498245 0.930991 0.000191
1757663156.531203 -0.009346 -0.004387 -0.087930 0.013924 -0.018128 0.032035 -0.056268 0.041009 0.023079 0.009346 0.016006 -0.003493 -0.097467 -0.028038 0.002861 -0.000191 0.016975 -1.095026 -0.457580 -0.637255 -1.500153 0.930991 0.000191
1757663156.533201 -0.009346 -0.004387 -0.087930 0.013924 -0.018128 0.032035 -0.056268 0.041009 0.023079 0.009346 0.016006 -0.003493 -0.097086 -0.028038 0.002861 -0.000191 0.016975 -1.095026 -0.457961 -0.634966 -1.502441 0.930991 0.000191
1757663156.535237 -0.009346 -0.004387 -0.088311 0.013924 -0.018128 0.032035 -0.056268 0.041009 0.023079 0.009346 0.016006 -0.003493 -0.096704 -0.028038 0.002861 -0.000191 0.016975 -1.095407 -0.458724 -0.632296 -1.504349 0.930991 0.000191
1757663156.537282 -0.009346 -0.004387 -0.088311 0.013924 -0.018128 0.032035 -0.056268 0.041009 0.023079 0.009346 0.016006 -0.003493 -0.096323 -0.028038 0.002861 -0.000191 0.016975 -1.095407 -0.459105 -0.629625 -1.506638 0.930991 0.000191
1757663156.539237 -0.009346 -0.004387 -0.088311 0.013924 -0.018128 0.032035 -0.056268 0.041009 0.023079 0.009346 0.016006 -0.003493 -0.095560 -0.028038 0.002861 -0.000191 0.016975 -1.095789 -0.459487 -0.626955 -1.508545 0.930991 0.000191
1757663156.541191 -0.009346 -0.004387 -0.088311 0.013924 -0.018128 0.032035 -0.056268 0.041009 0.023079 0.009346 0.016006 -0.003493 -0.095179 -0.028038 0.002861 -0.000191 0.016975 -1.095789 -0.460250 -0.624285 -1.510834 0.930610 0.000191
1757663156.543191 -0.009346 -0.004387 -0.088693 0.013924 -0.018128 0.032035 -0.056268 0.041009 0.023079 0.009346 0.016006 -0.003493 -0.094797 -0.028038 0.002861 -0.000191 0.016975 -1.095789 -0.460631 -0.621614 -1.512741 0.930610 0.000191
1757663156.545200 -0.009346 -0.004387 -0.088693 0.013924 -0.018128 0.032035 -0.055886 0.041009 0.023079 0.009346 0.016006 -0.003493 -0.094416 -0.028038 0.002861 -0.000191 0.016975 -1.096170 -0.461013 -0.618944 -1.515030 0.930610 0.000191
1757663156.547211 -0.009346 -0.004387 -0.088693 0.013924 -0.018128 0.032035 -0.055886 0.041009 0.023079 0.009346 0.016006 -0.003493 -0.093652 -0.028038 0.002861 -0.000191 0.016975 -1.096170 -0.461394 -0.616274 -1.516937 0.930610 0.000191
1757663156.549210 -0.009346 -0.004387 -0.088693 0.013924 -0.018128 0.032035 -0.055886 0.041009 0.023079 0.009346 0.016006 -0.003493 -0.093270 -0.028038 0.002861 -0.000191 0.016975 -1.096552 -0.462157 -0.613222 -1.519226 0.930610 0.000191
1757663156.551195 -0.009346 -0.004387 -0.088693 0.013924 -0.018128 0.032035 -0.055886 0.041009 0.023079 0.009346 0.016006 -0.003493 -0.092889 -0.028038 0.002861 -0.000191 0.016975 -1.096552 -0.462539 -0.610552 -1.521133 0.930228 0.000191
1757663156.553212 -0.009346 -0.004387 -0.089074 0.013924 -0.018128 0.032035 -0.055886 0.041009 0.023079 0.009346 0.016006 -0.003493 -0.092507 -0.028038 0.002861 -0.000191 0.016975 -1.096933 -0.462920 -0.607882 -1.523422 0.930228 0.000191
1757663156.555192 -0.009346 -0.004387 -0.089074 0.013924 -0.018128 0.032035 -0.055886 0.041009 0.023079 0.009346 0.016006 -0.003493 -0.091744 -0.028038 0.002861 -0.000191 0.016975 -1.096933 -0.463302 -0.605211 -1.525330 0.930228 0.000191
1757663156.557208 -0.009346 -0.004387 -0.089074 0.013924 -0.018128 0.032035 -0.055886 0.041009 0.023079 0.009346 0.016006 -0.003493 -0.091363 -0.028038 0.002861 -0.000191 0.016975 -1.096933 -0.463683 -0.602541 -1.527237 0.930228 0.000191
1757663156.559191 -0.009346 -0.004005 -0.089074 0.013924 -0.018128 0.032035 -0.055886 0.041009 0.023079 0.009346 0.016006 -0.003493 -0.090981 -0.028038 0.002861 -0.000191 0.016975 -1.096933 -0.464065 -0.599489 -1.529526 0.930228 0.000191
1757663156.561215 -0.009346 -0.004005 -0.089074 0.013924 -0.018128 0.032035 -0.055886 0.041009 0.023079 0.009346 0.016006 -0.003493 -0.090600 -0.028419 0.002861 -0.000191 0.016975 -1.097315 -0.464446 -0.596819 -1.531434 0.930228 0.000191
1757663156.563200 -0.009346 -0.004005 -0.089074 0.013924 -0.018128 0.032035 -0.055886 0.041009 0.023079 0.009346 0.016006 -0.003493 -0.089837 -0.028419 0.002861 -0.000191 0.016975 -1.097315 -0.465209 -0.594149 -1.533723 0.929847 0.000191
1757663156.565220 -0.009346 -0.004005 -0.089456 0.013924 -0.018128 0.032035 -0.055886 0.041009 0.023079 0.009346 0.016006 -0.003493 -0.089456 -0.028419 0.002861 -0.000191 0.016975 -1.097315 -0.465590 -0.591096 -1.536012 0.929847 0.000191
1757663156.567191 -0.009346 -0.004005 -0.089456 0.014305 -0.018128 0.032035 -0.055886 0.041009 0.023079 0.009346 0.016006 -0.003493 -0.089074 -0.028419 0.002861 -0.000191 0.016975 -1.097315 -0.465972 -0.588044 -1.537919 0.929847 0.000191
1757663156.569193 -0.009346 -0.004005 -0.089456 0.013924 -0.018128 0.032035 -0.055886 0.041009 0.023079 0.009346 0.016006 -0.003493 -0.088693 -0.028419 0.002861 -0.000191 0.016975 -1.097315 -0.466353 -0.585374 -1.540208 0.929847 0.000191
1757663156.571193 -0.009346 -0.004005 -0.089456 0.013924 -0.018128 0.032035 -0.055886 0.041009 0.023079 0.009346 0.016006 -0.003493 -0.087930 -0.028419 0.002861 -0.000191 0.016594 -1.097696 -0.466735 -0.582322 -1.542115 0.929847 0.000191
1757663156.573192 -0.009346 -0.004005 -0.089837 0.013924 -0.018128 0.032035 -0.055886 0.041009 0.023079 0.009346 0.016006 -0.003493 -0.087548 -0.028419 0.002861 -0.000191 0.016594 -1.097696 -0.467116 -0.579652 -1.544404 0.929847 0.000191
1757663156.575198 -0.009346 -0.004005 -0.089837 0.013924 -0.018128 0.032035 -0.055886 0.041009 0.023079 0.009346 0.016006 -0.003493 -0.087167 -0.028801 0.002861 -0.000191 0.016594 -1.097696 -0.467498 -0.576600 -1.546693 0.929847 0.000191
1757663156.577190 -0.009346 -0.004005 -0.089837 0.013924 -0.018128 0.032035 -0.055886 0.041009 0.023079 0.009346 0.016006 -0.003493 -0.086785 -0.028801 0.002861 -0.000191 0.016594 -1.097696 -0.468261 -0.573548 -1.548600 0.929465 0.000191
1757663156.579212 -0.009346 -0.004005 -0.089837 0.013924 -0.018128 0.032035 -0.055886 0.041009 0.023079 0.009346 0.016006 -0.003493 -0.086022 -0.028801 0.002861 -0.000191 0.016594 -1.097696 -0.468642 -0.570497 -1.550889 0.929465 0.000191
1757663156.581202 -0.009346 -0.004005 -0.089837 0.013924 -0.018128 0.032035 -0.055886 0.041009 0.023079 0.009346 0.016006 -0.003493 -0.085641 -0.028801 0.002861 -0.000191 0.016594 -1.097696 -0.469025 -0.567826 -1.552796 0.929465 0.000191
1757663156.583216 -0.009346 -0.004005 -0.090219 0.013924 -0.018128 0.032035 -0.055886 0.041009 0.023079 0.009346 0.016006 -0.003493 -0.085259 -0.028801 0.002861 -0.000191 0.016594 -1.097696 -0.469406 -0.564775 -1.555085 0.929465 0.000191
1757663156.585199 -0.009346 -0.004005 -0.090219 0.013924 -0.018128 0.032035 -0.055886 0.041009 0.023079 0.009346 0.016006 -0.003493 -0.084878 -0.028801 0.002861 -0.000191 0.016594 -1.097696 -0.469788 -0.561723 -1.557374 0.929465 0.000191
1757663156.587215 -0.009346 -0.004005 -0.090219 0.013924 -0.018128 0.032035 -0.055886 0.041009 0.023079 0.009346 0.016006 -0.003493 -0.084115 -0.028801 0.002861 -0.000191 0.016594 -1.097696 -0.470169 -0.558671 -1.559281 0.929465 0.000191
1757663156.589192 -0.009346 -0.004005 -0.090219 0.013924 -0.018128 0.032035 -0.055886 0.041009 0.023079 0.009346 0.016006 -0.003493 -0.083734 -0.028801 0.002861 -0.000191 0.016594 -1.097696 -0.470551 -0.555619 -1.561570 0.929465 0.000191
1757663156.591265 -0.009346 -0.004005 -0.090219 0.013924 -0.018128 0.032035 -0.055886 0.041009 0.023079 0.009346 0.016006 -0.003493 -0.083352 -0.029182 0.002861 -0.000191 0.016594 -1.098078 -0.470932 -0.552567 -1.563859 0.929084 0.000191
1757663156.593214 -0.009346 -0.004005 -0.090600 0.013924 -0.018128 0.032035 -0.055886 0.041009 0.023079 0.009346 0.016006 -0.003493 -0.082971 -0.029182 0.002861 -0.000191 0.016594 -1.098078 -0.471313 -0.549516 -1.566148 0.929084 0.000191
1757663156.595201 -0.009346 -0.004005 -0.090600 0.013924 -0.018128 0.032035 -0.055886 0.041009 0.023079 0.009346 0.016006 -0.003493 -0.082589 -0.029182 0.002861 -0.000191 0.016594 -1.098078 -0.471695 -0.546464 -1.568055 0.929084 0.000191
1757663156.597215 -0.009346 -0.004005 -0.090600 0.013924 -0.017990 0.032291 -0.055886 0.041009 0.023079 0.009346 0.016006 -0.003493 -0.082208 -0.029182 0.002861 -0.000191 0.016594 -1.098078 -0.472076 -0.543412 -1.570344 0.929084 0.000191
1757663156.599190 -0.009346 -0.003624 -0.090600 0.013924 -0.017990 0.032291 -0.055886 0.041009 0.023079 0.009346 0.016006 -0.003493 -0.081445 -0.029182 0.002861 -0.000191 0.016594 -1.098078 -0.472458 -0.540360 -1.572633 0.929084 0.000191
1757663156.601227 -0.009346 -0.003624 -0.090600 0.013924 -0.017990 0.032291 -0.055886 0.041009 0.023079 0.009346 0.016006 -0.003493 -0.081063 -0.029182 0.002861 -0.000191 0.016594 -1.098078 -0.472839 -0.536927 -1.574922 0.929084 0.000191
1757663156.603199 -0.009346 -0.003624 -0.090981 0.013924 -0.017990 0.032291 -0.055886 0.041009 0.023079 0.009346 0.016006 -0.003493 -0.080682 -0.029182 0.002861 -0.000191 0.016594 -1.098078 -0.473221 -0.533875 -1.576829 0.929084 0.000191
1757663156.605209 -0.009346 -0.003624 -0.090981 0.013924 -0.017990 0.032291 -0.055886 0.041009 0.023079 0.009346 0.016006 -0.003493 -0.080300 -0.029182 0.002861 -0.000191 0.016594 -1.098078 -0.473602 -0.530823 -1.579118 0.929084 0.000191
1757663156.607191 -0.009346 -0.003624 -0.090981 0.013924 -0.017990 0.032291 -0.055886 0.041009 0.023079 0.009346 0.016006 -0.003493 -0.079919 -0.029564 0.002861 -0.000191 0.016594 -1.098078 -0.473984 -0.527771 -1.581407 0.928702 0.000191
1757663156.609203 -0.009346 -0.003624 -0.090981 0.013924 -0.017990 0.032291 -0.055886 0.041009 0.023079 0.009346 0.016006 -0.003493 -0.079537 -0.029564 0.002861 -0.000191 0.016594 -1.098078 -0.474365 -0.524719 -1.583695 0.928702 0.000191
1757663156.611200 -0.009346 -0.003624 -0.090981 0.013924 -0.017990 0.032291 -0.055886 0.041009 0.023079 0.009346 0.016006 -0.003493 -0.078774 -0.029564 0.002861 -0.000191 0.016594 -1.098078 -0.474747 -0.521286 -1.585603 0.928702 0.000191
1757663156.613206 -0.009346 -0.003624 -0.090981 0.013924 -0.017990 0.032291 -0.055886 0.041009 0.023079 0.009346 0.016006 -0.003493 -0.078393 -0.029564 0.002861 -0.000191 0.016594 -1.098078 -0.475128 -0.518234 -1.587892 0.928702 0.000191
1757663156.615193 -0.009346 -0.003624 -0.091363 0.013924 -0.017990 0.032291 -0.055886 0.041009 0.023079 0.009346 0.016006 -0.003493 -0.078012 -0.029564 0.002861 -0.000191 0.016594 -1.098078 -0.475510 -0.515182 -1.590180 0.928702 0.000191
1757663156.617206 -0.009346 -0.003624 -0.091363 0.013924 -0.017990 0.032291 -0.055886 0.041009 0.023079 0.009346 0.016006 -0.003493 -0.077630 -0.029564 0.002861 -0.000191 0.016594 -1.098078 -0.475891 -0.511749 -1.592469 0.928702 0.000191
1757663156.619193 -0.009346 -0.003624 -0.091363 0.013924 -0.017990 0.032291 -0.055886 0.041009 0.023079 0.009346 0.016006 -0.003493 -0.077249 -0.029564 0.002861 -0.000191 0.016594 -1.098078 -0.476273 -0.508698 -1.594378 0.928702 0.000191
1757663156.621200 -0.009346 -0.003624 -0.091363 0.013924 -0.017990 0.032291 -0.055886 0.041009 0.023079 0.009346 0.016006 -0.003493 -0.076867 -0.029564 0.002861 -0.000191 0.016594 -1.098459 -0.476654 -0.505646 -1.596666 0.928702 0.000191
1757663156.623272 -0.009346 -0.003624 -0.091363 0.013924 -0.017990 0.032291 -0.055886 0.041009 0.023079 0.009346 0.016006 -0.003493 -0.076486 -0.029564 0.002861 -0.000191 0.016594 -1.098459 -0.477036 -0.502594 -1.598955 0.928321 0.000191
1757663156.625184 -0.009346 -0.003624 -0.091744 0.013924 -0.017990 0.032291 -0.055886 0.041009 0.023079 0.009346 0.016006 -0.003493 -0.076104 -0.029564 0.002861 -0.000191 0.016594 -1.098459 -0.477417 -0.499161 -1.600863 0.928321 0.000191
1757663156.627262 -0.009346 -0.003624 -0.091744 0.013924 -0.017990 0.032291 -0.055886 0.041009 0.023079 0.009346 0.016006 -0.003493 -0.075341 -0.029945 0.002861 -0.000191 0.016594 -1.098459 -0.477798 -0.496109 -1.603151 0.928321 0.000191
1757663156.629204 -0.009346 -0.003624 -0.091744 0.013924 -0.017990 0.032291 -0.055886 0.041009 0.023079 0.009346 0.016006 -0.003493 -0.074960 -0.029945 0.002861 -0.000191 0.016594 -1.098459 -0.478180 -0.492676 -1.605440 0.928321 0.000191
1757663156.631192 -0.009346 -0.003624 -0.091744 0.013924 -0.017990 0.032291 -0.055886 0.041009 0.023079 0.009346 0.016006 -0.003493 -0.074578 -0.029945 0.002861 -0.000191 0.016594 -1.098459 -0.478561 -0.489624 -1.607729 0.928321 0.000191
1757663156.633197 -0.009346 -0.003624 -0.091744 0.013924 -0.017990 0.032291 -0.055886 0.041009 0.023079 0.009346 0.016006 -0.003493 -0.074197 -0.029945 0.002861 -0.000191 0.016594 -1.098459 -0.478943 -0.486191 -1.609636 0.928321 0.000191
1757663156.635190 -0.009346 -0.003624 -0.092126 0.013924 -0.017990 0.032291 -0.055886 0.041009 0.023079 0.009346 0.016006 -0.003493 -0.073815 -0.029945 0.002861 -0.000191 0.016594 -1.098459 -0.479324 -0.483139 -1.611925 0.928321 0.000191
1757663156.637196 -0.009346 -0.003624 -0.092126 0.013924 -0.017990 0.032291 -0.055886 0.041009 0.023079 0.009346 0.016006 -0.003493 -0.073434 -0.029945 0.002861 -0.000191 0.016594 -1.098459 -0.479324 -0.479706 -1.614214 0.928321 0.000191
1757663156.639200 -0.009346 -0.003624 -0.092126 0.013924 -0.017990 0.032291 -0.055886 0.041009 0.023079 0.009346 0.016006 -0.003493 -0.073052 -0.029945 0.002861 -0.000191 0.016594 -1.098459 -0.479706 -0.476654 -1.616121 0.928321 0.000191
1757663156.641193 -0.009346 -0.003624 -0.092126 0.013924 -0.017990 0.032291 -0.055886 0.041009 0.023079 0.009346 0.016006 -0.003493 -0.072671 -0.029945 0.002861 -0.000191 0.016594 -1.098459 -0.480087 -0.473221 -1.618410 0.928321 0.000191
1757663156.643199 -0.009346 -0.003624 -0.092126 0.013924 -0.017990 0.032291 -0.055886 0.041009 0.023079 0.009346 0.016006 -0.003493 -0.071908 -0.029945 0.002861 -0.000191 0.016594 -1.098459 -0.480469 -0.469788 -1.620699 0.928321 0.000191
1757663156.645192 -0.009346 -0.003624 -0.092507 0.014305 -0.017990 0.032291 -0.055886 0.041009 0.023079 0.009346 0.016006 -0.003493 -0.071527 -0.030327 0.002861 -0.000191 0.016594 -1.098459 -0.480850 -0.466735 -1.622988 0.928321 0.000191
1757663156.647196 -0.009346 -0.003624 -0.092507 0.013924 -0.017990 0.032291 -0.055886 0.041009 0.023079 0.009346 0.016006 -0.003493 -0.071145 -0.030327 0.002861 -0.000191 0.016594 -1.098459 -0.481232 -0.463302 -1.624895 0.928321 0.000191
1757663156.649194 -0.009346 -0.003624 -0.092507 0.013924 -0.017990 0.032291 -0.055886 0.041009 0.023079 0.009346 0.016006 -0.003493 -0.070764 -0.030327 0.002861 -0.000191 0.016594 -1.098459 -0.481613 -0.460250 -1.627184 0.928321 0.000191
1757663156.651193 -0.009346 -0.003624 -0.092507 0.013924 -0.017990 0.032291 -0.055886 0.041009 0.023079 0.009346 0.016006 -0.003493 -0.070382 -0.030327 0.002861 -0.000191 0.016594 -1.098459 -0.481995 -0.456817 -1.629473 0.928321 0.000191
1757663156.653191 -0.009346 -0.003624 -0.092507 0.013924 -0.017990 0.032291 -0.055886 0.041009 0.023079 0.009346 0.016006 -0.003493 -0.070001 -0.030327 0.002861 -0.000191 0.016594 -1.098459 -0.482376 -0.453765 -1.631762 0.927939 0.000191
1757663156.655231 -0.009346 -0.003624 -0.092889 0.013924 -0.017990 0.032291 -0.055886 0.040627 0.023079 0.009346 0.016006 -0.003493 -0.069619 -0.030327 0.002861 -0.000191 0.016594 -1.098459 -0.482758 -0.450332 -1.634050 0.927939 0.000191
1757663156.657213 -0.009346 -0.003624 -0.092889 0.013924 -0.017990 0.032291 -0.055886 0.040627 0.023079 0.009346 0.016006 -0.003493 -0.069238 -0.030327 0.002861 -0.000191 0.016594 -1.098459 -0.483139 -0.447280 -1.635958 0.927939 0.000191
1757663156.659195 -0.009346 -0.003624 -0.092889 0.013924 -0.017990 0.032291 -0.055886 0.040627 0.023079 0.009346 0.016006 -0.003493 -0.068856 -0.030327 0.002861 -0.000191 0.016594 -1.098459 -0.483521 -0.443847 -1.638247 0.927939 0.000191
1757663156.661188 -0.009346 -0.003624 -0.092889 0.013924 -0.017990 0.032291 -0.055886 0.040627 0.023079 0.009346 0.016006 -0.003493 -0.068475 -0.030327 0.002861 -0.000191 0.016594 -1.098078 -0.483902 -0.440413 -1.640535 0.927939 0.000191
1757663156.663206 -0.009346 -0.003624 -0.092889 0.013924 -0.017990 0.032291 -0.055886 0.040627 0.023079 0.009346 0.016006 -0.003493 -0.068093 -0.030327 0.002861 -0.000191 0.016594 -1.098078 -0.484283 -0.437362 -1.642824 0.927939 0.000191
1757663156.665193 -0.009346 -0.003624 -0.093270 0.013924 -0.017990 0.032291 -0.055886 0.040627 0.023079 0.009346 0.016006 -0.003493 -0.067712 -0.030327 0.002861 -0.000191 0.016594 -1.098078 -0.484665 -0.433928 -1.645113 0.927939 0.000191
1757663156.667196 -0.009346 -0.003624 -0.093270 0.013924 -0.017990 0.032291 -0.055886 0.040627 0.023079 0.009346 0.016006 -0.003493 -0.067330 -0.030327 0.002861 -0.000191 0.016594 -1.098078 -0.485046 -0.430877 -1.647020 0.927939 0.000191
1757663156.669194 -0.009346 -0.003624 -0.093270 0.013924 -0.017990 0.032291 -0.055886 0.040627 0.023079 0.009346 0.016006 -0.003493 -0.066949 -0.030327 0.002861 -0.000191 0.016594 -1.098078 -0.485809 -0.427444 -1.649309 0.927939 0.000191
1757663156.671207 -0.009346 -0.003624 -0.093270 0.013924 -0.017990 0.032291 -0.055886 0.040627 0.023079 0.009346 0.016006 -0.003493 -0.066567 -0.030327 0.002861 -0.000191 0.016594 -1.098078 -0.486191 -0.424010 -1.651598 0.927939 0.000191
1757663156.673188 -0.009346 -0.003624 -0.093270 0.013924 -0.017990 0.032291 -0.055886 0.040246 0.023079 0.009346 0.016006 -0.003493 -0.066186 -0.030327 0.002861 -0.000191 0.016594 -1.098078 -0.486572 -0.420959 -1.653887 0.927939 0.000191
1757663156.675193 -0.009346 -0.003624 -0.093652 0.013924 -0.017990 0.032291 -0.055886 0.040246 0.023079 0.009346 0.016006 -0.003493 -0.065804 -0.030327 0.002861 -0.000191 0.016594 -1.098078 -0.486954 -0.417525 -1.655794 0.927939 0.000191
1757663156.677191 -0.009346 -0.004005 -0.093652 0.013924 -0.017990 0.032291 -0.055886 0.040246 0.023079 0.009346 0.016006 -0.003493 -0.065423 -0.030327 0.002861 -0.000191 0.016594 -1.098078 -0.487717 -0.414092 -1.658084 0.927939 0.000191
1757663156.679191 -0.009346 -0.004005 -0.093652 0.013924 -0.017990 0.032291 -0.055886 0.040246 0.023079 0.009346 0.016006 -0.003493 -0.065042 -0.030327 0.002861 -0.000191 0.016594 -1.098078 -0.488098 -0.411040 -1.660373 0.927939 0.000191
1757663156.681191 -0.009346 -0.004005 -0.093652 0.013924 -0.017990 0.032291 -0.055886 0.040246 0.023079 0.009346 0.016006 -0.003493 -0.064660 -0.030327 0.002861 -0.000191 0.016594 -1.098078 -0.488480 -0.407607 -1.662280 0.927939 0.000191
1757663156.683190 -0.009346 -0.004005 -0.093652 0.013924 -0.017990 0.032291 -0.055886 0.040246 0.023079 0.009346 0.016006 -0.003493 -0.064660 -0.030327 0.002861 -0.000191 0.016594 -1.098078 -0.488861 -0.404173 -1.664569 0.927939 0.000191
1757663156.685246 -0.009346 -0.004005 -0.094034 0.013924 -0.017990 0.032291 -0.055886 0.040246 0.023079 0.009346 0.016006 -0.003493 -0.064279 -0.030327 0.002861 -0.000191 0.016594 -1.098078 -0.489624 -0.400740 -1.666858 0.927939 0.000191
1757663156.687206 -0.009346 -0.004005 -0.094034 0.013924 -0.017990 0.032291 -0.055886 0.040246 0.023079 0.009346 0.016006 -0.003493 -0.063897 -0.030327 0.002861 -0.000191 0.016594 -1.098078 -0.490005 -0.397306 -1.668765 0.927939 0.000191
1757663156.689251 -0.009346 -0.004005 -0.094034 0.014305 -0.017990 0.032291 -0.055886 0.040246 0.023079 0.009346 0.016006 -0.003493 -0.063516 -0.030327 0.002861 -0.000191 0.016594 -1.098078 -0.490387 -0.393873 -1.671054 0.927939 0.000191
1757663156.691195 -0.009346 -0.004005 -0.094034 0.014305 -0.017990 0.032291 -0.055886 0.039865 0.023079 0.009346 0.016006 -0.003493 -0.063134 -0.030327 0.002861 -0.000191 0.016594 -1.098078 -0.491150 -0.390440 -1.673343 0.927939 0.000191
1757663156.693191 -0.009346 -0.004005 -0.094034 0.014305 -0.017990 0.032291 -0.055886 0.039865 0.023079 0.009346 0.016006 -0.003493 -0.062753 -0.030327 0.002861 -0.000191 0.016594 -1.098078 -0.491531 -0.387007 -1.675632 0.927939 0.000191
1757663156.695189 -0.009346 -0.004005 -0.094034 0.014305 -0.017990 0.032291 -0.055886 0.039865 0.023079 0.009346 0.016006 -0.003493 -0.062371 -0.030327 0.002861 -0.000191 0.016594 -1.098078 -0.492294 -0.383574 -1.677539 0.927939 0.000191
1757663156.697194 -0.009346 -0.004005 -0.094416 0.014305 -0.017990 0.032291 -0.055886 0.039865 0.023079 0.009346 0.016006 -0.003493 -0.061990 -0.030327 0.002861 -0.000191 0.016594 -1.098078 -0.492676 -0.380140 -1.679828 0.927939 0.000191
1757663156.699194 -0.009346 -0.004005 -0.094416 0.013924 -0.017990 0.032291 -0.055886 0.039865 0.023079 0.009346 0.016006 -0.003493 -0.061990 -0.030327 0.002861 -0.000191 0.016594 -1.098078 -0.493439 -0.376326 -1.682117 0.927939 0.000191
1757663156.701191 -0.009346 -0.004005 -0.094416 0.013924 -0.017990 0.032291 -0.055886 0.039865 0.023079 0.009346 0.016006 -0.003493 -0.061608 -0.030327 0.002861 -0.000191 0.016594 -1.098078 -0.493820 -0.372892 -1.684405 0.927939 0.000191
1757663156.703190 -0.009346 -0.004005 -0.094416 0.014305 -0.017990 0.032291 -0.055886 0.039865 0.023079 0.009346 0.016006 -0.003493 -0.061227 -0.030327 0.002861 -0.000191 0.016594 -1.097696 -0.494202 -0.369459 -1.686694 0.927939 0.000191
1757663156.705190 -0.009346 -0.004005 -0.094416 0.014305 -0.017990 0.032291 -0.055886 0.039865 0.023079 0.009346 0.016006 -0.003493 -0.060845 -0.030327 0.002861 -0.000191 0.016594 -1.097696 -0.494965 -0.366026 -1.688983 0.927939 0.000191
1757663156.707236 -0.009346 -0.004005 -0.094416 0.014305 -0.017990 0.032291 -0.055886 0.039865 0.023079 0.009346 0.016006 -0.003493 -0.060464 -0.030327 0.002861 -0.000191 0.016594 -1.097696 -0.495346 -0.362593 -1.691653 0.927939 0.000191
1757663156.709215 -0.009346 -0.004005 -0.094797 0.014305 -0.017990 0.032291 -0.055886 0.039865 0.023079 0.009346 0.016006 -0.003493 -0.060082 -0.030327 0.002861 -0.000191 0.016594 -1.097696 -0.496109 -0.358778 -1.693942 0.927939 0.000191
1757663156.711190 -0.009346 -0.004005 -0.094797 0.014305 -0.017990 0.032291 -0.055886 0.039483 0.023079 0.009346 0.016006 -0.003493 -0.060082 -0.030327 0.002861 -0.000191 0.016594 -1.097696 -0.496490 -0.355345 -1.696231 0.927939 0.000191
1757663156.713195 -0.009346 -0.004005 -0.094797 0.014305 -0.017990 0.032291 -0.055886 0.039483 0.023079 0.009346 0.016006 -0.003493 -0.059701 -0.030327 0.002861 -0.000191 0.016594 -1.097696 -0.496872 -0.351912 -1.698520 0.927939 0.000191
1757663156.715190 -0.009346 -0.004005 -0.094797 0.014305 -0.017990 0.032291 -0.055886 0.039483 0.023079 0.009346 0.016006 -0.003493 -0.059319 -0.030327 0.002861 -0.000191 0.016594 -1.097696 -0.497635 -0.348478 -1.701190 0.927939 0.000191
1757663156.717223 -0.009346 -0.004005 -0.094797 0.014305 -0.017990 0.032291 -0.055886 0.039483 0.023079 0.009346 0.016006 -0.003493 -0.058938 -0.030327 0.002861 -0.000191 0.016594 -1.097696 -0.498016 -0.344664 -1.703479 0.927939 0.000191
1757663156.719196 -0.009346 -0.004005 -0.094797 0.014305 -0.017990 0.032291 -0.055886 0.039483 0.023079 0.008965 0.016006 -0.003493 -0.058938 -0.030327 0.002861 -0.000191 0.016594 -1.097696 -0.498398 -0.341229 -1.706149 0.927939 0.000191
1757663156.721194 -0.009346 -0.004005 -0.095179 0.014305 -0.017990 0.032291 -0.055886 0.039483 0.023079 0.008965 0.016006 -0.003493 -0.058557 -0.030327 0.002861 -0.000191 0.016594 -1.097696 -0.498779 -0.337415 -1.708438 0.927939 0.000191
1757663156.723192 -0.009346 -0.004005 -0.095179 0.014305 -0.017990 0.032291 -0.055886 0.039483 0.023079 0.008965 0.016006 -0.003493 -0.058175 -0.030327 0.002861 -0.000191 0.016594 -1.097696 -0.499542 -0.333982 -1.711108 0.927939 0.000191
1757663156.725195 -0.009346 -0.004005 -0.095179 0.014305 -0.017990 0.032291 -0.055886 0.039483 0.023079 0.008965 0.016006 -0.003493 -0.057794 -0.030327 0.002861 -0.000191 0.016594 -1.097696 -0.499924 -0.330167 -1.713397 0.927939 0.000191
1757663156.727191 -0.009346 -0.004005 -0.095179 0.014305 -0.017990 0.032291 -0.055886 0.039483 0.023079 0.008965 0.016006 -0.003493 -0.057794 -0.030327 0.002861 -0.000191 0.016594 -1.097696 -0.500305 -0.326734 -1.716067 0.927939 0.000191
1757663156.729192 -0.009346 -0.004005 -0.095179 0.014305 -0.017990 0.032291 -0.055886 0.039102 0.023079 0.008965 0.016006 -0.003493 -0.057412 -0.030327 0.002861 -0.000191 0.016594 -1.097696 -0.501068 -0.322919 -1.718738 0.927939 0.000191
1757663156.731190 -0.009346 -0.004005 -0.095179 0.014305 -0.017990 0.032291 -0.055886 0.039102 0.023079 0.008965 0.016006 -0.003493 -0.057031 -0.030327 0.002861 -0.000191 0.016594 -1.097696 -0.501450 -0.319104 -1.721409 0.927939 0.000191
1757663156.733191 -0.009346 -0.004005 -0.095179 0.014305 -0.017990 0.032291 -0.055886 0.039102 0.023079 0.008965 0.016006 -0.003493 -0.057031 -0.030327 0.002861 -0.000191 0.016594 -1.097696 -0.501831 -0.315289 -1.723698 0.927939 0.000191
1757663156.735187 -0.009346 -0.004005 -0.095560 0.014305 -0.017990 0.032291 -0.055886 0.039102 0.023079 0.008965 0.016006 -0.003493 -0.056649 -0.030327 0.002861 -0.000191 0.016594 -1.097696 -0.502594 -0.311475 -1.726368 0.927939 0.000191
1757663156.737191 -0.009346 -0.004005 -0.095560 0.014305 -0.017990 0.032291 -0.055886 0.039102 0.023079 0.008965 0.016006 -0.003493 -0.056268 -0.030327 0.002861 -0.000191 0.016594 -1.097696 -0.502975 -0.308042 -1.729038 0.927939 0.000191
1757663156.739193 -0.009346 -0.004005 -0.095560 0.014305 -0.017990 0.032291 -0.055886 0.039102 0.023079 0.008965 0.016006 -0.003493 -0.056268 -0.030327 0.002861 -0.000191 0.016594 -1.097696 -0.503357 -0.304227 -1.731709 0.927939 0.000191
1757663156.741189 -0.009346 -0.004005 -0.095560 0.014305 -0.017990 0.032291 -0.055886 0.039102 0.023079 0.008965 0.016006 -0.003493 -0.055886 -0.030327 0.002861 -0.000191 0.016594 -1.097696 -0.504120 -0.300794 -1.734379 0.927939 0.000191
1757663156.743192 -0.009346 -0.004005 -0.095560 0.014305 -0.017990 0.032291 -0.055886 0.039102 0.023079 0.008965 0.016006 -0.003493 -0.055505 -0.030327 0.002861 -0.000191 0.016594 -1.097696 -0.504501 -0.296979 -1.736668 0.927939 0.000191
1757663156.745187 -0.009346 -0.004005 -0.095560 0.014305 -0.017990 0.032291 -0.055886 0.039102 0.023079 0.008965 0.016006 -0.003493 -0.055505 -0.030327 0.002861 -0.000191 0.016594 -1.097696 -0.504883 -0.293164 -1.739338 0.927939 0.000191
1757663156.747270 -0.009346 -0.004005 -0.095560 0.014305 -0.017990 0.032291 -0.055886 0.038720 0.023079 0.008965 0.016006 -0.003493 -0.055123 -0.030327 0.002861 -0.000191 0.016594 -1.097696 -0.505646 -0.289350 -1.742008 0.927939 0.000191
1757663156.749203 -0.009346 -0.004005 -0.095942 0.014305 -0.017990 0.032291 -0.055886 0.038720 0.023079 0.008965 0.016006 -0.003493 -0.054742 -0.030327 0.002861 -0.000191 0.016594 -1.097696 -0.506027 -0.285916 -1.744678 0.927939 0.000191
1757663156.751193 -0.009346 -0.004005 -0.095942 0.014305 -0.017990 0.032291 -0.055886 0.038720 0.023079 0.008965 0.016006 -0.003493 -0.054360 -0.030327 0.002861 -0.000191 0.016594 -1.097696 -0.506409 -0.282102 -1.746967 0.927939 0.000191
1757663156.753222 -0.009346 -0.004005 -0.095942 0.014305 -0.017990 0.032291 -0.055886 0.038720 0.023079 0.008965 0.016006 -0.003493 -0.054360 -0.030327 0.002861 -0.000191 0.016594 -1.097696 -0.507172 -0.278286 -1.749638 0.927939 0.000191
1757663156.755210 -0.009346 -0.004005 -0.095942 0.014305 -0.017990 0.032291 -0.055886 0.038720 0.023079 0.008965 0.016006 -0.003493 -0.053979 -0.030327 0.002861 -0.000191 0.016594 -1.097696 -0.507553 -0.274853 -1.752308 0.927939 0.000191
1757663156.757192 -0.009346 -0.004005 -0.095942 0.014305 -0.017990 0.032291 -0.055886 0.038720 0.023079 0.008965 0.016006 -0.003493 -0.053597 -0.030327 0.002861 -0.000191 0.016594 -1.097696 -0.507935 -0.271038 -1.754597 0.927939 0.000191
1757663156.759198 -0.009346 -0.004005 -0.095942 0.014305 -0.017990 0.032291 -0.055886 0.038720 0.023079 0.008965 0.016006 -0.003493 -0.053597 -0.030327 0.002861 -0.000191 0.016594 -1.097696 -0.508698 -0.267605 -1.757267 0.927939 0.000191
1757663156.761198 -0.009346 -0.004005 -0.095942 0.014305 -0.017990 0.032291 -0.055886 0.038720 0.023079 0.008965 0.016006 -0.003493 -0.053216 -0.030327 0.002861 -0.000191 0.016594 -1.097696 -0.509079 -0.263790 -1.759937 0.927939 0.000191
1757663156.763191 -0.009346 -0.004005 -0.096323 0.014305 -0.017990 0.032291 -0.055886 0.038720 0.023079 0.008965 0.016006 -0.003493 -0.052835 -0.030327 0.002861 -0.000191 0.016594 -1.097696 -0.509460 -0.260357 -1.762226 0.927939 0.000191
1757663156.765189 -0.009346 -0.004005 -0.096323 0.014305 -0.017990 0.032291 -0.055886 0.038720 0.023079 0.008965 0.016006 -0.003493 -0.052835 -0.030327 0.002861 -0.000191 0.016594 -1.097696 -0.509842 -0.256542 -1.764896 0.927939 0.000191
1757663156.767197 -0.009346 -0.004005 -0.096323 0.014305 -0.017990 0.032291 -0.055886 0.038720 0.023079 0.008965 0.016006 -0.003493 -0.052453 -0.030327 0.002861 -0.000191 0.016594 -1.097696 -0.510223 -0.253109 -1.767567 0.927939 0.000191
1757663156.769198 -0.009346 -0.004005 -0.096323 0.014305 -0.017990 0.032291 -0.055886 0.038720 0.023079 0.008965 0.016006 -0.003493 -0.052072 -0.030327 0.002861 -0.000191 0.016594 -1.098078 -0.510605 -0.249294 -1.770237 0.927939 0.000191
1757663156.771193 -0.009346 -0.004005 -0.096323 0.014305 -0.017990 0.032291 -0.055886 0.038339 0.023079 0.008965 0.016006 -0.003493 -0.052072 -0.030327 0.002861 -0.000191 0.016594 -1.098078 -0.510986 -0.245861 -1.772526 0.927939 0.000191
1757663156.773184 -0.009346 -0.004005 -0.096323 0.014305 -0.017990 0.032291 -0.055886 0.038339 0.023079 0.008965 0.016006 -0.003493 -0.051690 -0.030327 0.002861 -0.000191 0.016594 -1.098078 -0.511368 -0.242428 -1.775196 0.927939 0.000191
1757663156.775188 -0.009346 -0.004005 -0.096323 0.014305 -0.017852 0.032547 -0.055886 0.038339 0.023079 0.008965 0.016006 -0.003493 -0.051309 -0.030327 0.002861 -0.000191 0.016594 -1.098078 -0.511749 -0.238995 -1.777866 0.927939 0.000191
1757663156.777187 -0.009346 -0.004005 -0.096323 0.014305 -0.017852 0.032547 -0.055886 0.038339 0.023079 0.008965 0.016006 -0.003493 -0.051309 -0.030327 0.002861 -0.000191 0.016594 -1.097696 -0.512131 -0.235180 -1.780155 0.927939 0.000191
1757663156.779234 -0.009346 -0.004005 -0.096323 0.014305 -0.017852 0.032547 -0.055886 0.038339 0.023079 0.008965 0.016006 -0.003493 -0.050927 -0.030327 0.002861 -0.000191 0.016594 -1.097696 -0.512512 -0.231747 -1.782826 0.927939 0.000191
1757663156.781201 -0.009346 -0.004005 -0.096704 0.014305 -0.017852 0.032547 -0.055886 0.038339 0.023079 0.008965 0.016006 -0.003493 -0.050546 -0.030327 0.002861 -0.000191 0.016594 -1.097696 -0.512894 -0.228313 -1.785115 0.927939 0.000191
1757663156.783209 -0.009346 -0.004005 -0.096704 0.014305 -0.017852 0.032547 -0.055886 0.038339 0.023079 0.008965 0.016006 -0.003493 -0.050546 -0.030327 0.002861 -0.000191 0.016594 -1.097696 -0.513275 -0.224880 -1.787786 0.927939 0.000191
1757663156.785194 -0.009346 -0.004005 -0.096704 0.014305 -0.017852 0.032547 -0.055886 0.038339 0.023079 0.008965 0.016006 -0.003493 -0.050164 -0.030327 0.002861 -0.000191 0.016594 -1.097696 -0.513657 -0.221447 -1.790456 0.927939 0.000191
1757663156.787192 -0.009346 -0.004005 -0.096704 0.014305 -0.017852 0.032547 -0.056268 0.038339 0.023079 0.008965 0.016006 -0.003493 -0.050164 -0.030327 0.002861 -0.000191 0.016594 -1.097696 -0.514038 -0.218013 -1.792745 0.927939 0.000191
1757663156.789206 -0.009346 -0.004005 -0.096704 0.014305 -0.017852 0.032547 -0.055886 0.038339 0.023079 0.008965 0.016006 -0.003493 -0.049783 -0.030327 0.002861 -0.000191 0.016594 -1.097696 -0.514420 -0.214198 -1.795415 0.927939 0.000191
1757663156.791188 -0.009346 -0.004005 -0.096704 0.014305 -0.017852 0.032547 -0.055886 0.038339 0.023079 0.008965 0.016006 -0.003493 -0.049783 -0.030327 0.002861 -0.000191 0.016594 -1.097696 -0.514801 -0.210765 -1.798085 0.927939 0.000191
1757663156.793190 -0.009346 -0.004005 -0.096704 0.014305 -0.017852 0.032547 -0.056268 0.038339 0.023079 0.008965 0.016006 -0.003493 -0.049401 -0.030327 0.002861 -0.000191 0.016594 -1.097696 -0.514801 -0.207332 -1.800374 0.927939 0.000191
1757663156.795190 -0.009346 -0.004005 -0.096704 0.014305 -0.017852 0.032547 -0.055886 0.038339 0.023079 0.008965 0.016006 -0.003493 -0.049020 -0.030327 0.002861 -0.000191 0.016594 -1.097696 -0.515182 -0.203898 -1.803044 0.927939 0.000191
1757663156.797191 -0.009346 -0.004005 -0.097086 0.014305 -0.017852 0.032547 -0.056268 0.038339 0.023079 0.008965 0.016006 -0.003493 -0.049020 -0.030327 0.002861 -0.000191 0.016594 -1.097696 -0.515564 -0.200084 -1.805333 0.927939 0.000191
1757663156.799186 -0.009346 -0.004005 -0.097086 0.014305 -0.017852 0.032547 -0.056268 0.038339 0.023079 0.008965 0.016006 -0.003493 -0.048638 -0.029945 0.002861 -0.000191 0.016594 -1.097696 -0.515945 -0.196651 -1.808003 0.927939 0.000191
1757663156.801195 -0.009346 -0.004005 -0.097086 0.014305 -0.017852 0.032547 -0.056268 0.038339 0.023079 0.008965 0.016006 -0.003493 -0.048638 -0.029945 0.002861 -0.000191 0.016594 -1.097696 -0.516327 -0.193217 -1.810674 0.927939 0.000191
1757663156.803191 -0.009346 -0.004005 -0.097086 0.014305 -0.017852 0.032547 -0.056268 0.037957 0.023079 0.008965 0.016006 -0.003493 -0.048257 -0.029945 0.002861 -0.000191 0.016594 -1.097696 -0.516708 -0.189403 -1.812963 0.927939 0.000191
1757663156.805189 -0.009346 -0.004005 -0.097086 0.014305 -0.017852 0.032547 -0.056268 0.037957 0.023079 0.008965 0.016006 -0.003493 -0.048257 -0.029945 0.002861 -0.000191 0.016594 -1.097315 -0.517090 -0.185969 -1.815633 0.927939 0.000191
1757663156.807187 -0.009346 -0.004005 -0.097086 0.014305 -0.017852 0.032547 -0.056268 0.037957 0.023079 0.008965 0.016006 -0.003493 -0.047875 -0.029945 0.002861 -0.000191 0.016594 -1.097315 -0.517471 -0.182155 -1.817922 0.927939 0.000191
1757663156.809296 -0.009346 -0.004005 -0.097086 0.014305 -0.017852 0.032547 -0.056268 0.037957 0.023079 0.008965 0.016006 -0.003493 -0.047875 -0.029945 0.002861 -0.000191 0.016594 -1.097315 -0.517853 -0.178340 -1.820592 0.927939 0.000191
1757663156.811208 -0.009346 -0.004005 -0.097086 0.014305 -0.017852 0.032547 -0.056268 0.037957 0.023079 0.008965 0.016006 -0.003493 -0.047494 -0.029945 0.002861 -0.000191 0.016594 -1.097315 -0.518616 -0.174907 -1.822881 0.927939 0.000191
1757663156.813198 -0.009346 -0.004005 -0.097086 0.014305 -0.017852 0.032547 -0.056268 0.037957 0.023079 0.008965 0.016006 -0.003493 -0.047494 -0.029945 0.002861 -0.000191 0.016594 -1.097315 -0.518997 -0.171092 -1.825551 0.927939 0.000191
1757663156.815237 -0.009346 -0.004005 -0.097086 0.014305 -0.017852 0.032547 -0.056268 0.037957 0.023079 0.008965 0.016006 -0.003493 -0.047112 -0.029945 0.002861 -0.000191 0.016594 -1.097315 -0.519379 -0.167277 -1.827840 0.927939 0.000191
1757663156.817209 -0.009346 -0.004005 -0.097086 0.014305 -0.017852 0.032547 -0.056268 0.037957 0.023079 0.008965 0.016006 -0.003493 -0.047112 -0.029945 0.002861 -0.000191 0.016594 -1.097315 -0.519760 -0.163844 -1.830510 0.927939 0.000191
1757663156.819196 -0.009346 -0.004005 -0.097467 0.014305 -0.017852 0.032547 -0.056268 0.037957 0.023079 0.008965 0.016006 -0.003493 -0.046731 -0.029945 0.002861 -0.000191 0.016594 -1.097315 -0.520142 -0.160029 -1.832799 0.927939 0.000191
1757663156.821190 -0.009346 -0.004005 -0.097467 0.014305 -0.017852 0.032547 -0.056268 0.037957 0.023079 0.008965 0.016006 -0.003493 -0.046731 -0.029945 0.002861 -0.000191 0.016594 -1.097315 -0.520905 -0.156214 -1.835469 0.927939 0.000191
1757663156.823190 -0.009346 -0.004005 -0.097467 0.014305 -0.017852 0.032547 -0.056268 0.037957 0.023079 0.008965 0.016006 -0.003493 -0.046350 -0.029945 0.002861 -0.000191 0.016594 -1.097315 -0.521286 -0.152399 -1.837758 0.927939 0.000191
1757663156.825190 -0.009346 -0.004005 -0.097467 0.014305 -0.017852 0.032547 -0.056268 0.037576 0.023079 0.008965 0.016006 -0.003493 -0.046350 -0.029945 0.002861 -0.000191 0.016594 -1.097315 -0.521667 -0.148966 -1.840428 0.927939 0.000191
1757663156.827189 -0.009346 -0.004005 -0.097467 0.014305 -0.017852 0.032547 -0.056268 0.037576 0.023079 0.008965 0.016006 -0.003493 -0.046350 -0.029945 0.002861 -0.000191 0.016594 -1.096933 -0.522430 -0.145151 -1.842717 0.927939 0.000191
1757663156.829188 -0.009346 -0.004005 -0.097467 0.014305 -0.017852 0.032547 -0.056268 0.037576 0.023079 0.008965 0.016006 -0.003493 -0.045968 -0.029945 0.002861 -0.000191 0.016594 -1.096933 -0.522812 -0.141336 -1.845388 0.927939 0.000191
1757663156.831190 -0.009346 -0.004005 -0.097467 0.014305 -0.017852 0.032547 -0.056268 0.037576 0.023079 0.008965 0.016006 -0.003493 -0.045968 -0.029945 0.002861 -0.000191 0.016594 -1.096933 -0.523193 -0.137522 -1.847677 0.927939 0.000191
1757663156.833190 -0.009346 -0.004005 -0.097467 0.014305 -0.017852 0.032547 -0.056268 0.037576 0.023079 0.008965 0.016006 -0.003493 -0.045587 -0.029945 0.002861 -0.000191 0.016594 -1.096933 -0.523956 -0.133707 -1.849966 0.927939 0.000191
1757663156.835210 -0.009346 -0.004005 -0.097467 0.014305 -0.017852 0.032547 -0.056268 0.037576 0.023079 0.008965 0.016006 -0.003493 -0.045587 -0.029945 0.002861 -0.000191 0.016594 -1.096933 -0.524338 -0.129511 -1.852636 0.927939 0.000191
1757663156.837198 -0.009346 -0.004005 -0.097467 0.014305 -0.017852 0.032547 -0.056268 0.037576 0.023079 0.008965 0.016006 -0.003493 -0.045205 -0.029945 0.002861 -0.000191 0.016594 -1.096933 -0.524719 -0.126078 -1.855307 0.927939 0.000191
1757663156.839189 -0.009346 -0.004005 -0.097467 0.014305 -0.017852 0.032547 -0.056268 0.037576 0.023079 0.008965 0.016006 -0.003493 -0.045205 -0.029945 0.002861 -0.000191 0.016594 -1.096933 -0.525482 -0.122263 -1.857595 0.927939 0.000191
1757663156.841229 -0.009346 -0.004005 -0.097467 0.014305 -0.017852 0.032547 -0.056268 0.037576 0.023079 0.008965 0.016006 -0.003493 -0.044824 -0.029945 0.002861 -0.000191 0.016594 -1.096933 -0.525864 -0.118448 -1.859884 0.927939 0.000191
1757663156.843213 -0.009346 -0.004005 -0.097849 0.014305 -0.017852 0.032547 -0.056268 0.037576 0.023079 0.008965 0.016006 -0.003493 -0.044824 -0.029945 0.002861 -0.000191 0.016594 -1.096933 -0.526245 -0.114634 -1.862555 0.927939 0.000191
1757663156.845208 -0.009346 -0.004005 -0.097849 0.014305 -0.017852 0.032547 -0.056268 0.037576 0.023079 0.008965 0.016006 -0.003493 -0.044442 -0.029945 0.002861 -0.000191 0.016594 -1.096933 -0.526627 -0.110819 -1.864843 0.927939 0.000191
1757663156.847192 -0.009346 -0.004005 -0.097849 0.014305 -0.017852 0.032547 -0.056268 0.037194 0.023079 0.008965 0.016006 -0.003493 -0.044442 -0.029945 0.002861 -0.000191 0.016594 -1.096933 -0.527390 -0.107004 -1.867514 0.927939 0.000191
1757663156.849197 -0.009346 -0.004005 -0.097849 0.014305 -0.017852 0.032547 -0.056268 0.037194 0.023079 0.008965 0.016006 -0.003493 -0.044442 -0.029945 0.002861 -0.000191 0.016594 -1.096933 -0.527771 -0.103189 -1.869802 0.927939 0.000191
1757663156.851191 -0.009346 -0.004005 -0.097849 0.014305 -0.017852 0.032547 -0.056268 0.037194 0.023079 0.008965 0.016006 -0.003493 -0.044061 -0.029945 0.002861 -0.000191 0.016594 -1.096933 -0.528152 -0.099375 -1.872473 0.927939 0.000191
1757663156.853190 -0.009346 -0.004005 -0.097849 0.014305 -0.017852 0.032547 -0.056268 0.037194 0.023079 0.008965 0.016006 -0.003493 -0.044061 -0.029945 0.002861 -0.000191 0.016594 -1.096933 -0.528915 -0.095560 -1.874762 0.927939 0.000191
1757663156.855187 -0.009346 -0.004005 -0.097849 0.014305 -0.017852 0.032547 -0.056268 0.037194 0.023079 0.008965 0.016006 -0.003493 -0.043679 -0.029945 0.002861 -0.000191 0.016594 -1.096933 -0.529297 -0.091744 -1.877050 0.927939 0.000191
1757663156.857187 -0.009346 -0.004005 -0.097849 0.014305 -0.017852 0.032547 -0.056268 0.037194 0.023079 0.008965 0.016006 -0.003493 -0.043679 -0.029945 0.002861 -0.000191 0.016594 -1.096933 -0.529678 -0.087930 -1.879339 0.927939 0.000191
1757663156.859214 -0.009346 -0.004005 -0.097849 0.014305 -0.017852 0.032547 -0.056268 0.037194 0.023079 0.008965 0.016006 -0.003493 -0.043679 -0.029945 0.002861 -0.000191 0.016594 -1.096933 -0.530060 -0.084115 -1.882010 0.927939 0.000191
1757663156.861188 -0.009346 -0.004005 -0.097849 0.014305 -0.017852 0.032547 -0.056268 0.037194 0.023079 0.008965 0.016006 -0.003493 -0.043298 -0.029945 0.002861 -0.000191 0.016594 -1.096933 -0.530823 -0.080682 -1.884298 0.927939 0.000191
1757663156.863187 -0.009346 -0.004005 -0.097849 0.014305 -0.017852 0.032547 -0.056268 0.037194 0.023079 0.008965 0.016006 -0.003493 -0.043298 -0.029945 0.002861 -0.000191 0.016594 -1.096933 -0.531204 -0.076867 -1.886587 0.927939 0.000191
1757663156.865187 -0.009346 -0.004005 -0.097849 0.014305 -0.017852 0.032547 -0.056268 0.037194 0.023079 0.008965 0.016006 -0.003493 -0.042916 -0.029945 0.002861 -0.000191 0.016594 -1.096933 -0.531587 -0.073434 -1.888876 0.927939 0.000191
1757663156.867189 -0.009346 -0.004005 -0.097849 0.014305 -0.017852 0.032547 -0.056268 0.037194 0.023079 0.008965 0.016006 -0.003493 -0.042916 -0.029945 0.002861 -0.000191 0.016594 -1.096933 -0.531968 -0.069619 -1.891165 0.927939 0.000191
1757663156.869184 -0.009346 -0.004005 -0.097849 0.014305 -0.017852 0.032547 -0.056268 0.037194 0.023079 0.008965 0.016006 -0.003493 -0.042916 -0.029945 0.002861 -0.000191 0.016594 -1.096933 -0.532350 -0.065804 -1.893454 0.927939 0.000191
1757663156.871188 -0.009346 -0.004005 -0.097849 0.014305 -0.017715 0.032803 -0.056268 0.037194 0.023079 0.008965 0.016006 -0.003493 -0.042916 -0.029945 0.002861 -0.000191 0.016594 -1.096552 -0.533113 -0.062371 -1.895742 0.927939 0.000191
1757663156.873226 -0.009346 -0.004005 -0.098230 0.014305 -0.017715 0.032803 -0.056268 0.037194 0.023079 0.008965 0.016006 -0.003493 -0.042535 -0.029945 0.002861 -0.000191 0.016594 -1.096552 -0.533494 -0.058938 -1.898031 0.927939 0.000191
1757663156.875222 -0.009346 -0.004005 -0.098230 0.014305 -0.017715 0.032803 -0.056268 0.037194 0.023079 0.008965 0.016006 -0.003493 -0.042535 -0.029945 0.002861 -0.000191 0.016594 -1.096552 -0.533875 -0.055123 -1.900320 0.927939 0.000191
1757663156.877243 -0.009346 -0.004005 -0.098230 0.014305 -0.017715 0.032803 -0.056268 0.037194 0.023079 0.008965 0.016006 -0.003493 -0.042535 -0.029945 0.002861 -0.000191 0.016594 -1.096552 -0.534257 -0.051690 -1.902227 0.927939 0.000191
1757663156.879209 -0.009346 -0.004005 -0.098230 0.014305 -0.017715 0.032803 -0.056268 0.037194 0.023079 0.008965 0.016006 -0.003493 -0.042153 -0.029945 0.002861 -0.000191 0.016594 -1.096552 -0.534638 -0.048257 -1.904516 0.927939 0.000191
1757663156.881202 -0.009346 -0.004005 -0.098230 0.014305 -0.017715 0.032803 -0.056268 0.036813 0.023079 0.008965 0.016006 -0.003493 -0.042153 -0.029945 0.002861 -0.000191 0.016594 -1.096552 -0.535401 -0.044824 -1.906425 0.927939 0.000191
1757663156.883189 -0.009346 -0.004005 -0.098230 0.014305 -0.017715 0.032803 -0.056268 0.036813 0.023079 0.008965 0.016006 -0.003493 -0.042153 -0.029945 0.002861 -0.000191 0.016594 -1.096552 -0.535783 -0.041009 -1.908713 0.927939 0.000191
1757663156.885188 -0.009346 -0.004005 -0.098230 0.014305 -0.017715 0.032803 -0.056268 0.036813 0.023079 0.008965 0.016006 -0.003493 -0.041772 -0.029945 0.002861 -0.000191 0.016594 -1.096552 -0.536164 -0.037576 -1.911002 0.927939 0.000191
1757663156.887198 -0.009346 -0.004005 -0.098230 0.014305 -0.017715 0.032803 -0.056268 0.036813 0.023079 0.008965 0.016006 -0.003493 -0.041772 -0.029945 0.002861 -0.000191 0.016594 -1.096552 -0.536546 -0.034142 -1.912910 0.927939 0.000191
1757663156.889245 -0.009346 -0.004005 -0.098230 0.014305 -0.017715 0.032803 -0.056268 0.036813 0.023079 0.008965 0.016006 -0.003493 -0.041772 -0.029945 0.002861 -0.000191 0.016594 -1.096552 -0.536927 -0.030327 -1.915198 0.927939 0.000191
1757663156.891223 -0.009346 -0.004005 -0.098230 0.014305 -0.017715 0.032803 -0.056268 0.036813 0.023079 0.008965 0.016006 -0.003493 -0.041772 -0.029945 0.002861 -0.000191 0.016594 -1.096170 -0.537309 -0.026894 -1.917106 0.927939 0.000191
1757663156.893202 -0.009346 -0.004005 -0.098230 0.014305 -0.017715 0.032803 -0.056268 0.036813 0.023079 0.008965 0.016006 -0.003493 -0.041390 -0.029945 0.002861 -0.000191 0.016594 -1.096170 -0.537690 -0.023460 -1.919394 0.927939 0.000191
1757663156.895200 -0.009346 -0.004005 -0.098230 0.014305 -0.017715 0.032803 -0.056268 0.036813 0.023079 0.008965 0.016006 -0.003493 -0.041390 -0.029945 0.002861 -0.000191 0.016594 -1.096170 -0.538453 -0.020027 -1.921302 0.927939 0.000191
1757663156.897197 -0.009346 -0.004005 -0.098230 0.014305 -0.017715 0.032803 -0.056268 0.036813 0.023079 0.008965 0.016006 -0.003493 -0.041390 -0.029945 0.002861 -0.000191 0.016594 -1.096170 -0.538835 -0.016212 -1.923591 0.927939 0.000191
1757663156.899202 -0.009346 -0.004005 -0.098230 0.014305 -0.017715 0.032803 -0.056268 0.036813 0.023079 0.008965 0.016006 -0.003493 -0.041390 -0.029945 0.002861 -0.000191 0.016594 -1.096170 -0.539216 -0.012779 -1.925498 0.927939 0.000191
1757663156.901200 -0.009346 -0.004005 -0.098230 0.014305 -0.017715 0.032803 -0.056268 0.036813 0.023079 0.008965 0.016006 -0.003493 -0.041009 -0.029945 0.002861 -0.000191 0.016594 -1.096170 -0.539598 -0.009346 -1.927787 0.927939 0.000191
1757663156.903250 -0.009346 -0.004005 -0.098230 0.014305 -0.017715 0.032803 -0.056268 0.036813 0.023079 0.008965 0.016006 -0.003493 -0.041009 -0.029945 0.002861 -0.000191 0.016594 -1.096170 -0.540360 -0.005913 -1.929694 0.927939 0.000191
1757663156.905213 -0.009346 -0.004005 -0.098230 0.014305 -0.017715 0.032803 -0.056268 0.036813 0.023079 0.008965 0.016006 -0.003493 -0.041009 -0.029945 0.002861 -0.000191 0.016594 -1.095789 -0.540742 -0.002480 -1.931602 0.927939 0.000191
1757663156.907229 -0.009346 -0.004005 -0.098230 0.014305 -0.017715 0.032803 -0.056268 0.036813 0.023079 0.008965 0.016006 -0.003493 -0.040627 -0.029945 0.002861 -0.000191 0.016594 -1.095789 -0.541123 0.001335 -1.933890 0.927939 0.000191
1757663156.909208 -0.009727 -0.004005 -0.098230 0.014305 -0.017715 0.032803 -0.056268 0.036813 0.023079 0.008965 0.016006 -0.003493 -0.040627 -0.029945 0.002861 -0.000191 0.016594 -1.095789 -0.541505 0.004768 -1.935798 0.927939 0.000191
1757663156.911197 -0.009727 -0.004005 -0.098230 0.014305 -0.017715 0.032803 -0.056268 0.036431 0.023079 0.008965 0.016006 -0.003493 -0.040627 -0.029945 0.002861 -0.000191 0.016594 -1.095789 -0.541886 0.007820 -1.938087 0.927939 0.000191
1757663156.913204 -0.009727 -0.004005 -0.098230 0.014305 -0.017715 0.032803 -0.056268 0.036431 0.023079 0.008583 0.016006 -0.003493 -0.040627 -0.029945 0.002861 -0.000191 0.016594 -1.095789 -0.542649 0.011253 -1.939994 0.927939 0.000191
1757663156.915209 -0.009727 -0.004005 -0.098230 0.014305 -0.017715 0.032803 -0.056268 0.036431 0.023079 0.008583 0.016006 -0.003493 -0.040246 -0.029945 0.002861 -0.000191 0.016594 -1.095407 -0.543031 0.014687 -1.941901 0.927939 0.000191
1757663156.917195 -0.009727 -0.004005 -0.098230 0.014305 -0.017715 0.032803 -0.056268 0.036431 0.023079 0.008583 0.016006 -0.003493 -0.040246 -0.029945 0.002480 -0.000191 0.016594 -1.095407 -0.543412 0.018120 -1.943809 0.927939 0.000191
1757663156.919186 -0.009727 -0.004005 -0.098230 0.014305 -0.017715 0.032803 -0.056268 0.036431 0.023079 0.008583 0.016006 -0.003493 -0.040246 -0.029945 0.002480 -0.000191 0.016594 -1.095407 -0.543794 0.021172 -1.945716 0.927939 0.000191
1757663156.921209 -0.009727 -0.004005 -0.098230 0.014305 -0.017715 0.032803 -0.056268 0.036431 0.023079 0.008583 0.016006 -0.003493 -0.040246 -0.029945 0.002480 -0.000191 0.016594 -1.095407 -0.544175 0.024605 -1.948005 0.927939 0.000191
1757663156.923194 -0.009727 -0.004005 -0.098230 0.014305 -0.017715 0.032803 -0.056268 0.036431 0.023079 0.008583 0.016006 -0.003493 -0.039865 -0.029945 0.002480 -0.000191 0.016594 -1.095026 -0.544557 0.027657 -1.949912 0.927939 0.000191
1757663156.925187 -0.009727 -0.004005 -0.098230 0.014305 -0.017715 0.032803 -0.056268 0.036431 0.023079 0.008583 0.016006 -0.003493 -0.039865 -0.029945 0.002480 -0.000191 0.016594 -1.095026 -0.545320 0.031090 -1.951819 0.927939 0.000191
1757663156.927187 -0.009727 -0.004005 -0.098230 0.014305 -0.017715 0.032803 -0.056268 0.036431 0.023079 0.008583 0.016006 -0.003493 -0.039865 -0.029945 0.002480 -0.000191 0.016594 -1.095026 -0.545701 0.034142 -1.953727 0.927939 0.000191
1757663156.929193 -0.009727 -0.004005 -0.098230 0.014305 -0.017715 0.032803 -0.056268 0.036431 0.023079 0.008583 0.016006 -0.003493 -0.039865 -0.029945 0.002480 -0.000191 0.016594 -1.095026 -0.546082 0.037576 -1.955634 0.927939 0.000191
1757663156.931189 -0.010109 -0.004005 -0.098230 0.014305 -0.017715 0.032803 -0.056268 0.036431 0.023079 0.008583 0.016006 -0.003493 -0.039865 -0.029945 0.002480 -0.000191 0.016594 -1.095026 -0.546464 0.040627 -1.957541 0.927939 0.000191
1757663156.933189 -0.010109 -0.004005 -0.098230 0.014305 -0.017715 0.032803 -0.056268 0.036431 0.023079 0.008583 0.016006 -0.003493 -0.039483 -0.029945 0.002480 -0.000191 0.016594 -1.094645 -0.546845 0.043679 -1.959067 0.927939 0.000191
1757663156.935225 -0.010109 -0.004387 -0.098230 0.014305 -0.017715 0.032803 -0.056268 0.036431 0.023079 0.008583 0.016006 -0.003493 -0.039483 -0.029945 0.002480 -0.000191 0.016594 -1.094645 -0.547227 0.047112 -1.960975 0.927939 0.000191
1757663156.937196 -0.010109 -0.004387 -0.098230 0.014305 -0.017715 0.032803 -0.056268 0.036050 0.023079 0.008583 0.016006 -0.003493 -0.039483 -0.029945 0.002480 -0.000191 0.016594 -1.094645 -0.547608 0.050164 -1.962882 0.927939 0.000191
1757663156.939233 -0.010109 -0.004387 -0.098230 0.014305 -0.017715 0.032803 -0.056268 0.036050 0.023079 0.008583 0.016006 -0.003493 -0.039483 -0.029945 0.002480 -0.000191 0.016594 -1.094645 -0.547990 0.053216 -1.964408 0.927939 0.000191
1757663156.941223 -0.010109 -0.004387 -0.098230 0.014305 -0.017715 0.032803 -0.056268 0.036050 0.023079 0.008583 0.016006 -0.003493 -0.039483 -0.029945 0.002480 -0.000191 0.016594 -1.094645 -0.548371 0.056268 -1.966315 0.927939 0.000191
1757663156.943207 -0.010109 -0.004387 -0.098230 0.014305 -0.017715 0.032803 -0.056268 0.036050 0.023079 0.008583 0.016006 -0.003493 -0.039102 -0.029945 0.002480 -0.000191 0.016594 -1.094645 -0.548371 0.059319 -1.967841 0.927939 0.000191
1757663156.945194 -0.010109 -0.004387 -0.098230 0.014305 -0.017715 0.032803 -0.056268 0.036050 0.023079 0.008583 0.016006 -0.003493 -0.039102 -0.029945 0.002480 -0.000191 0.016594 -1.094645 -0.548753 0.061990 -1.969749 0.927939 0.000191
1757663156.947195 -0.010490 -0.004387 -0.098230 0.014305 -0.017715 0.032803 -0.056268 0.036050 0.023079 0.008583 0.016006 -0.003493 -0.039102 -0.029945 0.002480 -0.000191 0.016594 -1.094645 -0.549134 0.065042 -1.971275 0.927939 0.000191
1757663156.949188 -0.010490 -0.004387 -0.097849 0.014305 -0.017715 0.032803 -0.056268 0.036050 0.023079 0.008583 0.016006 -0.003493 -0.039102 -0.029945 0.002480 -0.000191 0.016594 -1.094645 -0.549516 0.067712 -1.972801 0.927939 0.000191
1757663156.951190 -0.010490 -0.004387 -0.097849 0.014305 -0.017715 0.032803 -0.056268 0.036050 0.023079 0.008583 0.016006 -0.003493 -0.039102 -0.029945 0.002480 -0.000191 0.016594 -1.094263 -0.549897 0.070764 -1.974327 0.927939 0.000191
1757663156.953194 -0.010490 -0.004387 -0.097849 0.014305 -0.017715 0.032803 -0.056268 0.036050 0.023079 0.008583 0.016006 -0.003493 -0.038720 -0.029945 0.002480 -0.000191 0.016594 -1.094263 -0.550279 0.073434 -1.975853 0.927939 0.000191
1757663156.955194 -0.010490 -0.004387 -0.097849 0.014305 -0.017715 0.032803 -0.056268 0.036050 0.023079 0.008583 0.016006 -0.003493 -0.038720 -0.029945 0.002480 -0.000191 0.016594 -1.094263 -0.550279 0.076104 -1.977379 0.927939 0.000191
1757663156.957196 -0.010490 -0.004387 -0.097849 0.014305 -0.017715 0.032803 -0.056268 0.036050 0.023079 0.008583 0.016006 -0.003493 -0.038720 -0.029945 0.002480 -0.000191 0.016594 -1.094263 -0.550660 0.078774 -1.978905 0.927939 0.000191
1757663156.959188 -0.010490 -0.004768 -0.097849 0.014305 -0.017715 0.032803 -0.056268 0.036050 0.023079 0.008583 0.016006 -0.003493 -0.038720 -0.029945 0.002480 -0.000191 0.016594 -1.094263 -0.551042 0.081063 -1.980431 0.927939 0.000191
1757663156.961195 -0.010490 -0.004768 -0.097849 0.014305 -0.017715 0.032803 -0.056268 0.036050 0.023079 0.008583 0.016006 -0.003493 -0.038720 -0.029945 0.002480 -0.000191 0.016594 -1.093882 -0.551042 0.083734 -1.981956 0.927939 0.000191
1757663156.963197 -0.010490 -0.004768 -0.097849 0.014305 -0.017715 0.032803 -0.056268 0.036050 0.023079 0.008583 0.016006 -0.003493 -0.038339 -0.029945 0.002480 -0.000191 0.016594 -1.093882 -0.551423 0.086022 -1.983101 0.927939 0.000191
1757663156.965238 -0.010872 -0.004768 -0.097849 0.014305 -0.017715 0.032803 -0.056268 0.036050 0.023079 0.008583 0.016006 -0.003493 -0.038339 -0.029945 0.002480 -0.000191 0.016594 -1.093882 -0.551423 0.088311 -1.984627 0.927939 0.000191
1757663156.967213 -0.010872 -0.004768 -0.097849 0.014305 -0.017715 0.032803 -0.056268 0.036050 0.023079 0.008583 0.016006 -0.003493 -0.038339 -0.029945 0.002480 -0.000191 0.016594 -1.093882 -0.551805 0.090981 -1.985771 0.927939 0.000191
1757663156.969232 -0.010872 -0.004768 -0.097849 0.014305 -0.017715 0.032803 -0.056268 0.036050 0.023079 0.008583 0.016006 -0.003493 -0.038339 -0.029945 0.002480 -0.000191 0.016594 -1.093882 -0.551805 0.093270 -1.986916 0.927939 0.000191
1757663156.971206 -0.010872 -0.004768 -0.097849 0.014305 -0.017852 0.032547 -0.056268 0.036050 0.023079 0.008583 0.016006 -0.003493 -0.038339 -0.029945 0.002480 -0.000191 0.016594 -1.093499 -0.552186 0.095560 -1.988441 0.927939 0.000191
1757663156.973193 -0.010872 -0.004768 -0.097849 0.014305 -0.017852 0.032547 -0.056268 0.036050 0.023079 0.008583 0.016006 -0.003493 -0.038339 -0.029945 0.002480 -0.000191 0.016594 -1.093499 -0.552186 0.097467 -1.989586 0.927939 0.000191
1757663156.975188 -0.010872 -0.004768 -0.097849 0.014305 -0.017852 0.032547 -0.056268 0.036050 0.023079 0.008583 0.016006 -0.003493 -0.038339 -0.029945 0.002480 -0.000191 0.016594 -1.093499 -0.552186 0.099756 -1.990730 0.927939 0.000191
1757663156.977192 -0.010872 -0.004768 -0.097849 0.014305 -0.017852 0.032547 -0.056268 0.036050 0.023079 0.008583 0.016006 -0.003493 -0.038339 -0.029945 0.002480 -0.000191 0.016594 -1.093499 -0.552567 0.101664 -1.991875 0.927939 0.000191
1757663156.979196 -0.010872 -0.005150 -0.097849 0.014305 -0.017852 0.032547 -0.056268 0.036050 0.023079 0.008583 0.016006 -0.003493 -0.037957 -0.029945 0.002480 -0.000191 0.016594 -1.093499 -0.552567 0.103952 -1.992638 0.927939 0.000191
1757663156.981189 -0.010872 -0.005150 -0.097849 0.014305 -0.017852 0.032547 -0.056268 0.036050 0.023079 0.008583 0.016006 -0.003493 -0.037957 -0.029945 0.002480 -0.000191 0.016594 -1.093118 -0.552567 0.105860 -1.993782 0.927939 0.000191
1757663156.983188 -0.011253 -0.005150 -0.097849 0.014305 -0.017852 0.032547 -0.056268 0.036050 0.023079 0.008202 0.016006 -0.003493 -0.037957 -0.029945 0.002480 -0.000191 0.016594 -1.093118 -0.552949 0.107767 -1.994926 0.927939 0.000191
1757663156.985187 -0.011253 -0.005150 -0.097849 0.014305 -0.017852 0.032547 -0.056268 0.036050 0.023079 0.008202 0.016006 -0.003493 -0.037957 -0.029945 0.002480 -0.000191 0.016594 -1.093118 -0.552949 0.109293 -1.995689 0.927939 0.000191
1757663156.987189 -0.011253 -0.005150 -0.097849 0.014305 -0.017852 0.032547 -0.056268 0.036050 0.023079 0.008202 0.016006 -0.003493 -0.037957 -0.029945 0.002480 -0.000191 0.016594 -1.093118 -0.552949 0.111200 -1.996452 0.927939 0.000191
1757663156.989194 -0.011253 -0.005150 -0.097849 0.014305 -0.017852 0.032547 -0.056268 0.036050 0.023079 0.008202 0.016006 -0.003493 -0.037957 -0.029945 0.002480 -0.000191 0.016594 -1.093118 -0.552949 0.112726 -1.997597 0.927939 0.000191
1757663156.991197 -0.011253 -0.005150 -0.097849 0.014305 -0.017852 0.032547 -0.056268 0.036050 0.023079 0.008202 0.016006 -0.003493 -0.037957 -0.029945 0.002480 -0.000191 0.016594 -1.093118 -0.553330 0.114252 -1.998360 0.927939 0.000191
1757663156.993194 -0.011253 -0.005150 -0.097849 0.014305 -0.017852 0.032547 -0.056268 0.036050 0.023079 0.008202 0.016006 -0.003493 -0.037957 -0.029945 0.002480 -0.000191 0.016594 -1.093118 -0.553330 0.115778 -1.999123 0.927939 0.000191
1757663156.995188 -0.011253 -0.005531 -0.097849 0.014305 -0.017852 0.032547 -0.056268 0.035668 0.023079 0.008202 0.016006 -0.003493 -0.037957 -0.029945 0.002480 -0.000191 0.016594 -1.093118 -0.553330 0.117304 -1.999886 0.927939 0.000191
1757663156.997262 -0.011253 -0.005531 -0.097849 0.014305 -0.017852 0.032547 -0.056268 0.035668 0.023079 0.008202 0.016006 -0.003493 -0.037957 -0.029945 0.002480 -0.000191 0.016594 -1.093118 -0.553330 0.118448 -2.000648 0.927939 0.000191
1757663156.999202 -0.011253 -0.005531 -0.097849 0.014305 -0.017852 0.032547 -0.056268 0.035668 0.023079 0.008202 0.016006 -0.003493 -0.037957 -0.029945 0.002098 -0.000191 0.016594 -1.093118 -0.553712 0.119974 -2.001411 0.927939 0.000191
1757663157.001236 -0.011253 -0.005531 -0.097849 0.014305 -0.017852 0.032547 -0.056268 0.035668 0.023079 0.008202 0.016006 -0.003493 -0.037957 -0.029945 0.002098 -0.000191 0.016594 -1.093118 -0.553712 0.121119 -2.002174 0.927939 0.000191
1757663157.003225 -0.011253 -0.005531 -0.097849 0.014305 -0.017852 0.032547 -0.056268 0.035668 0.023079 0.008202 0.016006 -0.003493 -0.037957 -0.029945 0.002098 -0.000191 0.016594 -1.093118 -0.553712 0.121881 -2.002937 0.927939 0.000191
1757663157.005210 -0.011253 -0.005531 -0.097849 0.014305 -0.017852 0.032547 -0.056268 0.035668 0.023079 0.008202 0.016006 -0.003493 -0.037957 -0.029945 0.002098 -0.000191 0.016594 -1.093118 -0.553712 0.123026 -2.003319 0.927939 0.000191
1757663157.007194 -0.011253 -0.005531 -0.097849 0.014305 -0.017852 0.032547 -0.056268 0.035668 0.023079 0.008202 0.016006 -0.003493 -0.037957 -0.029945 0.002098 -0.000191 0.016594 -1.093118 -0.553712 0.124170 -2.004082 0.928321 0.000191
1757663157.009195 -0.011253 -0.005531 -0.097849 0.014305 -0.017852 0.032547 -0.056268 0.035668 0.023079 0.008202 0.016006 -0.003493 -0.037957 -0.029945 0.002098 -0.000191 0.016594 -1.093118 -0.553712 0.124933 -2.004463 0.927939 0.000191
1757663157.011190 -0.011253 -0.005913 -0.097849 0.014305 -0.017852 0.032547 -0.056268 0.035668 0.023079 0.008202 0.016006 -0.003493 -0.037957 -0.029945 0.002098 -0.000191 0.016594 -1.093118 -0.554093 0.125696 -2.005226 0.927939 0.000191
1757663157.013191 -0.011253 -0.005913 -0.097849 0.014305 -0.017852 0.032547 -0.056268 0.035668 0.023079 0.008202 0.016006 -0.003493 -0.037957 -0.029945 0.002098 -0.000191 0.016594 -1.093118 -0.554093 0.126078 -2.005608 0.928321 0.000191
1757663157.015195 -0.011253 -0.005913 -0.097849 0.014305 -0.017852 0.032547 -0.056268 0.035668 0.023079 0.008202 0.016006 -0.003493 -0.037957 -0.029945 0.002098 -0.000191 0.016594 -1.093118 -0.554093 0.126841 -2.005989 0.928321 0.000191
1757663157.017188 -0.011253 -0.005913 -0.097849 0.014305 -0.017852 0.032547 -0.056268 0.035668 0.023079 0.008202 0.016006 -0.003493 -0.037957 -0.029945 0.002098 -0.000191 0.016594 -1.093118 -0.554093 0.127222 -2.006371 0.928321 0.000191
1757663157.019195 -0.011253 -0.005913 -0.097849 0.014305 -0.017852 0.032547 -0.056268 0.035668 0.023079 0.008202 0.016006 -0.003493 -0.037957 -0.029945 0.002098 -0.000191 0.016594 -1.093118 -0.554093 0.127604 -2.006752 0.928321 0.000191
1757663157.021193 -0.011253 -0.005913 -0.097467 0.014305 -0.017852 0.032547 -0.056268 0.035668 0.023079 0.008202 0.016006 -0.003493 -0.037957 -0.029945 0.002098 -0.000191 0.016594 -1.093118 -0.554475 0.127985 -2.007133 0.928321 0.000191
1757663157.023187 -0.011253 -0.005913 -0.097467 0.014305 -0.017852 0.032547 -0.056268 0.035287 0.023079 0.008202 0.016006 -0.003493 -0.037957 -0.029945 0.002098 -0.000191 0.016594 -1.093118 -0.554475 0.128366 -2.007515 0.928321 0.000191
1757663157.025201 -0.011253 -0.006294 -0.097467 0.014305 -0.017852 0.032547 -0.056268 0.035287 0.023079 0.008202 0.016006 -0.003493 -0.037957 -0.029945 0.002098 -0.000191 0.016594 -1.093118 -0.554475 0.128366 -2.007515 0.928321 0.000191
1757663157.027185 -0.011253 -0.006294 -0.097467 0.014305 -0.017852 0.032547 -0.056268 0.035287 0.023079 0.008202 0.016006 -0.003493 -0.037957 -0.029945 0.002098 -0.000191 0.016594 -1.093118 -0.554475 0.128748 -2.007896 0.928321 0.000191
1757663157.029249 -0.011253 -0.006294 -0.097467 0.014305 -0.017852 0.032547 -0.056268 0.035287 0.023079 0.008202 0.016006 -0.003493 -0.037957 -0.029945 0.002098 -0.000191 0.016594 -1.093118 -0.554475 0.128748 -2.008278 0.928321 0.000191
1757663157.031232 -0.011253 -0.006294 -0.097467 0.014305 -0.017852 0.032547 -0.056268 0.035287 0.023079 0.008202 0.016006 -0.003493 -0.037957 -0.029945 0.002098 -0.000191 0.016594 -1.093499 -0.554475 0.128748 -2.008278 0.928321 0.000191
1757663157.033206 -0.011253 -0.006294 -0.097467 0.014305 -0.017852 0.032547 -0.056268 0.035287 0.023079 0.008202 0.016006 -0.003493 -0.037957 -0.029945 0.002098 -0.000191 0.016594 -1.093499 -0.554475 0.128748 -2.008659 0.928321 0.000191
1757663157.035194 -0.011253 -0.006294 -0.097467 0.014305 -0.017852 0.032547 -0.056268 0.035287 0.023079 0.008202 0.016006 -0.003493 -0.037957 -0.029945 0.002098 -0.000191 0.016594 -1.093499 -0.554856 0.128748 -2.008659 0.928321 0.000191
1757663157.037195 -0.011253 -0.006294 -0.097467 0.014305 -0.017852 0.032547 -0.056268 0.035287 0.023079 0.008202 0.016006 -0.003493 -0.037957 -0.029945 0.002098 -0.000191 0.016594 -1.093499 -0.554856 0.128748 -2.008659 0.928321 0.000191
1757663157.039206 -0.011253 -0.006676 -0.097467 0.014305 -0.017852 0.032547 -0.056268 0.035287 0.023079 0.008202 0.016006 -0.003493 -0.037957 -0.029564 0.002098 -0.000191 0.016594 -1.093499 -0.554856 0.128366 -2.009041 0.928321 0.000191
1757663157.041189 -0.011253 -0.006676 -0.097467 0.014305 -0.017852 0.032547 -0.056268 0.035287 0.023079 0.008202 0.016006 -0.003493 -0.037957 -0.029564 0.002098 -0.000191 0.016594 -1.093499 -0.554856 0.128366 -2.009041 0.928321 0.000191
1757663157.043185 -0.011253 -0.006676 -0.097467 0.014305 -0.017852 0.032547 -0.056268 0.035287 0.023079 0.008202 0.016006 -0.003493 -0.037957 -0.029564 0.002098 -0.000191 0.016594 -1.093499 -0.554856 0.128366 -2.009041 0.928321 0.000191
1757663157.045186 -0.011253 -0.006676 -0.097467 0.014305 -0.017852 0.032547 -0.056268 0.035287 0.023079 0.008202 0.016006 -0.003493 -0.038339 -0.029564 0.002098 -0.000191 0.016594 -1.093499 -0.554856 0.127985 -2.009041 0.928321 0.000191
1757663157.047193 -0.011253 -0.006676 -0.097467 0.014305 -0.017852 0.032547 -0.056268 0.035287 0.023079 0.008202 0.016006 -0.003493 -0.038339 -0.029564 0.002098 -0.000191 0.016594 -1.093882 -0.554856 0.127604 -2.009041 0.928321 0.000191
1757663157.049234 -0.011253 -0.006676 -0.097467 0.014305 -0.017852 0.032547 -0.056268 0.035287 0.023079 0.008202 0.016006 -0.003493 -0.038339 -0.029564 0.002098 -0.000191 0.016594 -1.093882 -0.554856 0.127222 -2.009041 0.928321 0.000191
1757663157.051224 -0.011253 -0.006676 -0.097467 0.014305 -0.017852 0.032547 -0.056268 0.035287 0.023079 0.008202 0.016006 -0.003493 -0.038339 -0.029564 0.002098 -0.000191 0.016594 -1.093882 -0.554856 0.126841 -2.009041 0.928321 0.000191
1757663157.053188 -0.011253 -0.007057 -0.097467 0.014305 -0.017852 0.032547 -0.056268 0.035287 0.023079 0.008202 0.016006 -0.003493 -0.038339 -0.029564 0.001717 -0.000191 0.016594 -1.093882 -0.554856 0.126459 -2.009041 0.928321 0.000191
1757663157.055205 -0.011253 -0.007057 -0.097467 0.014305 -0.017852 0.032547 -0.056268 0.035287 0.023079 0.008202 0.016006 -0.003493 -0.038339 -0.029182 0.001717 -0.000191 0.016594 -1.093882 -0.554856 0.125696 -2.009041 0.928321 0.000191
1757663157.057190 -0.011253 -0.007057 -0.097467 0.014305 -0.017852 0.032547 -0.056268 0.034905 0.023079 0.008202 0.016006 -0.003493 -0.038339 -0.029182 0.001717 -0.000191 0.016594 -1.093882 -0.554856 0.125315 -2.009041 0.928321 0.000191
1757663157.059186 -0.011253 -0.007057 -0.097467 0.014305 -0.017852 0.032547 -0.056268 0.034905 0.023079 0.008202 0.016006 -0.003493 -0.038720 -0.029182 0.001717 -0.000191 0.016594 -1.094263 -0.554856 0.124552 -2.009041 0.927939 0.000191
1757663157.061229 -0.011253 -0.007057 -0.097467 0.014305 -0.017852 0.032547 -0.056268 0.034905 0.023079 0.008202 0.016006 -0.003493 -0.038720 -0.029182 0.001717 -0.000191 0.016594 -1.094263 -0.555238 0.123789 -2.009041 0.927939 0.000191
1757663157.063205 -0.011253 -0.007439 -0.097467 0.014305 -0.017852 0.032547 -0.056268 0.034905 0.023079 0.008202 0.016006 -0.003493 -0.038720 -0.029182 0.001717 -0.000191 0.016594 -1.094263 -0.555238 0.123026 -2.009041 0.927939 0.000191
1757663157.065202 -0.011253 -0.007439 -0.097467 0.014305 -0.017852 0.032547 -0.056268 0.034905 0.023079 0.008202 0.016006 -0.003493 -0.039102 -0.029182 0.001717 -0.000191 0.016975 -1.094263 -0.555238 0.122263 -2.009041 0.927939 0.000191
1757663157.067204 -0.011253 -0.007439 -0.097467 0.014305 -0.017852 0.032547 -0.056268 0.034905 0.023079 0.008202 0.016006 -0.003493 -0.039102 -0.029182 0.001717 -0.000191 0.016975 -1.094263 -0.555238 0.121500 -2.008659 0.927939 0.000191
1757663157.069193 -0.011253 -0.007439 -0.097467 0.014305 -0.017852 0.032547 -0.056268 0.034905 0.023079 0.008202 0.016006 -0.003493 -0.039102 -0.029182 0.001717 -0.000191 0.016975 -1.094263 -0.555238 0.120356 -2.008659 0.927939 0.000191
1757663157.071194 -0.011253 -0.007820 -0.097086 0.014305 -0.017852 0.032547 -0.056268 0.034905 0.023079 0.008202 0.016006 -0.003493 -0.039483 -0.029182 0.001717 -0.000191 0.016975 -1.094263 -0.555238 0.119593 -2.008659 0.927939 0.000191
1757663157.073193 -0.011253 -0.007820 -0.097086 0.014305 -0.017852 0.032547 -0.056268 0.034905 0.023079 0.008202 0.016006 -0.003493 -0.039483 -0.029182 0.001717 -0.000191 0.016975 -1.094263 -0.555238 0.118448 -2.008278 0.927939 0.000191
1757663157.075188 -0.011253 -0.007820 -0.097086 0.014305 -0.017987 0.032799 -0.056268 0.034524 0.023079 0.008202 0.016006 -0.003493 -0.039483 -0.029182 0.001717 -0.000191 0.016975 -1.094263 -0.555238 0.117685 -2.007896 0.927939 0.000191
1757663157.077192 -0.011253 -0.007820 -0.097086 0.014305 -0.017987 0.032799 -0.056268 0.034524 0.023079 0.008202 0.016006 -0.003493 -0.039483 -0.029182 0.001717 -0.000191 0.016975 -1.094263 -0.555238 0.116541 -2.007896 0.927939 0.000191
1757663157.079185 -0.011253 -0.008202 -0.097086 0.014305 -0.017987 0.032799 -0.056268 0.034524 0.023079 0.008202 0.016006 -0.003493 -0.039865 -0.029182 0.001717 -0.000191 0.016975 -1.094263 -0.555238 0.115396 -2.007515 0.927939 0.000191
1757663157.081185 -0.011253 -0.008202 -0.097086 0.014305 -0.017987 0.032799 -0.056268 0.034524 0.023079 0.008202 0.016006 -0.003493 -0.039865 -0.029182 0.001717 -0.000191 0.016975 -1.094263 -0.555238 0.114252 -2.007515 0.927939 0.000191
1757663157.083203 -0.011253 -0.008202 -0.097086 0.014305 -0.017987 0.032799 -0.056268 0.034524 0.023079 0.008202 0.016006 -0.003493 -0.039865 -0.029182 0.001717 -0.000191 0.016975 -1.094263 -0.555238 0.113108 -2.007133 0.927939 0.000191
1757663157.085186 -0.011253 -0.008202 -0.096704 0.014305 -0.017987 0.032799 -0.056268 0.034524 0.023079 0.008202 0.016006 -0.003493 -0.039865 -0.029182 0.001717 -0.000191 0.016975 -1.094263 -0.555238 0.111963 -2.006752 0.927558 0.000191
1757663157.087203 -0.011253 -0.008202 -0.096704 0.014305 -0.017987 0.032799 -0.056268 0.034524 0.023079 0.007820 0.016006 -0.003493 -0.040246 -0.029182 0.001717 -0.000191 0.016975 -1.094263 -0.554856 0.110819 -2.006371 0.927558 0.000191
1757663157.089192 -0.011253 -0.008583 -0.096704 0.014305 -0.017987 0.032799 -0.056268 0.034524 0.023079 0.007820 0.016006 -0.003493 -0.040246 -0.029182 0.001717 -0.000191 0.016975 -1.094263 -0.554856 0.109674 -2.006371 0.927558 0.000191
1757663157.091184 -0.011253 -0.008583 -0.096704 0.014305 -0.017987 0.032799 -0.056268 0.034142 0.023079 0.007820 0.016006 -0.003493 -0.040246 -0.029182 0.001717 -0.000191 0.016975 -1.094263 -0.554856 0.108149 -2.005989 0.927558 0.000191
1757663157.093221 -0.011253 -0.008583 -0.096704 0.014305 -0.017987 0.032799 -0.056268 0.034142 0.023079 0.007820 0.016006 -0.003493 -0.040246 -0.029182 0.001335 -0.000191 0.016975 -1.094263 -0.554856 0.107004 -2.005608 0.927558 0.000191
1757663157.095196 -0.011253 -0.008583 -0.096323 0.014305 -0.017987 0.032799 -0.056268 0.034142 0.023079 0.007820 0.016006 -0.003493 -0.040627 -0.029182 0.001335 -0.000191 0.016975 -1.094263 -0.554856 0.105478 -2.005226 0.927558 0.000191
1757663157.097188 -0.011253 -0.008583 -0.096323 0.014305 -0.017987 0.032799 -0.056268 0.034142 0.023079 0.007820 0.016006 -0.003493 -0.040627 -0.029182 0.001335 -0.000191 0.016975 -1.094263 -0.554856 0.103952 -2.004845 0.927558 0.000191
1757663157.099235 -0.011253 -0.008965 -0.096323 0.014305 -0.017987 0.032799 -0.056268 0.034142 0.023079 0.007820 0.016006 -0.003493 -0.040627 -0.029182 0.001335 -0.000191 0.016975 -1.094263 -0.554856 0.102427 -2.004082 0.927558 0.000191
1757663157.101213 -0.011253 -0.008965 -0.096323 0.014305 -0.017987 0.032799 -0.056268 0.034142 0.023079 0.007820 0.016006 -0.003493 -0.041009 -0.029182 0.001335 -0.000191 0.016975 -1.094263 -0.554856 0.100901 -2.003700 0.927176 0.000191
1757663157.103197 -0.011253 -0.008965 -0.096323 0.014305 -0.017987 0.032799 -0.056268 0.034142 0.023079 0.007820 0.016006 -0.003493 -0.041009 -0.029182 0.001335 -0.000191 0.016975 -1.094645 -0.554856 0.099375 -2.003319 0.927176 0.000191
1757663157.105206 -0.011253 -0.008965 -0.095942 0.014305 -0.017987 0.032799 -0.056268 0.034142 0.023079 0.007820 0.016006 -0.003493 -0.041009 -0.029182 0.001335 -0.000191 0.016975 -1.094645 -0.554856 0.097467 -2.002937 0.927176 0.000191
1757663157.107193 -0.011253 -0.008965 -0.095942 0.014305 -0.018125 0.032543 -0.056268 0.033761 0.023079 0.007820 0.016006 -0.003493 -0.041390 -0.029182 0.001335 -0.000191 0.016975 -1.094645 -0.554856 0.095942 -2.002174 0.927176 0.000191
1757663157.109207 -0.011253 -0.008965 -0.095942 0.014305 -0.018125 0.032543 -0.056268 0.033761 0.023079 0.007820 0.016006 -0.003493 -0.041390 -0.029182 0.001335 -0.000191 0.016975 -1.094645 -0.554856 0.094034 -2.001793 0.927176 0.000191
1757663157.111209 -0.011253 -0.009346 -0.095942 0.014305 -0.018125 0.032543 -0.056268 0.033761 0.023079 0.007820 0.016006 -0.003493 -0.041390 -0.029182 0.001335 -0.000191 0.016975 -1.094645 -0.554856 0.092507 -2.001030 0.927176 0.000191
1757663157.113186 -0.011253 -0.009346 -0.095942 0.014305 -0.018125 0.032543 -0.056268 0.033761 0.023079 0.007820 0.016006 -0.003493 -0.041772 -0.029182 0.001335 -0.000191 0.016975 -1.094645 -0.554856 0.090600 -2.000648 0.927176 0.000191
1757663157.115208 -0.011253 -0.009346 -0.095560 0.014305 -0.018125 0.032543 -0.056268 0.033761 0.023079 0.007820 0.016006 -0.003493 -0.041772 -0.029182 0.001335 -0.000191 0.016975 -1.094645 -0.554856 0.088693 -1.999886 0.927176 0.000191
1757663157.117190 -0.011253 -0.009346 -0.095560 0.014305 -0.018125 0.032543 -0.056268 0.033761 0.023079 0.007820 0.016006 -0.003493 -0.041772 -0.029182 0.001335 -0.000191 0.016975 -1.094645 -0.554856 0.086785 -1.999504 0.927176 0.000191
1757663157.119201 -0.011253 -0.009346 -0.095560 0.014305 -0.018125 0.032543 -0.056268 0.033761 0.023079 0.007820 0.016006 -0.003493 -0.042153 -0.029182 0.001335 -0.000191 0.016975 -1.094645 -0.554856 0.084878 -1.998741 0.927176 0.000191
1757663157.121184 -0.011253 -0.009346 -0.095560 0.014305 -0.018125 0.032543 -0.056268 0.033761 0.023079 0.007820 0.016006 -0.003493 -0.042153 -0.029182 0.001335 -0.000191 0.016975 -1.094645 -0.554856 0.082971 -1.998360 0.926795 0.000191
1757663157.123206 -0.011253 -0.009346 -0.095560 0.014305 -0.018125 0.032543 -0.056268 0.033761 0.023079 0.007820 0.016006 -0.003493 -0.042153 -0.029182 0.001335 -0.000191 0.016975 -1.094645 -0.554856 0.081063 -1.997597 0.926795 0.000191
1757663157.125229 -0.011253 -0.009346 -0.095560 0.014305 -0.018125 0.032543 -0.056268 0.033380 0.023079 0.007820 0.016006 -0.003493 -0.042535 -0.029182 0.001335 -0.000191 0.016975 -1.095026 -0.554856 0.078774 -1.996834 0.926795 0.000191
1757663157.127212 -0.011253 -0.009346 -0.095179 0.014305 -0.018125 0.032543 -0.056268 0.033380 0.023079 0.007820 0.016006 -0.003493 -0.042535 -0.029182 0.001335 -0.000191 0.016975 -1.095026 -0.554475 0.076867 -1.996071 0.926795 0.000191
1757663157.129191 -0.011253 -0.009346 -0.095179 0.014305 -0.018125 0.032543 -0.056268 0.033380 0.023079 0.007820 0.016006 -0.003493 -0.042535 -0.029182 0.001335 -0.000191 0.016975 -1.095026 -0.554475 0.074578 -1.995308 0.926795 0.000191
1757663157.131202 -0.011253 -0.009346 -0.095179 0.014305 -0.018125 0.032543 -0.056268 0.033380 0.023079 0.007820 0.016006 -0.003493 -0.042916 -0.029182 0.001335 -0.000191 0.016975 -1.095026 -0.554475 0.072289 -1.994545 0.926795 0.000191
1757663157.133193 -0.011253 -0.009346 -0.095179 0.014305 -0.018125 0.032543 -0.056268 0.033380 0.023079 0.007820 0.016006 -0.003493 -0.042916 -0.029182 0.001335 -0.000191 0.016975 -1.095026 -0.554475 0.070001 -1.993782 0.926795 0.000191
1757663157.135190 -0.011253 -0.009346 -0.095179 0.014305 -0.018125 0.032543 -0.056268 0.033380 0.023079 0.007820 0.016006 -0.003493 -0.042916 -0.029182 0.001335 -0.000191 0.016975 -1.095026 -0.554475 0.067712 -1.993019 0.926795 0.000191
1757663157.137193 -0.011253 -0.009346 -0.095179 0.014305 -0.018125 0.032543 -0.056268 0.033380 0.023079 0.007820 0.016006 -0.003493 -0.043298 -0.029182 0.001335 -0.000191 0.016975 -1.095407 -0.554475 0.065423 -1.991875 0.926795 0.000191
1757663157.139196 -0.011253 -0.009346 -0.095179 0.014305 -0.018125 0.032543 -0.056268 0.033380 0.023079 0.007820 0.016006 -0.003493 -0.043298 -0.029182 0.001335 -0.000191 0.016975 -1.095407 -0.554475 0.063134 -1.991112 0.926795 0.000191
1757663157.141200 -0.011253 -0.009346 -0.094797 0.014305 -0.018125 0.032543 -0.056268 0.033380 0.023079 0.007820 0.016006 -0.003493 -0.043298 -0.029182 0.000954 -0.000191 0.016975 -1.095407 -0.554093 0.060464 -1.990349 0.926795 0.000191
1757663157.143196 -0.011253 -0.009346 -0.094797 0.014305 -0.018125 0.032543 -0.056268 0.033380 0.023079 0.007820 0.016006 -0.003493 -0.043298 -0.029564 0.000954 -0.000191 0.016975 -1.095407 -0.554093 0.058175 -1.989204 0.926795 0.000191
1757663157.145185 -0.011253 -0.009346 -0.094797 0.014305 -0.018125 0.032543 -0.056268 0.033380 0.023079 0.007820 0.016006 -0.003493 -0.043679 -0.029564 0.000954 -0.000191 0.016975 -1.095407 -0.554093 0.055505 -1.988060 0.926795 0.000191
1757663157.147197 -0.011253 -0.009346 -0.094797 0.014305 -0.018125 0.032543 -0.056268 0.033761 0.023079 0.007820 0.016006 -0.003493 -0.043679 -0.029564 0.000954 -0.000191 0.016975 -1.095407 -0.554093 0.052835 -1.987297 0.926414 0.000191
1757663157.149190 -0.011253 -0.009346 -0.094797 0.014305 -0.018125 0.032543 -0.056268 0.033761 0.023079 0.007820 0.016006 -0.003493 -0.043679 -0.029564 0.000954 -0.000191 0.016975 -1.095789 -0.553712 0.050546 -1.986153 0.926414 0.000191
1757663157.151192 -0.011253 -0.009346 -0.094797 0.014305 -0.018125 0.032543 -0.056268 0.033761 0.023079 0.007820 0.016006 -0.003493 -0.044061 -0.029564 0.000954 -0.000191 0.016975 -1.095789 -0.553712 0.047875 -1.985008 0.926414 0.000191
1757663157.153193 -0.011253 -0.009346 -0.094797 0.014305 -0.018125 0.032543 -0.056268 0.033761 0.023079 0.007820 0.016006 -0.003493 -0.044061 -0.029564 0.000954 -0.000191 0.016975 -1.095789 -0.553712 0.045205 -1.983864 0.926414 0.000191
1757663157.155241 -0.010872 -0.009346 -0.094797 0.014305 -0.018125 0.032543 -0.056268 0.033761 0.023079 0.007820 0.016006 -0.003493 -0.044061 -0.029564 0.000954 -0.000191 0.016975 -1.095789 -0.553712 0.042535 -1.982719 0.926414 0.000191
1757663157.157213 -0.010872 -0.009346 -0.094797 0.014305 -0.018125 0.032543 -0.056268 0.033761 0.023079 0.007820 0.016006 -0.003493 -0.044061 -0.029945 0.000954 -0.000191 0.016975 -1.095789 -0.553712 0.039865 -1.981575 0.926414 0.000191
1757663157.159196 -0.010872 -0.009346 -0.094797 0.014305 -0.018125 0.032543 -0.056268 0.033761 0.023079 0.007820 0.016006 -0.003493 -0.044442 -0.029945 0.000954 -0.000191 0.016975 -1.095789 -0.553330 0.036813 -1.980431 0.926414 0.000191
1757663157.161209 -0.010872 -0.009346 -0.094797 0.014305 -0.018125 0.032543 -0.056268 0.033761 0.023079 0.007820 0.016006 -0.003493 -0.044442 -0.029945 0.000954 -0.000191 0.016975 -1.095789 -0.553330 0.034142 -1.979286 0.926414 0.000191
1757663157.163195 -0.010872 -0.009346 -0.094797 0.014305 -0.018125 0.032543 -0.056268 0.033761 0.023079 0.007820 0.016006 -0.003493 -0.044442 -0.029945 0.000954 -0.000191 0.016975 -1.095789 -0.553330 0.031472 -1.978142 0.926414 0.000191
1757663157.165201 -0.010872 -0.009346 -0.094797 0.014305 -0.018125 0.032543 -0.056268 0.033761 0.023079 0.007820 0.016006 -0.003493 -0.044824 -0.029945 0.000954 -0.000191 0.016975 -1.095789 -0.553330 0.028419 -1.976997 0.926414 0.000191
1757663157.167192 -0.010872 -0.009346 -0.094797 0.014305 -0.018125 0.032543 -0.056268 0.033761 0.023079 0.007820 0.016006 -0.003493 -0.044824 -0.029945 0.000954 -0.000191 0.016975 -1.095789 -0.552949 0.025749 -1.975471 0.926414 0.000191
1757663157.169194 -0.010872 -0.009346 -0.094797 0.014305 -0.018125 0.032543 -0.056268 0.033761 0.023079 0.007820 0.016006 -0.003493 -0.044824 -0.029945 0.000954 -0.000191 0.016975 -1.096170 -0.552949 0.022697 -1.974327 0.926032 0.000191
1757663157.171201 -0.010872 -0.009346 -0.094797 0.014305 -0.018125 0.032543 -0.056268 0.033761 0.023079 0.007820 0.016006 -0.003493 -0.044824 -0.029945 0.000954 -0.000191 0.016975 -1.096170 -0.552949 0.019646 -1.972801 0.926032 0.000191
1757663157.173183 -0.010872 -0.009346 -0.094797 0.014305 -0.018125 0.032543 -0.056268 0.033761 0.023079 0.007820 0.016006 -0.003493 -0.045205 -0.029945 0.000954 -0.000191 0.016975 -1.096170 -0.552949 0.016594 -1.971657 0.926032 0.000191
1757663157.175186 -0.010490 -0.009346 -0.094797 0.014305 -0.018125 0.032543 -0.056268 0.033761 0.023079 0.007820 0.016006 -0.003493 -0.045205 -0.029945 0.000954 -0.000191 0.016975 -1.096170 -0.552567 0.013924 -1.970512 0.926032 0.000191
1757663157.177185 -0.010490 -0.009346 -0.094797 0.014305 -0.018125 0.032543 -0.056268 0.033761 0.023079 0.007820 0.016006 -0.003493 -0.045205 -0.029945 0.000954 -0.000191 0.016975 -1.096170 -0.552567 0.010490 -1.968987 0.926032 0.000191
1757663157.179192 -0.010490 -0.009346 -0.094797 0.014305 -0.018125 0.032543 -0.056268 0.033761 0.023079 0.007820 0.016006 -0.003493 -0.045205 -0.030327 0.000954 -0.000191 0.016975 -1.096170 -0.552567 0.007820 -1.967460 0.926032 0.000191
1757663157.181187 -0.010490 -0.009346 -0.094797 0.014305 -0.018125 0.032543 -0.056268 0.033761 0.023079 0.007820 0.016006 -0.003493 -0.045205 -0.030327 0.000954 -0.000191 0.016975 -1.096170 -0.552567 0.004768 -1.966315 0.926032 0.000191
1757663157.183189 -0.010490 -0.009346 -0.094797 0.014305 -0.018125 0.032543 -0.056268 0.033761 0.023079 0.007820 0.016006 -0.003493 -0.045587 -0.030327 0.000954 -0.000191 0.016975 -1.096552 -0.552567 0.001335 -1.964789 0.926032 0.000191
1757663157.185190 -0.010490 -0.009346 -0.094797 0.014305 -0.018125 0.032543 -0.056268 0.033761 0.023079 0.007820 0.016006 -0.003493 -0.045587 -0.030327 0.000954 -0.000191 0.016975 -1.096552 -0.552186 -0.001335 -1.963264 0.926032 0.000191
1757663157.187303 -0.010490 -0.009346 -0.094797 0.014305 -0.018125 0.032543 -0.056268 0.033761 0.023079 0.007820 0.016006 -0.003493 -0.045587 -0.030327 0.000954 -0.000191 0.016975 -1.096552 -0.552186 -0.004387 -1.961738 0.926032 0.000191
1757663157.189223 -0.010490 -0.009346 -0.094797 0.014305 -0.018125 0.032543 -0.056268 0.033761 0.023079 0.007820 0.016006 -0.003493 -0.045587 -0.029945 0.000954 -0.000191 0.016975 -1.096552 -0.552186 -0.007439 -1.960212 0.925651 0.000191
1757663157.191190 -0.010490 -0.009346 -0.094797 0.014305 -0.018125 0.032543 -0.056268 0.033761 0.023079 0.007820 0.016006 -0.003493 -0.045968 -0.029945 0.000954 -0.000191 0.016975 -1.096933 -0.552186 -0.010490 -1.958686 0.925651 0.000191
1757663157.193199 -0.010490 -0.009346 -0.094797 0.014305 -0.018125 0.032543 -0.056268 0.033761 0.023079 0.007820 0.016006 -0.003493 -0.045968 -0.029945 0.000954 -0.000191 0.016975 -1.096933 -0.552186 -0.013542 -1.957160 0.925651 0.000191
1757663157.195207 -0.010109 -0.009346 -0.094797 0.014305 -0.018125 0.032543 -0.056268 0.033761 0.023079 0.007820 0.016006 -0.003493 -0.045968 -0.029945 0.000954 -0.000191 0.016975 -1.096933 -0.551805 -0.016594 -1.955634 0.925651 0.000191
1757663157.197196 -0.010109 -0.009346 -0.094797 0.014305 -0.018263 0.032287 -0.056268 0.033761 0.023079 0.007820 0.016006 -0.003493 -0.045968 -0.029945 0.000954 -0.000191 0.016975 -1.097315 -0.551805 -0.020027 -1.954108 0.925651 0.000191
1757663157.199196 -0.010109 -0.009346 -0.094797 0.014305 -0.018263 0.032287 -0.056268 0.033761 0.023079 0.007820 0.016006 -0.003493 -0.046350 -0.029945 0.000954 -0.000191 0.016975 -1.097315 -0.551805 -0.023079 -1.952582 0.925651 0.000191
1757663157.201194 -0.010109 -0.009346 -0.094797 0.014305 -0.018263 0.032287 -0.056268 0.033761 0.023079 0.007820 0.016006 -0.003493 -0.046350 -0.029945 0.000954 -0.000191 0.016975 -1.097315 -0.551805 -0.026131 -1.951056 0.925651 0.000191
1757663157.203195 -0.010109 -0.009346 -0.094797 0.014305 -0.018263 0.032287 -0.056268 0.033761 0.023079 0.007820 0.016006 -0.003493 -0.046350 -0.029945 0.000954 -0.000191 0.016975 -1.097696 -0.551805 -0.029182 -1.949149 0.925269 0.000191
1757663157.205192 -0.010109 -0.009346 -0.094797 0.014305 -0.018263 0.032287 -0.056268 0.033761 0.023079 0.007820 0.016006 -0.003493 -0.046350 -0.029945 0.000954 -0.000191 0.016975 -1.097696 -0.551805 -0.032235 -1.947623 0.925269 0.000191
1757663157.207193 -0.010109 -0.009346 -0.094797 0.014305 -0.018263 0.032287 -0.056268 0.033761 0.023079 0.007820 0.016006 -0.003493 -0.046731 -0.029945 0.000954 -0.000191 0.016975 -1.097696 -0.551805 -0.035287 -1.945716 0.925269 0.000191
1757663157.209193 -0.010109 -0.009346 -0.094797 0.014305 -0.018263 0.032287 -0.056268 0.033761 0.023079 0.007820 0.016006 -0.003493 -0.046731 -0.029945 0.000954 -0.000191 0.016975 -1.098078 -0.551423 -0.038720 -1.944190 0.925269 0.000191
1757663157.211193 -0.010109 -0.009346 -0.094797 0.014305 -0.018263 0.032287 -0.056268 0.033761 0.023079 0.007820 0.016006 -0.003493 -0.046731 -0.029945 0.001335 -0.000191 0.016975 -1.098078 -0.551423 -0.041772 -1.942283 0.925269 0.000191
1757663157.213196 -0.010109 -0.009346 -0.094797 0.014305 -0.018263 0.032287 -0.056268 0.033761 0.023079 0.007820 0.016006 -0.003493 -0.046731 -0.029945 0.001335 -0.000191 0.016975 -1.098078 -0.551423 -0.045205 -1.940375 0.925269 0.000191
1757663157.215192 -0.009727 -0.009346 -0.094797 0.014305 -0.018263 0.032287 -0.056268 0.033761 0.023079 0.007820 0.016006 -0.003493 -0.046731 -0.029945 0.001335 -0.000191 0.016975 -1.098459 -0.551423 -0.048257 -1.938849 0.925269 0.000191
1757663157.217203 -0.009727 -0.009346 -0.094797 0.014305 -0.018263 0.032287 -0.056268 0.033761 0.023079 0.007820 0.016006 -0.003493 -0.047112 -0.029945 0.001335 -0.000191 0.016975 -1.098459 -0.551423 -0.051690 -1.936942 0.924888 0.000191
1757663157.219285 -0.009727 -0.009346 -0.094797 0.014305 -0.018263 0.032287 -0.056268 0.033761 0.023079 0.007820 0.016006 -0.003493 -0.047112 -0.029945 0.001335 -0.000191 0.016975 -1.098841 -0.551423 -0.055123 -1.935035 0.924888 0.000191
1757663157.221223 -0.009727 -0.009346 -0.094797 0.014305 -0.018263 0.032287 -0.056268 0.033761 0.023079 0.007820 0.016006 -0.003493 -0.047112 -0.029945 0.001335 -0.000191 0.016975 -1.098841 -0.551042 -0.058557 -1.933127 0.924888 0.000191
1757663157.223197 -0.009727 -0.009346 -0.094797 0.014305 -0.018263 0.032287 -0.056268 0.033761 0.023079 0.007820 0.016006 -0.003493 -0.047112 -0.029945 0.001335 -0.000191 0.016975 -1.099222 -0.551042 -0.061990 -1.930839 0.924888 0.000191
1757663157.225191 -0.009727 -0.009346 -0.094797 0.014305 -0.018263 0.032287 -0.056268 0.033761 0.023079 0.007820 0.016006 -0.003493 -0.047494 -0.029945 0.001335 -0.000191 0.016975 -1.099222 -0.551042 -0.065804 -1.928931 0.924888 0.000191
1757663157.227194 -0.009727 -0.009346 -0.094797 0.014305 -0.018263 0.032287 -0.056268 0.033761 0.023079 0.007820 0.016006 -0.003493 -0.047494 -0.029945 0.001335 -0.000191 0.016975 -1.099604 -0.551042 -0.069238 -1.927024 0.924888 0.000191
1757663157.229190 -0.009727 -0.009346 -0.094797 0.014305 -0.018263 0.032287 -0.056268 0.033761 0.023079 0.007820 0.016006 -0.003493 -0.047494 -0.029945 0.001335 -0.000191 0.016975 -1.099985 -0.551042 -0.073052 -1.924735 0.924888 0.000191
1757663157.231192 -0.009727 -0.009346 -0.094797 0.014305 -0.018263 0.032287 -0.056268 0.033761 0.023079 0.007820 0.016006 -0.003493 -0.047494 -0.029945 0.001335 -0.000191 0.016975 -1.099985 -0.551042 -0.076486 -1.922828 0.924506 0.000191
1757663157.233191 -0.009727 -0.009346 -0.094797 0.014305 -0.018263 0.032287 -0.056268 0.033761 0.023079 0.007820 0.016006 -0.003493 -0.047494 -0.029945 0.001335 -0.000191 0.016975 -1.100367 -0.551042 -0.080300 -1.920539 0.924506 0.000191
1757663157.235192 -0.009727 -0.009346 -0.094797 0.014305 -0.018263 0.032287 -0.056268 0.033761 0.023079 0.007820 0.016006 -0.003493 -0.047875 -0.029945 0.001335 -0.000191 0.016975 -1.100748 -0.551042 -0.084115 -1.918250 0.924506 0.000191
1757663157.237191 -0.009346 -0.009346 -0.094797 0.014305 -0.018263 0.032287 -0.055886 0.033761 0.023079 0.007820 0.016006 -0.003493 -0.047875 -0.029945 0.001335 -0.000191 0.016975 -1.101130 -0.551042 -0.087930 -1.915961 0.924506 0.000191
1757663157.239192 -0.009346 -0.009346 -0.094797 0.014305 -0.018263 0.032287 -0.055886 0.033761 0.023079 0.007820 0.016006 -0.003493 -0.047875 -0.029945 0.001335 -0.000191 0.016975 -1.101130 -0.551042 -0.091363 -1.913672 0.924506 0.000191
1757663157.241192 -0.009346 -0.009346 -0.094797 0.014305 -0.018263 0.032287 -0.055886 0.033761 0.023079 0.007820 0.016006 -0.003493 -0.048257 -0.029945 0.001335 -0.000191 0.016975 -1.101511 -0.550660 -0.095560 -1.911384 0.924506 0.000191
1757663157.243204 -0.009346 -0.009346 -0.094797 0.014305 -0.018263 0.032287 -0.055886 0.033761 0.023079 0.007820 0.016006 -0.003493 -0.048257 -0.029945 0.001335 -0.000191 0.016975 -1.101892 -0.550660 -0.099375 -1.909095 0.924506 0.000191
1757663157.245191 -0.009346 -0.009346 -0.094797 0.014305 -0.018263 0.032287 -0.055886 0.033761 0.023079 0.007820 0.016006 -0.003493 -0.048257 -0.029945 0.001335 -0.000191 0.016975 -1.102274 -0.550660 -0.103189 -1.906806 0.924125 0.000191
1757663157.247191 -0.009346 -0.009346 -0.094797 0.014305 -0.018263 0.032287 -0.055886 0.033761 0.023079 0.007820 0.016006 -0.003493 -0.048257 -0.029945 0.001335 -0.000191 0.016975 -1.102655 -0.550660 -0.107004 -1.904516 0.924125 0.000191
1757663157.249201 -0.009346 -0.009346 -0.094797 0.014305 -0.018263 0.032287 -0.055886 0.033761 0.023079 0.007820 0.016006 -0.003493 -0.048638 -0.029945 0.001335 -0.000191 0.016975 -1.103037 -0.551042 -0.111200 -1.901846 0.924125 0.000191
1757663157.251330 -0.009346 -0.009346 -0.094797 0.014305 -0.018263 0.032287 -0.055886 0.033761 0.023079 0.007820 0.016006 -0.003493 -0.048638 -0.029564 0.001335 -0.000191 0.016975 -1.103800 -0.551042 -0.115015 -1.899557 0.924125 0.000191
1757663157.253239 -0.009346 -0.009346 -0.094797 0.014305 -0.018263 0.032287 -0.055886 0.033761 0.023079 0.007820 0.016006 -0.003493 -0.049020 -0.029564 0.001335 -0.000191 0.016975 -1.104181 -0.551042 -0.118830 -1.896887 0.924125 0.000191
1757663157.255248 -0.009346 -0.009346 -0.094797 0.014305 -0.018263 0.032287 -0.055886 0.033761 0.023079 0.007820 0.016006 -0.003493 -0.049020 -0.029564 0.001335 -0.000191 0.016975 -1.104563 -0.551042 -0.123026 -1.894217 0.924125 0.000191
1757663157.257246 -0.008965 -0.009346 -0.094797 0.014305 -0.018263 0.032287 -0.055886 0.033761 0.023079 0.007820 0.016006 -0.003493 -0.049020 -0.029564 0.001335 -0.000191 0.016975 -1.104944 -0.551042 -0.127222 -1.891928 0.923743 0.000191
1757663157.259281 -0.008965 -0.009346 -0.094797 0.014305 -0.018263 0.032287 -0.055886 0.033761 0.023079 0.007820 0.016006 -0.003493 -0.049401 -0.029564 0.001335 -0.000191 0.016975 -1.105326 -0.551042 -0.131037 -1.889257 0.923743 0.000191
1757663157.261247 -0.008965 -0.009346 -0.094797 0.014305 -0.018263 0.032287 -0.055886 0.033761 0.023079 0.007820 0.016006 -0.003493 -0.049401 -0.029564 0.001335 -0.000191 0.016975 -1.106089 -0.551042 -0.135233 -1.886587 0.923743 0.000191
1757663157.263241 -0.008965 -0.009346 -0.094416 0.014305 -0.018263 0.032287 -0.055886 0.033761 0.023079 0.007820 0.016006 -0.003493 -0.049783 -0.029564 0.001335 -0.000191 0.016975 -1.106470 -0.551042 -0.139429 -1.883917 0.923743 0.000191
1757663157.265240 -0.008965 -0.009346 -0.094416 0.014305 -0.018263 0.032287 -0.055886 0.033761 0.023079 0.007820 0.016006 -0.003493 -0.049783 -0.029564 0.001335 -0.000191 0.016975 -1.106852 -0.551042 -0.143244 -1.881247 0.923743 0.000191
1757663157.267241 -0.008965 -0.009346 -0.094416 0.014305 -0.018400 0.032031 -0.055886 0.033761 0.023079 0.007820 0.016006 -0.003493 -0.049783 -0.029564 0.001335 -0.000191 0.016975 -1.107615 -0.551042 -0.147440 -1.878576 0.923743 0.000191
1757663157.269241 -0.008965 -0.009346 -0.094416 0.014305 -0.018400 0.032031 -0.055886 0.033761 0.023079 0.007820 0.016006 -0.003493 -0.050164 -0.029564 0.001335 -0.000191 0.016975 -1.107996 -0.551042 -0.151636 -1.875906 0.923362 0.000191
1757663157.271244 -0.008965 -0.009346 -0.094416 0.014305 -0.018400 0.032031 -0.055886 0.033761 0.023079 0.007820 0.016006 -0.003493 -0.050164 -0.029564 0.001335 -0.000191 0.016975 -1.108759 -0.551042 -0.155451 -1.873236 0.923362 0.000191
1757663157.273242 -0.008965 -0.009346 -0.094416 0.014305 -0.018400 0.032031 -0.055886 0.033761 0.023079 0.007820 0.016006 -0.003493 -0.050546 -0.029564 0.001335 -0.000191 0.016975 -1.109140 -0.551042 -0.159648 -1.870565 0.923362 0.000191
1757663157.275241 -0.008583 -0.009346 -0.094416 0.014305 -0.018400 0.032031 -0.055886 0.033761 0.023079 0.007820 0.016006 -0.003493 -0.050546 -0.029564 0.001335 -0.000191 0.016975 -1.109522 -0.551042 -0.163463 -1.867895 0.923362 0.000191
1757663157.277241 -0.008583 -0.009346 -0.094416 0.014305 -0.018400 0.032031 -0.055886 0.033761 0.023079 0.007820 0.016006 -0.003493 -0.050927 -0.029182 0.001335 -0.000191 0.016975 -1.110285 -0.551042 -0.167659 -1.865225 0.923362 0.000191
1757663157.279243 -0.008583 -0.009346 -0.094416 0.014305 -0.018400 0.032031 -0.055886 0.033761 0.023079 0.007820 0.016006 -0.003493 -0.051309 -0.029182 0.001335 -0.000191 0.016975 -1.110666 -0.551042 -0.171474 -1.862555 0.923362 0.000191
1757663157.281240 -0.008583 -0.009346 -0.094416 0.014305 -0.018400 0.032031 -0.055886 0.033761 0.023079 0.007820 0.016006 -0.003493 -0.051309 -0.029182 0.001335 -0.000191 0.016975 -1.111429 -0.551042 -0.175288 -1.859884 0.922980 0.000191
1757663157.283228 -0.008583 -0.009346 -0.094416 0.014305 -0.018400 0.032031 -0.055886 0.033761 0.023079 0.007820 0.016006 -0.003493 -0.051690 -0.029182 0.001335 -0.000191 0.016975 -1.111811 -0.551042 -0.179484 -1.857214 0.922980 0.000191
1757663157.285197 -0.008583 -0.009346 -0.094416 0.014305 -0.018400 0.032031 -0.055886 0.033761 0.023079 0.007820 0.016006 -0.003493 -0.051690 -0.029182 0.001335 -0.000191 0.016975 -1.112192 -0.551042 -0.183299 -1.854544 0.922980 0.000191
1757663157.287187 -0.008583 -0.009346 -0.094416 0.014305 -0.018400 0.032031 -0.055886 0.033761 0.023079 0.007820 0.016006 -0.003493 -0.052072 -0.029182 0.001335 -0.000191 0.016975 -1.112574 -0.551042 -0.187114 -1.851873 0.922980 0.000191
1757663157.289230 -0.008583 -0.009346 -0.094416 0.014305 -0.018400 0.032031 -0.055505 0.033761 0.023079 0.007820 0.016006 -0.003493 -0.052453 -0.029182 0.001335 -0.000191 0.016975 -1.112955 -0.551042 -0.191310 -1.849203 0.922980 0.000191
1757663157.291189 -0.008583 -0.009346 -0.094034 0.014305 -0.018400 0.032031 -0.055505 0.033761 0.023079 0.007820 0.016006 -0.003493 -0.052453 -0.029182 0.001335 -0.000191 0.016975 -1.113337 -0.551042 -0.195125 -1.846151 0.922599 0.000191
1757663157.293189 -0.008202 -0.009346 -0.094034 0.014305 -0.018400 0.032031 -0.055505 0.033761 0.023079 0.007820 0.016006 -0.003493 -0.052835 -0.029182 0.001335 -0.000191 0.016975 -1.114100 -0.551042 -0.198939 -1.843480 0.922599 0.000191
1757663157.295190 -0.008202 -0.009346 -0.094034 0.014305 -0.018400 0.032031 -0.055505 0.033761 0.023079 0.007820 0.016006 -0.003493 -0.052835 -0.028801 0.001335 -0.000191 0.016975 -1.114481 -0.551042 -0.202754 -1.840810 0.922599 0.000191
1757663157.297193 -0.008202 -0.009346 -0.094034 0.014305 -0.018400 0.032031 -0.055505 0.033761 0.023079 0.007820 0.016006 -0.003493 -0.053216 -0.028801 0.001335 -0.000191 0.016975 -1.114862 -0.551423 -0.206569 -1.838140 0.922599 0.000191
1757663157.299191 -0.008202 -0.009346 -0.094034 0.014305 -0.018400 0.032031 -0.055505 0.033761 0.023079 0.007820 0.016006 -0.003493 -0.053597 -0.028801 0.001335 -0.000191 0.016975 -1.115244 -0.551423 -0.210002 -1.835469 0.922599 0.000191
1757663157.301192 -0.008202 -0.009346 -0.094034 0.014305 -0.018400 0.032031 -0.055505 0.033761 0.023079 0.007820 0.016006 -0.003493 -0.053597 -0.028801 0.001335 -0.000191 0.016975 -1.115625 -0.551423 -0.213817 -1.832799 0.922217 0.000191
1757663157.303191 -0.008202 -0.009346 -0.094034 0.014305 -0.018400 0.032031 -0.055505 0.034142 0.023079 0.007820 0.016006 -0.003493 -0.053979 -0.028801 0.001335 -0.000191 0.016975 -1.116007 -0.551423 -0.217631 -1.830129 0.922217 0.000191
1757663157.305191 -0.008202 -0.009346 -0.094034 0.014305 -0.018400 0.032031 -0.055505 0.034142 0.023079 0.007820 0.016006 -0.003493 -0.054360 -0.028801 0.001335 -0.000191 0.016975 -1.116007 -0.551423 -0.221447 -1.827077 0.922217 0.000191
1757663157.307229 -0.008202 -0.009346 -0.094034 0.014305 -0.018400 0.032031 -0.055505 0.034142 0.023079 0.007820 0.016006 -0.003493 -0.054360 -0.028801 0.001335 -0.000191 0.016975 -1.116388 -0.551423 -0.224880 -1.824407 0.922217 0.000191
1757663157.309189 -0.008202 -0.008965 -0.094034 0.014305 -0.018400 0.032031 -0.055505 0.034142 0.023079 0.007820 0.016006 -0.003493 -0.054742 -0.028801 0.001335 -0.000191 0.016975 -1.116770 -0.551423 -0.228695 -1.821736 0.922217 0.000191
1757663157.311188 -0.007820 -0.008965 -0.094034 0.014305 -0.018400 0.032031 -0.055505 0.034142 0.023079 0.007820 0.016006 -0.003493 -0.055123 -0.028801 0.001335 -0.000191 0.016975 -1.117151 -0.551423 -0.232510 -1.819066 0.921836 0.000191
1757663157.313201 -0.007820 -0.008965 -0.094034 0.014305 -0.018538 0.031775 -0.055505 0.034142 0.023079 0.007820 0.016006 -0.003493 -0.055123 -0.028801 0.001335 -0.000191 0.016975 -1.117533 -0.551423 -0.235943 -1.816396 0.921836 0.000191
1757663157.315221 -0.007820 -0.008965 -0.093652 0.014305 -0.018538 0.031775 -0.055505 0.034142 0.023079 0.007820 0.016006 -0.003493 -0.055505 -0.028801 0.001335 -0.000191 0.016975 -1.117914 -0.551423 -0.239758 -1.813344 0.921836 0.000191
1757663157.317190 -0.007820 -0.008965 -0.093652 0.014305 -0.018538 0.031775 -0.055505 0.034142 0.023079 0.007820 0.016006 -0.003493 -0.055886 -0.028801 0.001335 -0.000191 0.016975 -1.118296 -0.551423 -0.243572 -1.810674 0.921836 0.000191
1757663157.319204 -0.007820 -0.008965 -0.093652 0.014305 -0.018538 0.031775 -0.055505 0.034142 0.023079 0.007820 0.016006 -0.003493 -0.055886 -0.028419 0.001335 -0.000191 0.017357 -1.118677 -0.551423 -0.247387 -1.807622 0.921836 0.000191
1757663157.321196 -0.007820 -0.008965 -0.093652 0.014305 -0.018538 0.031775 -0.055505 0.034142 0.023079 0.007820 0.016006 -0.003493 -0.056268 -0.028419 0.001335 -0.000191 0.017357 -1.119059 -0.551423 -0.251202 -1.804952 0.921454 0.000191
1757663157.323195 -0.007820 -0.008965 -0.093652 0.014305 -0.018538 0.031775 -0.055505 0.034142 0.023079 0.007820 0.016006 -0.003493 -0.056649 -0.028419 0.001335 -0.000191 0.017357 -1.119059 -0.551423 -0.254635 -1.801900 0.921454 0.000191
1757663157.325194 -0.007820 -0.008965 -0.093652 0.014305 -0.018538 0.031775 -0.055505 0.034142 0.023079 0.007820 0.016006 -0.003493 -0.057031 -0.028419 0.001335 -0.000191 0.017357 -1.119440 -0.551423 -0.258450 -1.799230 0.921454 0.000191
1757663157.327160 -0.007820 -0.008965 -0.093652 0.014305 -0.018538 0.031775 -0.055123 0.034142 0.023079 0.007820 0.016006 -0.003493 -0.057031 -0.028419 0.001335 -0.000191 0.017357 -1.119822 -0.551805 -0.262264 -1.796178 0.921454 0.000191
1757663157.329184 -0.007439 -0.008965 -0.093652 0.014305 -0.018538 0.031775 -0.055123 0.034142 0.023079 0.007820 0.016006 -0.003493 -0.057412 -0.028419 0.001335 -0.000191 0.017357 -1.120203 -0.551805 -0.266079 -1.793126 0.921073 0.000191
1757663157.331156 -0.007439 -0.008965 -0.093652 0.014305 -0.018538 0.031775 -0.055123 0.034524 0.023079 0.007820 0.016006 -0.003493 -0.057794 -0.028419 0.001335 -0.000191 0.017357 -1.120584 -0.551805 -0.269894 -1.790074 0.921073 0.000191
1757663157.333145 -0.007439 -0.008965 -0.093652 0.014305 -0.018538 0.031775 -0.055123 0.034524 0.023079 0.007820 0.016006 -0.003493 -0.058175 -0.028419 0.001335 -0.000191 0.017357 -1.120966 -0.551805 -0.273327 -1.787023 0.921073 0.000191
1757663157.335143 -0.007439 -0.008965 -0.093652 0.014305 -0.018538 0.031775 -0.055123 0.034524 0.023079 0.007820 0.016006 -0.003493 -0.058557 -0.028419 0.001335 -0.000191 0.017357 -1.121347 -0.551805 -0.277142 -1.783971 0.920691 0.000191
1757663157.337143 -0.007439 -0.008583 -0.093652 0.014305 -0.018538 0.031775 -0.055123 0.034524 0.023079 0.007820 0.016006 -0.003493 -0.058938 -0.028419 0.001335 -0.000191 0.017357 -1.121347 -0.551805 -0.280956 -1.780918 0.920691 0.000191
1757663157.339146 -0.007439 -0.008583 -0.093652 0.014305 -0.018538 0.031775 -0.055123 0.034524 0.023079 0.007820 0.016006 -0.003493 -0.058938 -0.028419 0.001335 -0.000191 0.017357 -1.121729 -0.551805 -0.284772 -1.777866 0.920310 0.000191
1757663157.341145 -0.007439 -0.008583 -0.093270 0.014305 -0.018538 0.031775 -0.055123 0.034524 0.023079 0.007820 0.016006 -0.003493 -0.059319 -0.028419 0.001335 -0.000191 0.017357 -1.122110 -0.551805 -0.288587 -1.774815 0.920310 0.000191
1757663157.343147 -0.007439 -0.008583 -0.093270 0.014305 -0.018538 0.031775 -0.055123 0.034524 0.023079 0.007820 0.016006 -0.003493 -0.059701 -0.028419 0.001335 -0.000191 0.017357 -1.122492 -0.551805 -0.292401 -1.771381 0.920310 0.000191
1757663157.345200 -0.007439 -0.008583 -0.093270 0.014305 -0.018538 0.031775 -0.055123 0.034524 0.023079 0.007820 0.016006 -0.003493 -0.060082 -0.028419 0.001335 -0.000191 0.017357 -1.122873 -0.551805 -0.296216 -1.768330 0.919929 0.000191
1757663157.347160 -0.007439 -0.008583 -0.093270 0.014305 -0.018538 0.031775 -0.055123 0.034524 0.023079 0.007820 0.016006 -0.003493 -0.060082 -0.028419 0.001335 -0.000191 0.017357 -1.122873 -0.551805 -0.300031 -1.765278 0.919929 0.000191
1757663157.349153 -0.007439 -0.008583 -0.093270 0.014305 -0.018538 0.031775 -0.055123 0.034524 0.023079 0.007820 0.016006 -0.003493 -0.060464 -0.028419 0.001335 -0.000191 0.017357 -1.123255 -0.551805 -0.304227 -1.762226 0.919929 0.000191
1757663157.351157 -0.007057 -0.008583 -0.093270 0.014305 -0.018538 0.031775 -0.055123 0.034524 0.023079 0.007820 0.016006 -0.003493 -0.060845 -0.028419 0.001335 -0.000191 0.017357 -1.123255 -0.551805 -0.308042 -1.758793 0.919547 0.000191
1757663157.353162 -0.007057 -0.008583 -0.093270 0.014305 -0.018538 0.031775 -0.055123 0.034524 0.023079 0.007820 0.016006 -0.003493 -0.061227 -0.028419 0.001335 -0.000191 0.017357 -1.123636 -0.552186 -0.311856 -1.755741 0.919547 0.000191
1757663157.355168 -0.007057 -0.008583 -0.093270 0.014305 -0.018538 0.031775 -0.055123 0.034524 0.023079 0.007820 0.016006 -0.003493 -0.061227 -0.028419 0.001335 -0.000191 0.017357 -1.123636 -0.552186 -0.315289 -1.752689 0.919547 0.000191
1757663157.357200 -0.007057 -0.008583 -0.093270 0.014305 -0.018538 0.031775 -0.055123 0.034524 0.023079 0.007820 0.016006 -0.003493 -0.061608 -0.028419 0.001335 -0.000191 0.017357 -1.124018 -0.552186 -0.319104 -1.749638 0.919166 0.000191
1757663157.359179 -0.007057 -0.008583 -0.093270 0.014305 -0.018538 0.031775 -0.055123 0.034524 0.023079 0.007820 0.016006 -0.003493 -0.061990 -0.028419 0.001335 -0.000191 0.017357 -1.124018 -0.552186 -0.322919 -1.746586 0.919166 0.000191
1757663157.361181 -0.007057 -0.008583 -0.093270 0.014305 -0.018538 0.031775 -0.055123 0.034524 0.023079 0.007820 0.016006 -0.003493 -0.061990 -0.028419 0.001335 -0.000191 0.017357 -1.124018 -0.552186 -0.326352 -1.743153 0.919166 0.000191
1757663157.363181 -0.007057 -0.008583 -0.093270 0.014305 -0.018538 0.031775 -0.055123 0.034524 0.023079 0.007820 0.016006 -0.003493 -0.062371 -0.028419 0.001335 -0.000191 0.017357 -1.124399 -0.552186 -0.329785 -1.740101 0.919166 0.000191
1757663157.365182 -0.007057 -0.008583 -0.093270 0.014305 -0.018538 0.031775 -0.055123 0.034905 0.023079 0.007820 0.016006 -0.003493 -0.062753 -0.028419 0.001335 -0.000191 0.017357 -1.124399 -0.552186 -0.333600 -1.737049 0.918784 0.000191
1757663157.367181 -0.007057 -0.008583 -0.092889 0.014305 -0.018538 0.031775 -0.055123 0.034905 0.023079 0.007820 0.016006 -0.003493 -0.063134 -0.028419 0.001335 -0.000191 0.017357 -1.124399 -0.552186 -0.337033 -1.733997 0.918784 0.000191
1757663157.369181 -0.007057 -0.008202 -0.092889 0.014305 -0.018538 0.031775 -0.055123 0.034905 0.023079 0.007820 0.016006 -0.003493 -0.063134 -0.028419 0.001335 -0.000191 0.017357 -1.124781 -0.552186 -0.340466 -1.730946 0.918784 0.000191
1757663157.371180 -0.007057 -0.008202 -0.092889 0.014305 -0.018538 0.031775 -0.055123 0.034905 0.023079 0.007820 0.016006 -0.003493 -0.063516 -0.028419 0.001335 -0.000191 0.017357 -1.124781 -0.552186 -0.343901 -1.727894 0.918403 0.000191
1757663157.373187 -0.007057 -0.008202 -0.092889 0.014305 -0.018538 0.031775 -0.055123 0.034905 0.023079 0.007820 0.016006 -0.003493 -0.063516 -0.028419 0.001335 -0.000191 0.017357 -1.124781 -0.552186 -0.347334 -1.724842 0.918403 0.000191
1757663157.375194 -0.007057 -0.008202 -0.092889 0.014305 -0.018538 0.031775 -0.055123 0.034905 0.023079 0.007820 0.016006 -0.003493 -0.063897 -0.028419 0.001335 -0.000191 0.017357 -1.124781 -0.552186 -0.350767 -1.721790 0.918403 0.000191
1757663157.377217 -0.007057 -0.008202 -0.092889 0.014305 -0.018538 0.031775 -0.055123 0.034905 0.023079 0.007820 0.016006 -0.003493 -0.064279 -0.028419 0.001335 -0.000191 0.017357 -1.124781 -0.552567 -0.354200 -1.718738 0.918403 0.000191
1757663157.379202 -0.006676 -0.008202 -0.092889 0.014305 -0.018538 0.031775 -0.055123 0.034905 0.023079 0.007820 0.016006 -0.003493 -0.064279 -0.028419 0.001335 -0.000191 0.017357 -1.125162 -0.552567 -0.357252 -1.715686 0.918021 0.000191
1757663157.381230 -0.006676 -0.008202 -0.092889 0.014305 -0.018538 0.031775 -0.055123 0.034905 0.023079 0.007820 0.016006 -0.003493 -0.064660 -0.028419 0.001335 -0.000191 0.017357 -1.125162 -0.552567 -0.360685 -1.712634 0.918021 0.000191
1757663157.383209 -0.006676 -0.008202 -0.092889 0.014305 -0.018538 0.031775 -0.055123 0.034905 0.023079 0.007820 0.016006 -0.003493 -0.064660 -0.028419 0.001335 -0.000191 0.017357 -1.125162 -0.552567 -0.364119 -1.709582 0.918021 0.000191
1757663157.385203 -0.006676 -0.008202 -0.092889 0.014305 -0.018538 0.031775 -0.055123 0.035287 0.023079 0.007820 0.016006 -0.003493 -0.065042 -0.028419 0.001335 -0.000191 0.017357 -1.125162 -0.552567 -0.367170 -1.706531 0.917640 0.000191
1757663157.387255 -0.006676 -0.007820 -0.092889 0.014305 -0.018538 0.031775 -0.055123 0.035287 0.023079 0.007820 0.016006 -0.003493 -0.065423 -0.028419 0.001335 -0.000191 0.017357 -1.125162 -0.552567 -0.370604 -1.703479 0.917640 0.000191
1757663157.389221 -0.006676 -0.007820 -0.092889 0.014305 -0.018538 0.031775 -0.055123 0.035287 0.023079 0.007820 0.016006 -0.003493 -0.065423 -0.028419 0.001335 -0.000191 0.017357 -1.125162 -0.552567 -0.374037 -1.700427 0.917640 0.000191
1757663157.391179 -0.006676 -0.007820 -0.092889 0.014305 -0.018538 0.031775 -0.055123 0.035287 0.023079 0.007820 0.016006 -0.003493 -0.065804 -0.028419 0.001335 -0.000191 0.017357 -1.125162 -0.552567 -0.377089 -1.697375 0.917640 0.000191
1757663157.393186 -0.006676 -0.007820 -0.092889 0.014305 -0.018538 0.031775 -0.055123 0.035287 0.023079 0.007820 0.016006 -0.003493 -0.066186 -0.028419 0.001335 -0.000191 0.017357 -1.125162 -0.552567 -0.380522 -1.693942 0.917258 0.000191
1757663157.395188 -0.006676 -0.007820 -0.092889 0.014305 -0.018538 0.031775 -0.055123 0.035287 0.023079 0.007820 0.016006 -0.003493 -0.066186 -0.028419 0.001335 -0.000191 0.017357 -1.125162 -0.552567 -0.383955 -1.690890 0.917258 0.000191
1757663157.397182 -0.006676 -0.007820 -0.092507 0.014305 -0.018538 0.031775 -0.055123 0.035287 0.023079 0.007820 0.016006 -0.003493 -0.066567 -0.028419 0.001335 -0.000191 0.017357 -1.125162 -0.552567 -0.387007 -1.687839 0.917258 0.000191
1757663157.399193 -0.006676 -0.007820 -0.092507 0.014305 -0.018538 0.031775 -0.055123 0.035287 0.023079 0.007820 0.016006 -0.003493 -0.066949 -0.028419 0.001335 -0.000191 0.017357 -1.125162 -0.552567 -0.390440 -1.684405 0.917258 0.000191
1757663157.401190 -0.006676 -0.007820 -0.092507 0.014305 -0.018538 0.031775 -0.055123 0.035668 0.023079 0.007820 0.016006 -0.003493 -0.066949 -0.028419 0.001335 -0.000191 0.017357 -1.125544 -0.552567 -0.393492 -1.681354 0.917258 0.000191
1757663157.403188 -0.006676 -0.007820 -0.092507 0.014305 -0.018538 0.031775 -0.055123 0.035668 0.023079 0.007820 0.016006 -0.003493 -0.067330 -0.028419 0.001717 -0.000191 0.017357 -1.125544 -0.552949 -0.396925 -1.677920 0.916877 0.000191
1757663157.405180 -0.006676 -0.007439 -0.092507 0.014305 -0.018538 0.031775 -0.055123 0.035668 0.023079 0.007820 0.016006 -0.003493 -0.067712 -0.028419 0.001717 -0.000191 0.017357 -1.125544 -0.552949 -0.400358 -1.674869 0.916877 0.000191
1757663157.407182 -0.006676 -0.007439 -0.092507 0.014305 -0.018538 0.031775 -0.055123 0.035668 0.023079 0.007820 0.016006 -0.003493 -0.068093 -0.028419 0.001717 -0.000191 0.017357 -1.125544 -0.552949 -0.403410 -1.671435 0.916877 0.000191
1757663157.409209 -0.006676 -0.007439 -0.092507 0.014305 -0.018538 0.031775 -0.055123 0.035668 0.023079 0.007820 0.016006 -0.003493 -0.068093 -0.028419 0.001717 -0.000191 0.017357 -1.125544 -0.552949 -0.406844 -1.668002 0.916877 0.000191
1757663157.411195 -0.006676 -0.007439 -0.092507 0.014305 -0.018538 0.031775 -0.055123 0.035668 0.023079 0.007820 0.016006 -0.003493 -0.068475 -0.028419 0.001717 -0.000191 0.017357 -1.125544 -0.553330 -0.409896 -1.664950 0.916877 0.000191
1757663157.413193 -0.006676 -0.007439 -0.092507 0.014305 -0.018538 0.031775 -0.055123 0.035668 0.023079 0.007820 0.016006 -0.003493 -0.068856 -0.028419 0.001717 -0.000191 0.017357 -1.125544 -0.553330 -0.413329 -1.661517 0.916495 0.000191
1757663157.415192 -0.006676 -0.007439 -0.092507 0.014305 -0.018538 0.031775 -0.055123 0.035668 0.023079 0.007820 0.016006 -0.003493 -0.069238 -0.028419 0.001717 -0.000191 0.017357 -1.125544 -0.553330 -0.416762 -1.658465 0.916495 0.000191
1757663157.417188 -0.006676 -0.007439 -0.092507 0.014305 -0.018538 0.031775 -0.055123 0.035668 0.023079 0.007820 0.016006 -0.003493 -0.069619 -0.028038 0.001717 -0.000191 0.017357 -1.125925 -0.553330 -0.419814 -1.655031 0.916495 0.000191
1757663157.419179 -0.006676 -0.007439 -0.092507 0.014305 -0.018538 0.031775 -0.055123 0.036050 0.023079 0.007820 0.016006 -0.003493 -0.070001 -0.028038 0.001717 -0.000191 0.017357 -1.125925 -0.553330 -0.423247 -1.651598 0.916495 0.000191
1757663157.421196 -0.006676 -0.007439 -0.092507 0.014305 -0.018538 0.031775 -0.055123 0.036050 0.023079 0.007820 0.016006 -0.003493 -0.070382 -0.028038 0.001717 -0.000191 0.017357 -1.125925 -0.553712 -0.426299 -1.648546 0.916114 0.000191
1757663157.423180 -0.006676 -0.007057 -0.092507 0.014305 -0.018538 0.031775 -0.055123 0.036050 0.023079 0.007820 0.016006 -0.003493 -0.070764 -0.028038 0.001717 -0.000191 0.017738 -1.125925 -0.553712 -0.429732 -1.645113 0.916114 0.000191
1757663157.425179 -0.006676 -0.007057 -0.092126 0.014305 -0.018538 0.031775 -0.055123 0.036050 0.023079 0.007820 0.016006 -0.003493 -0.071145 -0.028038 0.001717 -0.000191 0.017738 -1.125925 -0.553712 -0.433166 -1.642061 0.916114 0.000191
1757663157.427181 -0.006676 -0.007057 -0.092126 0.014305 -0.018538 0.031775 -0.055123 0.036050 0.023079 0.007820 0.016006 -0.003493 -0.071527 -0.028038 0.001717 -0.000191 0.017738 -1.125925 -0.554093 -0.436217 -1.638628 0.916114 0.000191
1757663157.429179 -0.006676 -0.007057 -0.092126 0.014305 -0.018538 0.031775 -0.055123 0.036050 0.023079 0.007820 0.016006 -0.003493 -0.071527 -0.027657 0.001717 -0.000191 0.017738 -1.125925 -0.554093 -0.439651 -1.635576 0.916114 0.000191
1757663157.431180 -0.006676 -0.007057 -0.092126 0.014305 -0.018538 0.031775 -0.055123 0.036050 0.023079 0.007820 0.016006 -0.003493 -0.071908 -0.027657 0.001717 -0.000191 0.017738 -1.125925 -0.554093 -0.442702 -1.632143 0.916114 0.000191
1757663157.433179 -0.006676 -0.007057 -0.092126 0.014305 -0.018538 0.031775 -0.055123 0.036050 0.023079 0.007820 0.016006 -0.003493 -0.072289 -0.027657 0.001717 -0.000191 0.017738 -1.125925 -0.554475 -0.445754 -1.629091 0.915732 0.000191
1757663157.435179 -0.006676 -0.007057 -0.092126 0.014305 -0.018538 0.031775 -0.055123 0.036050 0.023079 0.007820 0.016006 -0.003493 -0.072671 -0.027657 0.001717 -0.000191 0.017738 -1.126307 -0.554475 -0.448806 -1.625658 0.915732 0.000191
1757663157.437181 -0.006676 -0.007057 -0.092126 0.014305 -0.018538 0.031775 -0.055123 0.036431 0.023079 0.007820 0.016006 -0.003493 -0.073052 -0.027657 0.001717 -0.000191 0.017738 -1.126307 -0.554475 -0.451858 -1.622606 0.915732 0.000191
1757663157.439178 -0.006676 -0.006676 -0.092126 0.014305 -0.018538 0.031775 -0.055123 0.036431 0.023079 0.007820 0.016006 -0.003493 -0.073434 -0.027657 0.001717 -0.000191 0.017738 -1.126307 -0.554856 -0.454909 -1.619173 0.915732 0.000191
1757663157.441227 -0.006676 -0.006676 -0.092126 0.014305 -0.018538 0.031775 -0.055123 0.036431 0.023079 0.007820 0.016006 -0.003493 -0.073815 -0.027657 0.001717 -0.000191 0.017738 -1.126307 -0.554856 -0.457961 -1.616121 0.915351 0.000191
1757663157.443195 -0.006676 -0.006676 -0.092126 0.014305 -0.018538 0.031775 -0.055123 0.036431 0.023079 0.007820 0.016006 -0.003493 -0.073815 -0.027657 0.001717 -0.000191 0.017738 -1.126307 -0.554856 -0.461013 -1.613070 0.915351 0.000191
1757663157.445189 -0.006676 -0.006676 -0.092126 0.014305 -0.018538 0.031775 -0.055123 0.036431 0.023079 0.007820 0.016006 -0.003493 -0.074197 -0.027657 0.001717 -0.000191 0.018120 -1.126307 -0.554856 -0.463683 -1.610018 0.915351 0.000191
1757663157.447223 -0.006676 -0.006676 -0.091744 0.014305 -0.018538 0.031775 -0.055123 0.036431 0.023079 0.007820 0.016006 -0.003493 -0.074578 -0.027657 0.002098 -0.000191 0.018120 -1.126307 -0.555238 -0.466735 -1.606585 0.915351 0.000191
1757663157.449201 -0.006676 -0.006676 -0.091744 0.014305 -0.018538 0.031775 -0.055123 0.036431 0.023079 0.007820 0.016006 -0.003493 -0.074960 -0.027657 0.002098 -0.000191 0.018120 -1.126307 -0.555238 -0.469406 -1.603533 0.915351 0.000191
1757663157.451184 -0.006676 -0.006676 -0.091744 0.014305 -0.018538 0.031775 -0.055123 0.036431 0.023079 0.007820 0.016006 -0.003493 -0.074960 -0.027657 0.002098 -0.000191 0.018120 -1.126307 -0.555238 -0.472076 -1.600481 0.914969 0.000191
1757663157.453183 -0.006676 -0.006676 -0.091744 0.014305 -0.018538 0.031775 -0.055123 0.036431 0.023079 0.007820 0.016006 -0.003493 -0.075341 -0.027657 0.002098 -0.000191 0.018120 -1.126307 -0.555238 -0.475128 -1.597429 0.914969 0.000191
1757663157.455182 -0.006676 -0.006294 -0.091744 0.014305 -0.018538 0.031775 -0.055123 0.036813 0.023079 0.007820 0.016006 -0.003493 -0.075723 -0.027657 0.002098 -0.000191 0.018120 -1.126307 -0.555619 -0.477417 -1.593996 0.914969 0.000191
1757663157.457185 -0.006676 -0.006294 -0.091744 0.014305 -0.018538 0.031775 -0.055123 0.036813 0.023079 0.007820 0.016006 -0.003493 -0.075723 -0.027657 0.002098 -0.000191 0.018120 -1.126307 -0.555619 -0.480087 -1.590943 0.914969 0.000191
1757663157.459183 -0.006676 -0.006294 -0.091744 0.014305 -0.018538 0.031775 -0.055123 0.036813 0.023079 0.007820 0.016006 -0.003493 -0.076104 -0.027657 0.002098 -0.000191 0.018120 -1.126307 -0.555619 -0.482758 -1.587892 0.914969 0.000191
1757663157.461181 -0.006676 -0.006294 -0.091744 0.014305 -0.018538 0.031775 -0.055123 0.036813 0.023079 0.007820 0.016006 -0.003493 -0.076486 -0.027657 0.002098 -0.000191 0.018120 -1.126307 -0.555619 -0.485046 -1.584840 0.914588 0.000191
1757663157.463184 -0.006676 -0.006294 -0.091744 0.014305 -0.018538 0.031775 -0.055123 0.036813 0.023079 0.007820 0.016006 -0.003493 -0.076486 -0.027657 0.002098 -0.000191 0.018120 -1.126307 -0.555619 -0.487717 -1.581788 0.914588 0.000191
1757663157.465187 -0.006676 -0.006294 -0.091744 0.014305 -0.018538 0.031775 -0.055123 0.036813 0.023079 0.007820 0.016006 -0.003493 -0.076867 -0.027657 0.002098 -0.000191 0.018120 -1.125925 -0.555619 -0.490005 -1.579118 0.914588 0.000191
1757663157.467181 -0.006676 -0.006294 -0.091744 0.014305 -0.018538 0.031775 -0.055123 0.036813 0.023079 0.007820 0.016006 -0.003493 -0.076867 -0.027657 0.002098 -0.000191 0.018120 -1.125925 -0.556001 -0.492294 -1.576066 0.914588 0.000191
1757663157.469180 -0.006676 -0.006294 -0.091363 0.014305 -0.018538 0.031775 -0.055123 0.036813 0.023079 0.007820 0.016006 -0.003493 -0.077249 -0.027657 0.002098 -0.000191 0.018120 -1.125925 -0.556001 -0.494583 -1.573014 0.914588 0.000191
1757663157.471180 -0.006676 -0.005913 -0.091363 0.014305 -0.018538 0.031775 -0.055123 0.036813 0.023079 0.007820 0.016006 -0.003493 -0.077249 -0.027657 0.002098 -0.000191 0.018120 -1.125925 -0.556001 -0.496490 -1.569963 0.914207 0.000191
1757663157.473261 -0.006676 -0.005913 -0.091363 0.014305 -0.018538 0.031775 -0.055123 0.036813 0.023079 0.007820 0.016006 -0.003493 -0.077249 -0.027657 0.002098 -0.000191 0.018120 -1.125925 -0.556001 -0.498779 -1.567292 0.914207 0.000191
1757663157.475202 -0.006676 -0.005913 -0.091363 0.014305 -0.018538 0.031775 -0.055123 0.037194 0.023079 0.007820 0.016006 -0.003493 -0.077630 -0.027657 0.002098 -0.000191 0.018120 -1.125925 -0.556001 -0.500687 -1.564240 0.914207 0.000191
1757663157.477196 -0.006676 -0.005913 -0.091363 0.014305 -0.018538 0.031775 -0.055123 0.037194 0.023079 0.007820 0.016006 -0.003493 -0.077630 -0.027657 0.002098 -0.000191 0.018120 -1.125925 -0.556001 -0.502975 -1.561570 0.914207 0.000191
1757663157.479183 -0.006676 -0.005913 -0.091363 0.014305 -0.018538 0.031775 -0.055123 0.037194 0.023079 0.007820 0.016006 -0.003493 -0.077630 -0.027657 0.002098 -0.000191 0.018120 -1.125925 -0.556001 -0.504883 -1.558900 0.913825 0.000191
1757663157.481183 -0.006676 -0.005913 -0.091363 0.014305 -0.018538 0.031775 -0.055123 0.037194 0.023079 0.007820 0.016006 -0.003493 -0.078012 -0.027657 0.002098 -0.000191 0.018120 -1.125925 -0.556001 -0.506790 -1.556230 0.913825 0.000191
1757663157.483183 -0.006676 -0.005913 -0.091363 0.014305 -0.018538 0.031775 -0.055123 0.037194 0.023079 0.007820 0.016006 -0.003493 -0.078012 -0.027657 0.002098 -0.000191 0.018120 -1.125925 -0.556382 -0.508698 -1.553178 0.913825 0.000191
1757663157.485184 -0.006676 -0.005913 -0.091363 0.014305 -0.018538 0.031775 -0.055123 0.037194 0.023079 0.007820 0.016006 -0.003493 -0.078012 -0.027657 0.002098 -0.000191 0.018120 -1.125925 -0.556382 -0.510605 -1.550508 0.913825 0.000191
1757663157.487182 -0.006676 -0.005531 -0.091363 0.014305 -0.018538 0.031775 -0.055123 0.037194 0.023079 0.007820 0.016006 -0.003493 -0.078012 -0.027657 0.002098 -0.000191 0.018120 -1.125925 -0.556382 -0.512512 -1.547837 0.913825 0.000191
1757663157.489201 -0.006676 -0.005531 -0.091363 0.014305 -0.018538 0.031775 -0.055123 0.037194 0.023079 0.007820 0.016006 -0.003493 -0.078393 -0.027657 0.002098 -0.000191 0.018120 -1.125925 -0.556382 -0.514038 -1.545167 0.913444 0.000191
1757663157.491185 -0.006676 -0.005531 -0.090981 0.014305 -0.018538 0.031775 -0.055123 0.037194 0.023079 0.007820 0.016006 -0.003493 -0.078393 -0.027657 0.002098 -0.000191 0.018120 -1.125925 -0.556382 -0.515945 -1.542497 0.913444 0.000191
1757663157.493176 -0.006676 -0.005531 -0.090981 0.014305 -0.018538 0.031775 -0.055123 0.037576 0.023079 0.007820 0.016006 -0.003493 -0.078393 -0.027657 0.002098 -0.000191 0.018120 -1.125925 -0.556382 -0.517853 -1.539826 0.913444 0.000191
1757663157.495182 -0.006676 -0.005531 -0.090981 0.014305 -0.018538 0.031775 -0.055123 0.037576 0.023079 0.007820 0.016006 -0.003493 -0.078393 -0.027657 0.002098 -0.000191 0.018120 -1.125925 -0.556382 -0.519379 -1.537156 0.913444 0.000191
1757663157.497180 -0.006676 -0.005531 -0.090981 0.014305 -0.018538 0.031775 -0.055123 0.037576 0.023079 0.007820 0.016006 -0.003493 -0.078774 -0.027657 0.002098 -0.000191 0.018120 -1.125925 -0.556382 -0.520905 -1.534486 0.913062 0.000191
1757663157.499182 -0.006676 -0.005531 -0.090981 0.014305 -0.018538 0.031775 -0.055123 0.037576 0.023079 0.007820 0.016006 -0.003493 -0.078774 -0.027657 0.002098 -0.000191 0.018120 -1.125925 -0.556382 -0.522430 -1.531816 0.913062 0.000191
1757663157.501182 -0.006676 -0.005531 -0.090981 0.014305 -0.018538 0.031775 -0.055123 0.037576 0.023079 0.007820 0.016006 -0.003493 -0.078774 -0.027657 0.002098 -0.000191 0.018120 -1.125925 -0.556382 -0.523956 -1.529144 0.913062 0.000191
1757663157.503177 -0.006676 -0.005150 -0.090981 0.014305 -0.018538 0.031775 -0.055123 0.037576 0.023079 0.007820 0.016006 -0.003493 -0.078774 -0.027657 0.002098 -0.000191 0.018120 -1.125925 -0.556764 -0.525101 -1.526474 0.913062 0.000191
1757663157.505234 -0.006676 -0.005150 -0.090981 0.014305 -0.018538 0.031775 -0.055123 0.037576 0.023079 0.007820 0.016006 -0.003493 -0.078774 -0.027657 0.002098 -0.000191 0.018120 -1.125925 -0.556764 -0.526627 -1.524185 0.912681 0.000191
1757663157.507187 -0.006676 -0.005150 -0.090981 0.014305 -0.018538 0.031775 -0.055123 0.037576 0.023079 0.007820 0.016006 -0.003493 -0.079156 -0.027657 0.002098 -0.000191 0.018120 -1.125925 -0.556764 -0.527771 -1.521515 0.912681 0.000191
1757663157.509206 -0.006676 -0.005150 -0.090981 0.014305 -0.018538 0.031775 -0.055123 0.037576 0.023079 0.007820 0.016006 -0.003493 -0.079156 -0.027657 0.002098 -0.000191 0.018120 -1.125925 -0.556764 -0.528915 -1.519226 0.912681 0.000191
1757663157.511192 -0.006676 -0.005150 -0.090981 0.014305 -0.018538 0.031775 -0.055123 0.037576 0.023079 0.007820 0.016006 -0.003493 -0.079156 -0.027657 0.002098 -0.000191 0.018120 -1.125925 -0.556764 -0.530060 -1.516556 0.912681 0.000191
1757663157.513183 -0.006676 -0.005150 -0.090981 0.014305 -0.018538 0.031775 -0.055123 0.037957 0.023079 0.007820 0.016006 -0.003493 -0.079156 -0.027657 0.002098 -0.000191 0.018120 -1.125925 -0.556764 -0.531204 -1.514267 0.912681 0.000191
1757663157.515183 -0.006676 -0.005150 -0.090981 0.014305 -0.018538 0.031775 -0.055123 0.037957 0.023079 0.007820 0.016006 -0.003493 -0.079156 -0.027657 0.002480 -0.000191 0.018120 -1.125925 -0.556764 -0.532350 -1.511597 0.912299 0.000191
1757663157.517183 -0.006676 -0.005150 -0.090981 0.014305 -0.018538 0.031775 -0.055123 0.037957 0.023079 0.007820 0.016006 -0.003493 -0.079156 -0.027657 0.002480 -0.000191 0.018120 -1.125925 -0.556764 -0.533494 -1.509308 0.912299 0.000191
1757663157.519182 -0.006676 -0.005150 -0.090981 0.014305 -0.018538 0.031775 -0.055123 0.037957 0.023079 0.007820 0.016006 -0.003493 -0.079156 -0.027657 0.002480 -0.000191 0.018120 -1.125925 -0.556764 -0.534257 -1.507019 0.912299 0.000191
1757663157.521181 -0.006676 -0.004768 -0.090981 0.014305 -0.018538 0.031775 -0.055123 0.037957 0.023079 0.007820 0.016006 -0.003493 -0.079156 -0.027657 0.002480 -0.000191 0.018120 -1.125544 -0.556764 -0.535401 -1.504730 0.912299 0.000191
1757663157.523179 -0.006676 -0.004768 -0.090981 0.014305 -0.018538 0.031775 -0.055123 0.037957 0.023079 0.007820 0.016006 -0.003493 -0.079156 -0.027657 0.002480 -0.000191 0.018120 -1.125544 -0.556764 -0.536164 -1.502060 0.911918 0.000191
1757663157.525183 -0.006676 -0.004768 -0.090981 0.014305 -0.018538 0.031775 -0.055123 0.037957 0.023079 0.007820 0.016006 -0.003493 -0.079156 -0.027657 0.002480 -0.000191 0.018120 -1.125544 -0.556764 -0.537309 -1.499771 0.911918 0.000191
1757663157.527180 -0.006676 -0.004768 -0.090981 0.014305 -0.018538 0.031775 -0.055123 0.037957 0.023079 0.007820 0.016006 -0.003493 -0.079156 -0.028038 0.002480 -0.000191 0.018120 -1.125544 -0.556764 -0.538072 -1.497482 0.911918 0.000191
1757663157.529181 -0.006676 -0.004768 -0.090981 0.014305 -0.018538 0.031775 -0.055123 0.037957 0.023079 0.007820 0.016006 -0.003493 -0.079156 -0.028038 0.002480 -0.000191 0.018120 -1.125544 -0.556764 -0.538835 -1.495193 0.911918 0.000191
1757663157.531179 -0.006676 -0.004768 -0.090981 0.014305 -0.018538 0.031775 -0.055123 0.037957 0.023079 0.007820 0.016006 -0.003493 -0.079156 -0.028038 0.002480 -0.000191 0.018120 -1.125544 -0.556764 -0.539598 -1.492905 0.911918 0.000191
1757663157.533182 -0.006676 -0.004768 -0.090981 0.014305 -0.018403 0.031523 -0.055123 0.037957 0.023079 0.007820 0.016006 -0.003493 -0.079156 -0.028038 0.002480 -0.000191 0.018120 -1.125544 -0.556764 -0.540360 -1.490234 0.911536 0.000191
1757663157.535176 -0.006676 -0.004768 -0.090981 0.014305 -0.018403 0.031523 -0.055123 0.037957 0.023079 0.007820 0.016006 -0.003493 -0.079156 -0.028038 0.002480 -0.000191 0.018120 -1.125162 -0.556764 -0.541123 -1.487946 0.911536 0.000191
1757663157.537219 -0.006676 -0.004768 -0.090981 0.014305 -0.018403 0.031523 -0.055123 0.037957 0.023079 0.007820 0.016006 -0.003493 -0.079156 -0.028038 0.002480 -0.000191 0.018120 -1.125162 -0.556764 -0.541886 -1.485657 0.911536 0.000191
1757663157.539207 -0.006676 -0.004768 -0.090981 0.014305 -0.018403 0.031523 -0.055123 0.037957 0.023079 0.007820 0.016006 -0.003493 -0.079156 -0.028038 0.002480 -0.000191 0.018120 -1.125162 -0.556764 -0.542649 -1.483368 0.911536 0.000191
1757663157.541183 -0.006676 -0.004768 -0.090981 0.014305 -0.018403 0.031523 -0.055123 0.037957 0.023079 0.007820 0.016006 -0.003493 -0.079156 -0.028038 0.002480 -0.000191 0.018120 -1.125162 -0.556764 -0.543412 -1.481079 0.911536 0.000191
1757663157.543236 -0.006676 -0.004768 -0.090981 0.014305 -0.018403 0.031523 -0.055123 0.037957 0.023079 0.007820 0.016006 -0.003493 -0.079156 -0.028038 0.002480 -0.000191 0.018120 -1.125162 -0.556764 -0.544175 -1.478409 0.911536 0.000191
1757663157.545196 -0.006676 -0.004768 -0.090981 0.014305 -0.018403 0.031523 -0.055123 0.037957 0.023079 0.007439 0.016006 -0.003493 -0.079156 -0.028038 0.002480 -0.000191 0.018120 -1.124781 -0.556382 -0.544938 -1.476120 0.911155 0.000191
1757663157.547194 -0.006676 -0.004768 -0.091363 0.014305 -0.018403 0.031523 -0.055123 0.037957 0.023079 0.007439 0.016006 -0.003493 -0.079156 -0.028038 0.002480 -0.000191 0.018120 -1.124781 -0.556382 -0.545701 -1.473831 0.911155 0.000191
1757663157.549182 -0.006676 -0.004768 -0.091363 0.014305 -0.018403 0.031523 -0.055123 0.037957 0.023079 0.007439 0.016006 -0.003493 -0.079156 -0.028038 0.002480 -0.000191 0.018120 -1.124781 -0.556382 -0.546082 -1.471542 0.911155 0.000191
1757663157.551183 -0.006676 -0.004768 -0.091363 0.014305 -0.018403 0.031523 -0.055123 0.037957 0.023079 0.007439 0.016006 -0.003493 -0.079156 -0.028038 0.002480 -0.000191 0.018120 -1.124781 -0.556382 -0.546845 -1.468872 0.911155 0.000191
1757663157.553181 -0.006676 -0.004768 -0.091363 0.014305 -0.018403 0.031523 -0.055123 0.037957 0.023079 0.007439 0.016006 -0.003493 -0.079156 -0.028419 0.002480 -0.000191 0.018120 -1.124399 -0.556382 -0.547227 -1.466582 0.911155 0.000191
1757663157.555180 -0.006676 -0.004768 -0.091363 0.014305 -0.018403 0.031523 -0.055123 0.037957 0.023079 0.007439 0.016006 -0.003493 -0.079156 -0.028419 0.002480 -0.000191 0.018120 -1.124399 -0.556382 -0.547990 -1.464293 0.911155 0.000191
1757663157.557180 -0.007057 -0.004768 -0.091363 0.014305 -0.018403 0.031523 -0.055123 0.037957 0.023079 0.007439 0.016006 -0.003493 -0.079156 -0.028419 0.002480 -0.000191 0.018120 -1.124018 -0.556382 -0.548753 -1.462005 0.911155 0.000191
1757663157.559224 -0.007057 -0.004768 -0.091363 0.014305 -0.018403 0.031523 -0.055123 0.037957 0.023079 0.007439 0.016006 -0.003493 -0.079156 -0.028419 0.002480 -0.000191 0.018120 -1.124018 -0.556382 -0.549134 -1.459334 0.910773 0.000191
1757663157.561206 -0.007057 -0.004768 -0.091363 0.014305 -0.018403 0.031523 -0.055123 0.037957 0.023079 0.007439 0.016006 -0.003493 -0.078774 -0.028419 0.002480 -0.000191 0.018120 -1.123636 -0.556382 -0.549516 -1.457046 0.910773 0.000191
1757663157.563180 -0.007057 -0.005150 -0.091363 0.014305 -0.018403 0.031523 -0.055123 0.037957 0.023079 0.007439 0.016006 -0.003493 -0.078774 -0.028419 0.002480 -0.000191 0.018120 -1.123636 -0.556382 -0.550279 -1.454757 0.910773 0.000191
1757663157.565178 -0.007057 -0.005150 -0.091363 0.014305 -0.018403 0.031523 -0.055123 0.037957 0.023079 0.007439 0.016006 -0.003493 -0.078774 -0.028419 0.002480 -0.000191 0.018120 -1.123255 -0.556382 -0.550660 -1.452086 0.910773 0.000191
1757663157.567185 -0.007057 -0.005150 -0.091363 0.014305 -0.018403 0.031523 -0.055123 0.037576 0.023079 0.007439 0.016006 -0.003493 -0.078393 -0.028419 0.002480 -0.000191 0.018120 -1.123255 -0.556382 -0.551042 -1.449798 0.910773 0.000191
1757663157.569214 -0.007057 -0.005150 -0.091363 0.014305 -0.018403 0.031523 -0.055123 0.037576 0.023079 0.007439 0.016006 -0.003493 -0.078393 -0.028419 0.002480 -0.000191 0.018120 -1.122873 -0.556001 -0.551423 -1.447509 0.910773 0.000191
1757663157.571227 -0.007057 -0.005150 -0.091363 0.014305 -0.018403 0.031523 -0.055123 0.037576 0.023079 0.007439 0.016006 -0.003493 -0.078393 -0.028419 0.002480 -0.000191 0.018120 -1.122873 -0.556001 -0.551805 -1.444839 0.910773 0.000191
1757663157.573211 -0.007057 -0.005150 -0.091363 0.014305 -0.018403 0.031523 -0.055123 0.037576 0.023079 0.007439 0.016006 -0.003493 -0.078012 -0.028419 0.002480 -0.000191 0.018120 -1.122492 -0.556001 -0.552186 -1.442550 0.910773 0.000191
1757663157.575185 -0.007439 -0.005150 -0.091363 0.014305 -0.018403 0.031523 -0.055123 0.037576 0.023079 0.007439 0.016006 -0.003493 -0.078012 -0.028801 0.002480 -0.000191 0.018120 -1.122110 -0.556001 -0.552567 -1.440261 0.910392 0.000191
1757663157.577179 -0.007439 -0.005150 -0.091363 0.014305 -0.018403 0.031523 -0.055123 0.037576 0.023079 0.007439 0.016006 -0.003493 -0.078012 -0.028801 0.002480 -0.000191 0.018120 -1.121729 -0.556001 -0.552567 -1.437972 0.910392 0.000191
1757663157.579177 -0.007439 -0.005150 -0.091363 0.014305 -0.018403 0.031523 -0.055123 0.037576 0.023079 0.007439 0.016006 -0.003493 -0.078012 -0.028801 0.002480 -0.000191 0.018120 -1.121347 -0.556001 -0.552949 -1.435302 0.910392 0.000191
1757663157.581180 -0.007439 -0.005150 -0.091363 0.014305 -0.018403 0.031523 -0.055123 0.037576 0.023079 0.007439 0.016006 -0.003493 -0.077630 -0.028801 0.002480 -0.000191 0.018120 -1.120966 -0.556001 -0.553330 -1.433013 0.910392 0.000191
1757663157.583179 -0.007439 -0.005150 -0.091363 0.014305 -0.018403 0.031523 -0.055123 0.037576 0.023079 0.007439 0.016006 -0.003493 -0.077630 -0.028801 0.002480 -0.000191 0.018120 -1.120584 -0.556001 -0.553330 -1.430724 0.910392 0.000191
1757663157.585180 -0.007439 -0.005150 -0.091363 0.014305 -0.018403 0.031523 -0.055123 0.037576 0.023079 0.007439 0.016006 -0.003493 -0.077630 -0.028801 0.002480 -0.000191 0.018120 -1.120203 -0.556001 -0.553712 -1.428435 0.910392 0.000191
1757663157.587177 -0.007439 -0.005150 -0.091363 0.014305 -0.018403 0.031523 -0.055123 0.037576 0.023079 0.007439 0.016006 -0.003493 -0.077249 -0.028801 0.002480 -0.000191 0.018120 -1.119822 -0.555619 -0.553712 -1.425765 0.910392 0.000191
1757663157.589177 -0.007439 -0.005150 -0.091363 0.014305 -0.018403 0.031523 -0.055123 0.037576 0.023079 0.007439 0.016006 -0.003493 -0.077249 -0.028801 0.002480 -0.000191 0.018120 -1.119440 -0.556001 -0.553712 -1.423476 0.910010 0.000191
1757663157.591179 -0.007439 -0.005150 -0.091363 0.014305 -0.018268 0.031270 -0.055123 0.037576 0.023079 0.007439 0.016006 -0.003493 -0.077249 -0.028801 0.002480 -0.000191 0.018120 -1.118677 -0.555619 -0.553712 -1.421187 0.910010 0.000191
1757663157.593178 -0.007820 -0.005150 -0.091363 0.014305 -0.018268 0.031270 -0.055123 0.037576 0.023079 0.007439 0.016006 -0.003493 -0.077249 -0.029182 0.002480 -0.000191 0.018120 -1.118296 -0.555619 -0.554093 -1.418899 0.910010 0.000191
1757663157.595178 -0.007820 -0.005150 -0.091363 0.014305 -0.018268 0.031270 -0.055123 0.037576 0.023079 0.007439 0.016006 -0.003493 -0.076867 -0.029182 0.002480 -0.000191 0.018120 -1.117914 -0.555619 -0.554093 -1.416610 0.910010 0.000191
1757663157.597178 -0.007820 -0.005150 -0.091363 0.014305 -0.018268 0.031270 -0.055123 0.037576 0.023079 0.007439 0.016006 -0.003493 -0.076867 -0.029182 0.002098 -0.000191 0.018120 -1.117151 -0.555619 -0.554093 -1.414321 0.910010 0.000191
1757663157.599174 -0.007820 -0.005150 -0.091363 0.014305 -0.018268 0.031270 -0.055123 0.037576 0.023079 0.007439 0.016006 -0.003493 -0.076867 -0.029182 0.002098 -0.000191 0.018120 -1.116770 -0.555619 -0.554093 -1.412032 0.910010 0.000191
1757663157.601223 -0.007820 -0.005150 -0.091363 0.014305 -0.018268 0.031270 -0.055123 0.037576 0.023079 0.007439 0.016006 -0.003493 -0.076867 -0.029182 0.002098 -0.000191 0.018120 -1.116007 -0.555619 -0.554093 -1.409743 0.910010 0.000191
1757663157.603185 -0.007820 -0.005150 -0.091363 0.014305 -0.018268 0.031270 -0.055123 0.037576 0.023079 0.007439 0.016006 -0.003493 -0.076486 -0.029182 0.002098 -0.000191 0.018120 -1.115625 -0.555619 -0.554093 -1.407454 0.909629 0.000191
1757663157.605197 -0.007820 -0.005150 -0.091363 0.014305 -0.018268 0.031270 -0.055123 0.037576 0.023079 0.007439 0.016006 -0.003493 -0.076486 -0.029182 0.002098 -0.000191 0.018120 -1.114862 -0.555619 -0.554093 -1.405546 0.909629 0.000191
1757663157.607216 -0.007820 -0.005150 -0.091363 0.014305 -0.018268 0.031270 -0.055123 0.037576 0.023079 0.007439 0.016006 -0.003493 -0.076486 -0.029182 0.002098 -0.000191 0.018120 -1.114481 -0.555619 -0.554093 -1.403257 0.909629 0.000191
1757663157.609194 -0.007820 -0.005150 -0.091363 0.013924 -0.018268 0.031270 -0.055123 0.037576 0.023079 0.007439 0.016006 -0.003493 -0.076104 -0.029182 0.002098 -0.000191 0.018120 -1.113718 -0.555619 -0.554093 -1.400969 0.909629 0.000191
1757663157.611180 -0.008202 -0.005150 -0.091744 0.013924 -0.018268 0.031270 -0.055123 0.037576 0.023079 0.007439 0.016006 -0.003493 -0.076104 -0.029182 0.002098 -0.000191 0.018120 -1.112955 -0.555619 -0.554093 -1.399061 0.909629 0.000191
1757663157.613196 -0.008202 -0.005150 -0.091744 0.013924 -0.018268 0.031270 -0.055123 0.037576 0.023079 0.007439 0.016006 -0.003493 -0.076104 -0.029564 0.002098 -0.000191 0.018120 -1.112574 -0.555619 -0.554093 -1.396772 0.909629 0.000191
1757663157.615176 -0.008202 -0.005150 -0.091744 0.013924 -0.018268 0.031270 -0.055123 0.037576 0.023079 0.007439 0.016006 -0.003493 -0.075723 -0.029564 0.002098 -0.000191 0.018120 -1.111811 -0.555619 -0.554093 -1.394865 0.909629 0.000191
1757663157.617177 -0.008202 -0.005150 -0.091744 0.013924 -0.018268 0.031270 -0.055123 0.037576 0.023079 0.007439 0.016006 -0.003493 -0.075723 -0.029564 0.002098 -0.000191 0.018120 -1.111048 -0.555619 -0.554093 -1.392576 0.909629 0.000191
1757663157.619200 -0.008202 -0.005150 -0.091744 0.013924 -0.018268 0.031270 -0.055123 0.037576 0.023079 0.007439 0.016006 -0.003493 -0.075723 -0.029564 0.002098 -0.000191 0.018120 -1.110666 -0.555619 -0.554093 -1.390669 0.909629 0.000191
1757663157.621184 -0.008202 -0.005150 -0.091744 0.013924 -0.018268 0.031270 -0.055123 0.037576 0.023079 0.007439 0.016006 -0.003493 -0.075341 -0.029564 0.002098 -0.000191 0.018120 -1.109903 -0.555619 -0.554093 -1.388762 0.909629 0.000191
1757663157.623181 -0.008202 -0.005150 -0.091744 0.013924 -0.018268 0.031270 -0.055123 0.037576 0.022697 0.007439 0.016006 -0.003493 -0.075341 -0.029564 0.002098 -0.000191 0.018120 -1.109140 -0.555238 -0.554093 -1.386854 0.909247 0.000191
1757663157.625196 -0.008202 -0.005150 -0.091744 0.013924 -0.018268 0.031270 -0.055123 0.037576 0.022697 0.007439 0.016006 -0.003493 -0.075341 -0.029564 0.002098 -0.000191 0.018120 -1.108377 -0.555238 -0.553712 -1.384947 0.909247 0.000191
1757663157.627176 -0.008583 -0.005150 -0.091744 0.013924 -0.018268 0.031270 -0.055123 0.037576 0.022697 0.007439 0.016006 -0.003493 -0.074960 -0.029564 0.002098 -0.000191 0.018120 -1.107615 -0.555238 -0.553712 -1.383039 0.909247 0.000191
1757663157.629202 -0.008583 -0.005150 -0.091744 0.013924 -0.018268 0.031270 -0.055123 0.037576 0.022697 0.007439 0.016006 -0.003493 -0.074960 -0.029564 0.002098 -0.000191 0.018120 -1.106852 -0.555238 -0.553712 -1.381132 0.909247 0.000191
1757663157.631220 -0.008583 -0.005150 -0.092126 0.013924 -0.018268 0.031270 -0.055123 0.037576 0.022697 0.007439 0.016006 -0.003493 -0.074578 -0.029564 0.002098 -0.000191 0.018120 -1.106089 -0.555238 -0.553712 -1.379225 0.909247 0.000191
1757663157.633254 -0.008583 -0.005150 -0.092126 0.013924 -0.018268 0.031270 -0.055123 0.037576 0.022697 0.007439 0.016006 -0.003493 -0.074578 -0.029564 0.002098 -0.000191 0.018120 -1.105326 -0.555238 -0.553712 -1.377699 0.909247 0.000191
1757663157.635208 -0.008583 -0.005150 -0.092126 0.013924 -0.018268 0.031270 -0.055123 0.037576 0.022697 0.007439 0.016006 -0.003493 -0.074197 -0.029564 0.002098 -0.000191 0.018120 -1.104563 -0.555238 -0.553330 -1.375792 0.909247 0.000191
1757663157.637199 -0.008583 -0.005150 -0.092126 0.013924 -0.018268 0.031270 -0.055123 0.037576 0.022697 0.007439 0.016006 -0.003493 -0.074197 -0.029564 0.002098 -0.000191 0.018120 -1.103800 -0.555238 -0.553330 -1.373884 0.909247 0.000191
1757663157.639189 -0.008583 -0.005150 -0.092126 0.013924 -0.018268 0.031270 -0.055123 0.037576 0.022697 0.007439 0.016006 -0.003493 -0.073815 -0.029945 0.002098 -0.000191 0.018120 -1.103037 -0.555238 -0.553330 -1.371977 0.909247 0.000191
1757663157.641179 -0.008583 -0.005150 -0.092126 0.013924 -0.018268 0.031270 -0.055123 0.037576 0.022697 0.007439 0.016006 -0.003493 -0.073815 -0.029945 0.002098 -0.000191 0.018120 -1.102274 -0.555238 -0.553330 -1.370451 0.909247 0.000191
1757663157.643194 -0.008583 -0.005150 -0.092507 0.013924 -0.018268 0.031270 -0.055123 0.037576 0.022697 0.007439 0.016006 -0.003493 -0.073434 -0.029945 0.002098 -0.000191 0.018120 -1.101511 -0.555238 -0.552949 -1.368544 0.909247 0.000191
1757663157.645189 -0.008583 -0.005150 -0.092507 0.013924 -0.018268 0.031270 -0.055123 0.037576 0.022697 0.007439 0.016006 -0.003493 -0.073052 -0.029945 0.002098 -0.000191 0.018120 -1.100748 -0.555238 -0.552949 -1.367018 0.909247 0.000191
1757663157.647202 -0.008583 -0.005150 -0.092507 0.013924 -0.018268 0.031270 -0.055123 0.037576 0.022697 0.007439 0.016006 -0.003493 -0.073052 -0.029945 0.002098 -0.000191 0.018120 -1.099985 -0.555238 -0.552949 -1.365110 0.909247 0.000191
1757663157.649184 -0.008965 -0.005150 -0.092507 0.013924 -0.018268 0.031270 -0.055123 0.037576 0.022697 0.007439 0.016006 -0.003493 -0.072671 -0.029945 0.002098 -0.000191 0.018120 -1.099222 -0.554856 -0.552949 -1.363203 0.909247 0.000191
1757663157.651188 -0.008965 -0.005150 -0.092507 0.013924 -0.018268 0.031270 -0.055123 0.037576 0.022697 0.007439 0.016006 -0.003493 -0.072289 -0.029945 0.002098 -0.000191 0.018120 -1.098459 -0.555238 -0.552567 -1.361677 0.909247 0.000191
1757663157.653179 -0.008965 -0.005150 -0.092507 0.013924 -0.018268 0.031270 -0.055123 0.037576 0.022697 0.007439 0.016006 -0.003493 -0.072289 -0.029945 0.002098 -0.000191 0.018120 -1.097696 -0.554856 -0.552567 -1.359770 0.909247 0.000191
1757663157.655185 -0.008965 -0.005150 -0.092889 0.013924 -0.018268 0.031270 -0.055123 0.037576 0.022697 0.007439 0.016006 -0.003493 -0.071908 -0.029945 0.002098 -0.000191 0.018120 -1.096933 -0.554856 -0.552567 -1.358244 0.909247 0.000191
1757663157.657177 -0.008965 -0.005150 -0.092889 0.013924 -0.018268 0.031270 -0.055123 0.037576 0.022697 0.007439 0.016006 -0.003493 -0.071527 -0.029945 0.002098 -0.000191 0.018120 -1.096170 -0.554856 -0.552567 -1.356718 0.909247 0.000191
1757663157.659184 -0.008965 -0.005150 -0.092889 0.013924 -0.018268 0.031270 -0.055123 0.037576 0.022697 0.007439 0.016006 -0.003493 -0.071145 -0.029945 0.002098 -0.000191 0.018120 -1.095407 -0.554856 -0.552186 -1.354811 0.909247 0.000191
1757663157.661177 -0.008965 -0.005150 -0.092889 0.013924 -0.018268 0.031270 -0.055123 0.037576 0.022697 0.007439 0.016006 -0.003493 -0.071145 -0.029945 0.002098 -0.000191 0.018120 -1.094645 -0.554856 -0.552186 -1.353285 0.909247 0.000191
1757663157.663306 -0.008965 -0.005150 -0.092889 0.013924 -0.018268 0.031270 -0.055123 0.037576 0.022697 0.007439 0.016006 -0.003493 -0.070764 -0.029945 0.002098 -0.000191 0.018120 -1.093882 -0.554856 -0.552186 -1.351377 0.909247 0.000191
1757663157.665188 -0.008965 -0.005150 -0.092889 0.013924 -0.018268 0.031270 -0.055123 0.037576 0.022697 0.007439 0.016006 -0.003493 -0.070382 -0.029945 0.002098 -0.000191 0.017738 -1.093118 -0.554856 -0.552186 -1.349852 0.909247 0.000191
1757663157.667191 -0.008965 -0.005150 -0.093270 0.013924 -0.018268 0.031270 -0.055123 0.037576 0.022316 0.007439 0.016006 -0.003493 -0.070001 -0.029945 0.002098 -0.000191 0.017738 -1.092736 -0.554856 -0.551805 -1.348326 0.909247 0.000191
1757663157.669202 -0.008965 -0.005150 -0.093270 0.013924 -0.018268 0.031270 -0.055123 0.037576 0.022316 0.007439 0.016006 -0.003493 -0.070001 -0.029945 0.002098 -0.000191 0.018120 -1.091973 -0.554856 -0.551805 -1.346800 0.909247 0.000191
1757663157.671263 -0.008965 -0.005150 -0.093270 0.013924 -0.018268 0.031270 -0.055123 0.037194 0.022316 0.007439 0.016006 -0.003493 -0.069619 -0.029945 0.002098 -0.000191 0.018120 -1.091210 -0.554856 -0.551805 -1.345274 0.909247 0.000191
1757663157.673181 -0.008965 -0.005150 -0.093270 0.013924 -0.018268 0.031270 -0.055123 0.037194 0.022316 0.007439 0.016006 -0.003493 -0.069238 -0.029945 0.002098 -0.000191 0.018120 -1.090447 -0.554856 -0.551423 -1.343747 0.909247 0.000191
1757663157.675182 -0.008965 -0.005150 -0.093270 0.013924 -0.018268 0.031270 -0.055123 0.037194 0.022316 0.007439 0.016006 -0.003493 -0.068856 -0.029945 0.002098 -0.000191 0.018120 -1.089684 -0.554856 -0.551423 -1.342221 0.909247 0.000191
1757663157.677179 -0.008965 -0.005150 -0.093652 0.013924 -0.018268 0.031270 -0.055123 0.037194 0.022316 0.007439 0.016006 -0.003493 -0.068475 -0.029945 0.002098 -0.000191 0.018120 -1.088922 -0.554856 -0.551423 -1.340695 0.909247 0.000191
1757663157.679183 -0.008965 -0.005150 -0.093652 0.013924 -0.018268 0.031270 -0.055123 0.037194 0.022316 0.007439 0.016006 -0.003493 -0.068475 -0.029945 0.002098 -0.000191 0.018120 -1.088159 -0.554856 -0.551042 -1.339170 0.909247 0.000191
1757663157.681179 -0.008965 -0.005531 -0.093652 0.013924 -0.018268 0.031270 -0.055123 0.037194 0.022316 0.007439 0.016006 -0.003493 -0.068093 -0.029945 0.002098 -0.000191 0.018120 -1.087396 -0.554856 -0.551042 -1.337644 0.909247 0.000191
1757663157.683178 -0.008965 -0.005531 -0.093652 0.013924 -0.018268 0.031270 -0.055123 0.037194 0.022316 0.007439 0.016006 -0.003493 -0.067712 -0.029945 0.002098 -0.000191 0.018120 -1.086633 -0.554856 -0.551042 -1.336499 0.909247 0.000191
1757663157.685179 -0.008965 -0.005531 -0.093652 0.013924 -0.018268 0.031270 -0.055123 0.037194 0.022316 0.007439 0.016006 -0.003493 -0.067330 -0.029945 0.002098 -0.000191 0.018120 -1.085870 -0.554856 -0.550660 -1.334973 0.909247 0.000191
1757663157.687179 -0.008965 -0.005531 -0.093652 0.013924 -0.018268 0.031270 -0.055123 0.036813 0.022316 0.007439 0.016006 -0.003493 -0.067330 -0.029945 0.002098 -0.000191 0.018120 -1.085107 -0.554856 -0.550660 -1.333447 0.909247 0.000191
1757663157.689180 -0.008965 -0.005531 -0.094034 0.013924 -0.018268 0.031270 -0.055123 0.036813 0.022316 0.007439 0.016006 -0.003493 -0.066949 -0.029945 0.002098 -0.000191 0.018120 -1.084344 -0.554856 -0.550279 -1.331922 0.909247 0.000191
1757663157.691182 -0.008965 -0.005531 -0.094034 0.013924 -0.018268 0.031270 -0.055123 0.036813 0.022316 0.007439 0.016006 -0.003493 -0.066567 -0.029945 0.002098 -0.000191 0.018120 -1.083581 -0.554856 -0.550279 -1.330777 0.909247 0.000191
1757663157.693177 -0.009346 -0.005531 -0.094034 0.013924 -0.018268 0.031270 -0.055123 0.036813 0.022316 0.007439 0.016006 -0.003493 -0.066186 -0.029945 0.002098 -0.000191 0.018120 -1.082437 -0.554856 -0.550279 -1.329251 0.909247 0.000191
1757663157.695334 -0.009346 -0.005531 -0.094034 0.013924 -0.018268 0.031270 -0.055123 0.036813 0.022316 0.007439 0.016006 -0.003493 -0.065804 -0.029945 0.002098 -0.000191 0.018120 -1.081674 -0.554856 -0.549897 -1.328107 0.909247 0.000191
1757663157.697237 -0.009346 -0.005531 -0.094034 0.013924 -0.018268 0.031270 -0.055123 0.036813 0.022316 0.007439 0.016006 -0.003493 -0.065804 -0.029945 0.002098 -0.000191 0.018120 -1.080911 -0.554856 -0.549897 -1.326581 0.909247 0.000191
1757663157.699259 -0.009346 -0.005913 -0.094034 0.013924 -0.018268 0.031270 -0.055123 0.036813 0.022316 0.007439 0.016006 -0.003493 -0.065423 -0.029945 0.002098 -0.000191 0.018120 -1.080148 -0.554856 -0.549516 -1.325437 0.909247 0.000191
1757663157.701240 -0.009346 -0.005913 -0.094416 0.013542 -0.018268 0.031270 -0.055123 0.036813 0.022316 0.007439 0.016006 -0.003493 -0.065042 -0.029945 0.002098 -0.000191 0.018120 -1.079385 -0.554856 -0.549134 -1.323911 0.909247 0.000191
1757663157.703240 -0.009346 -0.005913 -0.094416 0.013542 -0.018268 0.031270 -0.055123 0.036813 0.022316 0.007439 0.016006 -0.003493 -0.065042 -0.029945 0.002098 -0.000191 0.018120 -1.078622 -0.554856 -0.549134 -1.322766 0.909247 0.000191
1757663157.705238 -0.009346 -0.005913 -0.094416 0.013542 -0.018268 0.031270 -0.055123 0.036431 0.022316 0.007439 0.016006 -0.003493 -0.064660 -0.029564 0.002098 -0.000191 0.018120 -1.077859 -0.554856 -0.548753 -1.321622 0.909247 0.000191
1757663157.707237 -0.009346 -0.005913 -0.094416 0.013542 -0.018268 0.031270 -0.055123 0.036431 0.022316 0.007439 0.016006 -0.003493 -0.064279 -0.029564 0.002098 -0.000191 0.018120 -1.077096 -0.554856 -0.548753 -1.320096 0.909247 0.000191
1757663157.709237 -0.009346 -0.005913 -0.094416 0.013542 -0.018268 0.031270 -0.055123 0.036431 0.022316 0.007439 0.016006 -0.003493 -0.064279 -0.029564 0.002098 -0.000191 0.018120 -1.076333 -0.554856 -0.548371 -1.318952 0.909247 0.000191
1757663157.711238 -0.009346 -0.005913 -0.094416 0.013542 -0.018268 0.031270 -0.055123 0.036431 0.022316 0.007439 0.016006 -0.003493 -0.063897 -0.029564 0.002098 -0.000191 0.018120 -1.075570 -0.554856 -0.547990 -1.317807 0.909247 0.000191
1757663157.713240 -0.009346 -0.005913 -0.094416 0.013542 -0.018268 0.031270 -0.055123 0.036431 0.022316 0.007439 0.016006 -0.003493 -0.063516 -0.029564 0.002098 -0.000191 0.018120 -1.074807 -0.554856 -0.547990 -1.316281 0.909247 0.000191
1757663157.715235 -0.009346 -0.005913 -0.094416 0.013542 -0.018268 0.031270 -0.055123 0.036431 0.022316 0.007439 0.016006 -0.003493 -0.063516 -0.029564 0.002098 -0.000191 0.018120 -1.074044 -0.554856 -0.547608 -1.315137 0.909247 0.000191
1757663157.717237 -0.009346 -0.005913 -0.094416 0.013542 -0.018268 0.031270 -0.055123 0.036431 0.022316 0.007439 0.016006 -0.003493 -0.063134 -0.029564 0.002098 -0.000191 0.018120 -1.073281 -0.554856 -0.547227 -1.313611 0.909247 0.000191
1757663157.719237 -0.009346 -0.006294 -0.094416 0.013542 -0.018268 0.031270 -0.055123 0.036431 0.022316 0.007439 0.016006 -0.003493 -0.062753 -0.029564 0.002098 -0.000191 0.018120 -1.072518 -0.554856 -0.546845 -1.312467 0.909247 0.000191
1757663157.721235 -0.009346 -0.006294 -0.094416 0.013542 -0.018268 0.031270 -0.055123 0.036431 0.022316 0.007439 0.016006 -0.003493 -0.062753 -0.029564 0.002098 -0.000191 0.018120 -1.071755 -0.554856 -0.546845 -1.311322 0.909247 0.000191
1757663157.723238 -0.009346 -0.006294 -0.094797 0.013542 -0.018268 0.031270 -0.055123 0.036050 0.022316 0.007439 0.016006 -0.003493 -0.062371 -0.029564 0.002098 -0.000191 0.018120 -1.070992 -0.554856 -0.546464 -1.309796 0.909247 0.000191
1757663157.725233 -0.009346 -0.006294 -0.094797 0.013542 -0.018268 0.031270 -0.055123 0.036050 0.022316 0.007439 0.016006 -0.003493 -0.062371 -0.029564 0.002098 -0.000191 0.018120 -1.070230 -0.554856 -0.546082 -1.308652 0.909247 0.000191
1757663157.727280 -0.009346 -0.006294 -0.094797 0.013542 -0.018268 0.031270 -0.055123 0.036050 0.022316 0.007439 0.016006 -0.003493 -0.061990 -0.029564 0.002098 -0.000191 0.018120 -1.069467 -0.554856 -0.545701 -1.307508 0.909247 0.000191
1757663157.729253 -0.009346 -0.006294 -0.094797 0.013542 -0.018268 0.031270 -0.055123 0.036050 0.022316 0.007439 0.016006 -0.003493 -0.061990 -0.029564 0.002098 -0.000191 0.018120 -1.068704 -0.554856 -0.545701 -1.305982 0.909247 0.000191
1757663157.731236 -0.009346 -0.006294 -0.094797 0.013542 -0.018268 0.031270 -0.055123 0.036050 0.022316 0.007439 0.016006 -0.003493 -0.061608 -0.029564 0.002098 -0.000191 0.018120 -1.067941 -0.554856 -0.545320 -1.304837 0.909247 0.000191
1757663157.733187 -0.009346 -0.006294 -0.094797 0.013542 -0.018268 0.031270 -0.055123 0.036050 0.022316 0.007439 0.016006 -0.003493 -0.061608 -0.029564 0.002098 -0.000191 0.018120 -1.067178 -0.554856 -0.544938 -1.303311 0.909247 0.000191
1757663157.735189 -0.009346 -0.006294 -0.094797 0.013542 -0.018268 0.031270 -0.055123 0.036050 0.022316 0.007439 0.016006 -0.003493 -0.061227 -0.029564 0.002098 -0.000191 0.018120 -1.066415 -0.554856 -0.544557 -1.302167 0.909247 0.000191
1757663157.737185 -0.009346 -0.006294 -0.094797 0.013542 -0.018268 0.031270 -0.055123 0.036050 0.022316 0.007439 0.016006 -0.003493 -0.061227 -0.029564 0.002098 -0.000191 0.018120 -1.065652 -0.554856 -0.544175 -1.301023 0.909247 0.000191
1757663157.739186 -0.009346 -0.006294 -0.094797 0.013542 -0.018268 0.031270 -0.055123 0.036050 0.022316 0.007439 0.016006 -0.003493 -0.060845 -0.029564 0.002098 -0.000191 0.018120 -1.064889 -0.554856 -0.544175 -1.299878 0.909247 0.000191
1757663157.741185 -0.009346 -0.006676 -0.094797 0.013542 -0.018268 0.031270 -0.055123 0.036050 0.022316 0.007439 0.016006 -0.003493 -0.060845 -0.029564 0.002098 -0.000191 0.018120 -1.064126 -0.554856 -0.543794 -1.298734 0.909247 0.000191
1757663157.743176 -0.009346 -0.006676 -0.094797 0.013542 -0.018268 0.031270 -0.055123 0.035668 0.022316 0.007439 0.016006 -0.003493 -0.060845 -0.029564 0.002098 -0.000191 0.018120 -1.063363 -0.554856 -0.543412 -1.297208 0.909247 0.000191
1757663157.745185 -0.009346 -0.006676 -0.094797 0.013542 -0.018403 0.031523 -0.055123 0.035668 0.022316 0.007439 0.015871 -0.003237 -0.060464 -0.029564 0.002098 -0.000191 0.018120 -1.062600 -0.554856 -0.543031 -1.296063 0.909247 0.000191
1757663157.747186 -0.009346 -0.006676 -0.094797 0.013542 -0.018403 0.031523 -0.055123 0.035668 0.022316 0.007439 0.015871 -0.003237 -0.060464 -0.029564 0.002098 -0.000191 0.018120 -1.061837 -0.554856 -0.542649 -1.294919 0.909247 0.000191
1757663157.749184 -0.009346 -0.006676 -0.094797 0.013542 -0.018403 0.031523 -0.055123 0.035668 0.022316 0.007439 0.015871 -0.003237 -0.060082 -0.029564 0.002098 -0.000191 0.018120 -1.061074 -0.554856 -0.542268 -1.293775 0.909247 0.000191
1757663157.751185 -0.009346 -0.006676 -0.095179 0.013542 -0.018403 0.031523 -0.055123 0.035668 0.022316 0.007439 0.015871 -0.003237 -0.060082 -0.029564 0.002098 -0.000191 0.018120 -1.060311 -0.554856 -0.541886 -1.292630 0.909247 0.000191
1757663157.753184 -0.009346 -0.006676 -0.095179 0.013542 -0.018403 0.031523 -0.055123 0.035668 0.022316 0.007439 0.015871 -0.003237 -0.060082 -0.029564 0.002098 -0.000191 0.018120 -1.059548 -0.554856 -0.541505 -1.291486 0.909247 0.000191
1757663157.755185 -0.009346 -0.006676 -0.095179 0.013542 -0.018403 0.031523 -0.055123 0.035668 0.022316 0.007439 0.015871 -0.003237 -0.059701 -0.029564 0.002098 -0.000191 0.018120 -1.058785 -0.554856 -0.541123 -1.290341 0.909247 0.000191
1757663157.757181 -0.009346 -0.006676 -0.095179 0.013542 -0.018403 0.031523 -0.055123 0.035668 0.022316 0.007439 0.015871 -0.003237 -0.059701 -0.029564 0.002098 -0.000191 0.018120 -1.057641 -0.554856 -0.540742 -1.289197 0.909247 0.000191
1757663157.759221 -0.009346 -0.006676 -0.095179 0.013542 -0.018540 0.031266 -0.055123 0.035668 0.022316 0.007439 0.015871 -0.003237 -0.059701 -0.029564 0.002098 -0.000191 0.018120 -1.056878 -0.554856 -0.540360 -1.288434 0.909247 0.000191
1757663157.761192 -0.009346 -0.007057 -0.095179 0.013542 -0.018540 0.031266 -0.055123 0.035668 0.022316 0.007439 0.015871 -0.003237 -0.059319 -0.029564 0.002098 -0.000191 0.018120 -1.056115 -0.554856 -0.539598 -1.287290 0.909247 0.000191
1757663157.763190 -0.009346 -0.007057 -0.095179 0.013161 -0.018540 0.031266 -0.055123 0.035287 0.022316 0.007439 0.015871 -0.003237 -0.059319 -0.029564 0.002098 -0.000191 0.018120 -1.055352 -0.554856 -0.539216 -1.286145 0.909247 0.000191
1757663157.765208 -0.009346 -0.007057 -0.095179 0.013161 -0.018540 0.031266 -0.055123 0.035287 0.022316 0.007439 0.015871 -0.003237 -0.059319 -0.029564 0.002098 -0.000191 0.018120 -1.054589 -0.554856 -0.538835 -1.285001 0.909247 0.000191
1757663157.767190 -0.009346 -0.007057 -0.095179 0.013161 -0.018540 0.031266 -0.055123 0.035287 0.022316 0.007439 0.015871 -0.003237 -0.059319 -0.029564 0.002098 -0.000191 0.018120 -1.053826 -0.554856 -0.538453 -1.284238 0.909247 0.000191
1757663157.769200 -0.009346 -0.007057 -0.095179 0.013161 -0.018540 0.031266 -0.055123 0.035287 0.022316 0.007439 0.015871 -0.003237 -0.058938 -0.029564 0.001717 -0.000191 0.018120 -1.052682 -0.554856 -0.538072 -1.283093 0.909247 0.000191
1757663157.771188 -0.009346 -0.007057 -0.095179 0.013161 -0.018540 0.031266 -0.055123 0.035287 0.022316 0.007439 0.015871 -0.003237 -0.058938 -0.029564 0.001717 -0.000191 0.018120 -1.051919 -0.554856 -0.537309 -1.281949 0.909247 0.000191
1757663157.773187 -0.009346 -0.007057 -0.095179 0.013161 -0.018540 0.031266 -0.055123 0.035287 0.022316 0.007439 0.015871 -0.003237 -0.058938 -0.029564 0.001717 -0.000191 0.018120 -1.051156 -0.554856 -0.536927 -1.281185 0.909247 0.000191
1757663157.775182 -0.009346 -0.007057 -0.095560 0.013161 -0.018540 0.031266 -0.055123 0.035287 0.022316 0.007439 0.015871 -0.003237 -0.058938 -0.029564 0.001717 -0.000191 0.018120 -1.050012 -0.554856 -0.536164 -1.280041 0.909247 0.000191
1757663157.777186 -0.009346 -0.007439 -0.095560 0.013161 -0.018540 0.031266 -0.055123 0.035287 0.022316 0.007439 0.015871 -0.003237 -0.058557 -0.029564 0.001717 -0.000191 0.018120 -1.049249 -0.554856 -0.535783 -1.279278 0.909247 0.000191
1757663157.779184 -0.009346 -0.007439 -0.095560 0.013161 -0.018540 0.031266 -0.055123 0.034905 0.022316 0.007439 0.015871 -0.003237 -0.058557 -0.029564 0.001717 -0.000191 0.018120 -1.048486 -0.554856 -0.535020 -1.278133 0.909247 0.000191
1757663157.781184 -0.009346 -0.007439 -0.095560 0.013161 -0.018540 0.031266 -0.055123 0.034905 0.022316 0.007439 0.015871 -0.003237 -0.058557 -0.029564 0.001717 -0.000191 0.018120 -1.047341 -0.554856 -0.534638 -1.277370 0.909247 0.000191
1757663157.783185 -0.009346 -0.007439 -0.095560 0.013161 -0.018540 0.031266 -0.055123 0.034905 0.022316 0.007439 0.015871 -0.003237 -0.058175 -0.029564 0.001717 -0.000191 0.018120 -1.046578 -0.554856 -0.533875 -1.276608 0.909247 0.000191
1757663157.785187 -0.009346 -0.007439 -0.095560 0.013161 -0.018540 0.031266 -0.055123 0.034905 0.022316 0.007439 0.015871 -0.003237 -0.058175 -0.029564 0.001717 -0.000191 0.018120 -1.045815 -0.554856 -0.533494 -1.275463 0.909247 0.000191
1757663157.787182 -0.009346 -0.007439 -0.095560 0.013161 -0.018540 0.031266 -0.055123 0.034905 0.022316 0.007439 0.015871 -0.003237 -0.058175 -0.029564 0.001717 -0.000191 0.018120 -1.044671 -0.554856 -0.532731 -1.274700 0.909247 0.000191
1757663157.789199 -0.009346 -0.007439 -0.095560 0.013161 -0.018540 0.031266 -0.055123 0.034905 0.022316 0.007439 0.015871 -0.003237 -0.058175 -0.029564 0.001717 -0.000191 0.018120 -1.043908 -0.554856 -0.531968 -1.273937 0.909247 0.000191
1757663157.791219 -0.009346 -0.007439 -0.095560 0.013161 -0.018540 0.031266 -0.055123 0.034905 0.022316 0.007439 0.015871 -0.003237 -0.057794 -0.029564 0.001717 -0.000191 0.018120 -1.043145 -0.554856 -0.531204 -1.273174 0.909247 0.000191
1757663157.793233 -0.009346 -0.007439 -0.095560 0.013161 -0.018540 0.031266 -0.055123 0.034905 0.022316 0.007439 0.015871 -0.003237 -0.057794 -0.029564 0.001717 -0.000191 0.018120 -1.042001 -0.554856 -0.530823 -1.272030 0.909247 0.000191
1757663157.795192 -0.009346 -0.007820 -0.095560 0.013161 -0.018540 0.031266 -0.055123 0.034905 0.022316 0.007439 0.015871 -0.003237 -0.057794 -0.029564 0.001717 -0.000191 0.018120 -1.041238 -0.554475 -0.530060 -1.271267 0.909247 0.000191
1757663157.797199 -0.009346 -0.007820 -0.095560 0.013161 -0.018540 0.031266 -0.055123 0.034524 0.022316 0.007439 0.015871 -0.003237 -0.057794 -0.029564 0.001717 -0.000191 0.018120 -1.040093 -0.554475 -0.529297 -1.270504 0.909247 0.000191
1757663157.799189 -0.009346 -0.007820 -0.095560 0.013161 -0.018540 0.031266 -0.055123 0.034524 0.022316 0.007439 0.015871 -0.003237 -0.057412 -0.029564 0.001717 -0.000191 0.018120 -1.039330 -0.554856 -0.528534 -1.269741 0.909247 0.000191
1757663157.801190 -0.009346 -0.007820 -0.095560 0.013161 -0.018675 0.031518 -0.055123 0.034524 0.022316 0.007439 0.015871 -0.003237 -0.057412 -0.029564 0.001717 -0.000191 0.018120 -1.038186 -0.554475 -0.527771 -1.268978 0.909247 0.000191
1757663157.803188 -0.009346 -0.007820 -0.095560 0.013161 -0.018675 0.031518 -0.055123 0.034524 0.022316 0.007439 0.015871 -0.003237 -0.057412 -0.029564 0.001717 -0.000191 0.018120 -1.037423 -0.554475 -0.527008 -1.267834 0.909247 0.000191
1757663157.805187 -0.009346 -0.007820 -0.095560 0.013161 -0.018675 0.031518 -0.055123 0.034524 0.022316 0.007439 0.015871 -0.003237 -0.057031 -0.029945 0.001717 -0.000191 0.018120 -1.036279 -0.554475 -0.526245 -1.267071 0.909247 0.000191
1757663157.807189 -0.009346 -0.007820 -0.095560 0.013161 -0.018675 0.031518 -0.055123 0.034524 0.022316 0.007439 0.015871 -0.003237 -0.057031 -0.029945 0.001717 -0.000191 0.018120 -1.035516 -0.554475 -0.525482 -1.266308 0.909247 0.000191
1757663157.809183 -0.009346 -0.007820 -0.095560 0.013161 -0.018675 0.031518 -0.055123 0.034524 0.022316 0.007439 0.015871 -0.003237 -0.057031 -0.029945 0.001717 -0.000191 0.018120 -1.034753 -0.554475 -0.524338 -1.265545 0.909247 0.000191
1757663157.811188 -0.009346 -0.007820 -0.095560 0.013161 -0.018675 0.031518 -0.055123 0.034524 0.022316 0.007439 0.015871 -0.003237 -0.056649 -0.029945 0.001717 -0.000191 0.018120 -1.033608 -0.554475 -0.523575 -1.264782 0.909247 0.000191
1757663157.813181 -0.009346 -0.008202 -0.095560 0.013161 -0.018813 0.031262 -0.055123 0.034524 0.022316 0.007439 0.015871 -0.003237 -0.056649 -0.029945 0.001717 -0.000191 0.018120 -1.032845 -0.554475 -0.522812 -1.263638 0.909247 0.000191
1757663157.815185 -0.009346 -0.008202 -0.095560 0.013161 -0.018813 0.031262 -0.055123 0.034142 0.022316 0.007439 0.015871 -0.003237 -0.056649 -0.029945 0.001717 -0.000191 0.018120 -1.031701 -0.554475 -0.522049 -1.262875 0.909247 0.000191
1757663157.817184 -0.009346 -0.008202 -0.095560 0.013161 -0.018813 0.031262 -0.055123 0.034142 0.022316 0.007439 0.015871 -0.003237 -0.056649 -0.029945 0.001717 -0.000191 0.018120 -1.030556 -0.554475 -0.521286 -1.262112 0.909247 0.000191
1757663157.819182 -0.009346 -0.008202 -0.095560 0.012779 -0.018813 0.031262 -0.055123 0.034142 0.022316 0.007439 0.015871 -0.003237 -0.056268 -0.029945 0.001717 -0.000191 0.018120 -1.029793 -0.554475 -0.520523 -1.260967 0.909247 0.000191
1757663157.821267 -0.009346 -0.008202 -0.095560 0.012779 -0.018813 0.031262 -0.055123 0.034142 0.022316 0.007439 0.015871 -0.003237 -0.056268 -0.029945 0.001717 -0.000191 0.018120 -1.028648 -0.554475 -0.519379 -1.260204 0.909247 0.000191
1757663157.823200 -0.009346 -0.008202 -0.095560 0.012779 -0.018813 0.031262 -0.055123 0.034142 0.022316 0.007439 0.015871 -0.003237 -0.056268 -0.029945 0.001717 -0.000191 0.018120 -1.027885 -0.554475 -0.518616 -1.259441 0.909247 0.000191
1757663157.825190 -0.009346 -0.008202 -0.095560 0.012779 -0.018813 0.031262 -0.055123 0.034142 0.022316 0.007439 0.015871 -0.003237 -0.055886 -0.029945 0.001717 -0.000191 0.018120 -1.026741 -0.554475 -0.517853 -1.258297 0.909247 0.000191
1757663157.827185 -0.009346 -0.008202 -0.095942 0.012779 -0.018813 0.031262 -0.055123 0.034142 0.022316 0.007439 0.015871 -0.003237 -0.055886 -0.029945 0.001717 -0.000191 0.018120 -1.025597 -0.554475 -0.517090 -1.257534 0.909247 0.000191
1757663157.829192 -0.009346 -0.008202 -0.095942 0.012779 -0.018813 0.031262 -0.055123 0.034142 0.022316 0.007439 0.015871 -0.003237 -0.055886 -0.029945 0.001717 -0.000191 0.018120 -1.024834 -0.554475 -0.515945 -1.256771 0.909247 0.000191
1757663157.831186 -0.009346 -0.008202 -0.095942 0.012779 -0.018813 0.031262 -0.055123 0.034142 0.022316 0.007439 0.015871 -0.003237 -0.055505 -0.029945 0.001717 -0.000191 0.018120 -1.023689 -0.554475 -0.515182 -1.255627 0.909247 0.000191
1757663157.833185 -0.009346 -0.008202 -0.095942 0.012779 -0.018813 0.031262 -0.055123 0.034142 0.022316 0.007439 0.015871 -0.003237 -0.055505 -0.029945 0.001717 -0.000191 0.018120 -1.022545 -0.554475 -0.514420 -1.254864 0.909247 0.000191
1757663157.835186 -0.009346 -0.008202 -0.095942 0.012779 -0.018813 0.031262 -0.055123 0.034142 0.022316 0.007439 0.015871 -0.003237 -0.055505 -0.029945 0.001717 -0.000191 0.018120 -1.021782 -0.554475 -0.513275 -1.254101 0.909247 0.000191
1757663157.837183 -0.009346 -0.008583 -0.095942 0.012779 -0.018813 0.031262 -0.055123 0.033761 0.022316 0.007439 0.015871 -0.003237 -0.055123 -0.029945 0.001717 -0.000191 0.018120 -1.020638 -0.554475 -0.512512 -1.252956 0.909247 0.000191
1757663157.839183 -0.009727 -0.008583 -0.095942 0.012779 -0.018813 0.031262 -0.055123 0.033761 0.022316 0.007439 0.015871 -0.003237 -0.055123 -0.029945 0.001335 -0.000191 0.018120 -1.019493 -0.554475 -0.511749 -1.252193 0.909247 0.000191
1757663157.841187 -0.009727 -0.008583 -0.095942 0.012779 -0.018813 0.031262 -0.055123 0.033761 0.022316 0.007439 0.015871 -0.003237 -0.055123 -0.029945 0.001335 -0.000191 0.018120 -1.018349 -0.554475 -0.510605 -1.251431 0.909247 0.000191
1757663157.843184 -0.009727 -0.008583 -0.095942 0.012779 -0.018813 0.031262 -0.055123 0.033761 0.022316 0.007439 0.015871 -0.003237 -0.054742 -0.029945 0.001335 -0.000191 0.018120 -1.017204 -0.554475 -0.509842 -1.250286 0.909247 0.000191
1757663157.845183 -0.009727 -0.008583 -0.095942 0.012779 -0.018813 0.031262 -0.055123 0.033761 0.022316 0.007439 0.015871 -0.003237 -0.054742 -0.030327 0.001335 -0.000191 0.018120 -1.016060 -0.554475 -0.508698 -1.249523 0.909247 0.000191
1757663157.847183 -0.009727 -0.008583 -0.095942 0.012779 -0.018813 0.031262 -0.055123 0.033761 0.022316 0.007439 0.015871 -0.003237 -0.054742 -0.030327 0.001335 -0.000191 0.018120 -1.014915 -0.554475 -0.507935 -1.248379 0.909247 0.000191
1757663157.849185 -0.009727 -0.008583 -0.095942 0.012779 -0.018813 0.031262 -0.055123 0.033761 0.022316 0.007439 0.015871 -0.003237 -0.054360 -0.030327 0.001335 -0.000191 0.018120 -1.013771 -0.554475 -0.506790 -1.247616 0.909247 0.000191
1757663157.851183 -0.009727 -0.008583 -0.095942 0.012398 -0.018813 0.031262 -0.055123 0.033761 0.022316 0.007439 0.015871 -0.003237 -0.054360 -0.030327 0.001335 -0.000191 0.018120 -1.012627 -0.554475 -0.506027 -1.246853 0.909247 0.000191
1757663157.853247 -0.009727 -0.008583 -0.095942 0.012398 -0.018813 0.031262 -0.055123 0.033761 0.022316 0.007439 0.015871 -0.003237 -0.053979 -0.030327 0.001335 -0.000191 0.018120 -1.011482 -0.554475 -0.504883 -1.245708 0.909247 0.000191
1757663157.855192 -0.009727 -0.008583 -0.095942 0.012398 -0.018813 0.031262 -0.055123 0.033761 0.022316 0.007439 0.015871 -0.003237 -0.053979 -0.030327 0.001335 -0.000191 0.018120 -1.010338 -0.554475 -0.503738 -1.244946 0.909247 0.000191
1757663157.857194 -0.009727 -0.008583 -0.096323 0.012398 -0.018813 0.031262 -0.055123 0.033761 0.022316 0.007439 0.015871 -0.003237 -0.053979 -0.030327 0.001335 -0.000191 0.018120 -1.009193 -0.554475 -0.502975 -1.243801 0.909247 0.000191
1757663157.859193 -0.009727 -0.008583 -0.096323 0.012398 -0.018948 0.031514 -0.055123 0.033761 0.022316 0.007439 0.015871 -0.003237 -0.053597 -0.030327 0.001335 -0.000191 0.018120 -1.008049 -0.554475 -0.501831 -1.243038 0.909247 0.000191
1757663157.861182 -0.009727 -0.008583 -0.096323 0.012398 -0.018948 0.031514 -0.055123 0.033761 0.022316 0.007439 0.015871 -0.003237 -0.053597 -0.030327 0.001335 -0.000191 0.018120 -1.006523 -0.554475 -0.500687 -1.242275 0.909247 0.000191
1757663157.863183 -0.009727 -0.008583 -0.096323 0.012398 -0.018948 0.031514 -0.055123 0.033761 0.022316 0.007439 0.015871 -0.003237 -0.053216 -0.030327 0.001335 -0.000191 0.018120 -1.005379 -0.554475 -0.499924 -1.241512 0.909247 0.000191
1757663157.865183 -0.009727 -0.008583 -0.096323 0.012398 -0.018948 0.031514 -0.055123 0.033761 0.022316 0.007439 0.015871 -0.003237 -0.053216 -0.030327 0.001335 -0.000191 0.018120 -1.004234 -0.554475 -0.498779 -1.240368 0.909247 0.000191
1757663157.867184 -0.009727 -0.008583 -0.096323 0.012398 -0.018948 0.031514 -0.055123 0.033761 0.022316 0.007439 0.015871 -0.003237 -0.052835 -0.030327 0.001335 -0.000191 0.018120 -1.003090 -0.554093 -0.497635 -1.239605 0.909247 0.000191
1757663157.869185 -0.009727 -0.008583 -0.096323 0.012398 -0.018948 0.031514 -0.055123 0.033761 0.022316 0.007439 0.015871 -0.003237 -0.052835 -0.030327 0.001335 -0.000191 0.018120 -1.001564 -0.554093 -0.496490 -1.238842 0.909247 0.000191
1757663157.871184 -0.009727 -0.008583 -0.096323 0.012398 -0.018948 0.031514 -0.055123 0.033761 0.022316 0.007439 0.015871 -0.003237 -0.052453 -0.030327 0.001335 -0.000191 0.018120 -1.000420 -0.554093 -0.495728 -1.238079 0.909247 0.000191
1757663157.873188 -0.009727 -0.008583 -0.096323 0.012398 -0.018948 0.031514 -0.055123 0.033761 0.022316 0.007439 0.015871 -0.003237 -0.052453 -0.030327 0.001335 -0.000191 0.018120 -0.999275 -0.554093 -0.494583 -1.237316 0.909247 0.000191
1757663157.875183 -0.009727 -0.008583 -0.096323 0.012398 -0.018948 0.031514 -0.055123 0.033761 0.022316 0.007439 0.015871 -0.003237 -0.052072 -0.030327 0.001335 -0.000191 0.018120 -0.997749 -0.554093 -0.493439 -1.236172 0.909247 0.000191
1757663157.877193 -0.009727 -0.008583 -0.096323 0.012016 -0.018948 0.031514 -0.055123 0.033761 0.022316 0.007439 0.015871 -0.003237 -0.052072 -0.030327 0.001335 -0.000191 0.018120 -0.996605 -0.554093 -0.492294 -1.235409 0.909247 0.000191
1757663157.879186 -0.010109 -0.008583 -0.096323 0.012016 -0.018948 0.031514 -0.055123 0.033761 0.022316 0.007439 0.015871 -0.003237 -0.051690 -0.030327 0.001335 -0.000191 0.018120 -0.995461 -0.554093 -0.491150 -1.234646 0.909247 0.000191
1757663157.881223 -0.010109 -0.008583 -0.096704 0.012016 -0.018948 0.031514 -0.055123 0.033761 0.022316 0.007439 0.015871 -0.003237 -0.051690 -0.030708 0.001335 -0.000191 0.018120 -0.993935 -0.554093 -0.490005 -1.233883 0.909247 0.000191
1757663157.883206 -0.010109 -0.008583 -0.096704 0.012016 -0.018948 0.031514 -0.055123 0.033761 0.022316 0.007439 0.015871 -0.003237 -0.051309 -0.030708 0.001335 -0.000191 0.018120 -0.992790 -0.554093 -0.488861 -1.233120 0.909247 0.000191
1757663157.885237 -0.010109 -0.008583 -0.096704 0.012016 -0.018948 0.031514 -0.055123 0.033761 0.022316 0.007439 0.015871 -0.003237 -0.051309 -0.030708 0.001335 -0.000191 0.018120 -0.991646 -0.554093 -0.487717 -1.232357 0.909247 0.000191
1757663157.887205 -0.010109 -0.008583 -0.096704 0.012016 -0.018948 0.031514 -0.055123 0.033761 0.022316 0.007439 0.015871 -0.003237 -0.050927 -0.030708 0.001335 -0.000191 0.018120 -0.990501 -0.553712 -0.486572 -1.231594 0.909247 0.000191
1757663157.889184 -0.010109 -0.008583 -0.096704 0.012016 -0.018948 0.031514 -0.055123 0.033761 0.022316 0.007439 0.015871 -0.003237 -0.050546 -0.030708 0.001335 -0.000191 0.018120 -0.988976 -0.553712 -0.485428 -1.230450 0.909247 0.000191
1757663157.891197 -0.010109 -0.008583 -0.096704 0.012016 -0.018948 0.031514 -0.055123 0.033761 0.022316 0.007439 0.015871 -0.003237 -0.050546 -0.030708 0.001335 -0.000191 0.018120 -0.987831 -0.553712 -0.484283 -1.229687 0.909247 0.000191
1757663157.893189 -0.010109 -0.008583 -0.096704 0.012016 -0.018948 0.031514 -0.055123 0.033761 0.022316 0.007057 0.015871 -0.003237 -0.050164 -0.030708 0.001335 -0.000191 0.018120 -0.986687 -0.553712 -0.483139 -1.228924 0.909247 0.000191
1757663157.895186 -0.010109 -0.008583 -0.096704 0.012016 -0.018948 0.031514 -0.055123 0.033761 0.022316 0.007057 0.015871 -0.003237 -0.050164 -0.030708 0.001335 -0.000191 0.018120 -0.985542 -0.553712 -0.481995 -1.228161 0.909247 0.000191
1757663157.897178 -0.010490 -0.008583 -0.096704 0.012016 -0.018948 0.031514 -0.055123 0.033761 0.022316 0.007057 0.015871 -0.003237 -0.049783 -0.030708 0.001335 -0.000191 0.018120 -0.984398 -0.553712 -0.480850 -1.227016 0.909247 0.000191
1757663157.899183 -0.010490 -0.008583 -0.096704 0.012016 -0.018948 0.031514 -0.055123 0.033761 0.022316 0.007057 0.015871 -0.003237 -0.049783 -0.030708 0.001335 -0.000191 0.018120 -0.982872 -0.553712 -0.479706 -1.226254 0.909247 0.000191
1757663157.901179 -0.010490 -0.008583 -0.096704 0.012016 -0.018948 0.031514 -0.055123 0.033761 0.022316 0.007057 0.015871 -0.003237 -0.049401 -0.030708 0.001335 -0.000191 0.018120 -0.981728 -0.553712 -0.478561 -1.225491 0.909247 0.000191
1757663157.903180 -0.010490 -0.008583 -0.096704 0.012016 -0.018948 0.031514 -0.055123 0.033761 0.022316 0.007057 0.015871 -0.003237 -0.049401 -0.030708 0.001335 -0.000191 0.018120 -0.980583 -0.553330 -0.477417 -1.224346 0.909247 0.000191
1757663157.905184 -0.010490 -0.008583 -0.096704 0.012016 -0.018948 0.031514 -0.055123 0.033761 0.022316 0.007057 0.015871 -0.003237 -0.049020 -0.030708 0.001335 -0.000191 0.018120 -0.979439 -0.553330 -0.476273 -1.223583 0.909247 0.000191
1757663157.907182 -0.010490 -0.008583 -0.097086 0.012016 -0.018948 0.031514 -0.055123 0.033761 0.022316 0.007057 0.015871 -0.003237 -0.049020 -0.030708 0.001335 -0.000191 0.018120 -0.977913 -0.553330 -0.475128 -1.222820 0.909247 0.000191
1757663157.909206 -0.010490 -0.008583 -0.097086 0.012016 -0.018948 0.031514 -0.055123 0.033761 0.022316 0.007057 0.015871 -0.003237 -0.048638 -0.030708 0.001335 -0.000191 0.018120 -0.976768 -0.553330 -0.473984 -1.222057 0.909247 0.000191
1757663157.911181 -0.010490 -0.008583 -0.097086 0.012016 -0.018948 0.031514 -0.055123 0.033761 0.022316 0.007057 0.015871 -0.003237 -0.048257 -0.030708 0.001335 -0.000191 0.018120 -0.975624 -0.553330 -0.472839 -1.220913 0.909247 0.000191
1757663157.913181 -0.010490 -0.008583 -0.097086 0.012016 -0.018948 0.031514 -0.055123 0.033761 0.022316 0.007057 0.015735 -0.002981 -0.048257 -0.030708 0.001335 -0.000191 0.018120 -0.974098 -0.553330 -0.471695 -1.220150 0.909247 0.000191
1757663157.915182 -0.010872 -0.008583 -0.097086 0.012016 -0.018948 0.031514 -0.055123 0.033761 0.022316 0.007057 0.015735 -0.002981 -0.047875 -0.030708 0.001335 -0.000191 0.018120 -0.972954 -0.553330 -0.470169 -1.219387 0.909247 0.000191
1757663157.917202 -0.010872 -0.008583 -0.097086 0.012016 -0.018948 0.031514 -0.055123 0.033761 0.022316 0.007057 0.015735 -0.002981 -0.047875 -0.030708 0.001335 -0.000191 0.018120 -0.971809 -0.552949 -0.469025 -1.218242 0.909247 0.000191
1757663157.919173 -0.010872 -0.008583 -0.097086 0.012016 -0.018948 0.031514 -0.055123 0.033761 0.022316 0.007057 0.015735 -0.002981 -0.047494 -0.030708 0.001335 -0.000191 0.018120 -0.970284 -0.552949 -0.467879 -1.217479 0.909247 0.000191
1757663157.921206 -0.010872 -0.008583 -0.097086 0.012016 -0.018948 0.031514 -0.055123 0.033761 0.022316 0.007057 0.015735 -0.002981 -0.047494 -0.030708 0.001335 -0.000191 0.018120 -0.969139 -0.552949 -0.466735 -1.216716 0.909247 0.000191
1757663157.923181 -0.010872 -0.008583 -0.097086 0.012016 -0.018948 0.031514 -0.055123 0.033761 0.022316 0.007057 0.015735 -0.002981 -0.047112 -0.030708 0.001335 -0.000191 0.018120 -0.967994 -0.552949 -0.465209 -1.215571 0.909247 0.000191
1757663157.925172 -0.010872 -0.008583 -0.097086 0.012016 -0.018948 0.031514 -0.055505 0.033761 0.022316 0.007057 0.015735 -0.002981 -0.046731 -0.030708 0.001335 -0.000191 0.018120 -0.966468 -0.552949 -0.464065 -1.214808 0.909247 0.000191
1757663157.927186 -0.010872 -0.008583 -0.097086 0.012016 -0.018948 0.031514 -0.055505 0.033761 0.022316 0.007057 0.015735 -0.002981 -0.046731 -0.030708 0.001335 -0.000191 0.018120 -0.965323 -0.552949 -0.462920 -1.214046 0.909247 0.000191
1757663157.929177 -0.010872 -0.008583 -0.097467 0.012016 -0.018948 0.031514 -0.055505 0.033761 0.022316 0.007057 0.015735 -0.002981 -0.046350 -0.030708 0.001335 -0.000191 0.018120 -0.963798 -0.552567 -0.461394 -1.212901 0.909247 0.000191
1757663157.931174 -0.010872 -0.008583 -0.097467 0.012016 -0.018948 0.031514 -0.055505 0.033761 0.022316 0.006676 0.015735 -0.002981 -0.045968 -0.030708 0.001335 -0.000191 0.018120 -0.962653 -0.552567 -0.460250 -1.212138 0.909247 0.000191
1757663157.933172 -0.011253 -0.008583 -0.097467 0.012016 -0.018948 0.031514 -0.055505 0.033761 0.022316 0.006676 0.015735 -0.002981 -0.045968 -0.030708 0.001335 -0.000191 0.018120 -0.961127 -0.552567 -0.458724 -1.211375 0.909247 0.000191
1757663157.935199 -0.011253 -0.008583 -0.097467 0.012016 -0.018948 0.031514 -0.055505 0.033761 0.022316 0.006676 0.015735 -0.002981 -0.045587 -0.030708 0.001335 -0.000191 0.018120 -0.959601 -0.552567 -0.457580 -1.210612 0.909247 0.000191
1757663157.937175 -0.011253 -0.008583 -0.097467 0.012016 -0.018948 0.031514 -0.055505 0.033761 0.022316 0.006676 0.015735 -0.002981 -0.045205 -0.030708 0.001335 -0.000191 0.018120 -0.958457 -0.552567 -0.456054 -1.209468 0.909247 0.000191
1757663157.939173 -0.011253 -0.008583 -0.097467 0.011635 -0.018948 0.031514 -0.055505 0.033761 0.022316 0.006676 0.015735 -0.002981 -0.045205 -0.030708 0.001335 -0.000191 0.018120 -0.956931 -0.552186 -0.454528 -1.208705 0.909247 0.000191
1757663157.941171 -0.011253 -0.008583 -0.097467 0.011635 -0.018948 0.031514 -0.055505 0.033761 0.022316 0.006676 0.015735 -0.002981 -0.044824 -0.030708 0.001335 -0.000191 0.018120 -0.955405 -0.552186 -0.453383 -1.207942 0.909247 0.000191
1757663157.943175 -0.011253 -0.008583 -0.097467 0.011635 -0.018948 0.031514 -0.055505 0.033761 0.021935 0.006676 0.015735 -0.002981 -0.044442 -0.030708 0.001335 -0.000191 0.018120 -0.954261 -0.552186 -0.451858 -1.207179 0.909247 0.000191
1757663157.945174 -0.011253 -0.008583 -0.097467 0.011635 -0.018948 0.031514 -0.055505 0.033761 0.022316 0.006676 0.015735 -0.002981 -0.044061 -0.030708 0.001335 -0.000191 0.018120 -0.952735 -0.552186 -0.450332 -1.206035 0.909247 0.000191
1757663157.947172 -0.011253 -0.008583 -0.097467 0.011635 -0.018948 0.031514 -0.055505 0.033761 0.021935 0.006676 0.015735 -0.002981 -0.044061 -0.030708 0.001335 -0.000191 0.018120 -0.951591 -0.551805 -0.449187 -1.205272 0.909247 0.000191
1757663157.949197 -0.011253 -0.008583 -0.097849 0.011635 -0.018948 0.031514 -0.055505 0.033761 0.021935 0.006676 0.015735 -0.002981 -0.043679 -0.030708 0.001335 -0.000191 0.018120 -0.950065 -0.551805 -0.447661 -1.204509 0.909629 0.000191
1757663157.951180 -0.011635 -0.008583 -0.097849 0.011635 -0.018948 0.031514 -0.055505 0.033761 0.021935 0.006676 0.015735 -0.002981 -0.043298 -0.030708 0.001335 -0.000191 0.018120 -0.948539 -0.551805 -0.446136 -1.203746 0.909629 0.000191
1757663157.953191 -0.011635 -0.008583 -0.097849 0.011635 -0.018948 0.031514 -0.055505 0.033761 0.021935 0.006676 0.015735 -0.002981 -0.042916 -0.030708 0.001335 -0.000191 0.018120 -0.947013 -0.551805 -0.444610 -1.202983 0.909629 0.000191
1757663157.955195 -0.011635 -0.008583 -0.097849 0.011635 -0.018948 0.031514 -0.055886 0.033761 0.021935 0.006676 0.015735 -0.002981 -0.042916 -0.030708 0.001335 -0.000191 0.018120 -0.945487 -0.551423 -0.443465 -1.202220 0.909629 0.000191
1757663157.957173 -0.011635 -0.008583 -0.097849 0.011635 -0.018948 0.031514 -0.055886 0.033761 0.021935 0.006676 0.015735 -0.002981 -0.042535 -0.030708 0.001335 -0.000191 0.018120 -0.944343 -0.551423 -0.441939 -1.201457 0.909629 0.000191
1757663157.959171 -0.011635 -0.008583 -0.097849 0.011635 -0.018948 0.031514 -0.055886 0.033761 0.021935 0.006676 0.015735 -0.002981 -0.042153 -0.031090 0.001335 -0.000191 0.018120 -0.942817 -0.551423 -0.440413 -1.200694 0.909629 0.000191
1757663157.961174 -0.011635 -0.008583 -0.097849 0.011635 -0.018948 0.031514 -0.055886 0.033761 0.021935 0.006676 0.015735 -0.002981 -0.041772 -0.031090 0.001335 -0.000191 0.018120 -0.941291 -0.551423 -0.438888 -1.199550 0.909629 0.000191
1757663157.963174 -0.011635 -0.008583 -0.097849 0.011635 -0.018948 0.031514 -0.055886 0.033761 0.021935 0.006676 0.015735 -0.002981 -0.041390 -0.031090 0.001335 -0.000191 0.018120 -0.939765 -0.551423 -0.437362 -1.198787 0.909629 0.000191
1757663157.965173 -0.011635 -0.008583 -0.097849 0.011635 -0.018948 0.031514 -0.055886 0.033761 0.021935 0.006676 0.015735 -0.002981 -0.041009 -0.031090 0.001335 -0.000191 0.018120 -0.938239 -0.551042 -0.436217 -1.198024 0.909629 0.000191
1757663157.967174 -0.011635 -0.008583 -0.097849 0.011635 -0.018948 0.031514 -0.055886 0.033761 0.021935 0.006676 0.015735 -0.002981 -0.040627 -0.031090 0.001335 -0.000191 0.018120 -0.936713 -0.551042 -0.434691 -1.197261 0.909629 0.000191
1757663157.969169 -0.012016 -0.008583 -0.097849 0.011635 -0.018948 0.031514 -0.055886 0.033761 0.021935 0.006676 0.015735 -0.002981 -0.040627 -0.031090 0.001335 -0.000191 0.018120 -0.935569 -0.551042 -0.433166 -1.196498 0.909629 0.000191
1757663157.971173 -0.012016 -0.008583 -0.098230 0.011635 -0.018948 0.031514 -0.055886 0.033761 0.021935 0.006676 0.015735 -0.002981 -0.040246 -0.031090 0.001335 -0.000191 0.018120 -0.934043 -0.551042 -0.431640 -1.195735 0.909629 0.000191
1757663157.973173 -0.012016 -0.008583 -0.098230 0.011635 -0.018948 0.031514 -0.055886 0.033761 0.021935 0.006294 0.015735 -0.002981 -0.039865 -0.031090 0.001335 -0.000191 0.018120 -0.932517 -0.551042 -0.430495 -1.194972 0.909629 0.000191
1757663157.975173 -0.012016 -0.008583 -0.098230 0.011635 -0.018948 0.031514 -0.055886 0.033761 0.021935 0.006294 0.015735 -0.002981 -0.039483 -0.031090 0.001335 -0.000191 0.018120 -0.930991 -0.550660 -0.428969 -1.194209 0.909629 0.000191
1757663157.977172 -0.012016 -0.008583 -0.098230 0.011635 -0.018948 0.031514 -0.055886 0.033761 0.021935 0.006294 0.015735 -0.002981 -0.039102 -0.031090 0.001335 -0.000191 0.018120 -0.929465 -0.550660 -0.427444 -1.193065 0.909629 0.000191
1757663157.979230 -0.012016 -0.008583 -0.098230 0.011635 -0.018948 0.031514 -0.056268 0.033761 0.021935 0.006294 0.015735 -0.002981 -0.038720 -0.031090 0.001335 -0.000191 0.018120 -0.927939 -0.550660 -0.426299 -1.192302 0.909629 0.000191
1757663157.981233 -0.012016 -0.008583 -0.098230 0.011635 -0.018948 0.031514 -0.056268 0.033761 0.021935 0.006294 0.015735 -0.002981 -0.038339 -0.031090 0.001335 -0.000191 0.018120 -0.926414 -0.550660 -0.424773 -1.191539 0.909629 0.000191
1757663157.983194 -0.012016 -0.008583 -0.098230 0.011635 -0.018948 0.031514 -0.056268 0.033761 0.021935 0.006294 0.015735 -0.002981 -0.037957 -0.031090 0.001335 -0.000191 0.018120 -0.924888 -0.550279 -0.423629 -1.190776 0.909629 0.000191
1757663157.985172 -0.012016 -0.008583 -0.098230 0.011635 -0.018948 0.031514 -0.056268 0.033761 0.021935 0.006294 0.015735 -0.002981 -0.037576 -0.031090 0.001335 -0.000191 0.018120 -0.923362 -0.550279 -0.422103 -1.189631 0.909629 0.000191
1757663157.987170 -0.012398 -0.008583 -0.098230 0.011635 -0.018948 0.031514 -0.056268 0.033761 0.021935 0.006294 0.015735 -0.002981 -0.037194 -0.031472 0.001335 -0.000191 0.018120 -0.921836 -0.550279 -0.420959 -1.188869 0.909629 0.000191
1757663157.989170 -0.012398 -0.008583 -0.098230 0.011635 -0.018948 0.031514 -0.056268 0.033761 0.021935 0.006294 0.015735 -0.002981 -0.036813 -0.031472 0.001335 -0.000191 0.018120 -0.920310 -0.550279 -0.419433 -1.188106 0.909629 0.000191
1757663157.991172 -0.012398 -0.008583 -0.098230 0.011635 -0.018948 0.031514 -0.056268 0.033761 0.021935 0.006294 0.015735 -0.002981 -0.036431 -0.031472 0.001335 -0.000191 0.018120 -0.918784 -0.549897 -0.418288 -1.187343 0.909629 0.000191
1757663157.993171 -0.012398 -0.008583 -0.098612 0.011635 -0.018948 0.031514 -0.056268 0.033761 0.021935 0.006294 0.015735 -0.002981 -0.036431 -0.031472 0.001335 -0.000191 0.018120 -0.917258 -0.549897 -0.416762 -1.186198 0.909629 0.000191
1757663157.995171 -0.012398 -0.008583 -0.098612 0.011635 -0.018948 0.031514 -0.056268 0.033761 0.021935 0.006294 0.015735 -0.002981 -0.036050 -0.031472 0.001335 -0.000191 0.018120 -0.915732 -0.549897 -0.415618 -1.185435 0.909629 0.000191
1757663157.997171 -0.012398 -0.008583 -0.098612 0.011635 -0.018948 0.031514 -0.056268 0.033761 0.021935 0.006294 0.015735 -0.002981 -0.035668 -0.031472 0.001335 -0.000191 0.018120 -0.914207 -0.549516 -0.414092 -1.184672 0.909629 0.000191
1757663157.999172 -0.012398 -0.008583 -0.098612 0.011635 -0.018948 0.031514 -0.056268 0.033761 0.021935 0.006294 0.015735 -0.002981 -0.035287 -0.031472 0.001335 -0.000191 0.018120 -0.912681 -0.549516 -0.412948 -1.183528 0.909629 0.000191
1757663158.001171 -0.012398 -0.008583 -0.098612 0.011635 -0.018948 0.031514 -0.056268 0.033761 0.021935 0.006294 0.015735 -0.002981 -0.034905 -0.031472 0.001335 -0.000191 0.018120 -0.911155 -0.549134 -0.411803 -1.182765 0.909629 0.000191
1757663158.003170 -0.012779 -0.008583 -0.098612 0.011635 -0.018948 0.031514 -0.056268 0.033761 0.021935 0.006294 0.015735 -0.002981 -0.034524 -0.031472 0.001335 -0.000191 0.018120 -0.909247 -0.549134 -0.410277 -1.182002 0.909629 0.000191
1757663158.005173 -0.012779 -0.008583 -0.098612 0.011635 -0.018948 0.031514 -0.056649 0.033761 0.021935 0.006294 0.015735 -0.002981 -0.034142 -0.031472 0.001335 -0.000191 0.018120 -0.907722 -0.549134 -0.409133 -1.181239 0.910010 0.000191
1757663158.007173 -0.012779 -0.008583 -0.098612 0.011635 -0.018948 0.031514 -0.056649 0.033761 0.021935 0.005913 0.015735 -0.002981 -0.033761 -0.031472 0.001335 -0.000191 0.018120 -0.906195 -0.548753 -0.407607 -1.180476 0.910010 0.000191
1757663158.009171 -0.012779 -0.008583 -0.098612 0.011635 -0.018948 0.031514 -0.056649 0.033761 0.021935 0.005913 0.015735 -0.002981 -0.033380 -0.031472 0.001335 -0.000191 0.018120 -0.904669 -0.548753 -0.406463 -1.179332 0.910010 0.000191
1757663158.011185 -0.012779 -0.008583 -0.098993 0.011635 -0.018948 0.031514 -0.056649 0.033761 0.021935 0.005913 0.015735 -0.002981 -0.032998 -0.031472 0.001335 -0.000191 0.018120 -0.903143 -0.548371 -0.405317 -1.178569 0.910010 0.000191
1757663158.013179 -0.012779 -0.008583 -0.098993 0.011635 -0.018948 0.031514 -0.056649 0.033761 0.021935 0.005913 0.015735 -0.002981 -0.032617 -0.031472 0.001335 -0.000191 0.018120 -0.901617 -0.548371 -0.404173 -1.177806 0.910010 0.000191
1757663158.015170 -0.012779 -0.008583 -0.098993 0.011635 -0.018948 0.031514 -0.056649 0.033761 0.021935 0.005913 0.015735 -0.002981 -0.032235 -0.031472 0.001335 -0.000191 0.018120 -0.900091 -0.548371 -0.403028 -1.177043 0.910010 0.000191
1757663158.017198 -0.012779 -0.008583 -0.098993 0.011635 -0.018948 0.031514 -0.056649 0.033761 0.021935 0.005913 0.015735 -0.002981 -0.031854 -0.031472 0.001335 -0.000191 0.018120 -0.898565 -0.547990 -0.401503 -1.176280 0.910010 0.000191
1757663158.019180 -0.013161 -0.008583 -0.098993 0.011635 -0.018948 0.031514 -0.056649 0.033761 0.021935 0.005913 0.015735 -0.002981 -0.031854 -0.031472 0.001335 -0.000191 0.018120 -0.896658 -0.547990 -0.400358 -1.175517 0.910010 0.000191
1757663158.021173 -0.013161 -0.008583 -0.098993 0.011635 -0.018948 0.031514 -0.056649 0.033761 0.021935 0.005913 0.015735 -0.002981 -0.031472 -0.031472 0.001335 -0.000191 0.018120 -0.895132 -0.547608 -0.399214 -1.174754 0.910010 0.000191
1757663158.023174 -0.013161 -0.008583 -0.098993 0.011635 -0.018948 0.031514 -0.056649 0.033761 0.021935 0.005913 0.015735 -0.002981 -0.031090 -0.031472 0.001335 -0.000191 0.018120 -0.893606 -0.547608 -0.397688 -1.173991 0.910010 0.000191
1757663158.025180 -0.013161 -0.008583 -0.098993 0.011635 -0.018948 0.031514 -0.056649 0.033761 0.021935 0.005913 0.015735 -0.002981 -0.030708 -0.031472 0.001335 -0.000191 0.018120 -0.892080 -0.547227 -0.396544 -1.173228 0.910010 0.000191
1757663158.027174 -0.013161 -0.008583 -0.098993 0.011635 -0.018948 0.031514 -0.056649 0.033761 0.021935 0.005531 0.015735 -0.002981 -0.030327 -0.031472 0.001335 -0.000191 0.018120 -0.890554 -0.547227 -0.395399 -1.172465 0.910392 0.000191
1757663158.029172 -0.013161 -0.008583 -0.098993 0.011635 -0.018948 0.031514 -0.056649 0.033761 0.021935 0.005531 0.015735 -0.002981 -0.029945 -0.031472 0.001335 -0.000191 0.018120 -0.888647 -0.547227 -0.393873 -1.171702 0.910392 0.000191
1757663158.031177 -0.013161 -0.008583 -0.099375 0.011253 -0.018948 0.031514 -0.056649 0.033761 0.021935 0.005531 0.015735 -0.002981 -0.029564 -0.031472 0.000954 -0.000191 0.018120 -0.887121 -0.546845 -0.392729 -1.170939 0.910392 0.000191
1757663158.033175 -0.013161 -0.008583 -0.099375 0.011253 -0.018948 0.031514 -0.056649 0.033761 0.021935 0.005531 0.015735 -0.002981 -0.029182 -0.031090 0.000954 -0.000191 0.018120 -0.885595 -0.546845 -0.391584 -1.170177 0.910392 0.000191
1757663158.035170 -0.013161 -0.008583 -0.099375 0.011253 -0.018948 0.031514 -0.056649 0.033761 0.021935 0.005531 0.015735 -0.002981 -0.028801 -0.031090 0.000954 -0.000191 0.018120 -0.884069 -0.546464 -0.390059 -1.169414 0.910392 0.000191
1757663158.037172 -0.013542 -0.008583 -0.099375 0.011253 -0.018948 0.031514 -0.056649 0.033761 0.021935 0.005531 0.015735 -0.002981 -0.028801 -0.031090 0.000954 -0.000191 0.018120 -0.882544 -0.546464 -0.388914 -1.168651 0.910392 0.000191
1757663158.039191 -0.013542 -0.008583 -0.099375 0.011253 -0.018948 0.031514 -0.056649 0.033761 0.021935 0.005531 0.015735 -0.002981 -0.028419 -0.031090 0.000954 -0.000191 0.018120 -0.881018 -0.546082 -0.387388 -1.167888 0.910392 0.000191
1757663158.041194 -0.013542 -0.008583 -0.099375 0.011253 -0.018948 0.031514 -0.056649 0.033761 0.021935 0.005531 0.015735 -0.002981 -0.028038 -0.031090 0.000954 -0.000191 0.018120 -0.879492 -0.546082 -0.386244 -1.167125 0.910392 0.000191
1757663158.043185 -0.013542 -0.008583 -0.099375 0.011253 -0.018948 0.031514 -0.056649 0.033761 0.021935 0.005531 0.015735 -0.002981 -0.027657 -0.031090 0.000954 -0.000191 0.018120 -0.877966 -0.546082 -0.384718 -1.166743 0.910392 0.000191
1757663158.045201 -0.013542 -0.008583 -0.099375 0.011253 -0.018948 0.031514 -0.057031 0.033761 0.021935 0.005150 0.015735 -0.002981 -0.027275 -0.031090 0.000954 -0.000191 0.018120 -0.876440 -0.545701 -0.383574 -1.165980 0.910392 0.000191
1757663158.047192 -0.013542 -0.008583 -0.099375 0.011253 -0.018948 0.031514 -0.057031 0.033761 0.021935 0.005150 0.015735 -0.002981 -0.026894 -0.031090 0.000954 -0.000191 0.018120 -0.874914 -0.545701 -0.382048 -1.165217 0.910392 0.000191
1757663158.049173 -0.013542 -0.008583 -0.099375 0.011253 -0.018948 0.031514 -0.057031 0.033761 0.021935 0.005150 0.015735 -0.002981 -0.026512 -0.031090 0.000954 -0.000191 0.018120 -0.873388 -0.545320 -0.380903 -1.164454 0.910392 0.000191
1757663158.051177 -0.013542 -0.008583 -0.099375 0.011253 -0.018948 0.031514 -0.057031 0.033761 0.021935 0.005150 0.015735 -0.002981 -0.026131 -0.031090 0.000954 -0.000191 0.018120 -0.871862 -0.545320 -0.379377 -1.164073 0.910392 0.000191
1757663158.053171 -0.013542 -0.008583 -0.099756 0.011253 -0.018948 0.031514 -0.057031 0.033761 0.021935 0.005150 0.015735 -0.002981 -0.026131 -0.031090 0.000954 -0.000191 0.018120 -0.870337 -0.544938 -0.378233 -1.163310 0.910773 0.000191
1757663158.055179 -0.013924 -0.008583 -0.099756 0.011253 -0.018948 0.031514 -0.057031 0.033761 0.021935 0.005150 0.015735 -0.002981 -0.025749 -0.031090 0.000954 -0.000191 0.018120 -0.868811 -0.544938 -0.376707 -1.162547 0.910773 0.000191
1757663158.057171 -0.013924 -0.008583 -0.099756 0.011253 -0.018948 0.031514 -0.057031 0.033380 0.021553 0.005150 0.015735 -0.002981 -0.025368 -0.031090 0.000954 -0.000191 0.018120 -0.867285 -0.544938 -0.375181 -1.161784 0.910773 0.000191
1757663158.059170 -0.013924 -0.008583 -0.099756 0.011253 -0.018948 0.031514 -0.057031 0.033380 0.021553 0.005150 0.015735 -0.002981 -0.024986 -0.031090 0.000954 -0.000191 0.018120 -0.865759 -0.544557 -0.374037 -1.161021 0.910773 0.000191
1757663158.061214 -0.013924 -0.008583 -0.099756 0.011253 -0.018948 0.031514 -0.057031 0.033380 0.021553 0.005150 0.015735 -0.002981 -0.024605 -0.031090 0.000954 -0.000191 0.018120 -0.864233 -0.544557 -0.372511 -1.160258 0.910773 0.000191
1757663158.063196 -0.013924 -0.008583 -0.099756 0.011253 -0.018948 0.031514 -0.057031 0.033380 0.021553 0.005150 0.015735 -0.002981 -0.024223 -0.031090 0.000954 -0.000191 0.018120 -0.862707 -0.544175 -0.370985 -1.159877 0.910773 0.000191
1757663158.065169 -0.013924 -0.008583 -0.099756 0.011253 -0.018948 0.031514 -0.057031 0.033761 0.021553 0.005150 0.015735 -0.002981 -0.023842 -0.031090 0.000954 -0.000191 0.018120 -0.861181 -0.544175 -0.369459 -1.159114 0.910773 0.000191
1757663158.067171 -0.013924 -0.008583 -0.099756 0.011253 -0.018948 0.031514 -0.057031 0.033761 0.021553 0.005150 0.015735 -0.002981 -0.023842 -0.031090 0.000954 -0.000191 0.018120 -0.859655 -0.543794 -0.368315 -1.158351 0.910773 0.000191
1757663158.069170 -0.013924 -0.008583 -0.099756 0.011253 -0.018948 0.031514 -0.057031 0.033380 0.021553 0.005150 0.015735 -0.002981 -0.023460 -0.031090 0.000954 -0.000191 0.018120 -0.858130 -0.543794 -0.366789 -1.157588 0.911155 0.000191
1757663158.071167 -0.013924 -0.008583 -0.099756 0.011253 -0.018948 0.031514 -0.057031 0.033761 0.021553 0.005150 0.015735 -0.002981 -0.023079 -0.031090 0.000954 -0.000191 0.018120 -0.856604 -0.543794 -0.365263 -1.156825 0.911155 0.000191
1757663158.073209 -0.014305 -0.008583 -0.099756 0.011253 -0.018948 0.031514 -0.057031 0.033380 0.021553 0.005150 0.015735 -0.002981 -0.022697 -0.031090 0.000954 -0.000191 0.018120 -0.854696 -0.543412 -0.364119 -1.156061 0.911155 0.000191
1757663158.075183 -0.014305 -0.008583 -0.100138 0.011253 -0.018948 0.031514 -0.057031 0.033380 0.021553 0.005150 0.015735 -0.002981 -0.022316 -0.031090 0.000954 -0.000191 0.018120 -0.853170 -0.543412 -0.362593 -1.155298 0.911155 0.000191
1757663158.077163 -0.014305 -0.008583 -0.100138 0.011253 -0.018948 0.031514 -0.057031 0.033380 0.021553 0.005150 0.015735 -0.002981 -0.021935 -0.031090 0.000954 -0.000191 0.018120 -0.852026 -0.543031 -0.361067 -1.154535 0.911155 0.000191
1757663158.079187 -0.014305 -0.008583 -0.100138 0.011253 -0.018948 0.031514 -0.057031 0.033380 0.021553 0.005150 0.015735 -0.002981 -0.021935 -0.031090 0.000954 -0.000191 0.018120 -0.850119 -0.543031 -0.359922 -1.153772 0.911155 0.000191
1757663158.081176 -0.014305 -0.008583 -0.100138 0.011253 -0.018948 0.031514 -0.057031 0.033380 0.021553 0.005150 0.015735 -0.002981 -0.021553 -0.031090 0.000954 -0.000191 0.018120 -0.848593 -0.542649 -0.358397 -1.153009 0.911155 0.000191
1757663158.083176 -0.014305 -0.008583 -0.100138 0.011253 -0.018813 0.031262 -0.057031 0.033380 0.021553 0.005150 0.015735 -0.002981 -0.021172 -0.031090 0.000954 -0.000191 0.018120 -0.847067 -0.542268 -0.356871 -1.152246 0.911536 0.000191
1757663158.085174 -0.014305 -0.008583 -0.100138 0.011253 -0.018948 0.031514 -0.057412 0.033380 0.021553 0.005150 0.015735 -0.002981 -0.020790 -0.031090 0.000954 -0.000191 0.018120 -0.845541 -0.542268 -0.355726 -1.151484 0.911536 0.000191
1757663158.087173 -0.014305 -0.008583 -0.100138 0.011253 -0.018813 0.031262 -0.057412 0.033380 0.021553 0.005150 0.015735 -0.002981 -0.020790 -0.031090 0.000954 -0.000191 0.018120 -0.844015 -0.541886 -0.354200 -1.150721 0.911536 0.000191
1757663158.089170 -0.014305 -0.008583 -0.100138 0.011253 -0.018813 0.031262 -0.057412 0.033380 0.021553 0.005150 0.015735 -0.002981 -0.020409 -0.031090 0.000954 -0.000191 0.018120 -0.842488 -0.541886 -0.352674 -1.149958 0.911536 0.000191
1757663158.091170 -0.014687 -0.008583 -0.100138 0.011253 -0.018813 0.031262 -0.057412 0.033380 0.021553 0.005150 0.015735 -0.002981 -0.020027 -0.031090 0.000954 -0.000191 0.018120 -0.840962 -0.541505 -0.351530 -1.149195 0.911536 0.000191
1757663158.093173 -0.014687 -0.008583 -0.100138 0.011253 -0.018813 0.031262 -0.057412 0.033380 0.021553 0.005150 0.015735 -0.002981 -0.019646 -0.031090 0.000954 -0.000191 0.018120 -0.839437 -0.541123 -0.350004 -1.148432 0.911536 0.000191
1757663158.095172 -0.014687 -0.008583 -0.100138 0.011253 -0.018813 0.031262 -0.057412 0.033380 0.021553 0.005150 0.015735 -0.002981 -0.019646 -0.031090 0.000954 -0.000191 0.018120 -0.837911 -0.541123 -0.348478 -1.147669 0.911536 0.000191
1757663158.097173 -0.014687 -0.008965 -0.100519 0.011253 -0.018813 0.031262 -0.057412 0.033380 0.021553 0.005150 0.015735 -0.002981 -0.019264 -0.031090 0.000954 -0.000191 0.018120 -0.836385 -0.540742 -0.347334 -1.146906 0.911536 0.000191
1757663158.099171 -0.014687 -0.008965 -0.100519 0.011253 -0.018813 0.031262 -0.057412 0.033380 0.021553 0.005150 0.015735 -0.002981 -0.018883 -0.031090 0.000954 -0.000191 0.018120 -0.834859 -0.540742 -0.345808 -1.146143 0.911918 0.000191
1757663158.101192 -0.014687 -0.008965 -0.100519 0.011253 -0.018813 0.031262 -0.057412 0.033380 0.021553 0.005150 0.015735 -0.002981 -0.018501 -0.031090 0.000954 -0.000191 0.018120 -0.833333 -0.540360 -0.344282 -1.145380 0.911918 0.000191
1757663158.103219 -0.014687 -0.008965 -0.100519 0.011253 -0.018813 0.031262 -0.057412 0.033380 0.021553 0.005150 0.015735 -0.002981 -0.018501 -0.031090 0.000954 -0.000191 0.018120 -0.831807 -0.539979 -0.343137 -1.144617 0.911918 0.000191
1757663158.105192 -0.014687 -0.008965 -0.100519 0.011253 -0.018813 0.031262 -0.057794 0.033380 0.021553 0.005150 0.015735 -0.002981 -0.018120 -0.031090 0.000954 -0.000191 0.018120 -0.830281 -0.539598 -0.341611 -1.143854 0.911918 0.000191
1757663158.107193 -0.014687 -0.008965 -0.100519 0.011253 -0.018813 0.031262 -0.057794 0.033380 0.021553 0.005150 0.015735 -0.002981 -0.017738 -0.031090 0.000954 -0.000191 0.018120 -0.828374 -0.539598 -0.340466 -1.143091 0.911918 0.000191
1757663158.109171 -0.015068 -0.008965 -0.100519 0.011253 -0.018813 0.031262 -0.057794 0.033380 0.021553 0.005150 0.015735 -0.002981 -0.017738 -0.031090 0.000954 -0.000191 0.018120 -0.826848 -0.539216 -0.338941 -1.141947 0.911918 0.000191
1757663158.111170 -0.015068 -0.008965 -0.100519 0.011253 -0.018813 0.031262 -0.057794 0.033380 0.021553 0.005150 0.015735 -0.002981 -0.017357 -0.031090 0.000954 -0.000191 0.018120 -0.825322 -0.538835 -0.337796 -1.141184 0.911918 0.000191
1757663158.113173 -0.015068 -0.008965 -0.100519 0.011253 -0.018813 0.031262 -0.057794 0.033380 0.021553 0.005150 0.015735 -0.002981 -0.016975 -0.031090 0.000954 -0.000191 0.018120 -0.823796 -0.538835 -0.336270 -1.140421 0.911918 0.000191
1757663158.115220 -0.015068 -0.008965 -0.100519 0.011253 -0.018813 0.031262 -0.057794 0.033380 0.021553 0.005150 0.015735 -0.002981 -0.016975 -0.031090 0.000954 -0.000191 0.018120 -0.822270 -0.538453 -0.335126 -1.139658 0.912299 0.000191
1757663158.117176 -0.015068 -0.008965 -0.100519 0.011253 -0.018813 0.031262 -0.057794 0.033380 0.021553 0.005150 0.015735 -0.002981 -0.016594 -0.031090 0.000954 -0.000191 0.018120 -0.820745 -0.538072 -0.333600 -1.138895 0.912299 0.000191
1757663158.119186 -0.015068 -0.008965 -0.100519 0.011253 -0.018813 0.031262 -0.057794 0.033380 0.021553 0.005150 0.015735 -0.002981 -0.016212 -0.031090 0.000954 -0.000191 0.018120 -0.819219 -0.537690 -0.332074 -1.138132 0.912299 0.000191
1757663158.121179 -0.015068 -0.008965 -0.100519 0.011253 -0.018813 0.031262 -0.057794 0.033380 0.021553 0.005150 0.015735 -0.002981 -0.016212 -0.031090 0.000954 -0.000191 0.018120 -0.817693 -0.537309 -0.330930 -1.137369 0.912299 0.000191
1757663158.123175 -0.015068 -0.008965 -0.100901 0.011253 -0.018813 0.031262 -0.058175 0.033380 0.021553 0.005150 0.015735 -0.002981 -0.015831 -0.031090 0.000954 -0.000191 0.018120 -0.816167 -0.537309 -0.329404 -1.136606 0.912299 0.000191
1757663158.125191 -0.015450 -0.008965 -0.100901 0.011253 -0.018813 0.031262 -0.058175 0.033380 0.021553 0.005150 0.015735 -0.002981 -0.015831 -0.031090 0.000954 -0.000191 0.018120 -0.814641 -0.536927 -0.328259 -1.135462 0.912299 0.000191
1757663158.127173 -0.015450 -0.008965 -0.100901 0.011253 -0.018813 0.031262 -0.058175 0.033380 0.021553 0.005150 0.015735 -0.002981 -0.015450 -0.031090 0.000954 -0.000191 0.018120 -0.813115 -0.536546 -0.327115 -1.134699 0.912299 0.000191
1757663158.129198 -0.015450 -0.009346 -0.100901 0.011253 -0.018813 0.031262 -0.058175 0.032998 0.021553 0.005150 0.015735 -0.002981 -0.015450 -0.031090 0.000954 -0.000191 0.018120 -0.811208 -0.536164 -0.325589 -1.133936 0.912681 0.000191
1757663158.131170 -0.015450 -0.009346 -0.100901 0.011253 -0.018813 0.031262 -0.058175 0.032998 0.021553 0.005150 0.015735 -0.002981 -0.015068 -0.031090 0.000954 -0.000191 0.018120 -0.809682 -0.536164 -0.324445 -1.133173 0.912681 0.000191
1757663158.133186 -0.015450 -0.009346 -0.100901 0.011253 -0.018813 0.031262 -0.058175 0.032998 0.021553 0.005150 0.015735 -0.002981 -0.015068 -0.031090 0.000572 -0.000191 0.018120 -0.808156 -0.535783 -0.323300 -1.132410 0.912681 0.000191
1757663158.135249 -0.015450 -0.009346 -0.100901 0.011253 -0.018813 0.031262 -0.058175 0.032998 0.021553 0.005150 0.015735 -0.002981 -0.014687 -0.031090 0.000572 -0.000191 0.018120 -0.806630 -0.535401 -0.321774 -1.131647 0.912681 0.000191
1757663158.137222 -0.015450 -0.009346 -0.100901 0.011253 -0.018813 0.031262 -0.058175 0.032998 0.021553 0.005150 0.015735 -0.002981 -0.014687 -0.031090 0.000572 -0.000191 0.018120 -0.805104 -0.535020 -0.320630 -1.130503 0.912681 0.000191
1757663158.139229 -0.015450 -0.009346 -0.100901 0.011253 -0.018813 0.031262 -0.058175 0.032998 0.021553 0.005150 0.015735 -0.002981 -0.014305 -0.031090 0.000572 -0.000191 0.018120 -0.803578 -0.535020 -0.319486 -1.129740 0.912681 0.000191
1757663158.141230 -0.015450 -0.009346 -0.100901 0.011253 -0.018813 0.031262 -0.058557 0.032998 0.021553 0.005150 0.015735 -0.002981 -0.014305 -0.031090 0.000572 -0.000191 0.018120 -0.801671 -0.534638 -0.317960 -1.128977 0.912681 0.000191
1757663158.143252 -0.015831 -0.009346 -0.100901 0.011253 -0.018813 0.031262 -0.058557 0.032998 0.021553 0.005150 0.015735 -0.002981 -0.013924 -0.031090 0.000572 -0.000191 0.018120 -0.800145 -0.534257 -0.316815 -1.127832 0.913062 0.000191
1757663158.145233 -0.015831 -0.009346 -0.101282 0.011253 -0.018813 0.031262 -0.058557 0.032998 0.021553 0.005150 0.015735 -0.002981 -0.013924 -0.031090 0.000572 -0.000191 0.018120 -0.798619 -0.533875 -0.315289 -1.127069 0.913062 0.000191
1757663158.147234 -0.015831 -0.009346 -0.101282 0.011253 -0.018813 0.031262 -0.058557 0.032998 0.021553 0.005150 0.015735 -0.002981 -0.013542 -0.031090 0.000572 -0.000191 0.018120 -0.797093 -0.533875 -0.314145 -1.126307 0.913062 0.000191
1757663158.149248 -0.015831 -0.009346 -0.101282 0.011253 -0.018813 0.031262 -0.058557 0.032998 0.021553 0.005150 0.015735 -0.002981 -0.013542 -0.031090 0.000572 -0.000191 0.018120 -0.795186 -0.533494 -0.313001 -1.125162 0.913062 0.000191
1757663158.151231 -0.015831 -0.009346 -0.101282 0.011253 -0.018813 0.031262 -0.058557 0.032998 0.021553 0.005150 0.015735 -0.002981 -0.013161 -0.031090 0.000572 -0.000191 0.018120 -0.793660 -0.533113 -0.311475 -1.124399 0.913062 0.000191
1757663158.153253 -0.015831 -0.009727 -0.101282 0.011253 -0.018813 0.031262 -0.058557 0.032998 0.021553 0.005150 0.015735 -0.002981 -0.013161 -0.031090 0.000572 -0.000191 0.018120 -0.791753 -0.532731 -0.310330 -1.123255 0.913062 0.000191
1757663158.155228 -0.015831 -0.009727 -0.101282 0.011253 -0.018813 0.031262 -0.058557 0.032617 0.021553 0.005150 0.015735 -0.002981 -0.012779 -0.031090 0.000572 -0.000191 0.018120 -0.790227 -0.532731 -0.309186 -1.122492 0.913444 0.000191
1757663158.157267 -0.015831 -0.009727 -0.101282 0.011253 -0.018813 0.031262 -0.058557 0.032617 0.021553 0.005150 0.015735 -0.002981 -0.012779 -0.031090 0.000572 -0.000191 0.018120 -0.788320 -0.532350 -0.307660 -1.121347 0.913444 0.000191
1757663158.159229 -0.015831 -0.009727 -0.101282 0.011253 -0.018813 0.031262 -0.058557 0.032617 0.021553 0.005150 0.015735 -0.002981 -0.012779 -0.031090 0.000572 -0.000191 0.018120 -0.786794 -0.531968 -0.306516 -1.120584 0.913444 0.000191
1757663158.161248 -0.016212 -0.009727 -0.101282 0.011253 -0.018813 0.031262 -0.058557 0.032617 0.021553 0.005150 0.015735 -0.002981 -0.012398 -0.031090 0.000572 -0.000191 0.018120 -0.784886 -0.531587 -0.304990 -1.119440 0.913444 0.000191
1757663158.163623 -0.016212 -0.009727 -0.101282 0.011253 -0.018813 0.031262 -0.058938 0.032617 0.021553 0.005150 0.015735 -0.002981 -0.012398 -0.031090 0.000572 -0.000191 0.018120 -0.783360 -0.531587 -0.303845 -1.118677 0.913444 0.000191
1757663158.165222 -0.016212 -0.009727 -0.101282 0.011253 -0.018813 0.031262 -0.058938 0.032617 0.021553 0.005150 0.015735 -0.002981 -0.012398 -0.031090 0.000572 -0.000191 0.018120 -0.781453 -0.531204 -0.302320 -1.117533 0.913444 0.000191
1757663158.167267 -0.016212 -0.009727 -0.101282 0.011253 -0.018813 0.031262 -0.058938 0.032617 0.021553 0.005150 0.015735 -0.002981 -0.012016 -0.031090 0.000572 -0.000191 0.018120 -0.779545 -0.530823 -0.301175 -1.116770 0.913444 0.000191
1757663158.169230 -0.016212 -0.009727 -0.101664 0.011253 -0.018813 0.031262 -0.058938 0.032617 0.021553 0.005150 0.015735 -0.002981 -0.012016 -0.031090 0.000572 -0.000191 0.018120 -0.778019 -0.530441 -0.299649 -1.115625 0.913825 0.000191
1757663158.171271 -0.016212 -0.009727 -0.101664 0.011253 -0.018813 0.031262 -0.058938 0.032617 0.021553 0.005150 0.015735 -0.002981 -0.011635 -0.031090 0.000572 -0.000191 0.018120 -0.776112 -0.530060 -0.298505 -1.114481 0.913825 0.000191
1757663158.173233 -0.016212 -0.009727 -0.101664 0.011253 -0.018813 0.031262 -0.058938 0.032617 0.021553 0.005150 0.015735 -0.002981 -0.011635 -0.031090 0.000572 -0.000191 0.018120 -0.774204 -0.530060 -0.296979 -1.113718 0.913825 0.000191
1757663158.175241 -0.016212 -0.010109 -0.101664 0.011253 -0.018813 0.031262 -0.058938 0.032617 0.021553 0.005150 0.015735 -0.002981 -0.011635 -0.031090 0.000572 -0.000191 0.018120 -0.772297 -0.529678 -0.295835 -1.112574 0.913825 0.000191
1757663158.177225 -0.016594 -0.010109 -0.101664 0.011253 -0.018813 0.031262 -0.058938 0.032617 0.021553 0.005150 0.015735 -0.002981 -0.011253 -0.031090 0.000572 -0.000191 0.018120 -0.770771 -0.529297 -0.294309 -1.111429 0.913825 0.000191
1757663158.179247 -0.016594 -0.010109 -0.101664 0.011253 -0.018813 0.031262 -0.058938 0.032235 0.021553 0.005150 0.015735 -0.002981 -0.011253 -0.031090 0.000572 -0.000191 0.018120 -0.768864 -0.528915 -0.293164 -1.110285 0.913825 0.000191
1757663158.181230 -0.016594 -0.010109 -0.101664 0.011253 -0.018813 0.031262 -0.058938 0.032235 0.021553 0.005150 0.015735 -0.002981 -0.011253 -0.031090 0.000572 -0.000191 0.018120 -0.766956 -0.528534 -0.291638 -1.109140 0.914207 0.000191
1757663158.183244 -0.016594 -0.010109 -0.101664 0.011253 -0.018813 0.031262 -0.058938 0.032235 0.021553 0.005150 0.015735 -0.002981 -0.010872 -0.031090 0.000572 -0.000191 0.018120 -0.765049 -0.528534 -0.290494 -1.108377 0.914207 0.000191
1757663158.185230 -0.016594 -0.010109 -0.101664 0.011253 -0.018813 0.031262 -0.058938 0.032235 0.021553 0.005150 0.015735 -0.002981 -0.010872 -0.031090 0.000572 -0.000191 0.018120 -0.763142 -0.528152 -0.288968 -1.107233 0.914207 0.000191
1757663158.187238 -0.016594 -0.010109 -0.101664 0.011253 -0.018813 0.031262 -0.059319 0.032235 0.021553 0.005150 0.015735 -0.002981 -0.010872 -0.031090 0.000572 -0.000191 0.018120 -0.761234 -0.527771 -0.287824 -1.106089 0.914207 0.000191
1757663158.189662 -0.016594 -0.010109 -0.101664 0.011253 -0.018813 0.031262 -0.059319 0.032235 0.021553 0.005150 0.015735 -0.002981 -0.010490 -0.031090 0.000572 -0.000191 0.018120 -0.759327 -0.527390 -0.286298 -1.104944 0.914207 0.000191
1757663158.191228 -0.016594 -0.010109 -0.102045 0.011253 -0.018675 0.031518 -0.059319 0.032235 0.021553 0.005150 0.015735 -0.002981 -0.010490 -0.031090 0.000572 -0.000191 0.018120 -0.757420 -0.527008 -0.285153 -1.104181 0.914207 0.000191
1757663158.193747 -0.016594 -0.010109 -0.102045 0.011253 -0.018675 0.031518 -0.059319 0.032235 0.021553 0.005150 0.015735 -0.002981 -0.010490 -0.031090 0.000191 -0.000191 0.018120 -0.755512 -0.527008 -0.283628 -1.103037 0.914588 0.000191
1757663158.195226 -0.016975 -0.010490 -0.102045 0.011253 -0.018675 0.031518 -0.059319 0.032235 0.021553 0.005150 0.015735 -0.002981 -0.010109 -0.031090 0.000191 -0.000191 0.018120 -0.753605 -0.526627 -0.282483 -1.101892 0.914588 0.000191
1757663158.197236 -0.016975 -0.010490 -0.102045 0.011253 -0.018675 0.031518 -0.059319 0.032235 0.021553 0.005150 0.015735 -0.002981 -0.010109 -0.031090 0.000191 -0.000191 0.018120 -0.751698 -0.526245 -0.280956 -1.100748 0.914588 0.000191
1757663158.199238 -0.016975 -0.010490 -0.102045 0.011253 -0.018675 0.031518 -0.059319 0.031854 0.021553 0.005150 0.015735 -0.002981 -0.010109 -0.031090 0.000191 -0.000191 0.018120 -0.749790 -0.525864 -0.279812 -1.099985 0.914588 0.000191
1757663158.201237 -0.016975 -0.010490 -0.102045 0.011253 -0.018675 0.031518 -0.059319 0.031854 0.021553 0.005150 0.015735 -0.002981 -0.009727 -0.031090 0.000191 -0.000191 0.018120 -0.747883 -0.525482 -0.278667 -1.098841 0.914588 0.000191
1757663158.203228 -0.016975 -0.010490 -0.102045 0.011253 -0.018675 0.031518 -0.059319 0.031854 0.021553 0.005150 0.015735 -0.002981 -0.009727 -0.031090 0.000191 -0.000191 0.018120 -0.745975 -0.525101 -0.277142 -1.097696 0.914588 0.000191
1757663158.205237 -0.016975 -0.010490 -0.102045 0.011253 -0.018675 0.031518 -0.059701 0.031854 0.021553 0.005150 0.015735 -0.002981 -0.009727 -0.031090 0.000191 -0.000191 0.018120 -0.743687 -0.525101 -0.275997 -1.096552 0.914969 0.000191
1757663158.207233 -0.016975 -0.010490 -0.102045 0.011253 -0.018675 0.031518 -0.059701 0.031854 0.021553 0.005150 0.015735 -0.002981 -0.009346 -0.031090 0.000191 -0.000191 0.018120 -0.741779 -0.524719 -0.274471 -1.095407 0.914969 0.000191
1757663158.209229 -0.016975 -0.010490 -0.102045 0.011253 -0.018675 0.031518 -0.059701 0.031854 0.021553 0.005150 0.015735 -0.002981 -0.009346 -0.031090 0.000191 -0.000191 0.018120 -0.739872 -0.524338 -0.273327 -1.094263 0.914969 0.000191
1757663158.211231 -0.017357 -0.010490 -0.102045 0.011253 -0.018675 0.031518 -0.059701 0.031854 0.021553 0.005150 0.015735 -0.002981 -0.009346 -0.031090 0.000191 -0.000191 0.018120 -0.737965 -0.523956 -0.272182 -1.093118 0.914969 0.000191
1757663158.213231 -0.017357 -0.010872 -0.102045 0.011253 -0.018675 0.031518 -0.059701 0.031854 0.021553 0.005150 0.015871 -0.003237 -0.008965 -0.031090 0.000191 -0.000191 0.018120 -0.736057 -0.523956 -0.271038 -1.091973 0.914969 0.000191
1757663158.215230 -0.017357 -0.010872 -0.102045 0.011253 -0.018675 0.031518 -0.059701 0.031854 0.021553 0.005150 0.015871 -0.003237 -0.008965 -0.031090 0.000191 -0.000191 0.018120 -0.734150 -0.523575 -0.269512 -1.090829 0.914969 0.000191
1757663158.217227 -0.017357 -0.010872 -0.102045 0.011253 -0.018675 0.031518 -0.059701 0.031854 0.021553 0.005150 0.015871 -0.003237 -0.008965 -0.031090 0.000191 -0.000191 0.018120 -0.731861 -0.523193 -0.268368 -1.089684 0.915351 0.000191
1757663158.219229 -0.017357 -0.010872 -0.102045 0.011253 -0.018675 0.031518 -0.059701 0.031472 0.021553 0.005150 0.015871 -0.003237 -0.008583 -0.031090 0.000191 -0.000191 0.018120 -0.729954 -0.522812 -0.267223 -1.088540 0.915351 0.000191
1757663158.221227 -0.017357 -0.010872 -0.102045 0.011253 -0.018675 0.031518 -0.059701 0.031472 0.021553 0.005150 0.015871 -0.003237 -0.008583 -0.031090 0.000191 -0.000191 0.018120 -0.728046 -0.522812 -0.266079 -1.087777 0.915351 0.000191
1757663158.223228 -0.017357 -0.010872 -0.102427 0.011253 -0.018675 0.031518 -0.060082 0.031472 0.021553 0.005150 0.015871 -0.003237 -0.008583 -0.031090 0.000191 -0.000191 0.018120 -0.726139 -0.522430 -0.264553 -1.086633 0.915351 0.000191
1757663158.225229 -0.017357 -0.010872 -0.102427 0.011253 -0.018675 0.031518 -0.060082 0.031472 0.021553 0.005150 0.015871 -0.003237 -0.008202 -0.031090 0.000191 -0.000191 0.018120 -0.723850 -0.522049 -0.263409 -1.085488 0.915351 0.000191
1757663158.227232 -0.017357 -0.010872 -0.102427 0.011253 -0.018675 0.031518 -0.060082 0.031472 0.021553 0.005150 0.015871 -0.003237 -0.008202 -0.031090 0.000191 -0.000191 0.018120 -0.721943 -0.521667 -0.262264 -1.084344 0.915732 0.000191
1757663158.229211 -0.017738 -0.010872 -0.102427 0.011253 -0.018675 0.031518 -0.060082 0.031472 0.021553 0.005150 0.015871 -0.003237 -0.008202 -0.031090 0.000191 -0.000191 0.018120 -0.720036 -0.521667 -0.261120 -1.082818 0.915732 0.000191
1757663158.231218 -0.017738 -0.010872 -0.102427 0.011253 -0.018675 0.031518 -0.060082 0.031472 0.021553 0.005150 0.015871 -0.003237 -0.008202 -0.031090 0.000191 -0.000191 0.018120 -0.717746 -0.521286 -0.259975 -1.081674 0.915732 0.000191
1757663158.233232 -0.017738 -0.011253 -0.102427 0.011253 -0.018675 0.031518 -0.060082 0.031472 0.021553 0.005150 0.015871 -0.003237 -0.007820 -0.031090 0.000191 -0.000191 0.018120 -0.715838 -0.520905 -0.258831 -1.080529 0.915732 0.000191
1757663158.235198 -0.017738 -0.011253 -0.102427 0.011253 -0.018675 0.031518 -0.060082 0.031472 0.021553 0.005150 0.015871 -0.003237 -0.007820 -0.031090 0.000191 -0.000191 0.018120 -0.713550 -0.520905 -0.257687 -1.079385 0.915732 0.000191
1757663158.237176 -0.017738 -0.011253 -0.102427 0.011635 -0.018675 0.031518 -0.060082 0.031472 0.021553 0.005150 0.015871 -0.003237 -0.007820 -0.031090 0.000191 -0.000191 0.018120 -0.711642 -0.520523 -0.256542 -1.078240 0.915732 0.000191
1757663158.239172 -0.017738 -0.011253 -0.102427 0.011635 -0.018675 0.031518 -0.060082 0.031090 0.021553 0.005150 0.015871 -0.003237 -0.007439 -0.031090 0.000191 -0.000191 0.018120 -0.709735 -0.520142 -0.255398 -1.077096 0.916114 0.000191
1757663158.241170 -0.017738 -0.011253 -0.102427 0.011635 -0.018675 0.031518 -0.060464 0.031090 0.021553 0.005150 0.015871 -0.003237 -0.007439 -0.031090 0.000191 -0.000191 0.018120 -0.707446 -0.519760 -0.254253 -1.075952 0.916114 0.000191
1757663158.243224 -0.017738 -0.011253 -0.102427 0.011635 -0.018675 0.031518 -0.060464 0.031090 0.021553 0.005150 0.015871 -0.003237 -0.007439 -0.031090 0.000191 -0.000191 0.018120 -0.705539 -0.519379 -0.253109 -1.074807 0.916114 0.000191
1757663158.245173 -0.017738 -0.011253 -0.102427 0.011635 -0.018675 0.031518 -0.060464 0.031090 0.021553 0.005150 0.015871 -0.003237 -0.007439 -0.031090 -0.000191 -0.000191 0.018120 -0.703250 -0.519379 -0.251965 -1.073281 0.916114 0.000191
1757663158.247166 -0.018120 -0.011253 -0.102427 0.011635 -0.018675 0.031518 -0.060464 0.031090 0.021553 0.005150 0.015871 -0.003237 -0.007057 -0.031090 -0.000191 -0.000191 0.018120 -0.701343 -0.518997 -0.250820 -1.072137 0.916114 0.000191
1757663158.249171 -0.018120 -0.011253 -0.102427 0.011635 -0.018675 0.031518 -0.060464 0.031090 0.021553 0.005150 0.015871 -0.003237 -0.007057 -0.031090 -0.000191 -0.000191 0.018120 -0.699054 -0.518616 -0.249676 -1.070992 0.916495 0.000191
1757663158.251168 -0.018120 -0.011635 -0.102427 0.011635 -0.018675 0.031518 -0.060464 0.031090 0.021553 0.005150 0.015871 -0.003237 -0.007057 -0.031090 -0.000191 -0.000191 0.018120 -0.697146 -0.518234 -0.248531 -1.069848 0.916495 0.000191
1757663158.253169 -0.018120 -0.011635 -0.102427 0.011635 -0.018675 0.031518 -0.060464 0.031090 0.021553 0.005150 0.015871 -0.003237 -0.007057 -0.031090 -0.000191 -0.000191 0.018120 -0.695239 -0.517853 -0.247387 -1.068322 0.916495 0.000191
1757663158.255168 -0.018120 -0.011635 -0.102427 0.011635 -0.018675 0.031518 -0.060464 0.031090 0.021553 0.005150 0.015871 -0.003237 -0.007057 -0.031090 -0.000191 -0.000191 0.018120 -0.692950 -0.517853 -0.246243 -1.067178 0.916495 0.000191
1757663158.257166 -0.018120 -0.011635 -0.102427 0.011635 -0.018675 0.031518 -0.060464 0.031090 0.021553 0.005150 0.015871 -0.003237 -0.006676 -0.031090 -0.000191 -0.000191 0.018120 -0.691043 -0.517471 -0.245098 -1.066033 0.916495 0.000191
1757663158.259209 -0.018120 -0.011635 -0.102427 0.011635 -0.018675 0.031518 -0.060845 0.030708 0.021553 0.005150 0.015871 -0.003237 -0.006676 -0.031090 -0.000191 -0.000191 0.018120 -0.688754 -0.517090 -0.243954 -1.064507 0.916877 0.000191
1757663158.261216 -0.018120 -0.011635 -0.102427 0.011635 -0.018675 0.031518 -0.060845 0.030708 0.021553 0.005150 0.015871 -0.003237 -0.006676 -0.031090 -0.000191 -0.000191 0.018120 -0.686847 -0.516708 -0.242809 -1.063363 0.916877 0.000191
1757663158.263208 -0.018501 -0.011635 -0.102427 0.011635 -0.018675 0.031518 -0.060845 0.030708 0.021553 0.005150 0.015871 -0.003237 -0.006676 -0.031090 -0.000191 -0.000191 0.018120 -0.684558 -0.516708 -0.241665 -1.062219 0.916877 0.000191
1757663158.265199 -0.018501 -0.011635 -0.102427 0.011635 -0.018675 0.031518 -0.060845 0.030708 0.021553 0.005150 0.015871 -0.003237 -0.006676 -0.031090 -0.000191 -0.000191 0.018120 -0.682651 -0.516327 -0.240520 -1.061074 0.916877 0.000191
1757663158.267194 -0.018501 -0.011635 -0.102427 0.011635 -0.018675 0.031518 -0.060845 0.030708 0.021553 0.005150 0.015871 -0.003237 -0.006294 -0.031090 -0.000191 -0.000191 0.018120 -0.680362 -0.515945 -0.239376 -1.059548 0.916877 0.000191
1757663158.269201 -0.018501 -0.012016 -0.102427 0.011635 -0.018675 0.031518 -0.060845 0.030708 0.021553 0.005150 0.015871 -0.003237 -0.006294 -0.031090 -0.000191 -0.000191 0.018120 -0.678454 -0.515945 -0.238232 -1.058404 0.917258 0.000191
1757663158.271196 -0.018501 -0.012016 -0.102427 0.011635 -0.018675 0.031518 -0.060845 0.030708 0.021553 0.005150 0.015871 -0.003237 -0.006294 -0.031090 -0.000191 -0.000191 0.018120 -0.676166 -0.515564 -0.237087 -1.057260 0.917258 0.000191
1757663158.273197 -0.018501 -0.012016 -0.102427 0.011635 -0.018675 0.031518 -0.060845 0.030708 0.021553 0.005150 0.015871 -0.003237 -0.006294 -0.031090 -0.000191 -0.000191 0.018120 -0.673877 -0.515182 -0.235943 -1.056115 0.917258 0.000191
1757663158.275183 -0.018501 -0.012016 -0.102427 0.011635 -0.018675 0.031518 -0.060845 0.030708 0.021553 0.005150 0.015871 -0.003237 -0.006294 -0.031090 -0.000191 -0.000191 0.018120 -0.671969 -0.514801 -0.234798 -1.054589 0.917258 0.000191
1757663158.277179 -0.018501 -0.012016 -0.102427 0.011635 -0.018675 0.031518 -0.061227 0.030327 0.021553 0.005150 0.015871 -0.003237 -0.005913 -0.031090 -0.000191 -0.000191 0.018120 -0.669681 -0.514801 -0.233654 -1.053445 0.917640 0.000191
1757663158.279174 -0.018501 -0.012016 -0.102427 0.011635 -0.018675 0.031518 -0.061227 0.030327 0.021553 0.005150 0.015871 -0.003237 -0.005913 -0.031090 -0.000191 -0.000191 0.018120 -0.667392 -0.514420 -0.232510 -1.052300 0.917640 0.000191
1757663158.281171 -0.018883 -0.012016 -0.102427 0.011635 -0.018675 0.031518 -0.061227 0.030327 0.021553 0.005150 0.015871 -0.003237 -0.005913 -0.031090 -0.000191 -0.000191 0.018120 -0.665484 -0.514038 -0.231365 -1.051156 0.917640 0.000191
1757663158.283174 -0.018883 -0.012016 -0.102427 0.011635 -0.018675 0.031518 -0.061227 0.030327 0.021553 0.005150 0.015871 -0.003237 -0.005913 -0.031090 -0.000191 -0.000191 0.018120 -0.663196 -0.513657 -0.230221 -1.049630 0.917640 0.000191
1757663158.285169 -0.018883 -0.012016 -0.102427 0.011635 -0.018675 0.031518 -0.061227 0.030327 0.021553 0.005150 0.015871 -0.003237 -0.005913 -0.031090 -0.000191 -0.000191 0.018120 -0.660907 -0.513657 -0.229076 -1.048486 0.917640 0.000191
1757663158.287168 -0.018883 -0.012016 -0.102427 0.011635 -0.018675 0.031518 -0.061227 0.030327 0.021553 0.005150 0.015871 -0.003237 -0.005913 -0.031090 -0.000191 -0.000191 0.018120 -0.658618 -0.513275 -0.227932 -1.047341 0.918021 0.000191
1757663158.289183 -0.018883 -0.012016 -0.102427 0.011635 -0.018675 0.031518 -0.061227 0.030327 0.021553 0.005150 0.015871 -0.003237 -0.005531 -0.031090 -0.000191 -0.000191 0.018120 -0.656329 -0.512894 -0.226788 -1.046197 0.918021 0.000191
1757663158.291199 -0.018883 -0.012398 -0.102427 0.011635 -0.018675 0.031518 -0.061227 0.030327 0.021553 0.005150 0.015871 -0.003237 -0.005531 -0.031090 -0.000191 -0.000191 0.018120 -0.654421 -0.512512 -0.225643 -1.044671 0.918021 0.000191
1757663158.293177 -0.018883 -0.012398 -0.102427 0.011635 -0.018675 0.031518 -0.061608 0.030327 0.021553 0.005150 0.015871 -0.003237 -0.005531 -0.031090 -0.000191 -0.000191 0.018120 -0.652132 -0.512512 -0.224499 -1.043527 0.918021 0.000191
1757663158.295178 -0.018883 -0.012398 -0.102427 0.011635 -0.018675 0.031518 -0.061608 0.030327 0.021553 0.005150 0.015871 -0.003237 -0.005531 -0.031090 -0.000191 -0.000191 0.018120 -0.649843 -0.512131 -0.223354 -1.042382 0.918403 0.000191
1757663158.297168 -0.019264 -0.012398 -0.102427 0.011635 -0.018675 0.031518 -0.061608 0.030327 0.021553 0.005150 0.015871 -0.003237 -0.005531 -0.031090 -0.000191 -0.000191 0.018120 -0.647554 -0.511749 -0.222210 -1.041238 0.918403 0.000191
1757663158.299168 -0.019264 -0.012398 -0.102427 0.011635 -0.018675 0.031518 -0.061608 0.030327 0.021553 0.005150 0.015871 -0.003237 -0.005531 -0.031090 -0.000191 -0.000191 0.018120 -0.645647 -0.511368 -0.221066 -1.040093 0.918403 0.000191
1757663158.301180 -0.019264 -0.012398 -0.102427 0.011635 -0.018538 0.031775 -0.061608 0.029945 0.021553 0.005150 0.015871 -0.003237 -0.005150 -0.031090 -0.000191 -0.000191 0.018120 -0.643358 -0.511368 -0.219921 -1.038949 0.918403 0.000191
1757663158.303174 -0.019264 -0.012398 -0.102427 0.011635 -0.018538 0.031775 -0.061608 0.029945 0.021553 0.005150 0.015871 -0.003237 -0.005150 -0.031090 -0.000191 -0.000191 0.018120 -0.641069 -0.510986 -0.218777 -1.037423 0.918403 0.000191
1757663158.305159 -0.019264 -0.012398 -0.102427 0.011635 -0.018538 0.031775 -0.061608 0.029945 0.021553 0.005150 0.015871 -0.003237 -0.005150 -0.031090 -0.000191 -0.000191 0.018120 -0.638781 -0.510605 -0.217631 -1.036279 0.918784 0.000191
1757663158.307207 -0.019264 -0.012398 -0.102427 0.011635 -0.018538 0.031775 -0.061608 0.029945 0.021553 0.005150 0.015871 -0.003237 -0.005150 -0.031090 -0.000572 -0.000191 0.018120 -0.636492 -0.510223 -0.216487 -1.035134 0.918784 0.000191
1757663158.309211 -0.019264 -0.012398 -0.102427 0.011635 -0.018538 0.031775 -0.061608 0.029945 0.021553 0.005150 0.015871 -0.003237 -0.005150 -0.031090 -0.000572 -0.000191 0.018120 -0.634203 -0.510223 -0.214961 -1.033990 0.918784 0.000191
1757663158.311208 -0.019264 -0.012398 -0.102427 0.011635 -0.018538 0.031775 -0.061990 0.029945 0.021553 0.005150 0.015871 -0.003237 -0.005150 -0.031090 -0.000572 -0.000191 0.018120 -0.631914 -0.509842 -0.213817 -1.032464 0.918784 0.000191
1757663158.313212 -0.019264 -0.012398 -0.102427 0.011635 -0.018538 0.031775 -0.061990 0.029945 0.021553 0.005150 0.015871 -0.003237 -0.005150 -0.031090 -0.000572 -0.000191 0.018120 -0.630007 -0.509460 -0.212672 -1.031320 0.918784 0.000191
1757663158.315273 -0.019646 -0.012398 -0.102427 0.011635 -0.018538 0.031775 -0.061990 0.029945 0.021553 0.005150 0.015871 -0.003237 -0.005150 -0.031090 -0.000572 -0.000191 0.018120 -0.627718 -0.509079 -0.211528 -1.030174 0.919166 0.000191
1757663158.317176 -0.019646 -0.012779 -0.102427 0.011635 -0.018538 0.031775 -0.061990 0.029945 0.021553 0.005150 0.015871 -0.003237 -0.004768 -0.031090 -0.000572 -0.000191 0.018120 -0.625429 -0.508698 -0.210383 -1.029030 0.919166 0.000191
1757663158.319172 -0.019646 -0.012779 -0.102427 0.011635 -0.018538 0.031775 -0.061990 0.029945 0.021553 0.005150 0.015871 -0.003237 -0.004768 -0.031090 -0.000572 -0.000191 0.018120 -0.623140 -0.508316 -0.209239 -1.027885 0.919166 0.000191
1757663158.321192 -0.019646 -0.012779 -0.102427 0.011635 -0.018538 0.031775 -0.061990 0.029945 0.021553 0.005150 0.015871 -0.003237 -0.004768 -0.031090 -0.000572 -0.000191 0.018120 -0.620852 -0.507935 -0.208095 -1.026360 0.919166 0.000191
1757663158.323207 -0.019646 -0.012779 -0.102427 0.011635 -0.018538 0.031775 -0.061990 0.029945 0.021553 0.005150 0.015871 -0.003237 -0.004768 -0.031090 -0.000572 -0.000191 0.018120 -0.618944 -0.507553 -0.206950 -1.025215 0.919166 0.000191
1757663158.325183 -0.019646 -0.012779 -0.102427 0.011635 -0.018538 0.031775 -0.061990 0.029945 0.021553 0.005150 0.015871 -0.003237 -0.004768 -0.031090 -0.000572 -0.000191 0.018120 -0.616655 -0.507172 -0.205806 -1.024071 0.919547 0.000191
1757663158.327176 -0.019646 -0.012779 -0.102427 0.011635 -0.018538 0.031775 -0.061990 0.029945 0.021553 0.005150 0.015871 -0.003237 -0.004768 -0.031090 -0.000572 -0.000191 0.018120 -0.614367 -0.506790 -0.204661 -1.022926 0.919547 0.000191
1757663158.329177 -0.019646 -0.012779 -0.102427 0.011635 -0.018538 0.031775 -0.062371 0.029564 0.021553 0.005150 0.015871 -0.003237 -0.004768 -0.031090 -0.000572 -0.000191 0.018120 -0.612078 -0.506790 -0.203517 -1.021782 0.919547 0.000191
1757663158.331174 -0.019646 -0.012779 -0.102427 0.011635 -0.018538 0.031775 -0.062371 0.029564 0.021553 0.005150 0.015871 -0.003237 -0.004768 -0.031090 -0.000572 -0.000191 0.018120 -0.609789 -0.506409 -0.202373 -1.020256 0.919547 0.000191
1757663158.333162 -0.020027 -0.012779 -0.102427 0.011635 -0.018538 0.031775 -0.062371 0.029564 0.021553 0.005150 0.015871 -0.003237 -0.004768 -0.031090 -0.000572 -0.000191 0.018120 -0.607882 -0.506027 -0.201228 -1.019112 0.919929 0.000191
1757663158.335169 -0.020027 -0.012779 -0.102427 0.011635 -0.018538 0.031775 -0.062371 0.029564 0.021553 0.005150 0.015871 -0.003237 -0.004768 -0.031090 -0.000572 -0.000191 0.018120 -0.605593 -0.505646 -0.200084 -1.017967 0.919929 0.000191
1757663158.337167 -0.020027 -0.012779 -0.102427 0.011635 -0.018538 0.031775 -0.062371 0.029564 0.021553 0.005150 0.015871 -0.003237 -0.004768 -0.031090 -0.000572 -0.000191 0.018120 -0.603304 -0.505264 -0.199321 -1.016823 0.919929 0.000191
1757663158.339167 -0.020027 -0.012779 -0.102427 0.011635 -0.018538 0.031775 -0.062371 0.029564 0.021553 0.005150 0.015871 -0.003237 -0.004768 -0.031090 -0.000572 -0.000191 0.018120 -0.601397 -0.504883 -0.198176 -1.015678 0.919929 0.000191
1757663158.341165 -0.020027 -0.012779 -0.102427 0.011635 -0.018538 0.031775 -0.062371 0.029564 0.021553 0.005150 0.015871 -0.003237 -0.004768 -0.031090 -0.000572 -0.000191 0.018120 -0.599108 -0.504501 -0.197032 -1.014534 0.919929 0.000191
1757663158.343166 -0.020027 -0.012779 -0.102808 0.011635 -0.018538 0.031775 -0.062371 0.029564 0.021553 0.005150 0.015871 -0.003237 -0.004768 -0.031090 -0.000572 -0.000191 0.018120 -0.596819 -0.504120 -0.195888 -1.013008 0.920310 0.000191
1757663158.345172 -0.020027 -0.012779 -0.102808 0.011635 -0.018538 0.031775 -0.062371 0.029564 0.021553 0.005150 0.015871 -0.003237 -0.004768 -0.031090 -0.000572 -0.000191 0.018120 -0.594912 -0.503738 -0.194743 -1.011864 0.920310 0.000191
1757663158.347170 -0.020027 -0.013161 -0.102808 0.011635 -0.018538 0.031775 -0.062753 0.029564 0.021553 0.005150 0.015871 -0.003237 -0.004768 -0.031090 -0.000572 -0.000191 0.018120 -0.592622 -0.503357 -0.193599 -1.010719 0.920310 0.000191
1757663158.349174 -0.020027 -0.013161 -0.102808 0.011635 -0.018538 0.031775 -0.062753 0.029564 0.021553 0.005150 0.015871 -0.003237 -0.004768 -0.031090 -0.000572 -0.000191 0.018120 -0.590333 -0.502975 -0.192454 -1.009575 0.920310 0.000191
1757663158.351168 -0.020409 -0.013161 -0.102808 0.011635 -0.018538 0.031775 -0.062753 0.029564 0.021553 0.005150 0.015871 -0.003237 -0.004768 -0.031090 -0.000572 -0.000191 0.018120 -0.588044 -0.502594 -0.191310 -1.008430 0.920310 0.000191
1757663158.353216 -0.020409 -0.013161 -0.102808 0.011635 -0.018538 0.031775 -0.062753 0.029564 0.021553 0.005150 0.015871 -0.003237 -0.004768 -0.031090 -0.000572 -0.000191 0.018120 -0.586137 -0.502213 -0.190166 -1.007286 0.920691 0.000191
1757663158.355280 -0.020409 -0.013161 -0.102808 0.011635 -0.018538 0.031775 -0.062753 0.029564 0.021553 0.005150 0.015871 -0.003237 -0.004768 -0.030708 -0.000572 -0.000191 0.018120 -0.583848 -0.501831 -0.189021 -1.006142 0.920691 0.000191
1757663158.357214 -0.020409 -0.013161 -0.102808 0.011635 -0.018538 0.031775 -0.062753 0.029564 0.021553 0.005150 0.015871 -0.003237 -0.004768 -0.031090 -0.000572 -0.000191 0.018120 -0.581559 -0.501450 -0.187877 -1.004997 0.920691 0.000191
1757663158.359212 -0.020409 -0.013161 -0.102808 0.011635 -0.018538 0.031775 -0.062753 0.029564 0.021553 0.005150 0.015871 -0.003237 -0.004768 -0.030708 -0.000572 -0.000191 0.018120 -0.579652 -0.501068 -0.186732 -1.003853 0.920691 0.000191
1757663158.361209 -0.020409 -0.013161 -0.102808 0.011635 -0.018538 0.031775 -0.062753 0.029564 0.021553 0.005150 0.015871 -0.003237 -0.004768 -0.031090 -0.000572 -0.000191 0.018120 -0.577363 -0.500687 -0.185588 -1.002708 0.920691 0.000191
1757663158.363211 -0.020409 -0.013161 -0.102808 0.011635 -0.018538 0.031775 -0.062753 0.029564 0.021553 0.005150 0.015871 -0.003237 -0.004768 -0.031090 -0.000572 -0.000191 0.018120 -0.575456 -0.500305 -0.184443 -1.001564 0.921073 0.000191
1757663158.365213 -0.020409 -0.013161 -0.102808 0.011635 -0.018538 0.031775 -0.062753 0.029564 0.021553 0.005150 0.015871 -0.003237 -0.004768 -0.031090 -0.000572 -0.000191 0.018120 -0.573167 -0.499924 -0.183299 -1.000420 0.921073 0.000191
1757663158.367212 -0.020409 -0.013161 -0.102808 0.011635 -0.018538 0.031775 -0.063134 0.029564 0.021553 0.005150 0.015871 -0.003237 -0.004768 -0.031090 -0.000572 -0.000191 0.018120 -0.570878 -0.499924 -0.182155 -0.999275 0.921073 0.000191
1757663158.369205 -0.020409 -0.013161 -0.102808 0.011635 -0.018538 0.031775 -0.063134 0.029564 0.021553 0.005150 0.015871 -0.003237 -0.004768 -0.031090 -0.000572 -0.000191 0.018120 -0.568971 -0.499542 -0.181010 -0.998131 0.921073 0.000191
1757663158.371212 -0.020409 -0.013161 -0.102808 0.011635 -0.018538 0.031775 -0.063134 0.029564 0.021553 0.005150 0.015871 -0.003237 -0.004768 -0.031090 -0.000572 -0.000191 0.018120 -0.566682 -0.499161 -0.179866 -0.996986 0.921454 0.000191
1757663158.373210 -0.020409 -0.013161 -0.102808 0.011635 -0.018538 0.031775 -0.063134 0.029564 0.021935 0.005150 0.015871 -0.003237 -0.004768 -0.031090 -0.000572 -0.000191 0.018120 -0.564775 -0.498779 -0.178721 -0.995842 0.921454 0.000191
1757663158.375212 -0.020409 -0.013161 -0.102808 0.011635 -0.018400 0.032031 -0.063134 0.029564 0.021553 0.005150 0.015871 -0.003237 -0.004768 -0.031090 -0.000572 -0.000191 0.018120 -0.562486 -0.498398 -0.177577 -0.994698 0.921454 0.000191
1757663158.377213 -0.020790 -0.013161 -0.102808 0.011635 -0.018400 0.032031 -0.063134 0.029564 0.021935 0.005150 0.015871 -0.003237 -0.004768 -0.031090 -0.000572 -0.000191 0.018120 -0.560578 -0.498016 -0.176433 -0.993553 0.921454 0.000191
1757663158.379213 -0.020790 -0.013161 -0.102808 0.011635 -0.018400 0.032031 -0.063134 0.029182 0.021935 0.005150 0.015871 -0.003237 -0.004768 -0.031090 -0.000572 -0.000191 0.018120 -0.558290 -0.497635 -0.175288 -0.992409 0.921454 0.000191
1757663158.381175 -0.020790 -0.013161 -0.102808 0.011635 -0.018400 0.032031 -0.063134 0.029182 0.021935 0.005150 0.015871 -0.003237 -0.004768 -0.031090 -0.000572 -0.000191 0.018120 -0.556382 -0.497253 -0.174144 -0.991264 0.921836 0.000191
1757663158.383171 -0.020790 -0.013161 -0.102808 0.011635 -0.018400 0.032031 -0.063134 0.029182 0.021935 0.005150 0.015871 -0.003237 -0.004768 -0.031090 -0.000572 -0.000191 0.018120 -0.554093 -0.496872 -0.172999 -0.990120 0.921836 0.000191
1757663158.385209 -0.020790 -0.013161 -0.102808 0.011635 -0.018400 0.032031 -0.063134 0.029182 0.021935 0.005150 0.015871 -0.003237 -0.004768 -0.031090 -0.000572 -0.000191 0.018120 -0.552186 -0.496490 -0.172236 -0.988976 0.921836 0.000191
1757663158.387263 -0.020790 -0.013161 -0.102808 0.011635 -0.018400 0.032031 -0.063134 0.029182 0.021935 0.005150 0.015871 -0.003237 -0.004768 -0.031090 -0.000572 -0.000191 0.018120 -0.549897 -0.496109 -0.171092 -0.987831 0.921836 0.000191
1757663158.389177 -0.020790 -0.013161 -0.102808 0.011635 -0.018400 0.032031 -0.063134 0.029182 0.021935 0.005150 0.015871 -0.003237 -0.004768 -0.031090 -0.000572 -0.000191 0.018120 -0.547990 -0.495728 -0.169948 -0.986687 0.922217 0.000191
1757663158.391168 -0.020790 -0.013161 -0.102808 0.011635 -0.018400 0.032031 -0.063134 0.029182 0.021935 0.005150 0.015871 -0.003237 -0.004768 -0.031090 -0.000572 -0.000191 0.018120 -0.545701 -0.495346 -0.168803 -0.985542 0.922217 0.000191
1757663158.393169 -0.020790 -0.013161 -0.102808 0.011635 -0.018400 0.032031 -0.063134 0.029182 0.021935 0.005150 0.015871 -0.003237 -0.004768 -0.031090 -0.000572 -0.000191 0.018120 -0.543794 -0.494965 -0.167659 -0.984398 0.922217 0.000191
1757663158.395164 -0.020790 -0.013161 -0.102808 0.011635 -0.018400 0.032031 -0.063134 0.029182 0.021935 0.005150 0.015871 -0.003237 -0.004768 -0.031090 -0.000572 -0.000191 0.018120 -0.541505 -0.494965 -0.166514 -0.983253 0.922217 0.000191
1757663158.397166 -0.020790 -0.013161 -0.102808 0.011635 -0.018400 0.032031 -0.063134 0.029182 0.021935 0.005150 0.015871 -0.003237 -0.004768 -0.031090 -0.000572 -0.000191 0.018120 -0.539598 -0.494583 -0.165370 -0.982109 0.922217 0.000191
1757663158.399175 -0.020790 -0.013161 -0.102808 0.011635 -0.018400 0.032031 -0.063134 0.029182 0.021935 0.005150 0.015871 -0.003237 -0.004768 -0.031090 -0.000572 -0.000191 0.018120 -0.537309 -0.494202 -0.164226 -0.980965 0.922599 0.000191
1757663158.401167 -0.020790 -0.013161 -0.102808 0.011635 -0.018400 0.032031 -0.063134 0.029182 0.021935 0.005150 0.015871 -0.003237 -0.004768 -0.031090 -0.000572 -0.000191 0.018120 -0.535401 -0.493820 -0.163081 -0.979820 0.922599 0.000191
1757663158.403167 -0.020790 -0.013161 -0.102808 0.011635 -0.018400 0.032031 -0.063516 0.029182 0.021935 0.005150 0.015871 -0.003237 -0.004768 -0.031090 -0.000572 -0.000191 0.018120 -0.533113 -0.493439 -0.161937 -0.978676 0.922599 0.000191
1757663158.405162 -0.020790 -0.013161 -0.102808 0.011635 -0.018400 0.032031 -0.063516 0.029182 0.021935 0.005150 0.015871 -0.003237 -0.004768 -0.031090 -0.000572 -0.000191 0.018120 -0.531204 -0.493057 -0.160792 -0.977150 0.922599 0.000191
1757663158.407166 -0.020790 -0.013161 -0.102808 0.011635 -0.018400 0.032031 -0.063516 0.029182 0.021935 0.005150 0.015871 -0.003237 -0.004768 -0.031090 -0.000572 -0.000191 0.018120 -0.528915 -0.492676 -0.159648 -0.976006 0.922599 0.000191
1757663158.409164 -0.020790 -0.013161 -0.102808 0.011635 -0.018400 0.032031 -0.063516 0.029182 0.021935 0.005150 0.015871 -0.003237 -0.004768 -0.031090 -0.000572 -0.000191 0.018120 -0.527008 -0.492294 -0.158504 -0.974861 0.922980 0.000191
1757663158.411256 -0.020790 -0.013161 -0.102808 0.011635 -0.018400 0.032031 -0.063516 0.029182 0.021935 0.005150 0.015871 -0.003237 -0.004768 -0.031090 -0.000572 -0.000191 0.018120 -0.524719 -0.491913 -0.157359 -0.973717 0.922980 0.000191
1757663158.413175 -0.020790 -0.013542 -0.102808 0.011635 -0.018400 0.032031 -0.063516 0.029182 0.021935 0.005150 0.015871 -0.003237 -0.004768 -0.031090 -0.000572 -0.000191 0.018120 -0.522812 -0.491531 -0.156214 -0.972572 0.922980 0.000191
1757663158.415205 -0.020790 -0.013542 -0.102808 0.011635 -0.018400 0.032031 -0.063516 0.029182 0.021935 0.005150 0.015871 -0.003237 -0.004768 -0.031090 -0.000572 -0.000191 0.018120 -0.520523 -0.491150 -0.155069 -0.971428 0.922980 0.000191
1757663158.417217 -0.020790 -0.013542 -0.102808 0.011635 -0.018400 0.032031 -0.063516 0.029182 0.021935 0.005150 0.015871 -0.003237 -0.004768 -0.031090 -0.000572 -0.000191 0.018120 -0.518616 -0.490768 -0.154306 -0.970284 0.922980 0.000191
1757663158.419217 -0.020790 -0.013542 -0.102808 0.011635 -0.018400 0.032031 -0.063516 0.029182 0.021935 0.005150 0.015871 -0.003237 -0.004768 -0.031090 -0.000572 -0.000191 0.018120 -0.516327 -0.490387 -0.153162 -0.969139 0.923362 0.000191
1757663158.421210 -0.020790 -0.013542 -0.102808 0.011635 -0.018400 0.032031 -0.063516 0.029182 0.021935 0.005150 0.015871 -0.003237 -0.004768 -0.031090 -0.000572 -0.000191 0.018120 -0.514038 -0.490005 -0.152018 -0.967994 0.923362 0.000191
1757663158.423229 -0.020790 -0.013542 -0.102808 0.011635 -0.018400 0.032031 -0.063516 0.029182 0.021935 0.005150 0.015871 -0.003237 -0.004387 -0.031090 -0.000572 -0.000191 0.018120 -0.512131 -0.489624 -0.150873 -0.966849 0.923362 0.000191
1757663158.425205 -0.020790 -0.013542 -0.102808 0.011635 -0.018400 0.032031 -0.063516 0.029182 0.021935 0.005150 0.015871 -0.003237 -0.004387 -0.031090 -0.000572 -0.000191 0.018120 -0.509842 -0.489243 -0.149729 -0.965705 0.923362 0.000191
1757663158.427207 -0.020790 -0.013542 -0.102808 0.011635 -0.018400 0.032031 -0.063516 0.029182 0.021935 0.005150 0.015871 -0.003237 -0.004387 -0.031090 -0.000572 -0.000191 0.018120 -0.507935 -0.488861 -0.148584 -0.964561 0.923362 0.000191
1757663158.429209 -0.020790 -0.013542 -0.102808 0.011635 -0.018400 0.032031 -0.063516 0.029182 0.021935 0.005150 0.015871 -0.003237 -0.004387 -0.031090 -0.000572 -0.000191 0.018120 -0.505646 -0.488098 -0.147440 -0.963416 0.923743 0.000191
1757663158.431209 -0.020790 -0.013542 -0.102808 0.011635 -0.018400 0.032031 -0.063516 0.029182 0.021935 0.005150 0.015871 -0.003237 -0.004387 -0.031090 -0.000572 -0.000191 0.018120 -0.503357 -0.487717 -0.146296 -0.962272 0.923743 0.000191
1757663158.433206 -0.020790 -0.013542 -0.102808 0.011635 -0.018400 0.032031 -0.063516 0.029182 0.021935 0.005150 0.015871 -0.003237 -0.004387 -0.031090 -0.000572 -0.000191 0.018120 -0.501450 -0.487335 -0.145151 -0.961127 0.923743 0.000191
1757663158.435206 -0.020790 -0.013542 -0.102808 0.011635 -0.018400 0.032031 -0.063516 0.029182 0.021935 0.005150 0.015871 -0.003237 -0.004387 -0.031090 -0.000572 -0.000191 0.018120 -0.499161 -0.486954 -0.144388 -0.959983 0.923743 0.000191
1757663158.437226 -0.021172 -0.013542 -0.102808 0.011635 -0.018400 0.032031 -0.063516 0.029182 0.021935 0.005150 0.015871 -0.003237 -0.004387 -0.031090 -0.000572 -0.000191 0.018120 -0.497253 -0.486572 -0.143244 -0.958838 0.924125 0.000191
1757663158.439208 -0.021172 -0.013542 -0.102808 0.011635 -0.018400 0.032031 -0.063516 0.029182 0.021935 0.005150 0.015871 -0.003237 -0.004387 -0.031090 -0.000572 -0.000191 0.018120 -0.494965 -0.486191 -0.142099 -0.957694 0.924125 0.000191
1757663158.441226 -0.021172 -0.013542 -0.102808 0.011635 -0.018400 0.032031 -0.063516 0.029182 0.021935 0.005150 0.015871 -0.003237 -0.004387 -0.031090 -0.000572 -0.000191 0.018120 -0.493057 -0.485809 -0.140955 -0.956168 0.924125 0.000191
1757663158.443211 -0.021172 -0.013542 -0.102808 0.011635 -0.018400 0.032031 -0.063516 0.029182 0.021935 0.005150 0.015871 -0.003237 -0.004387 -0.031090 -0.000572 -0.000191 0.018120 -0.490768 -0.485428 -0.139811 -0.955024 0.924125 0.000191
1757663158.445211 -0.021172 -0.013542 -0.102808 0.011635 -0.018400 0.032031 -0.063516 0.029182 0.021935 0.005150 0.015871 -0.003237 -0.004387 -0.031090 -0.000572 -0.000191 0.018120 -0.488861 -0.484665 -0.138666 -0.953879 0.924125 0.000191
1757663158.447211 -0.021172 -0.013161 -0.102808 0.011635 -0.018400 0.032031 -0.063516 0.029182 0.021935 0.005150 0.015871 -0.003237 -0.004387 -0.031090 -0.000572 -0.000191 0.018120 -0.486572 -0.484283 -0.137903 -0.952735 0.924506 0.000191
1757663158.449201 -0.021172 -0.013161 -0.102808 0.011635 -0.018400 0.032031 -0.063516 0.029182 0.021935 0.005150 0.015871 -0.003237 -0.004387 -0.031090 -0.000572 -0.000191 0.018120 -0.484283 -0.483902 -0.136759 -0.951591 0.924506 0.000191
1757663158.451242 -0.021172 -0.013161 -0.102808 0.011635 -0.018400 0.032031 -0.063516 0.029182 0.021935 0.005150 0.015871 -0.003237 -0.004387 -0.031090 -0.000572 -0.000191 0.018120 -0.482376 -0.483521 -0.135614 -0.950446 0.924506 0.000191
1757663158.453262 -0.021172 -0.013161 -0.102808 0.011635 -0.018400 0.032031 -0.063516 0.029182 0.021935 0.005150 0.015871 -0.003237 -0.004387 -0.031090 -0.000572 -0.000191 0.018120 -0.480087 -0.483139 -0.134470 -0.949302 0.924506 0.000191
1757663158.455205 -0.021172 -0.013161 -0.102808 0.011635 -0.018400 0.032031 -0.063516 0.029182 0.021935 0.005150 0.015871 -0.003237 -0.004005 -0.031090 -0.000572 -0.000191 0.018120 -0.478180 -0.482758 -0.133326 -0.948157 0.924506 0.000191
1757663158.457196 -0.021172 -0.013161 -0.102808 0.011635 -0.018400 0.032031 -0.063516 0.029182 0.021935 0.005150 0.015871 -0.003237 -0.004005 -0.031090 -0.000572 -0.000191 0.018120 -0.475891 -0.481995 -0.132181 -0.946631 0.924888 0.000191
1757663158.459167 -0.021172 -0.013161 -0.102808 0.011635 -0.018400 0.032031 -0.063516 0.029182 0.021935 0.005150 0.015871 -0.003237 -0.004005 -0.031090 -0.000572 -0.000191 0.018120 -0.473984 -0.481613 -0.131037 -0.945487 0.924888 0.000191
1757663158.461162 -0.021172 -0.013161 -0.102808 0.011635 -0.018400 0.032031 -0.063516 0.029182 0.021935 0.005150 0.015871 -0.003237 -0.004005 -0.031090 -0.000572 -0.000191 0.018120 -0.471695 -0.481232 -0.129892 -0.944343 0.924888 0.000191
1757663158.463166 -0.021172 -0.013161 -0.102808 0.011635 -0.018400 0.032031 -0.063516 0.029182 0.021935 0.005150 0.015871 -0.003237 -0.004005 -0.031090 -0.000572 -0.000191 0.018120 -0.469788 -0.480850 -0.128748 -0.943198 0.924888 0.000191
1757663158.465164 -0.021172 -0.013161 -0.102808 0.011635 -0.018400 0.032031 -0.063516 0.029182 0.021935 0.005150 0.015871 -0.003237 -0.004005 -0.031090 -0.000572 -0.000191 0.018120 -0.467498 -0.480087 -0.127985 -0.942054 0.924888 0.000191
1757663158.467173 -0.021172 -0.013161 -0.102808 0.011635 -0.018400 0.032031 -0.063516 0.029182 0.021935 0.005150 0.015871 -0.003237 -0.004005 -0.031090 -0.000572 -0.000191 0.018120 -0.465590 -0.479706 -0.126841 -0.940528 0.925269 0.000191
1757663158.469163 -0.021172 -0.013161 -0.102808 0.011635 -0.018400 0.032031 -0.063516 0.029182 0.021935 0.005150 0.015871 -0.003237 -0.004005 -0.031090 -0.000572 -0.000191 0.018120 -0.463302 -0.479324 -0.125696 -0.939384 0.925269 0.000191
1757663158.471168 -0.021172 -0.013161 -0.102808 0.011635 -0.018400 0.032031 -0.063516 0.029182 0.021935 0.005150 0.015871 -0.003237 -0.004005 -0.031090 -0.000572 -0.000191 0.018120 -0.461394 -0.478561 -0.124552 -0.938239 0.925269 0.000191
1757663158.473166 -0.021172 -0.013161 -0.102808 0.011635 -0.018400 0.032031 -0.063516 0.029182 0.021935 0.005150 0.015871 -0.003237 -0.004005 -0.031090 -0.000572 -0.000191 0.018120 -0.459105 -0.478180 -0.123407 -0.937095 0.925269 0.000191
1757663158.475165 -0.021172 -0.013161 -0.102808 0.011635 -0.018400 0.032031 -0.063516 0.029182 0.021935 0.005150 0.015871 -0.003237 -0.004005 -0.031090 -0.000572 -0.000191 0.018120 -0.457198 -0.477798 -0.122644 -0.935950 0.925269 0.000191
1757663158.477167 -0.021172 -0.013161 -0.102808 0.011635 -0.018400 0.032031 -0.063516 0.029182 0.021935 0.005150 0.015871 -0.003237 -0.004005 -0.031090 -0.000572 -0.000191 0.018120 -0.455291 -0.477036 -0.121500 -0.934424 0.925269 0.000191
1757663158.479161 -0.021172 -0.013161 -0.102808 0.011635 -0.018400 0.032031 -0.063516 0.029182 0.021935 0.005150 0.015871 -0.003237 -0.004005 -0.031090 -0.000572 -0.000191 0.018120 -0.453002 -0.476654 -0.120356 -0.933280 0.925651 0.000191
1757663158.481162 -0.021172 -0.013161 -0.102808 0.011635 -0.018400 0.032031 -0.063516 0.029182 0.021935 0.005150 0.015871 -0.003237 -0.004005 -0.031090 -0.000572 -0.000191 0.018120 -0.451095 -0.476273 -0.119211 -0.932136 0.925651 0.000191
1757663158.483199 -0.021172 -0.013161 -0.102808 0.011635 -0.018400 0.032031 -0.063516 0.029182 0.021935 0.005150 0.015871 -0.003237 -0.004005 -0.031090 -0.000572 -0.000191 0.018120 -0.448806 -0.475510 -0.118448 -0.930991 0.925651 0.000191
1757663158.485175 -0.021172 -0.013161 -0.102808 0.011635 -0.018400 0.032031 -0.063516 0.029182 0.021935 0.005150 0.015871 -0.003237 -0.004005 -0.031090 -0.000572 -0.000191 0.018120 -0.446898 -0.475128 -0.117304 -0.929465 0.925651 0.000191
1757663158.487153 -0.021172 -0.013161 -0.102808 0.011635 -0.018400 0.032031 -0.063516 0.029182 0.021935 0.005150 0.015871 -0.003237 -0.004005 -0.031090 -0.000572 -0.000191 0.018120 -0.444991 -0.474365 -0.116159 -0.928321 0.925651 0.000191
1757663158.489189 -0.021172 -0.013161 -0.102808 0.011635 -0.018400 0.032031 -0.063516 0.029182 0.021935 0.005150 0.015871 -0.003237 -0.004005 -0.031090 -0.000572 -0.000191 0.018120 -0.442702 -0.473984 -0.115015 -0.927176 0.926032 0.000191
1757663158.491178 -0.021172 -0.013161 -0.102808 0.011635 -0.018400 0.032031 -0.063516 0.029182 0.021935 0.005150 0.015871 -0.003237 -0.004005 -0.031090 -0.000572 -0.000191 0.018120 -0.440795 -0.473602 -0.114252 -0.926032 0.926032 0.000191
1757663158.493166 -0.021172 -0.013161 -0.102808 0.011635 -0.018400 0.032031 -0.063516 0.029182 0.021935 0.005150 0.015871 -0.003237 -0.004005 -0.031090 -0.000572 -0.000191 0.018120 -0.438506 -0.472839 -0.113108 -0.924506 0.926032 0.000191
1757663158.495165 -0.021172 -0.013161 -0.102808 0.011635 -0.018400 0.032031 -0.063516 0.029182 0.021935 0.005150 0.015871 -0.003237 -0.004005 -0.031090 -0.000572 -0.000191 0.018120 -0.436599 -0.472458 -0.111963 -0.923362 0.926032 0.000191
1757663158.497162 -0.021172 -0.013161 -0.102808 0.011635 -0.018400 0.032031 -0.063516 0.029182 0.021935 0.005150 0.015871 -0.003237 -0.004005 -0.031090 -0.000572 -0.000191 0.018120 -0.434691 -0.472076 -0.110819 -0.922217 0.926032 0.000191
1757663158.499166 -0.021172 -0.013161 -0.102808 0.011635 -0.018400 0.032031 -0.063516 0.029182 0.021935 0.005150 0.015871 -0.003237 -0.004005 -0.031090 -0.000572 -0.000191 0.018120 -0.432403 -0.471313 -0.110056 -0.921073 0.926414 0.000191
1757663158.501163 -0.021172 -0.013161 -0.102808 0.011635 -0.018400 0.032031 -0.063516 0.029182 0.021935 0.005150 0.015871 -0.003237 -0.004005 -0.031090 -0.000572 -0.000191 0.018120 -0.430495 -0.470932 -0.108912 -0.919547 0.926414 0.000191
1757663158.503162 -0.021172 -0.013161 -0.102808 0.011635 -0.018400 0.032031 -0.063516 0.029182 0.021935 0.005150 0.015871 -0.003237 -0.004005 -0.031090 -0.000572 -0.000191 0.018120 -0.428206 -0.470169 -0.107767 -0.918403 0.926414 0.000191
1757663158.505168 -0.021172 -0.013161 -0.102808 0.011635 -0.018400 0.032031 -0.063516 0.029182 0.021935 0.005150 0.015871 -0.003237 -0.004005 -0.031090 -0.000572 -0.000191 0.018120 -0.426299 -0.469788 -0.106623 -0.917258 0.926414 0.000191
1757663158.507167 -0.021172 -0.013161 -0.102808 0.011635 -0.018400 0.032031 -0.063516 0.029182 0.021935 0.005150 0.015871 -0.003237 -0.004005 -0.031090 -0.000572 -0.000191 0.018120 -0.424010 -0.469406 -0.105478 -0.916114 0.926414 0.000191
1757663158.509160 -0.021172 -0.013161 -0.102808 0.011635 -0.018400 0.032031 -0.063516 0.029182 0.021935 0.005150 0.015871 -0.003237 -0.003624 -0.031090 -0.000572 -0.000191 0.018120 -0.422103 -0.468642 -0.104715 -0.914588 0.926795 0.000191
1757663158.511169 -0.021172 -0.013161 -0.102808 0.011635 -0.018400 0.032031 -0.063516 0.029182 0.021935 0.005150 0.015871 -0.003237 -0.003624 -0.031090 -0.000572 -0.000191 0.018120 -0.419814 -0.468261 -0.103571 -0.913444 0.926795 0.000191
1757663158.513246 -0.021172 -0.013161 -0.102808 0.011635 -0.018400 0.032031 -0.063516 0.029182 0.021935 0.005150 0.015871 -0.003237 -0.003624 -0.031090 -0.000572 -0.000191 0.018120 -0.417907 -0.467879 -0.102427 -0.912299 0.926795 0.000191
1757663158.515192 -0.021172 -0.013161 -0.102808 0.011635 -0.018400 0.032031 -0.063516 0.029182 0.021935 0.005150 0.015871 -0.003237 -0.003624 -0.031090 -0.000572 -0.000191 0.018120 -0.415999 -0.467116 -0.101282 -0.910773 0.926795 0.000191
1757663158.517174 -0.021172 -0.013161 -0.102808 0.011635 -0.018400 0.032031 -0.063516 0.029182 0.021935 0.005150 0.015871 -0.003237 -0.003624 -0.031090 -0.000572 -0.000191 0.018120 -0.413711 -0.466735 -0.100138 -0.909629 0.926795 0.000191
1757663158.519168 -0.021172 -0.013161 -0.102808 0.011635 -0.018400 0.032031 -0.063516 0.029182 0.021935 0.005150 0.015871 -0.003237 -0.003624 -0.031090 -0.000572 -0.000191 0.018120 -0.411803 -0.465972 -0.099375 -0.908484 0.927176 0.000191
1757663158.521166 -0.021172 -0.013161 -0.102808 0.011635 -0.018400 0.032031 -0.063516 0.029182 0.021935 0.005150 0.015871 -0.003237 -0.003624 -0.031090 -0.000572 -0.000191 0.018120 -0.409514 -0.465590 -0.098230 -0.906959 0.927176 0.000191
1757663158.523172 -0.021172 -0.013161 -0.102808 0.011635 -0.018400 0.032031 -0.063516 0.029182 0.021935 0.005150 0.015871 -0.003237 -0.003624 -0.031090 -0.000572 -0.000191 0.018120 -0.407607 -0.465209 -0.097086 -0.905813 0.927176 0.000191
1757663158.525164 -0.021172 -0.013161 -0.102808 0.011635 -0.018400 0.032031 -0.063516 0.029182 0.021935 0.005150 0.015871 -0.003237 -0.003624 -0.031090 -0.000572 -0.000191 0.018120 -0.405317 -0.464446 -0.095942 -0.904669 0.927176 0.000191
1757663158.527165 -0.021172 -0.013161 -0.102808 0.011635 -0.018400 0.032031 -0.063516 0.029182 0.021935 0.005150 0.015871 -0.003237 -0.003624 -0.031090 -0.000572 -0.000191 0.018120 -0.403410 -0.464065 -0.095179 -0.903143 0.927176 0.000191
1757663158.529164 -0.021172 -0.013161 -0.102808 0.011635 -0.018400 0.032031 -0.063516 0.029182 0.021553 0.005150 0.015871 -0.003237 -0.003624 -0.031090 -0.000572 -0.000191 0.018120 -0.401121 -0.463302 -0.094034 -0.901999 0.927558 0.000191
1757663158.531160 -0.021172 -0.013161 -0.102808 0.011635 -0.018400 0.032031 -0.063897 0.029182 0.021553 0.005150 0.015871 -0.003237 -0.003624 -0.031090 -0.000572 -0.000191 0.018120 -0.399214 -0.462920 -0.092889 -0.900473 0.927558 0.000191
1757663158.533168 -0.021172 -0.013161 -0.102808 0.011635 -0.018400 0.032031 -0.063897 0.029182 0.021553 0.005150 0.015871 -0.003237 -0.003624 -0.031090 -0.000572 -0.000191 0.018120 -0.396925 -0.462157 -0.091744 -0.899328 0.927558 0.000191
1757663158.535161 -0.021172 -0.013161 -0.102808 0.011635 -0.018400 0.032031 -0.063897 0.029182 0.021553 0.005150 0.015871 -0.003237 -0.003624 -0.031090 -0.000572 -0.000191 0.018120 -0.395018 -0.461776 -0.090600 -0.898184 0.927558 0.000191
1757663158.537164 -0.021172 -0.013161 -0.102808 0.011635 -0.018400 0.032031 -0.063897 0.029182 0.021553 0.005150 0.015871 -0.003237 -0.003624 -0.031090 -0.000572 -0.000191 0.018120 -0.392729 -0.461013 -0.089837 -0.896658 0.927558 0.000191
1757663158.539171 -0.021172 -0.013161 -0.103189 0.011635 -0.018400 0.032031 -0.063897 0.029182 0.021553 0.005150 0.015871 -0.003237 -0.003624 -0.031090 -0.000572 -0.000191 0.018120 -0.390821 -0.460631 -0.088693 -0.895514 0.927939 0.000191
1757663158.541167 -0.021172 -0.013161 -0.103189 0.011635 -0.018400 0.032031 -0.063897 0.029182 0.021553 0.005150 0.015871 -0.003237 -0.003624 -0.031090 -0.000572 -0.000191 0.018120 -0.388533 -0.459868 -0.087548 -0.893988 0.927939 0.000191
1757663158.543162 -0.021172 -0.013161 -0.103189 0.011635 -0.018400 0.032031 -0.063897 0.029182 0.021935 0.005150 0.015871 -0.003237 -0.003624 -0.031090 -0.000572 -0.000191 0.018120 -0.386625 -0.459487 -0.086404 -0.892843 0.927939 0.000191
1757663158.545199 -0.021172 -0.013161 -0.103189 0.011635 -0.018400 0.032031 -0.063897 0.029182 0.021553 0.005150 0.015871 -0.003237 -0.003624 -0.031090 -0.000572 -0.000191 0.018120 -0.384336 -0.458724 -0.085259 -0.891699 0.927939 0.000191
1757663158.547175 -0.021172 -0.013161 -0.103189 0.011635 -0.018400 0.032031 -0.063897 0.029182 0.021553 0.005150 0.015871 -0.003237 -0.003624 -0.031090 -0.000572 -0.000191 0.018120 -0.382429 -0.458343 -0.084496 -0.890173 0.927939 0.000191
1757663158.549155 -0.021172 -0.013161 -0.103189 0.011635 -0.018400 0.032031 -0.063897 0.029182 0.021935 0.005150 0.015871 -0.003237 -0.003624 -0.031090 -0.000572 -0.000191 0.018120 -0.380140 -0.457580 -0.083352 -0.889029 0.928321 0.000191
1757663158.551185 -0.021172 -0.013161 -0.103189 0.011635 -0.018400 0.032031 -0.063897 0.029182 0.021553 0.005150 0.015871 -0.003237 -0.003624 -0.031090 -0.000572 -0.000191 0.018120 -0.377851 -0.457198 -0.082208 -0.887503 0.928321 0.000191
1757663158.553183 -0.021172 -0.013161 -0.103189 0.011635 -0.018400 0.032031 -0.063897 0.029182 0.021935 0.005150 0.015871 -0.003237 -0.003624 -0.031090 -0.000572 -0.000191 0.018120 -0.375944 -0.456435 -0.081063 -0.886358 0.928321 0.000191
1757663158.555162 -0.021172 -0.013161 -0.103189 0.011635 -0.018400 0.032031 -0.063897 0.029182 0.021935 0.005150 0.015871 -0.003237 -0.003624 -0.031090 -0.000572 -0.000191 0.018120 -0.373655 -0.456054 -0.080300 -0.885214 0.928321 0.000191
1757663158.557168 -0.021172 -0.013161 -0.103189 0.011635 -0.018400 0.032031 -0.063897 0.029182 0.021935 0.005150 0.015871 -0.003237 -0.003624 -0.031090 -0.000572 -0.000191 0.018120 -0.371367 -0.455291 -0.079156 -0.883688 0.928321 0.000191
1757663158.559179 -0.021172 -0.013161 -0.103189 0.011635 -0.018400 0.032031 -0.063897 0.029182 0.021935 0.005150 0.015871 -0.003237 -0.003624 -0.031090 -0.000572 -0.000191 0.018120 -0.369459 -0.454528 -0.078012 -0.882544 0.928702 0.000191
1757663158.561171 -0.021553 -0.013161 -0.103189 0.011635 -0.018400 0.032031 -0.063897 0.029182 0.021553 0.005150 0.015871 -0.003237 -0.003624 -0.031090 -0.000572 -0.000191 0.018120 -0.367170 -0.454146 -0.076867 -0.881018 0.928702 0.000191
1757663158.563173 -0.021553 -0.013161 -0.103189 0.011635 -0.018400 0.032031 -0.063897 0.029182 0.021935 0.005150 0.015871 -0.003237 -0.003624 -0.031090 -0.000572 -0.000191 0.018120 -0.364882 -0.453383 -0.076104 -0.879873 0.928702 0.000191
1757663158.565213 -0.021553 -0.013161 -0.103189 0.011635 -0.018400 0.032031 -0.063897 0.029182 0.021935 0.005150 0.015871 -0.003237 -0.003624 -0.031090 -0.000572 -0.000191 0.018120 -0.362974 -0.453002 -0.074960 -0.878347 0.928702 0.000191
1757663158.567194 -0.021553 -0.013161 -0.103189 0.011635 -0.018400 0.032031 -0.063897 0.029182 0.021935 0.005150 0.015871 -0.003237 -0.003624 -0.031090 -0.000572 -0.000191 0.018120 -0.360685 -0.452239 -0.073815 -0.877203 0.928702 0.000191
1757663158.569179 -0.021553 -0.013161 -0.103189 0.011635 -0.018400 0.032031 -0.063897 0.029182 0.021935 0.005150 0.015871 -0.003237 -0.003624 -0.031090 -0.000572 -0.000191 0.018120 -0.358397 -0.451858 -0.072671 -0.875677 0.929084 0.000191
1757663158.571209 -0.021553 -0.013161 -0.103189 0.011635 -0.018400 0.032031 -0.063897 0.029182 0.021935 0.005150 0.015871 -0.003237 -0.003624 -0.031090 -0.000572 -0.000191 0.018120 -0.356108 -0.451095 -0.071527 -0.874533 0.929084 0.000191
1757663158.573173 -0.021553 -0.013161 -0.103189 0.011635 -0.018400 0.032031 -0.063897 0.029182 0.021935 0.005150 0.015871 -0.003237 -0.003624 -0.031090 -0.000572 -0.000191 0.018120 -0.353819 -0.450713 -0.070764 -0.873007 0.929084 0.000191
1757663158.575165 -0.021553 -0.013161 -0.103189 0.011635 -0.018400 0.032031 -0.063897 0.029182 0.021935 0.005150 0.015871 -0.003237 -0.003624 -0.031090 -0.000572 -0.000191 0.018120 -0.351912 -0.449950 -0.069619 -0.871862 0.929084 0.000191
1757663158.577227 -0.021553 -0.013161 -0.103189 0.011635 -0.018400 0.032031 -0.063897 0.029182 0.021935 0.005150 0.015871 -0.003237 -0.003624 -0.031090 -0.000572 -0.000191 0.018120 -0.349623 -0.449187 -0.068475 -0.870337 0.929465 0.000191
1757663158.579178 -0.021553 -0.013161 -0.103189 0.011635 -0.018400 0.032031 -0.063897 0.029182 0.021935 0.005150 0.015871 -0.003237 -0.003624 -0.031090 -0.000572 -0.000191 0.018120 -0.347334 -0.448806 -0.067330 -0.869192 0.929465 0.000191
1757663158.581170 -0.021553 -0.013161 -0.103189 0.011635 -0.018400 0.032031 -0.064279 0.029182 0.021935 0.005150 0.015871 -0.003237 -0.003624 -0.031090 -0.000572 -0.000191 0.018120 -0.345045 -0.448043 -0.066186 -0.867666 0.929465 0.000191
1757663158.583163 -0.021553 -0.013161 -0.103189 0.011635 -0.018400 0.032031 -0.064279 0.029182 0.021935 0.005150 0.015871 -0.003237 -0.003624 -0.031090 -0.000572 -0.000191 0.018120 -0.342755 -0.447661 -0.065423 -0.866522 0.929465 0.000191
1757663158.585162 -0.021553 -0.013161 -0.103189 0.011635 -0.018400 0.032031 -0.064279 0.029182 0.021935 0.005150 0.015871 -0.003237 -0.003624 -0.031090 -0.000572 -0.000191 0.018120 -0.340848 -0.446898 -0.064279 -0.864996 0.929465 0.000191
1757663158.587161 -0.021553 -0.013161 -0.103189 0.011635 -0.018400 0.032031 -0.064279 0.029182 0.021935 0.005150 0.015871 -0.003237 -0.003624 -0.031090 -0.000572 -0.000191 0.018120 -0.338559 -0.446136 -0.063134 -0.863470 0.929847 0.000191
1757663158.589166 -0.021553 -0.013161 -0.103189 0.011635 -0.018400 0.032031 -0.064279 0.029182 0.021935 0.005150 0.015871 -0.003237 -0.003624 -0.031090 -0.000572 -0.000191 0.018120 -0.336270 -0.445754 -0.061990 -0.862326 0.929847 0.000191
1757663158.591163 -0.021553 -0.013161 -0.103189 0.011635 -0.018400 0.032031 -0.064279 0.029182 0.021935 0.005150 0.015871 -0.003237 -0.003624 -0.031090 -0.000572 -0.000191 0.018120 -0.333982 -0.444991 -0.061227 -0.860800 0.929847 0.000191
1757663158.593162 -0.021553 -0.013161 -0.103189 0.011635 -0.018400 0.032031 -0.064279 0.029182 0.021935 0.005150 0.015871 -0.003237 -0.003624 -0.031090 -0.000572 -0.000191 0.018120 -0.331693 -0.444610 -0.060082 -0.859274 0.929847 0.000191
1757663158.595168 -0.021553 -0.013161 -0.103189 0.011635 -0.018400 0.032031 -0.064279 0.029182 0.021935 0.005150 0.015871 -0.003237 -0.004005 -0.031090 -0.000572 -0.000191 0.018120 -0.329404 -0.443847 -0.058938 -0.858130 0.930228 0.000191
1757663158.597166 -0.021553 -0.013161 -0.103189 0.011635 -0.018400 0.032031 -0.064279 0.029182 0.021935 0.005150 0.015871 -0.003237 -0.004005 -0.031090 -0.000572 -0.000191 0.018120 -0.327115 -0.443465 -0.057794 -0.856604 0.930228 0.000191
1757663158.599162 -0.021553 -0.013161 -0.103189 0.011635 -0.018400 0.032031 -0.064279 0.029182 0.021935 0.005150 0.015871 -0.003237 -0.004005 -0.031090 -0.000572 -0.000191 0.018120 -0.324826 -0.442702 -0.056649 -0.855078 0.930228 0.000191
1757663158.601164 -0.021553 -0.013161 -0.103189 0.011635 -0.018400 0.032031 -0.064279 0.029182 0.021935 0.005150 0.015871 -0.003237 -0.004005 -0.031090 -0.000572 -0.000191 0.018120 -0.322919 -0.441939 -0.055505 -0.853933 0.930228 0.000191
1757663158.603163 -0.021553 -0.013161 -0.103189 0.011635 -0.018400 0.032031 -0.064279 0.029182 0.021935 0.005150 0.015871 -0.003237 -0.004005 -0.031090 -0.000572 -0.000191 0.018120 -0.320630 -0.441558 -0.054360 -0.852407 0.930228 0.000191
1757663158.605164 -0.021553 -0.013161 -0.103189 0.011635 -0.018400 0.032031 -0.064279 0.029182 0.021935 0.005150 0.015871 -0.003237 -0.004005 -0.031090 -0.000572 -0.000191 0.018120 -0.318341 -0.440795 -0.053216 -0.850882 0.930610 0.000191
1757663158.607183 -0.021553 -0.013161 -0.103189 0.011635 -0.018400 0.032031 -0.064279 0.029182 0.021935 0.005150 0.015871 -0.003237 -0.004005 -0.031090 -0.000572 -0.000191 0.018120 -0.316052 -0.440032 -0.052072 -0.849356 0.930610 0.000191
1757663158.609187 -0.021935 -0.013161 -0.103189 0.011635 -0.018400 0.032031 -0.064279 0.029182 0.021935 0.005150 0.015871 -0.003237 -0.004005 -0.031090 -0.000572 -0.000191 0.018120 -0.313764 -0.439651 -0.050927 -0.847830 0.930610 0.000191
1757663158.611162 -0.021935 -0.013161 -0.103189 0.011635 -0.018400 0.032031 -0.064279 0.029182 0.021935 0.005150 0.015871 -0.003237 -0.004005 -0.031090 -0.000572 -0.000191 0.018120 -0.311475 -0.438888 -0.049783 -0.846685 0.930610 0.000191
1757663158.613188 -0.021935 -0.013161 -0.103189 0.011635 -0.018400 0.032031 -0.064660 0.029182 0.021935 0.005150 0.015871 -0.003237 -0.004005 -0.031090 -0.000572 -0.000191 0.018120 -0.309186 -0.438506 -0.048638 -0.845160 0.930991 0.000191
1757663158.615182 -0.021935 -0.013161 -0.103189 0.011635 -0.018400 0.032031 -0.064660 0.029182 0.021935 0.005150 0.015871 -0.003237 -0.004005 -0.031090 -0.000572 -0.000191 0.018120 -0.306897 -0.437743 -0.047875 -0.843633 0.930991 0.000191
1757663158.617162 -0.021935 -0.013161 -0.103189 0.011635 -0.018400 0.032031 -0.064660 0.029182 0.021935 0.005150 0.015871 -0.003237 -0.004005 -0.031090 -0.000572 -0.000191 0.018120 -0.304608 -0.436980 -0.046731 -0.842107 0.930991 0.000191
1757663158.619162 -0.021935 -0.013161 -0.103189 0.011635 -0.018400 0.032031 -0.064660 0.029182 0.021935 0.005150 0.015871 -0.003237 -0.004005 -0.031090 -0.000572 -0.000191 0.018120 -0.302320 -0.436599 -0.045587 -0.840581 0.931373 0.000191
1757663158.621161 -0.021935 -0.013161 -0.103189 0.011635 -0.018400 0.032031 -0.064660 0.029182 0.021935 0.005150 0.015871 -0.003237 -0.004005 -0.031090 -0.000572 -0.000191 0.018120 -0.300412 -0.435836 -0.044442 -0.839437 0.931373 0.000191
1757663158.623165 -0.021935 -0.013161 -0.103189 0.011635 -0.018400 0.032031 -0.064660 0.029182 0.021935 0.005150 0.015871 -0.003237 -0.004005 -0.031090 -0.000572 -0.000191 0.018120 -0.298123 -0.435073 -0.043298 -0.837911 0.931373 0.000191
1757663158.625181 -0.021935 -0.013161 -0.103189 0.011635 -0.018400 0.032031 -0.064660 0.029182 0.021935 0.005150 0.015871 -0.003237 -0.004005 -0.031090 -0.000572 -0.000191 0.018120 -0.295835 -0.434691 -0.042153 -0.836385 0.931373 0.000191
1757663158.627163 -0.021935 -0.013161 -0.103189 0.011635 -0.018400 0.032031 -0.064660 0.029182 0.021935 0.005150 0.015871 -0.003237 -0.004005 -0.031090 -0.000572 -0.000191 0.018120 -0.293546 -0.433928 -0.041009 -0.834859 0.931754 0.000191
1757663158.629159 -0.021935 -0.013161 -0.103189 0.011635 -0.018400 0.032031 -0.064660 0.029182 0.021935 0.005150 0.015871 -0.003237 -0.004005 -0.031090 -0.000572 -0.000191 0.018120 -0.291257 -0.433547 -0.039865 -0.833714 0.931754 0.000191
1757663158.631163 -0.022316 -0.013161 -0.103189 0.011635 -0.018400 0.032031 -0.065042 0.029182 0.021935 0.005150 0.015871 -0.003237 -0.004005 -0.031090 -0.000572 -0.000191 0.018120 -0.288968 -0.432784 -0.038720 -0.832189 0.931754 0.000191
1757663158.633162 -0.022316 -0.013161 -0.103189 0.011635 -0.018400 0.032031 -0.065042 0.029182 0.021935 0.005150 0.015871 -0.003237 -0.004005 -0.031090 -0.000572 -0.000191 0.018120 -0.286679 -0.432021 -0.037576 -0.830663 0.931754 0.000191
1757663158.635187 -0.022316 -0.013161 -0.103189 0.011635 -0.018400 0.032031 -0.065042 0.029182 0.021935 0.005150 0.015871 -0.003237 -0.004005 -0.031090 -0.000572 -0.000191 0.018120 -0.284390 -0.431640 -0.036431 -0.829137 0.932136 0.000191
1757663158.637164 -0.022316 -0.013161 -0.103189 0.011635 -0.018400 0.032031 -0.065042 0.029182 0.021935 0.005150 0.015871 -0.003237 -0.004005 -0.031090 -0.000572 -0.000191 0.018120 -0.282102 -0.430877 -0.035287 -0.827611 0.932136 0.000191
1757663158.639213 -0.022316 -0.013161 -0.103189 0.011635 -0.018400 0.032031 -0.065042 0.029182 0.021935 0.005150 0.015871 -0.003237 -0.004005 -0.031090 -0.000572 -0.000191 0.018120 -0.279812 -0.430114 -0.034524 -0.826467 0.932136 0.000191
1757663158.641176 -0.022316 -0.013161 -0.103189 0.011635 -0.018400 0.032031 -0.065042 0.029182 0.021935 0.005150 0.015871 -0.003237 -0.004005 -0.031090 -0.000572 -0.000191 0.018120 -0.277905 -0.429732 -0.033380 -0.824941 0.932517 0.000191
1757663158.643184 -0.022316 -0.013161 -0.103189 0.011635 -0.018400 0.032031 -0.065042 0.029182 0.021935 0.005150 0.015871 -0.003237 -0.004005 -0.031090 -0.000572 -0.000191 0.018120 -0.275616 -0.428969 -0.032235 -0.823415 0.932517 0.000191
1757663158.645171 -0.022316 -0.013161 -0.103189 0.011635 -0.018400 0.032031 -0.065042 0.029182 0.021935 0.005150 0.015871 -0.003237 -0.004005 -0.031090 -0.000572 -0.000191 0.018120 -0.273327 -0.428588 -0.031090 -0.821889 0.932517 0.000191
1757663158.647176 -0.022316 -0.013161 -0.103189 0.011635 -0.018400 0.032031 -0.065042 0.029182 0.021935 0.005150 0.015871 -0.003237 -0.004005 -0.031090 -0.000572 -0.000191 0.018120 -0.271038 -0.427825 -0.029945 -0.820745 0.932517 0.000191
1757663158.649171 -0.022316 -0.013161 -0.103189 0.011635 -0.018400 0.032031 -0.065423 0.029182 0.021935 0.005150 0.015871 -0.003237 -0.004005 -0.031090 -0.000572 -0.000191 0.018120 -0.268749 -0.427062 -0.028801 -0.819219 0.932899 0.000191
1757663158.651189 -0.022316 -0.013161 -0.103189 0.011635 -0.018400 0.032031 -0.065423 0.029182 0.021935 0.005150 0.015871 -0.003237 -0.004005 -0.031090 -0.000572 -0.000191 0.018120 -0.266460 -0.426681 -0.027657 -0.817693 0.932899 0.000191
1757663158.653170 -0.022316 -0.013161 -0.103189 0.011635 -0.018400 0.032031 -0.065423 0.029182 0.021935 0.005150 0.015871 -0.003237 -0.004005 -0.031090 -0.000572 -0.000191 0.018120 -0.264172 -0.425918 -0.026512 -0.816167 0.932899 0.000191
1757663158.655180 -0.022316 -0.013161 -0.103189 0.011635 -0.018400 0.032031 -0.065423 0.029182 0.021935 0.005150 0.015871 -0.003237 -0.004005 -0.031090 -0.000572 -0.000191 0.018120 -0.261883 -0.425155 -0.025368 -0.815022 0.932899 0.000191
1757663158.657159 -0.022697 -0.013161 -0.103189 0.011635 -0.018400 0.032031 -0.065423 0.029182 0.021935 0.005150 0.015871 -0.003237 -0.004005 -0.031090 -0.000572 -0.000191 0.018120 -0.259975 -0.424773 -0.024605 -0.813497 0.932899 0.000191
1757663158.659179 -0.022697 -0.013161 -0.102808 0.011635 -0.018400 0.032031 -0.065423 0.029182 0.021935 0.005150 0.015871 -0.003237 -0.004005 -0.031090 -0.000572 -0.000191 0.018120 -0.257687 -0.424010 -0.023460 -0.811971 0.933280 0.000191
1757663158.661175 -0.022697 -0.013161 -0.103189 0.011635 -0.018400 0.032031 -0.065423 0.029182 0.021935 0.005150 0.015871 -0.003237 -0.004005 -0.031090 -0.000572 -0.000191 0.018120 -0.255398 -0.423247 -0.022316 -0.810445 0.933280 0.000191
1757663158.663178 -0.022697 -0.013161 -0.103189 0.011635 -0.018400 0.032031 -0.065423 0.029182 0.021935 0.005150 0.015871 -0.003237 -0.004005 -0.031090 -0.000572 -0.000191 0.018120 -0.253109 -0.422866 -0.021172 -0.808919 0.933280 0.000191
1757663158.665160 -0.022697 -0.013161 -0.103189 0.011253 -0.018400 0.032031 -0.065423 0.029182 0.021935 0.005150 0.015871 -0.003237 -0.004005 -0.031090 -0.000572 -0.000191 0.018120 -0.250820 -0.422103 -0.020027 -0.807393 0.933280 0.000191
1757663158.667175 -0.022697 -0.013161 -0.103189 0.011253 -0.018400 0.032031 -0.065804 0.029182 0.021935 0.005150 0.015871 -0.003237 -0.004005 -0.031090 -0.000572 -0.000191 0.018120 -0.248531 -0.421340 -0.018883 -0.806249 0.933280 0.000191
1757663158.669159 -0.022697 -0.013161 -0.103189 0.011253 -0.018400 0.032031 -0.065804 0.029182 0.021935 0.005150 0.015871 -0.003237 -0.004005 -0.031090 -0.000572 -0.000191 0.018120 -0.246624 -0.420959 -0.017738 -0.804723 0.933661 0.000191
1757663158.671243 -0.022697 -0.013161 -0.103189 0.011253 -0.018400 0.032031 -0.065804 0.029182 0.021935 0.005150 0.015871 -0.003237 -0.004005 -0.031090 -0.000572 -0.000191 0.018120 -0.244335 -0.420196 -0.016594 -0.803197 0.933661 0.000191
1757663158.673170 -0.022697 -0.013161 -0.103189 0.011253 -0.018400 0.032031 -0.065804 0.029182 0.021935 0.005150 0.015871 -0.003237 -0.004005 -0.031090 -0.000572 -0.000191 0.018120 -0.242046 -0.419433 -0.015450 -0.801671 0.933661 0.000191
1757663158.675174 -0.022697 -0.013161 -0.103189 0.011253 -0.018400 0.032031 -0.065804 0.029182 0.021935 0.005150 0.015871 -0.003237 -0.004005 -0.031090 -0.000572 -0.000191 0.018120 -0.239758 -0.419051 -0.014305 -0.800145 0.933661 0.000191
1757663158.677167 -0.022697 -0.013161 -0.103189 0.011253 -0.018400 0.032031 -0.065804 0.029182 0.021935 0.005150 0.015871 -0.003237 -0.004005 -0.031090 -0.000572 -0.000191 0.018120 -0.237469 -0.418288 -0.013161 -0.798619 0.934043 0.000191
1757663158.679170 -0.022697 -0.013161 -0.103189 0.011253 -0.018400 0.032031 -0.065804 0.029182 0.021935 0.005150 0.015871 -0.003237 -0.004005 -0.031090 -0.000572 -0.000191 0.018120 -0.235561 -0.417525 -0.012016 -0.797093 0.934043 0.000191
1757663158.681159 -0.022697 -0.013161 -0.103189 0.011253 -0.018400 0.032031 -0.065804 0.029182 0.021935 0.005150 0.015871 -0.003237 -0.004005 -0.031090 -0.000572 -0.000191 0.018120 -0.233273 -0.416762 -0.010872 -0.795568 0.934043 0.000191
1757663158.683161 -0.023079 -0.013161 -0.103189 0.011253 -0.018400 0.032031 -0.065804 0.029182 0.021935 0.005150 0.015871 -0.003237 -0.004005 -0.031090 -0.000572 -0.000191 0.018120 -0.230984 -0.416381 -0.009727 -0.794042 0.934043 0.000191
1757663158.685163 -0.023079 -0.013161 -0.103189 0.011253 -0.018400 0.032031 -0.065804 0.029182 0.021935 0.005150 0.015871 -0.003237 -0.004005 -0.031090 -0.000572 -0.000191 0.018120 -0.228695 -0.415618 -0.008583 -0.792516 0.934043 0.000191
1757663158.687166 -0.023079 -0.013161 -0.103189 0.011253 -0.018400 0.032031 -0.065804 0.029182 0.021935 0.005150 0.015871 -0.003237 -0.004005 -0.031090 -0.000572 -0.000191 0.018120 -0.226406 -0.414855 -0.007439 -0.790990 0.934424 0.000191
1757663158.689165 -0.023079 -0.013161 -0.103189 0.011253 -0.018400 0.032031 -0.066186 0.029182 0.021935 0.005150 0.015871 -0.003237 -0.004005 -0.031090 -0.000572 -0.000191 0.018120 -0.224117 -0.414474 -0.006294 -0.789464 0.934424 0.000191
1757663158.691163 -0.023079 -0.013161 -0.103189 0.011253 -0.018400 0.032031 -0.066186 0.029182 0.021935 0.005150 0.015871 -0.003237 -0.004005 -0.031090 -0.000572 -0.000191 0.018120 -0.222210 -0.413711 -0.005150 -0.787938 0.934424 0.000191
1757663158.693166 -0.023079 -0.013161 -0.103189 0.011253 -0.018400 0.032031 -0.066186 0.029182 0.021935 0.005150 0.015871 -0.003237 -0.004005 -0.031090 -0.000572 -0.000191 0.018120 -0.219921 -0.412948 -0.004005 -0.786031 0.934424 0.000191
1757663158.695164 -0.023079 -0.013161 -0.103189 0.011253 -0.018400 0.032031 -0.066186 0.029182 0.021935 0.005150 0.015871 -0.003237 -0.004005 -0.031090 -0.000572 -0.000191 0.018120 -0.217631 -0.412566 -0.002861 -0.784505 0.934424 0.000191
1757663158.697163 -0.023079 -0.013161 -0.103189 0.011253 -0.018400 0.032031 -0.066186 0.029182 0.021935 0.005150 0.015871 -0.003237 -0.004005 -0.031090 -0.000572 -0.000191 0.018120 -0.215343 -0.411803 -0.001717 -0.782979 0.934806 0.000191
1757663158.699163 -0.023079 -0.013161 -0.103189 0.011253 -0.018400 0.032031 -0.066186 0.029182 0.021935 0.005150 0.015871 -0.003237 -0.004005 -0.031090 -0.000572 -0.000191 0.018120 -0.213054 -0.411040 -0.000572 -0.781453 0.934806 0.000191
1757663158.701159 -0.023079 -0.013161 -0.103189 0.011253 -0.018400 0.032031 -0.066186 0.029182 0.021935 0.005150 0.015871 -0.003237 -0.004005 -0.031090 -0.000572 -0.000191 0.018120 -0.210765 -0.410277 0.000572 -0.779926 0.934806 0.000191
1757663158.703224 -0.023079 -0.013161 -0.103189 0.011253 -0.018400 0.032031 -0.066186 0.029182 0.021935 0.005150 0.015871 -0.003237 -0.004005 -0.031090 -0.000572 -0.000191 0.018120 -0.208858 -0.409514 0.001717 -0.778400 0.934806 0.000191
1757663158.705168 -0.023079 -0.013161 -0.103189 0.011253 -0.018400 0.032031 -0.066186 0.029182 0.021935 0.005150 0.015871 -0.003237 -0.004005 -0.031090 -0.000572 -0.000191 0.018120 -0.206569 -0.409133 0.002861 -0.776875 0.935187 0.000191
1757663158.707160 -0.023079 -0.013161 -0.103189 0.011253 -0.018400 0.032031 -0.066186 0.029182 0.021935 0.005150 0.015871 -0.003237 -0.004005 -0.031090 -0.000572 -0.000191 0.018120 -0.204280 -0.408370 0.004005 -0.775349 0.935187 0.000191
1757663158.709159 -0.023079 -0.013161 -0.103189 0.011253 -0.018400 0.032031 -0.066186 0.029182 0.021935 0.005150 0.015871 -0.003237 -0.004005 -0.031090 -0.000572 -0.000191 0.018120 -0.201991 -0.407607 0.005150 -0.773823 0.935187 0.000191
1757663158.711158 -0.023079 -0.013161 -0.103189 0.011253 -0.018400 0.032031 -0.066186 0.029182 0.021935 0.005150 0.015871 -0.003237 -0.004005 -0.031090 -0.000572 -0.000191 0.018120 -0.199702 -0.406844 0.006294 -0.772297 0.935187 0.000191
1757663158.713166 -0.023079 -0.013161 -0.103189 0.011253 -0.018400 0.032031 -0.066186 0.029182 0.021935 0.005150 0.015871 -0.003237 -0.004005 -0.031090 -0.000572 -0.000191 0.018120 -0.197795 -0.406463 0.007439 -0.770771 0.935187 0.000191
1757663158.715158 -0.023079 -0.013161 -0.103189 0.011253 -0.018400 0.032031 -0.066186 0.029182 0.021935 0.005150 0.015871 -0.003237 -0.004005 -0.031090 -0.000572 -0.000191 0.018120 -0.195506 -0.405699 0.008583 -0.769245 0.935569 0.000191
1757663158.717161 -0.023079 -0.013161 -0.103189 0.011253 -0.018400 0.032031 -0.066186 0.029182 0.021935 0.005150 0.015871 -0.003237 -0.004005 -0.031090 -0.000572 -0.000191 0.018120 -0.193217 -0.404936 0.009727 -0.767719 0.935569 0.000191
1757663158.719157 -0.023079 -0.013161 -0.103189 0.011253 -0.018400 0.032031 -0.066186 0.029182 0.021935 0.005150 0.015871 -0.003237 -0.004005 -0.031090 -0.000572 -0.000191 0.018120 -0.190928 -0.404173 0.010872 -0.765812 0.935569 0.000191
1757663158.721243 -0.023079 -0.013161 -0.103189 0.011253 -0.018400 0.032031 -0.066186 0.029182 0.021935 0.005150 0.015871 -0.003237 -0.004005 -0.031090 -0.000572 -0.000191 0.018120 -0.189021 -0.403410 0.012016 -0.764286 0.935569 0.000191
1757663158.723170 -0.023079 -0.013161 -0.103189 0.011253 -0.018400 0.032031 -0.066186 0.029182 0.021935 0.005150 0.015871 -0.003237 -0.004005 -0.031090 -0.000572 -0.000191 0.018120 -0.186732 -0.402647 0.013161 -0.762760 0.935950 0.000191
1757663158.725163 -0.023079 -0.013161 -0.103189 0.011253 -0.018400 0.032031 -0.066186 0.029182 0.021935 0.005150 0.015871 -0.003237 -0.004005 -0.031090 -0.000572 -0.000191 0.018120 -0.184443 -0.401884 0.014305 -0.761234 0.935950 0.000191
1757663158.727165 -0.023079 -0.013161 -0.103189 0.011253 -0.018400 0.032031 -0.066186 0.029182 0.021935 0.005150 0.015871 -0.003237 -0.004005 -0.031090 -0.000572 -0.000191 0.018120 -0.182536 -0.401121 0.015450 -0.759708 0.935950 0.000191
1757663158.729165 -0.023079 -0.013161 -0.103189 0.011253 -0.018400 0.032031 -0.066186 0.029182 0.021935 0.005150 0.015871 -0.003237 -0.004005 -0.031090 -0.000572 -0.000191 0.018120 -0.180247 -0.400740 0.016594 -0.758183 0.935950 0.000191
1757663158.731161 -0.023079 -0.013161 -0.103189 0.011253 -0.018400 0.032031 -0.066186 0.029182 0.021935 0.005150 0.015871 -0.003237 -0.004005 -0.031090 -0.000572 -0.000191 0.018120 -0.177958 -0.399977 0.018120 -0.756657 0.935950 0.000191
1757663158.733163 -0.023079 -0.013161 -0.103189 0.011253 -0.018400 0.032031 -0.066186 0.029182 0.021935 0.005150 0.015871 -0.003237 -0.004005 -0.031090 -0.000572 -0.000191 0.018120 -0.176051 -0.399214 0.019264 -0.755131 0.936332 0.000191
1757663158.735204 -0.023079 -0.013161 -0.103189 0.011253 -0.018400 0.032031 -0.066186 0.029182 0.021935 0.005150 0.015871 -0.003237 -0.003624 -0.031090 -0.000572 -0.000191 0.018120 -0.173762 -0.398451 0.020409 -0.753605 0.936332 0.000191
1757663158.737171 -0.023079 -0.013161 -0.103189 0.011253 -0.018400 0.032031 -0.066186 0.029182 0.021935 0.005150 0.015871 -0.003237 -0.003624 -0.031090 -0.000572 -0.000191 0.018120 -0.171855 -0.397688 0.021553 -0.752079 0.936332 0.000191
1757663158.739196 -0.023079 -0.013161 -0.103189 0.011253 -0.018400 0.032031 -0.066186 0.029182 0.021935 0.005150 0.015871 -0.003237 -0.003624 -0.031090 -0.000572 -0.000191 0.018120 -0.169566 -0.396925 0.022697 -0.750553 0.936332 0.000191
1757663158.741166 -0.023079 -0.013161 -0.103189 0.011253 -0.018400 0.032031 -0.066186 0.029182 0.021935 0.005150 0.015871 -0.003237 -0.003624 -0.031090 -0.000572 -0.000191 0.018120 -0.167277 -0.396162 0.023842 -0.749027 0.936332 0.000191
1757663158.743161 -0.023079 -0.013161 -0.103189 0.011253 -0.018400 0.032031 -0.066186 0.029182 0.021935 0.005150 0.015871 -0.003237 -0.003624 -0.031090 -0.000572 -0.000191 0.018120 -0.165370 -0.395399 0.024986 -0.747120 0.936713 0.000191
1757663158.745159 -0.023079 -0.013161 -0.103189 0.011253 -0.018400 0.032031 -0.066186 0.029182 0.021935 0.005150 0.015871 -0.003237 -0.003624 -0.031090 -0.000572 -0.000191 0.018120 -0.163081 -0.394636 0.026131 -0.745594 0.936713 0.000191
1757663158.747162 -0.023079 -0.013161 -0.103189 0.011253 -0.018400 0.032031 -0.066186 0.029182 0.021935 0.005150 0.015871 -0.003237 -0.003624 -0.031090 -0.000572 -0.000191 0.018120 -0.160792 -0.393873 0.027275 -0.744068 0.936713 0.000191
1757663158.749163 -0.023079 -0.013161 -0.103189 0.011253 -0.018400 0.032031 -0.066186 0.029182 0.021935 0.005150 0.015871 -0.003237 -0.003624 -0.031090 -0.000572 -0.000191 0.018120 -0.158885 -0.393110 0.028419 -0.742542 0.936713 0.000191
1757663158.751162 -0.023079 -0.013161 -0.103189 0.011253 -0.018400 0.032031 -0.066186 0.029182 0.021935 0.005150 0.015871 -0.003237 -0.003624 -0.031090 -0.000572 -0.000191 0.018120 -0.156596 -0.392347 0.029564 -0.741016 0.937095 0.000191
1757663158.753247 -0.023079 -0.013161 -0.103189 0.011253 -0.018400 0.032031 -0.066186 0.029182 0.021935 0.005150 0.015871 -0.003237 -0.003624 -0.031090 -0.000572 -0.000191 0.018120 -0.154688 -0.391584 0.030708 -0.739491 0.937095 0.000191
1757663158.755231 -0.023079 -0.013161 -0.103189 0.011253 -0.018400 0.032031 -0.066186 0.029182 0.021935 0.005150 0.015871 -0.003237 -0.003624 -0.031090 -0.000572 -0.000191 0.018120 -0.152399 -0.390821 0.032235 -0.737965 0.937095 0.000191
1757663158.757205 -0.023079 -0.013161 -0.103189 0.011253 -0.018400 0.032031 -0.066186 0.029182 0.021935 0.005150 0.015871 -0.003237 -0.003624 -0.031090 -0.000572 -0.000191 0.018120 -0.150492 -0.390059 0.033380 -0.736439 0.937095 0.000191
1757663158.759205 -0.023079 -0.013161 -0.103189 0.011253 -0.018400 0.032031 -0.066186 0.029182 0.021935 0.005150 0.015871 -0.003237 -0.003624 -0.031090 -0.000572 -0.000191 0.018120 -0.148203 -0.389296 0.034524 -0.734913 0.937095 0.000191
1757663158.761206 -0.023079 -0.013161 -0.103189 0.011253 -0.018400 0.032031 -0.066186 0.029182 0.021935 0.005150 0.015871 -0.003237 -0.003624 -0.031090 -0.000572 -0.000191 0.018120 -0.146296 -0.388533 0.035668 -0.733006 0.937476 0.000191
1757663158.763206 -0.023079 -0.013161 -0.103189 0.011253 -0.018400 0.032031 -0.066186 0.029182 0.021935 0.005150 0.015871 -0.003237 -0.003624 -0.031090 -0.000572 -0.000191 0.018120 -0.144007 -0.387770 0.036813 -0.731480 0.937476 0.000191
1757663158.765203 -0.023079 -0.013161 -0.103189 0.011253 -0.018400 0.032031 -0.066186 0.029182 0.021935 0.005150 0.015871 -0.003237 -0.003624 -0.031090 -0.000572 -0.000191 0.018120 -0.142099 -0.387007 0.037957 -0.729954 0.937476 0.000191
1757663158.767223 -0.023079 -0.013161 -0.103189 0.011253 -0.018400 0.032031 -0.066186 0.029182 0.021935 0.005150 0.015871 -0.003237 -0.003624 -0.031090 -0.000572 -0.000191 0.018120 -0.139811 -0.386244 0.039102 -0.728428 0.937476 0.000191
1757663158.769175 -0.023079 -0.013161 -0.103189 0.011253 -0.018400 0.032031 -0.066186 0.029182 0.021935 0.005150 0.015871 -0.003237 -0.003624 -0.031090 -0.000572 -0.000191 0.018120 -0.137522 -0.385481 0.040246 -0.726902 0.937476 0.000191
1757663158.771151 -0.023079 -0.013161 -0.103189 0.011253 -0.018400 0.032031 -0.066186 0.029182 0.021935 0.005150 0.015871 -0.003237 -0.003624 -0.031090 -0.000572 -0.000191 0.018120 -0.135614 -0.384718 0.041772 -0.725376 0.937858 0.000191
1757663158.773184 -0.023079 -0.013161 -0.103189 0.011253 -0.018400 0.032031 -0.066186 0.029182 0.021935 0.005150 0.015871 -0.003237 -0.003624 -0.031090 -0.000572 -0.000191 0.018120 -0.133707 -0.383955 0.042916 -0.723850 0.937858 0.000191
1757663158.775171 -0.023079 -0.013161 -0.103189 0.011253 -0.018400 0.032031 -0.066186 0.029182 0.021935 0.005150 0.015871 -0.003237 -0.003624 -0.031090 -0.000572 -0.000191 0.018120 -0.131418 -0.383192 0.044061 -0.722324 0.937858 0.000191
1757663158.777159 -0.023079 -0.013161 -0.103189 0.011253 -0.018400 0.032031 -0.066186 0.029182 0.021935 0.005150 0.015871 -0.003237 -0.003624 -0.031090 -0.000572 -0.000191 0.018120 -0.129129 -0.382429 0.045205 -0.720798 0.937858 0.000191
1757663158.779168 -0.023079 -0.013161 -0.103189 0.011253 -0.018400 0.032031 -0.066186 0.029182 0.021935 0.005150 0.015871 -0.003237 -0.003624 -0.031090 -0.000572 -0.000191 0.018120 -0.127222 -0.381666 0.046731 -0.719273 0.937858 0.000191
1757663158.781163 -0.023079 -0.013161 -0.103189 0.011253 -0.018400 0.032031 -0.066186 0.029182 0.021935 0.005150 0.015871 -0.003237 -0.003624 -0.031090 -0.000572 -0.000191 0.018120 -0.125315 -0.380903 0.047875 -0.717746 0.938239 0.000191
1757663158.783159 -0.023079 -0.013161 -0.103189 0.011253 -0.018400 0.032031 -0.066186 0.029182 0.021935 0.005150 0.015871 -0.003237 -0.003624 -0.031090 -0.000572 -0.000191 0.018120 -0.123026 -0.380140 0.049020 -0.715838 0.938239 0.000191
1757663158.785160 -0.023079 -0.013161 -0.103189 0.011253 -0.018400 0.032031 -0.066186 0.029182 0.021935 0.005150 0.015871 -0.003237 -0.003624 -0.031090 -0.000572 -0.000191 0.018120 -0.121119 -0.379377 0.050164 -0.714313 0.938239 0.000191
1757663158.787161 -0.023079 -0.013161 -0.103189 0.011253 -0.018400 0.032031 -0.066186 0.029182 0.021935 0.005150 0.015871 -0.003237 -0.003624 -0.031090 -0.000572 -0.000191 0.018120 -0.118830 -0.378614 0.051309 -0.712787 0.938239 0.000191
1757663158.789156 -0.023079 -0.013161 -0.103189 0.011253 -0.018400 0.032031 -0.066186 0.029182 0.021935 0.005150 0.015871 -0.003237 -0.003624 -0.031090 -0.000572 -0.000191 0.018120 -0.116922 -0.377851 0.052835 -0.711261 0.938621 0.000191
1757663158.791159 -0.023079 -0.013161 -0.103189 0.011253 -0.018400 0.032031 -0.066186 0.029182 0.021935 0.005150 0.015871 -0.003237 -0.003624 -0.031090 -0.000572 -0.000191 0.018120 -0.114634 -0.377089 0.053979 -0.709735 0.938621 0.000191
1757663158.793159 -0.023079 -0.013161 -0.103189 0.011253 -0.018400 0.032031 -0.066186 0.029182 0.021935 0.005150 0.015871 -0.003237 -0.003624 -0.031090 -0.000572 -0.000191 0.018120 -0.112726 -0.376326 0.055123 -0.708209 0.938621 0.000191
1757663158.795156 -0.023079 -0.013161 -0.103189 0.011253 -0.018400 0.032031 -0.066186 0.029182 0.021935 0.005150 0.015871 -0.003237 -0.003624 -0.031090 -0.000572 -0.000191 0.018120 -0.110819 -0.375563 0.056649 -0.706683 0.938621 0.000191
1757663158.797166 -0.023079 -0.013161 -0.103189 0.011253 -0.018400 0.032031 -0.066186 0.029182 0.021935 0.005150 0.015871 -0.003237 -0.003624 -0.031090 -0.000572 -0.000191 0.018120 -0.108530 -0.374800 0.057794 -0.705157 0.938621 0.000191
1757663158.799166 -0.023079 -0.013161 -0.103189 0.011253 -0.018400 0.032031 -0.066186 0.029182 0.021935 0.005150 0.015871 -0.003237 -0.003242 -0.031090 -0.000572 -0.000191 0.018120 -0.106623 -0.374037 0.058938 -0.703250 0.939002 0.000191
1757663158.801167 -0.023079 -0.013161 -0.103189 0.011253 -0.018400 0.032031 -0.066186 0.029182 0.021935 0.005150 0.015871 -0.003237 -0.003242 -0.031090 -0.000572 -0.000191 0.018120 -0.104715 -0.373274 0.060464 -0.701724 0.939002 0.000191
1757663158.803166 -0.023079 -0.013161 -0.103189 0.011253 -0.018400 0.032031 -0.066186 0.029182 0.021935 0.005150 0.015871 -0.003237 -0.003242 -0.031090 -0.000572 -0.000191 0.018120 -0.102427 -0.372511 0.061608 -0.700198 0.939002 0.000191
1757663158.805149 -0.023079 -0.013161 -0.103189 0.011253 -0.018400 0.032031 -0.066186 0.029182 0.021935 0.005150 0.015871 -0.003237 -0.003242 -0.031090 -0.000572 -0.000191 0.018120 -0.100519 -0.371748 0.062753 -0.698672 0.939002 0.000191
1757663158.807162 -0.023079 -0.013161 -0.103189 0.011253 -0.018400 0.032031 -0.066186 0.029182 0.021935 0.005150 0.015871 -0.003237 -0.003242 -0.031090 -0.000572 -0.000191 0.018120 -0.098612 -0.370985 0.064279 -0.697146 0.939384 0.000191
1757663158.809160 -0.023079 -0.013161 -0.103189 0.011253 -0.018400 0.032031 -0.066186 0.029182 0.021935 0.005150 0.015871 -0.003237 -0.003242 -0.031090 -0.000572 -0.000191 0.018120 -0.096704 -0.370222 0.065423 -0.695239 0.939384 0.000191
1757663158.811155 -0.023079 -0.013161 -0.103571 0.011253 -0.018400 0.032031 -0.066186 0.029182 0.021935 0.005150 0.015871 -0.003237 -0.003242 -0.031090 -0.000572 -0.000191 0.018120 -0.094416 -0.369459 0.066567 -0.693713 0.939384 0.000191
1757663158.813160 -0.023079 -0.013161 -0.103571 0.011253 -0.018400 0.032031 -0.066186 0.029182 0.021935 0.005150 0.015871 -0.003237 -0.003242 -0.031090 -0.000572 -0.000191 0.018120 -0.092507 -0.368696 0.068093 -0.692187 0.939384 0.000191
1757663158.815159 -0.023079 -0.013161 -0.103571 0.011253 -0.018400 0.032031 -0.066186 0.029182 0.021935 0.005150 0.015871 -0.003237 -0.003242 -0.031090 -0.000572 -0.000191 0.018120 -0.090600 -0.367933 0.069238 -0.690661 0.939384 0.000191
1757663158.817155 -0.023079 -0.013161 -0.103571 0.011253 -0.018400 0.032031 -0.066186 0.029182 0.021935 0.005150 0.015871 -0.003237 -0.003242 -0.031472 -0.000572 -0.000191 0.018120 -0.088693 -0.367170 0.070382 -0.688754 0.939765 0.000191
1757663158.819162 -0.023079 -0.013161 -0.103571 0.011253 -0.018400 0.032031 -0.066186 0.029182 0.021935 0.005150 0.015871 -0.003237 -0.003242 -0.031472 -0.000572 -0.000191 0.018120 -0.086785 -0.366407 0.071908 -0.687228 0.939765 0.000191
1757663158.821167 -0.023079 -0.013161 -0.103571 0.011253 -0.018400 0.032031 -0.066186 0.029182 0.021935 0.005150 0.015871 -0.003237 -0.002861 -0.031472 -0.000572 -0.000191 0.018120 -0.084878 -0.365644 0.073052 -0.685702 0.939765 0.000191
1757663158.823161 -0.023079 -0.013161 -0.103571 0.011253 -0.018400 0.032031 -0.066186 0.029182 0.021935 0.005150 0.015871 -0.003237 -0.002861 -0.031472 -0.000572 -0.000191 0.018120 -0.082971 -0.364882 0.074197 -0.684176 0.939765 0.000191
1757663158.825156 -0.023079 -0.013161 -0.103571 0.011253 -0.018400 0.032031 -0.066186 0.029182 0.021935 0.005150 0.015871 -0.003237 -0.002861 -0.031472 -0.000572 -0.000191 0.018120 -0.080682 -0.364119 0.075341 -0.682269 0.940146 0.000191
1757663158.827160 -0.023079 -0.013161 -0.103571 0.011253 -0.018400 0.032031 -0.066186 0.029182 0.021935 0.005150 0.015871 -0.003237 -0.002861 -0.031472 -0.000572 -0.000191 0.018120 -0.078774 -0.363356 0.076867 -0.680743 0.940146 0.000191
1757663158.829168 -0.023079 -0.013161 -0.103571 0.011253 -0.018400 0.032031 -0.066186 0.029182 0.021935 0.005150 0.015871 -0.003237 -0.002861 -0.031472 -0.000572 -0.000191 0.018120 -0.076867 -0.362593 0.078012 -0.679217 0.940146 0.000191
1757663158.831171 -0.023079 -0.013161 -0.103571 0.011253 -0.018400 0.032031 -0.066186 0.029182 0.021935 0.005150 0.015871 -0.003237 -0.002861 -0.031472 -0.000572 -0.000191 0.018120 -0.074960 -0.361830 0.079156 -0.677310 0.940146 0.000191
1757663158.833168 -0.023079 -0.013161 -0.103571 0.011253 -0.018400 0.032031 -0.066186 0.029182 0.021935 0.005150 0.015871 -0.003237 -0.002861 -0.031472 -0.000572 -0.000191 0.018120 -0.073052 -0.361067 0.080682 -0.675784 0.940528 0.000191
1757663158.835204 -0.023079 -0.013161 -0.103571 0.011253 -0.018400 0.032031 -0.066186 0.029182 0.021935 0.005150 0.015871 -0.003237 -0.002861 -0.031472 -0.000572 -0.000191 0.018120 -0.071145 -0.360304 0.081826 -0.674258 0.940528 0.000191
1757663158.837166 -0.023079 -0.013161 -0.103571 0.011253 -0.018400 0.032031 -0.066186 0.029182 0.021935 0.005150 0.015871 -0.003237 -0.002861 -0.031472 -0.000572 -0.000191 0.018120 -0.069238 -0.359541 0.082971 -0.672351 0.940528 0.000191
1757663158.839163 -0.023079 -0.013161 -0.103571 0.011253 -0.018400 0.032031 -0.066186 0.029182 0.021935 0.005150 0.015871 -0.003237 -0.002861 -0.031472 -0.000572 -0.000191 0.018120 -0.067330 -0.358778 0.084496 -0.670825 0.940528 0.000191
1757663158.841161 -0.023079 -0.013161 -0.103571 0.011253 -0.018400 0.032031 -0.066186 0.029182 0.021935 0.005150 0.015871 -0.003237 -0.002480 -0.031472 -0.000572 -0.000191 0.018120 -0.065423 -0.358015 0.085641 -0.669299 0.940909 0.000191
1757663158.843157 -0.023079 -0.013161 -0.103571 0.011253 -0.018400 0.032031 -0.066186 0.029182 0.021935 0.005150 0.015871 -0.003237 -0.002480 -0.031472 -0.000572 -0.000191 0.018120 -0.063134 -0.357252 0.087167 -0.667773 0.940909 0.000191
1757663158.845154 -0.023079 -0.013161 -0.103571 0.011253 -0.018400 0.032031 -0.066186 0.029182 0.021935 0.005150 0.015871 -0.003237 -0.002480 -0.031472 -0.000572 -0.000191 0.018120 -0.061227 -0.356489 0.088311 -0.665866 0.940909 0.000191
1757663158.847157 -0.023079 -0.013161 -0.103571 0.011253 -0.018400 0.032031 -0.066186 0.029182 0.021935 0.005150 0.015871 -0.003237 -0.002480 -0.031472 -0.000572 -0.000191 0.018120 -0.059319 -0.355726 0.089837 -0.664340 0.941291 0.000191
1757663158.849157 -0.023079 -0.013161 -0.103571 0.011253 -0.018400 0.032031 -0.066186 0.029182 0.021935 0.005150 0.015871 -0.003237 -0.002480 -0.031472 -0.000572 -0.000191 0.018120 -0.057412 -0.354963 0.091363 -0.662814 0.941291 0.000191
1757663158.851159 -0.023079 -0.013161 -0.103571 0.011253 -0.018400 0.032031 -0.066186 0.029182 0.021935 0.005150 0.015871 -0.003237 -0.002480 -0.031472 -0.000572 -0.000191 0.018120 -0.055505 -0.354200 0.092889 -0.661288 0.941291 0.000191
1757663158.853146 -0.023079 -0.013161 -0.103571 0.011253 -0.018400 0.032031 -0.066186 0.029182 0.021935 0.005150 0.015871 -0.003237 -0.002098 -0.031472 -0.000572 -0.000191 0.018120 -0.053597 -0.353437 0.094034 -0.659381 0.941672 0.000191
1757663158.855166 -0.023079 -0.013161 -0.103571 0.011253 -0.018400 0.032031 -0.066186 0.029182 0.021935 0.005150 0.015871 -0.003237 -0.002098 -0.031472 -0.000572 -0.000191 0.018120 -0.051690 -0.352674 0.095560 -0.657855 0.941672 0.000191
1757663158.857155 -0.023079 -0.013161 -0.103571 0.011253 -0.018400 0.032031 -0.066186 0.029182 0.021935 0.005150 0.015871 -0.003237 -0.002098 -0.031472 -0.000572 -0.000191 0.018120 -0.049783 -0.351912 0.097086 -0.656329 0.942054 0.000191
1757663158.859160 -0.023079 -0.013161 -0.103571 0.011253 -0.018400 0.032031 -0.066186 0.029182 0.021935 0.005150 0.015871 -0.003237 -0.002098 -0.031472 -0.000572 -0.000191 0.018120 -0.047875 -0.351149 0.098612 -0.654802 0.942054 0.000191
1757663158.861178 -0.023079 -0.013161 -0.103571 0.011253 -0.018400 0.032031 -0.066186 0.029182 0.021935 0.005150 0.015871 -0.003237 -0.002098 -0.031472 -0.000572 -0.000191 0.018120 -0.045968 -0.350386 0.100138 -0.653276 0.942435 0.000191
1757663158.863192 -0.023079 -0.013161 -0.103571 0.011253 -0.018400 0.032031 -0.066186 0.029182 0.021553 0.005150 0.015871 -0.003237 -0.001717 -0.031472 -0.000572 -0.000191 0.018120 -0.044061 -0.349623 0.101664 -0.651369 0.942817 0.000191
1757663158.865167 -0.023079 -0.013161 -0.103571 0.011253 -0.018400 0.032031 -0.066186 0.029182 0.021553 0.005150 0.015871 -0.003237 -0.001717 -0.031472 -0.000572 -0.000191 0.018120 -0.042153 -0.348860 0.103189 -0.649843 0.942817 0.000191
1757663158.867165 -0.023079 -0.013161 -0.103571 0.011253 -0.018400 0.032031 -0.066186 0.029182 0.021553 0.005150 0.015871 -0.003237 -0.001717 -0.031472 -0.000572 -0.000191 0.018120 -0.040246 -0.348097 0.104334 -0.648317 0.943198 0.000191
1757663158.869156 -0.023079 -0.013161 -0.103571 0.011253 -0.018400 0.032031 -0.066186 0.029182 0.021553 0.005150 0.015871 -0.003237 -0.001717 -0.031472 -0.000572 -0.000191 0.018120 -0.038339 -0.347334 0.105860 -0.646791 0.943198 0.000191
1757663158.871193 -0.023079 -0.013161 -0.103571 0.011253 -0.018400 0.032031 -0.066186 0.029182 0.021553 0.005150 0.015871 -0.003237 -0.001335 -0.031472 -0.000572 -0.000191 0.018120 -0.036431 -0.346571 0.107386 -0.644884 0.943198 0.000191
1757663158.873165 -0.023079 -0.013161 -0.103571 0.011253 -0.018400 0.032031 -0.066186 0.029182 0.021553 0.005150 0.015871 -0.003237 -0.001335 -0.031472 -0.000572 -0.000191 0.018120 -0.034524 -0.345808 0.108530 -0.643358 0.943580 0.000191
1757663158.875158 -0.023079 -0.013161 -0.103571 0.011253 -0.018400 0.032031 -0.066186 0.029182 0.021553 0.005150 0.015871 -0.003237 -0.001335 -0.031472 -0.000572 -0.000191 0.018120 -0.032998 -0.345045 0.110056 -0.641832 0.943961 0.000191
1757663158.877168 -0.023079 -0.013161 -0.103571 0.011253 -0.018400 0.032031 -0.066186 0.029182 0.021553 0.005150 0.015871 -0.003237 -0.001335 -0.031472 -0.000572 -0.000191 0.018120 -0.031090 -0.344282 0.111582 -0.640306 0.943961 0.000191
1757663158.879156 -0.023079 -0.013161 -0.103571 0.011253 -0.018400 0.032031 -0.066186 0.029182 0.021553 0.005150 0.015871 -0.003237 -0.001335 -0.031472 -0.000572 -0.000191 0.018120 -0.029182 -0.343518 0.113108 -0.638399 0.944343 0.000191
1757663158.881157 -0.023079 -0.013161 -0.103571 0.011253 -0.018400 0.032031 -0.066186 0.029182 0.021553 0.005150 0.015871 -0.003237 -0.000954 -0.031472 -0.000572 -0.000191 0.018120 -0.027275 -0.342374 0.114634 -0.636873 0.944343 0.000191
1757663158.883159 -0.023079 -0.013161 -0.103571 0.011253 -0.018400 0.032031 -0.066186 0.029182 0.021553 0.005150 0.015871 -0.003237 -0.000954 -0.031472 -0.000572 -0.000191 0.018120 -0.025368 -0.341611 0.116159 -0.635347 0.944724 0.000191
1757663158.885166 -0.023079 -0.013161 -0.103571 0.011253 -0.018400 0.032031 -0.066186 0.029182 0.021553 0.005150 0.015871 -0.003237 -0.000954 -0.031472 -0.000572 -0.000191 0.018120 -0.023460 -0.340848 0.117685 -0.633440 0.944724 0.000191
1757663158.887156 -0.023079 -0.013161 -0.103952 0.011253 -0.018400 0.032031 -0.066186 0.029182 0.021553 0.005150 0.015871 -0.003237 -0.000954 -0.031472 -0.000572 -0.000191 0.018120 -0.021935 -0.340085 0.119211 -0.631914 0.945106 0.000191
1757663158.889156 -0.023079 -0.013161 -0.103952 0.011253 -0.018400 0.032031 -0.066186 0.029182 0.021553 0.005150 0.015871 -0.003237 -0.000572 -0.031472 -0.000572 -0.000191 0.018120 -0.020027 -0.339322 0.120737 -0.630388 0.945487 0.000191
1757663158.891171 -0.023079 -0.013161 -0.103952 0.011253 -0.018400 0.032031 -0.066186 0.029182 0.021553 0.005150 0.015871 -0.003237 -0.000572 -0.031854 -0.000572 -0.000191 0.018120 -0.018120 -0.338559 0.122263 -0.628481 0.945487 0.000191
1757663158.893179 -0.023079 -0.013161 -0.103952 0.011253 -0.018400 0.032031 -0.066186 0.029182 0.021553 0.005150 0.015871 -0.003237 -0.000572 -0.031472 -0.000572 -0.000191 0.018120 -0.016594 -0.337796 0.123789 -0.626955 0.945868 0.000191
1757663158.895149 -0.023079 -0.013161 -0.103952 0.011253 -0.018400 0.032031 -0.066186 0.029182 0.021553 0.005150 0.015871 -0.003237 -0.000572 -0.031854 -0.000572 -0.000191 0.018120 -0.014687 -0.337033 0.125315 -0.625429 0.946250 0.000191
1757663158.897161 -0.023079 -0.013161 -0.103952 0.011253 -0.018400 0.032031 -0.066186 0.029182 0.021553 0.005150 0.015871 -0.003237 -0.000191 -0.031854 -0.000572 -0.000191 0.018120 -0.012779 -0.336270 0.126841 -0.623522 0.946250 0.000191
1757663158.899167 -0.023079 -0.013161 -0.103952 0.011253 -0.018400 0.032031 -0.066186 0.029182 0.021553 0.005150 0.015871 -0.003237 -0.000191 -0.031854 -0.000572 -0.000191 0.018120 -0.011253 -0.335507 0.128366 -0.621996 0.946631 0.000191
1757663158.901162 -0.023079 -0.013161 -0.103952 0.011253 -0.018400 0.032031 -0.066186 0.029182 0.021553 0.005150 0.015871 -0.003237 -0.000191 -0.031854 -0.000572 -0.000191 0.018120 -0.009346 -0.334744 0.129892 -0.620089 0.947013 0.000191
1757663158.903161 -0.023079 -0.013161 -0.103952 0.011253 -0.018400 0.032031 -0.066186 0.029182 0.021553 0.005150 0.015871 -0.003237 -0.000191 -0.031854 -0.000572 -0.000191 0.018120 -0.007439 -0.333982 0.131418 -0.618563 0.947013 0.000191
1757663158.905213 -0.023079 -0.013161 -0.103952 0.011253 -0.018400 0.032031 -0.066186 0.029182 0.021553 0.005150 0.015871 -0.003237 0.000191 -0.031854 -0.000572 -0.000191 0.018120 -0.005913 -0.333219 0.132944 -0.616655 0.947394 0.000191
1757663158.907178 -0.023079 -0.013161 -0.103952 0.011635 -0.018400 0.032031 -0.066186 0.029182 0.021553 0.005150 0.015871 -0.003237 0.000191 -0.031854 -0.000572 -0.000191 0.018120 -0.004005 -0.332456 0.134470 -0.615129 0.947776 0.000191
1757663158.909157 -0.023079 -0.013161 -0.103952 0.011635 -0.018400 0.032031 -0.066186 0.029182 0.021553 0.005150 0.015871 -0.003237 0.000191 -0.031854 -0.000572 -0.000191 0.018120 -0.002480 -0.331693 0.135996 -0.613222 0.947776 0.000191
1757663158.911157 -0.023079 -0.013161 -0.103952 0.011253 -0.018400 0.032031 -0.066186 0.029182 0.021553 0.005150 0.015871 -0.003237 0.000191 -0.031854 -0.000572 -0.000191 0.018120 -0.000572 -0.330930 0.137522 -0.611696 0.948157 0.000191
1757663158.913156 -0.023079 -0.013161 -0.103952 0.011635 -0.018400 0.032031 -0.066186 0.029182 0.021553 0.005150 0.015871 -0.003237 0.000191 -0.031854 -0.000572 -0.000191 0.018120 0.001335 -0.330167 0.139048 -0.609789 0.948157 0.000191
1757663158.915155 -0.023079 -0.013161 -0.103952 0.011635 -0.018400 0.032031 -0.066186 0.029182 0.021553 0.005150 0.015871 -0.003237 0.000572 -0.031854 -0.000572 -0.000191 0.018120 0.002861 -0.329404 0.140574 -0.608263 0.948539 0.000191
1757663158.917158 -0.023079 -0.013161 -0.103952 0.011635 -0.018400 0.032031 -0.066186 0.029182 0.021553 0.005150 0.015871 -0.003237 0.000572 -0.031854 -0.000572 -0.000191 0.018120 0.004768 -0.328641 0.142099 -0.606356 0.948920 0.000191
1757663158.919157 -0.023079 -0.013161 -0.103952 0.011635 -0.018400 0.032031 -0.066186 0.029182 0.021553 0.005150 0.015871 -0.003237 0.000572 -0.031854 -0.000572 -0.000191 0.018120 0.006294 -0.327878 0.143625 -0.604830 0.948920 0.000191
1757663158.921161 -0.023079 -0.013161 -0.103952 0.011635 -0.018400 0.032031 -0.066186 0.029182 0.021553 0.005150 0.015871 -0.003237 0.000954 -0.031854 -0.000572 -0.000191 0.018120 0.008202 -0.327115 0.145151 -0.603304 0.949302 0.000191
1757663158.923171 -0.023079 -0.013161 -0.103952 0.011635 -0.018400 0.032031 -0.066186 0.029182 0.021553 0.005150 0.015871 -0.003237 0.000954 -0.031854 -0.000572 -0.000191 0.018120 0.009727 -0.326352 0.147058 -0.601397 0.949683 0.000191
1757663158.925205 -0.023079 -0.013161 -0.103952 0.011635 -0.018400 0.032031 -0.066186 0.029182 0.021553 0.005150 0.015871 -0.003237 0.000954 -0.031854 -0.000572 -0.000191 0.018120 0.011635 -0.325589 0.148584 -0.599871 0.949683 0.000191
1757663158.927183 -0.023079 -0.013161 -0.103952 0.011635 -0.018400 0.032031 -0.066186 0.029182 0.021553 0.005150 0.015871 -0.003237 0.000954 -0.031854 -0.000572 -0.000191 0.018120 0.013161 -0.324445 0.150110 -0.597963 0.950065 0.000191
1757663158.929166 -0.023079 -0.013161 -0.103952 0.011635 -0.018400 0.032031 -0.066186 0.029182 0.021553 0.005150 0.015871 -0.003237 0.001335 -0.031854 -0.000572 -0.000191 0.018120 0.015068 -0.323682 0.151636 -0.596437 0.950446 0.000191
1757663158.931163 -0.023079 -0.013161 -0.103952 0.011635 -0.018400 0.032031 -0.066186 0.029182 0.021553 0.005150 0.015871 -0.003237 0.001335 -0.031854 -0.000572 -0.000191 0.018120 0.016594 -0.322919 0.153162 -0.594912 0.950828 0.000191
1757663158.933155 -0.023079 -0.013161 -0.103952 0.011635 -0.018400 0.032031 -0.066186 0.029182 0.021553 0.005150 0.015871 -0.003237 0.001335 -0.031854 -0.000572 -0.000191 0.018120 0.018501 -0.322156 0.155069 -0.593003 0.950828 0.000191
1757663158.935154 -0.023079 -0.013161 -0.103952 0.011635 -0.018400 0.032031 -0.066186 0.029182 0.021553 0.005150 0.015871 -0.003237 0.001717 -0.031854 -0.000572 -0.000191 0.018120 0.020027 -0.321393 0.156214 -0.591477 0.951209 0.000191
1757663158.937158 -0.023079 -0.013161 -0.103952 0.011635 -0.018400 0.032031 -0.066186 0.029182 0.021553 0.005150 0.015871 -0.003237 0.001717 -0.031854 -0.000572 -0.000191 0.018120 0.021935 -0.320630 0.158122 -0.589952 0.951591 0.000191
1757663158.939157 -0.023079 -0.013161 -0.103952 0.011635 -0.018400 0.032031 -0.066186 0.029182 0.021553 0.005150 0.015871 -0.003237 0.001717 -0.031854 -0.000572 -0.000191 0.018120 0.023460 -0.319867 0.159648 -0.588044 0.951972 0.000191
1757663158.941159 -0.023079 -0.013161 -0.103952 0.011635 -0.018400 0.032031 -0.066186 0.029182 0.021553 0.005150 0.015871 -0.003237 0.001717 -0.031854 -0.000572 -0.000191 0.018120 0.024986 -0.319104 0.161174 -0.586518 0.951972 0.000191
1757663158.943157 -0.023079 -0.013161 -0.103952 0.011635 -0.018400 0.032031 -0.066186 0.029182 0.021553 0.005150 0.015871 -0.003237 0.002098 -0.031854 -0.000572 -0.000191 0.018120 0.026894 -0.318341 0.162700 -0.584992 0.952353 0.000191
1757663158.945156 -0.023079 -0.013161 -0.103952 0.011635 -0.018400 0.032031 -0.066186 0.029182 0.021553 0.005150 0.015871 -0.003237 0.002098 -0.031854 -0.000572 -0.000191 0.018120 0.028419 -0.317578 0.164226 -0.583085 0.952735 0.000191
1757663158.947166 -0.023079 -0.013161 -0.103952 0.011635 -0.018400 0.032031 -0.066186 0.029182 0.021553 0.005150 0.015871 -0.003237 0.002098 -0.031854 -0.000572 -0.000191 0.018120 0.029945 -0.316815 0.166133 -0.581559 0.953116 0.000191
1757663158.949153 -0.023079 -0.013161 -0.103952 0.011635 -0.018400 0.032031 -0.066186 0.029182 0.021553 0.005150 0.015871 -0.003237 0.002480 -0.031854 -0.000572 -0.000191 0.018120 0.031854 -0.316052 0.167659 -0.580033 0.953498 0.000191
1757663158.951154 -0.023079 -0.013161 -0.103952 0.011635 -0.018400 0.032031 -0.066186 0.029182 0.021553 0.005150 0.015871 -0.003237 0.002480 -0.031854 -0.000572 -0.000191 0.018120 0.033380 -0.315289 0.169185 -0.578507 0.953498 0.000191
1757663158.953303 -0.023079 -0.013161 -0.103952 0.011635 -0.018400 0.032031 -0.066186 0.029182 0.021553 0.005150 0.015871 -0.003237 0.002480 -0.031854 -0.000572 -0.000191 0.018120 0.034905 -0.314527 0.171092 -0.576600 0.953879 0.000191
1757663158.955168 -0.023079 -0.013161 -0.103952 0.011635 -0.018400 0.032031 -0.066186 0.029182 0.021553 0.005150 0.015871 -0.003237 0.002861 -0.031854 -0.000572 -0.000191 0.018120 0.036431 -0.313382 0.172618 -0.575074 0.954261 0.000191
1757663158.957167 -0.023079 -0.013161 -0.103952 0.011635 -0.018400 0.032031 -0.066186 0.029182 0.021553 0.005150 0.015871 -0.003237 0.002861 -0.031854 -0.000572 -0.000191 0.018120 0.037957 -0.312619 0.174144 -0.573548 0.954261 0.000191
1757663158.959156 -0.023079 -0.013161 -0.103952 0.011635 -0.018400 0.032031 -0.066186 0.029182 0.021553 0.005150 0.015871 -0.003237 0.002861 -0.031854 -0.000572 -0.000191 0.018120 0.039483 -0.311856 0.176051 -0.571641 0.954642 0.000191
1757663158.961176 -0.023079 -0.013161 -0.103952 0.011635 -0.018400 0.032031 -0.066186 0.029182 0.021553 0.005150 0.015871 -0.003237 0.003242 -0.031854 -0.000572 -0.000191 0.018120 0.041009 -0.311093 0.177577 -0.570115 0.955024 0.000191
1757663158.963166 -0.023079 -0.013161 -0.103952 0.011635 -0.018400 0.032031 -0.066186 0.029182 0.021553 0.005150 0.015871 -0.003237 0.003242 -0.031854 -0.000572 -0.000191 0.018120 0.042535 -0.310330 0.179103 -0.568208 0.955024 0.000191
1757663158.965163 -0.023079 -0.013161 -0.103952 0.011635 -0.018400 0.032031 -0.066186 0.029182 0.021553 0.005150 0.015871 -0.003237 0.003242 -0.031854 -0.000572 -0.000191 0.018120 0.044061 -0.309567 0.180629 -0.566682 0.955405 0.000191
1757663158.967156 -0.023079 -0.013161 -0.103952 0.011635 -0.018400 0.032031 -0.066186 0.029182 0.021553 0.005150 0.015871 -0.003237 0.003624 -0.031854 -0.000572 -0.000191 0.018120 0.045587 -0.308805 0.182536 -0.564775 0.955787 0.000191
1757663158.969183 -0.023079 -0.013161 -0.103952 0.011635 -0.018400 0.032031 -0.066186 0.029182 0.021553 0.005150 0.015871 -0.003237 0.003624 -0.031854 -0.000572 -0.000191 0.018120 0.047112 -0.308042 0.184062 -0.563249 0.955787 0.000191
1757663158.971164 -0.023079 -0.013161 -0.103952 0.011635 -0.018400 0.032031 -0.066186 0.029182 0.021553 0.005150 0.015871 -0.003237 0.003624 -0.031854 -0.000572 -0.000191 0.018120 0.048638 -0.307279 0.185588 -0.561341 0.956168 0.000191
1757663158.973157 -0.023079 -0.013161 -0.103952 0.011635 -0.018400 0.032031 -0.066186 0.029182 0.021553 0.005150 0.015871 -0.003237 0.004005 -0.031854 -0.000572 -0.000191 0.018120 0.050164 -0.306516 0.187495 -0.559815 0.956550 0.000191
1757663158.975157 -0.023079 -0.013161 -0.103952 0.011635 -0.018400 0.032031 -0.066186 0.029182 0.021553 0.005150 0.015871 -0.003237 0.004005 -0.031854 -0.000572 -0.000191 0.018120 0.051690 -0.305371 0.189021 -0.557908 0.956931 0.000191
1757663158.977154 -0.023079 -0.013161 -0.104334 0.011635 -0.018400 0.032031 -0.066186 0.029182 0.021553 0.005150 0.015871 -0.003237 0.004005 -0.031854 -0.000572 -0.000191 0.018120 0.053216 -0.304608 0.190928 -0.556382 0.956931 0.000191
1757663158.979159 -0.023079 -0.013161 -0.104334 0.011635 -0.018400 0.032031 -0.066186 0.029182 0.021553 0.005150 0.015871 -0.003237 0.004005 -0.031854 -0.000572 -0.000191 0.018120 0.054742 -0.303845 0.192836 -0.554475 0.957313 0.000191
1757663158.981154 -0.023079 -0.013161 -0.104334 0.011635 -0.018400 0.032031 -0.066186 0.029182 0.021553 0.005150 0.015871 -0.003237 0.004387 -0.031854 -0.000572 -0.000191 0.018120 0.056268 -0.303082 0.194362 -0.552949 0.957694 0.000191
1757663158.983154 -0.023079 -0.013161 -0.104334 0.011635 -0.018400 0.032031 -0.066186 0.029182 0.021553 0.005150 0.015871 -0.003237 0.004387 -0.031854 -0.000572 -0.000191 0.018120 0.057412 -0.302320 0.196269 -0.551042 0.957694 0.000191
1757663158.985191 -0.023079 -0.013161 -0.104334 0.011635 -0.018400 0.032031 -0.066186 0.029182 0.021553 0.005150 0.015871 -0.003237 0.004387 -0.031854 -0.000572 -0.000191 0.018120 0.058938 -0.301175 0.197795 -0.549516 0.958076 0.000191
1757663158.987169 -0.023079 -0.013161 -0.104334 0.011635 -0.018400 0.032031 -0.066186 0.029182 0.021553 0.005150 0.015871 -0.003237 0.004768 -0.031854 -0.000572 -0.000191 0.018120 0.060464 -0.300412 0.199702 -0.547990 0.958457 0.000191
1757663158.989177 -0.023079 -0.013161 -0.104334 0.011635 -0.018400 0.032031 -0.066186 0.029182 0.021553 0.005150 0.015871 -0.003237 0.004768 -0.031854 -0.000572 -0.000191 0.018120 0.061608 -0.299649 0.201228 -0.546082 0.958457 0.000191
1757663158.991173 -0.023079 -0.013161 -0.104334 0.011635 -0.018400 0.032031 -0.066186 0.029182 0.021553 0.005150 0.015871 -0.003237 0.004768 -0.031854 -0.000572 -0.000191 0.018120 0.063134 -0.298886 0.203135 -0.544557 0.958838 0.000191
1757663158.993234 -0.023079 -0.013161 -0.104334 0.011635 -0.018400 0.032031 -0.066186 0.029182 0.021553 0.005150 0.015871 -0.003237 0.005150 -0.031854 -0.000954 -0.000191 0.018120 0.064660 -0.298123 0.204661 -0.542649 0.959220 0.000191
1757663158.995200 -0.023079 -0.013161 -0.104334 0.011635 -0.018400 0.032031 -0.066186 0.029182 0.021553 0.005150 0.015871 -0.003237 0.005150 -0.031854 -0.000954 -0.000191 0.018120 0.065804 -0.296979 0.206569 -0.541123 0.959220 0.000191
1757663158.997200 -0.023079 -0.013161 -0.104334 0.011635 -0.018400 0.032031 -0.066186 0.029182 0.021172 0.005150 0.015871 -0.003237 0.005150 -0.031854 -0.000954 -0.000191 0.018120 0.067330 -0.296216 0.208476 -0.539216 0.959601 0.000191
1757663158.999200 -0.023079 -0.013161 -0.104334 0.011635 -0.018400 0.032031 -0.066186 0.029182 0.021172 0.005150 0.015871 -0.003237 0.005531 -0.031854 -0.000954 -0.000191 0.018120 0.068475 -0.295453 0.210002 -0.537690 0.959983 0.000191
1757663159.001201 -0.023079 -0.013161 -0.104334 0.011635 -0.018400 0.032031 -0.066186 0.029182 0.021172 0.005150 0.015871 -0.003237 0.005531 -0.031854 -0.000954 -0.000191 0.018120 0.070001 -0.294690 0.211909 -0.535783 0.959983 0.000191
1757663159.003203 -0.023079 -0.013161 -0.104334 0.011635 -0.018400 0.032031 -0.066186 0.029182 0.021172 0.005150 0.015871 -0.003237 0.005531 -0.031854 -0.000954 -0.000191 0.018120 0.071145 -0.293546 0.213817 -0.534257 0.960364 0.000191
1757663159.005224 -0.023079 -0.013161 -0.104334 0.011635 -0.018400 0.032031 -0.066186 0.029182 0.021172 0.005150 0.015871 -0.003237 0.005913 -0.031854 -0.000954 -0.000191 0.018120 0.072671 -0.292783 0.215724 -0.532350 0.960746 0.000191
1757663159.007186 -0.023079 -0.013161 -0.104334 0.011635 -0.018400 0.032031 -0.066186 0.029182 0.021172 0.005150 0.015871 -0.003237 0.005913 -0.031854 -0.000954 -0.000191 0.018120 0.073815 -0.292020 0.217250 -0.530823 0.961127 0.000191
1757663159.009164 -0.023079 -0.013161 -0.104334 0.011635 -0.018400 0.032031 -0.066186 0.029182 0.021172 0.005150 0.015871 -0.003237 0.005913 -0.031854 -0.000954 -0.000191 0.018120 0.075341 -0.291257 0.219158 -0.529297 0.961509 0.000191
1757663159.011169 -0.023079 -0.013161 -0.104334 0.011635 -0.018400 0.032031 -0.066186 0.029182 0.021172 0.005150 0.015871 -0.003237 0.006294 -0.031854 -0.000954 -0.000191 0.018120 0.076486 -0.290112 0.221066 -0.527390 0.961890 0.000191
1757663159.013165 -0.023079 -0.013161 -0.104334 0.011635 -0.018400 0.032031 -0.066186 0.029182 0.021172 0.005150 0.015871 -0.003237 0.006294 -0.031854 -0.000954 -0.000191 0.018120 0.078012 -0.289350 0.222591 -0.525864 0.962272 0.000191
1757663159.015156 -0.023079 -0.013161 -0.104334 0.011635 -0.018400 0.032031 -0.066186 0.029182 0.021172 0.005150 0.015871 -0.003237 0.006294 -0.031854 -0.000954 -0.000191 0.018120 0.079156 -0.288587 0.224499 -0.524338 0.962272 0.000191
1757663159.017302 -0.023079 -0.013161 -0.104334 0.011635 -0.018400 0.032031 -0.066186 0.029182 0.021172 0.005150 0.015871 -0.003237 0.006294 -0.031854 -0.000954 -0.000191 0.018120 0.080300 -0.287442 0.226406 -0.522430 0.962653 0.000191
1757663159.019172 -0.023079 -0.013161 -0.104334 0.011635 -0.018400 0.032031 -0.066186 0.029182 0.021172 0.005150 0.015871 -0.003237 0.006676 -0.031854 -0.000954 -0.000191 0.018120 0.081826 -0.286679 0.227932 -0.520905 0.963035 0.000191
1757663159.021167 -0.023079 -0.013161 -0.104334 0.011635 -0.018400 0.032031 -0.066186 0.029182 0.021172 0.005150 0.015871 -0.003237 0.006676 -0.031854 -0.000954 -0.000191 0.018120 0.082971 -0.285916 0.229839 -0.519379 0.963416 0.000191
1757663159.023201 -0.023079 -0.013161 -0.104334 0.011635 -0.018400 0.032031 -0.066186 0.029182 0.021172 0.005150 0.015871 -0.003237 0.006676 -0.031854 -0.000954 -0.000191 0.018120 0.084115 -0.284772 0.231747 -0.517853 0.963798 0.000191
1757663159.025167 -0.023079 -0.013161 -0.104334 0.011635 -0.018400 0.032031 -0.066186 0.029182 0.021172 0.005150 0.015871 -0.003237 0.007057 -0.031854 -0.000954 -0.000191 0.018120 0.085641 -0.284009 0.233273 -0.515945 0.963798 0.000191
1757663159.027170 -0.023079 -0.013161 -0.104334 0.011635 -0.018400 0.032031 -0.066186 0.029182 0.021172 0.005150 0.015871 -0.003237 0.007057 -0.031854 -0.000954 -0.000191 0.018120 0.086785 -0.283246 0.235180 -0.514420 0.964179 0.000191
1757663159.029159 -0.023079 -0.013161 -0.104334 0.011635 -0.018400 0.032031 -0.066186 0.029182 0.021172 0.005150 0.015871 -0.003237 0.007057 -0.031854 -0.000954 -0.000191 0.018120 0.087930 -0.282102 0.236706 -0.512894 0.964561 0.000191
1757663159.031157 -0.023079 -0.013161 -0.104334 0.011635 -0.018400 0.032031 -0.066186 0.029182 0.020790 0.005150 0.015871 -0.003237 0.007439 -0.031854 -0.000954 -0.000191 0.018120 0.089074 -0.281339 0.238613 -0.510986 0.964561 0.000191
1757663159.033159 -0.023079 -0.013161 -0.104334 0.011635 -0.018400 0.032031 -0.066186 0.029182 0.020790 0.005150 0.015871 -0.003237 0.007439 -0.031854 -0.000954 -0.000191 0.018120 0.090600 -0.280193 0.240520 -0.509460 0.964942 0.000191
1757663159.035156 -0.023079 -0.013161 -0.104334 0.011635 -0.018400 0.032031 -0.066186 0.029182 0.020790 0.005150 0.015871 -0.003237 0.007439 -0.031854 -0.000954 -0.000191 0.018120 0.091744 -0.279430 0.242046 -0.507935 0.965323 0.000191
1757663159.037156 -0.023079 -0.013161 -0.104334 0.011635 -0.018400 0.032031 -0.066186 0.029182 0.020790 0.005150 0.015871 -0.003237 0.007820 -0.031854 -0.000954 -0.000191 0.018120 0.092889 -0.278667 0.243954 -0.506409 0.965323 0.000191
1757663159.039159 -0.023079 -0.013161 -0.104334 0.011635 -0.018400 0.032031 -0.066186 0.029182 0.020790 0.005150 0.015871 -0.003237 0.007820 -0.031854 -0.000954 -0.000191 0.018120 0.094034 -0.277523 0.245861 -0.504501 0.965705 0.000191
1757663159.041156 -0.023079 -0.013161 -0.104334 0.011635 -0.018400 0.032031 -0.066186 0.029182 0.020790 0.005150 0.015871 -0.003237 0.007820 -0.031854 -0.000954 -0.000191 0.018120 0.095179 -0.276760 0.247387 -0.502975 0.966086 0.000191
1757663159.043156 -0.023079 -0.013161 -0.104334 0.011635 -0.018400 0.032031 -0.066186 0.029182 0.020790 0.005150 0.015871 -0.003237 0.008202 -0.031854 -0.000954 -0.000191 0.018120 0.096323 -0.275616 0.249294 -0.501450 0.966086 0.000191
1757663159.045154 -0.023079 -0.013161 -0.104334 0.011635 -0.018400 0.032031 -0.066186 0.029182 0.020790 0.005150 0.015871 -0.003237 0.008202 -0.031854 -0.000954 -0.000191 0.018120 0.097467 -0.274853 0.250820 -0.499924 0.966468 0.000191
1757663159.047157 -0.023079 -0.013161 -0.104715 0.011635 -0.018400 0.032031 -0.066186 0.029182 0.020790 0.005150 0.015871 -0.003237 0.008202 -0.031854 -0.000954 -0.000191 0.018120 0.098993 -0.274090 0.252728 -0.498398 0.966849 0.000191
1757663159.049172 -0.023079 -0.013161 -0.104715 0.011635 -0.018400 0.032031 -0.066186 0.029182 0.020790 0.005150 0.015871 -0.003237 0.008583 -0.031854 -0.000954 -0.000191 0.018120 0.100138 -0.272945 0.254253 -0.496872 0.966849 0.000191
1757663159.051182 -0.023079 -0.013161 -0.104715 0.011635 -0.018400 0.032031 -0.066186 0.029182 0.020790 0.005150 0.015871 -0.003237 0.008583 -0.031854 -0.000954 -0.000191 0.018120 0.101282 -0.272182 0.256161 -0.494965 0.967231 0.000191
1757663159.053203 -0.023079 -0.013161 -0.104715 0.011635 -0.018400 0.032031 -0.066186 0.029182 0.020790 0.005150 0.015871 -0.003237 0.008583 -0.031854 -0.000954 -0.000191 0.018120 0.102427 -0.271420 0.257687 -0.493439 0.967231 0.000191
1757663159.055157 -0.023079 -0.013161 -0.104715 0.011635 -0.018400 0.032031 -0.066186 0.029182 0.020790 0.005150 0.015871 -0.003237 0.008965 -0.031854 -0.000954 -0.000191 0.018120 0.103189 -0.270275 0.259594 -0.491913 0.967612 0.000191
1757663159.057159 -0.023079 -0.013161 -0.104715 0.011635 -0.018400 0.032031 -0.066186 0.029182 0.020790 0.005150 0.015871 -0.003237 0.008965 -0.031854 -0.000954 -0.000191 0.018120 0.104334 -0.269512 0.261120 -0.490387 0.967612 0.000191
1757663159.059158 -0.023079 -0.013161 -0.104715 0.011635 -0.018400 0.032031 -0.066186 0.029182 0.020790 0.005150 0.015871 -0.003237 0.008965 -0.031854 -0.000954 -0.000191 0.018120 0.105478 -0.268749 0.263027 -0.488861 0.967994 0.000191
1757663159.061158 -0.023079 -0.013161 -0.104715 0.011635 -0.018400 0.032031 -0.066186 0.029182 0.020409 0.005150 0.015871 -0.003237 0.009346 -0.031854 -0.000954 -0.000191 0.018120 0.106623 -0.267605 0.264553 -0.487335 0.967994 0.000191
1757663159.063155 -0.023079 -0.013161 -0.104715 0.011635 -0.018400 0.032031 -0.066186 0.029182 0.020409 0.005150 0.015871 -0.003237 0.009346 -0.031854 -0.000954 -0.000191 0.018120 0.107767 -0.266842 0.266460 -0.485428 0.968375 0.000191
1757663159.065157 -0.023079 -0.013161 -0.104715 0.011635 -0.018400 0.032031 -0.066186 0.029182 0.020409 0.005150 0.015871 -0.003237 0.009727 -0.031854 -0.001335 -0.000191 0.018120 0.108912 -0.265697 0.267986 -0.483902 0.968375 0.000191
1757663159.067155 -0.023079 -0.013161 -0.104715 0.011635 -0.018400 0.032031 -0.066186 0.029182 0.020409 0.005150 0.015871 -0.003237 0.009727 -0.031854 -0.001335 -0.000191 0.018120 0.109674 -0.264935 0.269894 -0.482376 0.968758 0.000191
1757663159.069155 -0.023079 -0.013161 -0.104715 0.011635 -0.018400 0.032031 -0.066186 0.029182 0.020409 0.005150 0.015871 -0.003237 0.009727 -0.031854 -0.001335 -0.000191 0.018120 0.110819 -0.264172 0.271420 -0.480850 0.968758 0.000191
1757663159.071155 -0.023079 -0.013161 -0.104715 0.011635 -0.018400 0.032031 -0.066186 0.029182 0.020409 0.005150 0.015871 -0.003237 0.010109 -0.031854 -0.001335 -0.000191 0.018120 0.111963 -0.263027 0.273327 -0.479324 0.969139 0.000191
1757663159.073156 -0.023079 -0.013161 -0.104715 0.011635 -0.018400 0.032031 -0.066186 0.029182 0.020409 0.005150 0.015871 -0.003237 0.010109 -0.031854 -0.001335 -0.000191 0.018120 0.112726 -0.262264 0.274853 -0.477798 0.969521 0.000191
1757663159.075203 -0.023079 -0.013161 -0.104715 0.011635 -0.018400 0.032031 -0.066186 0.029182 0.020409 0.005150 0.015871 -0.003237 0.010490 -0.031854 -0.001335 -0.000191 0.018120 0.113871 -0.261501 0.276760 -0.476273 0.969521 0.000191
1757663159.077178 -0.023079 -0.013161 -0.104715 0.011635 -0.018400 0.032031 -0.066186 0.029182 0.020409 0.005150 0.015871 -0.003237 0.010490 -0.031854 -0.001335 -0.000191 0.018120 0.114634 -0.260738 0.278286 -0.474365 0.969521 0.000191
1757663159.079198 -0.023079 -0.013161 -0.104715 0.011635 -0.018400 0.032031 -0.066186 0.029182 0.020409 0.005150 0.015871 -0.003237 0.010872 -0.031854 -0.001335 -0.000191 0.018120 0.115778 -0.259594 0.279812 -0.472839 0.969902 0.000191
1757663159.081215 -0.023079 -0.013161 -0.104715 0.011635 -0.018400 0.032031 -0.066186 0.029182 0.020409 0.005150 0.015871 -0.003237 0.010872 -0.031854 -0.001335 -0.000191 0.018120 0.116541 -0.258831 0.281720 -0.471313 0.969902 0.000191
1757663159.083200 -0.023079 -0.013161 -0.104715 0.011635 -0.018400 0.032031 -0.066186 0.029182 0.020409 0.005150 0.015871 -0.003237 0.010872 -0.031854 -0.001335 -0.000191 0.018120 0.117685 -0.258068 0.283246 -0.469788 0.970284 0.000191
1757663159.085219 -0.023079 -0.013161 -0.104715 0.011635 -0.018400 0.032031 -0.066186 0.029182 0.020409 0.005150 0.015871 -0.003237 0.011253 -0.031854 -0.001335 -0.000191 0.018120 0.118448 -0.257305 0.285153 -0.468261 0.970284 0.000191
1757663159.087263 -0.023079 -0.013161 -0.104715 0.011635 -0.018400 0.032031 -0.066186 0.029182 0.020409 0.005150 0.015871 -0.003237 0.011253 -0.031854 -0.001335 -0.000191 0.018120 0.119593 -0.256161 0.286679 -0.466735 0.970665 0.000191
1757663159.089197 -0.023079 -0.013161 -0.104715 0.011635 -0.018400 0.032031 -0.066186 0.029182 0.020409 0.005150 0.015871 -0.003237 0.011635 -0.031854 -0.001335 -0.000191 0.018120 0.120356 -0.255398 0.288587 -0.464828 0.970665 0.000191
1757663159.091161 -0.023079 -0.013161 -0.104715 0.011635 -0.018400 0.032031 -0.066186 0.029182 0.020409 0.005150 0.015871 -0.003237 0.011635 -0.031854 -0.001335 -0.000191 0.018120 0.121500 -0.254635 0.290112 -0.463302 0.971046 0.000191
1757663159.093158 -0.023079 -0.013161 -0.104715 0.011635 -0.018400 0.032031 -0.066186 0.029182 0.020409 0.005150 0.015871 -0.003237 0.011635 -0.031854 -0.001335 -0.000191 0.018120 0.122263 -0.253490 0.291638 -0.461776 0.971046 0.000191
1757663159.095155 -0.023079 -0.013161 -0.104715 0.011635 -0.018400 0.032031 -0.066186 0.029182 0.020409 0.005150 0.015871 -0.003237 0.012016 -0.031854 -0.001335 -0.000191 0.018120 0.123026 -0.252728 0.293546 -0.460250 0.971428 0.000191
1757663159.097155 -0.023079 -0.013161 -0.104715 0.011635 -0.018400 0.032031 -0.066186 0.029182 0.020409 0.005150 0.015871 -0.003237 0.012016 -0.031854 -0.001335 -0.000191 0.018120 0.124170 -0.251965 0.295072 -0.458724 0.971428 0.000191
1757663159.099158 -0.023079 -0.013161 -0.104715 0.011635 -0.018400 0.032031 -0.066186 0.029182 0.020409 0.005150 0.015871 -0.003237 0.012398 -0.031854 -0.001335 -0.000191 0.018120 0.124933 -0.251202 0.296597 -0.457198 0.971809 0.000191
1757663159.101156 -0.023079 -0.013161 -0.104715 0.011635 -0.018400 0.032031 -0.066186 0.029182 0.020409 0.005150 0.015871 -0.003237 0.012398 -0.031854 -0.001335 -0.000191 0.018120 0.125696 -0.250057 0.298505 -0.455672 0.971809 0.000191
1757663159.103173 -0.023079 -0.013161 -0.104715 0.011635 -0.018400 0.032031 -0.066186 0.029182 0.020409 0.005150 0.015871 -0.003237 0.012398 -0.031854 -0.001335 -0.000191 0.018120 0.126459 -0.249294 0.300031 -0.454146 0.972191 0.000191
1757663159.105154 -0.023079 -0.013161 -0.104715 0.011635 -0.018400 0.032031 -0.066186 0.029182 0.020409 0.005150 0.015871 -0.003237 0.012779 -0.031854 -0.001335 -0.000191 0.018120 0.127222 -0.248531 0.301557 -0.452621 0.972191 0.000191
1757663159.107212 -0.023079 -0.013161 -0.104715 0.011635 -0.018400 0.032031 -0.066186 0.029182 0.020409 0.005150 0.015871 -0.003237 0.012779 -0.031854 -0.001335 -0.000191 0.018120 0.128366 -0.247387 0.303082 -0.451095 0.972572 0.000191
1757663159.109189 -0.023079 -0.013161 -0.104715 0.011635 -0.018400 0.032031 -0.066186 0.029182 0.020027 0.005150 0.015871 -0.003237 0.012779 -0.031854 -0.001335 -0.000191 0.018120 0.129129 -0.246624 0.304608 -0.449569 0.972572 0.000191
1757663159.111199 -0.023079 -0.013161 -0.104715 0.011635 -0.018400 0.032031 -0.066186 0.029182 0.020027 0.005150 0.015871 -0.003237 0.013161 -0.031854 -0.001335 -0.000191 0.018120 0.129892 -0.245861 0.306134 -0.448043 0.972572 0.000191
1757663159.113186 -0.023079 -0.013161 -0.104715 0.011635 -0.018400 0.032031 -0.066186 0.029182 0.020027 0.005150 0.015871 -0.003237 0.013161 -0.031854 -0.001335 -0.000191 0.018120 0.130655 -0.244717 0.307660 -0.446517 0.972954 0.000191
1757663159.115224 -0.023079 -0.013161 -0.104715 0.011635 -0.018400 0.032031 -0.066186 0.029182 0.020027 0.005150 0.015871 -0.003237 0.013161 -0.031854 -0.001717 -0.000191 0.018120 0.131418 -0.243954 0.309186 -0.444991 0.972954 0.000191
1757663159.117205 -0.023079 -0.013161 -0.104715 0.011635 -0.018400 0.032031 -0.066186 0.029182 0.020027 0.005150 0.015871 -0.003237 0.013542 -0.031854 -0.001717 -0.000191 0.018120 0.132181 -0.243191 0.310712 -0.443465 0.972954 0.000191
1757663159.119203 -0.023079 -0.013161 -0.104715 0.011635 -0.018400 0.032031 -0.066186 0.029182 0.020027 0.005150 0.015871 -0.003237 0.013542 -0.031854 -0.001717 -0.000191 0.018120 0.132563 -0.242428 0.312238 -0.441939 0.972954 0.000191
1757663159.121204 -0.023079 -0.013542 -0.104715 0.011635 -0.018400 0.032031 -0.066186 0.029182 0.020027 0.005150 0.015871 -0.003237 0.013542 -0.031854 -0.001717 -0.000191 0.018120 0.133326 -0.241283 0.313764 -0.440413 0.973335 0.000191
1757663159.123165 -0.023079 -0.013542 -0.104715 0.011635 -0.018400 0.032031 -0.066186 0.029182 0.020027 0.005150 0.015871 -0.003237 0.013924 -0.031854 -0.001717 -0.000191 0.018120 0.134089 -0.240520 0.315289 -0.438888 0.973335 0.000191
1757663159.125159 -0.023079 -0.013542 -0.104715 0.011635 -0.018400 0.032031 -0.066186 0.029182 0.020027 0.005150 0.015871 -0.003237 0.013924 -0.031854 -0.001717 -0.000191 0.018120 0.134851 -0.239758 0.316815 -0.437362 0.973335 0.000191
1757663159.127156 -0.023079 -0.013542 -0.104715 0.011635 -0.018400 0.032031 -0.066186 0.029182 0.020027 0.005150 0.015871 -0.003237 0.013924 -0.031854 -0.001717 -0.000191 0.018120 0.135614 -0.238995 0.318341 -0.435836 0.973335 0.000191
1757663159.129157 -0.023079 -0.013542 -0.104715 0.011635 -0.018400 0.032031 -0.066186 0.029182 0.020027 0.005531 0.015871 -0.003237 0.013924 -0.031472 -0.001717 -0.000191 0.018120 0.135996 -0.237850 0.319867 -0.434691 0.973717 0.000191
1757663159.131153 -0.023079 -0.013542 -0.104715 0.011635 -0.018400 0.032031 -0.066186 0.029182 0.020027 0.005531 0.015871 -0.003237 0.014305 -0.031472 -0.001717 -0.000191 0.018120 0.136759 -0.237087 0.321393 -0.433166 0.973717 0.000191
1757663159.133156 -0.023079 -0.013542 -0.104715 0.011635 -0.018400 0.032031 -0.066186 0.028801 0.020027 0.005531 0.015871 -0.003237 0.014305 -0.031472 -0.001717 -0.000191 0.018120 0.137522 -0.236324 0.322919 -0.431640 0.973717 0.000191
1757663159.135155 -0.023079 -0.013542 -0.104715 0.011635 -0.018400 0.032031 -0.066186 0.028801 0.020027 0.005531 0.015871 -0.003237 0.014305 -0.031472 -0.001717 -0.000191 0.018120 0.137903 -0.235561 0.324445 -0.430114 0.973717 0.000191
1757663159.137174 -0.023079 -0.013542 -0.104715 0.011635 -0.018400 0.032031 -0.066186 0.028801 0.020027 0.005531 0.015871 -0.003237 0.014305 -0.031472 -0.001717 -0.000191 0.018120 0.138666 -0.234417 0.325971 -0.428588 0.973717 0.000191
1757663159.139153 -0.023079 -0.013542 -0.104715 0.011635 -0.018400 0.032031 -0.066186 0.028801 0.020027 0.005531 0.015871 -0.003237 0.014687 -0.031472 -0.001717 -0.000191 0.018120 0.139429 -0.233654 0.327497 -0.427444 0.974098 0.000191
1757663159.141156 -0.023079 -0.013542 -0.104715 0.011635 -0.018400 0.032031 -0.066186 0.028801 0.020027 0.005531 0.015871 -0.003237 0.014687 -0.031472 -0.001717 -0.000191 0.018120 0.139811 -0.232891 0.329022 -0.425918 0.974098 0.000191
1757663159.143192 -0.023079 -0.013542 -0.104715 0.011635 -0.018400 0.032031 -0.066186 0.028801 0.020027 0.005531 0.015871 -0.003237 0.014687 -0.031472 -0.001717 -0.000191 0.018120 0.140574 -0.232128 0.330548 -0.424392 0.974098 0.000191
1757663159.145167 -0.023079 -0.013542 -0.104715 0.011635 -0.018400 0.032031 -0.066186 0.028801 0.020027 0.005531 0.015871 -0.003237 0.014687 -0.031472 -0.001717 -0.000191 0.018120 0.141336 -0.231365 0.332074 -0.422866 0.974098 0.000191
1757663159.147181 -0.023079 -0.013542 -0.104715 0.011635 -0.018400 0.032031 -0.066186 0.028801 0.020027 0.005531 0.015871 -0.003237 0.015068 -0.031472 -0.001717 -0.000191 0.018120 0.141718 -0.230221 0.333219 -0.421340 0.974098 0.000191
1757663159.149167 -0.023079 -0.013924 -0.104715 0.011635 -0.018400 0.032031 -0.066186 0.028801 0.020027 0.005531 0.015871 -0.003237 0.015068 -0.031472 -0.001717 -0.000191 0.018120 0.142481 -0.229458 0.334744 -0.420196 0.974480 0.000191
1757663159.151165 -0.023079 -0.013924 -0.104715 0.011635 -0.018400 0.032031 -0.066186 0.028801 0.020027 0.005531 0.015871 -0.003237 0.015068 -0.031472 -0.001717 -0.000191 0.018120 0.142862 -0.228695 0.336270 -0.418670 0.974480 0.000191
1757663159.153172 -0.023079 -0.013924 -0.104715 0.011635 -0.018400 0.032031 -0.066186 0.028801 0.020027 0.005531 0.015871 -0.003237 0.015068 -0.031472 -0.001717 -0.000191 0.018120 0.143625 -0.227932 0.337796 -0.417144 0.974480 0.000191
1757663159.155156 -0.023079 -0.013924 -0.104715 0.011635 -0.018400 0.032031 -0.066186 0.028801 0.020027 0.005531 0.015871 -0.003237 0.015450 -0.031472 -0.001717 -0.000191 0.018120 0.144007 -0.226788 0.339322 -0.415618 0.974480 0.000191
1757663159.157168 -0.023079 -0.013924 -0.104715 0.011635 -0.018400 0.032031 -0.066186 0.028419 0.020027 0.005531 0.015871 -0.003237 0.015450 -0.031472 -0.001717 -0.000191 0.018120 0.144770 -0.226025 0.340848 -0.414474 0.974480 0.000191
1757663159.159154 -0.023079 -0.013924 -0.104715 0.011635 -0.018400 0.032031 -0.066186 0.028419 0.020027 0.005531 0.015871 -0.003237 0.015450 -0.031472 -0.001717 -0.000191 0.018120 0.145151 -0.225262 0.342374 -0.412948 0.974861 0.000191
1757663159.161169 -0.023079 -0.013924 -0.104715 0.011635 -0.018400 0.032031 -0.065804 0.028419 0.020027 0.005531 0.015871 -0.003237 0.015450 -0.031472 -0.001717 -0.000191 0.018120 0.145533 -0.224499 0.343901 -0.411422 0.974861 0.000191
1757663159.163153 -0.023079 -0.013924 -0.104715 0.011635 -0.018400 0.032031 -0.065804 0.028419 0.020027 0.005531 0.015871 -0.003237 0.015450 -0.031472 -0.001717 -0.000191 0.018120 0.146296 -0.223354 0.345045 -0.409896 0.974861 0.000191
1757663159.165178 -0.023079 -0.013924 -0.104715 0.011635 -0.018400 0.032031 -0.065804 0.028419 0.020027 0.005913 0.015871 -0.003237 0.015450 -0.031472 -0.001717 -0.000191 0.018120 0.146677 -0.222591 0.346571 -0.408751 0.974861 0.000191
1757663159.167155 -0.023079 -0.014305 -0.104715 0.011635 -0.018400 0.032031 -0.065804 0.028419 0.020027 0.005913 0.015871 -0.003237 0.015831 -0.031472 -0.001717 -0.000191 0.018120 0.147058 -0.221828 0.348097 -0.407226 0.975243 0.000191
1757663159.169168 -0.023079 -0.014305 -0.104715 0.011635 -0.018400 0.032031 -0.065804 0.028419 0.020027 0.005913 0.015871 -0.003237 0.015831 -0.031472 -0.002098 -0.000191 0.018120 0.147440 -0.221066 0.349623 -0.405699 0.975243 0.000191
1757663159.171159 -0.023079 -0.014305 -0.104715 0.011635 -0.018400 0.032031 -0.065804 0.028419 0.020027 0.005913 0.015871 -0.003237 0.015831 -0.031472 -0.002098 -0.000191 0.018120 0.148203 -0.219921 0.351149 -0.404173 0.975243 0.000191
1757663159.173210 -0.023079 -0.014305 -0.104715 0.011635 -0.018400 0.032031 -0.065804 0.028419 0.020027 0.005913 0.015871 -0.003237 0.015831 -0.031472 -0.002098 -0.000191 0.018120 0.148584 -0.219158 0.352293 -0.403028 0.975243 0.000191
1757663159.175204 -0.022697 -0.014305 -0.104715 0.011635 -0.018400 0.032031 -0.065804 0.028038 0.020027 0.005913 0.015871 -0.003237 0.015831 -0.031472 -0.002098 -0.000191 0.018120 0.148966 -0.218394 0.353819 -0.401503 0.975243 0.000191
1757663159.177189 -0.022697 -0.014305 -0.104715 0.011635 -0.018400 0.032031 -0.065804 0.028038 0.020027 0.005913 0.015871 -0.003237 0.015831 -0.031472 -0.002098 -0.000191 0.018120 0.149347 -0.217631 0.355345 -0.399977 0.975624 0.000191
1757663159.179174 -0.022697 -0.014305 -0.104715 0.012016 -0.018400 0.032031 -0.065804 0.028038 0.020027 0.005913 0.015871 -0.003237 0.015831 -0.031472 -0.002098 -0.000191 0.018120 0.149729 -0.216868 0.356871 -0.398832 0.975624 0.000191
1757663159.181165 -0.022697 -0.014305 -0.104715 0.012016 -0.018400 0.032031 -0.065804 0.028038 0.020027 0.005913 0.015871 -0.003237 0.016212 -0.031472 -0.002098 -0.000191 0.018120 0.150110 -0.216105 0.358015 -0.397306 0.975624 0.000191
1757663159.183151 -0.022697 -0.014305 -0.104715 0.012016 -0.018400 0.032031 -0.065804 0.028038 0.020027 0.006294 0.015871 -0.003237 0.016212 -0.031472 -0.002098 -0.000191 0.018120 0.150492 -0.214961 0.359541 -0.395781 0.975624 0.000191
1757663159.185158 -0.022697 -0.014687 -0.104715 0.012016 -0.018400 0.032031 -0.065804 0.028038 0.020027 0.006294 0.015871 -0.003237 0.016212 -0.031472 -0.002098 -0.000191 0.018120 0.150873 -0.214198 0.361067 -0.394636 0.975624 0.000191
1757663159.187164 -0.022697 -0.014687 -0.104715 0.012016 -0.018400 0.032031 -0.065804 0.028038 0.020027 0.006294 0.015871 -0.003237 0.016212 -0.031472 -0.002098 -0.000191 0.018120 0.151255 -0.213435 0.362211 -0.393110 0.976006 0.000191
1757663159.189151 -0.022697 -0.014687 -0.104715 0.012016 -0.018400 0.032031 -0.065804 0.028038 0.020027 0.006294 0.015871 -0.003237 0.016212 -0.031472 -0.002098 -0.000191 0.018120 0.151636 -0.212672 0.363737 -0.391966 0.976006 0.000191
1757663159.191161 -0.022697 -0.014687 -0.104715 0.012016 -0.018400 0.032031 -0.065804 0.028038 0.020027 0.006294 0.015871 -0.003237 0.016212 -0.031472 -0.002098 -0.000191 0.018120 0.151636 -0.211909 0.364882 -0.390440 0.976006 0.000191
1757663159.193153 -0.022697 -0.014687 -0.104715 0.012016 -0.018400 0.032031 -0.065804 0.027657 0.020027 0.006294 0.015871 -0.003237 0.016212 -0.031472 -0.002098 -0.000191 0.018120 0.152018 -0.210765 0.366407 -0.389296 0.976006 0.000191
1757663159.195161 -0.022697 -0.014687 -0.104715 0.012016 -0.018400 0.032031 -0.065804 0.027657 0.020027 0.006294 0.015871 -0.003237 0.016212 -0.031472 -0.002098 -0.000191 0.018120 0.152399 -0.210002 0.367552 -0.387770 0.976387 0.000191
1757663159.197158 -0.022697 -0.014687 -0.104715 0.012016 -0.018400 0.032031 -0.065804 0.027657 0.020027 0.006294 0.015871 -0.003237 0.016212 -0.031472 -0.002098 -0.000191 0.018120 0.152399 -0.209239 0.369078 -0.386625 0.976387 0.000191
1757663159.199159 -0.022697 -0.014687 -0.104715 0.012016 -0.018400 0.032031 -0.065804 0.027657 0.020027 0.006294 0.015871 -0.003237 0.016212 -0.031472 -0.002098 -0.000191 0.018120 0.152781 -0.208095 0.370222 -0.385099 0.976387 0.000191
1757663159.201166 -0.022697 -0.014687 -0.104715 0.012016 -0.018400 0.032031 -0.065804 0.027657 0.020027 0.006676 0.015871 -0.003237 0.016212 -0.031472 -0.002098 -0.000191 0.018120 0.153162 -0.207332 0.371367 -0.383955 0.976387 0.000191
1757663159.203150 -0.022697 -0.015068 -0.104715 0.012016 -0.018400 0.032031 -0.065804 0.027657 0.020027 0.006676 0.015871 -0.003237 0.016212 -0.031472 -0.002098 -0.000191 0.018120 0.153162 -0.206187 0.372511 -0.382429 0.976387 0.000191
1757663159.205282 -0.022697 -0.015068 -0.104715 0.012016 -0.018400 0.032031 -0.065804 0.027657 0.020027 0.006676 0.015871 -0.003237 0.016212 -0.031472 -0.002098 -0.000191 0.018120 0.153543 -0.205424 0.374037 -0.381285 0.976768 0.000191
1757663159.207165 -0.022697 -0.015068 -0.104715 0.012016 -0.018400 0.032031 -0.065804 0.027657 0.020027 0.006676 0.015871 -0.003237 0.016212 -0.031472 -0.002098 -0.000191 0.018120 0.153543 -0.204661 0.375181 -0.379759 0.976768 0.000191
1757663159.209160 -0.022697 -0.015068 -0.104715 0.012016 -0.018400 0.032031 -0.065804 0.027657 0.020027 0.006676 0.015871 -0.003237 0.016212 -0.031472 -0.002098 -0.000191 0.018120 0.153925 -0.203517 0.376326 -0.378614 0.976768 0.000191
1757663159.211162 -0.022697 -0.015068 -0.104715 0.012016 -0.018400 0.032031 -0.065804 0.027657 0.020027 0.006676 0.015871 -0.003237 0.016212 -0.031472 -0.002098 -0.000191 0.018120 0.153925 -0.202754 0.377470 -0.377470 0.976768 0.000191
1757663159.213159 -0.022697 -0.015068 -0.104715 0.012016 -0.018400 0.032031 -0.065804 0.027657 0.020027 0.006676 0.015871 -0.003237 0.016212 -0.031472 -0.002098 -0.000191 0.018120 0.154306 -0.201991 0.378614 -0.375944 0.976768 0.000191
1757663159.215151 -0.022697 -0.015068 -0.104715 0.012016 -0.018400 0.032031 -0.065804 0.027657 0.020027 0.006676 0.015871 -0.003237 0.016212 -0.031472 -0.002098 -0.000191 0.018120 0.154306 -0.201228 0.379759 -0.374800 0.976768 0.000191
1757663159.217155 -0.022697 -0.015068 -0.104715 0.012016 -0.018400 0.032031 -0.065804 0.027275 0.020027 0.007057 0.015871 -0.003237 0.016212 -0.031472 -0.002098 -0.000191 0.018120 0.154688 -0.200084 0.380903 -0.373274 0.977150 0.000191
1757663159.219152 -0.022697 -0.015068 -0.104715 0.012016 -0.018400 0.032031 -0.065804 0.027275 0.020027 0.007057 0.015871 -0.003237 0.016212 -0.031472 -0.002480 -0.000191 0.018120 0.154688 -0.199321 0.382048 -0.372129 0.977150 0.000191
1757663159.221203 -0.022697 -0.015068 -0.104715 0.012016 -0.018263 0.032287 -0.065804 0.027275 0.020027 0.007057 0.015871 -0.003237 0.016212 -0.031472 -0.002480 -0.000191 0.018120 0.154688 -0.198558 0.383192 -0.370985 0.977150 0.000191
1757663159.223157 -0.022697 -0.015068 -0.104715 0.012016 -0.018263 0.032287 -0.065804 0.027275 0.020027 0.007057 0.015871 -0.003237 0.016212 -0.031472 -0.002480 -0.000191 0.018120 0.155069 -0.197413 0.384336 -0.369459 0.977150 0.000191
1757663159.225154 -0.022697 -0.015068 -0.104715 0.012016 -0.018263 0.032287 -0.065804 0.027275 0.020027 0.007057 0.015871 -0.003237 0.016212 -0.031472 -0.002480 -0.000191 0.018120 0.155069 -0.196651 0.385862 -0.368315 0.977150 0.000191
1757663159.227155 -0.022697 -0.015068 -0.104715 0.012016 -0.018263 0.032287 -0.065804 0.027275 0.020027 0.007057 0.015871 -0.003237 0.016212 -0.031472 -0.002480 -0.000191 0.018120 0.155069 -0.195888 0.387007 -0.366789 0.977531 0.000191
1757663159.229156 -0.022316 -0.015068 -0.104715 0.012016 -0.018263 0.032287 -0.065804 0.027275 0.020027 0.007057 0.015871 -0.003237 0.016212 -0.031472 -0.002480 -0.000191 0.018120 0.155451 -0.194743 0.388151 -0.365644 0.977531 0.000191
1757663159.231155 -0.022316 -0.015068 -0.104715 0.012016 -0.018128 0.032035 -0.065804 0.027275 0.020027 0.007057 0.015871 -0.003237 0.016212 -0.031472 -0.002480 -0.000191 0.018120 0.155451 -0.193980 0.389296 -0.364500 0.977531 0.000191
1757663159.233154 -0.022316 -0.015068 -0.104715 0.012016 -0.018128 0.032035 -0.065804 0.027275 0.020027 0.007057 0.015871 -0.003237 0.016212 -0.031472 -0.002480 -0.000191 0.018120 0.155832 -0.193217 0.390059 -0.362974 0.977531 0.000191
1757663159.235151 -0.022316 -0.015450 -0.104715 0.012016 -0.018128 0.032035 -0.065804 0.027275 0.020027 0.007439 0.015871 -0.003237 0.016212 -0.031472 -0.002480 -0.000191 0.018120 0.155832 -0.192454 0.391203 -0.361830 0.977531 0.000191
1757663159.237252 -0.022316 -0.015450 -0.104334 0.012398 -0.018128 0.032035 -0.065804 0.027275 0.020027 0.007439 0.015871 -0.003237 0.016212 -0.031472 -0.002480 -0.000191 0.018120 0.155832 -0.191691 0.392347 -0.360685 0.977531 0.000191
1757663159.239211 -0.022316 -0.015450 -0.104334 0.012398 -0.018128 0.032035 -0.065804 0.027275 0.020027 0.007439 0.015871 -0.003237 0.016212 -0.031472 -0.002480 -0.000191 0.018120 0.156214 -0.190928 0.393492 -0.359159 0.977913 0.000191
1757663159.241205 -0.022316 -0.015450 -0.104334 0.012398 -0.018128 0.032035 -0.065804 0.027275 0.020027 0.007439 0.015871 -0.003237 0.016212 -0.031472 -0.002480 -0.000191 0.018120 0.156214 -0.190166 0.394636 -0.358015 0.977913 0.000191
1757663159.243207 -0.022316 -0.015450 -0.104334 0.012398 -0.018128 0.032035 -0.065804 0.027275 0.020409 0.007439 0.015871 -0.003237 0.016212 -0.031472 -0.002480 -0.000191 0.018120 0.156214 -0.189403 0.395781 -0.356871 0.977913 0.000191
1757663159.245160 -0.022316 -0.015450 -0.104334 0.012398 -0.018128 0.032035 -0.065804 0.027275 0.020409 0.007439 0.015871 -0.003237 0.016212 -0.031472 -0.002480 -0.000191 0.018120 0.156596 -0.188640 0.396925 -0.355345 0.977913 0.000191
1757663159.247154 -0.022316 -0.015450 -0.104334 0.012398 -0.018128 0.032035 -0.065804 0.027275 0.020409 0.007439 0.015871 -0.003237 0.016212 -0.031472 -0.002480 -0.000191 0.018120 0.156596 -0.187877 0.397688 -0.354200 0.977913 0.000191
1757663159.249158 -0.022316 -0.015450 -0.104334 0.012398 -0.018128 0.032035 -0.065804 0.027275 0.020409 0.007439 0.015871 -0.003237 0.016212 -0.031472 -0.002480 -0.000191 0.018120 0.156596 -0.187114 0.398832 -0.353056 0.978294 0.000191
1757663159.251155 -0.022316 -0.015450 -0.104334 0.012398 -0.018128 0.032035 -0.065804 0.027275 0.020409 0.007439 0.015871 -0.003237 0.016212 -0.031472 -0.002480 -0.000191 0.018120 0.156596 -0.186351 0.399977 -0.351912 0.978294 0.000191
1757663159.253153 -0.022316 -0.015450 -0.104334 0.012398 -0.018128 0.032035 -0.065804 0.027275 0.020409 0.007820 0.015871 -0.003237 0.016212 -0.031472 -0.002480 -0.000191 0.018120 0.156978 -0.185588 0.400740 -0.350767 0.978294 0.000191
1757663159.255143 -0.022316 -0.015450 -0.104334 0.012398 -0.018128 0.032035 -0.065804 0.027275 0.020409 0.007820 0.015871 -0.003237 0.016212 -0.031472 -0.002480 -0.000191 0.018120 0.156978 -0.184825 0.401884 -0.349623 0.978294 0.000191
1757663159.257197 -0.022316 -0.015450 -0.104334 0.012398 -0.018128 0.032035 -0.065804 0.027275 0.020409 0.007820 0.015871 -0.003237 0.016212 -0.031472 -0.002480 -0.000191 0.018120 0.156978 -0.184062 0.402647 -0.348097 0.978294 0.000191
1757663159.259178 -0.022316 -0.015450 -0.104334 0.012398 -0.018128 0.032035 -0.065804 0.027275 0.020409 0.007820 0.015871 -0.003237 0.016212 -0.031472 -0.002480 -0.000191 0.018120 0.156978 -0.183299 0.403791 -0.346952 0.978294 0.000191
1757663159.261160 -0.022316 -0.015450 -0.104334 0.012779 -0.018128 0.032035 -0.065804 0.026894 0.020409 0.007820 0.015871 -0.003237 0.015831 -0.031472 -0.002480 -0.000191 0.018120 0.156978 -0.182536 0.404554 -0.345808 0.978294 0.000191
1757663159.263155 -0.022316 -0.015450 -0.104334 0.012779 -0.018128 0.032035 -0.065804 0.026894 0.020409 0.007820 0.015871 -0.003237 0.015831 -0.031472 -0.002480 -0.000191 0.018120 0.157359 -0.182155 0.405699 -0.344664 0.978676 0.000191
1757663159.265152 -0.022316 -0.015450 -0.104334 0.012779 -0.018128 0.032035 -0.065804 0.026894 0.020409 0.007820 0.015871 -0.003237 0.015831 -0.031472 -0.002480 -0.000191 0.018120 0.157359 -0.181392 0.406463 -0.343518 0.978676 0.000191
1757663159.267152 -0.022316 -0.015450 -0.104334 0.012779 -0.018128 0.032035 -0.065804 0.026894 0.020409 0.007820 0.015871 -0.003237 0.015831 -0.031472 -0.002480 -0.000191 0.018120 0.157359 -0.180629 0.407607 -0.342374 0.978676 0.000191
1757663159.269152 -0.022316 -0.015450 -0.104334 0.012779 -0.018128 0.032035 -0.065804 0.026894 0.020409 0.008202 0.015871 -0.003237 0.015831 -0.031472 -0.002480 -0.000191 0.018120 0.157359 -0.179866 0.408370 -0.341229 0.978676 0.000191
1757663159.271164 -0.022316 -0.015450 -0.104334 0.012779 -0.017990 0.032291 -0.065804 0.026894 0.020409 0.008202 0.015871 -0.003237 0.015831 -0.031472 -0.002480 -0.000191 0.018120 0.157359 -0.179484 0.409133 -0.340085 0.978676 0.000191
1757663159.273209 -0.022316 -0.015450 -0.104334 0.012779 -0.017990 0.032291 -0.065804 0.026894 0.020409 0.008202 0.016141 -0.003240 0.015831 -0.031472 -0.002480 -0.000191 0.018120 0.157359 -0.178721 0.410277 -0.338941 0.978676 0.000191
1757663159.275158 -0.022316 -0.015450 -0.104334 0.012779 -0.017990 0.032291 -0.065804 0.026894 0.020409 0.008202 0.016141 -0.003240 0.015831 -0.031472 -0.002480 -0.000191 0.018120 0.157359 -0.177958 0.411040 -0.337796 0.978676 0.000191
1757663159.277169 -0.022316 -0.015450 -0.104334 0.012779 -0.017990 0.032291 -0.065804 0.026894 0.020409 0.008202 0.016141 -0.003240 0.015831 -0.031472 -0.002480 -0.000191 0.018120 0.157359 -0.177196 0.411803 -0.336652 0.978676 0.000191
1757663159.279155 -0.021935 -0.015831 -0.104334 0.012779 -0.017990 0.032291 -0.065804 0.026894 0.020409 0.008202 0.016141 -0.003240 0.015831 -0.031472 -0.002480 -0.000191 0.018120 0.157359 -0.176814 0.412566 -0.335507 0.978676 0.000191
1757663159.281152 -0.021935 -0.015831 -0.104334 0.012779 -0.017990 0.032291 -0.065804 0.026894 0.020409 0.008202 0.016141 -0.003240 0.015831 -0.031472 -0.002480 -0.000191 0.018120 0.157359 -0.176051 0.413329 -0.334363 0.979057 0.000191
1757663159.283151 -0.021935 -0.015831 -0.104334 0.013161 -0.017990 0.032291 -0.065804 0.026894 0.020409 0.008202 0.016141 -0.003240 0.015831 -0.031472 -0.002480 -0.000191 0.018120 0.157359 -0.175288 0.414092 -0.333600 0.979057 0.000191
1757663159.285152 -0.021935 -0.015831 -0.104334 0.013161 -0.017990 0.032291 -0.065804 0.026894 0.020409 0.008583 0.016141 -0.003240 0.015831 -0.031472 -0.002480 -0.000191 0.018120 0.157359 -0.174907 0.414855 -0.332456 0.979057 0.000191
1757663159.287152 -0.021935 -0.015831 -0.104334 0.013161 -0.017990 0.032291 -0.065804 0.026894 0.020409 0.008583 0.016141 -0.003240 0.015831 -0.031472 -0.002480 -0.000191 0.018120 0.157359 -0.174144 0.415618 -0.331311 0.979057 0.000191
1757663159.289155 -0.021935 -0.015831 -0.104334 0.013161 -0.017990 0.032291 -0.065804 0.026894 0.020409 0.008583 0.016141 -0.003240 0.015831 -0.031472 -0.002480 -0.000191 0.018120 0.157359 -0.173762 0.416381 -0.330167 0.979057 0.000191
1757663159.291151 -0.021935 -0.015831 -0.104334 0.013161 -0.017990 0.032291 -0.065804 0.026894 0.020409 0.008583 0.016141 -0.003240 0.015831 -0.031472 -0.002480 -0.000191 0.018120 0.157359 -0.172999 0.417144 -0.329022 0.979057 0.000191
1757663159.293151 -0.021935 -0.015831 -0.104334 0.013161 -0.017990 0.032291 -0.065804 0.026894 0.020409 0.008583 0.016141 -0.003240 0.015831 -0.031472 -0.002480 -0.000191 0.018120 0.157359 -0.172236 0.417907 -0.327878 0.979057 0.000191
1757663159.295153 -0.021935 -0.015831 -0.104334 0.013161 -0.017855 0.032039 -0.065804 0.026894 0.020409 0.008583 0.016141 -0.003240 0.015831 -0.031472 -0.002480 -0.000191 0.018120 0.157359 -0.171855 0.418670 -0.327115 0.979057 0.000191
1757663159.297153 -0.021935 -0.015831 -0.104334 0.013161 -0.017855 0.032039 -0.065804 0.026894 0.020409 0.008583 0.016141 -0.003240 0.015831 -0.031472 -0.002480 -0.000191 0.018120 0.157359 -0.171092 0.419433 -0.325971 0.979439 0.000191
1757663159.299152 -0.021935 -0.015831 -0.104334 0.013161 -0.017855 0.032039 -0.065804 0.026894 0.020409 0.008583 0.016141 -0.003240 0.015831 -0.031472 -0.002480 -0.000191 0.018120 0.157359 -0.170711 0.420196 -0.324826 0.979439 0.000191
1757663159.301193 -0.021935 -0.015831 -0.104334 0.013542 -0.017855 0.032039 -0.065804 0.026894 0.020409 0.008965 0.016141 -0.003240 0.015831 -0.031472 -0.002480 -0.000191 0.018120 0.157359 -0.169948 0.420959 -0.324063 0.979439 0.000191
1757663159.303173 -0.021935 -0.015831 -0.104334 0.013542 -0.017855 0.032039 -0.065804 0.026894 0.020409 0.008965 0.016141 -0.003240 0.015831 -0.031472 -0.002480 -0.000191 0.018120 0.157359 -0.169566 0.421721 -0.322919 0.979439 0.000191
1757663159.305152 -0.021935 -0.015831 -0.104334 0.013542 -0.017855 0.032039 -0.065804 0.026894 0.020409 0.008965 0.016141 -0.003240 0.015831 -0.031472 -0.002480 -0.000191 0.018120 0.157359 -0.168803 0.422103 -0.321774 0.979439 0.000191
1757663159.307158 -0.021935 -0.015831 -0.104334 0.013542 -0.017855 0.032039 -0.065804 0.026894 0.020409 0.008965 0.016141 -0.003240 0.015831 -0.031090 -0.002480 -0.000191 0.018120 0.157359 -0.168422 0.422866 -0.320630 0.979439 0.000191
1757663159.309209 -0.021935 -0.015831 -0.104334 0.013542 -0.017717 0.032295 -0.065804 0.026894 0.020409 0.008965 0.016141 -0.003240 0.015831 -0.031090 -0.002480 -0.000191 0.018120 0.157359 -0.167659 0.423629 -0.319486 0.979439 0.000191
1757663159.311171 -0.021935 -0.015831 -0.104334 0.013542 -0.017717 0.032295 -0.065804 0.026894 0.020409 0.008965 0.016141 -0.003240 0.015831 -0.031090 -0.002480 -0.000191 0.018120 0.157359 -0.167277 0.424392 -0.318723 0.979439 0.000191
1757663159.313158 -0.021935 -0.015831 -0.104334 0.013542 -0.017717 0.032295 -0.065804 0.026894 0.020409 0.008965 0.016141 -0.003240 0.015831 -0.031090 -0.002480 -0.000191 0.018120 0.157359 -0.166514 0.424773 -0.317578 0.979439 0.000191
1757663159.315149 -0.021935 -0.015831 -0.104334 0.013542 -0.017717 0.032295 -0.065804 0.026894 0.020409 0.008965 0.016141 -0.003240 0.015450 -0.031090 -0.002480 -0.000191 0.018120 0.157359 -0.166133 0.425536 -0.316434 0.979439 0.000191
1757663159.317150 -0.021935 -0.015831 -0.104334 0.013542 -0.017717 0.032295 -0.065804 0.026894 0.020409 0.009346 0.016141 -0.003240 0.015450 -0.031090 -0.002480 -0.000191 0.018120 0.157359 -0.165370 0.426299 -0.315671 0.979439 0.000191
1757663159.319151 -0.021935 -0.015831 -0.104334 0.013924 -0.017717 0.032295 -0.065804 0.026894 0.020790 0.009346 0.016141 -0.003240 0.015450 -0.031090 -0.002480 -0.000191 0.018120 0.157359 -0.164989 0.426681 -0.314527 0.979439 0.000191
1757663159.321153 -0.021935 -0.015831 -0.104334 0.013924 -0.017717 0.032295 -0.065804 0.026894 0.020790 0.009346 0.016141 -0.003240 0.015450 -0.031090 -0.002480 -0.000191 0.018120 0.157359 -0.164226 0.427444 -0.313382 0.979439 0.000191
1757663159.323143 -0.021935 -0.015831 -0.104334 0.013924 -0.017717 0.032295 -0.065804 0.026894 0.020790 0.009346 0.016141 -0.003240 0.015450 -0.031090 -0.002480 -0.000191 0.018120 0.157359 -0.163844 0.428206 -0.312238 0.979439 0.000191
1757663159.325162 -0.021935 -0.015831 -0.104334 0.013924 -0.017717 0.032295 -0.065804 0.026894 0.020790 0.009346 0.016141 -0.003240 0.015450 -0.031090 -0.002480 -0.000191 0.018120 0.157359 -0.163463 0.428588 -0.311475 0.979439 0.000191
1757663159.327156 -0.021553 -0.015831 -0.104334 0.013924 -0.017717 0.032295 -0.065804 0.026894 0.020790 0.009346 0.016141 -0.003240 0.015450 -0.031090 -0.002480 -0.000191 0.018120 0.157359 -0.162700 0.429351 -0.310330 0.979439 0.000191
1757663159.329151 -0.021553 -0.015831 -0.104334 0.013924 -0.017717 0.032295 -0.065804 0.026894 0.020790 0.009346 0.016141 -0.003240 0.015068 -0.031090 -0.002480 -0.000191 0.018120 0.157359 -0.162318 0.429732 -0.309186 0.979439 0.000191
1757663159.331164 -0.021553 -0.015831 -0.104334 0.013924 -0.017717 0.032295 -0.065804 0.026894 0.020790 0.009346 0.016141 -0.003240 0.015068 -0.031090 -0.002480 -0.000191 0.018120 0.157359 -0.161937 0.430495 -0.308423 0.979439 0.000191
1757663159.333191 -0.021553 -0.015831 -0.104334 0.013924 -0.017717 0.032295 -0.065804 0.026894 0.020790 0.009727 0.016141 -0.003240 0.015068 -0.031090 -0.002480 -0.000191 0.018120 0.157359 -0.161174 0.430877 -0.307279 0.979439 0.000191
1757663159.335185 -0.021553 -0.015831 -0.104334 0.013924 -0.017717 0.032295 -0.065804 0.026894 0.020790 0.009727 0.016141 -0.003240 0.015068 -0.031090 -0.002480 -0.000191 0.018120 0.157359 -0.160792 0.431640 -0.306516 0.979439 0.000191
1757663159.337165 -0.021553 -0.015831 -0.104334 0.014305 -0.017717 0.032295 -0.065804 0.026894 0.020790 0.009727 0.016141 -0.003240 0.014687 -0.031090 -0.002480 -0.000191 0.018120 0.157359 -0.160029 0.432021 -0.305371 0.979439 0.000191
1757663159.339167 -0.021553 -0.015831 -0.104334 0.014305 -0.017717 0.032295 -0.065804 0.026894 0.020790 0.009727 0.016141 -0.003240 0.014687 -0.031090 -0.002480 -0.000191 0.018120 0.157359 -0.159648 0.432784 -0.304608 0.979439 0.000191
1757663159.341164 -0.021553 -0.015831 -0.104334 0.014305 -0.017717 0.032295 -0.065804 0.026894 0.020790 0.009727 0.016141 -0.003240 0.014687 -0.031090 -0.002480 -0.000191 0.018120 0.156978 -0.159266 0.433166 -0.303464 0.979820 0.000191
1757663159.343158 -0.021553 -0.015831 -0.104334 0.014305 -0.017717 0.032295 -0.065804 0.026894 0.020790 0.009727 0.016141 -0.003240 0.014687 -0.031090 -0.002480 -0.000191 0.018120 0.156978 -0.158504 0.433928 -0.302701 0.979820 0.000191
1757663159.345186 -0.021553 -0.015831 -0.104334 0.014305 -0.017717 0.032295 -0.065804 0.026894 0.020790 0.009727 0.016141 -0.003240 0.014687 -0.031090 -0.002480 -0.000191 0.018120 0.156978 -0.158122 0.434691 -0.301938 0.979820 0.000191
1757663159.347175 -0.021553 -0.015831 -0.104334 0.014305 -0.017717 0.032295 -0.065804 0.026894 0.020790 0.009727 0.016276 -0.002987 0.014687 -0.031090 -0.002480 -0.000191 0.018120 0.156978 -0.157359 0.435073 -0.300794 0.979820 0.000191
1757663159.349160 -0.021553 -0.016212 -0.104334 0.014305 -0.017717 0.032295 -0.065804 0.026894 0.020790 0.010109 0.016276 -0.002987 0.014687 -0.031090 -0.002480 -0.000191 0.018120 0.156596 -0.156978 0.435454 -0.300031 0.979820 0.000191
1757663159.351155 -0.021553 -0.016212 -0.104334 0.014305 -0.017717 0.032295 -0.065804 0.026894 0.020790 0.010109 0.016276 -0.002987 0.014305 -0.031090 -0.002480 -0.000191 0.018120 0.156596 -0.156596 0.436217 -0.299268 0.979820 0.000191
1757663159.353153 -0.021553 -0.016212 -0.104334 0.014305 -0.017580 0.032551 -0.065804 0.026894 0.020790 0.010109 0.016276 -0.002987 0.014305 -0.031090 -0.002480 -0.000191 0.018120 0.156596 -0.155832 0.436599 -0.298505 0.979820 0.000191
1757663159.355151 -0.021553 -0.016212 -0.104334 0.014305 -0.017580 0.032551 -0.065804 0.026894 0.020790 0.010109 0.016411 -0.003243 0.014305 -0.031090 -0.002480 -0.000191 0.018120 0.156596 -0.155451 0.437362 -0.297742 0.979820 0.000191
1757663159.357152 -0.021553 -0.016212 -0.104334 0.014305 -0.017580 0.032551 -0.065804 0.026894 0.020790 0.010109 0.016411 -0.003243 0.014305 -0.031090 -0.002480 -0.000191 0.018120 0.156596 -0.155069 0.438125 -0.296979 0.979820 0.000191
1757663159.359152 -0.021553 -0.016212 -0.104334 0.014305 -0.017580 0.032551 -0.065804 0.026894 0.020790 0.010109 0.016411 -0.003243 0.014305 -0.031090 -0.002480 -0.000191 0.018120 0.156214 -0.154306 0.438506 -0.296216 0.979820 0.000191
1757663159.361148 -0.021172 -0.016212 -0.104334 0.014305 -0.017580 0.032551 -0.065804 0.026894 0.020790 0.010109 0.016411 -0.003243 0.014305 -0.031090 -0.002480 -0.000191 0.018120 0.156214 -0.153925 0.438888 -0.295835 0.979820 0.000191
1757663159.363149 -0.021172 -0.016212 -0.104334 0.014687 -0.017580 0.032551 -0.065804 0.026894 0.020790 0.010109 0.016411 -0.003243 0.014305 -0.031090 -0.002480 -0.000191 0.018120 0.156214 -0.153543 0.439651 -0.295072 0.979820 0.000191
1757663159.365186 -0.021172 -0.016212 -0.104334 0.014687 -0.017580 0.032551 -0.065804 0.026894 0.020790 0.010109 0.016411 -0.003243 0.014305 -0.031090 -0.002480 -0.000191 0.018120 0.156214 -0.152781 0.440032 -0.294309 0.979820 0.000191
1757663159.367165 -0.021172 -0.016212 -0.104334 0.014687 -0.017580 0.032551 -0.065804 0.026894 0.020790 0.010490 0.016411 -0.003243 0.014305 -0.031090 -0.002480 -0.000191 0.018120 0.155832 -0.152399 0.440795 -0.293546 0.979820 0.000191
1757663159.369202 -0.021172 -0.016212 -0.104334 0.014687 -0.017580 0.032551 -0.065804 0.026894 0.020790 0.010490 0.016411 -0.003243 0.014305 -0.031090 -0.002480 -0.000191 0.018120 0.155832 -0.151636 0.441176 -0.292783 0.979820 0.000191
1757663159.371162 -0.021172 -0.016212 -0.104334 0.014687 -0.017580 0.032551 -0.065423 0.026894 0.020790 0.010490 0.016411 -0.003243 0.014305 -0.031090 -0.002480 -0.000191 0.018120 0.155832 -0.151255 0.441558 -0.292401 0.979820 0.000191
1757663159.373162 -0.021172 -0.016212 -0.104334 0.014687 -0.017580 0.032551 -0.065423 0.026894 0.020790 0.010490 0.016411 -0.003243 0.014305 -0.031090 -0.002480 -0.000191 0.018120 0.155451 -0.150873 0.442321 -0.291638 0.979820 0.000191
1757663159.375151 -0.021172 -0.016212 -0.104334 0.014687 -0.017580 0.032551 -0.065423 0.026894 0.020790 0.010490 0.016411 -0.003243 0.014305 -0.031090 -0.002480 -0.000191 0.018120 0.155451 -0.150110 0.442702 -0.290875 0.979820 0.000191
1757663159.377151 -0.021172 -0.016212 -0.104334 0.014687 -0.017580 0.032551 -0.065423 0.026894 0.020790 0.010490 0.016411 -0.003243 0.014305 -0.031090 -0.002480 -0.000191 0.018120 0.155451 -0.149729 0.443084 -0.290112 0.979820 0.000191
1757663159.379151 -0.021172 -0.016212 -0.104334 0.014687 -0.017580 0.032551 -0.065423 0.026894 0.020790 0.010490 0.016411 -0.003243 0.014305 -0.031090 -0.002480 -0.000191 0.018120 0.155069 -0.148966 0.443847 -0.289731 0.979820 0.000191
1757663159.381159 -0.021172 -0.016212 -0.104334 0.014687 -0.017580 0.032551 -0.065423 0.026894 0.020790 0.010490 0.016411 -0.003243 0.014305 -0.031090 -0.002480 -0.000191 0.018120 0.155069 -0.148584 0.444228 -0.288968 0.979820 0.000191
1757663159.383152 -0.021172 -0.016212 -0.104334 0.014687 -0.017580 0.032551 -0.065423 0.026894 0.020790 0.010872 0.016546 -0.002990 0.014305 -0.031090 -0.002480 -0.000191 0.018120 0.154688 -0.147821 0.444610 -0.288205 0.979820 0.000191
1757663159.385151 -0.021172 -0.016212 -0.104334 0.014687 -0.017580 0.032551 -0.065423 0.026894 0.020790 0.010872 0.016546 -0.002990 0.014305 -0.031090 -0.002480 -0.000191 0.018120 0.154688 -0.147440 0.444991 -0.287824 0.979820 0.000191
1757663159.387237 -0.020790 -0.016212 -0.104334 0.014687 -0.017580 0.032551 -0.065423 0.026894 0.020790 0.010872 0.016546 -0.002990 0.014305 -0.031090 -0.002480 -0.000191 0.018120 0.154688 -0.146677 0.445373 -0.287061 0.979820 0.000191
1757663159.389154 -0.020790 -0.016212 -0.104334 0.014687 -0.017580 0.032551 -0.065423 0.026894 0.020790 0.010872 0.016546 -0.002990 0.014305 -0.031090 -0.002480 -0.000191 0.018120 0.154306 -0.146296 0.445754 -0.286298 0.979820 0.000191
1757663159.391152 -0.020790 -0.016212 -0.104334 0.014687 -0.017580 0.032551 -0.065423 0.026894 0.020790 0.010872 0.016546 -0.002990 0.014305 -0.031090 -0.002480 -0.000191 0.018120 0.154306 -0.145914 0.446136 -0.285916 0.979820 0.000191
1757663159.393149 -0.020790 -0.016212 -0.104334 0.014687 -0.017580 0.032551 -0.065423 0.026894 0.020790 0.010872 0.016546 -0.002990 0.014305 -0.031090 -0.002480 -0.000191 0.018120 0.153925 -0.145151 0.446517 -0.285153 0.979820 0.000191
1757663159.395174 -0.020790 -0.016212 -0.104334 0.014687 -0.017580 0.032551 -0.065423 0.026894 0.020790 0.010872 0.016546 -0.002990 0.014305 -0.031090 -0.002480 -0.000191 0.018120 0.153925 -0.144770 0.446898 -0.284772 0.979820 0.000191
1757663159.397167 -0.020790 -0.016212 -0.104334 0.014687 -0.017580 0.032551 -0.065423 0.026894 0.020790 0.010872 0.016681 -0.003246 0.014305 -0.031090 -0.002480 -0.000191 0.018120 0.153543 -0.144388 0.447280 -0.284009 0.979820 0.000191
1757663159.399161 -0.020790 -0.016212 -0.104334 0.014687 -0.017580 0.032551 -0.065423 0.026894 0.020790 0.010872 0.016681 -0.003246 0.014305 -0.031090 -0.002480 -0.000191 0.018120 0.153543 -0.143625 0.447280 -0.283628 0.979820 0.000191
1757663159.401161 -0.020790 -0.016212 -0.104334 0.015068 -0.017580 0.032551 -0.065423 0.026894 0.020790 0.011253 0.016681 -0.003246 0.014305 -0.031090 -0.002480 -0.000191 0.018120 0.153543 -0.143244 0.447661 -0.282865 0.979820 0.000191
1757663159.403152 -0.020790 -0.016212 -0.104334 0.015068 -0.017580 0.032551 -0.065423 0.026894 0.020790 0.011253 0.016681 -0.003246 0.014305 -0.031090 -0.002480 -0.000191 0.018120 0.153162 -0.142862 0.448043 -0.282483 0.979820 0.000191
1757663159.405153 -0.020790 -0.016212 -0.104334 0.015068 -0.017580 0.032551 -0.065423 0.026894 0.020790 0.011253 0.016681 -0.003246 0.014305 -0.031090 -0.002480 -0.000191 0.018120 0.153162 -0.142481 0.448424 -0.281720 0.979820 0.000191
1757663159.407152 -0.020790 -0.016212 -0.104334 0.015068 -0.017580 0.032551 -0.065423 0.026894 0.020790 0.011253 0.016681 -0.003246 0.014305 -0.031090 -0.002480 -0.000191 0.018120 0.152781 -0.142099 0.448424 -0.281339 0.979820 0.000191
1757663159.409151 -0.020790 -0.016212 -0.104334 0.015068 -0.017580 0.032551 -0.065423 0.026894 0.020790 0.011253 0.016681 -0.003246 0.014305 -0.031090 -0.002480 -0.000191 0.018120 0.152781 -0.141718 0.448806 -0.280575 0.979820 0.000191
1757663159.411202 -0.020790 -0.016212 -0.104334 0.015068 -0.017580 0.032551 -0.065423 0.026894 0.020790 0.011253 0.016681 -0.003246 0.014305 -0.031090 -0.002480 -0.000191 0.018120 0.152399 -0.141336 0.448806 -0.280193 0.979820 0.000191
1757663159.413151 -0.020790 -0.016212 -0.104334 0.015068 -0.017445 0.032299 -0.065423 0.026894 0.020790 0.011253 0.016681 -0.003246 0.014305 -0.031090 -0.002480 -0.000191 0.018120 0.152399 -0.140574 0.449187 -0.279812 0.979820 0.000191
1757663159.415153 -0.020790 -0.016212 -0.104334 0.015068 -0.017445 0.032299 -0.065423 0.026894 0.020790 0.011253 0.016681 -0.003246 0.013924 -0.031090 -0.002480 -0.000191 0.018120 0.152018 -0.140192 0.449187 -0.279049 0.979820 0.000191
1757663159.417163 -0.020790 -0.016212 -0.104334 0.015068 -0.017445 0.032299 -0.065423 0.026894 0.020790 0.011253 0.016681 -0.003246 0.013924 -0.031090 -0.002480 -0.000191 0.018120 0.152018 -0.140192 0.449569 -0.278667 0.979820 0.000191
1757663159.419153 -0.020790 -0.016212 -0.104334 0.015068 -0.017445 0.032299 -0.065423 0.026894 0.020790 0.011635 0.016681 -0.003246 0.013924 -0.031090 -0.002480 -0.000191 0.018120 0.151636 -0.139811 0.449569 -0.278286 0.979820 0.000191
1757663159.421157 -0.020790 -0.016212 -0.104334 0.015068 -0.017445 0.032299 -0.065423 0.026894 0.020790 0.011635 0.016681 -0.003246 0.013924 -0.031090 -0.002480 -0.000191 0.018120 0.151636 -0.139429 0.449569 -0.277905 0.979820 0.000191
1757663159.423152 -0.020790 -0.016212 -0.104334 0.015068 -0.017445 0.032299 -0.065423 0.026894 0.020790 0.011635 0.016681 -0.003246 0.013924 -0.031090 -0.002480 -0.000191 0.018120 0.151255 -0.139048 0.449569 -0.277142 0.979820 0.000191
1757663159.425150 -0.020790 -0.016212 -0.104334 0.015068 -0.017445 0.032299 -0.065423 0.026894 0.020790 0.011635 0.016681 -0.003246 0.013924 -0.031090 -0.002480 -0.000191 0.018120 0.151255 -0.138666 0.449950 -0.276760 0.979820 0.000191
1757663159.427196 -0.020790 -0.016212 -0.104334 0.015068 -0.017445 0.032299 -0.065423 0.026894 0.020790 0.011635 0.016681 -0.003246 0.013924 -0.031090 -0.002480 -0.000191 0.018120 0.150873 -0.138666 0.449950 -0.276379 0.979820 0.000191
1757663159.429160 -0.020790 -0.016212 -0.104334 0.015068 -0.017445 0.032299 -0.065423 0.026894 0.020790 0.011635 0.016681 -0.003246 0.013924 -0.031090 -0.002480 -0.000191 0.018120 0.150873 -0.138285 0.449950 -0.275997 0.979820 0.000191
1757663159.431150 -0.020790 -0.016212 -0.104334 0.015068 -0.017445 0.032299 -0.065423 0.026894 0.020790 0.011635 0.016681 -0.003246 0.013924 -0.031090 -0.002480 -0.000191 0.018120 0.150492 -0.137903 0.449950 -0.275234 0.979820 0.000191
1757663159.433166 -0.020790 -0.016212 -0.104334 0.015068 -0.017445 0.032299 -0.065423 0.026894 0.020790 0.011635 0.016681 -0.003246 0.013924 -0.031090 -0.002480 -0.000191 0.018120 0.150492 -0.137903 0.450332 -0.274853 0.979820 0.000191
1757663159.435190 -0.020790 -0.016212 -0.104334 0.015068 -0.017445 0.032299 -0.065423 0.026894 0.020790 0.011635 0.016681 -0.003246 0.013924 -0.031090 -0.002480 -0.000191 0.018120 0.150110 -0.137522 0.450332 -0.274471 0.979820 0.000191
1757663159.437149 -0.020790 -0.016212 -0.104334 0.015068 -0.017445 0.032299 -0.065423 0.026894 0.020790 0.012016 0.016681 -0.003246 0.013924 -0.031090 -0.002480 -0.000191 0.018120 0.150110 -0.137522 0.450332 -0.273708 0.979820 0.000191
1757663159.439150 -0.020790 -0.016212 -0.104334 0.015068 -0.017445 0.032299 -0.065423 0.026894 0.020790 0.012016 0.016681 -0.003246 0.013542 -0.031090 -0.002480 -0.000191 0.018120 0.149729 -0.137140 0.450332 -0.273327 0.979820 0.000191
1757663159.441149 -0.020790 -0.016212 -0.104334 0.015068 -0.017445 0.032299 -0.065423 0.026894 0.020790 0.012016 0.016681 -0.003246 0.013542 -0.031090 -0.002480 -0.000191 0.018120 0.149729 -0.137140 0.450713 -0.272945 0.979820 0.000191
1757663159.443170 -0.020790 -0.016212 -0.104334 0.015068 -0.017445 0.032299 -0.065423 0.026894 0.020790 0.012016 0.016681 -0.003246 0.013542 -0.031090 -0.002480 -0.000191 0.018120 0.149347 -0.136759 0.450713 -0.272182 0.979820 0.000191
1757663159.445148 -0.020790 -0.016212 -0.104334 0.015068 -0.017445 0.032299 -0.065804 0.026894 0.020790 0.012016 0.016681 -0.003246 0.013542 -0.031090 -0.002480 -0.000191 0.018120 0.148966 -0.136759 0.450713 -0.271801 0.979820 0.000191
1757663159.447150 -0.020790 -0.016212 -0.104334 0.015068 -0.017445 0.032299 -0.065804 0.026894 0.020790 0.012016 0.016681 -0.003246 0.013542 -0.031090 -0.002480 -0.000191 0.018120 0.148966 -0.136377 0.450713 -0.271420 0.979820 0.000191
1757663159.449151 -0.020790 -0.016212 -0.104334 0.015068 -0.017445 0.032299 -0.065804 0.026894 0.020790 0.012016 0.016681 -0.003246 0.013542 -0.031090 -0.002480 -0.000191 0.018120 0.148584 -0.136377 0.450713 -0.270657 0.979820 0.000191
1757663159.451152 -0.020790 -0.016212 -0.104334 0.015068 -0.017445 0.032299 -0.065804 0.026894 0.020790 0.012016 0.016681 -0.003246 0.013542 -0.031090 -0.002480 -0.000191 0.018120 0.148203 -0.136377 0.451095 -0.270275 0.979820 0.000191
1757663159.453151 -0.020790 -0.016212 -0.104334 0.015068 -0.017445 0.032299 -0.065804 0.026894 0.020790 0.012016 0.016681 -0.003246 0.013542 -0.031090 -0.002480 -0.000191 0.018120 0.148203 -0.135996 0.451095 -0.269894 0.979820 0.000191
1757663159.455150 -0.020790 -0.016212 -0.104334 0.015068 -0.017445 0.032299 -0.065804 0.026894 0.020790 0.012398 0.016681 -0.003246 0.013542 -0.031090 -0.002480 -0.000191 0.018120 0.147821 -0.135996 0.451095 -0.269512 0.979820 0.000191
1757663159.457150 -0.020790 -0.016212 -0.104334 0.015068 -0.017445 0.032299 -0.065804 0.026894 0.020790 0.012398 0.016681 -0.003246 0.013161 -0.031090 -0.002480 -0.000191 0.018120 0.147440 -0.135996 0.451095 -0.269131 0.979820 0.000191
1757663159.459152 -0.020409 -0.016212 -0.104334 0.015068 -0.017445 0.032299 -0.065804 0.026894 0.020790 0.012398 0.016681 -0.003246 0.013161 -0.031090 -0.002480 -0.000191 0.018120 0.147440 -0.135614 0.451476 -0.268749 0.979820 0.000191
1757663159.461155 -0.020409 -0.016212 -0.104334 0.015068 -0.017445 0.032299 -0.065804 0.026894 0.020790 0.012398 0.016681 -0.003246 0.013161 -0.030708 -0.002480 -0.000191 0.018120 0.147058 -0.135614 0.451476 -0.268368 0.979820 0.000191
1757663159.463157 -0.020409 -0.016212 -0.104334 0.015068 -0.017445 0.032299 -0.065804 0.026894 0.020790 0.012398 0.016681 -0.003246 0.013161 -0.030708 -0.002480 -0.000191 0.018120 0.146677 -0.135614 0.451476 -0.267986 0.979820 0.000191
1757663159.465147 -0.020409 -0.016212 -0.104334 0.015068 -0.017445 0.032299 -0.065804 0.026894 0.020790 0.012398 0.016681 -0.003246 0.013161 -0.030708 -0.002480 -0.000191 0.018120 0.146677 -0.135233 0.451476 -0.267605 0.979820 0.000191
1757663159.467173 -0.020409 -0.016212 -0.104334 0.015068 -0.017445 0.032299 -0.065804 0.026894 0.021172 0.012398 0.016681 -0.003246 0.013161 -0.030708 -0.002480 -0.000191 0.018120 0.146296 -0.135233 0.451476 -0.267223 0.979820 0.000191
1757663159.469148 -0.020409 -0.016212 -0.104334 0.015068 -0.017445 0.032299 -0.065804 0.026894 0.020790 0.012398 0.016681 -0.003246 0.013161 -0.030708 -0.002480 -0.000191 0.018120 0.145914 -0.135233 0.451858 -0.266842 0.979820 0.000191
1757663159.471149 -0.020409 -0.016212 -0.104334 0.015068 -0.017445 0.032299 -0.065804 0.026894 0.021172 0.012398 0.016681 -0.003246 0.012779 -0.030708 -0.002480 -0.000191 0.018120 0.145914 -0.135233 0.451858 -0.266460 0.979820 0.000191
1757663159.473151 -0.020409 -0.016212 -0.104334 0.015068 -0.017445 0.032299 -0.065804 0.026894 0.021172 0.012398 0.016681 -0.003246 0.012779 -0.030708 -0.002480 -0.000191 0.018120 0.145533 -0.135233 0.451858 -0.266079 0.979820 0.000191
1757663159.475149 -0.020409 -0.016212 -0.104334 0.015068 -0.017445 0.032299 -0.065804 0.026894 0.021172 0.012398 0.016681 -0.003246 0.012779 -0.030708 -0.002480 -0.000191 0.018120 0.145151 -0.134851 0.451858 -0.265316 0.979820 0.000191
1757663159.477151 -0.020409 -0.016212 -0.104334 0.015068 -0.017445 0.032299 -0.065804 0.026894 0.021172 0.012398 0.016681 -0.003246 0.012779 -0.030708 -0.002480 -0.000191 0.018120 0.144770 -0.134851 0.451858 -0.264935 0.979820 0.000191
1757663159.479148 -0.020409 -0.016212 -0.104334 0.015068 -0.017445 0.032299 -0.065804 0.026894 0.021172 0.012779 0.016681 -0.003246 0.012779 -0.030708 -0.002480 -0.000191 0.018120 0.144770 -0.134851 0.451858 -0.264553 0.979820 0.000191
1757663159.481147 -0.020409 -0.016212 -0.104334 0.015068 -0.017445 0.032299 -0.065804 0.026894 0.021172 0.012779 0.016681 -0.003246 0.012779 -0.030708 -0.002480 -0.000191 0.018120 0.144388 -0.134851 0.452239 -0.264172 0.979820 0.000191
1757663159.483149 -0.020409 -0.015831 -0.104334 0.015068 -0.017445 0.032299 -0.065804 0.026894 0.021172 0.012779 0.016681 -0.003246 0.012398 -0.030708 -0.002480 -0.000191 0.018120 0.144007 -0.134470 0.452239 -0.263790 0.979820 0.000191
1757663159.485150 -0.020409 -0.015831 -0.104334 0.015068 -0.017445 0.032299 -0.065804 0.026894 0.021172 0.012779 0.016681 -0.003246 0.012398 -0.030708 -0.002480 -0.000191 0.018120 0.143625 -0.134470 0.452239 -0.263409 0.979820 0.000191
1757663159.487150 -0.020409 -0.015831 -0.104334 0.015068 -0.017445 0.032299 -0.065804 0.026894 0.021172 0.012779 0.016681 -0.003246 0.012398 -0.030708 -0.002480 -0.000191 0.018120 0.143244 -0.134470 0.452239 -0.263027 0.979820 0.000191
1757663159.489146 -0.020409 -0.015831 -0.104334 0.015068 -0.017445 0.032299 -0.065804 0.026894 0.021172 0.012779 0.016681 -0.003246 0.012398 -0.030708 -0.002480 -0.000191 0.018120 0.142862 -0.134470 0.452239 -0.262646 0.979820 0.000191
1757663159.491152 -0.020409 -0.015831 -0.104334 0.015068 -0.017445 0.032299 -0.065804 0.026894 0.021172 0.012779 0.016681 -0.003246 0.012398 -0.030708 -0.002480 -0.000191 0.018120 0.142862 -0.134470 0.452239 -0.262264 0.979820 0.000191
1757663159.493147 -0.020409 -0.015831 -0.104334 0.015068 -0.017445 0.032299 -0.065804 0.026894 0.021172 0.012779 0.016681 -0.003246 0.012016 -0.030708 -0.002480 -0.000191 0.018120 0.142481 -0.134470 0.452239 -0.261883 0.979820 0.000191
1757663159.495152 -0.020409 -0.015831 -0.104334 0.015068 -0.017445 0.032299 -0.065804 0.026894 0.021172 0.012779 0.016681 -0.003246 0.012016 -0.030708 -0.002480 -0.000191 0.018120 0.142099 -0.134470 0.452239 -0.261501 0.979820 0.000191
1757663159.497147 -0.020409 -0.015831 -0.104334 0.015068 -0.017445 0.032299 -0.065804 0.026894 0.021172 0.012779 0.016681 -0.003246 0.012016 -0.030708 -0.002480 -0.000191 0.018120 0.141718 -0.134470 0.452239 -0.261120 0.979820 0.000191
1757663159.499146 -0.020409 -0.015831 -0.104334 0.015450 -0.017445 0.032299 -0.065804 0.026894 0.021172 0.012779 0.016681 -0.003246 0.012016 -0.030327 -0.002480 -0.000191 0.018120 0.141336 -0.134470 0.452621 -0.260738 0.979820 0.000191
1757663159.501148 -0.020409 -0.015831 -0.104334 0.015450 -0.017445 0.032299 -0.065804 0.026894 0.021172 0.012779 0.016681 -0.003246 0.011635 -0.030327 -0.002480 -0.000191 0.018120 0.140955 -0.134089 0.452621 -0.260357 0.979820 0.000191
1757663159.503150 -0.020409 -0.015831 -0.104334 0.015450 -0.017445 0.032299 -0.065804 0.026894 0.021172 0.012779 0.016681 -0.003246 0.011635 -0.030327 -0.002480 -0.000191 0.018120 0.140574 -0.134089 0.452621 -0.259975 0.979820 0.000191
1757663159.505151 -0.020409 -0.015831 -0.104334 0.015450 -0.017445 0.032299 -0.065804 0.026894 0.021172 0.012779 0.016681 -0.003246 0.011635 -0.030327 -0.002480 -0.000191 0.018120 0.140192 -0.134089 0.452621 -0.259594 0.979820 0.000191
1757663159.507149 -0.020409 -0.015831 -0.104334 0.015450 -0.017445 0.032299 -0.065804 0.026894 0.021172 0.012779 0.016681 -0.003246 0.011635 -0.030327 -0.002480 -0.000191 0.018120 0.140192 -0.134089 0.452621 -0.259212 0.979820 0.000191
1757663159.509147 -0.020409 -0.015831 -0.104334 0.015450 -0.017445 0.032299 -0.065804 0.026894 0.021172 0.012779 0.016681 -0.003246 0.011253 -0.030327 -0.002480 -0.000191 0.018120 0.139811 -0.134089 0.452621 -0.259212 0.979820 0.000191
1757663159.511155 -0.020409 -0.015831 -0.104334 0.015450 -0.017445 0.032299 -0.065804 0.026894 0.021172 0.012779 0.016681 -0.003246 0.011253 -0.030327 -0.002480 -0.000191 0.018120 0.139429 -0.134089 0.452621 -0.258831 0.979820 0.000191
1757663159.513162 -0.020409 -0.015831 -0.104334 0.015450 -0.017445 0.032299 -0.065804 0.026894 0.021172 0.012779 0.016681 -0.003246 0.011253 -0.030327 -0.002480 -0.000191 0.018120 0.139048 -0.134089 0.452621 -0.258450 0.979820 0.000191
1757663159.515152 -0.020409 -0.015831 -0.104334 0.015450 -0.017445 0.032299 -0.065804 0.026894 0.021172 0.012779 0.016681 -0.003246 0.011253 -0.030327 -0.002480 -0.000191 0.018120 0.138666 -0.134089 0.452621 -0.258450 0.979820 0.000191
1757663159.517147 -0.020409 -0.015831 -0.104334 0.015450 -0.017445 0.032299 -0.065804 0.026894 0.021172 0.012779 0.016681 -0.003246 0.011253 -0.030327 -0.002480 -0.000191 0.018120 0.138285 -0.134089 0.452621 -0.258068 0.979820 0.000191
1757663159.519151 -0.020409 -0.015831 -0.104334 0.015450 -0.017445 0.032299 -0.065804 0.026894 0.021172 0.012779 0.016681 -0.003246 0.010872 -0.030327 -0.002480 -0.000191 0.018120 0.137903 -0.134089 0.452621 -0.257687 0.979820 0.000191
1757663159.521143 -0.020409 -0.015831 -0.104334 0.015450 -0.017445 0.032299 -0.065804 0.026894 0.021172 0.012779 0.016681 -0.003246 0.010872 -0.030327 -0.002480 -0.000191 0.018120 0.137522 -0.134089 0.452621 -0.257687 0.979820 0.000191
1757663159.523164 -0.020409 -0.015831 -0.104334 0.015450 -0.017445 0.032299 -0.065804 0.026894 0.021172 0.012779 0.016681 -0.003246 0.010872 -0.030327 -0.002480 -0.000191 0.018120 0.137140 -0.134470 0.452621 -0.257305 0.979820 0.000191
1757663159.525147 -0.020409 -0.015831 -0.104334 0.015450 -0.017445 0.032299 -0.065804 0.026894 0.021172 0.012779 0.016681 -0.003246 0.010872 -0.030327 -0.002480 -0.000191 0.018120 0.136759 -0.134089 0.452621 -0.257305 0.979820 0.000191
1757663159.527149 -0.020409 -0.015831 -0.104334 0.015450 -0.017445 0.032299 -0.065804 0.026894 0.021172 0.012779 0.016681 -0.003246 0.010490 -0.030327 -0.002480 -0.000191 0.018120 0.136377 -0.134470 0.452621 -0.256924 0.979820 0.000191
1757663159.529150 -0.020409 -0.015831 -0.104334 0.015450 -0.017445 0.032299 -0.065804 0.026894 0.021172 0.012779 0.016681 -0.003246 0.010490 -0.029945 -0.002480 -0.000191 0.018120 0.135996 -0.134470 0.452621 -0.256924 0.979820 0.000191
1757663159.531147 -0.020409 -0.015831 -0.104334 0.015450 -0.017445 0.032299 -0.065804 0.026894 0.021172 0.012779 0.016681 -0.003246 0.010490 -0.029945 -0.002480 -0.000191 0.018120 0.135614 -0.134470 0.452621 -0.256542 0.979820 0.000191
1757663159.533150 -0.020409 -0.015831 -0.104334 0.015450 -0.017445 0.032299 -0.065804 0.026894 0.021172 0.012779 0.016681 -0.003246 0.010490 -0.029945 -0.002480 -0.000191 0.018120 0.135233 -0.134470 0.452621 -0.256542 0.979820 0.000191
1757663159.535146 -0.020409 -0.015831 -0.104334 0.015450 -0.017445 0.032299 -0.065804 0.026894 0.021172 0.012779 0.016681 -0.003246 0.010109 -0.029945 -0.002480 -0.000191 0.018120 0.134851 -0.134470 0.452621 -0.256161 0.979820 0.000191
1757663159.537146 -0.020409 -0.015831 -0.104334 0.015450 -0.017445 0.032299 -0.065804 0.026894 0.021172 0.012779 0.016681 -0.003246 0.010109 -0.029945 -0.002480 -0.000191 0.018120 0.134470 -0.134470 0.452621 -0.256161 0.979820 0.000191
1757663159.539149 -0.020409 -0.015831 -0.104334 0.015450 -0.017445 0.032299 -0.065804 0.026894 0.021172 0.012779 0.016681 -0.003246 0.010109 -0.029945 -0.002480 -0.000191 0.018120 0.133707 -0.134470 0.452621 -0.255779 0.979820 0.000191
1757663159.541155 -0.020409 -0.015831 -0.104334 0.015450 -0.017445 0.032299 -0.065804 0.026894 0.021172 0.012779 0.016681 -0.003246 0.010109 -0.029945 -0.002480 -0.000191 0.018120 0.133326 -0.134470 0.452621 -0.255779 0.979820 0.000191
1757663159.543148 -0.020409 -0.015831 -0.104334 0.015450 -0.017445 0.032299 -0.065804 0.026894 0.021172 0.012779 0.016681 -0.003246 0.009727 -0.029945 -0.002480 -0.000191 0.018120 0.132944 -0.134470 0.452621 -0.255398 0.979820 0.000191
1757663159.545148 -0.020409 -0.015831 -0.104334 0.015450 -0.017445 0.032299 -0.065804 0.026894 0.021172 0.012779 0.016681 -0.003246 0.009727 -0.029945 -0.002480 -0.000191 0.018120 0.132563 -0.134470 0.452621 -0.255398 0.979820 0.000191
1757663159.547149 -0.020409 -0.015831 -0.104334 0.015450 -0.017445 0.032299 -0.065804 0.026894 0.021553 0.012779 0.016681 -0.003246 0.009727 -0.029945 -0.002480 -0.000191 0.018120 0.132181 -0.134470 0.452621 -0.255398 0.979820 0.000191
1757663159.549148 -0.020027 -0.015831 -0.104334 0.015450 -0.017445 0.032299 -0.065804 0.026894 0.021553 0.012779 0.016681 -0.003246 0.009727 -0.029945 -0.002480 -0.000191 0.018120 0.131800 -0.134470 0.452621 -0.255016 0.979820 0.000191
1757663159.551161 -0.020027 -0.015831 -0.104334 0.015450 -0.017445 0.032299 -0.065804 0.026894 0.021553 0.012779 0.016681 -0.003246 0.009346 -0.029945 -0.002480 -0.000191 0.018120 0.131037 -0.134470 0.452621 -0.255016 0.979820 0.000191
1757663159.553151 -0.020027 -0.015831 -0.104334 0.015450 -0.017445 0.032299 -0.065804 0.026894 0.021553 0.012779 0.016681 -0.003246 0.009346 -0.029945 -0.002098 -0.000191 0.018120 0.130655 -0.134470 0.452621 -0.255016 0.979820 0.000191
1757663159.555150 -0.020027 -0.015450 -0.104334 0.015450 -0.017445 0.032299 -0.065804 0.026894 0.021553 0.012779 0.016681 -0.003246 0.009346 -0.029945 -0.002098 -0.000191 0.018120 0.130274 -0.134470 0.452621 -0.254635 0.979820 0.000191
1757663159.557197 -0.020027 -0.015450 -0.104334 0.015450 -0.017445 0.032299 -0.065804 0.026894 0.021553 0.012779 0.016681 -0.003246 0.008965 -0.029945 -0.002098 -0.000191 0.018120 0.129892 -0.134470 0.452621 -0.254635 0.979820 0.000191
1757663159.559160 -0.020027 -0.015450 -0.104334 0.015450 -0.017445 0.032299 -0.065804 0.026894 0.021553 0.012779 0.016681 -0.003246 0.008965 -0.029564 -0.002098 -0.000191 0.018120 0.129511 -0.134470 0.452621 -0.254635 0.979820 0.000191
1757663159.561150 -0.020027 -0.015450 -0.104334 0.015450 -0.017445 0.032299 -0.065804 0.026894 0.021553 0.012779 0.016681 -0.003246 0.008965 -0.029564 -0.002098 -0.000191 0.018120 0.128748 -0.134470 0.452621 -0.254635 0.979820 0.000191
1757663159.563146 -0.020027 -0.015450 -0.104334 0.015450 -0.017445 0.032299 -0.065804 0.026894 0.021553 0.012779 0.016681 -0.003246 0.008583 -0.029564 -0.002098 -0.000191 0.018120 0.128366 -0.134470 0.452621 -0.254253 0.979820 0.000191
1757663159.565144 -0.020027 -0.015450 -0.104334 0.015450 -0.017445 0.032299 -0.065804 0.026894 0.021553 0.012779 0.016681 -0.003246 0.008583 -0.029564 -0.002098 -0.000191 0.018120 0.127985 -0.134470 0.452621 -0.254253 0.979820 0.000191
1757663159.567145 -0.020027 -0.015450 -0.104334 0.015450 -0.017445 0.032299 -0.065804 0.026894 0.021553 0.012779 0.016681 -0.003246 0.008583 -0.029564 -0.002098 -0.000191 0.018120 0.127222 -0.134470 0.452621 -0.254253 0.979820 0.000191
1757663159.569146 -0.020027 -0.015450 -0.104334 0.015450 -0.017445 0.032299 -0.065804 0.026894 0.021553 0.012779 0.016681 -0.003246 0.008202 -0.029564 -0.002098 -0.000191 0.018120 0.126841 -0.134470 0.452621 -0.254253 0.979820 0.000191
1757663159.571148 -0.020027 -0.015450 -0.104334 0.015450 -0.017445 0.032299 -0.065804 0.026894 0.021553 0.012779 0.016681 -0.003246 0.008202 -0.029564 -0.002098 -0.000191 0.018120 0.126459 -0.134851 0.452239 -0.253872 0.979820 0.000191
1757663159.573144 -0.020027 -0.015450 -0.104334 0.015450 -0.017445 0.032299 -0.065804 0.026894 0.021935 0.012779 0.016681 -0.003246 0.008202 -0.029564 -0.002098 -0.000191 0.018120 0.126078 -0.134851 0.452621 -0.253872 0.979820 0.000191
1757663159.575145 -0.020027 -0.015450 -0.104334 0.015450 -0.017445 0.032299 -0.065804 0.026894 0.021935 0.012779 0.016681 -0.003246 0.007820 -0.029564 -0.002098 -0.000191 0.018120 0.125315 -0.134851 0.452239 -0.253872 0.979820 0.000191
1757663159.577146 -0.020027 -0.015450 -0.104334 0.015450 -0.017445 0.032299 -0.065804 0.026894 0.021935 0.012779 0.016681 -0.003246 0.007820 -0.029564 -0.002098 -0.000191 0.018120 0.124933 -0.134851 0.452621 -0.253872 0.979820 0.000191
1757663159.579146 -0.020027 -0.015450 -0.104334 0.015450 -0.017445 0.032299 -0.065804 0.026894 0.021935 0.012779 0.016681 -0.003246 0.007820 -0.029564 -0.002098 -0.000191 0.018120 0.124552 -0.134851 0.452239 -0.253872 0.979820 0.000191
1757663159.581146 -0.020027 -0.015450 -0.104334 0.015450 -0.017445 0.032299 -0.065804 0.026894 0.021935 0.012779 0.016681 -0.003246 0.007439 -0.029564 -0.002098 -0.000191 0.018120 0.123789 -0.134851 0.452239 -0.253490 0.979820 0.000191
1757663159.583144 -0.020027 -0.015450 -0.104334 0.015450 -0.017445 0.032299 -0.065804 0.026894 0.021935 0.012779 0.016681 -0.003246 0.007439 -0.029564 -0.002098 -0.000191 0.018120 0.123407 -0.134851 0.452239 -0.253490 0.979820 0.000191
1757663159.585217 -0.020027 -0.015450 -0.104334 0.015450 -0.017445 0.032299 -0.065804 0.026894 0.021935 0.012779 0.016681 -0.003246 0.007057 -0.029564 -0.002098 -0.000191 0.018120 0.123026 -0.134851 0.452239 -0.253490 0.979820 0.000191
1757663159.587171 -0.020027 -0.015450 -0.104334 0.015450 -0.017445 0.032299 -0.065804 0.026894 0.021935 0.012779 0.016681 -0.003246 0.007057 -0.029564 -0.002098 -0.000191 0.018120 0.122263 -0.134851 0.452239 -0.253490 0.979820 0.000191
1757663159.589148 -0.020027 -0.015450 -0.104334 0.015450 -0.017445 0.032299 -0.065804 0.026894 0.021935 0.012779 0.016681 -0.003246 0.007057 -0.029564 -0.002098 -0.000191 0.018120 0.121881 -0.134851 0.452239 -0.253490 0.979820 0.000191
1757663159.591146 -0.020027 -0.015450 -0.104334 0.015450 -0.017445 0.032299 -0.065804 0.026894 0.021935 0.012779 0.016681 -0.003246 0.006676 -0.029564 -0.002098 -0.000191 0.018120 0.121500 -0.134851 0.452239 -0.253109 0.979820 0.000191
1757663159.593148 -0.020027 -0.015450 -0.104334 0.015831 -0.017445 0.032299 -0.065804 0.026894 0.021935 0.012779 0.016681 -0.003246 0.006676 -0.029182 -0.002098 -0.000191 0.018120 0.121119 -0.134851 0.452239 -0.253109 0.979820 0.000191
1757663159.595148 -0.020027 -0.015450 -0.104334 0.015831 -0.017445 0.032299 -0.065804 0.026894 0.022316 0.012779 0.016681 -0.003246 0.006676 -0.029182 -0.002098 -0.000191 0.018120 0.120356 -0.135233 0.452239 -0.253109 0.979820 0.000191
1757663159.597147 -0.020027 -0.015450 -0.104334 0.015831 -0.017445 0.032299 -0.065804 0.026894 0.022316 0.012779 0.016681 -0.003246 0.006294 -0.029182 -0.002098 -0.000191 0.018120 0.119974 -0.135233 0.452239 -0.253109 0.979820 0.000191
1757663159.599158 -0.020027 -0.015450 -0.104334 0.015831 -0.017445 0.032299 -0.065804 0.026894 0.022316 0.012779 0.016681 -0.003246 0.006294 -0.029182 -0.002098 -0.000191 0.018120 0.119593 -0.135233 0.452239 -0.253109 0.979820 0.000191
1757663159.601147 -0.020027 -0.015450 -0.104334 0.015831 -0.017445 0.032299 -0.065804 0.026894 0.022316 0.012779 0.016681 -0.003246 0.005913 -0.029182 -0.002098 -0.000191 0.018120 0.118830 -0.135233 0.452239 -0.253109 0.979820 0.000191
1757663159.603146 -0.020027 -0.015450 -0.104334 0.015831 -0.017445 0.032299 -0.065804 0.026894 0.022316 0.012779 0.016681 -0.003246 0.005913 -0.029182 -0.002098 -0.000191 0.018120 0.118448 -0.135233 0.452239 -0.253109 0.979820 0.000191
1757663159.605142 -0.020027 -0.015450 -0.104334 0.015831 -0.017445 0.032299 -0.065804 0.026894 0.022316 0.012779 0.016681 -0.003246 0.005531 -0.029182 -0.002098 -0.000191 0.018501 0.118067 -0.135233 0.452239 -0.252728 0.979820 0.000191
1757663159.607147 -0.020027 -0.015450 -0.104334 0.015831 -0.017445 0.032299 -0.065804 0.026894 0.022316 0.012779 0.016681 -0.003246 0.005531 -0.029182 -0.002098 -0.000191 0.018501 0.117685 -0.135233 0.452239 -0.252728 0.979820 0.000191
1757663159.609166 -0.020027 -0.015450 -0.104334 0.015831 -0.017445 0.032299 -0.065804 0.026894 0.022316 0.012779 0.016681 -0.003246 0.005150 -0.029182 -0.002098 -0.000191 0.018501 0.116922 -0.135233 0.452239 -0.252728 0.979820 0.000191
1757663159.611153 -0.020027 -0.015450 -0.104334 0.015831 -0.017445 0.032299 -0.065804 0.026894 0.022316 0.012779 0.016681 -0.003246 0.005150 -0.029182 -0.002098 -0.000191 0.018501 0.116541 -0.135233 0.452239 -0.252728 0.979820 0.000191
1757663159.613166 -0.020027 -0.015450 -0.104334 0.015831 -0.017445 0.032299 -0.065804 0.026894 0.022316 0.012779 0.016681 -0.003246 0.005150 -0.029182 -0.002098 -0.000191 0.018501 0.115778 -0.135233 0.452239 -0.252728 0.979820 0.000191
1757663159.615150 -0.020027 -0.015450 -0.104334 0.015831 -0.017445 0.032299 -0.065804 0.026894 0.022316 0.012779 0.016681 -0.003246 0.004768 -0.029182 -0.002098 -0.000191 0.018501 0.115396 -0.135233 0.452239 -0.252728 0.979820 0.000191
1757663159.617146 -0.020027 -0.015450 -0.104334 0.015831 -0.017445 0.032299 -0.065804 0.026894 0.022316 0.012779 0.016681 -0.003246 0.004768 -0.029182 -0.002098 -0.000191 0.018501 0.115015 -0.135233 0.452239 -0.252728 0.979820 0.000191
1757663159.619167 -0.020027 -0.015450 -0.104334 0.015831 -0.017445 0.032299 -0.065804 0.026894 0.022316 0.012779 0.016681 -0.003246 0.004387 -0.029182 -0.002098 -0.000191 0.018501 0.114252 -0.135233 0.452239 -0.252728 0.979820 0.000191
1757663159.621160 -0.020027 -0.015450 -0.104334 0.015831 -0.017445 0.032299 -0.065804 0.026894 0.022697 0.012779 0.016681 -0.003246 0.004387 -0.029182 -0.002098 -0.000191 0.018501 0.113871 -0.135233 0.452239 -0.252728 0.979820 0.000191
1757663159.623153 -0.020027 -0.015450 -0.104334 0.015831 -0.017445 0.032299 -0.065804 0.026894 0.022697 0.012779 0.016681 -0.003246 0.004005 -0.029182 -0.002098 -0.000191 0.018501 0.113489 -0.135233 0.452239 -0.252728 0.979820 0.000191
1757663159.625144 -0.020027 -0.015450 -0.104334 0.015831 -0.017445 0.032299 -0.065804 0.026894 0.022697 0.012779 0.016681 -0.003246 0.004005 -0.029182 -0.002098 -0.000191 0.018501 0.112726 -0.135233 0.452239 -0.252728 0.979820 0.000191
1757663159.627149 -0.020027 -0.015450 -0.104334 0.015831 -0.017445 0.032299 -0.065804 0.026894 0.022697 0.012779 0.016681 -0.003246 0.003624 -0.029182 -0.002098 -0.000191 0.018501 0.112345 -0.135233 0.452239 -0.252728 0.979820 0.000191
1757663159.629146 -0.020027 -0.015450 -0.104334 0.015831 -0.017445 0.032299 -0.065804 0.026894 0.022697 0.012779 0.016681 -0.003246 0.003624 -0.029182 -0.002098 -0.000191 0.018501 0.111582 -0.135233 0.451858 -0.252728 0.979820 0.000191
1757663159.631148 -0.020027 -0.015450 -0.104334 0.015831 -0.017445 0.032299 -0.065804 0.026894 0.022697 0.012779 0.016681 -0.003246 0.003242 -0.029182 -0.002098 -0.000191 0.018501 0.111200 -0.135233 0.451858 -0.252728 0.979820 0.000191
1757663159.633164 -0.020027 -0.015450 -0.104334 0.015831 -0.017445 0.032299 -0.065804 0.026894 0.022697 0.012779 0.016681 -0.003246 0.003242 -0.029182 -0.002098 -0.000191 0.018501 0.110819 -0.135233 0.451858 -0.252346 0.979820 0.000191
1757663159.635145 -0.020027 -0.015450 -0.104334 0.015831 -0.017445 0.032299 -0.065804 0.026894 0.022697 0.012779 0.016681 -0.003246 0.003242 -0.029182 -0.002098 -0.000191 0.018501 0.110056 -0.135233 0.451858 -0.252728 0.979820 0.000191
1757663159.637148 -0.020027 -0.015450 -0.104334 0.015831 -0.017445 0.032299 -0.065804 0.026894 0.022697 0.012779 0.016681 -0.003246 0.002861 -0.029182 -0.002098 -0.000191 0.018501 0.109674 -0.135233 0.451858 -0.252346 0.979820 0.000191
1757663159.639163 -0.020027 -0.015450 -0.104334 0.015831 -0.017445 0.032299 -0.065804 0.026894 0.022697 0.012779 0.016681 -0.003246 0.002861 -0.029182 -0.002098 -0.000191 0.018501 0.109293 -0.135233 0.451858 -0.252346 0.979820 0.000191
1757663159.641145 -0.019646 -0.015450 -0.104334 0.015831 -0.017445 0.032299 -0.065804 0.026894 0.022697 0.012779 0.016681 -0.003246 0.002480 -0.029182 -0.002098 -0.000191 0.018501 0.108530 -0.135233 0.451858 -0.252346 0.979820 0.000191
1757663159.643169 -0.019646 -0.015450 -0.104334 0.015831 -0.017445 0.032299 -0.065804 0.026894 0.023079 0.012779 0.016681 -0.003246 0.002480 -0.029182 -0.002098 -0.000191 0.018501 0.108149 -0.135233 0.451858 -0.252346 0.979820 0.000191
1757663159.645145 -0.019646 -0.015450 -0.104334 0.015831 -0.017445 0.032299 -0.065804 0.026894 0.023079 0.012779 0.016681 -0.003246 0.002098 -0.029182 -0.002098 -0.000191 0.018501 0.107386 -0.135614 0.451858 -0.252346 0.979820 0.000191
1757663159.647194 -0.019646 -0.015450 -0.104334 0.015831 -0.017445 0.032299 -0.065804 0.026894 0.023079 0.012779 0.016681 -0.003246 0.002098 -0.029182 -0.002098 -0.000191 0.018501 0.107004 -0.135614 0.451858 -0.252346 0.979820 0.000191
1757663159.649145 -0.019646 -0.015450 -0.103952 0.015831 -0.017445 0.032299 -0.065804 0.026894 0.023079 0.012779 0.016681 -0.003246 0.002098 -0.029182 -0.002098 -0.000191 0.018501 0.106623 -0.135614 0.451858 -0.252346 0.979820 0.000191
1757663159.651169 -0.019646 -0.015450 -0.103952 0.015831 -0.017445 0.032299 -0.065804 0.026894 0.023079 0.012779 0.016681 -0.003246 0.001717 -0.029182 -0.002098 -0.000191 0.018501 0.105860 -0.135614 0.451858 -0.252346 0.979820 0.000191
1757663159.653147 -0.019646 -0.015450 -0.103952 0.015831 -0.017445 0.032299 -0.065804 0.026894 0.023079 0.012779 0.016681 -0.003246 0.001717 -0.029182 -0.002098 -0.000191 0.018501 0.105478 -0.135614 0.451858 -0.252346 0.979820 0.000191
1757663159.655190 -0.019646 -0.015450 -0.103952 0.015831 -0.017445 0.032299 -0.065804 0.026894 0.023079 0.012779 0.016681 -0.003246 0.001335 -0.029182 -0.002098 -0.000191 0.018501 0.105097 -0.135614 0.451858 -0.252346 0.979820 0.000191
1757663159.657175 -0.019646 -0.015450 -0.103952 0.015831 -0.017445 0.032299 -0.065804 0.026894 0.023079 0.012779 0.016681 -0.003246 0.001335 -0.029182 -0.002098 -0.000191 0.018501 0.104715 -0.135614 0.451858 -0.252346 0.979820 0.000191
1757663159.659151 -0.019646 -0.015450 -0.103952 0.015831 -0.017445 0.032299 -0.065804 0.026894 0.023079 0.012779 0.016681 -0.003246 0.001335 -0.029182 -0.002098 -0.000191 0.018501 0.103952 -0.135614 0.451858 -0.252346 0.979820 0.000191
1757663159.661191 -0.019646 -0.015450 -0.103952 0.015831 -0.017445 0.032299 -0.065804 0.026894 0.023079 0.012779 0.016681 -0.003246 0.000954 -0.029182 -0.002098 -0.000191 0.018501 0.103571 -0.135614 0.451858 -0.252346 0.979820 0.000191
1757663159.663146 -0.019646 -0.015450 -0.103952 0.015831 -0.017445 0.032299 -0.065804 0.026894 0.023079 0.012779 0.016681 -0.003246 0.000954 -0.029182 -0.002098 -0.000191 0.018501 0.103189 -0.135614 0.451858 -0.252346 0.979820 0.000191
1757663159.665149 -0.019646 -0.015450 -0.103952 0.015831 -0.017445 0.032299 -0.065804 0.026894 0.023079 0.012779 0.016681 -0.003246 0.000954 -0.029182 -0.002098 -0.000191 0.018501 0.102808 -0.135614 0.451858 -0.252346 0.979820 0.000191
1757663159.667173 -0.019646 -0.015450 -0.103952 0.015831 -0.017445 0.032299 -0.065804 0.026894 0.023079 0.012779 0.016681 -0.003246 0.000572 -0.029182 -0.002098 -0.000191 0.018501 0.102427 -0.135614 0.451476 -0.252346 0.979820 0.000191
1757663159.669147 -0.019646 -0.015450 -0.103952 0.015831 -0.017445 0.032299 -0.065804 0.026894 0.023460 0.012779 0.016681 -0.003246 0.000572 -0.029182 -0.002098 -0.000191 0.018501 0.102045 -0.135996 0.451858 -0.251965 0.979820 0.000191
1757663159.671172 -0.019646 -0.015450 -0.103952 0.015831 -0.017445 0.032299 -0.065804 0.026894 0.023460 0.012779 0.016681 -0.003246 0.000191 -0.029182 -0.002098 -0.000191 0.018501 0.101664 -0.135996 0.451476 -0.251965 0.979820 0.000191
1757663159.673147 -0.019646 -0.015450 -0.103952 0.015831 -0.017445 0.032299 -0.065804 0.026894 0.023460 0.012779 0.016681 -0.003246 0.000191 -0.029182 -0.002098 -0.000191 0.018501 0.101282 -0.135996 0.451476 -0.251965 0.979820 0.000191
1757663159.675157 -0.020027 -0.015450 -0.103952 0.015831 -0.017445 0.032299 -0.065804 0.026894 0.023460 0.012779 0.016681 -0.003246 0.000191 -0.029182 -0.002098 -0.000191 0.018501 0.100901 -0.135996 0.451476 -0.251965 0.979820 0.000191
1757663159.677187 -0.020027 -0.015450 -0.103952 0.015831 -0.017445 0.032299 -0.065804 0.026894 0.023460 0.012779 0.016681 -0.003246 -0.000191 -0.029182 -0.002098 -0.000191 0.018501 0.100519 -0.135996 0.451476 -0.251965 0.979820 0.000191
1757663159.679158 -0.020027 -0.015450 -0.103952 0.015831 -0.017445 0.032299 -0.065804 0.026894 0.023460 0.012779 0.016681 -0.003246 -0.000191 -0.029182 -0.002098 -0.000191 0.018501 0.100138 -0.135996 0.451476 -0.251965 0.979820 0.000191
1757663159.681162 -0.020027 -0.015450 -0.103952 0.015831 -0.017445 0.032299 -0.065804 0.026894 0.023460 0.012779 0.016681 -0.003246 -0.000191 -0.029182 -0.002098 -0.000191 0.018501 0.099756 -0.135996 0.451476 -0.251965 0.979820 0.000191
1757663159.683197 -0.020027 -0.015450 -0.103952 0.015831 -0.017580 0.032551 -0.065804 0.026894 0.023460 0.012779 0.016681 -0.003246 -0.000572 -0.029182 -0.002098 -0.000191 0.018501 0.099375 -0.135996 0.451476 -0.251965 0.979820 0.000191
1757663159.685205 -0.020027 -0.015450 -0.103952 0.015831 -0.017580 0.032551 -0.065804 0.026894 0.023460 0.012779 0.016681 -0.003246 -0.000572 -0.029182 -0.002098 -0.000191 0.018501 0.098993 -0.135996 0.451476 -0.251965 0.979820 0.000191
1757663159.687190 -0.020027 -0.015450 -0.103952 0.015831 -0.017580 0.032551 -0.065804 0.026894 0.023460 0.012779 0.016681 -0.003246 -0.000572 -0.029182 -0.002098 -0.000191 0.018501 0.098612 -0.135996 0.451476 -0.251965 0.979820 0.000191
1757663159.689190 -0.020027 -0.015450 -0.103952 0.015831 -0.017580 0.032551 -0.065804 0.026894 0.023460 0.012779 0.016681 -0.003246 -0.000572 -0.029182 -0.002098 -0.000191 0.018501 0.098230 -0.135996 0.451476 -0.251965 0.979820 0.000191
1757663159.691190 -0.020027 -0.015450 -0.103952 0.015831 -0.017580 0.032551 -0.065804 0.026894 0.023460 0.012779 0.016681 -0.003246 -0.000954 -0.029182 -0.002098 -0.000191 0.018501 0.097849 -0.135996 0.451476 -0.251965 0.979820 0.000191
1757663159.693191 -0.020027 -0.015450 -0.103952 0.015831 -0.017580 0.032551 -0.065804 0.026894 0.023460 0.012779 0.016681 -0.003246 -0.000954 -0.029182 -0.002098 -0.000191 0.018501 0.097849 -0.135996 0.451476 -0.251965 0.979820 0.000191
1757663159.695190 -0.020027 -0.015450 -0.103952 0.015831 -0.017580 0.032551 -0.065804 0.026894 0.023460 0.012779 0.016681 -0.003246 -0.000954 -0.029182 -0.002098 -0.000191 0.018501 0.097467 -0.135996 0.451476 -0.251965 0.979820 0.000191
1757663159.697188 -0.020027 -0.015450 -0.103952 0.015831 -0.017580 0.032551 -0.065804 0.026894 0.023460 0.012779 0.016681 -0.003246 -0.001335 -0.029182 -0.002098 -0.000191 0.018501 0.097086 -0.135996 0.451476 -0.251965 0.979820 0.000191
1757663159.699189 -0.020027 -0.015450 -0.103952 0.015831 -0.017580 0.032551 -0.065804 0.026894 0.023460 0.012779 0.016681 -0.003246 -0.001335 -0.029182 -0.002098 -0.000191 0.018501 0.096704 -0.135614 0.451476 -0.251965 0.979820 0.000191
1757663159.701152 -0.020027 -0.015450 -0.103952 0.015831 -0.017580 0.032551 -0.065804 0.026894 0.023842 0.012779 0.016681 -0.003246 -0.001335 -0.029182 -0.002098 -0.000191 0.018501 0.096323 -0.135614 0.451476 -0.251965 0.979820 0.000191
1757663159.703161 -0.020027 -0.015450 -0.103952 0.015831 -0.017580 0.032551 -0.065804 0.026894 0.023842 0.012779 0.016681 -0.003246 -0.001717 -0.029182 -0.002098 -0.000191 0.018501 0.096323 -0.135614 0.451476 -0.251965 0.979820 0.000191
1757663159.705145 -0.020027 -0.015450 -0.103952 0.015831 -0.017580 0.032551 -0.065804 0.026894 0.023842 0.012779 0.016681 -0.003246 -0.001717 -0.029182 -0.002098 -0.000191 0.018501 0.095942 -0.135233 0.451476 -0.251965 0.979820 0.000191
1757663159.707156 -0.020027 -0.015450 -0.103952 0.015831 -0.017580 0.032551 -0.065804 0.026894 0.023842 0.012779 0.016681 -0.003246 -0.001717 -0.029182 -0.002098 -0.000191 0.018501 0.095560 -0.135233 0.451476 -0.251965 0.979820 0.000191
1757663159.709169 -0.020027 -0.015450 -0.103952 0.015831 -0.017580 0.032551 -0.065804 0.026894 0.023842 0.012779 0.016681 -0.003246 -0.002098 -0.029182 -0.002098 -0.000191 0.018501 0.095179 -0.135233 0.451476 -0.251965 0.979820 0.000191
1757663159.711173 -0.020027 -0.015450 -0.103952 0.015831 -0.017580 0.032551 -0.065804 0.026894 0.023842 0.012779 0.016681 -0.003246 -0.002098 -0.029182 -0.002098 -0.000191 0.018501 0.095179 -0.134851 0.451476 -0.251965 0.979820 0.000191
1757663159.713154 -0.020027 -0.015450 -0.103952 0.015831 -0.017580 0.032551 -0.065804 0.026894 0.023842 0.012779 0.016681 -0.003246 -0.002098 -0.029182 -0.002098 -0.000191 0.018501 0.094797 -0.134851 0.451476 -0.251965 0.979820 0.000191
1757663159.715155 -0.020027 -0.015450 -0.103571 0.015831 -0.017580 0.032551 -0.065804 0.026894 0.023842 0.012779 0.016681 -0.003246 -0.002480 -0.029182 -0.002098 -0.000191 0.018501 0.094416 -0.134470 0.451476 -0.251965 0.979820 0.000191
1757663159.717159 -0.020027 -0.015450 -0.103571 0.015831 -0.017580 0.032551 -0.065804 0.026894 0.023842 0.012779 0.016681 -0.003246 -0.002480 -0.029182 -0.002098 -0.000191 0.018501 0.094416 -0.134470 0.451476 -0.251965 0.979820 0.000191
1757663159.719153 -0.020027 -0.015450 -0.103571 0.015831 -0.017580 0.032551 -0.065804 0.026894 0.023842 0.012779 0.016681 -0.003246 -0.002480 -0.029182 -0.002098 -0.000191 0.018501 0.094034 -0.134089 0.451476 -0.251965 0.979820 0.000191
1757663159.721144 -0.020027 -0.015450 -0.103571 0.015831 -0.017580 0.032551 -0.065804 0.026894 0.023842 0.012779 0.016681 -0.003246 -0.002861 -0.029182 -0.002098 -0.000191 0.018501 0.094034 -0.134089 0.451476 -0.251965 0.979820 0.000191
1757663159.723155 -0.020027 -0.015450 -0.103571 0.015831 -0.017580 0.032551 -0.065804 0.026894 0.023842 0.012779 0.016681 -0.003246 -0.002861 -0.029182 -0.002098 -0.000191 0.018501 0.093652 -0.133707 0.451476 -0.251965 0.979820 0.000191
1757663159.725153 -0.020027 -0.015450 -0.103571 0.015831 -0.017580 0.032551 -0.065804 0.026894 0.023842 0.012779 0.016681 -0.003246 -0.002861 -0.029182 -0.002098 -0.000191 0.018501 0.093652 -0.133707 0.451476 -0.251965 0.979820 0.000191
1757663159.727154 -0.020027 -0.015450 -0.103571 0.015831 -0.017580 0.032551 -0.065804 0.026894 0.023842 0.012779 0.016681 -0.003246 -0.003242 -0.029182 -0.002098 -0.000191 0.018501 0.093270 -0.133326 0.451476 -0.251965 0.979820 0.000191
1757663159.729157 -0.020027 -0.015450 -0.103571 0.015831 -0.017580 0.032551 -0.065804 0.026894 0.023842 0.012779 0.016681 -0.003246 -0.003242 -0.029182 -0.002098 -0.000191 0.018501 0.092889 -0.132944 0.451476 -0.251965 0.979820 0.000191
1757663159.731156 -0.020027 -0.015450 -0.103571 0.015831 -0.017580 0.032551 -0.065804 0.026894 0.023842 0.012779 0.016681 -0.003246 -0.003242 -0.029182 -0.002098 -0.000191 0.018501 0.092889 -0.132944 0.451476 -0.252346 0.979820 0.000191
1757663159.733157 -0.020027 -0.015450 -0.103571 0.015831 -0.017580 0.032551 -0.065804 0.026894 0.023842 0.012779 0.016681 -0.003246 -0.003624 -0.029182 -0.002098 -0.000191 0.018501 0.092507 -0.132563 0.451476 -0.251965 0.979820 0.000191
1757663159.735157 -0.020027 -0.015450 -0.103571 0.015831 -0.017580 0.032551 -0.065804 0.026894 0.023842 0.012779 0.016681 -0.003246 -0.003624 -0.029182 -0.002098 -0.000191 0.018501 0.092507 -0.132563 0.451476 -0.251965 0.979820 0.000191
1757663159.737157 -0.020027 -0.015450 -0.103571 0.015831 -0.017580 0.032551 -0.065804 0.026894 0.023842 0.012779 0.016681 -0.003246 -0.003624 -0.029182 -0.002098 -0.000191 0.018501 0.092126 -0.132181 0.451476 -0.252346 0.979820 0.000191
1757663159.739160 -0.020027 -0.015450 -0.103571 0.015831 -0.017580 0.032551 -0.065804 0.026894 0.023842 0.012779 0.016681 -0.003246 -0.003624 -0.029182 -0.002098 -0.000191 0.018501 0.091744 -0.132181 0.451476 -0.251965 0.979820 0.000191
1757663159.741215 -0.020027 -0.015450 -0.103571 0.015831 -0.017580 0.032551 -0.065804 0.026894 0.023842 0.012779 0.016681 -0.003246 -0.004005 -0.029182 -0.002098 -0.000191 0.018501 0.091744 -0.131800 0.451476 -0.251965 0.979820 0.000191
1757663159.743178 -0.020027 -0.015450 -0.103571 0.015831 -0.017580 0.032551 -0.065804 0.026894 0.023842 0.012779 0.016681 -0.003246 -0.004005 -0.029182 -0.002098 -0.000191 0.018501 0.091363 -0.131418 0.451476 -0.251965 0.979820 0.000191
1757663159.745219 -0.020027 -0.015450 -0.103571 0.015831 -0.017580 0.032551 -0.065804 0.026894 0.023842 0.012779 0.016681 -0.003246 -0.004005 -0.029182 -0.002098 -0.000191 0.018501 0.091363 -0.131418 0.451476 -0.251965 0.979820 0.000191
1757663159.747178 -0.020027 -0.015450 -0.103571 0.015831 -0.017580 0.032551 -0.065804 0.026894 0.023842 0.012779 0.016681 -0.003246 -0.004387 -0.029182 -0.002098 -0.000191 0.018501 0.090981 -0.131037 0.451476 -0.251965 0.979820 0.000191
1757663159.749169 -0.020027 -0.015450 -0.103571 0.015831 -0.017580 0.032551 -0.065804 0.026894 0.023842 0.012779 0.016681 -0.003246 -0.004387 -0.029182 -0.002098 -0.000191 0.018501 0.090981 -0.131037 0.451476 -0.251965 0.979820 0.000191
1757663159.751162 -0.020027 -0.015450 -0.103571 0.015831 -0.017580 0.032551 -0.065804 0.026894 0.023842 0.012779 0.016681 -0.003246 -0.004387 -0.029182 -0.002098 -0.000191 0.018501 0.090600 -0.130655 0.451476 -0.251965 0.979820 0.000191
1757663159.753163 -0.020027 -0.015450 -0.103571 0.015831 -0.017580 0.032551 -0.065804 0.026894 0.023842 0.012779 0.016681 -0.003246 -0.004768 -0.029182 -0.002098 -0.000191 0.018501 0.090600 -0.130655 0.451476 -0.251965 0.979820 0.000191
1757663159.755156 -0.020027 -0.015450 -0.103571 0.015831 -0.017580 0.032551 -0.065804 0.026894 0.023842 0.012779 0.016546 -0.002990 -0.004768 -0.029182 -0.002098 -0.000191 0.018501 0.090219 -0.130274 0.451476 -0.251965 0.979820 0.000191
1757663159.757155 -0.020027 -0.015450 -0.103571 0.015831 -0.017580 0.032551 -0.065804 0.026894 0.023842 0.012779 0.016546 -0.002990 -0.004768 -0.029182 -0.002098 -0.000191 0.018501 0.090219 -0.130274 0.451476 -0.251965 0.979820 0.000191
1757663159.759154 -0.020027 -0.015450 -0.103571 0.015831 -0.017580 0.032551 -0.065804 0.026894 0.023842 0.012779 0.016681 -0.003246 -0.004768 -0.029182 -0.002098 -0.000191 0.018501 0.090219 -0.129892 0.451476 -0.251965 0.979820 0.000191
1757663159.761159 -0.020027 -0.015450 -0.103571 0.015831 -0.017580 0.032551 -0.065804 0.026894 0.023842 0.012779 0.016681 -0.003246 -0.005150 -0.029182 -0.002098 -0.000191 0.018501 0.089837 -0.129892 0.451476 -0.251965 0.979820 0.000191
1757663159.763152 -0.020027 -0.015450 -0.103571 0.015831 -0.017580 0.032551 -0.065804 0.026894 0.023842 0.012779 0.016681 -0.003246 -0.005150 -0.029182 -0.002098 -0.000191 0.018501 0.089837 -0.129892 0.451476 -0.251965 0.979820 0.000191
1757663159.765153 -0.020027 -0.015450 -0.103571 0.015831 -0.017580 0.032551 -0.065804 0.026894 0.023842 0.012779 0.016681 -0.003246 -0.005150 -0.029182 -0.002098 -0.000191 0.018501 0.089456 -0.129511 0.451476 -0.251965 0.979820 0.000191
1757663159.767156 -0.020027 -0.015450 -0.103571 0.015831 -0.017580 0.032551 -0.065804 0.026894 0.023842 0.012779 0.016681 -0.003246 -0.005531 -0.029182 -0.002098 -0.000191 0.018501 0.089456 -0.129511 0.451476 -0.251965 0.979820 0.000191
1757663159.769154 -0.020027 -0.015831 -0.103571 0.015831 -0.017580 0.032551 -0.065804 0.026894 0.023842 0.012779 0.016681 -0.003246 -0.005531 -0.029182 -0.002098 -0.000191 0.018501 0.089074 -0.129129 0.451476 -0.251965 0.979820 0.000191
1757663159.771172 -0.020027 -0.015831 -0.103571 0.015831 -0.017580 0.032551 -0.065804 0.026894 0.023842 0.012779 0.016681 -0.003246 -0.005531 -0.029182 -0.002098 -0.000191 0.018501 0.089074 -0.129129 0.451476 -0.251965 0.979820 0.000191
1757663159.773177 -0.020027 -0.015831 -0.103571 0.015831 -0.017580 0.032551 -0.065804 0.026894 0.023842 0.012779 0.016681 -0.003246 -0.005913 -0.029182 -0.002098 -0.000191 0.018501 0.088693 -0.128748 0.451476 -0.251965 0.979820 0.000191
1757663159.775160 -0.020027 -0.015831 -0.103571 0.015831 -0.017580 0.032551 -0.065804 0.026894 0.023842 0.012779 0.016681 -0.003246 -0.005913 -0.029182 -0.002098 -0.000191 0.018501 0.088693 -0.128748 0.451476 -0.251965 0.979820 0.000191
1757663159.777155 -0.020027 -0.015831 -0.103571 0.015831 -0.017580 0.032551 -0.065804 0.026894 0.023842 0.012779 0.016681 -0.003246 -0.005913 -0.029182 -0.002098 -0.000191 0.018501 0.088311 -0.128366 0.451476 -0.251965 0.979820 0.000191
1757663159.779149 -0.020027 -0.015831 -0.103571 0.015831 -0.017580 0.032551 -0.065804 0.026894 0.023842 0.012779 0.016681 -0.003246 -0.006294 -0.029182 -0.002098 -0.000191 0.018501 0.088311 -0.128366 0.451476 -0.251965 0.979820 0.000191
1757663159.781156 -0.020027 -0.015831 -0.103571 0.015831 -0.017580 0.032551 -0.065804 0.026894 0.023842 0.012779 0.016681 -0.003246 -0.006294 -0.029182 -0.002098 -0.000191 0.018501 0.087930 -0.128366 0.451476 -0.251965 0.979820 0.000191
1757663159.783157 -0.020027 -0.015831 -0.103571 0.015831 -0.017580 0.032551 -0.065804 0.026894 0.023842 0.012779 0.016681 -0.003246 -0.006294 -0.029182 -0.002098 -0.000191 0.018501 0.087930 -0.127985 0.451476 -0.251965 0.979820 0.000191
1757663159.785152 -0.020027 -0.015831 -0.103571 0.015831 -0.017580 0.032551 -0.065804 0.026894 0.023842 0.012779 0.016681 -0.003246 -0.006676 -0.029182 -0.002098 -0.000191 0.018501 0.087548 -0.127985 0.451476 -0.251965 0.979820 0.000191
1757663159.787152 -0.020027 -0.015831 -0.103571 0.015831 -0.017580 0.032551 -0.065804 0.026894 0.023842 0.012779 0.016546 -0.002990 -0.006676 -0.029182 -0.002098 -0.000191 0.018501 0.087548 -0.127604 0.451476 -0.251965 0.979820 0.000191
1757663159.789154 -0.020027 -0.015831 -0.103571 0.015831 -0.017580 0.032551 -0.065804 0.026894 0.023842 0.012779 0.016546 -0.002990 -0.006676 -0.029182 -0.002098 -0.000191 0.018501 0.087167 -0.127604 0.451476 -0.251965 0.979820 0.000191
1757663159.791153 -0.020027 -0.015831 -0.103571 0.015831 -0.017580 0.032551 -0.065804 0.026894 0.023842 0.012779 0.016681 -0.003246 -0.006676 -0.029182 -0.002098 -0.000191 0.018501 0.087167 -0.127604 0.451476 -0.251965 0.979820 0.000191
1757663159.793155 -0.020027 -0.015831 -0.103571 0.015831 -0.017580 0.032551 -0.065804 0.026894 0.023842 0.012779 0.016681 -0.003246 -0.007057 -0.029182 -0.002098 -0.000191 0.018501 0.086785 -0.127222 0.451476 -0.251965 0.979820 0.000191
1757663159.795154 -0.020027 -0.015831 -0.103571 0.015831 -0.017580 0.032551 -0.065804 0.026894 0.023842 0.012779 0.016546 -0.002990 -0.007057 -0.029182 -0.002098 -0.000191 0.018501 0.086785 -0.127222 0.451476 -0.251965 0.979820 0.000191
1757663159.797154 -0.020027 -0.016212 -0.103571 0.015831 -0.017580 0.032551 -0.065804 0.026894 0.023842 0.012779 0.016546 -0.002990 -0.007057 -0.029182 -0.002098 -0.000191 0.018501 0.086404 -0.126841 0.451476 -0.251965 0.979820 0.000191
1757663159.799154 -0.020027 -0.016212 -0.103571 0.015831 -0.017580 0.032551 -0.065804 0.026894 0.023842 0.012779 0.016681 -0.003246 -0.007439 -0.029182 -0.002098 -0.000191 0.018501 0.086404 -0.126841 0.451476 -0.251965 0.979820 0.000191
1757663159.801158 -0.020027 -0.016212 -0.103571 0.015831 -0.017580 0.032551 -0.065804 0.026894 0.023842 0.012779 0.016681 -0.003246 -0.007439 -0.029182 -0.002098 -0.000191 0.018501 0.086404 -0.126841 0.451476 -0.251965 0.979820 0.000191
1757663159.803216 -0.020027 -0.016212 -0.103571 0.015831 -0.017580 0.032551 -0.065804 0.026894 0.023842 0.012779 0.016681 -0.003246 -0.007439 -0.029182 -0.002098 -0.000191 0.018501 0.086022 -0.126459 0.451476 -0.251965 0.979820 0.000191
1757663159.805157 -0.020027 -0.016212 -0.103571 0.015831 -0.017580 0.032551 -0.065804 0.026894 0.023842 0.012398 0.016681 -0.003246 -0.007439 -0.029182 -0.002098 -0.000191 0.018501 0.086022 -0.126459 0.451476 -0.251965 0.979820 0.000191
1757663159.807199 -0.020027 -0.016212 -0.103571 0.015831 -0.017580 0.032551 -0.065804 0.026894 0.023842 0.012779 0.016546 -0.002990 -0.007820 -0.029182 -0.002098 -0.000191 0.018501 0.085641 -0.126078 0.451476 -0.251965 0.979820 0.000191
1757663159.809156 -0.020027 -0.016212 -0.103571 0.015831 -0.017580 0.032551 -0.065804 0.026894 0.023842 0.012779 0.016681 -0.003246 -0.007820 -0.029182 -0.002098 -0.000191 0.018501 0.085641 -0.126078 0.451476 -0.251965 0.979820 0.000191
1757663159.811160 -0.020027 -0.016212 -0.103571 0.015831 -0.017580 0.032551 -0.065804 0.026894 0.023842 0.012779 0.016681 -0.003246 -0.007820 -0.029182 -0.002098 -0.000191 0.018501 0.085641 -0.126078 0.451476 -0.251965 0.979820 0.000191
1757663159.813152 -0.020027 -0.016212 -0.103571 0.015831 -0.017580 0.032551 -0.065804 0.026894 0.023842 0.012779 0.016681 -0.003246 -0.007820 -0.029182 -0.002098 -0.000191 0.018501 0.085259 -0.125696 0.451476 -0.251965 0.979820 0.000191
1757663159.815152 -0.020027 -0.016212 -0.103571 0.015831 -0.017580 0.032551 -0.065804 0.026894 0.023842 0.012779 0.016681 -0.003246 -0.008202 -0.029182 -0.002098 -0.000191 0.018501 0.085259 -0.125696 0.451476 -0.251965 0.979820 0.000191
1757663159.817150 -0.020027 -0.016212 -0.103571 0.015831 -0.017580 0.032551 -0.065804 0.026894 0.023842 0.012779 0.016681 -0.003246 -0.008202 -0.029182 -0.002098 -0.000191 0.018501 0.085259 -0.125315 0.451476 -0.251965 0.979820 0.000191
1757663159.819154 -0.020027 -0.016212 -0.103571 0.015831 -0.017580 0.032551 -0.065804 0.026894 0.023842 0.012779 0.016681 -0.003246 -0.008202 -0.029182 -0.002098 -0.000191 0.018501 0.084878 -0.125315 0.451476 -0.251965 0.979820 0.000191
1757663159.821152 -0.020027 -0.016212 -0.103571 0.015831 -0.017580 0.032551 -0.065804 0.026894 0.023842 0.012779 0.016681 -0.003246 -0.008583 -0.029182 -0.002098 -0.000191 0.018501 0.084878 -0.124933 0.451476 -0.251965 0.979820 0.000191
1757663159.823154 -0.020027 -0.016594 -0.103571 0.015831 -0.017580 0.032551 -0.065804 0.026894 0.023842 0.012779 0.016681 -0.003246 -0.008583 -0.029182 -0.002098 -0.000191 0.018501 0.084878 -0.124933 0.451476 -0.251965 0.979820 0.000191
1757663159.825154 -0.020027 -0.016594 -0.103571 0.015831 -0.017580 0.032551 -0.065804 0.026894 0.023842 0.012779 0.016681 -0.003246 -0.008583 -0.029182 -0.002098 -0.000191 0.018501 0.084878 -0.124933 0.451476 -0.251965 0.979820 0.000191
1757663159.827154 -0.020027 -0.016594 -0.103571 0.015831 -0.017580 0.032551 -0.065804 0.026894 0.023842 0.012779 0.016681 -0.003246 -0.008583 -0.029182 -0.002098 -0.000191 0.018501 0.084496 -0.124552 0.451476 -0.251965 0.979820 0.000191
1757663159.829153 -0.020027 -0.016594 -0.103571 0.015831 -0.017580 0.032551 -0.065804 0.026894 0.023842 0.012779 0.016681 -0.003246 -0.008965 -0.029182 -0.002098 -0.000191 0.018501 0.084496 -0.124552 0.451476 -0.251965 0.979820 0.000191
1757663159.831161 -0.020027 -0.016594 -0.103571 0.015831 -0.017580 0.032551 -0.065804 0.026894 0.023842 0.012779 0.016546 -0.002990 -0.008965 -0.029182 -0.002098 -0.000191 0.018501 0.084496 -0.124170 0.451476 -0.251965 0.979820 0.000191
1757663159.833165 -0.020027 -0.016594 -0.103571 0.015831 -0.017580 0.032551 -0.065804 0.026894 0.023842 0.012779 0.016681 -0.003246 -0.008965 -0.029182 -0.002098 -0.000191 0.018501 0.084496 -0.124170 0.451476 -0.251965 0.979820 0.000191
1757663159.835176 -0.020027 -0.016594 -0.103571 0.015831 -0.017580 0.032551 -0.065804 0.026894 0.023842 0.012779 0.016681 -0.003246 -0.008965 -0.029182 -0.002098 -0.000191 0.018501 0.084496 -0.124170 0.451476 -0.251965 0.979820 0.000191
1757663159.837156 -0.020027 -0.016594 -0.103571 0.015831 -0.017580 0.032551 -0.065804 0.026894 0.023842 0.012779 0.016681 -0.003246 -0.009346 -0.029182 -0.002098 -0.000191 0.018501 0.084115 -0.123789 0.451476 -0.251965 0.979820 0.000191
1757663159.839155 -0.020027 -0.016594 -0.103571 0.015831 -0.017580 0.032551 -0.065804 0.026894 0.023842 0.012779 0.016546 -0.002990 -0.009346 -0.029182 -0.002098 -0.000191 0.018501 0.084115 -0.123789 0.451476 -0.251965 0.979820 0.000191
1757663159.841151 -0.020027 -0.016594 -0.103571 0.015831 -0.017580 0.032551 -0.065804 0.026894 0.023842 0.012779 0.016681 -0.003246 -0.009346 -0.029182 -0.002098 -0.000191 0.018501 0.084115 -0.123789 0.451476 -0.251965 0.979820 0.000191
1757663159.843160 -0.020027 -0.016594 -0.103571 0.015831 -0.017580 0.032551 -0.065804 0.026894 0.023842 0.012779 0.016681 -0.003246 -0.009346 -0.029182 -0.002098 -0.000191 0.018501 0.084115 -0.123407 0.451476 -0.251965 0.979820 0.000191
1757663159.845154 -0.020027 -0.016594 -0.103571 0.015831 -0.017580 0.032551 -0.065804 0.026512 0.023842 0.012779 0.016681 -0.003246 -0.009727 -0.029182 -0.002098 -0.000191 0.018501 0.084115 -0.123407 0.451476 -0.251965 0.979820 0.000191
1757663159.847152 -0.020027 -0.016594 -0.103571 0.015831 -0.017580 0.032551 -0.065804 0.026512 0.023842 0.012779 0.016681 -0.003246 -0.009727 -0.029182 -0.002098 -0.000191 0.018501 0.084115 -0.123407 0.451476 -0.251965 0.979820 0.000191
1757663159.849155 -0.020027 -0.016975 -0.103571 0.015831 -0.017580 0.032551 -0.065804 0.026512 0.023842 0.012779 0.016681 -0.003246 -0.009727 -0.029182 -0.002098 -0.000191 0.018501 0.083734 -0.123026 0.451476 -0.251965 0.979820 0.000191
1757663159.851152 -0.020027 -0.016975 -0.103571 0.015831 -0.017580 0.032551 -0.065804 0.026512 0.023842 0.012779 0.016681 -0.003246 -0.010109 -0.029182 -0.002098 -0.000191 0.018501 0.083734 -0.123026 0.451476 -0.251965 0.979820 0.000191
1757663159.853150 -0.020027 -0.016975 -0.103571 0.015831 -0.017580 0.032551 -0.065804 0.026512 0.024223 0.012779 0.016681 -0.003246 -0.010109 -0.029182 -0.002098 -0.000191 0.018501 0.083734 -0.122644 0.451476 -0.251965 0.979820 0.000191
1757663159.855153 -0.020027 -0.016975 -0.103571 0.015831 -0.017580 0.032551 -0.065804 0.026512 0.024223 0.012779 0.016681 -0.003246 -0.010109 -0.029182 -0.002098 -0.000191 0.018501 0.083734 -0.122644 0.451476 -0.251965 0.979820 0.000191
1757663159.857154 -0.020027 -0.016975 -0.103571 0.015831 -0.017580 0.032551 -0.065804 0.026512 0.024223 0.012779 0.016681 -0.003246 -0.010490 -0.029182 -0.002098 -0.000191 0.018501 0.083734 -0.122644 0.451476 -0.251965 0.979820 0.000191
1757663159.859152 -0.020027 -0.016975 -0.103571 0.015831 -0.017580 0.032551 -0.065804 0.026512 0.024223 0.012779 0.016681 -0.003246 -0.010490 -0.029182 -0.002098 -0.000191 0.018501 0.083734 -0.122263 0.451476 -0.251965 0.979820 0.000191
1757663159.861154 -0.020027 -0.016975 -0.103571 0.015831 -0.017580 0.032551 -0.065804 0.026512 0.024223 0.012779 0.016681 -0.003246 -0.010490 -0.029182 -0.002098 -0.000191 0.018501 0.083352 -0.122263 0.451476 -0.251965 0.979820 0.000191
1757663159.863152 -0.020027 -0.016975 -0.103571 0.015831 -0.017580 0.032551 -0.065804 0.026512 0.024223 0.012779 0.016681 -0.003246 -0.010872 -0.029182 -0.002098 -0.000191 0.018501 0.083352 -0.121881 0.451476 -0.251965 0.979820 0.000191
1757663159.865284 -0.020027 -0.016975 -0.103571 0.015831 -0.017580 0.032551 -0.065804 0.026512 0.024223 0.012779 0.016681 -0.003246 -0.010872 -0.029182 -0.002098 -0.000191 0.018501 0.083352 -0.121881 0.451476 -0.251583 0.979820 0.000191
1757663159.867196 -0.020027 -0.016975 -0.103571 0.015831 -0.017580 0.032551 -0.065804 0.026512 0.024223 0.012779 0.016681 -0.003246 -0.010872 -0.029182 -0.002098 -0.000191 0.018501 0.083352 -0.121881 0.451476 -0.251583 0.979820 0.000191
1757663159.869187 -0.020027 -0.016975 -0.103571 0.015831 -0.017580 0.032551 -0.065804 0.026131 0.024223 0.012779 0.016681 -0.003246 -0.010872 -0.029182 -0.002098 -0.000191 0.018501 0.083352 -0.121500 0.451476 -0.251583 0.979820 0.000191
1757663159.871189 -0.020027 -0.016975 -0.103571 0.015831 -0.017580 0.032551 -0.065804 0.026131 0.024223 0.012779 0.016681 -0.003246 -0.011253 -0.029182 -0.002098 -0.000191 0.018501 0.083352 -0.121500 0.451476 -0.251583 0.979820 0.000191
1757663159.873193 -0.020027 -0.017357 -0.103571 0.015831 -0.017580 0.032551 -0.065804 0.026131 0.024223 0.012779 0.016681 -0.003246 -0.011253 -0.029182 -0.002098 -0.000191 0.018501 0.083352 -0.121500 0.451476 -0.251583 0.979820 0.000191
1757663159.875193 -0.020027 -0.017357 -0.103571 0.015831 -0.017580 0.032551 -0.065804 0.026131 0.024223 0.012779 0.016681 -0.003246 -0.011253 -0.029182 -0.002098 -0.000191 0.018501 0.082971 -0.121119 0.451476 -0.251583 0.979820 0.000191
1757663159.877252 -0.020027 -0.017357 -0.103571 0.015831 -0.017580 0.032551 -0.065804 0.026131 0.024223 0.012779 0.016681 -0.003246 -0.011635 -0.029182 -0.002098 -0.000191 0.018501 0.082971 -0.121119 0.451476 -0.251583 0.979820 0.000191
1757663159.879184 -0.020027 -0.017357 -0.103571 0.015831 -0.017580 0.032551 -0.065804 0.026131 0.024223 0.012779 0.016681 -0.003246 -0.011635 -0.029182 -0.002098 -0.000191 0.018501 0.082971 -0.120737 0.451476 -0.251583 0.979820 0.000191
1757663159.881195 -0.020027 -0.017357 -0.103571 0.015831 -0.017580 0.032551 -0.065804 0.026131 0.024223 0.012779 0.016681 -0.003246 -0.011635 -0.029182 -0.002098 -0.000191 0.018501 0.082971 -0.120737 0.451476 -0.251583 0.979820 0.000191
1757663159.883151 -0.020027 -0.017357 -0.103571 0.015831 -0.017580 0.032551 -0.065804 0.026131 0.024223 0.012779 0.016681 -0.003246 -0.012016 -0.029182 -0.002098 -0.000191 0.018501 0.082971 -0.120737 0.451476 -0.251583 0.979820 0.000191
1757663159.885139 -0.020027 -0.017357 -0.103571 0.015831 -0.017580 0.032551 -0.065804 0.026131 0.024223 0.012779 0.016681 -0.003246 -0.012016 -0.029182 -0.002098 -0.000191 0.018501 0.082971 -0.120356 0.451476 -0.251583 0.979820 0.000191
1757663159.887156 -0.020027 -0.017357 -0.103571 0.015831 -0.017580 0.032551 -0.065804 0.026131 0.024223 0.012779 0.016681 -0.003246 -0.012016 -0.029182 -0.002098 -0.000191 0.018501 0.082971 -0.120356 0.451476 -0.251583 0.979820 0.000191
1757663159.889153 -0.020027 -0.017357 -0.103571 0.015831 -0.017580 0.032551 -0.065804 0.026131 0.024223 0.012779 0.016681 -0.003246 -0.012398 -0.029182 -0.002098 -0.000191 0.018501 0.082971 -0.119974 0.451476 -0.251583 0.979820 0.000191
1757663159.891154 -0.020027 -0.017357 -0.103571 0.015831 -0.017580 0.032551 -0.065804 0.026131 0.024223 0.012779 0.016681 -0.003246 -0.012398 -0.029182 -0.002098 -0.000191 0.018501 0.082589 -0.119974 0.451476 -0.251583 0.979820 0.000191
1757663159.893148 -0.020027 -0.017357 -0.103571 0.015831 -0.017580 0.032551 -0.065804 0.025749 0.024223 0.012779 0.016681 -0.003246 -0.012398 -0.029182 -0.002098 -0.000191 0.018501 0.082971 -0.119974 0.451476 -0.251583 0.979820 0.000191
1757663159.895151 -0.020027 -0.017738 -0.103571 0.015831 -0.017580 0.032551 -0.065804 0.025749 0.024223 0.012779 0.016681 -0.003246 -0.012779 -0.029182 -0.002098 -0.000191 0.018501 0.082589 -0.119593 0.451476 -0.251583 0.979820 0.000191
1757663159.897321 -0.020027 -0.017738 -0.103571 0.015831 -0.017580 0.032551 -0.065804 0.025749 0.024223 0.012779 0.016681 -0.003246 -0.012779 -0.029182 -0.002098 -0.000191 0.018501 0.082589 -0.119593 0.451476 -0.251583 0.979820 0.000191
1757663159.899182 -0.020027 -0.017738 -0.103571 0.015831 -0.017580 0.032551 -0.065804 0.025749 0.024223 0.012779 0.016681 -0.003246 -0.012779 -0.029182 -0.002098 -0.000191 0.018501 0.082589 -0.119211 0.451476 -0.251583 0.979820 0.000191
1757663159.901152 -0.020027 -0.017738 -0.103571 0.015831 -0.017580 0.032551 -0.065804 0.025749 0.024223 0.012779 0.016681 -0.003246 -0.013161 -0.029182 -0.002098 -0.000191 0.018501 0.082589 -0.119211 0.451476 -0.251583 0.979820 0.000191
1757663159.903152 -0.020027 -0.017738 -0.103571 0.015831 -0.017442 0.032807 -0.065804 0.025749 0.024223 0.012779 0.016681 -0.003246 -0.013161 -0.029182 -0.002098 -0.000191 0.018501 0.082589 -0.118830 0.451476 -0.251583 0.979820 0.000191
1757663159.905173 -0.020027 -0.017738 -0.103571 0.015831 -0.017442 0.032807 -0.065804 0.025749 0.024223 0.012779 0.016681 -0.003246 -0.013161 -0.029182 -0.002098 -0.000191 0.018501 0.082589 -0.118830 0.451476 -0.251583 0.979820 0.000191
1757663159.907153 -0.020027 -0.017738 -0.103571 0.015831 -0.017442 0.032807 -0.065804 0.025749 0.024223 0.012779 0.016681 -0.003246 -0.013161 -0.029182 -0.002098 -0.000191 0.018501 0.082589 -0.118448 0.451476 -0.251583 0.979820 0.000191
1757663159.909154 -0.020027 -0.017738 -0.103571 0.015831 -0.017442 0.032807 -0.065804 0.025749 0.024223 0.012779 0.016681 -0.003246 -0.013542 -0.029182 -0.002098 -0.000191 0.018501 0.082589 -0.118448 0.451476 -0.251583 0.979820 0.000191
1757663159.911149 -0.020027 -0.017738 -0.103571 0.015831 -0.017442 0.032807 -0.065804 0.025749 0.024223 0.012779 0.016681 -0.003246 -0.013542 -0.029182 -0.002098 -0.000191 0.018501 0.082589 -0.118448 0.451476 -0.251583 0.979820 0.000191
1757663159.913150 -0.020027 -0.017738 -0.103571 0.015831 -0.017442 0.032807 -0.065804 0.025749 0.024223 0.012779 0.016681 -0.003246 -0.013542 -0.029182 -0.002098 -0.000191 0.018501 0.082589 -0.118067 0.451476 -0.251583 0.979820 0.000191
1757663159.915151 -0.020027 -0.017738 -0.103571 0.015831 -0.017442 0.032807 -0.065804 0.025368 0.024223 0.012779 0.016681 -0.003246 -0.013924 -0.029182 -0.002098 -0.000191 0.018501 0.082589 -0.118067 0.451476 -0.251583 0.979820 0.000191
1757663159.917151 -0.020027 -0.017738 -0.103571 0.015831 -0.017442 0.032807 -0.065804 0.025368 0.024223 0.012779 0.016681 -0.003246 -0.013924 -0.029182 -0.002098 -0.000191 0.018501 0.082589 -0.117685 0.451476 -0.251583 0.979820 0.000191
1757663159.919152 -0.020027 -0.018120 -0.103571 0.015831 -0.017442 0.032807 -0.065804 0.025368 0.024223 0.012779 0.016681 -0.003246 -0.013924 -0.029182 -0.002098 -0.000191 0.018501 0.082208 -0.117685 0.451476 -0.251202 0.979820 0.000191
1757663159.921143 -0.020027 -0.018120 -0.103571 0.015831 -0.017442 0.032807 -0.065804 0.025368 0.024223 0.012779 0.016681 -0.003246 -0.014305 -0.029182 -0.002098 -0.000191 0.018501 0.082208 -0.117304 0.451476 -0.251583 0.979820 0.000191
1757663159.923150 -0.020027 -0.018120 -0.103571 0.015831 -0.017442 0.032807 -0.065804 0.025368 0.024223 0.012779 0.016681 -0.003246 -0.014305 -0.029182 -0.002098 -0.000191 0.018501 0.082208 -0.117304 0.451476 -0.251202 0.979820 0.000191
1757663159.925150 -0.020027 -0.018120 -0.103571 0.015831 -0.017442 0.032807 -0.065804 0.025368 0.024223 0.012779 0.016681 -0.003246 -0.014305 -0.029182 -0.002098 -0.000191 0.018501 0.082208 -0.117304 0.451476 -0.251202 0.979820 0.000191
1757663159.927164 -0.020027 -0.018120 -0.103571 0.015831 -0.017442 0.032807 -0.065804 0.025368 0.024223 0.012779 0.016681 -0.003246 -0.014687 -0.029182 -0.002098 -0.000191 0.018501 0.082208 -0.116922 0.451476 -0.251202 0.979820 0.000191
1757663159.929277 -0.020027 -0.018120 -0.103571 0.015831 -0.017442 0.032807 -0.065804 0.025368 0.024223 0.012779 0.016681 -0.003246 -0.014687 -0.029182 -0.002098 -0.000191 0.018501 0.082208 -0.116922 0.451476 -0.251202 0.979820 0.000191
1757663159.931192 -0.020027 -0.018120 -0.103571 0.015831 -0.017442 0.032807 -0.065804 0.025368 0.024223 0.012779 0.016681 -0.003246 -0.014687 -0.029182 -0.002098 -0.000191 0.018501 0.082208 -0.116541 0.451476 -0.251202 0.979820 0.000191
1757663159.933194 -0.020027 -0.018120 -0.103571 0.015831 -0.017442 0.032807 -0.065804 0.025368 0.024223 0.012779 0.016681 -0.003246 -0.014687 -0.029182 -0.002098 -0.000191 0.018501 0.082208 -0.116541 0.451476 -0.251202 0.979820 0.000191
1757663159.935179 -0.020027 -0.018120 -0.103571 0.015831 -0.017442 0.032807 -0.065804 0.025368 0.024223 0.012779 0.016681 -0.003246 -0.015068 -0.029182 -0.002098 -0.000191 0.018501 0.082208 -0.116159 0.451476 -0.251202 0.979820 0.000191
1757663159.937186 -0.020027 -0.018120 -0.103571 0.015831 -0.017442 0.032807 -0.065804 0.025368 0.024223 0.012779 0.016681 -0.003246 -0.015068 -0.029182 -0.002098 -0.000191 0.018501 0.082208 -0.116159 0.451476 -0.251202 0.979820 0.000191
1757663159.939191 -0.020027 -0.018120 -0.103571 0.015831 -0.017442 0.032807 -0.065804 0.025368 0.024223 0.012779 0.016681 -0.003246 -0.015068 -0.029182 -0.002098 -0.000191 0.018501 0.082208 -0.115778 0.451476 -0.251202 0.979820 0.000191
1757663159.941159 -0.020027 -0.018120 -0.103571 0.015831 -0.017442 0.032807 -0.065804 0.024986 0.024223 0.012779 0.016681 -0.003246 -0.015450 -0.029182 -0.002098 -0.000191 0.018501 0.082208 -0.115778 0.451476 -0.251202 0.979820 0.000191
1757663159.943149 -0.020027 -0.018120 -0.103571 0.015831 -0.017442 0.032807 -0.065804 0.024986 0.024223 0.012779 0.016681 -0.003246 -0.015450 -0.029182 -0.002098 -0.000191 0.018501 0.082208 -0.115778 0.451476 -0.251202 0.979820 0.000191
1757663159.945144 -0.020027 -0.018501 -0.103571 0.015831 -0.017442 0.032807 -0.065804 0.024986 0.024223 0.012779 0.016681 -0.003246 -0.015450 -0.029182 -0.002098 -0.000191 0.018501 0.082208 -0.115396 0.451476 -0.251202 0.979820 0.000191
1757663159.947144 -0.020027 -0.018501 -0.103571 0.015831 -0.017442 0.032807 -0.065804 0.024986 0.024223 0.012779 0.016681 -0.003246 -0.015450 -0.029182 -0.002098 -0.000191 0.018501 0.081826 -0.115396 0.451476 -0.251202 0.979820 0.000191
1757663159.949144 -0.020027 -0.018501 -0.103571 0.015831 -0.017442 0.032807 -0.065804 0.024986 0.024223 0.012779 0.016681 -0.003246 -0.015831 -0.029182 -0.002098 -0.000191 0.018501 0.081826 -0.115015 0.451476 -0.251202 0.979820 0.000191
1757663159.951146 -0.020027 -0.018501 -0.103571 0.015831 -0.017442 0.032807 -0.065804 0.024986 0.024223 0.012779 0.016681 -0.003246 -0.015831 -0.029182 -0.002098 -0.000191 0.018501 0.081826 -0.115015 0.451476 -0.251202 0.979820 0.000191
1757663159.953141 -0.020027 -0.018501 -0.103571 0.015831 -0.017442 0.032807 -0.065804 0.024986 0.024223 0.012779 0.016681 -0.003246 -0.015831 -0.029182 -0.002098 -0.000191 0.018501 0.081826 -0.114634 0.451476 -0.251202 0.979820 0.000191
1757663159.955142 -0.020027 -0.018501 -0.103571 0.015831 -0.017442 0.032807 -0.065804 0.024986 0.024223 0.012779 0.016681 -0.003246 -0.016212 -0.029182 -0.002098 -0.000191 0.018501 0.081826 -0.114634 0.451476 -0.251202 0.979820 0.000191
1757663159.957143 -0.020027 -0.018501 -0.103571 0.015831 -0.017442 0.032807 -0.065804 0.024986 0.024223 0.012779 0.016681 -0.003246 -0.016212 -0.029182 -0.002098 -0.000191 0.018501 0.081826 -0.114252 0.451476 -0.251202 0.979820 0.000191
1757663159.959203 -0.020027 -0.018501 -0.103571 0.015831 -0.017442 0.032807 -0.065804 0.024986 0.024223 0.012779 0.016681 -0.003246 -0.016212 -0.029182 -0.002098 -0.000191 0.018501 0.081826 -0.114252 0.451476 -0.251202 0.979820 0.000191
1757663159.961189 -0.020027 -0.018501 -0.103571 0.015831 -0.017442 0.032807 -0.065804 0.024986 0.024223 0.012779 0.016681 -0.003246 -0.016594 -0.029182 -0.002098 -0.000191 0.018501 0.081826 -0.113871 0.451476 -0.251202 0.979820 0.000191
1757663159.963154 -0.020027 -0.018501 -0.103571 0.015831 -0.017442 0.032807 -0.065804 0.024986 0.024223 0.012779 0.016681 -0.003246 -0.016594 -0.029182 -0.002098 -0.000191 0.018501 0.081826 -0.113871 0.451476 -0.251202 0.979820 0.000191
1757663159.965157 -0.020027 -0.018501 -0.103571 0.015831 -0.017305 0.033064 -0.065804 0.024986 0.024223 0.012779 0.016681 -0.003246 -0.016594 -0.029182 -0.002098 -0.000191 0.018501 0.081826 -0.113871 0.451476 -0.251202 0.979820 0.000191
1757663159.967156 -0.020027 -0.018501 -0.103571 0.015831 -0.017305 0.033064 -0.065804 0.024986 0.024223 0.012779 0.016681 -0.003246 -0.016594 -0.029182 -0.002098 -0.000191 0.018501 0.081826 -0.113489 0.451476 -0.251202 0.979820 0.000191
1757663159.969157 -0.020027 -0.018501 -0.103571 0.015831 -0.017305 0.033064 -0.065804 0.024986 0.024223 0.012779 0.016681 -0.003246 -0.016975 -0.029182 -0.002098 -0.000191 0.018501 0.081445 -0.113489 0.451476 -0.251202 0.979820 0.000191
1757663159.971150 -0.020027 -0.018501 -0.103571 0.015831 -0.017305 0.033064 -0.065804 0.024986 0.024223 0.012779 0.016681 -0.003246 -0.016975 -0.029182 -0.002098 -0.000191 0.018501 0.081445 -0.113108 0.451476 -0.251202 0.979820 0.000191
1757663159.973142 -0.020027 -0.018883 -0.103571 0.015831 -0.017305 0.033064 -0.065804 0.024986 0.024223 0.012779 0.016681 -0.003246 -0.016975 -0.029182 -0.002098 -0.000191 0.018501 0.081445 -0.113108 0.451476 -0.251202 0.979820 0.000191
1757663159.975152 -0.020027 -0.018883 -0.103571 0.015831 -0.017305 0.033064 -0.065804 0.024605 0.024223 0.012779 0.016681 -0.003246 -0.016975 -0.029182 -0.002098 -0.000191 0.018501 0.081445 -0.112726 0.451476 -0.251202 0.979820 0.000191
1757663159.977158 -0.020027 -0.018883 -0.103571 0.015831 -0.017305 0.033064 -0.065804 0.024605 0.024223 0.012779 0.016681 -0.003246 -0.017357 -0.029182 -0.002098 -0.000191 0.018501 0.081445 -0.112726 0.451476 -0.251202 0.979820 0.000191
1757663159.979142 -0.020027 -0.018883 -0.103571 0.015831 -0.017305 0.033064 -0.065804 0.024605 0.024223 0.012779 0.016681 -0.003246 -0.017357 -0.029182 -0.002098 -0.000191 0.018501 0.081445 -0.112345 0.451476 -0.251202 0.979820 0.000191
1757663159.981152 -0.020027 -0.018883 -0.103571 0.015831 -0.017305 0.033064 -0.065804 0.024605 0.024223 0.012779 0.016681 -0.003246 -0.017357 -0.029182 -0.002098 -0.000191 0.018501 0.081445 -0.112345 0.451476 -0.251202 0.979820 0.000191
1757663159.983144 -0.020027 -0.018883 -0.103571 0.015831 -0.017305 0.033064 -0.065804 0.024605 0.024223 0.012779 0.016681 -0.003246 -0.017738 -0.029182 -0.002098 -0.000191 0.018501 0.081445 -0.112345 0.451476 -0.251202 0.979820 0.000191
1757663159.985149 -0.020027 -0.018883 -0.103571 0.015831 -0.017305 0.033064 -0.065804 0.024605 0.024223 0.012779 0.016681 -0.003246 -0.017738 -0.029182 -0.002098 -0.000191 0.018501 0.081445 -0.111963 0.451476 -0.251202 0.979820 0.000191
1757663159.987168 -0.020027 -0.018883 -0.103571 0.015831 -0.017305 0.033064 -0.065804 0.024605 0.024223 0.012779 0.016681 -0.003246 -0.017738 -0.029182 -0.002098 -0.000191 0.018501 0.081445 -0.111963 0.451476 -0.251202 0.979820 0.000191
1757663159.989142 -0.020027 -0.018883 -0.103571 0.015831 -0.017305 0.033064 -0.065804 0.024605 0.024223 0.012779 0.016681 -0.003246 -0.017738 -0.029182 -0.002098 -0.000191 0.018501 0.081445 -0.111582 0.451476 -0.250820 0.979820 0.000191
1757663159.991141 -0.020027 -0.018883 -0.103571 0.015831 -0.017305 0.033064 -0.065804 0.024605 0.024223 0.012779 0.016681 -0.003246 -0.017738 -0.029182 -0.002098 -0.000191 0.018501 0.081445 -0.111582 0.451476 -0.251202 0.979820 0.000191
1757663159.993138 -0.020027 -0.018883 -0.103571 0.015831 -0.017305 0.033064 -0.065804 0.024605 0.024223 0.012779 0.016681 -0.003246 -0.018120 -0.029182 -0.002098 -0.000191 0.018501 0.081445 -0.111200 0.451476 -0.250820 0.979820 0.000191
1757663159.995174 -0.020027 -0.018883 -0.103571 0.015831 -0.017305 0.033064 -0.065804 0.024605 0.024223 0.012779 0.016681 -0.003246 -0.018120 -0.029182 -0.002098 -0.000191 0.018501 0.081445 -0.111200 0.451476 -0.251202 0.979820 0.000191
1757663159.997167 -0.020027 -0.018883 -0.103571 0.015831 -0.017167 0.033320 -0.065804 0.024605 0.024223 0.012779 0.016681 -0.003246 -0.018120 -0.029182 -0.002098 -0.000191 0.018501 0.081445 -0.110819 0.451476 -0.251202 0.979820 0.000191
1757663159.999148 -0.020027 -0.018883 -0.103571 0.015831 -0.017167 0.033320 -0.065804 0.024605 0.024223 0.012779 0.016681 -0.003246 -0.018120 -0.029182 -0.002098 -0.000191 0.018501 0.081063 -0.110819 0.451476 -0.250820 0.979820 0.000191
1757663160.001153 -0.020027 -0.018883 -0.103571 0.015831 -0.017167 0.033320 -0.065804 0.024605 0.024223 0.012779 0.016681 -0.003246 -0.018501 -0.029182 -0.002098 -0.000191 0.018501 0.081063 -0.110437 0.451476 -0.251202 0.979820 0.000191
1757663160.003216 -0.020027 -0.018883 -0.103571 0.015831 -0.017167 0.033320 -0.065804 0.024605 0.024223 0.012779 0.016681 -0.003246 -0.018501 -0.029182 -0.002098 -0.000191 0.018501 0.081063 -0.110437 0.451476 -0.250820 0.979820 0.000191
1757663160.005207 -0.020027 -0.018883 -0.103571 0.015831 -0.017167 0.033320 -0.065804 0.024605 0.024223 0.012779 0.016681 -0.003246 -0.018501 -0.029182 -0.002098 -0.000191 0.018501 0.081063 -0.110437 0.451476 -0.251202 0.979820 0.000191
1757663160.007200 -0.020027 -0.019264 -0.103571 0.015831 -0.017167 0.033320 -0.065804 0.024605 0.024223 0.012779 0.016681 -0.003246 -0.018501 -0.029182 -0.002098 -0.000191 0.018501 0.081063 -0.110056 0.451476 -0.250820 0.979820 0.000191
1757663160.009200 -0.020027 -0.019264 -0.103571 0.015831 -0.017167 0.033320 -0.065804 0.024605 0.024223 0.012779 0.016681 -0.003246 -0.018501 -0.029182 -0.002098 -0.000191 0.018501 0.081063 -0.110056 0.451476 -0.251202 0.979820 0.000191
1757663160.011200 -0.020027 -0.019264 -0.103571 0.015831 -0.017167 0.033320 -0.065804 0.024605 0.024223 0.012779 0.016681 -0.003246 -0.018883 -0.029182 -0.002098 -0.000191 0.018501 0.081063 -0.109674 0.451476 -0.250820 0.979820 0.000191
1757663160.013197 -0.020027 -0.019264 -0.103571 0.015831 -0.017167 0.033320 -0.065804 0.024223 0.024223 0.012779 0.016681 -0.003246 -0.018883 -0.029182 -0.002098 -0.000191 0.018501 0.081063 -0.109674 0.451476 -0.250820 0.979820 0.000191
1757663160.015196 -0.020027 -0.019264 -0.103571 0.015831 -0.017167 0.033320 -0.065804 0.024223 0.024223 0.012779 0.016681 -0.003246 -0.018883 -0.029182 -0.002098 -0.000191 0.018501 0.081063 -0.109293 0.451476 -0.250820 0.979820 0.000191
1757663160.017199 -0.020027 -0.019264 -0.103571 0.015831 -0.017167 0.033320 -0.065804 0.024223 0.024223 0.012779 0.016681 -0.003246 -0.018883 -0.029182 -0.002098 -0.000191 0.018501 0.081063 -0.109293 0.451476 -0.250820 0.979820 0.000191
1757663160.019202 -0.020027 -0.019264 -0.103571 0.015831 -0.017167 0.033320 -0.065804 0.024223 0.024223 0.012779 0.016681 -0.003246 -0.019264 -0.029182 -0.002098 -0.000191 0.018501 0.081063 -0.108912 0.451476 -0.250820 0.979820 0.000191
1757663160.021200 -0.020027 -0.019264 -0.103571 0.015831 -0.017167 0.033320 -0.065804 0.024223 0.024223 0.012779 0.016681 -0.003246 -0.019264 -0.029182 -0.002098 -0.000191 0.018501 0.081063 -0.108912 0.451476 -0.250820 0.979820 0.000191
1757663160.023199 -0.020027 -0.019264 -0.103571 0.015831 -0.017167 0.033320 -0.065804 0.024223 0.024223 0.012779 0.016681 -0.003246 -0.019264 -0.029182 -0.002098 -0.000191 0.018501 0.081063 -0.108530 0.451476 -0.250820 0.979820 0.000191
1757663160.025203 -0.020027 -0.019264 -0.103571 0.015831 -0.017029 0.033576 -0.065804 0.024223 0.024223 0.012779 0.016681 -0.003246 -0.019264 -0.029182 -0.002098 -0.000191 0.018501 0.081063 -0.108530 0.451476 -0.250820 0.979820 0.000191
1757663160.027201 -0.020027 -0.019264 -0.103571 0.015831 -0.017029 0.033576 -0.065804 0.024223 0.024223 0.012779 0.016681 -0.003246 -0.019264 -0.029182 -0.002098 -0.000191 0.018501 0.081063 -0.108530 0.451476 -0.250820 0.979820 0.000191
1757663160.029228 -0.020027 -0.019264 -0.103571 0.015831 -0.017029 0.033576 -0.065804 0.024223 0.024223 0.012779 0.016681 -0.003246 -0.019646 -0.029182 -0.002098 -0.000191 0.018501 0.081063 -0.108149 0.451476 -0.250820 0.979820 0.000191
1757663160.031240 -0.020027 -0.019264 -0.103571 0.015831 -0.017029 0.033576 -0.065804 0.024223 0.024223 0.012779 0.016681 -0.003246 -0.019646 -0.029182 -0.002098 -0.000191 0.018501 0.080682 -0.108149 0.451476 -0.250820 0.979820 0.000191
1757663160.033202 -0.020027 -0.019264 -0.103571 0.015831 -0.017029 0.033576 -0.065804 0.024223 0.024223 0.012779 0.016681 -0.003246 -0.019646 -0.029182 -0.002098 -0.000191 0.018501 0.080682 -0.107767 0.451476 -0.250820 0.979820 0.000191
1757663160.035198 -0.020027 -0.019264 -0.103571 0.015831 -0.017029 0.033576 -0.065804 0.024223 0.024223 0.012779 0.016681 -0.003246 -0.019646 -0.029182 -0.002098 -0.000191 0.018501 0.080682 -0.107767 0.451476 -0.250820 0.979820 0.000191
1757663160.037203 -0.020027 -0.019264 -0.103571 0.015831 -0.017029 0.033576 -0.065804 0.024223 0.024223 0.012779 0.016681 -0.003246 -0.019646 -0.029182 -0.002098 -0.000191 0.018501 0.080682 -0.107386 0.451476 -0.250820 0.979820 0.000191
1757663160.039203 -0.020027 -0.019264 -0.103571 0.015831 -0.017029 0.033576 -0.065804 0.024223 0.024223 0.012779 0.016681 -0.003246 -0.020027 -0.029182 -0.002098 -0.000191 0.018501 0.080682 -0.107386 0.451476 -0.250820 0.979820 0.000191
1757663160.041202 -0.020027 -0.019264 -0.103571 0.015831 -0.017029 0.033576 -0.065804 0.024223 0.024223 0.012779 0.016681 -0.003246 -0.020027 -0.029182 -0.002098 -0.000191 0.018501 0.080682 -0.107386 0.451476 -0.250820 0.979820 0.000191
1757663160.043201 -0.020027 -0.019264 -0.103571 0.015831 -0.017029 0.033576 -0.065804 0.024223 0.024223 0.012779 0.016681 -0.003246 -0.020027 -0.029182 -0.002098 -0.000191 0.018501 0.080682 -0.107004 0.451476 -0.250820 0.979820 0.000191
1757663160.045200 -0.020027 -0.019264 -0.103571 0.015831 -0.016892 0.033832 -0.065804 0.024223 0.024223 0.012779 0.016681 -0.003246 -0.020027 -0.029182 -0.002098 -0.000191 0.018501 0.080682 -0.107004 0.451476 -0.250820 0.979820 0.000191
1757663160.047204 -0.020027 -0.019264 -0.103571 0.015831 -0.016892 0.033832 -0.065804 0.024223 0.024223 0.012779 0.016681 -0.003246 -0.020027 -0.029182 -0.002098 -0.000191 0.018501 0.080682 -0.106623 0.451476 -0.250820 0.979820 0.000191
1757663160.049193 -0.020027 -0.019264 -0.103571 0.015831 -0.016892 0.033832 -0.065804 0.024223 0.024223 0.012779 0.016681 -0.003246 -0.020409 -0.029182 -0.002098 -0.000191 0.018501 0.080682 -0.106623 0.451476 -0.250820 0.979820 0.000191
1757663160.051199 -0.020027 -0.019264 -0.103571 0.015831 -0.016892 0.033832 -0.065804 0.024223 0.024223 0.012779 0.016681 -0.003246 -0.020409 -0.029182 -0.002098 -0.000191 0.018501 0.080682 -0.106241 0.451476 -0.250820 0.979820 0.000191
1757663160.053205 -0.020027 -0.019264 -0.103571 0.015831 -0.016892 0.033832 -0.065804 0.024223 0.024223 0.012779 0.016681 -0.003246 -0.020409 -0.029182 -0.002098 -0.000191 0.018501 0.080682 -0.106241 0.451476 -0.250820 0.979820 0.000191
1757663160.055254 -0.020027 -0.019646 -0.103571 0.015831 -0.016892 0.033832 -0.065804 0.024223 0.024223 0.012779 0.016681 -0.003246 -0.020409 -0.029182 -0.002098 -0.000191 0.018501 0.080682 -0.106241 0.451476 -0.250820 0.979820 0.000191
1757663160.057177 -0.020027 -0.019646 -0.103571 0.015831 -0.016892 0.033832 -0.065804 0.024223 0.024223 0.012779 0.016681 -0.003246 -0.020790 -0.029182 -0.002098 -0.000191 0.018501 0.080682 -0.105860 0.451476 -0.250820 0.979820 0.000191
1757663160.059188 -0.020027 -0.019646 -0.103571 0.015831 -0.016892 0.033832 -0.065804 0.024223 0.024223 0.012779 0.016681 -0.003246 -0.020790 -0.029182 -0.002098 -0.000191 0.018501 0.080300 -0.105860 0.451476 -0.250820 0.979820 0.000191
1757663160.061185 -0.020027 -0.019646 -0.103571 0.015831 -0.016754 0.034088 -0.065804 0.024223 0.024223 0.012779 0.016681 -0.003246 -0.020790 -0.029182 -0.002098 -0.000191 0.018501 0.080300 -0.105478 0.451476 -0.250820 0.979820 0.000191
1757663160.063174 -0.020027 -0.019646 -0.103571 0.015831 -0.016754 0.034088 -0.065804 0.024223 0.024223 0.012779 0.016681 -0.003246 -0.020790 -0.029182 -0.002098 -0.000191 0.018501 0.080300 -0.105478 0.451476 -0.250820 0.979820 0.000191
1757663160.065174 -0.020027 -0.019646 -0.103571 0.015831 -0.016754 0.034088 -0.065804 0.024223 0.024223 0.012779 0.016681 -0.003246 -0.020790 -0.029182 -0.002098 -0.000191 0.018501 0.080300 -0.105478 0.451476 -0.250820 0.979820 0.000191
1757663160.067242 -0.020027 -0.019646 -0.103571 0.015831 -0.016754 0.034088 -0.065804 0.024223 0.024223 0.012779 0.016681 -0.003246 -0.021172 -0.029182 -0.002098 -0.000191 0.018501 0.080300 -0.105097 0.451476 -0.250820 0.979820 0.000191
1757663160.069236 -0.020027 -0.019646 -0.103571 0.015831 -0.016754 0.034088 -0.065804 0.024223 0.024223 0.012779 0.016681 -0.003246 -0.021172 -0.029182 -0.002098 -0.000191 0.018501 0.080300 -0.105097 0.451476 -0.250820 0.979820 0.000191
1757663160.071180 -0.020027 -0.019646 -0.103571 0.015831 -0.016754 0.034088 -0.065804 0.024223 0.024223 0.012779 0.016681 -0.003246 -0.021172 -0.029182 -0.002098 -0.000191 0.018501 0.080300 -0.105097 0.451476 -0.250820 0.979820 0.000191
1757663160.073171 -0.020027 -0.019646 -0.103571 0.015831 -0.016754 0.034088 -0.065804 0.024223 0.024223 0.012779 0.016681 -0.003246 -0.021172 -0.029182 -0.002098 -0.000191 0.018501 0.080300 -0.104715 0.451476 -0.250820 0.979820 0.000191
1757663160.075199 -0.020027 -0.019646 -0.103571 0.015831 -0.016754 0.034088 -0.065804 0.024223 0.024223 0.012779 0.016681 -0.003246 -0.021553 -0.029182 -0.002098 -0.000191 0.018501 0.080300 -0.104715 0.451476 -0.250820 0.979820 0.000191
1757663160.077199 -0.020027 -0.019646 -0.103571 0.015831 -0.016617 0.034344 -0.065804 0.024223 0.024223 0.012779 0.016681 -0.003246 -0.021553 -0.029182 -0.002098 -0.000191 0.018501 0.080300 -0.104715 0.451476 -0.250820 0.979820 0.000191
1757663160.079199 -0.020027 -0.019646 -0.103571 0.015831 -0.016617 0.034344 -0.065804 0.023842 0.024223 0.012779 0.016681 -0.003246 -0.021553 -0.029182 -0.002098 -0.000191 0.018501 0.080300 -0.104334 0.451476 -0.250820 0.979820 0.000191
1757663160.081200 -0.020027 -0.019646 -0.103571 0.015831 -0.016482 0.034092 -0.065804 0.023842 0.024223 0.012779 0.016681 -0.003246 -0.021553 -0.029182 -0.002098 -0.000191 0.018501 0.080300 -0.104334 0.451476 -0.250820 0.979820 0.000191
1757663160.083200 -0.020027 -0.019646 -0.103571 0.015831 -0.016482 0.034092 -0.065804 0.023842 0.024223 0.012779 0.016681 -0.003246 -0.021553 -0.029182 -0.002098 -0.000191 0.018501 0.080300 -0.104334 0.451476 -0.250820 0.979820 0.000191
1757663160.085196 -0.020027 -0.019646 -0.103571 0.015831 -0.016482 0.034092 -0.065804 0.023842 0.024223 0.012779 0.016681 -0.003246 -0.021553 -0.029182 -0.002098 -0.000191 0.018501 0.080300 -0.103952 0.451476 -0.250820 0.979820 0.000191
1757663160.087223 -0.020027 -0.019646 -0.103571 0.015831 -0.016482 0.034092 -0.065804 0.023842 0.024223 0.012779 0.016681 -0.003246 -0.021935 -0.029182 -0.002098 -0.000191 0.018501 0.080300 -0.103952 0.451476 -0.250820 0.979820 0.000191
1757663160.089154 -0.020027 -0.019646 -0.103571 0.015831 -0.016482 0.034092 -0.065804 0.023842 0.024223 0.012779 0.016681 -0.003246 -0.021935 -0.029182 -0.002098 -0.000191 0.018501 0.079919 -0.103952 0.451476 -0.250820 0.979820 0.000191
1757663160.091148 -0.020027 -0.019646 -0.103571 0.015831 -0.016482 0.034092 -0.065804 0.023842 0.024223 0.012779 0.016681 -0.003246 -0.021935 -0.029182 -0.002098 -0.000191 0.018501 0.079919 -0.103571 0.451476 -0.250820 0.979820 0.000191
1757663160.093153 -0.020027 -0.019646 -0.103571 0.015831 -0.016482 0.034092 -0.065804 0.023842 0.024223 0.012779 0.016681 -0.003246 -0.021935 -0.029182 -0.002098 -0.000191 0.018501 0.079919 -0.103571 0.451476 -0.250820 0.979820 0.000191
1757663160.095150 -0.020027 -0.019646 -0.103571 0.015831 -0.016482 0.034092 -0.065804 0.023842 0.024223 0.012779 0.016681 -0.003246 -0.021935 -0.029182 -0.002098 -0.000191 0.018501 0.079919 -0.103571 0.451476 -0.250820 0.979820 0.000191
1757663160.097147 -0.020027 -0.019646 -0.103571 0.015831 -0.016344 0.034349 -0.065804 0.023842 0.024223 0.012779 0.016681 -0.003246 -0.022316 -0.029182 -0.002098 -0.000191 0.018501 0.079919 -0.103189 0.451476 -0.250820 0.979820 0.000191
1757663160.099145 -0.020027 -0.019646 -0.103571 0.015831 -0.016344 0.034349 -0.065804 0.023842 0.024223 0.012779 0.016681 -0.003246 -0.022316 -0.029182 -0.002098 -0.000191 0.018501 0.079919 -0.103189 0.451476 -0.250820 0.979820 0.000191
1757663160.101149 -0.020027 -0.019646 -0.103571 0.015831 -0.016344 0.034349 -0.065804 0.023842 0.024223 0.012779 0.016681 -0.003246 -0.022316 -0.029182 -0.002098 -0.000191 0.018501 0.079919 -0.103189 0.451476 -0.250820 0.979820 0.000191
1757663160.103149 -0.020027 -0.019646 -0.103571 0.015831 -0.016344 0.034349 -0.066186 0.023842 0.024223 0.012779 0.016681 -0.003246 -0.022316 -0.029182 -0.002098 -0.000191 0.018501 0.079919 -0.102808 0.451476 -0.250820 0.979820 0.000191
1757663160.105147 -0.020027 -0.019646 -0.103571 0.015831 -0.016344 0.034349 -0.066186 0.023842 0.024223 0.012779 0.016681 -0.003246 -0.022316 -0.029182 -0.002098 -0.000191 0.018501 0.079919 -0.102808 0.451476 -0.250820 0.979820 0.000191
1757663160.107149 -0.020027 -0.019646 -0.103571 0.015831 -0.016344 0.034349 -0.066186 0.023842 0.024223 0.012779 0.016681 -0.003246 -0.022316 -0.029182 -0.002098 -0.000191 0.018501 0.079919 -0.102808 0.451476 -0.250820 0.979820 0.000191
1757663160.109152 -0.020027 -0.019646 -0.103571 0.015831 -0.016344 0.034349 -0.066186 0.023842 0.024223 0.012779 0.016681 -0.003246 -0.022697 -0.029182 -0.002098 -0.000191 0.018501 0.079919 -0.102427 0.451476 -0.250820 0.979820 0.000191
1757663160.111151 -0.020027 -0.019646 -0.103571 0.015831 -0.016344 0.034349 -0.066186 0.023842 0.024223 0.012779 0.016681 -0.003246 -0.022697 -0.029182 -0.002098 -0.000191 0.018501 0.079919 -0.102427 0.451476 -0.250820 0.979820 0.000191
1757663160.113150 -0.020027 -0.019646 -0.103571 0.015831 -0.016344 0.034349 -0.066186 0.023842 0.024223 0.012779 0.016681 -0.003246 -0.022697 -0.029182 -0.002098 -0.000191 0.018501 0.079919 -0.102427 0.451476 -0.250820 0.979820 0.000191
1757663160.115149 -0.020027 -0.019646 -0.103571 0.015831 -0.016344 0.034349 -0.066186 0.023842 0.024223 0.012779 0.016681 -0.003246 -0.022697 -0.029182 -0.002098 -0.000191 0.018501 0.079919 -0.102045 0.451476 -0.250820 0.979820 0.000191
1757663160.117146 -0.020027 -0.019646 -0.103571 0.015831 -0.016344 0.034349 -0.066186 0.023842 0.024223 0.012779 0.016681 -0.003246 -0.022697 -0.029182 -0.002098 -0.000191 0.018501 0.079919 -0.102045 0.451476 -0.250820 0.979820 0.000191
1757663160.119185 -0.020027 -0.019646 -0.103571 0.015831 -0.016344 0.034349 -0.066186 0.023842 0.024223 0.012779 0.016681 -0.003246 -0.023079 -0.029182 -0.002098 -0.000191 0.018501 0.079919 -0.102045 0.451476 -0.250820 0.979820 0.000191
1757663160.121169 -0.020027 -0.019646 -0.103571 0.015831 -0.016207 0.034605 -0.066186 0.023842 0.024223 0.012779 0.016681 -0.003246 -0.023079 -0.029182 -0.002098 -0.000191 0.018501 0.079919 -0.101664 0.451476 -0.250820 0.979820 0.000191
1757663160.123152 -0.020027 -0.019646 -0.103571 0.015831 -0.016207 0.034605 -0.066186 0.023842 0.024223 0.012779 0.016681 -0.003246 -0.023079 -0.029182 -0.002098 -0.000191 0.018501 0.079919 -0.101664 0.451476 -0.250820 0.979820 0.000191
1757663160.125149 -0.020027 -0.019646 -0.103571 0.015831 -0.016207 0.034605 -0.066186 0.023842 0.024223 0.012779 0.016681 -0.003246 -0.023079 -0.029182 -0.002098 -0.000191 0.018501 0.079919 -0.101664 0.451476 -0.250820 0.979820 0.000191
1757663160.127148 -0.020027 -0.019646 -0.103571 0.015831 -0.016207 0.034605 -0.066186 0.023842 0.024223 0.012779 0.016681 -0.003246 -0.023079 -0.029182 -0.002098 -0.000191 0.018501 0.079919 -0.101282 0.451476 -0.250820 0.979820 0.000191
1757663160.129147 -0.020027 -0.019646 -0.103571 0.015831 -0.016207 0.034605 -0.066186 0.023842 0.024223 0.012779 0.016681 -0.003246 -0.023460 -0.029182 -0.002098 -0.000191 0.018501 0.079537 -0.101282 0.451476 -0.250820 0.979820 0.000191
1757663160.131155 -0.020027 -0.019646 -0.103571 0.015831 -0.016207 0.034605 -0.066186 0.023842 0.024223 0.012779 0.016681 -0.003246 -0.023460 -0.029182 -0.002098 -0.000191 0.018501 0.079537 -0.101282 0.451476 -0.250820 0.979820 0.000191
1757663160.133149 -0.020027 -0.019646 -0.103571 0.015831 -0.016207 0.034605 -0.066186 0.023842 0.024223 0.012779 0.016681 -0.003246 -0.023460 -0.029182 -0.002098 -0.000191 0.018501 0.079537 -0.100901 0.451476 -0.250820 0.979820 0.000191
1757663160.135147 -0.020027 -0.019646 -0.103571 0.015831 -0.016207 0.034605 -0.066186 0.023842 0.024223 0.012779 0.016681 -0.003246 -0.023460 -0.029182 -0.002098 -0.000191 0.018501 0.079537 -0.100901 0.451476 -0.250820 0.979820 0.000191
1757663160.137149 -0.020027 -0.019646 -0.103571 0.015831 -0.016207 0.034605 -0.066186 0.023842 0.024223 0.012779 0.016681 -0.003246 -0.023460 -0.029182 -0.002098 -0.000191 0.018501 0.079537 -0.100519 0.451476 -0.250820 0.979820 0.000191
1757663160.139147 -0.020027 -0.019646 -0.103571 0.015831 -0.016207 0.034605 -0.066186 0.023842 0.024223 0.012779 0.016681 -0.003246 -0.023460 -0.029182 -0.002098 -0.000191 0.018501 0.079537 -0.100519 0.451476 -0.250820 0.979820 0.000191
1757663160.141152 -0.020027 -0.019646 -0.103571 0.015831 -0.016207 0.034605 -0.066186 0.023842 0.024223 0.012779 0.016681 -0.003246 -0.023842 -0.029182 -0.002098 -0.000191 0.018501 0.079537 -0.100519 0.451476 -0.250820 0.979820 0.000191
1757663160.143149 -0.020027 -0.019646 -0.103571 0.015831 -0.016207 0.034605 -0.066186 0.023842 0.024223 0.012779 0.016681 -0.003246 -0.023842 -0.029182 -0.002098 -0.000191 0.018501 0.079537 -0.100138 0.451476 -0.250820 0.979820 0.000191
1757663160.145146 -0.020027 -0.019646 -0.103571 0.015831 -0.016207 0.034605 -0.066186 0.023842 0.024223 0.012779 0.016681 -0.003246 -0.023842 -0.029182 -0.002098 -0.000191 0.018501 0.079537 -0.100138 0.451476 -0.250820 0.979820 0.000191
1757663160.147147 -0.020027 -0.019646 -0.103571 0.015831 -0.016207 0.034605 -0.066186 0.023842 0.024223 0.012779 0.016681 -0.003246 -0.023842 -0.029182 -0.002098 -0.000191 0.018501 0.079537 -0.100138 0.451476 -0.250820 0.979820 0.000191
1757663160.149146 -0.020027 -0.019646 -0.103571 0.015831 -0.016207 0.034605 -0.066186 0.023842 0.024223 0.012779 0.016681 -0.003246 -0.023842 -0.029182 -0.002098 -0.000191 0.018501 0.079537 -0.099756 0.451476 -0.250820 0.979820 0.000191
1757663160.151173 -0.020027 -0.019646 -0.103571 0.015831 -0.016069 0.034861 -0.066186 0.023842 0.024223 0.012779 0.016681 -0.003246 -0.023842 -0.029182 -0.002098 -0.000191 0.018501 0.079537 -0.099756 0.451476 -0.250820 0.979820 0.000191
1757663160.153154 -0.020027 -0.019646 -0.103571 0.015831 -0.016069 0.034861 -0.066186 0.023842 0.024223 0.012779 0.016681 -0.003246 -0.024223 -0.029182 -0.002098 -0.000191 0.018501 0.079537 -0.099756 0.451476 -0.250820 0.979820 0.000191
1757663160.155160 -0.020027 -0.019646 -0.103571 0.015831 -0.016069 0.034861 -0.066186 0.023842 0.024223 0.012779 0.016681 -0.003246 -0.024223 -0.029182 -0.002098 -0.000191 0.018501 0.079537 -0.099375 0.451476 -0.250820 0.979820 0.000191
1757663160.157145 -0.020027 -0.019646 -0.103571 0.015831 -0.016069 0.034861 -0.066186 0.023842 0.024223 0.012779 0.016681 -0.003246 -0.024223 -0.029182 -0.002098 -0.000191 0.018501 0.079537 -0.099375 0.451476 -0.250820 0.979820 0.000191
1757663160.159147 -0.020027 -0.019646 -0.103571 0.015831 -0.016069 0.034861 -0.066186 0.023842 0.024223 0.012779 0.016681 -0.003246 -0.024223 -0.029182 -0.002098 -0.000191 0.018501 0.079537 -0.098993 0.451476 -0.250820 0.979820 0.000191
1757663160.161167 -0.020027 -0.019646 -0.103571 0.015831 -0.016069 0.034861 -0.066186 0.023842 0.024223 0.012779 0.016681 -0.003246 -0.024223 -0.029182 -0.002098 -0.000191 0.018501 0.079537 -0.098993 0.451476 -0.250820 0.979820 0.000191
1757663160.163151 -0.020409 -0.019646 -0.103571 0.015831 -0.016069 0.034861 -0.066186 0.023842 0.024223 0.012779 0.016681 -0.003246 -0.024223 -0.029182 -0.002098 -0.000191 0.018501 0.079537 -0.098993 0.451476 -0.250820 0.979820 0.000191
1757663160.165148 -0.020409 -0.019646 -0.103571 0.015831 -0.016069 0.034861 -0.066186 0.023842 0.024223 0.012779 0.016681 -0.003246 -0.024605 -0.029182 -0.002098 -0.000191 0.018501 0.079537 -0.098612 0.451476 -0.250820 0.979820 0.000191
1757663160.167164 -0.020409 -0.019646 -0.103571 0.015831 -0.016069 0.034861 -0.066186 0.023842 0.024223 0.012779 0.016681 -0.003246 -0.024605 -0.029182 -0.002098 -0.000191 0.018501 0.079537 -0.098612 0.451476 -0.250820 0.979820 0.000191
1757663160.169145 -0.020409 -0.019646 -0.103571 0.015831 -0.016069 0.034861 -0.066186 0.023842 0.024223 0.012779 0.016681 -0.003246 -0.024605 -0.029182 -0.002098 -0.000191 0.018501 0.079537 -0.098612 0.451476 -0.250820 0.979820 0.000191
1757663160.171170 -0.020409 -0.019646 -0.103571 0.015831 -0.016069 0.034861 -0.066186 0.023842 0.024223 0.012779 0.016681 -0.003246 -0.024605 -0.029182 -0.002098 -0.000191 0.018501 0.079537 -0.098230 0.451476 -0.250820 0.979820 0.000191
1757663160.173150 -0.020409 -0.019646 -0.103571 0.015831 -0.016069 0.034861 -0.066186 0.023842 0.024223 0.012779 0.016681 -0.003246 -0.024605 -0.029182 -0.002098 -0.000191 0.018501 0.079537 -0.098230 0.451476 -0.250820 0.979820 0.000191
1757663160.175164 -0.020409 -0.019646 -0.103571 0.015831 -0.016069 0.034861 -0.066567 0.023842 0.024223 0.012779 0.016681 -0.003246 -0.024605 -0.029182 -0.002098 -0.000191 0.018501 0.079537 -0.098230 0.451476 -0.250820 0.979820 0.000191
1757663160.177147 -0.020409 -0.019646 -0.103571 0.015831 -0.016069 0.034861 -0.066567 0.023842 0.024223 0.012779 0.016681 -0.003246 -0.024605 -0.029182 -0.002098 -0.000191 0.018501 0.079537 -0.097849 0.451476 -0.250820 0.979820 0.000191
1757663160.179148 -0.020409 -0.019646 -0.103571 0.015831 -0.016069 0.034861 -0.066567 0.023842 0.024223 0.012779 0.016681 -0.003246 -0.024605 -0.029182 -0.002098 -0.000191 0.018501 0.079156 -0.097849 0.451476 -0.250820 0.979820 0.000191
1757663160.181217 -0.020409 -0.019646 -0.103571 0.015831 -0.016069 0.034861 -0.066567 0.023842 0.024223 0.012779 0.016681 -0.003246 -0.024986 -0.029182 -0.002098 -0.000191 0.018501 0.079156 -0.097849 0.451476 -0.250820 0.979820 0.000191
1757663160.183160 -0.020409 -0.019646 -0.103571 0.015831 -0.016069 0.034861 -0.066567 0.023842 0.024223 0.012779 0.016681 -0.003246 -0.024986 -0.029182 -0.002098 -0.000191 0.018501 0.079156 -0.097467 0.451476 -0.250439 0.979820 0.000191
1757663160.185164 -0.020409 -0.019646 -0.103952 0.015831 -0.015932 0.035117 -0.066567 0.023842 0.024223 0.012779 0.016681 -0.003246 -0.024986 -0.029182 -0.002098 -0.000191 0.018501 0.079156 -0.097467 0.451476 -0.250820 0.979820 0.000191
1757663160.187147 -0.020409 -0.019646 -0.103952 0.015831 -0.015932 0.035117 -0.066567 0.023842 0.024223 0.012779 0.016681 -0.003246 -0.024986 -0.029182 -0.002098 -0.000191 0.018501 0.079156 -0.097467 0.451476 -0.250439 0.979820 0.000191
1757663160.189162 -0.020409 -0.019646 -0.103952 0.015831 -0.015932 0.035117 -0.066567 0.023842 0.024223 0.012779 0.016816 -0.002993 -0.024986 -0.029182 -0.002098 -0.000191 0.018501 0.079156 -0.097467 0.451476 -0.250820 0.979820 0.000191
1757663160.191147 -0.020409 -0.019646 -0.103952 0.015831 -0.015932 0.035117 -0.066567 0.023842 0.024223 0.012779 0.016816 -0.002993 -0.024986 -0.029182 -0.002098 -0.000191 0.018501 0.079156 -0.097086 0.451476 -0.250820 0.979820 0.000191
1757663160.193162 -0.020409 -0.019646 -0.103952 0.015831 -0.015932 0.035117 -0.066567 0.023842 0.024223 0.012779 0.016816 -0.002993 -0.024986 -0.029182 -0.002098 -0.000191 0.018501 0.079156 -0.097086 0.451476 -0.250820 0.979820 0.000191
1757663160.195146 -0.020409 -0.019646 -0.103952 0.015831 -0.015932 0.035117 -0.066567 0.023842 0.024223 0.012779 0.016816 -0.002993 -0.024986 -0.029182 -0.002098 -0.000191 0.018501 0.079156 -0.097086 0.451476 -0.250820 0.979820 0.000191
1757663160.197161 -0.020409 -0.019646 -0.103952 0.015831 -0.015932 0.035117 -0.066567 0.023842 0.024223 0.012779 0.016816 -0.002993 -0.025368 -0.029182 -0.002098 -0.000191 0.018501 0.079156 -0.096704 0.451476 -0.250439 0.979820 0.000191
1757663160.199147 -0.020409 -0.019646 -0.103952 0.015831 -0.015932 0.035117 -0.066567 0.023842 0.024223 0.012779 0.016816 -0.002993 -0.025368 -0.029182 -0.002098 -0.000191 0.018501 0.079156 -0.096704 0.451476 -0.250820 0.979820 0.000191
1757663160.201158 -0.020409 -0.019646 -0.103952 0.015831 -0.015932 0.035117 -0.066567 0.023842 0.024223 0.012779 0.016816 -0.002993 -0.025368 -0.029182 -0.002098 -0.000191 0.018501 0.079156 -0.096704 0.451476 -0.250439 0.979820 0.000191
1757663160.203146 -0.020409 -0.019646 -0.103952 0.015831 -0.015932 0.035117 -0.066567 0.023842 0.024223 0.012779 0.016816 -0.002993 -0.025368 -0.029182 -0.002098 -0.000191 0.018501 0.079156 -0.096704 0.451476 -0.250820 0.979820 0.000191
1757663160.205157 -0.020409 -0.019646 -0.103952 0.015831 -0.015932 0.035117 -0.066567 0.023842 0.024223 0.012779 0.016816 -0.002993 -0.025368 -0.029182 -0.002098 -0.000191 0.018501 0.079156 -0.096323 0.451476 -0.250439 0.979820 0.000191
1757663160.207145 -0.020409 -0.019646 -0.103952 0.015831 -0.015932 0.035117 -0.066567 0.023842 0.024223 0.012779 0.016816 -0.002993 -0.025368 -0.029182 -0.002098 -0.000191 0.018501 0.079156 -0.096323 0.451476 -0.250820 0.979820 0.000191
1757663160.209154 -0.020409 -0.019646 -0.103952 0.015831 -0.015932 0.035117 -0.066567 0.023842 0.024223 0.012779 0.016816 -0.002993 -0.025368 -0.029182 -0.002098 -0.000191 0.018501 0.079156 -0.096323 0.451476 -0.250820 0.979820 0.000191
1757663160.211143 -0.020409 -0.019646 -0.103952 0.015831 -0.015932 0.035117 -0.066567 0.023842 0.024223 0.012779 0.016816 -0.002993 -0.025368 -0.029182 -0.002098 -0.000191 0.018501 0.079156 -0.095942 0.451476 -0.250439 0.979820 0.000191
1757663160.213172 -0.020409 -0.019646 -0.103952 0.015831 -0.015932 0.035117 -0.066567 0.023842 0.024223 0.012779 0.016816 -0.002993 -0.025368 -0.029182 -0.002098 -0.000191 0.018501 0.079156 -0.095942 0.451476 -0.250820 0.979820 0.000191
1757663160.215148 -0.020409 -0.019646 -0.103952 0.015831 -0.015932 0.035117 -0.066567 0.023842 0.024223 0.012779 0.016816 -0.002993 -0.025749 -0.029182 -0.002098 -0.000191 0.018501 0.079156 -0.095942 0.451476 -0.250439 0.979820 0.000191
1757663160.217154 -0.020409 -0.019646 -0.103952 0.015831 -0.015932 0.035117 -0.066567 0.023842 0.024223 0.012779 0.016816 -0.002993 -0.025749 -0.029182 -0.002098 -0.000191 0.018501 0.079156 -0.095942 0.451476 -0.250820 0.979820 0.000191
1757663160.219142 -0.020409 -0.019646 -0.103952 0.015831 -0.015932 0.035117 -0.066567 0.023842 0.024223 0.012779 0.016816 -0.002993 -0.025749 -0.029182 -0.002098 -0.000191 0.018501 0.079156 -0.095560 0.451476 -0.250439 0.979820 0.000191
1757663160.221150 -0.020409 -0.019646 -0.103952 0.015831 -0.015932 0.035117 -0.066567 0.023842 0.024223 0.012779 0.016816 -0.002993 -0.025749 -0.029182 -0.002098 -0.000191 0.018501 0.079156 -0.095560 0.451476 -0.250439 0.979820 0.000191
1757663160.223146 -0.020409 -0.019646 -0.103952 0.015831 -0.015932 0.035117 -0.066567 0.023842 0.024223 0.012779 0.016816 -0.002993 -0.025749 -0.029182 -0.002098 -0.000191 0.018501 0.079156 -0.095560 0.451476 -0.250439 0.979820 0.000191
1757663160.225195 -0.020409 -0.019646 -0.103952 0.015831 -0.015932 0.035117 -0.066567 0.023842 0.024223 0.012779 0.016816 -0.002993 -0.025749 -0.029182 -0.002098 -0.000191 0.018501 0.079156 -0.095560 0.451476 -0.250439 0.979820 0.000191
1757663160.227172 -0.020409 -0.019646 -0.103952 0.015831 -0.015932 0.035117 -0.066567 0.023842 0.024223 0.012779 0.016816 -0.002993 -0.025749 -0.029182 -0.002098 -0.000191 0.018501 0.079156 -0.095179 0.451476 -0.250439 0.979820 0.000191
1757663160.229150 -0.020409 -0.019646 -0.103952 0.015831 -0.015932 0.035117 -0.066567 0.023842 0.024223 0.012779 0.016816 -0.002993 -0.025749 -0.029182 -0.002098 -0.000191 0.018501 0.079156 -0.095179 0.451476 -0.250439 0.979820 0.000191
1757663160.231154 -0.020409 -0.019646 -0.103952 0.015831 -0.015932 0.035117 -0.066567 0.023842 0.024223 0.012779 0.016816 -0.002993 -0.025749 -0.029182 -0.002098 -0.000191 0.018501 0.079156 -0.095179 0.451476 -0.250439 0.979820 0.000191
1757663160.233148 -0.020409 -0.019646 -0.103952 0.015831 -0.015932 0.035117 -0.066567 0.023842 0.024223 0.012779 0.016816 -0.002993 -0.026131 -0.029182 -0.002098 -0.000191 0.018501 0.079156 -0.095179 0.451476 -0.250439 0.979820 0.000191
1757663160.235143 -0.020409 -0.019646 -0.103952 0.015831 -0.015932 0.035117 -0.066567 0.023842 0.024223 0.012779 0.016816 -0.002993 -0.026131 -0.029182 -0.002098 -0.000191 0.018501 0.079156 -0.095179 0.451476 -0.250439 0.979820 0.000191
1757663160.237146 -0.020409 -0.019646 -0.103952 0.015831 -0.015932 0.035117 -0.066567 0.023842 0.024223 0.012779 0.016816 -0.002993 -0.026131 -0.029182 -0.002098 -0.000191 0.018501 0.079156 -0.094797 0.451476 -0.250439 0.979820 0.000191
1757663160.239144 -0.020409 -0.019646 -0.103952 0.015831 -0.015932 0.035117 -0.066567 0.023842 0.024223 0.012779 0.016816 -0.002993 -0.026131 -0.029182 -0.002098 -0.000191 0.018501 0.079156 -0.094797 0.451476 -0.250439 0.979820 0.000191
1757663160.241147 -0.020409 -0.019646 -0.103952 0.015831 -0.015932 0.035117 -0.066949 0.023842 0.024223 0.012779 0.016816 -0.002993 -0.026131 -0.029182 -0.002098 -0.000191 0.018501 0.079156 -0.094797 0.451476 -0.250439 0.979820 0.000191
1757663160.243238 -0.020409 -0.019646 -0.103952 0.015831 -0.015794 0.035373 -0.066949 0.023842 0.024223 0.012779 0.016816 -0.002993 -0.026131 -0.029182 -0.002098 -0.000191 0.018501 0.079156 -0.094797 0.451476 -0.250439 0.979820 0.000191
1757663160.245175 -0.020409 -0.019646 -0.103952 0.015831 -0.015794 0.035373 -0.066949 0.023842 0.024223 0.012779 0.016816 -0.002993 -0.026131 -0.029182 -0.002098 -0.000191 0.018501 0.079156 -0.094797 0.451476 -0.250439 0.979820 0.000191
1757663160.247159 -0.020409 -0.019646 -0.103952 0.015831 -0.015794 0.035373 -0.066949 0.023842 0.024223 0.012779 0.016816 -0.002993 -0.026131 -0.029182 -0.002098 -0.000191 0.018501 0.078774 -0.094797 0.451476 -0.250439 0.979820 0.000191
1757663160.249159 -0.020409 -0.019646 -0.103952 0.015831 -0.015794 0.035373 -0.066949 0.023842 0.024223 0.012779 0.016816 -0.002993 -0.026512 -0.029182 -0.002098 -0.000191 0.018501 0.078774 -0.094797 0.451476 -0.250439 0.979820 0.000191
1757663160.251161 -0.020409 -0.019646 -0.103952 0.015831 -0.015794 0.035373 -0.066949 0.023842 0.024223 0.012779 0.016816 -0.002993 -0.026512 -0.029182 -0.002098 -0.000191 0.018501 0.078774 -0.094797 0.451476 -0.250439 0.979820 0.000191
1757663160.253162 -0.020409 -0.019646 -0.103952 0.015831 -0.015794 0.035373 -0.066949 0.023842 0.024223 0.012779 0.016816 -0.002993 -0.026512 -0.029182 -0.002098 -0.000191 0.018501 0.078774 -0.094797 0.451476 -0.250439 0.979820 0.000191
1757663160.255158 -0.020409 -0.019646 -0.103952 0.015831 -0.015794 0.035373 -0.066949 0.023842 0.024223 0.012779 0.016816 -0.002993 -0.026512 -0.029182 -0.002098 -0.000191 0.018501 0.078774 -0.094797 0.451476 -0.250439 0.979820 0.000191
1757663160.257159 -0.020409 -0.019646 -0.103952 0.015831 -0.015794 0.035373 -0.066949 0.023842 0.024223 0.012779 0.016816 -0.002993 -0.026512 -0.029182 -0.002098 -0.000191 0.018501 0.078774 -0.094416 0.451476 -0.250439 0.979820 0.000191
1757663160.259159 -0.020409 -0.019646 -0.103952 0.015831 -0.015794 0.035373 -0.066949 0.023842 0.024223 0.012779 0.016816 -0.002993 -0.026512 -0.029182 -0.002098 -0.000191 0.018501 0.078774 -0.094416 0.451476 -0.250439 0.979820 0.000191
1757663160.261186 -0.020409 -0.019646 -0.103952 0.015831 -0.015794 0.035373 -0.066949 0.023842 0.024223 0.012779 0.016816 -0.002993 -0.026512 -0.029182 -0.002098 -0.000191 0.018501 0.078774 -0.094416 0.451476 -0.250057 0.979820 0.000191
1757663160.263185 -0.020409 -0.019646 -0.103952 0.015831 -0.015794 0.035373 -0.066949 0.023842 0.024223 0.012779 0.016816 -0.002993 -0.026512 -0.029182 -0.002098 -0.000191 0.018501 0.078774 -0.094416 0.451476 -0.250057 0.979820 0.000191
1757663160.265186 -0.020409 -0.019646 -0.103952 0.015831 -0.015794 0.035373 -0.066949 0.023842 0.024223 0.012779 0.016816 -0.002993 -0.026894 -0.029182 -0.002098 -0.000191 0.018501 0.078774 -0.094416 0.451476 -0.250057 0.979820 0.000191
1757663160.267186 -0.020409 -0.019646 -0.103952 0.015831 -0.015794 0.035373 -0.066949 0.023842 0.024223 0.012779 0.016816 -0.002993 -0.026894 -0.029182 -0.002098 -0.000191 0.018501 0.078774 -0.094416 0.451476 -0.250057 0.979820 0.000191
1757663160.269153 -0.020409 -0.019646 -0.103952 0.015831 -0.015794 0.035373 -0.066949 0.023842 0.024223 0.012779 0.016816 -0.002993 -0.026894 -0.029182 -0.002098 -0.000191 0.018501 0.078774 -0.094416 0.451476 -0.250057 0.979820 0.000191
1757663160.271147 -0.020409 -0.019646 -0.103952 0.015831 -0.015794 0.035373 -0.066949 0.023842 0.024223 0.012779 0.016816 -0.002993 -0.026894 -0.029182 -0.002098 -0.000191 0.018501 0.078774 -0.094416 0.451476 -0.250057 0.979820 0.000191
1757663160.273144 -0.020409 -0.019646 -0.103952 0.015831 -0.015794 0.035373 -0.066949 0.023842 0.024223 0.012779 0.016816 -0.002993 -0.026894 -0.029182 -0.002098 -0.000191 0.018501 0.078774 -0.094416 0.451476 -0.250057 0.979820 0.000191
1757663160.275178 -0.020409 -0.019646 -0.103952 0.015831 -0.015794 0.035373 -0.066949 0.023842 0.024223 0.012779 0.016816 -0.002993 -0.026894 -0.029182 -0.002098 -0.000191 0.018501 0.078774 -0.094416 0.451476 -0.250057 0.979820 0.000191
1757663160.277151 -0.020409 -0.019646 -0.103952 0.015831 -0.015794 0.035373 -0.066949 0.023842 0.024223 0.012779 0.016816 -0.002993 -0.026894 -0.029182 -0.002098 -0.000191 0.018501 0.078393 -0.094416 0.451476 -0.250057 0.979820 0.000191
1757663160.279142 -0.020409 -0.019646 -0.103952 0.015831 -0.015794 0.035373 -0.066949 0.023842 0.024223 0.012779 0.016816 -0.002993 -0.026894 -0.029182 -0.002098 -0.000191 0.018501 0.078393 -0.094416 0.451476 -0.250057 0.979820 0.000191
1757663160.281151 -0.020409 -0.019646 -0.103952 0.015831 -0.015794 0.035373 -0.066949 0.024223 0.024223 0.012779 0.016816 -0.002993 -0.026894 -0.029182 -0.002098 -0.000191 0.018501 0.078393 -0.094416 0.451476 -0.250057 0.979820 0.000191
1757663160.283149 -0.020409 -0.019646 -0.103952 0.015831 -0.015794 0.035373 -0.066949 0.024223 0.024223 0.012779 0.016816 -0.002993 -0.026894 -0.029182 -0.002098 -0.000191 0.018501 0.078393 -0.094416 0.451476 -0.250057 0.979820 0.000191
1757663160.285142 -0.020409 -0.019646 -0.103952 0.015831 -0.015794 0.035373 -0.066949 0.024223 0.024223 0.012779 0.016816 -0.002993 -0.026894 -0.029182 -0.002098 -0.000191 0.018501 0.078393 -0.094416 0.451476 -0.250057 0.979820 0.000191
1757663160.287151 -0.020409 -0.019646 -0.103952 0.015831 -0.015794 0.035373 -0.066949 0.024223 0.024223 0.012779 0.016816 -0.002993 -0.027275 -0.029182 -0.002098 -0.000191 0.018501 0.078393 -0.094416 0.451476 -0.250057 0.979820 0.000191
1757663160.289140 -0.020409 -0.019646 -0.103952 0.015831 -0.015794 0.035373 -0.066949 0.024223 0.024223 0.012779 0.016816 -0.002993 -0.027275 -0.029182 -0.002098 -0.000191 0.018501 0.078393 -0.094416 0.451476 -0.249676 0.979820 0.000191
1757663160.291144 -0.020409 -0.019646 -0.103952 0.015831 -0.015794 0.035373 -0.066949 0.024223 0.024223 0.012779 0.016816 -0.002993 -0.027275 -0.029182 -0.002098 -0.000191 0.018501 0.078393 -0.094416 0.451476 -0.250057 0.979820 0.000191
1757663160.293143 -0.020409 -0.019646 -0.103952 0.015831 -0.015794 0.035373 -0.066949 0.024223 0.024223 0.012779 0.016816 -0.002993 -0.027275 -0.029182 -0.002098 -0.000191 0.018501 0.078393 -0.094034 0.451476 -0.249676 0.979820 0.000191
1757663160.295142 -0.020409 -0.019646 -0.103952 0.015831 -0.015794 0.035373 -0.066949 0.024223 0.024223 0.012779 0.016816 -0.002993 -0.027275 -0.029182 -0.002098 -0.000191 0.018883 0.078393 -0.094416 0.451476 -0.249676 0.979820 0.000191
1757663160.297144 -0.020409 -0.019646 -0.103952 0.015831 -0.015794 0.035373 -0.066949 0.024223 0.024223 0.012779 0.016816 -0.002993 -0.027275 -0.029182 -0.002098 -0.000191 0.018501 0.078393 -0.094034 0.451476 -0.249676 0.979820 0.000191
1757663160.299149 -0.020409 -0.019646 -0.103952 0.015831 -0.015794 0.035373 -0.066949 0.024223 0.024223 0.012779 0.016816 -0.002993 -0.027275 -0.029182 -0.002098 -0.000191 0.018883 0.078393 -0.094034 0.451476 -0.249676 0.979820 0.000191
1757663160.301151 -0.020409 -0.019646 -0.103952 0.015831 -0.015794 0.035373 -0.066949 0.024223 0.024223 0.012779 0.016816 -0.002993 -0.027275 -0.029182 -0.002098 -0.000191 0.018883 0.078393 -0.094034 0.451476 -0.249676 0.979820 0.000191
1757663160.303153 -0.020409 -0.019646 -0.103952 0.015831 -0.015794 0.035373 -0.066949 0.024223 0.024223 0.012779 0.016816 -0.002993 -0.027275 -0.029182 -0.002098 -0.000191 0.018883 0.078393 -0.094034 0.451095 -0.249676 0.979820 0.000191
1757663160.305138 -0.020409 -0.019646 -0.103952 0.015831 -0.015794 0.035373 -0.066949 0.024223 0.024223 0.012779 0.016816 -0.002993 -0.027275 -0.029182 -0.002098 -0.000191 0.018883 0.078393 -0.094034 0.451476 -0.249676 0.979820 0.000191
1757663160.307196 -0.020409 -0.019646 -0.103952 0.015831 -0.015794 0.035373 -0.066949 0.024223 0.024223 0.012779 0.016816 -0.002993 -0.027275 -0.029182 -0.002098 -0.000191 0.018883 0.078012 -0.094034 0.451095 -0.249676 0.979820 0.000191
1757663160.309154 -0.020409 -0.019646 -0.103952 0.015831 -0.015794 0.035373 -0.066949 0.024223 0.024223 0.012779 0.016816 -0.002993 -0.027657 -0.029182 -0.002098 -0.000191 0.018883 0.078012 -0.094034 0.451476 -0.249676 0.979820 0.000191
1757663160.311149 -0.020409 -0.019646 -0.103952 0.015831 -0.015794 0.035373 -0.066949 0.024223 0.024223 0.012779 0.016816 -0.002993 -0.027657 -0.029182 -0.002098 -0.000191 0.018883 0.078012 -0.094034 0.451476 -0.249676 0.979820 0.000191
1757663160.313146 -0.020409 -0.019646 -0.103952 0.015831 -0.015794 0.035373 -0.066949 0.024223 0.024223 0.012779 0.016816 -0.002993 -0.027657 -0.029182 -0.002098 -0.000191 0.018883 0.078012 -0.094034 0.451095 -0.249676 0.979820 0.000191
1757663160.315143 -0.020409 -0.019646 -0.103952 0.015831 -0.015794 0.035373 -0.066949 0.024223 0.024223 0.012779 0.016816 -0.002993 -0.027657 -0.029182 -0.002098 -0.000191 0.018883 0.078012 -0.094034 0.451476 -0.249676 0.979820 0.000191
1757663160.317147 -0.020409 -0.019646 -0.103952 0.015831 -0.015794 0.035373 -0.066949 0.024223 0.024223 0.012779 0.016816 -0.002993 -0.027657 -0.029182 -0.002098 -0.000191 0.018883 0.078012 -0.094034 0.451095 -0.249294 0.979820 0.000191
1757663160.319146 -0.020409 -0.019646 -0.103952 0.015831 -0.015794 0.035373 -0.066949 0.024223 0.024223 0.012779 0.016816 -0.002993 -0.027657 -0.029182 -0.002098 -0.000191 0.018883 0.078012 -0.094034 0.451476 -0.249676 0.979820 0.000191
1757663160.321150 -0.020409 -0.019646 -0.103952 0.015831 -0.015794 0.035373 -0.066949 0.024223 0.024223 0.012779 0.016816 -0.002993 -0.027657 -0.029182 -0.002098 -0.000191 0.018883 0.078012 -0.094034 0.451095 -0.249294 0.979820 0.000191
1757663160.323145 -0.020409 -0.019646 -0.103952 0.015831 -0.015794 0.035373 -0.066949 0.024223 0.024223 0.012779 0.016816 -0.002993 -0.027657 -0.029182 -0.002098 -0.000191 0.018883 0.078012 -0.094034 0.451095 -0.249294 0.979820 0.000191
1757663160.325145 -0.020409 -0.019646 -0.103952 0.015831 -0.015794 0.035373 -0.066949 0.024223 0.024223 0.012779 0.016816 -0.002993 -0.027657 -0.029182 -0.002098 -0.000191 0.018883 0.078012 -0.094034 0.451095 -0.249294 0.979820 0.000191
1757663160.327145 -0.020409 -0.019646 -0.103952 0.015831 -0.015794 0.035373 -0.066949 0.024223 0.024223 0.012779 0.016816 -0.002993 -0.027657 -0.029182 -0.002098 -0.000191 0.018883 0.078012 -0.094034 0.451095 -0.249294 0.979820 0.000191
1757663160.329144 -0.020409 -0.019646 -0.103952 0.015831 -0.015794 0.035373 -0.066949 0.024223 0.024223 0.012779 0.016816 -0.002993 -0.027657 -0.029182 -0.002098 -0.000191 0.018883 0.078012 -0.094034 0.451095 -0.249294 0.979820 0.000191
1757663160.331146 -0.020409 -0.019646 -0.103952 0.015831 -0.015794 0.035373 -0.066949 0.024223 0.024223 0.012779 0.016816 -0.002993 -0.027657 -0.029182 -0.002098 -0.000191 0.018883 0.078012 -0.094034 0.451095 -0.249294 0.979820 0.000191
1757663160.333143 -0.020409 -0.019646 -0.103952 0.015831 -0.015794 0.035373 -0.066949 0.024223 0.024223 0.012779 0.016816 -0.002993 -0.027657 -0.029182 -0.002098 -0.000191 0.018883 0.078012 -0.094034 0.451095 -0.249294 0.979820 0.000191
1757663160.335143 -0.020409 -0.019646 -0.103952 0.015831 -0.015794 0.035373 -0.066949 0.024223 0.024223 0.012779 0.016816 -0.002993 -0.027657 -0.029182 -0.002098 -0.000191 0.018883 0.077630 -0.094034 0.451095 -0.249294 0.979820 0.000191
1757663160.337143 -0.020409 -0.019646 -0.103952 0.015831 -0.015794 0.035373 -0.066949 0.024223 0.024223 0.012779 0.016816 -0.002993 -0.028038 -0.029182 -0.002098 -0.000191 0.018883 0.077630 -0.094034 0.451095 -0.249294 0.979820 0.000191
1757663160.339175 -0.020409 -0.019646 -0.103952 0.015831 -0.015794 0.035373 -0.066949 0.024223 0.024223 0.012779 0.016816 -0.002993 -0.028038 -0.029182 -0.002098 -0.000191 0.018883 0.077630 -0.094034 0.451095 -0.249294 0.979820 0.000191
1757663160.341149 -0.020409 -0.019646 -0.103952 0.015831 -0.015794 0.035373 -0.066949 0.024223 0.024223 0.012779 0.016816 -0.002993 -0.028038 -0.029182 -0.002098 -0.000191 0.018883 0.077630 -0.094034 0.451095 -0.249294 0.979820 0.000191
1757663160.343156 -0.020409 -0.019646 -0.103952 0.015831 -0.015794 0.035373 -0.066949 0.024223 0.024223 0.012779 0.016816 -0.002993 -0.028038 -0.029182 -0.002098 -0.000191 0.018883 0.077630 -0.094034 0.451095 -0.249294 0.979820 0.000191
1757663160.345145 -0.020409 -0.019646 -0.103952 0.015831 -0.015794 0.035373 -0.066949 0.024223 0.024223 0.012779 0.016816 -0.002993 -0.028038 -0.029182 -0.002098 -0.000191 0.018883 0.077630 -0.093652 0.451095 -0.248913 0.979820 0.000191
1757663160.347144 -0.020409 -0.019646 -0.103952 0.015831 -0.015794 0.035373 -0.066949 0.024223 0.024223 0.012779 0.016816 -0.002993 -0.028038 -0.029182 -0.002098 -0.000191 0.018883 0.077630 -0.094034 0.451095 -0.249294 0.979820 0.000191
1757663160.349144 -0.020409 -0.019646 -0.103952 0.015831 -0.015794 0.035373 -0.066949 0.024223 0.024223 0.012779 0.016816 -0.002993 -0.028038 -0.029182 -0.002098 -0.000191 0.018883 0.077630 -0.093652 0.451095 -0.248913 0.979820 0.000191
1757663160.351144 -0.020409 -0.019646 -0.103952 0.015831 -0.015794 0.035373 -0.066949 0.024223 0.024223 0.012779 0.016816 -0.002993 -0.028038 -0.029182 -0.002098 -0.000191 0.018883 0.077630 -0.093652 0.451095 -0.248913 0.979820 0.000191
1757663160.353142 -0.020409 -0.019646 -0.103952 0.015831 -0.015794 0.035373 -0.066949 0.024223 0.024223 0.012779 0.016816 -0.002993 -0.028038 -0.029182 -0.002098 -0.000191 0.018883 0.077630 -0.093652 0.451095 -0.248913 0.979820 0.000191
1757663160.355145 -0.020409 -0.019646 -0.103952 0.015831 -0.015794 0.035373 -0.066949 0.024223 0.024223 0.012779 0.016816 -0.002993 -0.028038 -0.029182 -0.002098 -0.000191 0.018883 0.077630 -0.093652 0.451095 -0.248913 0.979820 0.000191
1757663160.357183 -0.020409 -0.019646 -0.103952 0.015831 -0.015794 0.035373 -0.066949 0.024223 0.024223 0.012779 0.016816 -0.002993 -0.028038 -0.029182 -0.002098 -0.000191 0.018883 0.077630 -0.093652 0.451095 -0.248913 0.979820 0.000191
1757663160.359147 -0.020409 -0.019646 -0.103952 0.015831 -0.015794 0.035373 -0.066949 0.024223 0.024223 0.012779 0.016816 -0.002993 -0.028038 -0.029182 -0.002098 -0.000191 0.018883 0.077630 -0.093652 0.451095 -0.248913 0.979820 0.000191
1757663160.361145 -0.020409 -0.019646 -0.103952 0.015831 -0.015794 0.035373 -0.066949 0.024223 0.024223 0.012779 0.016816 -0.002993 -0.028038 -0.029182 -0.002098 -0.000191 0.018883 0.077630 -0.093652 0.451095 -0.248913 0.979820 0.000191
1757663160.363145 -0.020409 -0.019646 -0.103952 0.015831 -0.015794 0.035373 -0.066949 0.024223 0.024223 0.012779 0.016816 -0.002993 -0.028038 -0.029182 -0.002098 -0.000191 0.018883 0.077630 -0.093652 0.451095 -0.248913 0.979820 0.000191
1757663160.365144 -0.020409 -0.019646 -0.103952 0.015831 -0.015794 0.035373 -0.066949 0.024223 0.024223 0.012779 0.016816 -0.002993 -0.028038 -0.029182 -0.002098 -0.000191 0.018883 0.077630 -0.093652 0.451095 -0.248913 0.979820 0.000191
1757663160.367142 -0.020409 -0.019646 -0.103952 0.015831 -0.015794 0.035373 -0.066949 0.024223 0.024223 0.012779 0.016816 -0.002993 -0.028038 -0.029182 -0.002098 -0.000191 0.018883 0.077249 -0.093652 0.451095 -0.248913 0.979820 0.000191
1757663160.369154 -0.020409 -0.019646 -0.103952 0.015831 -0.015794 0.035373 -0.066949 0.024223 0.024223 0.012779 0.016816 -0.002993 -0.028038 -0.029182 -0.002098 -0.000191 0.018883 0.077249 -0.093652 0.451095 -0.248913 0.979820 0.000191
1757663160.371151 -0.020409 -0.019646 -0.103952 0.015831 -0.015794 0.035373 -0.066949 0.024223 0.024223 0.012779 0.016816 -0.002993 -0.028038 -0.029182 -0.002098 -0.000191 0.018883 0.077249 -0.093652 0.451095 -0.248913 0.979820 0.000191
1757663160.373148 -0.020409 -0.019646 -0.103952 0.015831 -0.015794 0.035373 -0.066949 0.024223 0.024223 0.012779 0.016816 -0.002993 -0.028038 -0.029182 -0.002098 -0.000191 0.018883 0.077249 -0.093652 0.451095 -0.248531 0.979820 0.000191
1757663160.375141 -0.020409 -0.019646 -0.103952 0.015831 -0.015794 0.035373 -0.066949 0.024223 0.024223 0.012779 0.016816 -0.002993 -0.028419 -0.029182 -0.002098 -0.000191 0.018883 0.077249 -0.093652 0.451095 -0.248531 0.979820 0.000191
1757663160.377157 -0.020409 -0.019646 -0.103952 0.015831 -0.015794 0.035373 -0.066949 0.024223 0.024223 0.012779 0.016816 -0.002993 -0.028419 -0.029182 -0.002098 -0.000191 0.018883 0.077249 -0.093652 0.451095 -0.248531 0.979820 0.000191
1757663160.379141 -0.020409 -0.019646 -0.103952 0.015831 -0.015794 0.035373 -0.066949 0.024223 0.024223 0.012779 0.016816 -0.002993 -0.028419 -0.029182 -0.002098 -0.000191 0.018883 0.077249 -0.093652 0.451095 -0.248531 0.979820 0.000191
1757663160.381152 -0.020409 -0.019646 -0.103952 0.015831 -0.015794 0.035373 -0.066949 0.024223 0.024223 0.012779 0.016816 -0.002993 -0.028419 -0.029182 -0.002098 -0.000191 0.018883 0.077249 -0.093652 0.451095 -0.248531 0.979820 0.000191
1757663160.383146 -0.020409 -0.019646 -0.103952 0.015831 -0.015794 0.035373 -0.066949 0.024223 0.024223 0.012779 0.016816 -0.002993 -0.028419 -0.029182 -0.002098 -0.000191 0.018883 0.077249 -0.093652 0.451095 -0.248531 0.979820 0.000191
1757663160.385143 -0.020409 -0.019646 -0.103952 0.015831 -0.015794 0.035373 -0.066949 0.024223 0.024223 0.012779 0.016816 -0.002993 -0.028419 -0.029182 -0.002098 -0.000191 0.018883 0.077249 -0.093652 0.451095 -0.248531 0.979820 0.000191
1757663160.387141 -0.020409 -0.019646 -0.103952 0.015831 -0.015794 0.035373 -0.066949 0.024223 0.024223 0.012779 0.016816 -0.002993 -0.028419 -0.029182 -0.002098 -0.000191 0.018883 0.077249 -0.093652 0.451095 -0.248531 0.979820 0.000191
1757663160.389145 -0.020409 -0.019646 -0.103952 0.015831 -0.015794 0.035373 -0.066949 0.024223 0.024223 0.012779 0.016816 -0.002993 -0.028419 -0.029182 -0.002098 -0.000191 0.018883 0.077249 -0.093652 0.451095 -0.248531 0.979820 0.000191
1757663160.391143 -0.020409 -0.019646 -0.103952 0.015831 -0.015794 0.035373 -0.066949 0.024223 0.024223 0.012779 0.016816 -0.002993 -0.028419 -0.029182 -0.002098 -0.000191 0.018883 0.077249 -0.093652 0.451095 -0.248150 0.979820 0.000191
1757663160.393145 -0.020409 -0.019646 -0.103952 0.015831 -0.015794 0.035373 -0.066949 0.024223 0.024223 0.012779 0.016816 -0.002993 -0.028419 -0.029182 -0.002098 -0.000191 0.018883 0.076867 -0.093652 0.451095 -0.248150 0.979820 0.000191
1757663160.395145 -0.020409 -0.019646 -0.103952 0.015831 -0.015794 0.035373 -0.066949 0.024223 0.024223 0.012779 0.016816 -0.002993 -0.028419 -0.029182 -0.002098 -0.000191 0.018883 0.076867 -0.093652 0.451095 -0.248150 0.979820 0.000191
1757663160.397186 -0.020409 -0.019646 -0.103952 0.015831 -0.015794 0.035373 -0.066949 0.024223 0.024223 0.012779 0.016816 -0.002993 -0.028419 -0.029182 -0.002098 -0.000191 0.018883 0.076867 -0.093652 0.451095 -0.248150 0.979820 0.000191
1757663160.399162 -0.020409 -0.019646 -0.103952 0.015831 -0.015794 0.035373 -0.066949 0.024223 0.024223 0.012779 0.016816 -0.002993 -0.028419 -0.029182 -0.002098 -0.000191 0.018883 0.076867 -0.093652 0.451095 -0.248150 0.979820 0.000191
1757663160.401196 -0.020409 -0.019646 -0.103952 0.015831 -0.015794 0.035373 -0.066949 0.024223 0.024223 0.012779 0.016816 -0.002993 -0.028419 -0.029182 -0.002098 -0.000191 0.018883 0.076867 -0.093270 0.451095 -0.248150 0.979820 0.000191
1757663160.403152 -0.020409 -0.019646 -0.103952 0.015831 -0.015794 0.035373 -0.066949 0.024223 0.024223 0.012779 0.016816 -0.002993 -0.028419 -0.029182 -0.002098 -0.000191 0.018883 0.076867 -0.093652 0.451095 -0.248150 0.979820 0.000191
1757663160.405164 -0.020409 -0.019646 -0.103952 0.015831 -0.015794 0.035373 -0.066949 0.024223 0.024223 0.012779 0.016816 -0.002993 -0.028419 -0.029182 -0.002098 -0.000191 0.018883 0.076867 -0.093270 0.451095 -0.248150 0.979820 0.000191
1757663160.407146 -0.020409 -0.019646 -0.103952 0.015831 -0.015794 0.035373 -0.066949 0.024223 0.024223 0.012779 0.016816 -0.002993 -0.028419 -0.029182 -0.002098 -0.000191 0.018883 0.076867 -0.093270 0.451095 -0.248150 0.979820 0.000191
1757663160.409146 -0.020409 -0.019646 -0.103952 0.015831 -0.015794 0.035373 -0.066949 0.024223 0.024223 0.012779 0.016816 -0.002993 -0.028419 -0.029182 -0.002098 -0.000191 0.018883 0.076867 -0.093270 0.451095 -0.248150 0.979820 0.000191
1757663160.411147 -0.020409 -0.019646 -0.103952 0.015831 -0.015794 0.035373 -0.066949 0.024223 0.024223 0.012779 0.016816 -0.002993 -0.028419 -0.029182 -0.002098 -0.000191 0.018883 0.076867 -0.093270 0.451095 -0.248150 0.979820 0.000191
1757663160.413148 -0.020409 -0.019646 -0.103952 0.015831 -0.015794 0.035373 -0.066949 0.024223 0.024223 0.012779 0.016816 -0.002993 -0.028419 -0.029182 -0.002098 -0.000191 0.018883 0.076867 -0.093270 0.451095 -0.247768 0.979820 0.000191
1757663160.415142 -0.020409 -0.019646 -0.103952 0.015831 -0.015794 0.035373 -0.066949 0.024223 0.024223 0.012779 0.016816 -0.002993 -0.028419 -0.029182 -0.002098 -0.000191 0.018883 0.076867 -0.093270 0.451095 -0.247768 0.979820 0.000191
1757663160.417129 -0.020409 -0.019646 -0.103952 0.015831 -0.015794 0.035373 -0.066949 0.024223 0.024223 0.012779 0.016816 -0.002993 -0.028419 -0.029182 -0.002098 -0.000191 0.018883 0.076867 -0.093270 0.451095 -0.247768 0.979820 0.000191
1757663160.419142 -0.020409 -0.019646 -0.103952 0.015831 -0.015794 0.035373 -0.066949 0.024223 0.024223 0.012779 0.016816 -0.002993 -0.028419 -0.029182 -0.002098 -0.000191 0.018883 0.076486 -0.093270 0.451095 -0.247768 0.979820 0.000191
1757663160.421144 -0.020409 -0.019646 -0.103952 0.015831 -0.015794 0.035373 -0.066949 0.024223 0.024223 0.012779 0.016816 -0.002993 -0.028419 -0.029182 -0.002098 -0.000191 0.018883 0.076486 -0.093270 0.451095 -0.247768 0.979820 0.000191
1757663160.423143 -0.020409 -0.019646 -0.103952 0.015831 -0.015794 0.035373 -0.066949 0.024223 0.024223 0.012779 0.016816 -0.002993 -0.028419 -0.029182 -0.002098 -0.000191 0.018883 0.076486 -0.093270 0.451095 -0.247768 0.979820 0.000191
1757663160.425143 -0.020409 -0.019646 -0.103952 0.015831 -0.015794 0.035373 -0.066949 0.024223 0.024223 0.012779 0.016816 -0.002993 -0.028419 -0.029182 -0.002098 -0.000191 0.018883 0.076486 -0.093270 0.451095 -0.247768 0.979820 0.000191
1757663160.427143 -0.020409 -0.019646 -0.103952 0.015831 -0.015794 0.035373 -0.066949 0.024223 0.024223 0.012779 0.016816 -0.002993 -0.028801 -0.029182 -0.002098 -0.000191 0.018883 0.076486 -0.093270 0.451095 -0.247768 0.979820 0.000191
1757663160.429142 -0.020409 -0.019646 -0.103952 0.015831 -0.015794 0.035373 -0.066949 0.024223 0.024223 0.012779 0.016816 -0.002993 -0.028801 -0.029182 -0.002098 -0.000191 0.018883 0.076486 -0.093270 0.451095 -0.247768 0.979820 0.000191
1757663160.431140 -0.020409 -0.019646 -0.103952 0.015831 -0.015794 0.035373 -0.066949 0.024223 0.024223 0.012779 0.016816 -0.002993 -0.028801 -0.029182 -0.002098 -0.000191 0.018883 0.076486 -0.093270 0.451095 -0.247768 0.979820 0.000191
1757663160.433179 -0.020409 -0.019646 -0.103952 0.015831 -0.015794 0.035373 -0.066949 0.024223 0.024223 0.012779 0.016816 -0.002993 -0.028801 -0.029182 -0.002098 -0.000191 0.018883 0.076486 -0.093270 0.451095 -0.247387 0.979820 0.000191
1757663160.435145 -0.020409 -0.019646 -0.103952 0.015831 -0.015794 0.035373 -0.066949 0.024223 0.024223 0.012779 0.016816 -0.002993 -0.028801 -0.029182 -0.002098 -0.000191 0.018883 0.076486 -0.093270 0.451095 -0.247387 0.979820 0.000191
1757663160.437147 -0.020409 -0.019646 -0.103952 0.015831 -0.015794 0.035373 -0.066949 0.024223 0.024223 0.012779 0.016816 -0.002993 -0.028801 -0.029182 -0.002098 -0.000191 0.018883 0.076486 -0.093270 0.451095 -0.247387 0.979820 0.000191
1757663160.439199 -0.020409 -0.019646 -0.103952 0.015831 -0.015794 0.035373 -0.066949 0.024223 0.024223 0.012779 0.016816 -0.002993 -0.028801 -0.029182 -0.002098 -0.000191 0.018883 0.076486 -0.093270 0.451095 -0.247387 0.979820 0.000191
1757663160.441149 -0.020409 -0.019646 -0.103952 0.015831 -0.015794 0.035373 -0.066949 0.024223 0.024223 0.012779 0.016816 -0.002993 -0.028801 -0.029182 -0.002098 -0.000191 0.018883 0.076486 -0.093270 0.451095 -0.247387 0.979820 0.000191
1757663160.443159 -0.020409 -0.019646 -0.103952 0.015831 -0.015794 0.035373 -0.066949 0.024223 0.024223 0.012779 0.016816 -0.002993 -0.028801 -0.029182 -0.002098 -0.000191 0.018883 0.076486 -0.093270 0.451095 -0.247387 0.979820 0.000191
1757663160.445144 -0.020409 -0.019646 -0.103952 0.015831 -0.015794 0.035373 -0.066949 0.024223 0.024223 0.012779 0.016816 -0.002993 -0.028801 -0.029182 -0.002098 -0.000191 0.018883 0.076104 -0.093270 0.451095 -0.247387 0.979820 0.000191
1757663160.447130 -0.020409 -0.019646 -0.103952 0.015831 -0.015794 0.035373 -0.066949 0.024223 0.024223 0.012779 0.016816 -0.002993 -0.028801 -0.029182 -0.002098 -0.000191 0.018883 0.076104 -0.093270 0.451095 -0.247387 0.979820 0.000191
1757663160.449150 -0.020409 -0.019646 -0.103952 0.015831 -0.015794 0.035373 -0.066949 0.024223 0.024223 0.012779 0.016816 -0.002993 -0.028801 -0.029182 -0.002098 -0.000191 0.018883 0.076104 -0.093270 0.451095 -0.247387 0.979820 0.000191
1757663160.451144 -0.020409 -0.019646 -0.103952 0.015831 -0.015794 0.035373 -0.066949 0.024223 0.024223 0.012779 0.016816 -0.002993 -0.028801 -0.029182 -0.002098 -0.000191 0.018883 0.076104 -0.092889 0.451095 -0.247005 0.979820 0.000191
1757663160.453143 -0.020409 -0.019646 -0.103952 0.015831 -0.015794 0.035373 -0.066949 0.024223 0.024223 0.012779 0.016816 -0.002993 -0.028801 -0.029182 -0.002098 -0.000191 0.018883 0.076104 -0.093270 0.451095 -0.247005 0.979820 0.000191
1757663160.455142 -0.020409 -0.019646 -0.103952 0.015831 -0.015794 0.035373 -0.066949 0.024223 0.024223 0.012779 0.016816 -0.002993 -0.028801 -0.029182 -0.002098 -0.000191 0.018883 0.076104 -0.092889 0.451095 -0.247005 0.979820 0.000191
1757663160.457142 -0.020409 -0.019646 -0.103952 0.015831 -0.015794 0.035373 -0.066949 0.024223 0.024223 0.012779 0.016816 -0.002993 -0.028801 -0.029182 -0.002098 -0.000191 0.018883 0.076104 -0.092889 0.451095 -0.247005 0.979820 0.000191
1757663160.459142 -0.020409 -0.019646 -0.103952 0.015831 -0.015794 0.035373 -0.066949 0.024223 0.024223 0.012779 0.016816 -0.002993 -0.028801 -0.029182 -0.002098 -0.000191 0.018883 0.076104 -0.092889 0.451095 -0.247005 0.979820 0.000191
1757663160.461149 -0.020409 -0.019646 -0.103952 0.015831 -0.015794 0.035373 -0.066949 0.024223 0.024223 0.012779 0.016816 -0.002993 -0.028801 -0.029182 -0.002098 -0.000191 0.018883 0.076104 -0.092889 0.451095 -0.247005 0.979820 0.000191
1757663160.463145 -0.020409 -0.019646 -0.103952 0.015831 -0.015794 0.035373 -0.066949 0.024223 0.024223 0.012779 0.016816 -0.002993 -0.028801 -0.029182 -0.002098 -0.000191 0.018883 0.076104 -0.092889 0.451095 -0.247005 0.979820 0.000191
1757663160.465181 -0.020409 -0.019646 -0.103952 0.015831 -0.015794 0.035373 -0.066949 0.024223 0.024223 0.012779 0.016816 -0.002993 -0.028801 -0.029182 -0.002098 -0.000191 0.018883 0.076104 -0.092889 0.451095 -0.247005 0.979820 0.000191
1757663160.467195 -0.020409 -0.019646 -0.103952 0.015831 -0.015794 0.035373 -0.066949 0.024223 0.024223 0.012779 0.016816 -0.002993 -0.028801 -0.029182 -0.002098 -0.000191 0.018883 0.076104 -0.092889 0.451095 -0.247005 0.979820 0.000191
1757663160.469149 -0.020409 -0.019646 -0.103952 0.015831 -0.015794 0.035373 -0.066949 0.024223 0.024223 0.012779 0.016816 -0.002993 -0.028801 -0.029182 -0.002098 -0.000191 0.018883 0.076104 -0.092889 0.451095 -0.247005 0.979820 0.000191
1757663160.471148 -0.020409 -0.019646 -0.103952 0.015831 -0.015794 0.035373 -0.066949 0.024223 0.024223 0.012779 0.016816 -0.002993 -0.028801 -0.029182 -0.002098 -0.000191 0.018883 0.076104 -0.092889 0.451095 -0.246624 0.979820 0.000191
1757663160.473138 -0.020409 -0.019646 -0.103952 0.015831 -0.015794 0.035373 -0.066949 0.024223 0.024223 0.012779 0.016816 -0.002993 -0.028801 -0.029182 -0.002098 -0.000191 0.018883 0.075723 -0.092889 0.451095 -0.246624 0.979820 0.000191
1757663160.475136 -0.020409 -0.019646 -0.103952 0.015831 -0.015794 0.035373 -0.066949 0.024223 0.024223 0.012779 0.016816 -0.002993 -0.028801 -0.029182 -0.002098 -0.000191 0.018883 0.075723 -0.092889 0.451095 -0.246624 0.979820 0.000191
1757663160.477139 -0.020409 -0.019646 -0.103952 0.015831 -0.015794 0.035373 -0.066949 0.024223 0.024223 0.012779 0.016816 -0.002993 -0.028801 -0.029182 -0.002098 -0.000191 0.018883 0.075723 -0.092889 0.451095 -0.246624 0.979820 0.000191
1757663160.479143 -0.020409 -0.019646 -0.103952 0.015831 -0.015794 0.035373 -0.066949 0.024223 0.024223 0.012779 0.016816 -0.002993 -0.029182 -0.029182 -0.002098 -0.000191 0.018883 0.075723 -0.092889 0.451095 -0.246624 0.979820 0.000191
1757663160.481135 -0.020409 -0.019646 -0.103952 0.015831 -0.015794 0.035373 -0.066949 0.024223 0.024223 0.012779 0.016816 -0.002993 -0.029182 -0.029182 -0.002098 -0.000191 0.018883 0.075723 -0.092889 0.451095 -0.246624 0.979820 0.000191
1757663160.483135 -0.020409 -0.019646 -0.103952 0.015831 -0.015794 0.035373 -0.066949 0.024223 0.024223 0.012779 0.016816 -0.002993 -0.029182 -0.029182 -0.002098 -0.000191 0.018883 0.075723 -0.092889 0.451095 -0.246624 0.979820 0.000191
1757663160.485145 -0.020409 -0.019646 -0.103952 0.015831 -0.015794 0.035373 -0.066949 0.024223 0.024223 0.012779 0.016816 -0.002993 -0.029182 -0.029182 -0.002098 -0.000191 0.018883 0.075723 -0.092889 0.451095 -0.246624 0.979820 0.000191
1757663160.487134 -0.020409 -0.019646 -0.103952 0.015831 -0.015794 0.035373 -0.066949 0.024223 0.024223 0.012779 0.016816 -0.002993 -0.029182 -0.029182 -0.002098 -0.000191 0.018883 0.075723 -0.092889 0.450713 -0.246624 0.979820 0.000191
1757663160.489134 -0.020409 -0.019646 -0.103952 0.015831 -0.015794 0.035373 -0.066949 0.024223 0.024223 0.012779 0.016816 -0.002993 -0.029182 -0.029182 -0.002098 -0.000191 0.018883 0.075723 -0.092889 0.451095 -0.246243 0.979820 0.000191
1757663160.491143 -0.020409 -0.019646 -0.103952 0.015831 -0.015794 0.035373 -0.066949 0.024223 0.024223 0.012779 0.016816 -0.002993 -0.029182 -0.029182 -0.002098 -0.000191 0.018883 0.075723 -0.092889 0.450713 -0.246243 0.979820 0.000191
1757663160.493216 -0.020409 -0.019646 -0.103952 0.015831 -0.015794 0.035373 -0.066949 0.024223 0.024223 0.012779 0.016816 -0.002993 -0.029182 -0.029182 -0.002098 -0.000191 0.018883 0.075723 -0.092889 0.451095 -0.246243 0.979820 0.000191
1757663160.495177 -0.020409 -0.019646 -0.103952 0.015831 -0.015794 0.035373 -0.066949 0.024223 0.024223 0.012779 0.016816 -0.002993 -0.029182 -0.029182 -0.002098 -0.000191 0.018883 0.075723 -0.092889 0.451095 -0.246243 0.979820 0.000191
1757663160.497195 -0.020409 -0.019646 -0.103952 0.015831 -0.015794 0.035373 -0.066949 0.024223 0.024223 0.012779 0.016816 -0.002993 -0.029182 -0.029182 -0.002098 -0.000191 0.018883 0.075341 -0.092889 0.450713 -0.246243 0.979820 0.000191
1757663160.499184 -0.020409 -0.019646 -0.103952 0.015831 -0.015794 0.035373 -0.066949 0.024223 0.024223 0.012779 0.016816 -0.002993 -0.029182 -0.029182 -0.002098 -0.000191 0.018883 0.075341 -0.092889 0.451095 -0.246243 0.979820 0.000191
1757663160.501177 -0.020409 -0.019646 -0.103952 0.015831 -0.015794 0.035373 -0.066949 0.024223 0.024223 0.012779 0.016816 -0.002993 -0.029182 -0.029182 -0.002098 -0.000191 0.018883 0.075341 -0.092889 0.450713 -0.246243 0.979820 0.000191
1757663160.503184 -0.020409 -0.019646 -0.103952 0.015831 -0.015794 0.035373 -0.066949 0.024223 0.024223 0.012779 0.016816 -0.002993 -0.029182 -0.029182 -0.002098 -0.000191 0.018883 0.075341 -0.092889 0.451095 -0.246243 0.979820 0.000191
1757663160.505182 -0.020409 -0.019646 -0.103952 0.015831 -0.015794 0.035373 -0.066949 0.024223 0.024223 0.012779 0.016816 -0.002993 -0.029182 -0.029182 -0.002098 -0.000191 0.018883 0.075341 -0.092507 0.450713 -0.245861 0.979820 0.000191
1757663160.507186 -0.020409 -0.019646 -0.103952 0.015831 -0.015794 0.035373 -0.066949 0.024223 0.024223 0.012779 0.016816 -0.002993 -0.029182 -0.029182 -0.002098 -0.000191 0.018883 0.075341 -0.092507 0.450713 -0.245861 0.979820 0.000191
1757663160.509176 -0.020409 -0.019646 -0.103952 0.015831 -0.015794 0.035373 -0.066949 0.024223 0.024223 0.012779 0.016816 -0.002993 -0.029182 -0.029182 -0.002098 -0.000191 0.018883 0.075341 -0.092507 0.450713 -0.245861 0.979820 0.000191
1757663160.511183 -0.020409 -0.019646 -0.103952 0.015831 -0.015794 0.035373 -0.066949 0.024223 0.024223 0.012779 0.016816 -0.002993 -0.029182 -0.029182 -0.002098 -0.000191 0.018883 0.075341 -0.092507 0.450713 -0.245861 0.979820 0.000191
1757663160.513173 -0.020409 -0.019646 -0.103952 0.015831 -0.015794 0.035373 -0.066949 0.024223 0.024223 0.012779 0.016816 -0.002993 -0.029182 -0.029182 -0.002098 -0.000191 0.018883 0.075341 -0.092507 0.451095 -0.245861 0.979820 0.000191
1757663160.515170 -0.020409 -0.019646 -0.103952 0.015831 -0.015794 0.035373 -0.066949 0.024223 0.024223 0.012779 0.016816 -0.002993 -0.029182 -0.029182 -0.002098 -0.000191 0.018883 0.075341 -0.092507 0.450713 -0.245861 0.979820 0.000191
1757663160.517188 -0.020409 -0.019646 -0.103952 0.015831 -0.015794 0.035373 -0.066949 0.024223 0.024223 0.012779 0.016816 -0.002993 -0.029182 -0.029182 -0.002098 -0.000191 0.018883 0.075341 -0.092507 0.450713 -0.245861 0.979820 0.000191
1757663160.519182 -0.020409 -0.019646 -0.103952 0.015831 -0.015794 0.035373 -0.066949 0.024223 0.024223 0.012779 0.016816 -0.002993 -0.029182 -0.029182 -0.002098 -0.000191 0.018883 0.075341 -0.092507 0.450713 -0.245480 0.979820 0.000191
1757663160.521182 -0.020409 -0.019646 -0.103952 0.015831 -0.015794 0.035373 -0.066949 0.024223 0.024223 0.012779 0.016816 -0.002993 -0.029182 -0.029182 -0.002098 -0.000191 0.018883 0.075341 -0.092507 0.450713 -0.245480 0.979820 0.000191
1757663160.523180 -0.020409 -0.019646 -0.103952 0.015831 -0.015794 0.035373 -0.066949 0.024223 0.024223 0.012779 0.016816 -0.002993 -0.029182 -0.029182 -0.002098 -0.000191 0.018883 0.074960 -0.092507 0.450713 -0.245480 0.979820 0.000191
1757663160.525165 -0.020409 -0.019646 -0.103952 0.015831 -0.015794 0.035373 -0.066949 0.024223 0.024223 0.012779 0.016816 -0.002993 -0.029182 -0.029182 -0.002098 -0.000191 0.018883 0.074960 -0.092507 0.450713 -0.245480 0.979820 0.000191
1757663160.527203 -0.020409 -0.019646 -0.103952 0.015831 -0.015794 0.035373 -0.066949 0.024223 0.024223 0.012779 0.016816 -0.002993 -0.029182 -0.029182 -0.002098 -0.000191 0.018883 0.074960 -0.092507 0.450713 -0.245480 0.979820 0.000191
1757663160.529157 -0.020409 -0.019646 -0.103952 0.015831 -0.015794 0.035373 -0.066949 0.024223 0.024223 0.012779 0.016816 -0.002993 -0.029182 -0.029182 -0.002098 -0.000191 0.018883 0.074960 -0.092507 0.450713 -0.245480 0.979820 0.000191
1757663160.531155 -0.020409 -0.019646 -0.103952 0.015831 -0.015794 0.035373 -0.066949 0.024223 0.024223 0.012779 0.016816 -0.002993 -0.029182 -0.029182 -0.002098 -0.000191 0.018883 0.074960 -0.092507 0.450713 -0.245480 0.979820 0.000191
1757663160.533158 -0.020409 -0.019646 -0.103952 0.015831 -0.015794 0.035373 -0.066949 0.024223 0.024223 0.012779 0.016816 -0.002993 -0.029182 -0.029182 -0.002098 -0.000191 0.018883 0.074960 -0.092507 0.450713 -0.245480 0.979820 0.000191
1757663160.535157 -0.020409 -0.019646 -0.103952 0.015831 -0.015794 0.035373 -0.066949 0.024223 0.024223 0.012779 0.016816 -0.002993 -0.029182 -0.029182 -0.002098 -0.000191 0.018883 0.074960 -0.092507 0.450713 -0.245098 0.979820 0.000191
1757663160.537133 -0.020409 -0.019646 -0.103952 0.015831 -0.015794 0.035373 -0.066949 0.024223 0.024223 0.012779 0.016816 -0.002993 -0.029564 -0.029182 -0.002098 -0.000191 0.018883 0.074960 -0.092507 0.450713 -0.245098 0.979820 0.000191
1757663160.539138 -0.020409 -0.019646 -0.103952 0.015831 -0.015794 0.035373 -0.066949 0.024223 0.024223 0.012779 0.016816 -0.002993 -0.029564 -0.029182 -0.002098 -0.000191 0.018883 0.074960 -0.092507 0.450713 -0.245098 0.979820 0.000191
1757663160.541135 -0.020409 -0.019646 -0.103952 0.015831 -0.015794 0.035373 -0.066949 0.024223 0.024223 0.012779 0.016816 -0.002993 -0.029564 -0.029182 -0.002098 -0.000191 0.018883 0.074960 -0.092507 0.450713 -0.245098 0.979820 0.000191
1757663160.543163 -0.020409 -0.019646 -0.103952 0.015831 -0.015794 0.035373 -0.066949 0.024223 0.024223 0.012779 0.016816 -0.002993 -0.029564 -0.029182 -0.002098 -0.000191 0.018883 0.074960 -0.092507 0.450713 -0.245098 0.979820 0.000191
1757663160.545142 -0.020409 -0.019646 -0.103952 0.015831 -0.015794 0.035373 -0.066949 0.024223 0.024223 0.012779 0.016816 -0.002993 -0.029564 -0.029182 -0.002098 -0.000191 0.018883 0.074960 -0.092507 0.450713 -0.245098 0.979820 0.000191
1757663160.547143 -0.020409 -0.019646 -0.103952 0.015831 -0.015794 0.035373 -0.066949 0.024223 0.024223 0.012779 0.016816 -0.002993 -0.029564 -0.029182 -0.002098 -0.000191 0.018883 0.074578 -0.092507 0.450713 -0.245098 0.979820 0.000191
1757663160.549143 -0.020409 -0.019646 -0.103952 0.015831 -0.015794 0.035373 -0.066949 0.024223 0.024223 0.012779 0.016816 -0.002993 -0.029564 -0.029182 -0.002098 -0.000191 0.018883 0.074578 -0.092507 0.450713 -0.244717 0.979820 0.000191
1757663160.551140 -0.020409 -0.019646 -0.103952 0.015831 -0.015794 0.035373 -0.066949 0.024223 0.024223 0.012779 0.016816 -0.002993 -0.029564 -0.029182 -0.002098 -0.000191 0.018883 0.074578 -0.092507 0.450713 -0.244717 0.979820 0.000191
1757663160.553141 -0.020409 -0.019646 -0.103952 0.015831 -0.015794 0.035373 -0.066949 0.024223 0.024223 0.012779 0.016816 -0.002993 -0.029564 -0.029182 -0.002098 -0.000191 0.018883 0.074578 -0.092126 0.450713 -0.244717 0.979820 0.000191
1757663160.555135 -0.020409 -0.019646 -0.103952 0.015831 -0.015794 0.035373 -0.066949 0.024223 0.024223 0.012779 0.016816 -0.002993 -0.029564 -0.029182 -0.002098 -0.000191 0.018883 0.074578 -0.092507 0.450713 -0.244717 0.979820 0.000191
1757663160.557144 -0.020409 -0.019646 -0.103952 0.015831 -0.015794 0.035373 -0.066949 0.024223 0.024223 0.012779 0.016816 -0.002993 -0.029564 -0.029182 -0.002098 -0.000191 0.018883 0.074578 -0.092126 0.450713 -0.244717 0.979820 0.000191
1757663160.559178 -0.020409 -0.019646 -0.103952 0.015831 -0.015794 0.035373 -0.066949 0.024223 0.024223 0.012779 0.016816 -0.002993 -0.029564 -0.029182 -0.002098 -0.000191 0.018883 0.074578 -0.092126 0.450713 -0.244717 0.979820 0.000191
1757663160.561300 -0.020409 -0.019646 -0.103952 0.015831 -0.015794 0.035373 -0.066949 0.024223 0.024223 0.012779 0.016816 -0.002993 -0.029564 -0.029182 -0.002098 -0.000191 0.018883 0.074578 -0.092126 0.450713 -0.244717 0.979820 0.000191
1757663160.563222 -0.020409 -0.019646 -0.103952 0.015831 -0.015794 0.035373 -0.066949 0.024223 0.024223 0.012779 0.016816 -0.002993 -0.029564 -0.029182 -0.002098 -0.000191 0.018883 0.074578 -0.092126 0.450713 -0.244717 0.979820 0.000191
1757663160.565192 -0.020409 -0.019646 -0.103952 0.015831 -0.015794 0.035373 -0.066949 0.024223 0.024223 0.012779 0.016816 -0.002993 -0.029564 -0.029182 -0.002098 -0.000191 0.018883 0.074578 -0.092126 0.450713 -0.244335 0.979820 0.000191
1757663160.567169 -0.020409 -0.019646 -0.103952 0.015831 -0.015794 0.035373 -0.066949 0.024223 0.024223 0.012779 0.016816 -0.002993 -0.029564 -0.029182 -0.002098 -0.000191 0.018883 0.074578 -0.092126 0.450713 -0.244335 0.979820 0.000191
1757663160.569153 -0.020409 -0.019646 -0.103952 0.015831 -0.015794 0.035373 -0.066949 0.024223 0.024223 0.012779 0.016816 -0.002993 -0.029564 -0.029182 -0.002098 -0.000191 0.018883 0.074578 -0.092126 0.450713 -0.244335 0.979820 0.000191
1757663160.571146 -0.020409 -0.019646 -0.103952 0.015831 -0.015794 0.035373 -0.066949 0.024223 0.024223 0.012779 0.016816 -0.002993 -0.029564 -0.029182 -0.002098 -0.000191 0.018883 0.074578 -0.092126 0.450713 -0.244335 0.979820 0.000191
1757663160.573213 -0.020409 -0.019646 -0.103952 0.015831 -0.015794 0.035373 -0.066949 0.024223 0.024223 0.012779 0.016816 -0.002993 -0.029564 -0.029182 -0.002098 -0.000191 0.018883 0.074578 -0.092126 0.450713 -0.244335 0.979820 0.000191
1757663160.575166 -0.020409 -0.019646 -0.103952 0.015831 -0.015794 0.035373 -0.066949 0.024223 0.024223 0.012779 0.016816 -0.002993 -0.029564 -0.029182 -0.002098 -0.000191 0.018883 0.074197 -0.092126 0.450713 -0.244335 0.979820 0.000191
1757663160.577139 -0.020409 -0.019646 -0.103952 0.015831 -0.015794 0.035373 -0.066949 0.024223 0.024223 0.012779 0.016816 -0.002993 -0.029564 -0.029182 -0.002098 -0.000191 0.018883 0.074197 -0.092126 0.450713 -0.244335 0.979820 0.000191
1757663160.579147 -0.020409 -0.019646 -0.103952 0.015831 -0.015794 0.035373 -0.066949 0.024223 0.024223 0.012779 0.016816 -0.002993 -0.029564 -0.029182 -0.002098 -0.000191 0.018883 0.074197 -0.092126 0.450713 -0.243954 0.979820 0.000191
1757663160.581141 -0.020409 -0.019646 -0.103952 0.015831 -0.015794 0.035373 -0.066949 0.024223 0.024223 0.012779 0.016816 -0.002993 -0.029564 -0.029182 -0.002098 -0.000191 0.018883 0.074197 -0.092126 0.450713 -0.243954 0.979820 0.000191
1757663160.583141 -0.020409 -0.019646 -0.103952 0.015831 -0.015794 0.035373 -0.066949 0.024223 0.024223 0.012779 0.016816 -0.002993 -0.029564 -0.029182 -0.002098 -0.000191 0.018883 0.074197 -0.092126 0.450713 -0.243954 0.979820 0.000191
1757663160.585141 -0.020409 -0.019646 -0.103952 0.015831 -0.015794 0.035373 -0.066949 0.024223 0.024223 0.012779 0.016816 -0.002993 -0.029564 -0.029182 -0.002098 -0.000191 0.018883 0.074197 -0.092126 0.450713 -0.243954 0.979820 0.000191
1757663160.587141 -0.020409 -0.019646 -0.103952 0.015831 -0.015794 0.035373 -0.066949 0.024223 0.024223 0.012779 0.016816 -0.002993 -0.029564 -0.029182 -0.002098 -0.000191 0.018883 0.074197 -0.092126 0.450713 -0.243954 0.979820 0.000191
1757663160.589139 -0.020409 -0.019646 -0.103952 0.015831 -0.015794 0.035373 -0.066949 0.024223 0.024223 0.012779 0.016816 -0.002993 -0.029564 -0.029182 -0.002098 -0.000191 0.018883 0.074197 -0.092126 0.450713 -0.243954 0.979820 0.000191
1757663160.591170 -0.020409 -0.019646 -0.103952 0.015831 -0.015794 0.035373 -0.066949 0.024223 0.024223 0.012779 0.016816 -0.002993 -0.029564 -0.029182 -0.002098 -0.000191 0.018883 0.074197 -0.092126 0.450713 -0.243954 0.979820 0.000191
1757663160.593164 -0.020409 -0.019646 -0.103952 0.015831 -0.015794 0.035373 -0.066949 0.024223 0.024223 0.012779 0.016816 -0.002993 -0.029564 -0.029182 -0.002098 -0.000191 0.018883 0.074197 -0.092126 0.450713 -0.243954 0.979820 0.000191
1757663160.595141 -0.020409 -0.019646 -0.103952 0.015831 -0.015794 0.035373 -0.066949 0.024223 0.024223 0.012779 0.016816 -0.002993 -0.029564 -0.029182 -0.002098 -0.000191 0.018883 0.074197 -0.092126 0.450713 -0.243572 0.979820 0.000191
1757663160.597144 -0.020409 -0.019646 -0.103952 0.015831 -0.015794 0.035373 -0.066949 0.024223 0.024223 0.012779 0.016816 -0.002993 -0.029564 -0.029182 -0.002098 -0.000191 0.018883 0.074197 -0.092126 0.450713 -0.243572 0.979820 0.000191
1757663160.599142 -0.020409 -0.019646 -0.103952 0.015831 -0.015794 0.035373 -0.066949 0.024223 0.024223 0.012779 0.016816 -0.002993 -0.029564 -0.029182 -0.002098 -0.000191 0.018883 0.074197 -0.092126 0.450713 -0.243572 0.979820 0.000191
1757663160.601140 -0.020409 -0.019646 -0.103952 0.015831 -0.015794 0.035373 -0.066949 0.024223 0.024223 0.012779 0.016816 -0.002993 -0.029564 -0.029182 -0.002098 -0.000191 0.018883 0.074197 -0.092126 0.450713 -0.243572 0.979820 0.000191
1757663160.603141 -0.020409 -0.019646 -0.103952 0.015831 -0.015794 0.035373 -0.066949 0.024223 0.024223 0.012779 0.016816 -0.002993 -0.029564 -0.029182 -0.002098 -0.000191 0.018883 0.073815 -0.091744 0.450713 -0.243572 0.979820 0.000191
1757663160.605141 -0.020409 -0.019646 -0.103952 0.015831 -0.015794 0.035373 -0.066949 0.024223 0.024223 0.012779 0.016816 -0.002993 -0.029564 -0.029182 -0.002098 -0.000191 0.018883 0.073815 -0.091744 0.450713 -0.243572 0.979820 0.000191
1757663160.607143 -0.020409 -0.019646 -0.103952 0.015831 -0.015794 0.035373 -0.066949 0.024223 0.024223 0.012779 0.016816 -0.002993 -0.029564 -0.029182 -0.002098 -0.000191 0.018883 0.073815 -0.091744 0.450713 -0.243572 0.979820 0.000191
1757663160.609139 -0.020409 -0.019646 -0.103952 0.015831 -0.015794 0.035373 -0.066949 0.024223 0.024223 0.012779 0.016816 -0.002993 -0.029564 -0.029182 -0.002098 -0.000191 0.018883 0.073815 -0.091744 0.450713 -0.243191 0.979820 0.000191
1757663160.611141 -0.020409 -0.019646 -0.103952 0.015831 -0.015794 0.035373 -0.066949 0.024223 0.024223 0.012779 0.016816 -0.002993 -0.029564 -0.029182 -0.002098 -0.000191 0.018883 0.073815 -0.091744 0.450713 -0.243572 0.979820 0.000191
1757663160.613138 -0.020409 -0.019646 -0.103952 0.015831 -0.015794 0.035373 -0.066949 0.024223 0.024223 0.012779 0.016816 -0.002993 -0.029564 -0.029182 -0.002098 -0.000191 0.018883 0.073815 -0.091744 0.450713 -0.243191 0.979820 0.000191
1757663160.615143 -0.020409 -0.019646 -0.103952 0.015831 -0.015794 0.035373 -0.066949 0.024223 0.024223 0.012779 0.016816 -0.002993 -0.029564 -0.029182 -0.002098 -0.000191 0.018883 0.073815 -0.091744 0.450713 -0.243191 0.979820 0.000191
1757663160.617141 -0.020409 -0.019646 -0.103952 0.015831 -0.015794 0.035373 -0.066949 0.024223 0.024223 0.012779 0.016816 -0.002993 -0.029564 -0.029182 -0.002098 -0.000191 0.018883 0.073815 -0.091744 0.450713 -0.243191 0.979820 0.000191
1757663160.619141 -0.020409 -0.019646 -0.103952 0.015831 -0.015794 0.035373 -0.066949 0.024223 0.024223 0.012779 0.016816 -0.002993 -0.029564 -0.029182 -0.002098 -0.000191 0.018883 0.073815 -0.091744 0.450713 -0.243191 0.979820 0.000191
1757663160.621133 -0.020409 -0.019646 -0.103952 0.015831 -0.015794 0.035373 -0.066949 0.024223 0.024223 0.012779 0.016816 -0.002993 -0.029564 -0.029182 -0.002098 -0.000191 0.018883 0.073815 -0.091744 0.450713 -0.243191 0.979820 0.000191
1757663160.623196 -0.020409 -0.019646 -0.103952 0.015831 -0.015794 0.035373 -0.066949 0.024223 0.024223 0.012779 0.016816 -0.002993 -0.029564 -0.029182 -0.002098 -0.000191 0.018883 0.073815 -0.091744 0.450713 -0.243191 0.979820 0.000191
1757663160.625181 -0.020409 -0.019646 -0.103952 0.015831 -0.015794 0.035373 -0.066949 0.024223 0.024223 0.012779 0.016816 -0.002993 -0.029564 -0.029182 -0.002098 -0.000191 0.018883 0.073815 -0.091744 0.450713 -0.243191 0.979820 0.000191
1757663160.627175 -0.020409 -0.019646 -0.103952 0.015831 -0.015794 0.035373 -0.066949 0.024223 0.024223 0.012779 0.016816 -0.002993 -0.029564 -0.029182 -0.002098 -0.000191 0.018883 0.073815 -0.091744 0.450713 -0.242809 0.979820 0.000191
1757663160.629240 -0.020409 -0.019646 -0.103952 0.015831 -0.015794 0.035373 -0.066949 0.024223 0.024223 0.012779 0.016816 -0.002993 -0.029564 -0.029182 -0.002098 -0.000191 0.018883 0.073815 -0.091744 0.450713 -0.242809 0.979820 0.000191
1757663160.631181 -0.020409 -0.019646 -0.103952 0.015831 -0.015794 0.035373 -0.066949 0.024223 0.024223 0.012779 0.016816 -0.002993 -0.029564 -0.029182 -0.002098 -0.000191 0.018883 0.073815 -0.091744 0.450713 -0.242809 0.979820 0.000191
1757663160.633183 -0.020409 -0.019646 -0.103952 0.015831 -0.015794 0.035373 -0.066949 0.024223 0.024223 0.012779 0.016816 -0.002993 -0.029564 -0.029182 -0.002098 -0.000191 0.018883 0.073434 -0.091744 0.450713 -0.242809 0.979820 0.000191
1757663160.635182 -0.020409 -0.019646 -0.103952 0.015831 -0.015794 0.035373 -0.066949 0.024223 0.024223 0.012779 0.016816 -0.002993 -0.029564 -0.029182 -0.002098 -0.000191 0.018883 0.073434 -0.091744 0.450713 -0.242809 0.979820 0.000191
1757663160.637161 -0.020409 -0.019646 -0.103952 0.015831 -0.015794 0.035373 -0.066949 0.024223 0.024223 0.012779 0.016816 -0.002993 -0.029564 -0.029182 -0.002098 -0.000191 0.018883 0.073434 -0.091744 0.450713 -0.242809 0.979820 0.000191
1757663160.639153 -0.020409 -0.019646 -0.103952 0.015831 -0.015794 0.035373 -0.066949 0.024223 0.024223 0.012779 0.016816 -0.002993 -0.029564 -0.029182 -0.002098 -0.000191 0.018883 0.073434 -0.091744 0.450713 -0.242809 0.979820 0.000191
1757663160.641147 -0.020409 -0.019646 -0.103952 0.015831 -0.015794 0.035373 -0.066949 0.024223 0.024223 0.012779 0.016816 -0.002993 -0.029564 -0.029182 -0.002098 -0.000191 0.018883 0.073434 -0.091744 0.450713 -0.242428 0.979820 0.000191
1757663160.643141 -0.020409 -0.019646 -0.103952 0.015831 -0.015794 0.035373 -0.066949 0.024223 0.024223 0.012779 0.016816 -0.002993 -0.029564 -0.029182 -0.002098 -0.000191 0.018883 0.073434 -0.091744 0.450713 -0.242428 0.979820 0.000191
1757663160.645139 -0.020409 -0.019646 -0.103952 0.015831 -0.015794 0.035373 -0.066949 0.024223 0.024223 0.012779 0.016816 -0.002993 -0.029564 -0.029182 -0.002098 -0.000191 0.018883 0.073434 -0.091363 0.450713 -0.242428 0.979820 0.000191
1757663160.647143 -0.020409 -0.019646 -0.103952 0.015831 -0.015794 0.035373 -0.066949 0.024223 0.024223 0.012779 0.016816 -0.002993 -0.029564 -0.029182 -0.002098 -0.000191 0.018883 0.073434 -0.091363 0.450713 -0.242428 0.979820 0.000191
1757663160.649138 -0.020409 -0.019646 -0.103952 0.015831 -0.015794 0.035373 -0.066949 0.024223 0.024223 0.012779 0.016816 -0.002993 -0.029564 -0.029182 -0.002098 -0.000191 0.018883 0.073434 -0.091363 0.450713 -0.242428 0.979820 0.000191
1757663160.651143 -0.020409 -0.019646 -0.103952 0.015831 -0.015794 0.035373 -0.066949 0.024223 0.024223 0.012779 0.016816 -0.002993 -0.029564 -0.029182 -0.002098 -0.000191 0.018883 0.073434 -0.091363 0.450713 -0.242428 0.979820 0.000191
1757663160.653138 -0.020409 -0.019646 -0.103952 0.015831 -0.015794 0.035373 -0.066949 0.024223 0.024223 0.012779 0.016816 -0.002993 -0.029564 -0.029182 -0.002098 -0.000191 0.018883 0.073434 -0.091363 0.450713 -0.242428 0.979820 0.000191
1757663160.655166 -0.020409 -0.019646 -0.103952 0.015831 -0.015794 0.035373 -0.066949 0.024223 0.024223 0.012779 0.016816 -0.002993 -0.029945 -0.029182 -0.002098 -0.000191 0.018883 0.073434 -0.091363 0.450713 -0.242428 0.979820 0.000191
1757663160.657141 -0.020409 -0.019646 -0.103952 0.015831 -0.015794 0.035373 -0.066949 0.024223 0.024223 0.012779 0.016816 -0.002993 -0.029564 -0.029182 -0.002098 -0.000191 0.018883 0.073434 -0.091363 0.450713 -0.242046 0.979820 0.000191
1757663160.659139 -0.020409 -0.019646 -0.103952 0.015831 -0.015794 0.035373 -0.066949 0.024223 0.024223 0.012779 0.016816 -0.002993 -0.029945 -0.029182 -0.002098 -0.000191 0.018883 0.073434 -0.091363 0.450713 -0.242046 0.979820 0.000191
1757663160.661171 -0.020409 -0.019646 -0.103952 0.015831 -0.015794 0.035373 -0.066949 0.024223 0.024223 0.012779 0.016816 -0.002993 -0.029945 -0.029182 -0.002098 -0.000191 0.018883 0.073052 -0.091363 0.450713 -0.242046 0.979820 0.000191
1757663160.663161 -0.020409 -0.019646 -0.103952 0.015831 -0.015794 0.035373 -0.066949 0.024223 0.024223 0.012779 0.016816 -0.002993 -0.029945 -0.029182 -0.002098 -0.000191 0.018883 0.073052 -0.091363 0.450713 -0.242046 0.979820 0.000191
1757663160.665141 -0.020409 -0.019646 -0.103952 0.015831 -0.015794 0.035373 -0.066949 0.024223 0.024223 0.012779 0.016816 -0.002993 -0.029945 -0.029182 -0.002098 -0.000191 0.018883 0.073052 -0.091363 0.450713 -0.242046 0.979820 0.000191
1757663160.667141 -0.020409 -0.019646 -0.103952 0.015831 -0.015794 0.035373 -0.066949 0.024223 0.024223 0.012779 0.016816 -0.002993 -0.029945 -0.029182 -0.002098 -0.000191 0.018883 0.073052 -0.091363 0.450713 -0.242046 0.979820 0.000191
1757663160.669140 -0.020409 -0.019646 -0.103952 0.015831 -0.015794 0.035373 -0.066949 0.024223 0.024223 0.012779 0.016816 -0.002993 -0.029945 -0.029182 -0.002098 -0.000191 0.018883 0.073052 -0.091363 0.450713 -0.242046 0.979820 0.000191
1757663160.671134 -0.020409 -0.019646 -0.103952 0.015831 -0.015794 0.035373 -0.066949 0.024223 0.024223 0.012779 0.016816 -0.002993 -0.029945 -0.029182 -0.002098 -0.000191 0.018883 0.073052 -0.091363 0.450332 -0.241665 0.979820 0.000191
1757663160.673152 -0.020409 -0.019646 -0.103952 0.015831 -0.015794 0.035373 -0.066949 0.024223 0.024223 0.012779 0.016816 -0.002993 -0.029945 -0.029182 -0.002098 -0.000191 0.018883 0.073052 -0.091363 0.450713 -0.241665 0.979820 0.000191
1757663160.675139 -0.020409 -0.019646 -0.103952 0.015831 -0.015794 0.035373 -0.066949 0.024223 0.024223 0.012779 0.016816 -0.002993 -0.029945 -0.029182 -0.002098 -0.000191 0.018883 0.073052 -0.091363 0.450332 -0.241665 0.979820 0.000191
1757663160.677153 -0.020409 -0.019646 -0.103952 0.015831 -0.015794 0.035373 -0.066949 0.024223 0.024223 0.012779 0.016816 -0.002993 -0.029945 -0.029182 -0.002098 -0.000191 0.018883 0.073052 -0.091363 0.450713 -0.241665 0.979820 0.000191
1757663160.679143 -0.020409 -0.019646 -0.103952 0.015831 -0.015794 0.035373 -0.066949 0.024223 0.024223 0.012779 0.016816 -0.002993 -0.029945 -0.029182 -0.002098 -0.000191 0.018883 0.073052 -0.091363 0.450332 -0.241665 0.979820 0.000191
1757663160.681139 -0.020409 -0.019646 -0.103952 0.015831 -0.015794 0.035373 -0.066949 0.024223 0.024223 0.012779 0.016816 -0.002993 -0.029945 -0.029182 -0.002098 -0.000191 0.018883 0.073052 -0.091363 0.450332 -0.241665 0.979820 0.000191
1757663160.683150 -0.020409 -0.019646 -0.103952 0.015831 -0.015794 0.035373 -0.066949 0.024223 0.024223 0.012779 0.016816 -0.002993 -0.029945 -0.029182 -0.002098 -0.000191 0.018883 0.073052 -0.091363 0.450713 -0.241665 0.979820 0.000191
1757663160.685148 -0.020409 -0.019646 -0.103952 0.015831 -0.015794 0.035373 -0.066949 0.024223 0.024223 0.012779 0.016816 -0.002993 -0.029945 -0.029182 -0.002098 -0.000191 0.018883 0.073052 -0.091363 0.450332 -0.241665 0.979820 0.000191
1757663160.687154 -0.020409 -0.019646 -0.103952 0.015831 -0.015794 0.035373 -0.066949 0.024223 0.024223 0.012779 0.016816 -0.002993 -0.029945 -0.029182 -0.002098 -0.000191 0.018883 0.073052 -0.091363 0.450713 -0.241283 0.979820 0.000191
1757663160.689153 -0.020409 -0.019646 -0.103952 0.015831 -0.015794 0.035373 -0.066949 0.024223 0.024223 0.012779 0.016816 -0.002993 -0.029945 -0.029182 -0.002098 -0.000191 0.018883 0.073052 -0.091363 0.450332 -0.241283 0.979820 0.000191
1757663160.691153 -0.020409 -0.019646 -0.103952 0.015831 -0.015794 0.035373 -0.066949 0.024223 0.024223 0.012779 0.016816 -0.002993 -0.029945 -0.029182 -0.002098 -0.000191 0.018883 0.073052 -0.091363 0.450713 -0.241283 0.979820 0.000191
1757663160.693141 -0.020409 -0.019646 -0.103952 0.015831 -0.015794 0.035373 -0.066949 0.024223 0.024223 0.012779 0.016816 -0.002993 -0.029945 -0.029182 -0.002098 -0.000191 0.018883 0.072671 -0.090981 0.450332 -0.241283 0.979820 0.000191
1757663160.695159 -0.020409 -0.019646 -0.103952 0.015831 -0.015794 0.035373 -0.066949 0.024223 0.024223 0.012779 0.016816 -0.002993 -0.029945 -0.029182 -0.002098 -0.000191 0.018883 0.072671 -0.090981 0.450332 -0.241283 0.979820 0.000191
1757663160.697141 -0.020409 -0.019646 -0.103952 0.015831 -0.015794 0.035373 -0.066949 0.024223 0.024223 0.012779 0.016816 -0.002993 -0.029945 -0.029182 -0.002098 -0.000191 0.018883 0.072671 -0.090981 0.450332 -0.241283 0.979820 0.000191
1757663160.699152 -0.020409 -0.019646 -0.103952 0.015831 -0.015794 0.035373 -0.066949 0.024223 0.024223 0.012779 0.016816 -0.002993 -0.029945 -0.029182 -0.002098 -0.000191 0.018883 0.072671 -0.090981 0.450332 -0.241283 0.979820 0.000191
1757663160.701133 -0.020409 -0.019646 -0.103952 0.015831 -0.015794 0.035373 -0.066949 0.024223 0.024223 0.012779 0.016816 -0.002993 -0.029945 -0.029182 -0.002098 -0.000191 0.018883 0.072671 -0.090981 0.450332 -0.241283 0.979820 0.000191
1757663160.703151 -0.020409 -0.019646 -0.103952 0.015831 -0.015794 0.035373 -0.066949 0.024223 0.024223 0.012779 0.016816 -0.002993 -0.029945 -0.029182 -0.002098 -0.000191 0.018883 0.072671 -0.090981 0.450332 -0.241283 0.979820 0.000191
1757663160.705141 -0.020409 -0.019646 -0.103952 0.015831 -0.015794 0.035373 -0.066949 0.024223 0.024223 0.012779 0.016816 -0.002993 -0.029945 -0.029182 -0.002098 -0.000191 0.018883 0.072671 -0.090981 0.450332 -0.241283 0.979820 0.000191
1757663160.707155 -0.020409 -0.019646 -0.103952 0.015831 -0.015794 0.035373 -0.066949 0.024223 0.024223 0.012779 0.016816 -0.002993 -0.029945 -0.029182 -0.002098 -0.000191 0.018883 0.072671 -0.090981 0.450332 -0.240902 0.979820 0.000191
1757663160.709141 -0.020409 -0.019646 -0.103952 0.015831 -0.015794 0.035373 -0.066949 0.024223 0.024223 0.012779 0.016816 -0.002993 -0.029945 -0.029182 -0.002098 -0.000191 0.018883 0.072671 -0.090981 0.450332 -0.240902 0.979820 0.000191
1757663160.711144 -0.020409 -0.019646 -0.103952 0.015831 -0.015794 0.035373 -0.066949 0.024223 0.024223 0.012779 0.016816 -0.002993 -0.029945 -0.029182 -0.002098 -0.000191 0.018883 0.072671 -0.090981 0.450332 -0.240902 0.979820 0.000191
1757663160.713138 -0.020409 -0.019646 -0.103952 0.015831 -0.015794 0.035373 -0.066949 0.024223 0.024223 0.012779 0.016816 -0.002993 -0.029945 -0.029182 -0.002098 -0.000191 0.018883 0.072671 -0.090981 0.450332 -0.240902 0.979820 0.000191
1757663160.715145 -0.020409 -0.019646 -0.103952 0.015831 -0.015794 0.035373 -0.066949 0.024223 0.024223 0.012779 0.016816 -0.002993 -0.029945 -0.029182 -0.002098 -0.000191 0.018883 0.072671 -0.090981 0.450332 -0.240902 0.979820 0.000191
1757663160.717180 -0.020409 -0.019646 -0.103952 0.015831 -0.015794 0.035373 -0.066949 0.024223 0.024223 0.012779 0.016816 -0.002993 -0.029945 -0.029182 -0.002098 -0.000191 0.018883 0.072671 -0.090981 0.450332 -0.240902 0.979820 0.000191
1757663160.719154 -0.020409 -0.019646 -0.103952 0.015831 -0.015794 0.035373 -0.066949 0.024223 0.024223 0.012779 0.016816 -0.002993 -0.029945 -0.029182 -0.002098 -0.000191 0.018883 0.072671 -0.090981 0.450332 -0.240902 0.979820 0.000191
1757663160.721133 -0.020409 -0.019646 -0.103952 0.015831 -0.015794 0.035373 -0.066949 0.024223 0.024223 0.012779 0.016816 -0.002993 -0.029945 -0.029182 -0.002098 -0.000191 0.018883 0.072671 -0.090981 0.450332 -0.240902 0.979820 0.000191
1757663160.723143 -0.020409 -0.019646 -0.103952 0.015831 -0.015794 0.035373 -0.066949 0.024223 0.024223 0.012779 0.016816 -0.002993 -0.029945 -0.029182 -0.002098 -0.000191 0.018883 0.072671 -0.090981 0.450332 -0.240902 0.979820 0.000191
1757663160.725145 -0.020409 -0.019646 -0.103952 0.015831 -0.015794 0.035373 -0.066949 0.024223 0.024223 0.012779 0.016816 -0.002993 -0.029945 -0.029182 -0.002098 -0.000191 0.018883 0.072671 -0.090981 0.450332 -0.240520 0.979820 0.000191
1757663160.727141 -0.020409 -0.019646 -0.103952 0.015831 -0.015794 0.035373 -0.066949 0.024223 0.024223 0.012779 0.016816 -0.002993 -0.029945 -0.029182 -0.002098 -0.000191 0.018883 0.072671 -0.090981 0.450332 -0.240902 0.979820 0.000191
1757663160.729140 -0.020409 -0.019646 -0.103952 0.015831 -0.015794 0.035373 -0.066949 0.024223 0.024223 0.012779 0.016816 -0.002993 -0.029945 -0.029182 -0.002098 -0.000191 0.018883 0.072671 -0.090981 0.450332 -0.240520 0.979820 0.000191
1757663160.731186 -0.020409 -0.019646 -0.103952 0.015831 -0.015794 0.035373 -0.066949 0.024223 0.024223 0.012779 0.016952 -0.003249 -0.029945 -0.029182 -0.002098 -0.000191 0.018883 0.072289 -0.090981 0.450332 -0.240520 0.979820 0.000191
1757663160.733133 -0.020409 -0.019646 -0.103952 0.015831 -0.015794 0.035373 -0.066949 0.024223 0.024223 0.012779 0.016816 -0.002993 -0.029945 -0.029182 -0.002098 -0.000191 0.018883 0.072289 -0.090981 0.450332 -0.240520 0.979820 0.000191
1757663160.735142 -0.020409 -0.019646 -0.103952 0.015831 -0.015794 0.035373 -0.066949 0.024223 0.024223 0.012779 0.016952 -0.003249 -0.029945 -0.029182 -0.002098 -0.000191 0.018883 0.072289 -0.090981 0.450332 -0.240520 0.979820 0.000191
1757663160.737121 -0.020409 -0.019646 -0.103952 0.015831 -0.015794 0.035373 -0.066949 0.024223 0.024223 0.012779 0.016952 -0.003249 -0.029945 -0.029182 -0.002098 -0.000191 0.018883 0.072289 -0.090981 0.450332 -0.240520 0.979820 0.000191
1757663160.739140 -0.020409 -0.019646 -0.103952 0.015831 -0.015794 0.035373 -0.066949 0.024223 0.024223 0.012779 0.016952 -0.003249 -0.029945 -0.029182 -0.002098 -0.000191 0.018883 0.072289 -0.090981 0.450332 -0.240520 0.979820 0.000191
1757663160.741141 -0.020409 -0.019646 -0.103952 0.015831 -0.015794 0.035373 -0.066949 0.024223 0.024223 0.012779 0.016952 -0.003249 -0.029945 -0.029182 -0.002098 -0.000191 0.018883 0.072289 -0.090981 0.450332 -0.240520 0.979820 0.000191
1757663160.743132 -0.020409 -0.019646 -0.103952 0.015831 -0.015794 0.035373 -0.066949 0.024223 0.024223 0.012779 0.016952 -0.003249 -0.029945 -0.029182 -0.002098 -0.000191 0.018883 0.072289 -0.090981 0.450332 -0.240520 0.979820 0.000191
1757663160.745134 -0.020409 -0.019646 -0.103952 0.015831 -0.015794 0.035373 -0.066949 0.024223 0.024223 0.012779 0.016952 -0.003249 -0.029945 -0.029182 -0.002098 -0.000191 0.018883 0.072289 -0.090981 0.450332 -0.240520 0.979820 0.000191
1757663160.747129 -0.020409 -0.019646 -0.103952 0.015831 -0.015794 0.035373 -0.066949 0.024223 0.024223 0.012779 0.016952 -0.003249 -0.029945 -0.029182 -0.002098 -0.000191 0.018883 0.072289 -0.090981 0.450332 -0.240520 0.979820 0.000191
1757663160.749165 -0.020409 -0.019646 -0.103952 0.015831 -0.015794 0.035373 -0.066949 0.024223 0.024223 0.012779 0.016952 -0.003249 -0.029945 -0.029182 -0.002098 -0.000191 0.018883 0.072289 -0.090981 0.450332 -0.240520 0.979820 0.000191
1757663160.751140 -0.020409 -0.019646 -0.103952 0.015831 -0.015794 0.035373 -0.066949 0.024223 0.024223 0.012779 0.016952 -0.003249 -0.029945 -0.029182 -0.002098 -0.000191 0.018883 0.072289 -0.090981 0.450332 -0.240520 0.979820 0.000191
1757663160.753141 -0.020409 -0.019646 -0.103952 0.015831 -0.015794 0.035373 -0.066949 0.024223 0.024223 0.012779 0.016952 -0.003249 -0.029945 -0.029182 -0.002098 -0.000191 0.018883 0.072289 -0.090981 0.450332 -0.240139 0.979820 0.000191
1757663160.755140 -0.020409 -0.019646 -0.103952 0.015831 -0.015794 0.035373 -0.066949 0.024223 0.024223 0.012779 0.016952 -0.003249 -0.029945 -0.029182 -0.002098 -0.000191 0.018883 0.072289 -0.090600 0.450332 -0.240139 0.979820 0.000191
1757663160.757132 -0.020409 -0.019646 -0.103952 0.015831 -0.015794 0.035373 -0.066949 0.024223 0.024223 0.012779 0.016952 -0.003249 -0.029945 -0.029182 -0.002098 -0.000191 0.018883 0.072289 -0.090600 0.450332 -0.240139 0.979820 0.000191
1757663160.759138 -0.020409 -0.019646 -0.103952 0.015831 -0.015794 0.035373 -0.066949 0.024223 0.024223 0.012779 0.016952 -0.003249 -0.029945 -0.029182 -0.002098 -0.000191 0.018883 0.072289 -0.090600 0.450332 -0.240139 0.979820 0.000191
1757663160.761130 -0.020409 -0.019646 -0.103952 0.015831 -0.015794 0.035373 -0.066949 0.024223 0.024223 0.012779 0.016952 -0.003249 -0.029945 -0.029182 -0.002098 -0.000191 0.018883 0.072289 -0.090600 0.450332 -0.240139 0.979820 0.000191
1757663160.763131 -0.020409 -0.019646 -0.103952 0.015831 -0.015794 0.035373 -0.066949 0.024223 0.024223 0.012779 0.016952 -0.003249 -0.029945 -0.029182 -0.002098 -0.000191 0.018883 0.072289 -0.090600 0.450332 -0.240139 0.979820 0.000191
1757663160.765130 -0.020409 -0.019646 -0.103952 0.015831 -0.015794 0.035373 -0.066949 0.024223 0.024223 0.012779 0.016952 -0.003249 -0.029945 -0.029182 -0.002098 -0.000191 0.018883 0.072289 -0.090600 0.450332 -0.240139 0.979820 0.000191
1757663160.767130 -0.020409 -0.019646 -0.103952 0.015831 -0.015794 0.035373 -0.066949 0.024223 0.024223 0.012779 0.016952 -0.003249 -0.029945 -0.029182 -0.002098 -0.000191 0.018883 0.072289 -0.090600 0.450332 -0.240139 0.979820 0.000191
1757663160.769136 -0.020409 -0.019646 -0.103952 0.015831 -0.015794 0.035373 -0.066949 0.024223 0.024223 0.012779 0.016952 -0.003249 -0.029945 -0.029182 -0.002098 -0.000191 0.018883 0.072289 -0.090600 0.450332 -0.240139 0.979820 0.000191
1757663160.771134 -0.020409 -0.019646 -0.103952 0.015831 -0.015794 0.035373 -0.066949 0.024223 0.024223 0.012779 0.016952 -0.003249 -0.029945 -0.029182 -0.002098 -0.000191 0.018883 0.072289 -0.090600 0.450332 -0.240139 0.979820 0.000191
1757663160.773130 -0.020409 -0.019646 -0.103952 0.015831 -0.015794 0.035373 -0.066949 0.024223 0.024223 0.012779 0.016952 -0.003249 -0.029945 -0.029182 -0.002098 -0.000191 0.018883 0.071908 -0.090600 0.450332 -0.240139 0.979820 0.000191
1757663160.775131 -0.020409 -0.019646 -0.103952 0.015831 -0.015794 0.035373 -0.066949 0.024223 0.024223 0.012779 0.016952 -0.003249 -0.029945 -0.029182 -0.002098 -0.000191 0.018883 0.071908 -0.090600 0.450332 -0.240139 0.979820 0.000191
1757663160.777128 -0.020409 -0.019646 -0.103952 0.015831 -0.015794 0.035373 -0.066949 0.024223 0.024223 0.012779 0.016952 -0.003249 -0.029945 -0.029182 -0.002098 -0.000191 0.018883 0.071908 -0.090600 0.450332 -0.240139 0.979820 0.000191
1757663160.779208 -0.020409 -0.019646 -0.103952 0.015831 -0.015794 0.035373 -0.066949 0.024223 0.024223 0.012779 0.016952 -0.003249 -0.029945 -0.029182 -0.002098 -0.000191 0.018883 0.071908 -0.090600 0.450332 -0.240139 0.979820 0.000191
1757663160.781141 -0.020409 -0.019646 -0.103952 0.015831 -0.015794 0.035373 -0.066949 0.024223 0.024223 0.012779 0.016952 -0.003249 -0.029945 -0.029182 -0.002098 -0.000191 0.018883 0.071908 -0.090600 0.450332 -0.240139 0.979820 0.000191
1757663160.783138 -0.020409 -0.019646 -0.103952 0.015831 -0.015794 0.035373 -0.066949 0.024223 0.024223 0.012779 0.016952 -0.003249 -0.029945 -0.029182 -0.002098 -0.000191 0.018883 0.071908 -0.090600 0.450332 -0.239758 0.979820 0.000191
1757663160.785129 -0.020409 -0.019646 -0.103952 0.015831 -0.015794 0.035373 -0.066949 0.024223 0.024223 0.012779 0.016952 -0.003249 -0.029945 -0.029182 -0.002098 -0.000191 0.018883 0.071908 -0.090600 0.450332 -0.239758 0.979820 0.000191
1757663160.787208 -0.020409 -0.019646 -0.103952 0.015831 -0.015794 0.035373 -0.066949 0.024223 0.024223 0.012779 0.016952 -0.003249 -0.029945 -0.029182 -0.002098 -0.000191 0.018883 0.071908 -0.090600 0.450332 -0.239758 0.979820 0.000191
1757663160.789183 -0.020409 -0.019646 -0.103952 0.015831 -0.015794 0.035373 -0.066949 0.024223 0.024223 0.012779 0.016952 -0.003249 -0.029945 -0.029182 -0.002098 -0.000191 0.018883 0.071908 -0.090600 0.450332 -0.239758 0.979820 0.000191
1757663160.791191 -0.020409 -0.019646 -0.103952 0.015831 -0.015794 0.035373 -0.066949 0.024223 0.024223 0.012779 0.016952 -0.003249 -0.029945 -0.029182 -0.002098 -0.000191 0.018883 0.071908 -0.090600 0.450332 -0.239758 0.979820 0.000191
1757663160.793191 -0.020409 -0.019646 -0.103952 0.015831 -0.015794 0.035373 -0.066949 0.024223 0.024223 0.012779 0.016952 -0.003249 -0.029945 -0.029182 -0.002098 -0.000191 0.018883 0.071908 -0.090600 0.450332 -0.239758 0.979820 0.000191
1757663160.795190 -0.020409 -0.019646 -0.103952 0.015831 -0.015794 0.035373 -0.066949 0.024223 0.024223 0.012779 0.016952 -0.003249 -0.029945 -0.029182 -0.002098 -0.000191 0.018883 0.071908 -0.090600 0.450332 -0.239758 0.979820 0.000191
1757663160.797189 -0.020409 -0.019646 -0.103952 0.015831 -0.015794 0.035373 -0.066949 0.024223 0.023842 0.012779 0.016952 -0.003249 -0.029945 -0.029182 -0.002098 -0.000191 0.018883 0.071908 -0.090600 0.450332 -0.239758 0.979820 0.000191
1757663160.799191 -0.020409 -0.019646 -0.103952 0.015831 -0.015794 0.035373 -0.066949 0.024223 0.024223 0.012779 0.016952 -0.003249 -0.029945 -0.029182 -0.002098 -0.000191 0.018883 0.071908 -0.090600 0.450332 -0.239758 0.979820 0.000191
1757663160.801193 -0.020409 -0.019646 -0.103952 0.015831 -0.015794 0.035373 -0.066949 0.024223 0.024223 0.012779 0.016952 -0.003249 -0.029945 -0.029182 -0.002098 -0.000191 0.018883 0.071908 -0.090600 0.450332 -0.239758 0.979820 0.000191
1757663160.803189 -0.020409 -0.019646 -0.103952 0.015831 -0.015794 0.035373 -0.066949 0.024223 0.024223 0.012779 0.016952 -0.003249 -0.029945 -0.029182 -0.002098 -0.000191 0.018883 0.071908 -0.090600 0.450332 -0.239758 0.979820 0.000191
1757663160.805185 -0.020409 -0.019646 -0.103952 0.015831 -0.015794 0.035373 -0.066949 0.024223 0.024223 0.012779 0.016952 -0.003249 -0.029945 -0.029182 -0.002098 -0.000191 0.018883 0.071908 -0.090600 0.450332 -0.239758 0.979820 0.000191
1757663160.807186 -0.020409 -0.019646 -0.103952 0.015831 -0.015794 0.035373 -0.066949 0.024223 0.024223 0.012779 0.016952 -0.003249 -0.029945 -0.029182 -0.002098 -0.000191 0.018883 0.071908 -0.090600 0.450332 -0.239758 0.979820 0.000191
1757663160.809189 -0.020409 -0.019646 -0.103952 0.015831 -0.015794 0.035373 -0.066949 0.024223 0.024223 0.012779 0.016952 -0.003249 -0.029945 -0.029182 -0.002098 -0.000191 0.018883 0.071908 -0.090600 0.450332 -0.239376 0.979820 0.000191
1757663160.811210 -0.020409 -0.019646 -0.103952 0.015831 -0.015794 0.035373 -0.066949 0.024223 0.024223 0.012779 0.016952 -0.003249 -0.029945 -0.029182 -0.002098 -0.000191 0.018883 0.071908 -0.090600 0.450332 -0.239376 0.979820 0.000191
1757663160.813192 -0.020409 -0.019646 -0.103952 0.015831 -0.015794 0.035373 -0.066949 0.024223 0.024223 0.012779 0.016952 -0.003249 -0.029945 -0.029182 -0.002098 -0.000191 0.018883 0.071908 -0.090600 0.450332 -0.239376 0.979820 0.000191
1757663160.815205 -0.020409 -0.019646 -0.103952 0.015831 -0.015794 0.035373 -0.066949 0.024223 0.023842 0.012779 0.016952 -0.003249 -0.029945 -0.029182 -0.002098 -0.000191 0.018883 0.071908 -0.090600 0.450332 -0.239376 0.979820 0.000191
1757663160.817189 -0.020409 -0.019646 -0.103952 0.015831 -0.015794 0.035373 -0.066949 0.024223 0.024223 0.012779 0.016952 -0.003249 -0.029945 -0.029182 -0.002098 -0.000191 0.018883 0.071908 -0.090600 0.450332 -0.239376 0.979820 0.000191
1757663160.819193 -0.020409 -0.019646 -0.103952 0.015831 -0.015794 0.035373 -0.066949 0.024223 0.024223 0.012779 0.016952 -0.003249 -0.029945 -0.029182 -0.002098 -0.000191 0.018883 0.071527 -0.090600 0.450332 -0.239376 0.979820 0.000191
1757663160.821191 -0.020409 -0.019646 -0.103952 0.015831 -0.015794 0.035373 -0.066949 0.024223 0.024223 0.012779 0.016952 -0.003249 -0.029945 -0.029182 -0.002098 -0.000191 0.018883 0.071527 -0.090600 0.450332 -0.239376 0.979820 0.000191
1757663160.823184 -0.020409 -0.019646 -0.103952 0.015831 -0.015794 0.035373 -0.066949 0.024223 0.024223 0.012779 0.016952 -0.003249 -0.029945 -0.029182 -0.002098 -0.000191 0.018883 0.071527 -0.090600 0.450332 -0.239376 0.979820 0.000191
1757663160.825189 -0.020409 -0.019646 -0.103952 0.015831 -0.015794 0.035373 -0.066949 0.024223 0.024223 0.012779 0.016952 -0.003249 -0.029945 -0.029182 -0.002098 -0.000191 0.018883 0.071527 -0.090600 0.450332 -0.239376 0.979820 0.000191
1757663160.827185 -0.020409 -0.019646 -0.103952 0.015831 -0.015794 0.035373 -0.066949 0.024223 0.024223 0.012779 0.016952 -0.003249 -0.029945 -0.029182 -0.002098 -0.000191 0.018883 0.071527 -0.090600 0.450332 -0.239376 0.979820 0.000191
1757663160.829189 -0.020409 -0.019646 -0.103952 0.015831 -0.015794 0.035373 -0.066949 0.024223 0.024223 0.012779 0.016952 -0.003249 -0.029945 -0.029182 -0.002098 -0.000191 0.018883 0.071527 -0.090600 0.450332 -0.239376 0.979820 0.000191
1757663160.831184 -0.020409 -0.019646 -0.103952 0.015831 -0.015794 0.035373 -0.066949 0.024223 0.024223 0.012779 0.016952 -0.003249 -0.029945 -0.029182 -0.002098 -0.000191 0.018883 0.071527 -0.090600 0.450332 -0.239376 0.979820 0.000191
1757663160.833187 -0.020409 -0.019646 -0.103952 0.015831 -0.015794 0.035373 -0.066949 0.024223 0.024223 0.012779 0.016952 -0.003249 -0.029945 -0.029182 -0.002098 -0.000191 0.018883 0.071527 -0.090600 0.450332 -0.239376 0.979820 0.000191
1757663160.835187 -0.020409 -0.019646 -0.103952 0.015831 -0.015794 0.035373 -0.066949 0.024223 0.024223 0.012779 0.016952 -0.003249 -0.029945 -0.029182 -0.002098 -0.000191 0.018883 0.071527 -0.090600 0.450332 -0.239376 0.979820 0.000191
1757663160.837186 -0.020409 -0.019646 -0.103952 0.015831 -0.015794 0.035373 -0.066949 0.024223 0.024223 0.012779 0.016952 -0.003249 -0.029945 -0.029182 -0.002098 -0.000191 0.018883 0.071527 -0.090600 0.450332 -0.239376 0.979820 0.000191
1757663160.839185 -0.020409 -0.019646 -0.103952 0.015831 -0.015794 0.035373 -0.066949 0.024223 0.024223 0.012779 0.016952 -0.003249 -0.029945 -0.029182 -0.002098 -0.000191 0.018883 0.071527 -0.090600 0.450332 -0.239376 0.979820 0.000191
1757663160.841162 -0.020409 -0.019646 -0.103952 0.015831 -0.015794 0.035373 -0.066949 0.024223 0.023842 0.012779 0.016952 -0.003249 -0.029945 -0.029182 -0.002098 -0.000191 0.018883 0.071527 -0.090219 0.450332 -0.238995 0.979820 0.000191
1757663160.843143 -0.020409 -0.019646 -0.103952 0.015831 -0.015794 0.035373 -0.066949 0.024223 0.024223 0.012779 0.016952 -0.003249 -0.029945 -0.029182 -0.002098 -0.000191 0.018883 0.071527 -0.090219 0.450332 -0.238995 0.979820 0.000191
1757663160.845136 -0.020409 -0.019646 -0.103952 0.015831 -0.015794 0.035373 -0.066949 0.024223 0.024223 0.012779 0.016952 -0.003249 -0.029945 -0.029182 -0.002098 -0.000191 0.018883 0.071527 -0.090600 0.450332 -0.238995 0.979820 0.000191
1757663160.847129 -0.020409 -0.019646 -0.103952 0.015831 -0.015794 0.035373 -0.066949 0.024223 0.023842 0.012779 0.016952 -0.003249 -0.029945 -0.029182 -0.002098 -0.000191 0.018883 0.071527 -0.090219 0.450332 -0.238995 0.979820 0.000191
1757663160.849126 -0.020409 -0.019646 -0.103952 0.015831 -0.015794 0.035373 -0.066949 0.024223 0.023842 0.012779 0.016952 -0.003249 -0.029945 -0.029182 -0.002098 -0.000191 0.018883 0.071527 -0.090219 0.450332 -0.238995 0.979820 0.000191
1757663160.851140 -0.020409 -0.019646 -0.103952 0.015831 -0.015794 0.035373 -0.066949 0.024223 0.024223 0.012779 0.016952 -0.003249 -0.029945 -0.029182 -0.002098 -0.000191 0.018883 0.071527 -0.090219 0.450332 -0.238995 0.979820 0.000191
1757663160.853135 -0.020409 -0.019646 -0.103952 0.015831 -0.015794 0.035373 -0.066949 0.024223 0.024223 0.012779 0.016952 -0.003249 -0.029945 -0.029182 -0.002098 -0.000191 0.018883 0.071527 -0.090219 0.450332 -0.238995 0.979820 0.000191
1757663160.855130 -0.020409 -0.019646 -0.103952 0.015831 -0.015794 0.035373 -0.066949 0.024223 0.024223 0.012779 0.016952 -0.003249 -0.029945 -0.029182 -0.002098 -0.000191 0.018883 0.071527 -0.090219 0.450332 -0.238995 0.979820 0.000191
1757663160.857130 -0.020409 -0.019646 -0.103952 0.015831 -0.015794 0.035373 -0.066949 0.024223 0.024223 0.012779 0.016952 -0.003249 -0.029945 -0.029182 -0.002098 -0.000191 0.018883 0.071527 -0.090219 0.450332 -0.238995 0.979820 0.000191
1757663160.859127 -0.020409 -0.019646 -0.103952 0.015831 -0.015794 0.035373 -0.066949 0.024223 0.023842 0.012779 0.016952 -0.003249 -0.029945 -0.029182 -0.002098 -0.000191 0.018883 0.071527 -0.090219 0.450332 -0.238995 0.979820 0.000191
1757663160.861128 -0.020409 -0.019646 -0.103952 0.015831 -0.015794 0.035373 -0.066949 0.024223 0.024223 0.012779 0.016952 -0.003249 -0.029945 -0.029182 -0.002098 -0.000191 0.018883 0.071527 -0.090219 0.450332 -0.238995 0.979820 0.000191
1757663160.863127 -0.020409 -0.019646 -0.103952 0.015831 -0.015794 0.035373 -0.066949 0.024223 0.024223 0.012779 0.016952 -0.003249 -0.029945 -0.029182 -0.002098 -0.000191 0.018883 0.071527 -0.090219 0.450332 -0.238995 0.979820 0.000191
1757663160.865127 -0.020409 -0.019646 -0.103952 0.015831 -0.015794 0.035373 -0.066949 0.024223 0.024223 0.012779 0.016952 -0.003249 -0.029945 -0.029182 -0.002098 -0.000191 0.018883 0.071145 -0.090219 0.450332 -0.238995 0.979820 0.000191
1757663160.867128 -0.020409 -0.019646 -0.103952 0.015831 -0.015794 0.035373 -0.066949 0.024223 0.024223 0.012779 0.016952 -0.003249 -0.030327 -0.029182 -0.002098 -0.000191 0.018883 0.071145 -0.090219 0.450332 -0.238995 0.979820 0.000191
1757663160.869128 -0.020409 -0.019646 -0.103952 0.015831 -0.015794 0.035373 -0.066949 0.024223 0.024223 0.012779 0.016952 -0.003249 -0.030327 -0.029182 -0.002098 -0.000191 0.018883 0.071145 -0.090219 0.450332 -0.238613 0.979820 0.000191
1757663160.871125 -0.020409 -0.019646 -0.103952 0.015831 -0.015794 0.035373 -0.066949 0.024223 0.024223 0.012779 0.016952 -0.003249 -0.030327 -0.029182 -0.002098 -0.000191 0.018883 0.071145 -0.090219 0.450332 -0.238613 0.979820 0.000191
1757663160.873165 -0.020409 -0.019646 -0.103952 0.015831 -0.015794 0.035373 -0.066949 0.024223 0.024223 0.012779 0.016952 -0.003249 -0.030327 -0.029182 -0.002098 -0.000191 0.018883 0.071145 -0.090219 0.450332 -0.238613 0.979820 0.000191
1757663160.875136 -0.020409 -0.019646 -0.103952 0.015831 -0.015794 0.035373 -0.066949 0.024223 0.023842 0.012779 0.016952 -0.003249 -0.030327 -0.029182 -0.002098 -0.000191 0.018883 0.071145 -0.090219 0.450332 -0.238613 0.979820 0.000191
1757663160.877137 -0.020409 -0.019646 -0.103952 0.015831 -0.015794 0.035373 -0.066949 0.024223 0.024223 0.012779 0.016952 -0.003249 -0.030327 -0.029182 -0.002098 -0.000191 0.018883 0.071145 -0.090219 0.450332 -0.238613 0.979820 0.000191
1757663160.879180 -0.020409 -0.019646 -0.103952 0.015831 -0.015794 0.035373 -0.066949 0.024223 0.024223 0.012779 0.016952 -0.003249 -0.030327 -0.029182 -0.002098 -0.000191 0.018883 0.071145 -0.090219 0.450332 -0.238613 0.979820 0.000191
1757663160.881154 -0.020409 -0.019646 -0.103952 0.015831 -0.015794 0.035373 -0.066949 0.024223 0.023842 0.012779 0.016952 -0.003249 -0.030327 -0.029182 -0.002098 -0.000191 0.018883 0.071145 -0.090219 0.450332 -0.238613 0.979820 0.000191
1757663160.883138 -0.020409 -0.019646 -0.103952 0.015831 -0.015794 0.035373 -0.066949 0.024223 0.023842 0.012779 0.016952 -0.003249 -0.030327 -0.029182 -0.002098 -0.000191 0.018883 0.071145 -0.090219 0.450332 -0.238613 0.979820 0.000191
1757663160.885135 -0.020409 -0.019646 -0.103952 0.015831 -0.015794 0.035373 -0.066949 0.024223 0.024223 0.012779 0.016952 -0.003249 -0.030327 -0.029182 -0.002098 -0.000191 0.018883 0.071145 -0.090219 0.450332 -0.238613 0.979820 0.000191
1757663160.887138 -0.020790 -0.019646 -0.103952 0.015831 -0.015794 0.035373 -0.066949 0.024223 0.024223 0.012779 0.016952 -0.003249 -0.030327 -0.029182 -0.002098 -0.000191 0.018883 0.071145 -0.090219 0.450332 -0.238613 0.979820 0.000191
1757663160.889138 -0.020409 -0.019646 -0.103952 0.015831 -0.015794 0.035373 -0.066949 0.024223 0.024223 0.012779 0.016952 -0.003249 -0.030327 -0.029182 -0.002098 -0.000191 0.018883 0.071145 -0.090219 0.450332 -0.238613 0.979820 0.000191
1757663160.891136 -0.020790 -0.019646 -0.103952 0.015831 -0.015794 0.035373 -0.066949 0.024223 0.024223 0.012779 0.016952 -0.003249 -0.030327 -0.029182 -0.002098 -0.000191 0.018883 0.071145 -0.090219 0.450332 -0.238232 0.979820 0.000191
1757663160.893132 -0.020409 -0.019646 -0.103952 0.015831 -0.015794 0.035373 -0.066949 0.024223 0.024223 0.012779 0.016952 -0.003249 -0.030327 -0.029182 -0.002098 -0.000191 0.018883 0.071145 -0.090219 0.450332 -0.238613 0.979820 0.000191
1757663160.895133 -0.020790 -0.019646 -0.103952 0.015831 -0.015794 0.035373 -0.066949 0.024223 0.023842 0.012779 0.016952 -0.003249 -0.030327 -0.029182 -0.002098 -0.000191 0.018883 0.071145 -0.090219 0.450332 -0.238232 0.979820 0.000191
1757663160.897137 -0.020409 -0.019646 -0.103952 0.015831 -0.015794 0.035373 -0.066949 0.024223 0.023842 0.012779 0.016952 -0.003249 -0.030327 -0.029182 -0.002098 -0.000191 0.018883 0.071145 -0.090219 0.450332 -0.238232 0.979820 0.000191
1757663160.899137 -0.020790 -0.019646 -0.103952 0.015831 -0.015794 0.035373 -0.066949 0.024223 0.024223 0.012779 0.016952 -0.003249 -0.030327 -0.029182 -0.002098 -0.000191 0.018883 0.071145 -0.090219 0.450332 -0.238232 0.979820 0.000191
1757663160.901179 -0.020790 -0.019646 -0.103952 0.015831 -0.015794 0.035373 -0.066949 0.024223 0.024223 0.012779 0.016952 -0.003249 -0.030327 -0.029182 -0.002098 -0.000191 0.018883 0.071145 -0.090219 0.450332 -0.238232 0.979820 0.000191
1757663160.903289 -0.020790 -0.019646 -0.103952 0.015831 -0.015794 0.035373 -0.066949 0.024223 0.024223 0.012779 0.016952 -0.003249 -0.030327 -0.029182 -0.002098 -0.000191 0.018883 0.070764 -0.090219 0.449950 -0.238232 0.979820 0.000191
1757663160.905191 -0.020790 -0.019646 -0.103952 0.015831 -0.015794 0.035373 -0.066949 0.024223 0.024223 0.012779 0.016952 -0.003249 -0.030327 -0.029182 -0.002098 -0.000191 0.018883 0.070764 -0.090219 0.450332 -0.238232 0.979820 0.000191
1757663160.907143 -0.020790 -0.019646 -0.103952 0.015831 -0.015794 0.035373 -0.066949 0.024223 0.024223 0.012779 0.016952 -0.003249 -0.030327 -0.029182 -0.002098 -0.000191 0.018883 0.070764 -0.090219 0.450332 -0.238232 0.979820 0.000191
1757663160.909145 -0.020790 -0.019646 -0.103952 0.015831 -0.015794 0.035373 -0.066949 0.024223 0.024223 0.012779 0.016952 -0.003249 -0.030327 -0.029182 -0.002098 -0.000191 0.018883 0.070764 -0.090219 0.450332 -0.238232 0.979820 0.000191
1757663160.911137 -0.020790 -0.019646 -0.103952 0.015831 -0.015794 0.035373 -0.066949 0.024223 0.024223 0.012779 0.016952 -0.003249 -0.030327 -0.029182 -0.002098 -0.000191 0.018883 0.070764 -0.090219 0.450332 -0.238232 0.979820 0.000191
1757663160.913131 -0.020790 -0.019646 -0.103952 0.015831 -0.015794 0.035373 -0.066949 0.024223 0.024223 0.012779 0.016952 -0.003249 -0.030327 -0.029182 -0.002098 -0.000191 0.018883 0.070764 -0.090219 0.449950 -0.238232 0.979820 0.000191
1757663160.915126 -0.020790 -0.019646 -0.103952 0.015831 -0.015794 0.035373 -0.066949 0.024223 0.024223 0.012779 0.016952 -0.003249 -0.030327 -0.029182 -0.002098 -0.000191 0.018883 0.070764 -0.090219 0.450332 -0.238232 0.979820 0.000191
1757663160.917130 -0.020790 -0.019646 -0.103952 0.015831 -0.015794 0.035373 -0.066949 0.024223 0.024223 0.012779 0.016952 -0.003249 -0.030327 -0.029182 -0.002098 -0.000191 0.018883 0.070764 -0.090219 0.449950 -0.237850 0.979820 0.000191
1757663160.919130 -0.020790 -0.019646 -0.103952 0.015831 -0.015794 0.035373 -0.066949 0.024223 0.024223 0.012779 0.016952 -0.003249 -0.030327 -0.029182 -0.002098 -0.000191 0.018883 0.070764 -0.090219 0.450332 -0.237850 0.979820 0.000191
1757663160.921141 -0.020790 -0.019646 -0.103952 0.015831 -0.015794 0.035373 -0.066949 0.024223 0.023842 0.012779 0.016952 -0.003249 -0.030327 -0.029182 -0.002098 -0.000191 0.018883 0.070764 -0.090219 0.449950 -0.237850 0.979820 0.000191
1757663160.923140 -0.020790 -0.019646 -0.103952 0.015831 -0.015794 0.035373 -0.066949 0.024223 0.023842 0.012779 0.016952 -0.003249 -0.030327 -0.029182 -0.002098 -0.000191 0.018883 0.070764 -0.089837 0.449950 -0.237850 0.979820 0.000191
1757663160.925132 -0.020790 -0.019646 -0.103952 0.015831 -0.015794 0.035373 -0.066949 0.024223 0.023842 0.012779 0.016952 -0.003249 -0.030327 -0.029182 -0.002098 -0.000191 0.018883 0.070764 -0.089837 0.450332 -0.237850 0.979820 0.000191
1757663160.927135 -0.020790 -0.019646 -0.103952 0.015831 -0.015794 0.035373 -0.066949 0.024223 0.024223 0.012779 0.016952 -0.003249 -0.030327 -0.029182 -0.002098 -0.000191 0.018883 0.070764 -0.089837 0.449950 -0.237850 0.979820 0.000191
1757663160.929134 -0.020790 -0.019646 -0.103952 0.015831 -0.015794 0.035373 -0.066949 0.024223 0.023842 0.012779 0.016952 -0.003249 -0.030327 -0.029182 -0.002098 -0.000191 0.018883 0.070764 -0.089837 0.450332 -0.237850 0.979820 0.000191
1757663160.931136 -0.020790 -0.019646 -0.103952 0.015831 -0.015794 0.035373 -0.066949 0.024223 0.024223 0.012779 0.016952 -0.003249 -0.030327 -0.029182 -0.002098 -0.000191 0.018883 0.070764 -0.089837 0.449950 -0.237850 0.979820 0.000191
1757663160.933141 -0.020790 -0.019646 -0.103952 0.015831 -0.015794 0.035373 -0.066949 0.024223 0.024223 0.012779 0.016952 -0.003249 -0.030327 -0.029182 -0.002098 -0.000191 0.018883 0.070764 -0.089837 0.450332 -0.237850 0.979820 0.000191
1757663160.935180 -0.020790 -0.019646 -0.103952 0.015831 -0.015794 0.035373 -0.066949 0.024223 0.023842 0.012779 0.016952 -0.003249 -0.030327 -0.029182 -0.002098 -0.000191 0.018883 0.070764 -0.089837 0.449950 -0.237850 0.979820 0.000191
1757663160.937144 -0.020790 -0.019646 -0.103952 0.015831 -0.015794 0.035373 -0.066949 0.024223 0.024223 0.012779 0.016952 -0.003249 -0.030327 -0.029182 -0.002098 -0.000191 0.018883 0.070764 -0.089837 0.449950 -0.237850 0.979820 0.000191
1757663160.939135 -0.020790 -0.019646 -0.103952 0.015831 -0.015794 0.035373 -0.066949 0.024223 0.024223 0.012779 0.016952 -0.003249 -0.030327 -0.029182 -0.002098 -0.000191 0.018883 0.070764 -0.089837 0.449950 -0.237850 0.979820 0.000191
1757663160.941142 -0.020790 -0.019646 -0.103952 0.015831 -0.015794 0.035373 -0.066949 0.024223 0.024223 0.012779 0.016952 -0.003249 -0.030327 -0.029182 -0.002098 -0.000191 0.018883 0.070764 -0.089837 0.449950 -0.237469 0.979820 0.000191
1757663160.943144 -0.020790 -0.019646 -0.103952 0.015831 -0.015794 0.035373 -0.066949 0.024223 0.024223 0.012779 0.016952 -0.003249 -0.030327 -0.029182 -0.002098 -0.000191 0.018883 0.070764 -0.089837 0.450332 -0.237469 0.979820 0.000191
1757663160.945136 -0.020790 -0.019646 -0.103952 0.015831 -0.015794 0.035373 -0.066949 0.024223 0.024223 0.012779 0.016952 -0.003249 -0.030327 -0.029182 -0.002098 -0.000191 0.018883 0.070382 -0.089837 0.449950 -0.237469 0.979820 0.000191
1757663160.947129 -0.020790 -0.019646 -0.103952 0.015831 -0.015794 0.035373 -0.066949 0.024223 0.023842 0.012779 0.016952 -0.003249 -0.030327 -0.029182 -0.002098 -0.000191 0.018883 0.070382 -0.089837 0.450332 -0.237469 0.979820 0.000191
1757663160.949127 -0.020790 -0.019646 -0.103952 0.015831 -0.015794 0.035373 -0.066949 0.024223 0.024223 0.012779 0.016952 -0.003249 -0.030327 -0.029182 -0.002098 -0.000191 0.018883 0.070382 -0.089837 0.449950 -0.237469 0.979820 0.000191
1757663160.951126 -0.020790 -0.019646 -0.103952 0.015831 -0.015794 0.035373 -0.066949 0.024223 0.023842 0.012779 0.016952 -0.003249 -0.030327 -0.029182 -0.002098 -0.000191 0.018883 0.070382 -0.089837 0.449950 -0.237469 0.979820 0.000191
1757663160.953127 -0.020790 -0.019646 -0.103952 0.015831 -0.015794 0.035373 -0.066949 0.024223 0.024223 0.012779 0.016952 -0.003249 -0.030327 -0.029182 -0.002098 -0.000191 0.018883 0.070382 -0.089837 0.449950 -0.237469 0.979820 0.000191
1757663160.955126 -0.020790 -0.019646 -0.103952 0.015831 -0.015794 0.035373 -0.066949 0.024223 0.024223 0.012779 0.016952 -0.003249 -0.030327 -0.029182 -0.002098 -0.000191 0.018883 0.070382 -0.089837 0.449950 -0.237469 0.979820 0.000191
1757663160.957128 -0.020790 -0.019646 -0.103952 0.015831 -0.015794 0.035373 -0.066949 0.024223 0.024223 0.012779 0.016952 -0.003249 -0.030327 -0.029182 -0.002098 -0.000191 0.018883 0.070382 -0.089837 0.449950 -0.237469 0.979820 0.000191
1757663160.959116 -0.020790 -0.019646 -0.103952 0.015831 -0.015794 0.035373 -0.066949 0.024223 0.023842 0.012779 0.016952 -0.003249 -0.030327 -0.029182 -0.002098 -0.000191 0.018883 0.070382 -0.089837 0.449950 -0.237469 0.979820 0.000191
1757663160.961134 -0.020790 -0.019646 -0.103952 0.015831 -0.015794 0.035373 -0.066949 0.024223 0.024223 0.012779 0.016952 -0.003249 -0.030327 -0.029182 -0.002098 -0.000191 0.018883 0.070382 -0.089837 0.449950 -0.237469 0.979820 0.000191
1757663160.963129 -0.020790 -0.019646 -0.103952 0.015831 -0.015794 0.035373 -0.066949 0.024223 0.023842 0.012779 0.016952 -0.003249 -0.030327 -0.029182 -0.002098 -0.000191 0.018883 0.070382 -0.089837 0.449950 -0.237469 0.979820 0.000191
1757663160.965127 -0.020790 -0.019646 -0.103952 0.015831 -0.015794 0.035373 -0.066949 0.024223 0.024223 0.012779 0.016952 -0.003249 -0.030327 -0.029182 -0.002098 -0.000191 0.018883 0.070382 -0.089837 0.449950 -0.237469 0.979820 0.000191
1757663160.967163 -0.020790 -0.019646 -0.103952 0.015831 -0.015794 0.035373 -0.066949 0.024223 0.024223 0.012779 0.016952 -0.003249 -0.030327 -0.029182 -0.002098 -0.000191 0.018883 0.070382 -0.089837 0.449950 -0.237469 0.979820 0.000191
1757663160.969140 -0.020790 -0.019646 -0.103952 0.015831 -0.015794 0.035373 -0.066949 0.024223 0.024223 0.012779 0.016952 -0.003249 -0.030327 -0.029182 -0.002098 -0.000191 0.018883 0.070382 -0.089837 0.449950 -0.237087 0.979820 0.000191
1757663160.971136 -0.020790 -0.019646 -0.103952 0.015831 -0.015794 0.035373 -0.066949 0.024223 0.024223 0.012779 0.016952 -0.003249 -0.030327 -0.029182 -0.002098 -0.000191 0.018883 0.070382 -0.089837 0.449950 -0.237087 0.979820 0.000191
1757663160.973130 -0.020790 -0.019646 -0.103952 0.015831 -0.015794 0.035373 -0.066949 0.024223 0.023842 0.012779 0.016952 -0.003249 -0.030327 -0.029182 -0.002098 -0.000191 0.018883 0.070382 -0.089837 0.449950 -0.237087 0.979820 0.000191
1757663160.975143 -0.020790 -0.019646 -0.103952 0.015831 -0.015794 0.035373 -0.066949 0.024223 0.023842 0.012779 0.016952 -0.003249 -0.030327 -0.029182 -0.002098 -0.000191 0.018883 0.070382 -0.089837 0.449950 -0.237087 0.979820 0.000191
1757663160.977135 -0.020790 -0.019646 -0.103952 0.015831 -0.015794 0.035373 -0.066949 0.024223 0.023842 0.012779 0.016952 -0.003249 -0.030327 -0.029182 -0.002098 -0.000191 0.018883 0.070382 -0.089837 0.449950 -0.237087 0.979820 0.000191
1757663160.979130 -0.020790 -0.019646 -0.103952 0.015831 -0.015794 0.035373 -0.066949 0.024223 0.023842 0.012779 0.016952 -0.003249 -0.030327 -0.029182 -0.002098 -0.000191 0.018883 0.070382 -0.089837 0.449950 -0.237087 0.979820 0.000191
1757663160.981128 -0.020790 -0.019646 -0.103952 0.015831 -0.015794 0.035373 -0.066949 0.024223 0.023842 0.012779 0.016952 -0.003249 -0.030327 -0.029182 -0.002098 -0.000191 0.018883 0.070382 -0.089837 0.449950 -0.237087 0.979820 0.000191
1757663160.983125 -0.020790 -0.019646 -0.103952 0.015831 -0.015794 0.035373 -0.066949 0.024223 0.024223 0.012779 0.016952 -0.003249 -0.030327 -0.029182 -0.002098 -0.000191 0.018883 0.070382 -0.089837 0.449950 -0.237087 0.979820 0.000191
1757663160.985133 -0.020790 -0.019646 -0.103952 0.015831 -0.015794 0.035373 -0.066949 0.024223 0.023842 0.012779 0.016952 -0.003249 -0.030327 -0.029182 -0.002098 -0.000191 0.018883 0.070382 -0.089837 0.449950 -0.237087 0.979820 0.000191
1757663160.987134 -0.020790 -0.019646 -0.103952 0.015831 -0.015794 0.035373 -0.066949 0.024223 0.023842 0.012779 0.016952 -0.003249 -0.030327 -0.029182 -0.002098 -0.000191 0.018883 0.070382 -0.089837 0.449950 -0.237087 0.979820 0.000191
1757663160.989126 -0.020790 -0.019646 -0.103952 0.015831 -0.015794 0.035373 -0.066949 0.024223 0.023842 0.012779 0.016952 -0.003249 -0.030327 -0.029182 -0.002098 -0.000191 0.018883 0.070382 -0.089837 0.449950 -0.237087 0.979820 0.000191
1757663160.991126 -0.020790 -0.019646 -0.103952 0.015831 -0.015794 0.035373 -0.066949 0.024223 0.023842 0.012779 0.016952 -0.003249 -0.030327 -0.029182 -0.002098 -0.000191 0.018883 0.070001 -0.089837 0.449950 -0.237087 0.979820 0.000191
1757663160.993124 -0.020790 -0.019646 -0.103952 0.015831 -0.015794 0.035373 -0.066949 0.024223 0.023842 0.012779 0.016952 -0.003249 -0.030327 -0.029182 -0.002098 -0.000191 0.018883 0.070001 -0.089837 0.449950 -0.236706 0.979820 0.000191
1757663160.995135 -0.020790 -0.019646 -0.103952 0.015831 -0.015794 0.035373 -0.066949 0.024223 0.023842 0.012779 0.016952 -0.003249 -0.030327 -0.029182 -0.002098 -0.000191 0.018883 0.070001 -0.089837 0.449950 -0.236706 0.979820 0.000191
1757663160.997150 -0.020790 -0.019646 -0.103952 0.015831 -0.015794 0.035373 -0.066949 0.024223 0.023842 0.012779 0.016952 -0.003249 -0.030327 -0.029182 -0.002098 -0.000191 0.018883 0.070001 -0.089837 0.449950 -0.236706 0.979820 0.000191
1757663160.999146 -0.020790 -0.019646 -0.103952 0.015831 -0.015794 0.035373 -0.066949 0.024223 0.023842 0.012779 0.016952 -0.003249 -0.030327 -0.029182 -0.002098 -0.000191 0.018883 0.070001 -0.089837 0.449950 -0.236706 0.979820 0.000191
1757663161.001134 -0.020409 -0.019646 -0.103952 0.015831 -0.015794 0.035373 -0.066949 0.024223 0.023842 0.012779 0.016952 -0.003249 -0.030327 -0.029182 -0.002098 -0.000191 0.018883 0.070001 -0.089837 0.449950 -0.236706 0.979820 0.000191
1757663161.003149 -0.020790 -0.019646 -0.103952 0.015831 -0.015794 0.035373 -0.066949 0.024223 0.023842 0.012779 0.016952 -0.003249 -0.030327 -0.029182 -0.002098 -0.000191 0.018883 0.070001 -0.089837 0.449950 -0.236706 0.979820 0.000191
1757663161.005133 -0.020790 -0.019646 -0.103952 0.015831 -0.015794 0.035373 -0.066949 0.024223 0.023842 0.012779 0.016952 -0.003249 -0.030327 -0.029182 -0.002098 -0.000191 0.018883 0.070001 -0.089837 0.449950 -0.236706 0.979820 0.000191
1757663161.007128 -0.020409 -0.019646 -0.103952 0.015831 -0.015794 0.035373 -0.066949 0.024223 0.023842 0.012779 0.016952 -0.003249 -0.030327 -0.029182 -0.002098 -0.000191 0.018883 0.070001 -0.089456 0.449950 -0.236706 0.979820 0.000191
1757663161.009137 -0.020790 -0.019646 -0.103952 0.015831 -0.015794 0.035373 -0.066949 0.024223 0.023842 0.012779 0.016952 -0.003249 -0.030327 -0.029182 -0.002098 -0.000191 0.018883 0.070001 -0.089456 0.449950 -0.236706 0.979820 0.000191
1757663161.011121 -0.020790 -0.019646 -0.103952 0.015831 -0.015794 0.035373 -0.066949 0.024223 0.023842 0.012779 0.016952 -0.003249 -0.030327 -0.029182 -0.002098 -0.000191 0.018883 0.070001 -0.089456 0.449950 -0.236706 0.979820 0.000191
1757663161.013129 -0.020790 -0.019646 -0.103952 0.015831 -0.015794 0.035373 -0.066949 0.024223 0.023842 0.012779 0.016952 -0.003249 -0.030327 -0.029182 -0.002098 -0.000191 0.018883 0.070001 -0.089456 0.449950 -0.236324 0.979820 0.000191
1757663161.015130 -0.020790 -0.019646 -0.103952 0.015831 -0.015794 0.035373 -0.066949 0.024223 0.023842 0.012779 0.016952 -0.003249 -0.030327 -0.029182 -0.002098 -0.000191 0.018883 0.070001 -0.089456 0.449950 -0.236324 0.979820 0.000191
1757663161.017129 -0.020409 -0.019646 -0.103952 0.015831 -0.015794 0.035373 -0.066949 0.024223 0.023842 0.012779 0.016952 -0.003249 -0.030327 -0.029182 -0.002098 -0.000191 0.018883 0.070001 -0.089456 0.449950 -0.236324 0.979820 0.000191
1757663161.019137 -0.020790 -0.019646 -0.103952 0.015831 -0.015794 0.035373 -0.066949 0.024223 0.023842 0.012779 0.016952 -0.003249 -0.030708 -0.029182 -0.002098 -0.000191 0.018883 0.070001 -0.089456 0.449950 -0.236324 0.979820 0.000191
1757663161.021128 -0.020790 -0.019646 -0.103952 0.015831 -0.015794 0.035373 -0.066949 0.024223 0.023842 0.012779 0.016952 -0.003249 -0.030708 -0.029182 -0.002098 -0.000191 0.018883 0.070001 -0.089456 0.449950 -0.236324 0.979820 0.000191
1757663161.023131 -0.020790 -0.019646 -0.103952 0.015831 -0.015794 0.035373 -0.066949 0.024223 0.023842 0.012779 0.016952 -0.003249 -0.030708 -0.029182 -0.002098 -0.000191 0.018883 0.069619 -0.089456 0.449950 -0.236324 0.979820 0.000191
1757663161.025127 -0.020409 -0.019646 -0.103952 0.015831 -0.015794 0.035373 -0.066949 0.024223 0.023842 0.012779 0.016952 -0.003249 -0.030708 -0.029182 -0.002098 -0.000191 0.018883 0.069619 -0.089456 0.449950 -0.236324 0.979820 0.000191
1757663161.027127 -0.020409 -0.019646 -0.103952 0.015831 -0.015794 0.035373 -0.066949 0.024223 0.023842 0.012779 0.016952 -0.003249 -0.030708 -0.029182 -0.002098 -0.000191 0.018883 0.069619 -0.089456 0.449950 -0.236324 0.979820 0.000191
1757663161.029191 -0.020409 -0.019646 -0.103952 0.015831 -0.015794 0.035373 -0.066949 0.024223 0.023842 0.012779 0.016952 -0.003249 -0.030708 -0.029182 -0.002098 -0.000191 0.018883 0.069619 -0.089456 0.449950 -0.236324 0.979820 0.000191
1757663161.031157 -0.020409 -0.019646 -0.103952 0.015831 -0.015794 0.035373 -0.066949 0.024223 0.023842 0.012779 0.016952 -0.003249 -0.030708 -0.029182 -0.002098 -0.000191 0.018883 0.069619 -0.089456 0.449950 -0.236324 0.979820 0.000191
1757663161.033135 -0.020409 -0.019646 -0.103952 0.015831 -0.015794 0.035373 -0.066949 0.024223 0.023842 0.012779 0.016952 -0.003249 -0.030708 -0.029182 -0.002098 -0.000191 0.018883 0.069619 -0.089456 0.449950 -0.235943 0.979820 0.000191
1757663161.035135 -0.020409 -0.019646 -0.103952 0.015831 -0.015794 0.035373 -0.066949 0.024223 0.023842 0.012779 0.016952 -0.003249 -0.030708 -0.029182 -0.002098 -0.000191 0.018883 0.069619 -0.089456 0.449950 -0.235943 0.979820 0.000191
1757663161.037129 -0.020409 -0.019646 -0.103952 0.015831 -0.015794 0.035373 -0.066949 0.024223 0.023842 0.012779 0.016952 -0.003249 -0.030708 -0.029182 -0.002098 -0.000191 0.018883 0.069619 -0.089456 0.449950 -0.235943 0.979820 0.000191
1757663161.039125 -0.020409 -0.019646 -0.103952 0.015831 -0.015794 0.035373 -0.066949 0.024223 0.023842 0.012779 0.016952 -0.003249 -0.030708 -0.029182 -0.002098 -0.000191 0.018883 0.069619 -0.089456 0.449950 -0.235943 0.979820 0.000191
1757663161.041136 -0.020409 -0.019646 -0.103952 0.015831 -0.015794 0.035373 -0.066949 0.024223 0.023842 0.012779 0.016952 -0.003249 -0.030708 -0.029182 -0.002098 -0.000191 0.018883 0.069619 -0.089456 0.449950 -0.235943 0.979820 0.000191
1757663161.043136 -0.020409 -0.019646 -0.103952 0.015831 -0.015794 0.035373 -0.066949 0.024223 0.023842 0.012779 0.016952 -0.003249 -0.030708 -0.029182 -0.002098 -0.000191 0.018883 0.069619 -0.089456 0.449950 -0.235943 0.979820 0.000191
1757663161.045128 -0.020409 -0.019646 -0.103952 0.015831 -0.015794 0.035373 -0.066949 0.024223 0.023842 0.012779 0.016952 -0.003249 -0.030708 -0.029182 -0.002098 -0.000191 0.018883 0.069619 -0.089456 0.449950 -0.235943 0.979820 0.000191
1757663161.047122 -0.020409 -0.019646 -0.103952 0.015831 -0.015794 0.035373 -0.066949 0.024223 0.023842 0.012779 0.016952 -0.003249 -0.030708 -0.029182 -0.002098 -0.000191 0.018883 0.069619 -0.089456 0.449950 -0.235943 0.979820 0.000191
1757663161.049129 -0.020409 -0.019646 -0.103952 0.015831 -0.015794 0.035373 -0.066949 0.024223 0.023842 0.012779 0.016952 -0.003249 -0.030708 -0.029182 -0.002098 -0.000191 0.018883 0.069619 -0.089456 0.449950 -0.235561 0.979820 0.000191
1757663161.051130 -0.020409 -0.019646 -0.103952 0.015831 -0.015794 0.035373 -0.066949 0.024223 0.023842 0.012779 0.016952 -0.003249 -0.030708 -0.029182 -0.002098 -0.000191 0.018883 0.069619 -0.089456 0.449950 -0.235561 0.979820 0.000191
1757663161.053128 -0.020409 -0.019646 -0.103952 0.015831 -0.015794 0.035373 -0.066949 0.024223 0.023842 0.012779 0.016952 -0.003249 -0.030708 -0.029182 -0.002098 -0.000191 0.018883 0.069238 -0.089456 0.449950 -0.235561 0.979820 0.000191
1757663161.055127 -0.020409 -0.019646 -0.103952 0.015831 -0.015794 0.035373 -0.066949 0.024223 0.023842 0.012779 0.016952 -0.003249 -0.030708 -0.029182 -0.002098 -0.000191 0.018883 0.069238 -0.089456 0.449950 -0.235561 0.979820 0.000191
1757663161.057126 -0.020409 -0.019646 -0.103952 0.015831 -0.015794 0.035373 -0.066949 0.024223 0.023842 0.012779 0.016952 -0.003249 -0.030708 -0.029182 -0.002098 -0.000191 0.018883 0.069238 -0.089456 0.449950 -0.235561 0.979820 0.000191
1757663161.059151 -0.020409 -0.019646 -0.103952 0.015831 -0.015794 0.035373 -0.066949 0.024223 0.023842 0.012779 0.016952 -0.003249 -0.030708 -0.029182 -0.002098 -0.000191 0.018883 0.069238 -0.089456 0.449950 -0.235561 0.979820 0.000191
1757663161.061188 -0.020409 -0.019646 -0.103952 0.015831 -0.015794 0.035373 -0.066949 0.024223 0.023842 0.012779 0.016952 -0.003249 -0.030708 -0.029182 -0.002098 -0.000191 0.018883 0.069238 -0.089456 0.449950 -0.235561 0.979820 0.000191
1757663161.063138 -0.020409 -0.019646 -0.103952 0.015831 -0.015794 0.035373 -0.066949 0.024223 0.023842 0.012779 0.016952 -0.003249 -0.030708 -0.029182 -0.002098 -0.000191 0.018883 0.069238 -0.089456 0.449950 -0.235561 0.979820 0.000191
1757663161.065155 -0.020409 -0.019646 -0.103952 0.015831 -0.015794 0.035373 -0.066949 0.024223 0.023842 0.012779 0.016952 -0.003249 -0.030708 -0.029182 -0.002098 -0.000191 0.018883 0.069238 -0.089456 0.449950 -0.235180 0.979820 0.000191
1757663161.067128 -0.020409 -0.019646 -0.103952 0.015831 -0.015794 0.035373 -0.066949 0.024223 0.023842 0.012779 0.016952 -0.003249 -0.030708 -0.029182 -0.002098 -0.000191 0.018883 0.069238 -0.089074 0.449950 -0.235180 0.979820 0.000191
1757663161.069129 -0.020409 -0.019646 -0.103952 0.015831 -0.015794 0.035373 -0.066949 0.024223 0.023842 0.012779 0.016952 -0.003249 -0.030708 -0.029182 -0.002098 -0.000191 0.018883 0.069238 -0.089074 0.449950 -0.235180 0.979820 0.000191
1757663161.071129 -0.020409 -0.019646 -0.103952 0.015831 -0.015794 0.035373 -0.066949 0.024223 0.023842 0.012779 0.016952 -0.003249 -0.030708 -0.029182 -0.002098 -0.000191 0.018883 0.069238 -0.089074 0.449950 -0.235180 0.979820 0.000191
1757663161.073130 -0.020409 -0.019646 -0.103952 0.015831 -0.015794 0.035373 -0.066949 0.024223 0.023842 0.012779 0.016952 -0.003249 -0.030708 -0.029182 -0.002098 -0.000191 0.018883 0.069238 -0.089074 0.449950 -0.235180 0.979820 0.000191
1757663161.075126 -0.020409 -0.019646 -0.103952 0.015831 -0.015794 0.035373 -0.066949 0.024223 0.023842 0.012779 0.016952 -0.003249 -0.030708 -0.029182 -0.002098 -0.000191 0.018883 0.069238 -0.089074 0.449950 -0.235180 0.979820 0.000191
1757663161.077171 -0.020409 -0.019646 -0.103952 0.015831 -0.015794 0.035373 -0.066949 0.024223 0.023842 0.012779 0.016952 -0.003249 -0.030708 -0.029182 -0.002098 -0.000191 0.018883 0.069238 -0.089074 0.449950 -0.235180 0.979820 0.000191
1757663161.079153 -0.020409 -0.019646 -0.103952 0.015831 -0.015794 0.035373 -0.066949 0.024223 0.023842 0.012779 0.016952 -0.003249 -0.030708 -0.029182 -0.002098 -0.000191 0.018883 0.068856 -0.089074 0.449950 -0.235180 0.979820 0.000191
1757663161.081126 -0.020409 -0.019646 -0.103952 0.015831 -0.015794 0.035373 -0.066949 0.024223 0.023842 0.012779 0.016952 -0.003249 -0.030708 -0.029182 -0.002098 -0.000191 0.018883 0.068856 -0.089074 0.449950 -0.234798 0.979820 0.000191
1757663161.083122 -0.020409 -0.019646 -0.103952 0.015831 -0.015794 0.035373 -0.066949 0.024223 0.023842 0.012779 0.016952 -0.003249 -0.030708 -0.029182 -0.002098 -0.000191 0.018883 0.068856 -0.089074 0.449950 -0.234798 0.979820 0.000191
1757663161.085127 -0.020409 -0.019646 -0.103952 0.015831 -0.015794 0.035373 -0.066949 0.024223 0.023842 0.012779 0.016952 -0.003249 -0.030708 -0.029182 -0.002098 -0.000191 0.018883 0.068856 -0.089074 0.449950 -0.234798 0.979820 0.000191
1757663161.087127 -0.020409 -0.019646 -0.103952 0.015831 -0.015794 0.035373 -0.066949 0.024223 0.023842 0.012779 0.016952 -0.003249 -0.030708 -0.029182 -0.002098 -0.000191 0.018883 0.068856 -0.089074 0.449950 -0.234798 0.979820 0.000191
1757663161.089123 -0.020409 -0.019646 -0.103952 0.015831 -0.015794 0.035373 -0.066949 0.024223 0.023842 0.012779 0.016952 -0.003249 -0.030708 -0.029182 -0.002098 -0.000191 0.018883 0.068856 -0.089074 0.449950 -0.234798 0.979820 0.000191
1757663161.091149 -0.020409 -0.019646 -0.103952 0.015831 -0.015794 0.035373 -0.066949 0.024223 0.023842 0.012779 0.016952 -0.003249 -0.030708 -0.029182 -0.002098 -0.000191 0.018883 0.068856 -0.089074 0.449950 -0.234798 0.979820 0.000191
1757663161.093147 -0.020409 -0.019646 -0.103952 0.015831 -0.015794 0.035373 -0.066949 0.024223 0.023842 0.012779 0.016952 -0.003249 -0.030708 -0.029182 -0.002098 -0.000191 0.018883 0.068856 -0.089074 0.449950 -0.234798 0.979820 0.000191
1757663161.095134 -0.020409 -0.019646 -0.103952 0.015831 -0.015794 0.035373 -0.066949 0.024223 0.023842 0.012779 0.016952 -0.003249 -0.030708 -0.029182 -0.002098 -0.000191 0.018883 0.068856 -0.089074 0.449950 -0.234417 0.979820 0.000191
1757663161.097136 -0.020409 -0.019646 -0.103952 0.015831 -0.015794 0.035373 -0.066949 0.024223 0.023842 0.012779 0.016952 -0.003249 -0.030708 -0.029182 -0.002098 -0.000191 0.018883 0.068856 -0.089074 0.449950 -0.234417 0.979820 0.000191
1757663161.099185 -0.020409 -0.019646 -0.103952 0.015831 -0.015794 0.035373 -0.066949 0.024223 0.023842 0.012779 0.016952 -0.003249 -0.030708 -0.029182 -0.002098 -0.000191 0.018883 0.068856 -0.089074 0.449950 -0.234417 0.979820 0.000191
1757663161.101150 -0.020409 -0.019646 -0.103952 0.015831 -0.015794 0.035373 -0.066949 0.024223 0.023842 0.012779 0.016952 -0.003249 -0.030708 -0.029182 -0.002098 -0.000191 0.018883 0.068856 -0.089074 0.449950 -0.234417 0.979820 0.000191
1757663161.103136 -0.020409 -0.019646 -0.103952 0.015831 -0.015794 0.035373 -0.066949 0.024223 0.023842 0.012779 0.016952 -0.003249 -0.030708 -0.029182 -0.002098 -0.000191 0.018883 0.068856 -0.089074 0.449950 -0.234417 0.979820 0.000191
1757663161.105128 -0.020409 -0.019646 -0.103952 0.015831 -0.015794 0.035373 -0.066949 0.024223 0.023842 0.012779 0.016952 -0.003249 -0.030708 -0.029182 -0.002098 -0.000191 0.018883 0.068475 -0.089074 0.449950 -0.234417 0.979820 0.000191
1757663161.107127 -0.020409 -0.019646 -0.103952 0.015831 -0.015794 0.035373 -0.066949 0.024223 0.023842 0.012779 0.016952 -0.003249 -0.030708 -0.029182 -0.002098 -0.000191 0.018883 0.068856 -0.089074 0.449950 -0.234417 0.979820 0.000191
1757663161.109127 -0.020409 -0.019646 -0.103952 0.015831 -0.015794 0.035373 -0.066949 0.024223 0.023842 0.012779 0.016952 -0.003249 -0.030708 -0.029182 -0.002098 -0.000191 0.018883 0.068475 -0.089074 0.449950 -0.234035 0.979820 0.000191
1757663161.111125 -0.020409 -0.019646 -0.103952 0.015831 -0.015794 0.035373 -0.066949 0.024223 0.023842 0.012779 0.016952 -0.003249 -0.030708 -0.029182 -0.002098 -0.000191 0.018883 0.068475 -0.089074 0.449950 -0.234035 0.979820 0.000191
1757663161.113127 -0.020409 -0.019646 -0.103952 0.015831 -0.015794 0.035373 -0.066949 0.024223 0.023842 0.012779 0.016952 -0.003249 -0.030708 -0.029182 -0.002098 -0.000191 0.018883 0.068475 -0.089074 0.449950 -0.234035 0.979820 0.000191
1757663161.115124 -0.020409 -0.019646 -0.103952 0.015831 -0.015794 0.035373 -0.066949 0.024223 0.023842 0.012779 0.016952 -0.003249 -0.030708 -0.029182 -0.002098 -0.000191 0.018883 0.068475 -0.089074 0.449950 -0.234035 0.979820 0.000191
1757663161.117127 -0.020409 -0.019646 -0.103952 0.015831 -0.015794 0.035373 -0.066949 0.024223 0.023842 0.012779 0.016952 -0.003249 -0.030708 -0.029182 -0.002098 -0.000191 0.018883 0.068475 -0.089074 0.449950 -0.234035 0.979820 0.000191
1757663161.119131 -0.020409 -0.019646 -0.103952 0.015831 -0.015794 0.035373 -0.066949 0.024223 0.023842 0.012779 0.016952 -0.003249 -0.030708 -0.029182 -0.002098 -0.000191 0.018883 0.068475 -0.089074 0.449950 -0.234035 0.979820 0.000191
1757663161.121130 -0.020409 -0.019646 -0.103952 0.015831 -0.015794 0.035373 -0.066949 0.024223 0.023842 0.012779 0.016952 -0.003249 -0.030708 -0.029182 -0.002098 -0.000191 0.018883 0.068475 -0.088693 0.449950 -0.234035 0.979820 0.000191
1757663161.123188 -0.020409 -0.019646 -0.103952 0.015831 -0.015794 0.035373 -0.066949 0.024223 0.023842 0.012779 0.016952 -0.003249 -0.030708 -0.029182 -0.002098 -0.000191 0.018883 0.068475 -0.088693 0.449950 -0.233654 0.979820 0.000191
1757663161.125137 -0.020409 -0.019646 -0.103952 0.015831 -0.015794 0.035373 -0.066949 0.024223 0.023842 0.012779 0.016952 -0.003249 -0.030708 -0.029182 -0.002098 -0.000191 0.018883 0.068475 -0.088693 0.449950 -0.233654 0.979820 0.000191
1757663161.127135 -0.020409 -0.019646 -0.103952 0.015831 -0.015794 0.035373 -0.066949 0.024223 0.023842 0.012779 0.016952 -0.003249 -0.030708 -0.029182 -0.002098 -0.000191 0.018883 0.068475 -0.088693 0.449950 -0.233654 0.979820 0.000191
1757663161.129156 -0.020409 -0.019646 -0.103952 0.015831 -0.015794 0.035373 -0.066949 0.024223 0.023842 0.012779 0.016952 -0.003249 -0.030708 -0.029182 -0.002098 -0.000191 0.018883 0.068093 -0.088693 0.449950 -0.233654 0.979820 0.000191
1757663161.131134 -0.020409 -0.019646 -0.103952 0.015831 -0.015794 0.035373 -0.066949 0.024223 0.023842 0.012779 0.016952 -0.003249 -0.030708 -0.029182 -0.002098 -0.000191 0.018883 0.068093 -0.088693 0.449950 -0.233654 0.979820 0.000191
1757663161.133134 -0.020409 -0.019646 -0.103952 0.015831 -0.015794 0.035373 -0.066949 0.024223 0.023842 0.012779 0.016952 -0.003249 -0.030708 -0.029182 -0.002098 -0.000191 0.018883 0.068093 -0.088693 0.449950 -0.233654 0.979820 0.000191
1757663161.135126 -0.020409 -0.019646 -0.103952 0.015831 -0.015794 0.035373 -0.066949 0.024223 0.023842 0.012779 0.016952 -0.003249 -0.030708 -0.029182 -0.002098 -0.000191 0.018883 0.068093 -0.088693 0.449950 -0.233654 0.979820 0.000191
1757663161.137133 -0.020409 -0.019646 -0.103952 0.015831 -0.015794 0.035373 -0.066949 0.024223 0.023842 0.012779 0.016952 -0.003249 -0.030708 -0.029182 -0.002098 -0.000191 0.018883 0.068093 -0.088693 0.449950 -0.233654 0.979820 0.000191
1757663161.139127 -0.020409 -0.019646 -0.103952 0.015831 -0.015794 0.035373 -0.066949 0.024223 0.023842 0.012779 0.016952 -0.003249 -0.030708 -0.029182 -0.002098 -0.000191 0.018883 0.068093 -0.088693 0.449950 -0.233273 0.979820 0.000191
1757663161.141125 -0.020409 -0.019646 -0.103952 0.015831 -0.015794 0.035373 -0.066949 0.024223 0.023842 0.012779 0.016952 -0.003249 -0.030708 -0.029182 -0.002098 -0.000191 0.018883 0.068093 -0.088693 0.449950 -0.233273 0.979820 0.000191
1757663161.143127 -0.020409 -0.019646 -0.103952 0.015831 -0.015794 0.035373 -0.066949 0.024223 0.023842 0.012779 0.016952 -0.003249 -0.030708 -0.029182 -0.002098 -0.000191 0.018883 0.068093 -0.088693 0.449950 -0.233273 0.979820 0.000191
1757663161.145129 -0.020409 -0.019646 -0.103952 0.015831 -0.015794 0.035373 -0.066949 0.024223 0.023842 0.012779 0.016952 -0.003249 -0.030708 -0.029182 -0.002098 -0.000191 0.018883 0.068093 -0.088693 0.449950 -0.233273 0.979820 0.000191
1757663161.147143 -0.020409 -0.019646 -0.103952 0.015831 -0.015794 0.035373 -0.066949 0.024223 0.023842 0.012779 0.016952 -0.003249 -0.030708 -0.029182 -0.002098 -0.000191 0.018883 0.068093 -0.088693 0.449950 -0.233273 0.979820 0.000191
1757663161.149127 -0.020409 -0.019646 -0.103952 0.015831 -0.015794 0.035373 -0.066949 0.024223 0.023842 0.012779 0.016952 -0.003249 -0.030708 -0.029182 -0.002098 -0.000191 0.018883 0.068093 -0.088693 0.449950 -0.233273 0.979820 0.000191
1757663161.151146 -0.020409 -0.019646 -0.103952 0.015831 -0.015794 0.035373 -0.066949 0.024223 0.023842 0.012779 0.016952 -0.003249 -0.030708 -0.029182 -0.002098 -0.000191 0.018883 0.068093 -0.088693 0.449950 -0.233273 0.979820 0.000191
1757663161.153123 -0.020409 -0.019646 -0.103952 0.015831 -0.015794 0.035373 -0.066949 0.024223 0.023842 0.012779 0.016952 -0.003249 -0.030708 -0.029182 -0.002098 -0.000191 0.018883 0.068093 -0.088693 0.449950 -0.232891 0.979820 0.000191
1757663161.155177 -0.020409 -0.019646 -0.103952 0.015831 -0.015794 0.035373 -0.066949 0.024223 0.023842 0.012779 0.016952 -0.003249 -0.030708 -0.029182 -0.002098 -0.000191 0.018883 0.068093 -0.088693 0.449950 -0.232891 0.979820 0.000191
1757663161.157135 -0.020409 -0.019646 -0.103952 0.015831 -0.015794 0.035373 -0.066949 0.024223 0.023842 0.012779 0.016952 -0.003249 -0.030708 -0.029182 -0.002098 -0.000191 0.018883 0.067712 -0.088693 0.449950 -0.232891 0.979820 0.000191
1757663161.159136 -0.020409 -0.019646 -0.103952 0.015831 -0.015794 0.035373 -0.066949 0.024223 0.023842 0.012779 0.016952 -0.003249 -0.030708 -0.029182 -0.002098 -0.000191 0.018883 0.067712 -0.088693 0.449950 -0.232891 0.979820 0.000191
1757663161.161128 -0.020409 -0.019646 -0.103952 0.015831 -0.015794 0.035373 -0.066949 0.024223 0.023842 0.012779 0.016952 -0.003249 -0.030708 -0.029182 -0.002098 -0.000191 0.018883 0.067712 -0.088693 0.449950 -0.232891 0.979820 0.000191
1757663161.163136 -0.020409 -0.019646 -0.103952 0.015831 -0.015794 0.035373 -0.066949 0.024223 0.023842 0.012779 0.016952 -0.003249 -0.030708 -0.029182 -0.002098 -0.000191 0.018883 0.067712 -0.088693 0.449950 -0.232891 0.979820 0.000191
1757663161.165133 -0.020409 -0.019646 -0.103952 0.015831 -0.015794 0.035373 -0.066949 0.024223 0.023842 0.012779 0.016952 -0.003249 -0.030708 -0.029182 -0.002098 -0.000191 0.018883 0.067712 -0.088693 0.449950 -0.232891 0.979820 0.000191
1757663161.167126 -0.020409 -0.019646 -0.103952 0.015831 -0.015794 0.035373 -0.066949 0.024223 0.023842 0.012779 0.016952 -0.003249 -0.030708 -0.029182 -0.002098 -0.000191 0.018883 0.067712 -0.088693 0.449950 -0.232891 0.979820 0.000191
1757663161.169127 -0.020409 -0.019646 -0.103952 0.015831 -0.015794 0.035373 -0.066949 0.024223 0.023842 0.012779 0.016952 -0.003249 -0.030708 -0.029182 -0.002098 -0.000191 0.018883 0.067712 -0.088693 0.449950 -0.232891 0.979820 0.000191
1757663161.171131 -0.020409 -0.019646 -0.103952 0.015831 -0.015794 0.035373 -0.066949 0.024223 0.023842 0.012779 0.016952 -0.003249 -0.030708 -0.029182 -0.002098 -0.000191 0.018883 0.067712 -0.088693 0.449950 -0.232891 0.979820 0.000191
1757663161.173124 -0.020409 -0.019646 -0.103952 0.015831 -0.015794 0.035373 -0.066949 0.024223 0.023842 0.012779 0.016952 -0.003249 -0.030708 -0.029182 -0.002098 -0.000191 0.018883 0.067712 -0.088693 0.449950 -0.232510 0.979820 0.000191
1757663161.175128 -0.020409 -0.019646 -0.103952 0.015831 -0.015794 0.035373 -0.066949 0.024223 0.023842 0.012779 0.016952 -0.003249 -0.030708 -0.029182 -0.002098 -0.000191 0.018883 0.067712 -0.088311 0.449950 -0.232510 0.979820 0.000191
1757663161.177126 -0.020409 -0.019646 -0.103952 0.015831 -0.015794 0.035373 -0.066949 0.024223 0.023842 0.012779 0.016952 -0.003249 -0.030708 -0.029182 -0.002098 -0.000191 0.018883 0.067712 -0.088693 0.449950 -0.232510 0.979820 0.000191
1757663161.179127 -0.020409 -0.019646 -0.103952 0.015831 -0.015794 0.035373 -0.066949 0.024223 0.023842 0.012779 0.016952 -0.003249 -0.030708 -0.029182 -0.002098 -0.000191 0.018883 0.067712 -0.088311 0.449950 -0.232510 0.979820 0.000191
1757663161.181126 -0.020409 -0.019646 -0.103952 0.015831 -0.015794 0.035373 -0.066949 0.024223 0.023842 0.012779 0.016952 -0.003249 -0.030708 -0.029182 -0.002098 -0.000191 0.018883 0.067712 -0.088311 0.449950 -0.232510 0.979820 0.000191
1757663161.183125 -0.020409 -0.019646 -0.103952 0.015831 -0.015794 0.035373 -0.066949 0.024223 0.023842 0.012779 0.016952 -0.003249 -0.030708 -0.029182 -0.002098 -0.000191 0.018883 0.067712 -0.088311 0.449950 -0.232510 0.979820 0.000191
1757663161.185138 -0.020409 -0.019646 -0.103952 0.015831 -0.015794 0.035373 -0.066949 0.024223 0.023842 0.012779 0.016952 -0.003249 -0.030708 -0.029182 -0.002098 -0.000191 0.018883 0.067712 -0.088311 0.449950 -0.232510 0.979820 0.000191
1757663161.187211 -0.020409 -0.019646 -0.103952 0.015831 -0.015794 0.035373 -0.066949 0.024223 0.023842 0.012779 0.016952 -0.003249 -0.030708 -0.029182 -0.002098 -0.000191 0.018883 0.067712 -0.088311 0.449950 -0.232510 0.979820 0.000191
