1757579847.249820 -0.015831 -0.005531 0.002098 0.087167 -0.023460 0.045968 0.001717 0.009727
1757579847.251815 -0.015831 -0.005531 0.002098 0.087167 -0.023460 0.045968 0.001717 0.009727
1757579847.253807 -0.015831 -0.005531 0.002098 0.087167 -0.023460 0.045968 0.001717 0.009727
1757579847.255816 -0.015831 -0.005531 0.002098 0.087167 -0.023460 0.045968 0.001717 0.009727
1757579847.257810 -0.015831 -0.005531 0.002098 0.087167 -0.023460 0.045968 0.001717 0.009727
1757579847.259812 -0.015831 -0.005531 0.002098 0.087167 -0.023460 0.045968 0.001717 0.009727
1757579847.261811 -0.015831 -0.005531 0.002098 0.087167 -0.023460 0.045968 0.001717 0.009727
1757579847.263812 -0.015831 -0.005531 0.002098 0.087167 -0.023460 0.045968 0.001717 0.009727
1757579847.265817 -0.015831 -0.005531 0.002098 0.087167 -0.023460 0.045968 0.001717 0.009727
1757579847.267808 -0.015831 -0.005531 0.002098 0.087167 -0.023460 0.045968 0.001717 0.009727
1757579847.269806 -0.015831 -0.005531 0.002098 0.087167 -0.023460 0.045968 0.001717 0.009727
1757579847.271799 -0.015831 -0.005531 0.002098 0.087167 -0.023460 0.045968 0.001717 0.009727
1757579847.273807 -0.015831 -0.005531 0.002098 0.087167 -0.023460 0.045968 0.001717 0.009727
1757579847.275807 -0.015831 -0.005531 0.002098 0.087167 -0.023460 0.045968 0.001717 0.009727
1757579847.277793 -0.015831 -0.005531 0.002098 0.087167 -0.023460 0.045968 0.001717 0.009727
1757579847.279836 -0.015831 -0.005531 0.002098 0.087167 -0.023460 0.045968 0.001717 0.009727
1757579847.281815 -0.015831 -0.005531 0.002098 0.087167 -0.023460 0.045968 0.001717 0.009727
1757579847.283780 -0.015831 -0.005531 0.002098 0.087167 -0.023460 0.045968 0.001717 0.009727
1757579847.285775 -0.015831 -0.005531 0.002098 0.087167 -0.023460 0.045968 0.001717 0.009727
1757579847.287797 -0.015831 -0.005531 0.002098 0.087167 -0.023460 0.045968 0.001717 0.009727
1757579847.289775 -0.015831 -0.005531 0.002098 0.087167 -0.023460 0.045968 0.001717 0.009727
1757579847.291774 -0.015831 -0.005531 0.002098 0.087167 -0.023460 0.045968 0.001717 0.009727
1757579847.293768 -0.015831 -0.005531 0.002098 0.087167 -0.023460 0.045968 0.001717 0.009727
1757579847.295784 -0.015831 -0.005531 0.002098 0.087167 -0.023460 0.045968 0.001717 0.009727
1757579847.297771 -0.015831 -0.005531 0.002098 0.087167 -0.023460 0.045968 0.001717 0.009727
1757579847.299741 -0.015831 -0.005531 0.002098 0.087167 -0.023460 0.045968 0.001717 0.009727
1757579847.301721 -0.015831 -0.005531 0.002098 0.087167 -0.023460 0.045968 0.001717 0.009727
1757579847.303742 -0.015831 -0.005531 0.002098 0.087167 -0.023460 0.045968 0.001717 0.009727
1757579847.305735 -0.015831 -0.005531 0.002098 0.087167 -0.023460 0.045968 0.001717 0.009727
1757579847.307737 -0.015831 -0.005531 0.002098 0.087167 -0.023460 0.045968 0.001717 0.009727
1757579847.309734 -0.015831 -0.005531 0.002098 0.087167 -0.023460 0.045968 0.001717 0.009727
1757579847.311730 -0.015831 -0.005531 0.002098 0.087167 -0.023460 0.045968 0.001717 0.009727
1757579847.313722 -0.015831 -0.005531 0.002098 0.087167 -0.023460 0.045968 0.001717 0.009727
1757579847.315723 -0.015831 -0.005531 0.002098 0.087167 -0.023460 0.045968 0.001717 0.009727
1757579847.317723 -0.015831 -0.005531 0.002098 0.087167 -0.023460 0.045968 0.001717 0.009727
1757579847.319733 -0.015831 -0.005531 0.002098 0.087167 -0.023460 0.045968 0.001717 0.009727
1757579847.321726 -0.015831 -0.005531 0.002098 0.087167 -0.023460 0.045968 0.001717 0.009727
1757579847.323734 -0.015831 -0.005531 0.002098 0.087167 -0.023460 0.045968 0.001717 0.009727
1757579847.325738 -0.015831 -0.005531 0.002098 0.087167 -0.023460 0.045968 0.001717 0.009727
1757579847.327821 -0.015831 -0.005531 0.002098 0.087167 -0.023460 0.045968 0.001717 0.009727
1757579847.329808 -0.015831 -0.005531 0.002098 0.087167 -0.023460 0.045968 0.001717 0.009727
1757579847.331807 -0.015831 -0.005531 0.002098 0.087167 -0.023460 0.045968 0.001717 0.009727
1757579847.333808 -0.015831 -0.005531 0.002098 0.087167 -0.023460 0.045968 0.001717 0.009727
1757579847.335819 -0.015831 -0.005531 0.002098 0.087167 -0.023460 0.045968 0.001717 0.009727
1757579847.337808 -0.015831 -0.005531 0.002098 0.087167 -0.023460 0.045968 0.001717 0.009727
1757579847.339818 -0.015831 -0.005531 0.002098 0.087167 -0.023460 0.045968 0.001717 0.009727
1757579847.341808 -0.015831 -0.005531 0.002098 0.087167 -0.023460 0.045968 0.001717 0.009727
1757579847.343835 -0.015831 -0.005531 0.002098 0.087167 -0.023460 0.045968 0.001717 0.009727
1757579847.345871 -0.015831 -0.005531 0.002098 0.087167 -0.023460 0.045968 0.001717 0.009727
1757579847.347805 -0.015831 -0.005531 0.002098 0.087167 -0.023460 0.045968 0.001717 0.009727
1757579847.349808 -0.015831 -0.005531 0.002098 0.087167 -0.023460 0.045968 0.001717 0.009727
1757579847.351806 -0.015831 -0.005531 0.002098 0.087167 -0.023460 0.045968 0.001717 0.009727
1757579847.353813 -0.015831 -0.005531 0.002098 0.087167 -0.023460 0.045968 0.001717 0.009727
1757579847.355806 -0.015831 -0.005531 0.002098 0.087167 -0.023460 0.045968 0.001717 0.009727
1757579847.357785 -0.015831 -0.005531 0.002098 0.087167 -0.023460 0.045968 0.001717 0.009727
1757579847.359782 -0.015831 -0.005531 0.002098 0.087167 -0.023460 0.045968 0.001717 0.009727
1757579847.361775 -0.015831 -0.005531 0.002098 0.087167 -0.023460 0.045968 0.001717 0.009727
1757579847.363770 -0.015831 -0.005531 0.002098 0.087167 -0.023460 0.045968 0.001717 0.009727
1757579847.365778 -0.015831 -0.005531 0.002098 0.087167 -0.023460 0.045968 0.001717 0.009727
1757579847.367812 -0.015831 -0.005531 0.002098 0.087167 -0.023460 0.045968 0.001717 0.009727
1757579847.369821 -0.015831 -0.005531 0.002098 0.087167 -0.023460 0.045968 0.001717 0.009727
1757579847.371776 -0.015831 -0.005531 0.002098 0.087167 -0.023460 0.045968 0.001717 0.009727
1757579847.373777 -0.015831 -0.005531 0.002098 0.087167 -0.023460 0.045968 0.001717 0.009727
1757579847.375771 -0.015831 -0.005531 0.002098 0.087167 -0.023460 0.045968 0.001717 0.009727
1757579847.377774 -0.015831 -0.005531 0.002098 0.087167 -0.023460 0.045968 0.001717 0.009727
1757579847.379769 -0.015831 -0.005531 0.002098 0.087167 -0.023460 0.045968 0.001717 0.009727
1757579847.381775 -0.015831 -0.005531 0.002098 0.087167 -0.023460 0.045968 0.001717 0.009727
1757579847.383770 -0.015831 -0.005531 0.002098 0.087167 -0.023460 0.045968 0.001717 0.009727
1757579847.385774 -0.015831 -0.005531 0.002098 0.087167 -0.023460 0.045968 0.001717 0.009727
1757579847.387769 -0.015831 -0.005531 0.002098 0.087167 -0.023460 0.045968 0.001717 0.009727
1757579847.389776 -0.015831 -0.005531 0.002098 0.087167 -0.023460 0.045968 0.001717 0.009727
1757579847.391770 -0.015831 -0.005531 0.002098 0.087167 -0.023460 0.045968 0.001717 0.009727
1757579847.393810 -0.015831 -0.005531 0.002098 0.087167 -0.023460 0.045968 0.001717 0.009727
1757579847.395808 -0.015831 -0.005531 0.002098 0.087167 -0.023460 0.045968 0.001717 0.009727
1757579847.397778 -0.015831 -0.005531 0.002098 0.087167 -0.023460 0.045968 0.001717 0.009727
1757579847.399805 -0.015831 -0.005531 0.002098 0.087167 -0.023460 0.045968 0.001717 0.009727
1757579847.401800 -0.015831 -0.005531 0.002098 0.087167 -0.023460 0.045968 0.001717 0.009727
1757579847.403771 -0.015831 -0.005531 0.002098 0.087167 -0.023460 0.045968 0.001717 0.009727
1757579847.405777 -0.015831 -0.005531 0.002098 0.087167 -0.023460 0.045968 0.001717 0.009727
1757579847.407771 -0.015831 -0.005531 0.002098 0.087167 -0.023460 0.045968 0.001717 0.009727
1757579847.409772 -0.015831 -0.005531 0.002098 0.087167 -0.023460 0.045968 0.001717 0.009727
1757579847.411768 -0.015831 -0.005531 0.002098 0.087167 -0.023460 0.045968 0.001717 0.009727
1757579847.413770 -0.015831 -0.005531 0.002098 0.087167 -0.023460 0.045968 0.001717 0.009727
1757579847.415813 -0.015831 -0.005531 0.002098 0.087167 -0.023460 0.045968 0.001717 0.009727
1757579847.417811 -0.015831 -0.005531 0.002098 0.087167 -0.023460 0.045968 0.001717 0.009727
1757579847.419785 -0.015831 -0.005531 0.002098 0.087167 -0.023460 0.045968 0.001717 0.009727
1757579847.421778 -0.015831 -0.005531 0.002098 0.087167 -0.023460 0.045968 0.001717 0.009727
1757579847.423772 -0.015831 -0.005531 0.002098 0.087167 -0.023460 0.045968 0.001717 0.009727
1757579847.425810 -0.015831 -0.005531 0.002098 0.087167 -0.023460 0.045968 0.001717 0.009727
1757579847.427809 -0.015831 -0.005531 0.002098 0.087167 -0.023460 0.045968 0.001717 0.009727
1757579847.429780 -0.015831 -0.005531 0.002098 0.087167 -0.023460 0.045968 0.001717 0.009727
1757579847.431815 -0.015831 -0.005531 0.002098 0.087167 -0.023460 0.045968 0.001717 0.009727
1757579847.433780 -0.015831 -0.005531 0.002098 0.087167 -0.023460 0.045968 0.001717 0.009727
1757579847.435808 -0.015831 -0.005531 0.002098 0.087167 -0.023460 0.045968 0.001717 0.009727
1757579847.437782 -0.015831 -0.005531 0.002098 0.087167 -0.023460 0.045968 0.001717 0.009727
1757579847.439770 -0.015831 -0.005531 0.002098 0.087167 -0.023460 0.045968 0.001717 0.009727
1757579847.441810 -0.015831 -0.005531 0.002098 0.087167 -0.023460 0.045968 0.001717 0.009727
1757579847.443804 -0.015831 -0.005531 0.002098 0.087167 -0.023460 0.045968 0.001717 0.009727
1757579847.445781 -0.015831 -0.005531 0.002098 0.087167 -0.023460 0.045968 0.001717 0.009727
1757579847.447775 -0.015831 -0.005531 0.002098 0.087167 -0.023460 0.045968 0.001717 0.009727
1757579847.449810 -0.015831 -0.005531 0.002098 0.087167 -0.023460 0.045968 0.001717 0.009727
1757579847.451810 -0.015831 -0.005531 0.002098 0.087167 -0.023460 0.045968 0.001717 0.009727
1757579847.453790 -0.015831 -0.005531 0.002098 0.087167 -0.023460 0.045968 0.001717 0.009727
1757579847.455809 -0.015831 -0.005531 0.002098 0.087167 -0.023460 0.045968 0.001717 0.009727
1757579847.457777 -0.015831 -0.005531 0.002098 0.087167 -0.023460 0.045968 0.001717 0.009727
1757579847.459810 -0.015831 -0.005531 0.002098 0.087167 -0.023460 0.045968 0.001717 0.009727
1757579847.461817 -0.015831 -0.005531 0.002098 0.087167 -0.023460 0.045968 0.001717 0.009727
1757579847.463793 -0.015831 -0.005531 0.002098 0.087167 -0.023460 0.045968 0.001717 0.009727
1757579847.465780 -0.015831 -0.005531 0.002098 0.087167 -0.023460 0.045968 0.001717 0.009727
1757579847.467808 -0.015831 -0.005531 0.002098 0.087167 -0.023460 0.045968 0.001717 0.009727
1757579847.469810 -0.015831 -0.005531 0.002098 0.087167 -0.023460 0.045968 0.001717 0.009727
1757579847.471804 -0.015831 -0.005531 0.002098 0.087167 -0.023460 0.045968 0.001717 0.009727
1757579847.473782 -0.015831 -0.005531 0.002098 0.087167 -0.023460 0.045968 0.001717 0.009727
1757579847.475773 -0.015831 -0.005531 0.002098 0.087167 -0.023460 0.045968 0.001717 0.009727
1757579847.477811 -0.015831 -0.005531 0.002098 0.087167 -0.023460 0.045968 0.001717 0.009727
1757579847.479810 -0.015831 -0.005531 0.002098 0.087167 -0.023460 0.045968 0.001717 0.009727
1757579847.481781 -0.015831 -0.005531 0.002098 0.087167 -0.023460 0.045968 0.001717 0.009727
1757579847.483775 -0.015831 -0.005531 0.002098 0.087167 -0.023460 0.045968 0.001717 0.009727
1757579847.485806 -0.015831 -0.005531 0.002098 0.087167 -0.023460 0.045968 0.001717 0.009727
1757579847.487806 -0.015831 -0.005531 0.002098 0.087167 -0.023460 0.045968 0.001717 0.009727
1757579847.489783 -0.015831 -0.005531 0.002098 0.087167 -0.023460 0.045968 0.001717 0.009727
1757579847.491807 -0.015831 -0.005531 0.002098 0.087167 -0.023460 0.045968 0.001717 0.009727
1757579847.493844 -0.015831 -0.005531 0.002098 0.087167 -0.023460 0.045968 0.001717 0.009727
1757579847.495809 -0.015831 -0.005531 0.002098 0.087167 -0.023460 0.045968 0.001717 0.009727
1757579847.497813 -0.015831 -0.005531 0.002098 0.087167 -0.023460 0.045968 0.001717 0.009727
1757579847.499799 -0.015831 -0.005531 0.002098 0.087167 -0.023460 0.045968 0.001717 0.009727
1757579847.501810 -0.015831 -0.005531 0.002098 0.087167 -0.023460 0.045968 0.001717 0.009727
1757579847.503807 -0.015831 -0.005531 0.002098 0.087167 -0.023460 0.045968 0.001717 0.009727
1757579847.505811 -0.015831 -0.005531 0.002098 0.087167 -0.023460 0.045968 0.001717 0.009727
1757579847.507808 -0.015831 -0.005531 0.002098 0.087167 -0.023460 0.045968 0.001717 0.009727
1757579847.509811 -0.015831 -0.005531 0.002098 0.087167 -0.023460 0.045968 0.001717 0.009727
1757579847.511809 -0.015831 -0.005531 0.002098 0.087167 -0.023460 0.045968 0.001717 0.009727
1757579847.513812 -0.015831 -0.005531 0.002098 0.087167 -0.023460 0.045968 0.001717 0.009727
1757579847.515807 -0.015831 -0.005531 0.002098 0.087167 -0.023460 0.045968 0.001717 0.009727
1757579847.517812 -0.015831 -0.005531 0.002098 0.087167 -0.023460 0.045968 0.001717 0.009727
1757579847.519810 -0.015831 -0.005531 0.002098 0.087167 -0.023460 0.045968 0.001717 0.009727
1757579847.521812 -0.015831 -0.005531 0.002098 0.087167 -0.023460 0.045968 0.001717 0.009727
1757579847.523803 -0.015831 -0.005531 0.002098 0.087167 -0.023460 0.045968 0.001717 0.009727
1757579847.525815 -0.015831 -0.005531 0.002098 0.087167 -0.023460 0.045968 0.001717 0.009727
1757579847.527808 -0.015831 -0.005531 0.002098 0.087167 -0.023460 0.045968 0.001717 0.009727
1757579847.529841 -0.015831 -0.005531 0.002098 0.087167 -0.023460 0.045968 0.001717 0.009727
1757579847.531792 -0.015831 -0.005531 0.002098 0.087167 -0.023460 0.045968 0.001717 0.009727
1757579847.533805 -0.015831 -0.005531 0.002098 0.087167 -0.023460 0.045968 0.001717 0.009727
1757579847.535843 -0.015831 -0.005531 0.002098 0.087167 -0.023460 0.045968 0.001717 0.009727
1757579847.537819 -0.015831 -0.005531 0.002098 0.087167 -0.023460 0.045968 0.001717 0.009727
1757579847.539805 -0.015831 -0.005531 0.002098 0.087167 -0.023460 0.045968 0.001717 0.009727
1757579847.541812 -0.015831 -0.005531 0.002098 0.087167 -0.023460 0.045968 0.001717 0.009727
1757579847.543808 -0.015831 -0.005531 0.002098 0.087167 -0.023460 0.045968 0.001717 0.009727
1757579847.545798 -0.015831 -0.005531 0.002098 0.087167 -0.023460 0.045968 0.001717 0.009727
1757579847.547808 -0.015831 -0.005531 0.002098 0.087167 -0.023460 0.045968 0.001717 0.009727
1757579847.549771 -0.015831 -0.005531 0.002098 0.087167 -0.023460 0.045968 0.001717 0.009727
1757579847.551791 -0.015831 -0.005531 0.002098 0.087167 -0.023460 0.045968 0.001717 0.009727
1757579847.553775 -0.015831 -0.005531 0.002098 0.087167 -0.023460 0.045968 0.001717 0.009727
1757579847.555800 -0.015831 -0.005531 0.002098 0.087167 -0.023460 0.045968 0.001717 0.009727
1757579847.557808 -0.015831 -0.005531 0.002098 0.087167 -0.023460 0.045968 0.001717 0.009727
1757579847.559762 -0.015831 -0.005531 0.002098 0.087167 -0.023460 0.045968 0.001717 0.009727
1757579847.561767 -0.015831 -0.005531 0.002098 0.087167 -0.023460 0.045968 0.001717 0.009727
1757579847.563764 -0.015831 -0.005531 0.002098 0.087167 -0.023460 0.045968 0.001717 0.009727
1757579847.565768 -0.015831 -0.005531 0.002098 0.087167 -0.023460 0.045968 0.001717 0.009727
1757579847.567761 -0.015831 -0.005531 0.002098 0.087167 -0.023460 0.045968 0.001717 0.009727
1757579847.569782 -0.015831 -0.005531 0.002098 0.087167 -0.023460 0.045968 0.001717 0.009727
1757579847.571766 -0.015831 -0.005531 0.002098 0.087167 -0.023460 0.045968 0.001717 0.009727
1757579847.573819 -0.015831 -0.005531 0.002098 0.087167 -0.023460 0.045968 0.001717 0.009727
1757579847.575788 -0.015831 -0.005531 0.002098 0.087167 -0.023460 0.045968 0.001717 0.009727
1757579847.577780 -0.015831 -0.005531 0.002098 0.087167 -0.023460 0.045968 0.001717 0.009727
1757579847.579769 -0.015831 -0.005531 0.002098 0.087167 -0.023460 0.045968 0.001717 0.009727
1757579847.581825 -0.015831 -0.005531 0.002098 0.087167 -0.023460 0.045968 0.001717 0.009727
1757579847.583778 -0.015831 -0.005531 0.002098 0.087167 -0.023460 0.045968 0.001717 0.009727
1757579847.585765 -0.015831 -0.005531 0.002098 0.087167 -0.023460 0.045968 0.001717 0.009727
1757579847.587795 -0.015831 -0.005531 0.002098 0.087167 -0.023460 0.045968 0.001717 0.009727
1757579847.589816 -0.015831 -0.005531 0.002098 0.087167 -0.023460 0.045968 0.001717 0.009727
1757579847.591793 -0.015831 -0.005531 0.002098 0.087167 -0.023460 0.045968 0.001717 0.009727
1757579847.593809 -0.015831 -0.005531 0.002098 0.087167 -0.023460 0.045968 0.001717 0.009727
1757579847.595769 -0.015831 -0.005531 0.002098 0.087167 -0.023460 0.045968 0.001717 0.009727
1757579847.597764 -0.015831 -0.005531 0.002098 0.087167 -0.023460 0.045968 0.001717 0.009727
1757579847.599769 -0.015831 -0.005531 0.002098 0.087167 -0.023460 0.045968 0.001717 0.009727
1757579847.601764 -0.015831 -0.005531 0.002098 0.087167 -0.023460 0.045968 0.001717 0.009727
1757579847.603760 -0.015831 -0.005531 0.002098 0.087167 -0.023460 0.045968 0.001717 0.009727
1757579847.605766 -0.015831 -0.005531 0.002098 0.087167 -0.023460 0.045968 0.001717 0.009727
1757579847.607763 -0.015831 -0.005531 0.002098 0.087167 -0.023460 0.045968 0.001717 0.009727
1757579847.609778 -0.015831 -0.005531 0.002098 0.087167 -0.023460 0.045968 0.001717 0.009727
1757579847.611768 -0.015831 -0.005531 0.002098 0.087167 -0.023460 0.045968 0.001717 0.009727
1757579847.613761 -0.015831 -0.005531 0.002098 0.087167 -0.023460 0.045968 0.001717 0.009727
1757579847.615829 -0.015831 -0.005531 0.002098 0.087167 -0.023460 0.045968 0.001717 0.009727
1757579847.617821 -0.015831 -0.005531 0.002098 0.087167 -0.023460 0.045968 0.001717 0.009727
1757579847.619774 -0.015831 -0.005531 0.002098 0.087167 -0.023460 0.045968 0.001717 0.009727
1757579847.621778 -0.015831 -0.005531 0.002098 0.087167 -0.023460 0.045968 0.001717 0.009727
1757579847.623772 -0.015831 -0.005531 0.002098 0.087167 -0.023460 0.045968 0.001717 0.009727
1757579847.625765 -0.015831 -0.005531 0.002098 0.087167 -0.023460 0.045968 0.001717 0.009727
1757579847.627770 -0.015831 -0.005531 0.002098 0.087167 -0.023460 0.045968 0.001717 0.009727
1757579847.629763 -0.015831 -0.005531 0.002098 0.087167 -0.023460 0.045968 0.001717 0.009727
1757579847.631766 -0.015831 -0.005531 0.002098 0.087167 -0.023460 0.045968 0.001717 0.009727
1757579847.633765 -0.015831 -0.005531 0.002098 0.087167 -0.023460 0.045968 0.001717 0.009727
1757579847.635767 -0.015831 -0.005531 0.002098 0.087167 -0.023460 0.045968 0.001717 0.009727
1757579847.637773 -0.015831 -0.005531 0.002098 0.087167 -0.023460 0.045968 0.001717 0.009727
1757579847.639770 -0.015831 -0.005531 0.002098 0.087167 -0.023460 0.045968 0.001717 0.009727
1757579847.641766 -0.015831 -0.005531 0.002098 0.087167 -0.023460 0.045968 0.001717 0.009727
1757579847.643769 -0.015831 -0.005531 0.002098 0.087167 -0.023460 0.045968 0.001717 0.009727
1757579847.645765 -0.015831 -0.005531 0.002098 0.087167 -0.023460 0.045968 0.001717 0.009727
1757579847.647753 -0.015831 -0.005531 0.002098 0.087167 -0.023460 0.045968 0.001717 0.009727
1757579847.649784 -0.015831 -0.005531 0.002098 0.087167 -0.023460 0.045968 0.001717 0.009727
1757579847.651763 -0.015831 -0.005531 0.002098 0.087167 -0.023460 0.045968 0.001717 0.009727
1757579847.653762 -0.015831 -0.005531 0.002098 0.087167 -0.023460 0.045968 0.001717 0.009727
1757579847.655763 -0.015831 -0.005531 0.002098 0.087167 -0.023460 0.045968 0.001717 0.009727
1757579847.657769 -0.015831 -0.005531 0.002098 0.087167 -0.023460 0.045968 0.001717 0.009727
1757579847.659774 -0.015831 -0.005531 0.002098 0.087167 -0.023460 0.045968 0.001717 0.009727
1757579847.661768 -0.015831 -0.005531 0.002098 0.087167 -0.023460 0.045968 0.001717 0.009727
1757579847.663768 -0.015831 -0.005531 0.002098 0.087167 -0.023460 0.045968 0.001717 0.009727
1757579847.665764 -0.015831 -0.005531 0.002098 0.087167 -0.023460 0.045968 0.001717 0.009727
1757579847.667788 -0.015831 -0.005531 0.002098 0.087167 -0.023460 0.045968 0.001717 0.009727
1757579847.669775 -0.015831 -0.005531 0.002098 0.087167 -0.023460 0.045968 0.001717 0.009727
1757579847.671772 -0.015831 -0.005531 0.002098 0.087167 -0.023460 0.045968 0.001717 0.009727
1757579847.673763 -0.015831 -0.005531 0.002098 0.087167 -0.023460 0.045968 0.001717 0.009727
1757579847.675782 -0.015831 -0.005531 0.002098 0.087167 -0.023460 0.045968 0.001717 0.009727
1757579847.677769 -0.015831 -0.005531 0.002098 0.087167 -0.023460 0.045968 0.001717 0.009727
1757579847.679816 -0.015831 -0.005531 0.002098 0.087167 -0.023460 0.045968 0.001717 0.009727
1757579847.681772 -0.015831 -0.005531 0.002098 0.087167 -0.023460 0.045968 0.001717 0.009727
1757579847.683816 -0.015831 -0.005531 0.002098 0.087167 -0.023460 0.045968 0.001717 0.009727
1757579847.685771 -0.015831 -0.005531 0.002098 0.087167 -0.023460 0.045968 0.001717 0.009727
1757579847.687790 -0.015831 -0.005531 0.002098 0.087167 -0.023460 0.045968 0.001717 0.009727
1757579847.689774 -0.015831 -0.005531 0.002098 0.087167 -0.023460 0.045968 0.001717 0.009727
1757579847.691773 -0.015831 -0.005531 0.002098 0.087167 -0.023460 0.045968 0.001717 0.009727
1757579847.693840 -0.015831 -0.005531 0.002098 0.087167 -0.023460 0.045968 0.001717 0.009727
1757579847.695779 -0.015831 -0.005531 0.002098 0.087167 -0.023460 0.045968 0.001717 0.009727
1757579847.697772 -0.015831 -0.005531 0.002098 0.087167 -0.023460 0.045968 0.001717 0.009727
1757579847.699780 -0.015831 -0.005531 0.002098 0.087167 -0.023460 0.045968 0.001717 0.009727
1757579847.701768 -0.015831 -0.005531 0.002098 0.087167 -0.023460 0.045968 0.001717 0.009727
1757579847.703782 -0.015831 -0.005531 0.002098 0.087167 -0.023460 0.045968 0.001717 0.009727
1757579847.705769 -0.015831 -0.005531 0.002098 0.087167 -0.023460 0.045968 0.001717 0.009727
1757579847.707777 -0.015831 -0.005531 0.002098 0.087167 -0.023460 0.045968 0.001717 0.009727
1757579847.709772 -0.015831 -0.005531 0.002098 0.087167 -0.023460 0.045968 0.001717 0.009727
1757579847.711789 -0.015831 -0.005531 0.002098 0.087167 -0.023460 0.045968 0.001717 0.009727
1757579847.713769 -0.015831 -0.005531 0.002098 0.087167 -0.023460 0.045968 0.001717 0.009727
1757579847.715795 -0.015831 -0.005531 0.002098 0.087167 -0.023460 0.045968 0.001717 0.009727
1757579847.717769 -0.015831 -0.005531 0.002098 0.087167 -0.023460 0.045968 0.001717 0.009727
1757579847.719849 -0.015831 -0.005531 0.002098 0.087167 -0.023460 0.045968 0.001717 0.009727
1757579847.721796 -0.015831 -0.005531 0.002098 0.087167 -0.023460 0.045968 0.001717 0.009727
1757579847.723816 -0.015831 -0.005531 0.002098 0.087167 -0.023460 0.045968 0.001717 0.009727
1757579847.725799 -0.015831 -0.005531 0.002098 0.087167 -0.023460 0.045968 0.001717 0.009727
1757579847.727816 -0.015831 -0.005531 0.002098 0.087167 -0.023460 0.045968 0.001717 0.009727
1757579847.729870 -0.015831 -0.005531 0.002098 0.087167 -0.023460 0.045968 0.001717 0.009727
1757579847.731817 -0.015831 -0.005531 0.002098 0.087167 -0.023460 0.045968 0.001717 0.009727
1757579847.733825 -0.015831 -0.005531 0.002098 0.087167 -0.023460 0.045968 0.001717 0.009727
1757579847.735898 -0.015831 -0.005531 0.002098 0.087167 -0.023460 0.045968 0.001717 0.009727
1757579847.737807 -0.015831 -0.005531 0.002098 0.087167 -0.023460 0.045968 0.001717 0.009727
1757579847.739881 -0.015831 -0.005531 0.002098 0.087167 -0.023460 0.045968 0.001717 0.009727
1757579847.741853 -0.015831 -0.005531 0.002098 0.087167 -0.023460 0.045968 0.001717 0.009727
1757579847.743803 -0.015831 -0.005531 0.002098 0.087167 -0.023460 0.045968 0.001717 0.009727
1757579847.745822 -0.015831 -0.005531 0.002098 0.087167 -0.023460 0.045968 0.001717 0.009727
1757579847.747828 -0.015831 -0.005531 0.002098 0.087167 -0.023460 0.045968 0.001717 0.009727
1757579847.749766 -0.015831 -0.005531 0.002098 0.087167 -0.023460 0.045968 0.001717 0.009727
1757579847.751751 -0.015831 -0.005531 0.002098 0.087167 -0.023460 0.045968 0.001717 0.009727
1757579847.753765 -0.015831 -0.005531 0.002098 0.087167 -0.023460 0.045968 0.001717 0.009727
1757579847.755774 -0.015831 -0.005531 0.002098 0.087167 -0.023460 0.045968 0.001717 0.009727
1757579847.757755 -0.015831 -0.005531 0.002098 0.087167 -0.023460 0.045968 0.001717 0.009727
1757579847.759772 -0.015831 -0.005531 0.002098 0.087167 -0.023460 0.045968 0.001717 0.009727
1757579847.761757 -0.015831 -0.005531 0.002098 0.087167 -0.023460 0.045968 0.001717 0.009727
1757579847.763778 -0.015831 -0.005531 0.002098 0.087167 -0.023460 0.045968 0.001717 0.009727
1757579847.765790 -0.015831 -0.005531 0.002098 0.087167 -0.023460 0.045968 0.001717 0.009727
1757579847.767812 -0.015831 -0.005531 0.002098 0.087167 -0.023460 0.045968 0.001717 0.009727
1757579847.769862 -0.015831 -0.005531 0.002098 0.087167 -0.023460 0.045968 0.001717 0.009727
1757579847.771806 -0.015831 -0.005531 0.002098 0.087167 -0.023460 0.045968 0.001717 0.009727
1757579847.773809 -0.015831 -0.005531 0.002098 0.087167 -0.023460 0.045968 0.001717 0.009727
1757579847.775833 -0.015831 -0.005531 0.002098 0.087167 -0.023460 0.045968 0.001717 0.009727
1757579847.777798 -0.015831 -0.005531 0.002098 0.087167 -0.023460 0.045968 0.001717 0.009727
1757579847.779800 -0.015831 -0.005531 0.002098 0.087167 -0.023460 0.045968 0.001717 0.009727
1757579847.781818 -0.015831 -0.005531 0.002098 0.087167 -0.023460 0.045968 0.001717 0.009727
1757579847.783852 -0.015831 -0.005531 0.002098 0.087167 -0.023460 0.045968 0.001717 0.009727
1757579847.785818 -0.015831 -0.005531 0.002098 0.087167 -0.023460 0.045968 0.001717 0.009727
1757579847.787814 -0.015831 -0.005531 0.002098 0.087167 -0.023460 0.045968 0.001717 0.009727
1757579847.789814 -0.015831 -0.005531 0.002098 0.087167 -0.023460 0.045968 0.001717 0.009727
1757579847.791810 -0.015831 -0.005531 0.002098 0.087167 -0.023460 0.045968 0.001717 0.009727
1757579847.793821 -0.015831 -0.005531 0.002098 0.087167 -0.023460 0.045968 0.001717 0.009727
1757579847.795848 -0.015831 -0.005531 0.002098 0.087167 -0.023460 0.045968 0.001717 0.009727
1757579847.797818 -0.015831 -0.005531 0.002098 0.087167 -0.023460 0.045968 0.001717 0.009727
1757579847.799894 -0.015831 -0.005531 0.002098 0.087167 -0.023460 0.045968 0.001717 0.009727
1757579847.801821 -0.015831 -0.005531 0.002098 0.087167 -0.023460 0.045968 0.001717 0.009727
1757579847.803890 -0.015831 -0.005531 0.002098 0.087167 -0.023460 0.045968 0.001717 0.009727
1757579847.805818 -0.015831 -0.005531 0.002098 0.087167 -0.023460 0.045968 0.001717 0.009727
1757579847.807865 -0.015831 -0.005531 0.002098 0.087167 -0.023460 0.045968 0.001717 0.009727
1757579847.809832 -0.015831 -0.005531 0.002098 0.087167 -0.023460 0.045968 0.001717 0.009727
1757579847.811805 -0.015831 -0.005531 0.002098 0.087167 -0.023460 0.045968 0.001717 0.009727
1757579847.813815 -0.015831 -0.005531 0.002098 0.087167 -0.023460 0.045968 0.001717 0.009727
1757579847.815835 -0.015831 -0.005531 0.002098 0.087167 -0.023460 0.045968 0.001717 0.009727
1757579847.817818 -0.015831 -0.005531 0.002098 0.087167 -0.023460 0.045968 0.001717 0.009727
1757579847.819815 -0.015831 -0.005531 0.002098 0.087167 -0.023460 0.045968 0.001717 0.009727
1757579847.821814 -0.015831 -0.005531 0.002098 0.087167 -0.023460 0.045968 0.001717 0.009727
1757579847.823809 -0.015831 -0.005531 0.002098 0.087167 -0.023460 0.045968 0.001717 0.009727
1757579847.825819 -0.015831 -0.005531 0.002098 0.087167 -0.023460 0.045968 0.001717 0.009727
1757579847.827809 -0.015831 -0.005531 0.002098 0.087167 -0.023460 0.045968 0.001717 0.009727
1757579847.829814 -0.015831 -0.005531 0.002098 0.087167 -0.023460 0.045968 0.001717 0.009727
1757579847.831810 -0.015831 -0.005531 0.002098 0.087167 -0.023460 0.045968 0.001717 0.009727
1757579847.833861 -0.015831 -0.005531 0.002098 0.087167 -0.023460 0.045968 0.001717 0.009727
1757579847.835820 -0.015831 -0.005531 0.002098 0.087167 -0.023460 0.045968 0.001717 0.009727
1757579847.837815 -0.015831 -0.005531 0.002098 0.087167 -0.023460 0.045968 0.001717 0.009727
1757579847.839817 -0.015831 -0.005531 0.002098 0.087167 -0.023460 0.045968 0.001717 0.009727
1757579847.841805 -0.015831 -0.005531 0.002098 0.087167 -0.023460 0.045968 0.001717 0.009727
1757579847.843817 -0.015831 -0.005531 0.002098 0.087167 -0.023460 0.045968 0.001717 0.009727
1757579847.845813 -0.015831 -0.005531 0.002098 0.087167 -0.023460 0.045968 0.001717 0.009727
1757579847.847816 -0.015831 -0.005531 0.002098 0.087167 -0.023460 0.045968 0.001717 0.009727
1757579847.849817 -0.015831 -0.005531 0.002098 0.087167 -0.023460 0.045968 0.001717 0.009727
1757579847.851813 -0.015831 -0.005531 0.002098 0.087167 -0.023460 0.045968 0.001717 0.009727
1757579847.853847 -0.015831 -0.005531 0.002098 0.087167 -0.023460 0.045968 0.001717 0.009727
1757579847.855850 -0.015831 -0.005531 0.002098 0.087167 -0.023460 0.045968 0.001717 0.009727
1757579847.857830 -0.015831 -0.005531 0.002098 0.087167 -0.023460 0.045968 0.001717 0.009727
1757579847.859816 -0.015831 -0.005531 0.002098 0.087167 -0.023460 0.045968 0.001717 0.009727
1757579847.861791 -0.015831 -0.005531 0.002098 0.087167 -0.023460 0.045968 0.001717 0.009727
1757579847.863784 -0.015831 -0.005531 0.002098 0.087167 -0.023460 0.045968 0.001717 0.009727
1757579847.865794 -0.015831 -0.005531 0.002098 0.087167 -0.023460 0.045968 0.001717 0.009727
1757579847.867783 -0.015831 -0.005531 0.002098 0.087167 -0.023460 0.045968 0.001717 0.009727
1757579847.869819 -0.015831 -0.005531 0.002098 0.087167 -0.023460 0.045968 0.001717 0.009727
1757579847.871789 -0.015831 -0.005531 0.002098 0.087167 -0.023460 0.045968 0.001717 0.009727
1757579847.873781 -0.015831 -0.005531 0.002098 0.087167 -0.023460 0.045968 0.001717 0.009727
1757579847.875773 -0.015831 -0.005531 0.002098 0.087167 -0.023460 0.045968 0.001717 0.009727
1757579847.877775 -0.015831 -0.005531 0.002098 0.087167 -0.023460 0.045968 0.001717 0.009727
1757579847.879770 -0.015831 -0.005531 0.002098 0.087167 -0.023460 0.045968 0.001717 0.009727
1757579847.881762 -0.015831 -0.005531 0.002098 0.087167 -0.023460 0.045968 0.001717 0.009727
1757579847.883765 -0.015831 -0.005531 0.002098 0.087167 -0.023460 0.045968 0.001717 0.009727
1757579847.885778 -0.015831 -0.005531 0.002098 0.087167 -0.023460 0.045968 0.001717 0.009727
1757579847.887764 -0.015831 -0.005531 0.002098 0.087167 -0.023460 0.045968 0.001717 0.009727
1757579847.889766 -0.015831 -0.005531 0.002098 0.087167 -0.023460 0.045968 0.001717 0.009727
1757579847.891761 -0.015831 -0.005531 0.002098 0.087167 -0.023460 0.045968 0.001717 0.009727
1757579847.893783 -0.015831 -0.005531 0.002098 0.087167 -0.023460 0.045968 0.001717 0.009727
1757579847.895797 -0.015831 -0.005531 0.002098 0.087167 -0.023460 0.045968 0.001717 0.009727
1757579847.897778 -0.015831 -0.005531 0.002098 0.087167 -0.023460 0.045968 0.001717 0.009727
1757579847.899812 -0.015831 -0.005531 0.002098 0.087167 -0.023460 0.045968 0.001717 0.009727
1757579847.901785 -0.015831 -0.005531 0.002098 0.087167 -0.023460 0.045968 0.001717 0.009727
1757579847.903775 -0.015831 -0.005531 0.002098 0.087167 -0.023460 0.045968 0.001717 0.009727
1757579847.905768 -0.015831 -0.005531 0.002098 0.087167 -0.023460 0.045968 0.001717 0.009727
1757579847.907766 -0.015831 -0.005531 0.002098 0.087167 -0.023460 0.045968 0.001717 0.009727
1757579847.909778 -0.015831 -0.005531 0.002098 0.087167 -0.023460 0.045968 0.001717 0.009727
1757579847.911768 -0.015831 -0.005531 0.002098 0.087167 -0.023460 0.045968 0.001717 0.009727
1757579847.913766 -0.015831 -0.005531 0.002098 0.087167 -0.023460 0.045968 0.001717 0.009727
1757579847.915763 -0.015831 -0.005531 0.002098 0.087167 -0.023460 0.045968 0.001717 0.009727
1757579847.917779 -0.015831 -0.005531 0.002098 0.087167 -0.023460 0.045968 0.001717 0.009727
1757579847.919769 -0.015831 -0.005531 0.002098 0.087167 -0.023460 0.045968 0.001717 0.009727
1757579847.921773 -0.015831 -0.005531 0.002098 0.087167 -0.023460 0.045968 0.001717 0.009727
1757579847.923763 -0.015831 -0.005531 0.002098 0.087167 -0.023460 0.045968 0.001717 0.009727
1757579847.925780 -0.015831 -0.005531 0.002098 0.087167 -0.023460 0.045968 0.001717 0.009727
1757579847.927789 -0.015831 -0.005531 0.002098 0.087167 -0.023460 0.045968 0.001717 0.009727
1757579847.929775 -0.015831 -0.005531 0.002098 0.087167 -0.023460 0.045968 0.001717 0.009727
1757579847.931764 -0.015831 -0.005531 0.002098 0.087167 -0.023460 0.045968 0.001717 0.009727
1757579847.933777 -0.015831 -0.005531 0.002098 0.087167 -0.023460 0.045968 0.001717 0.009727
1757579847.935789 -0.015831 -0.005531 0.002098 0.087167 -0.023460 0.045968 0.001717 0.009727
1757579847.937778 -0.015831 -0.005531 0.002098 0.087167 -0.023460 0.045968 0.001717 0.009727
1757579847.939764 -0.015831 -0.005531 0.002098 0.087167 -0.023460 0.045968 0.001717 0.009727
1757579847.941782 -0.015831 -0.005531 0.002098 0.087167 -0.023460 0.045968 0.001717 0.009727
1757579847.943766 -0.015831 -0.005531 0.002098 0.087167 -0.023460 0.045968 0.001717 0.009727
1757579847.945763 -0.015831 -0.005531 0.002098 0.087167 -0.023460 0.045968 0.001717 0.009727
1757579847.947761 -0.015831 -0.005531 0.002098 0.087167 -0.023460 0.045968 0.001717 0.009727
1757579847.949780 -0.015831 -0.005531 0.002098 0.087167 -0.023460 0.045968 0.001717 0.009727
1757579847.951765 -0.015831 -0.005531 0.002098 0.087167 -0.023460 0.045968 0.001717 0.009727
1757579847.953780 -0.015831 -0.005531 0.002098 0.087167 -0.023460 0.045968 0.001717 0.009727
1757579847.955763 -0.015831 -0.005531 0.002098 0.087167 -0.023460 0.045968 0.001717 0.009727
1757579847.957810 -0.015831 -0.005531 0.002098 0.087167 -0.023460 0.045968 0.001717 0.009727
1757579847.959798 -0.015831 -0.005531 0.002098 0.087167 -0.023460 0.045968 0.001717 0.009727
1757579847.961773 -0.015831 -0.005531 0.002098 0.087167 -0.023460 0.045968 0.001717 0.009727
1757579847.963784 -0.015831 -0.005531 0.002098 0.087167 -0.023460 0.045968 0.001717 0.009727
1757579847.965778 -0.015831 -0.005531 0.002098 0.087167 -0.023460 0.045968 0.001717 0.009727
1757579847.967763 -0.015831 -0.005531 0.002098 0.087167 -0.023460 0.045968 0.001717 0.009727
1757579847.969797 -0.015831 -0.005531 0.002098 0.087167 -0.023460 0.045968 0.001717 0.009727
1757579847.971762 -0.015831 -0.005531 0.002098 0.087167 -0.023460 0.045968 0.001717 0.009727
1757579847.973764 -0.015831 -0.005531 0.002098 0.087167 -0.023460 0.045968 0.001717 0.009727
1757579847.975763 -0.015831 -0.005531 0.002098 0.087167 -0.023460 0.045968 0.001717 0.009727
1757579847.977918 -0.015831 -0.005531 0.002098 0.087167 -0.023460 0.045968 0.001717 0.009727
1757579847.979816 -0.015831 -0.005531 0.002098 0.087167 -0.023460 0.045968 0.001717 0.009727
1757579847.981771 -0.015831 -0.005531 0.002098 0.087167 -0.023460 0.045968 0.001717 0.009727
1757579847.983763 -0.015831 -0.005531 0.002098 0.087167 -0.023460 0.045968 0.001717 0.009727
1757579847.985908 -0.015831 -0.005531 0.002098 0.087167 -0.023460 0.045968 0.001717 0.009727
1757579847.987776 -0.015831 -0.005531 0.002098 0.087167 -0.023460 0.045968 0.001717 0.009727
1757579847.989876 -0.015831 -0.005531 0.002098 0.087167 -0.023460 0.045968 0.001717 0.009727
1757579847.991773 -0.015831 -0.005531 0.002098 0.087167 -0.023460 0.045968 0.001717 0.009727
1757579847.993786 -0.015831 -0.005531 0.002098 0.087167 -0.023460 0.045968 0.001717 0.009727
1757579847.995768 -0.015831 -0.005531 0.002098 0.087167 -0.023460 0.045968 0.001717 0.009727
1757579847.997776 -0.015831 -0.005531 0.002098 0.087167 -0.023460 0.045968 0.001717 0.009727
1757579847.999862 -0.015831 -0.005531 0.002098 0.087167 -0.023460 0.045968 0.001717 0.009727
1757579848.001800 -0.015831 -0.005531 0.002098 0.087167 -0.023460 0.045968 0.001717 0.009727
1757579848.003807 -0.015831 -0.005531 0.002098 0.087167 -0.023460 0.045968 0.001717 0.009727
1757579848.005766 -0.015831 -0.005531 0.002098 0.087167 -0.023460 0.045968 0.001717 0.009727
1757579848.007765 -0.015831 -0.005531 0.002098 0.087167 -0.023460 0.045968 0.001717 0.009727
1757579848.009782 -0.015831 -0.005531 0.002098 0.087167 -0.023460 0.045968 0.001717 0.009727
1757579848.011766 -0.015831 -0.005531 0.002098 0.087167 -0.023460 0.045968 0.001717 0.009727
1757579848.013758 -0.015831 -0.005531 0.002098 0.087167 -0.023460 0.045968 0.001717 0.009727
1757579848.015787 -0.015831 -0.005531 0.002098 0.087167 -0.023460 0.045968 0.001717 0.009727
1757579848.017769 -0.015831 -0.005531 0.002098 0.087167 -0.023460 0.045968 0.001717 0.009727
1757579848.019761 -0.015831 -0.005531 0.002098 0.087167 -0.023460 0.045968 0.001717 0.009727
1757579848.021778 -0.015831 -0.005531 0.002098 0.087167 -0.023460 0.045968 0.001717 0.009727
1757579848.023767 -0.015831 -0.005531 0.002098 0.087167 -0.023460 0.045968 0.001717 0.009727
1757579848.025775 -0.015831 -0.005531 0.002098 0.087167 -0.023460 0.045968 0.001717 0.009727
1757579848.027785 -0.015831 -0.005531 0.002098 0.087167 -0.023460 0.045968 0.001717 0.009727
1757579848.029799 -0.015831 -0.005531 0.002098 0.087167 -0.023460 0.045968 0.001717 0.009727
1757579848.031788 -0.015831 -0.005531 0.002098 0.087167 -0.023460 0.045968 0.001717 0.009727
1757579848.033780 -0.015831 -0.005531 0.002098 0.087167 -0.023460 0.045968 0.001717 0.009727
1757579848.035795 -0.015831 -0.005531 0.002098 0.087167 -0.023460 0.045968 0.001717 0.009727
1757579848.037832 -0.015831 -0.005531 0.002098 0.087167 -0.023460 0.045968 0.001717 0.009727
1757579848.039802 -0.015831 -0.005531 0.002098 0.087167 -0.023460 0.045968 0.001717 0.009727
1757579848.041789 -0.015831 -0.005531 0.002098 0.087167 -0.023460 0.045968 0.001717 0.009727
1757579848.043834 -0.015831 -0.005531 0.002098 0.087167 -0.023460 0.045968 0.001717 0.009727
1757579848.045818 -0.015831 -0.005531 0.002098 0.087167 -0.023460 0.045968 0.001717 0.009727
1757579848.047823 -0.015831 -0.005531 0.002098 0.087167 -0.023460 0.045968 0.001717 0.009727
1757579848.049832 -0.015831 -0.005531 0.002098 0.087167 -0.023460 0.045968 0.001717 0.009727
1757579848.051827 -0.015831 -0.005531 0.002098 0.087167 -0.023460 0.045968 0.001717 0.009727
1757579848.053777 -0.015831 -0.005531 0.002098 0.087167 -0.023460 0.045968 0.001717 0.009727
1757579848.055783 -0.015831 -0.005531 0.002098 0.087167 -0.023460 0.045968 0.001717 0.009727
1757579848.057769 -0.015831 -0.005531 0.002098 0.087167 -0.023460 0.045968 0.001717 0.009727
1757579848.059783 -0.015831 -0.005531 0.002098 0.087167 -0.023460 0.045968 0.001717 0.009727
1757579848.061762 -0.015831 -0.005531 0.002098 0.087167 -0.023460 0.045968 0.001717 0.009727
1757579848.063784 -0.015831 -0.005531 0.002098 0.087167 -0.023460 0.045968 0.001717 0.009727
1757579848.065766 -0.015831 -0.005531 0.002098 0.087167 -0.023460 0.045968 0.001717 0.009727
1757579848.067775 -0.015831 -0.005531 0.002098 0.087167 -0.023460 0.045968 0.001717 0.009727
1757579848.069766 -0.015831 -0.005531 0.002098 0.087167 -0.023460 0.045968 0.001717 0.009727
1757579848.071779 -0.015831 -0.005531 0.002098 0.087167 -0.023460 0.045968 0.001717 0.009727
1757579848.073770 -0.015831 -0.005531 0.002098 0.087167 -0.023460 0.045968 0.001717 0.009727
1757579848.075777 -0.015831 -0.005531 0.002098 0.087167 -0.023460 0.045968 0.001717 0.009727
1757579848.077764 -0.015831 -0.005531 0.002098 0.087167 -0.023460 0.045968 0.001717 0.009727
1757579848.079780 -0.015831 -0.005531 0.002098 0.087167 -0.023460 0.045968 0.001717 0.009727
1757579848.081767 -0.015831 -0.005531 0.002098 0.087167 -0.023460 0.045968 0.001717 0.009727
1757579848.083780 -0.015831 -0.005531 0.002098 0.087167 -0.023460 0.045968 0.001717 0.009727
1757579848.085771 -0.015831 -0.005531 0.002098 0.087167 -0.023460 0.045968 0.001717 0.009727
1757579848.087796 -0.015831 -0.005531 0.002098 0.087167 -0.023460 0.045968 0.001717 0.009727
1757579848.089766 -0.015831 -0.005531 0.002098 0.087167 -0.023460 0.045968 0.001717 0.009727
1757579848.091766 -0.015831 -0.005531 0.002098 0.087167 -0.023460 0.045968 0.001717 0.009727
1757579848.093762 -0.015831 -0.005531 0.002098 0.087167 -0.023460 0.045968 0.001717 0.009727
1757579848.095781 -0.015831 -0.005531 0.002098 0.087167 -0.023460 0.045968 0.001717 0.009727
1757579848.097766 -0.015831 -0.005531 0.002098 0.087167 -0.023460 0.045968 0.001717 0.009727
1757579848.099765 -0.015831 -0.005531 0.002098 0.087167 -0.023460 0.045968 0.001717 0.009727
1757579848.101760 -0.015831 -0.005531 0.002098 0.087167 -0.023460 0.045968 0.001717 0.009727
1757579848.103781 -0.015831 -0.005531 0.002098 0.087167 -0.023460 0.045968 0.001717 0.009727
1757579848.105762 -0.015831 -0.005531 0.002098 0.087167 -0.023460 0.045968 0.001717 0.009727
1757579848.107769 -0.015831 -0.005531 0.002098 0.087167 -0.023460 0.045968 0.001717 0.009727
1757579848.109763 -0.015831 -0.005531 0.002098 0.087167 -0.023460 0.045968 0.001717 0.009727
1757579848.111784 -0.015831 -0.005531 0.002098 0.087167 -0.023460 0.045968 0.001717 0.009727
1757579848.113847 -0.015831 -0.005531 0.002098 0.087167 -0.023460 0.045968 0.001717 0.009727
1757579848.115771 -0.015831 -0.005531 0.002098 0.087167 -0.023460 0.045968 0.001717 0.009727
1757579848.117798 -0.015831 -0.005531 0.002098 0.087167 -0.023460 0.045968 0.001717 0.009727
1757579848.119789 -0.015831 -0.005531 0.002098 0.087167 -0.023460 0.045968 0.001717 0.009727
1757579848.121765 -0.015831 -0.005531 0.002098 0.087167 -0.023460 0.045968 0.001717 0.009727
1757579848.123782 -0.015831 -0.005531 0.002098 0.087167 -0.023460 0.045968 0.001717 0.009727
1757579848.125767 -0.015831 -0.005531 0.002098 0.087167 -0.023460 0.045968 0.001717 0.009727
1757579848.127765 -0.015831 -0.005531 0.002098 0.087167 -0.023460 0.045968 0.001717 0.009727
1757579848.129756 -0.015831 -0.005531 0.002098 0.087167 -0.023460 0.045968 0.001717 0.009727
1757579848.131780 -0.015831 -0.005531 0.002098 0.087167 -0.023460 0.045968 0.001717 0.009727
1757579848.133762 -0.015831 -0.005531 0.002098 0.087167 -0.023460 0.045968 0.001717 0.009727
1757579848.135766 -0.015831 -0.005531 0.002098 0.087167 -0.023460 0.045968 0.001717 0.009727
1757579848.137769 -0.015831 -0.005531 0.002098 0.087167 -0.023460 0.045968 0.001717 0.009727
1757579848.139781 -0.015831 -0.005531 0.002098 0.087167 -0.023460 0.045968 0.001717 0.009727
1757579848.141762 -0.015831 -0.005531 0.002098 0.087167 -0.023460 0.045968 0.001717 0.009727
1757579848.143759 -0.015831 -0.005531 0.002098 0.087167 -0.023460 0.045968 0.001717 0.009727
1757579848.145777 -0.015831 -0.005531 0.002098 0.087167 -0.023460 0.045968 0.001717 0.009727
1757579848.147776 -0.015831 -0.005531 0.002098 0.087167 -0.023460 0.045968 0.001717 0.009727
1757579848.149758 -0.015831 -0.005531 0.002098 0.087167 -0.023460 0.045968 0.001717 0.009727
1757579848.151768 -0.015831 -0.005531 0.002098 0.087167 -0.023460 0.045968 0.001717 0.009727
1757579848.153760 -0.015831 -0.005531 0.002098 0.087167 -0.023460 0.045968 0.001717 0.009727
1757579848.155784 -0.015831 -0.005531 0.002098 0.087167 -0.023460 0.045968 0.001717 0.009727
1757579848.157763 -0.015831 -0.005531 0.002098 0.087167 -0.023460 0.045968 0.001717 0.009727
1757579848.159766 -0.015831 -0.005531 0.002098 0.087167 -0.023460 0.045968 0.001717 0.009727
1757579848.161760 -0.015831 -0.005531 0.002098 0.087167 -0.023460 0.045968 0.001717 0.009727
1757579848.163818 -0.015831 -0.005531 0.002098 0.087167 -0.023460 0.045968 0.001717 0.009727
1757579848.165781 -0.015831 -0.005531 0.002098 0.087167 -0.023460 0.045968 0.001717 0.009727
1757579848.167762 -0.015831 -0.005531 0.002098 0.087167 -0.023460 0.045968 0.001717 0.009727
1757579848.169759 -0.015831 -0.005531 0.002098 0.087167 -0.023460 0.045968 0.001717 0.009727
1757579848.171791 -0.015831 -0.005531 0.002098 0.087167 -0.023460 0.045968 0.001717 0.009727
1757579848.173761 -0.015831 -0.005531 0.002098 0.087167 -0.023460 0.045968 0.001717 0.009727
1757579848.175801 -0.015831 -0.005531 0.002098 0.087167 -0.023460 0.045968 0.001717 0.009727
1757579848.177808 -0.015831 -0.005531 0.002098 0.087167 -0.023460 0.045968 0.001717 0.009727
1757579848.179853 -0.015831 -0.005531 0.002098 0.087167 -0.023460 0.045968 0.001717 0.009727
1757579848.181763 -0.015831 -0.005531 0.002098 0.087167 -0.023460 0.045968 0.001717 0.009727
1757579848.183778 -0.015831 -0.005531 0.002098 0.087167 -0.023460 0.045968 0.001717 0.009727
1757579848.185758 -0.015831 -0.005531 0.002098 0.087167 -0.023460 0.045968 0.001717 0.009727
1757579848.187840 -0.015831 -0.005531 0.002098 0.087167 -0.023460 0.045968 0.001717 0.009727
1757579848.189762 -0.015831 -0.005531 0.002098 0.087167 -0.023460 0.045968 0.001717 0.009727
1757579848.191770 -0.015831 -0.005531 0.002098 0.087167 -0.023460 0.045968 0.001717 0.009727
1757579848.193753 -0.015831 -0.005531 0.002098 0.087167 -0.023460 0.045968 0.001717 0.009727
1757579848.195797 -0.015831 -0.005531 0.002098 0.087167 -0.023460 0.045968 0.001717 0.009727
1757579848.197763 -0.015831 -0.005531 0.002098 0.087167 -0.023460 0.045968 0.001717 0.009727
1757579848.199752 -0.015831 -0.005531 0.002098 0.087167 -0.023460 0.045968 0.001717 0.009727
1757579848.201761 -0.015831 -0.005531 0.002098 0.087167 -0.023460 0.045968 0.001717 0.009727
1757579848.203749 -0.015831 -0.005531 0.002098 0.087167 -0.023460 0.045968 0.001717 0.009727
1757579848.205761 -0.015831 -0.005531 0.002098 0.087167 -0.023460 0.045968 0.001717 0.009727
1757579848.207802 -0.015831 -0.005531 0.002098 0.087167 -0.023460 0.045968 0.001717 0.009727
1757579848.209767 -0.015831 -0.005531 0.002098 0.087167 -0.023460 0.045968 0.001717 0.009727
1757579848.211769 -0.015831 -0.005531 0.002098 0.087167 -0.023460 0.045968 0.001717 0.009727
1757579848.213766 -0.015831 -0.005531 0.002098 0.087167 -0.023460 0.045968 0.001717 0.009727
1757579848.215765 -0.015831 -0.005531 0.002098 0.087167 -0.023460 0.045968 0.001717 0.009727
1757579848.217759 -0.015831 -0.005531 0.002098 0.087167 -0.023460 0.045968 0.001717 0.009727
1757579848.219751 -0.015831 -0.005531 0.002098 0.087167 -0.023460 0.045968 0.001717 0.009727
1757579848.221758 -0.015831 -0.005531 0.002098 0.087167 -0.023460 0.045968 0.001717 0.009727
1757579848.223758 -0.015831 -0.005531 0.002098 0.087167 -0.023460 0.045968 0.001717 0.009727
1757579848.226015 -0.015831 -0.005531 0.002098 0.087167 -0.023460 0.045968 0.001717 0.009727
1757579848.227772 -0.015831 -0.005531 0.002098 0.087167 -0.023460 0.045968 0.001717 0.009727
1757579848.229761 -0.015831 -0.005531 0.002098 0.087167 -0.023460 0.045968 0.001717 0.009727
1757579848.231756 -0.015831 -0.005531 0.002098 0.087167 -0.023460 0.045968 0.001717 0.009727
1757579848.233760 -0.015831 -0.005531 0.002098 0.087167 -0.023460 0.045968 0.001717 0.009727
1757579848.235770 -0.015831 -0.005531 0.002098 0.087167 -0.023460 0.045968 0.001717 0.009727
1757579848.237825 -0.015831 -0.005531 0.002098 0.087167 -0.023460 0.045968 0.001717 0.009727
1757579848.239806 -0.015831 -0.005531 0.002098 0.087167 -0.023460 0.045968 0.001717 0.009727
1757579848.241816 -0.015831 -0.005531 0.002098 0.087167 -0.023460 0.045968 0.001717 0.009727
1757579848.243811 -0.015831 -0.005531 0.002098 0.087167 -0.023460 0.045968 0.001717 0.009727
1757579848.245807 -0.015831 -0.005531 0.002098 0.087167 -0.023460 0.045968 0.001717 0.009727
1757579848.247821 -0.015831 -0.005531 0.002098 0.087167 -0.023460 0.045968 0.001717 0.009727
1757579848.249801 -0.015831 -0.005531 0.002098 0.087167 -0.023460 0.045968 0.001717 0.009727
1757579848.251804 -0.015831 -0.005531 0.002098 0.087167 -0.023460 0.045968 0.001717 0.009727
1757579848.253802 -0.015831 -0.005531 0.002098 0.087167 -0.023460 0.045968 0.001717 0.009727
1757579848.255803 -0.015831 -0.005531 0.002098 0.087167 -0.023079 0.045968 0.001717 0.009727
1757579848.257809 -0.015831 -0.005531 0.002098 0.087167 -0.023079 0.045968 0.001717 0.009727
1757579848.259812 -0.015831 -0.005531 0.002098 0.087167 -0.023079 0.045968 0.001717 0.009727
1757579848.261809 -0.015831 -0.005531 0.002098 0.087167 -0.023079 0.045968 0.001717 0.010109
1757579848.263808 -0.015831 -0.005531 0.002098 0.087167 -0.023079 0.045968 0.001717 0.010109
1757579848.265769 -0.015831 -0.005531 0.002098 0.087167 -0.023079 0.045968 0.001717 0.010109
1757579848.267781 -0.015831 -0.005531 0.002098 0.087167 -0.022697 0.045587 0.001717 0.010109
1757579848.269777 -0.015831 -0.005531 0.002098 0.087167 -0.022697 0.045587 0.001717 0.010109
1757579848.271756 -0.015831 -0.005531 0.002098 0.087167 -0.022697 0.045587 0.001717 0.010109
1757579848.273760 -0.015831 -0.005531 0.002098 0.087167 -0.022697 0.045587 0.001717 0.010109
1757579848.275803 -0.015831 -0.005531 0.002098 0.087167 -0.022697 0.045587 0.001717 0.010109
1757579848.277773 -0.015831 -0.005531 0.002098 0.087167 -0.022316 0.045205 0.001717 0.010109
1757579848.279755 -0.015831 -0.005531 0.002098 0.087167 -0.022316 0.045205 0.001717 0.010490
1757579848.281768 -0.015831 -0.005531 0.002098 0.087167 -0.022316 0.044824 0.001717 0.010490
1757579848.283753 -0.015831 -0.005531 0.002098 0.087167 -0.022316 0.044824 0.001717 0.010490
1757579848.285763 -0.015831 -0.005531 0.002098 0.087167 -0.021935 0.044824 0.001717 0.010490
1757579848.287776 -0.015831 -0.005531 0.002098 0.087167 -0.021935 0.044442 0.001717 0.010490
1757579848.289767 -0.015831 -0.005531 0.002098 0.087167 -0.021935 0.044442 0.001717 0.010490
1757579848.291761 -0.015831 -0.005531 0.002098 0.087167 -0.021935 0.044061 0.001717 0.010490
1757579848.293762 -0.015831 -0.005531 0.002098 0.087167 -0.021553 0.044061 0.001717 0.010872
1757579848.295751 -0.015831 -0.005531 0.002098 0.087167 -0.021553 0.044061 0.001717 0.010872
1757579848.297762 -0.015831 -0.005531 0.002098 0.087167 -0.021553 0.044061 0.001717 0.010872
1757579848.299809 -0.015831 -0.005531 0.002098 0.087167 -0.021553 0.043679 0.001717 0.010872
1757579848.301760 -0.015831 -0.005531 0.002098 0.087167 -0.021172 0.043679 0.001717 0.010872
1757579848.303764 -0.015831 -0.005531 0.002098 0.087167 -0.021172 0.043679 0.001717 0.010872
1757579848.305773 -0.015831 -0.005531 0.002098 0.087167 -0.021172 0.043298 0.001717 0.010872
1757579848.307758 -0.015831 -0.005531 0.002098 0.087167 -0.021172 0.043298 0.001717 0.010872
1757579848.309765 -0.015831 -0.005531 0.002098 0.087167 -0.021172 0.043298 0.001717 0.011253
1757579848.311771 -0.015831 -0.005531 0.002098 0.087167 -0.020790 0.043298 0.001717 0.011253
1757579848.313771 -0.015831 -0.005531 0.002098 0.087167 -0.020790 0.043298 0.001717 0.011253
1757579848.315759 -0.015831 -0.005531 0.002098 0.087167 -0.020790 0.042916 0.001335 0.011253
1757579848.317771 -0.015831 -0.005531 0.002098 0.087167 -0.020790 0.042916 0.001335 0.011253
1757579848.319749 -0.015831 -0.005531 0.002098 0.087167 -0.020790 0.042916 0.001335 0.011253
1757579848.321763 -0.015831 -0.005531 0.002098 0.087167 -0.020409 0.042916 0.001335 0.011253
1757579848.323748 -0.015831 -0.005531 0.002098 0.087167 -0.020409 0.042916 0.001335 0.011253
1757579848.325773 -0.015831 -0.005531 0.002098 0.087167 -0.020409 0.042535 0.001335 0.011635
1757579848.327757 -0.015831 -0.005531 0.002098 0.087167 -0.020409 0.042535 0.001335 0.011635
1757579848.329790 -0.015831 -0.005531 0.002098 0.087167 -0.020027 0.042535 0.001335 0.011635
1757579848.331809 -0.015831 -0.005531 0.002098 0.087167 -0.020027 0.042535 0.001335 0.011635
1757579848.333802 -0.015831 -0.005531 0.002098 0.087167 -0.020027 0.042535 0.001335 0.011635
1757579848.335791 -0.015831 -0.005531 0.002098 0.087167 -0.020027 0.042153 0.001335 0.011635
1757579848.337814 -0.015831 -0.005531 0.002098 0.087167 -0.020027 0.042153 0.001335 0.011635
1757579848.339797 -0.015831 -0.005531 0.002098 0.087167 -0.019646 0.042153 0.001335 0.011635
1757579848.341813 -0.015831 -0.005531 0.002098 0.087167 -0.019646 0.042153 0.001335 0.011635
1757579848.343794 -0.015831 -0.005531 0.002098 0.087167 -0.019646 0.042153 0.001335 0.011635
1757579848.345797 -0.015831 -0.005531 0.002098 0.087167 -0.019646 0.042153 0.001335 0.011635
1757579848.347794 -0.015831 -0.005531 0.002098 0.087167 -0.019646 0.041772 0.001335 0.012016
1757579848.349788 -0.015831 -0.005531 0.002098 0.087167 -0.019264 0.041772 0.001717 0.012016
1757579848.351794 -0.015831 -0.005531 0.002098 0.087167 -0.019264 0.041772 0.001717 0.012016
1757579848.353792 -0.015831 -0.005531 0.002098 0.087167 -0.019264 0.041772 0.001717 0.012016
1757579848.355793 -0.015831 -0.005531 0.002098 0.087167 -0.019264 0.041772 0.001717 0.012016
1757579848.357805 -0.015831 -0.005531 0.002098 0.087167 -0.019264 0.041772 0.001717 0.012016
1757579848.359794 -0.015831 -0.005531 0.002098 0.087167 -0.018883 0.041772 0.001717 0.012016
1757579848.361846 -0.015831 -0.005531 0.002098 0.087167 -0.018883 0.041390 0.001717 0.012016
1757579848.363788 -0.015831 -0.005531 0.002098 0.087167 -0.018883 0.041390 0.001717 0.012016
1757579848.365803 -0.015831 -0.005531 0.002098 0.087167 -0.018883 0.041390 0.001717 0.012016
1757579848.367789 -0.015831 -0.005531 0.002098 0.087167 -0.018501 0.041390 0.001717 0.012016
1757579848.369791 -0.015831 -0.005531 0.002098 0.087167 -0.018501 0.041390 0.001717 0.012398
1757579848.371786 -0.015831 -0.005531 0.002098 0.087167 -0.018501 0.041390 0.001717 0.012398
1757579848.373804 -0.015831 -0.005531 0.002098 0.087167 -0.018501 0.041390 0.001717 0.012398
1757579848.375788 -0.015831 -0.005531 0.002098 0.087167 -0.018501 0.041009 0.001717 0.012398
1757579848.377799 -0.015831 -0.005531 0.002098 0.087167 -0.018120 0.041009 0.001717 0.012398
1757579848.379794 -0.015831 -0.005531 0.002098 0.087167 -0.018120 0.041009 0.001717 0.012398
1757579848.381795 -0.015831 -0.005531 0.002098 0.087167 -0.018120 0.041009 0.001717 0.012398
1757579848.383794 -0.015831 -0.005531 0.002098 0.087167 -0.018120 0.041009 0.001717 0.012398
1757579848.385799 -0.015831 -0.005531 0.002098 0.087167 -0.018120 0.040627 0.001717 0.012398
1757579848.387792 -0.015831 -0.005531 0.002098 0.087167 -0.017738 0.040627 0.001717 0.012398
1757579848.389797 -0.015831 -0.005531 0.002098 0.087167 -0.017738 0.040627 0.001717 0.012398
1757579848.391786 -0.015831 -0.005531 0.002098 0.087167 -0.017738 0.040627 0.001717 0.012398
1757579848.393804 -0.015831 -0.005531 0.002098 0.087167 -0.017738 0.040246 0.001717 0.012398
1757579848.395795 -0.015831 -0.005531 0.002098 0.087167 -0.017738 0.040246 0.001717 0.012398
1757579848.397808 -0.015831 -0.005531 0.002098 0.087167 -0.017738 0.040246 0.001717 0.012398
1757579848.399805 -0.015831 -0.005531 0.002098 0.087167 -0.017357 0.039865 0.001717 0.012398
1757579848.401832 -0.015831 -0.005531 0.002098 0.087167 -0.017357 0.039865 0.001717 0.012398
1757579848.403817 -0.015831 -0.005531 0.002098 0.087167 -0.017357 0.039865 0.001717 0.012398
1757579848.405801 -0.015831 -0.005531 0.002098 0.087167 -0.017357 0.039483 0.001717 0.012398
1757579848.407795 -0.015831 -0.005531 0.002098 0.087167 -0.017357 0.039483 0.001717 0.012398
1757579848.409794 -0.015831 -0.005531 0.002098 0.087167 -0.017357 0.039483 0.001717 0.012398
1757579848.411787 -0.015831 -0.005531 0.002098 0.087167 -0.017357 0.039102 0.001335 0.012398
1757579848.413796 -0.015831 -0.005531 0.002098 0.087167 -0.017357 0.039102 0.001335 0.012398
1757579848.415791 -0.015831 -0.005531 0.002098 0.087167 -0.017357 0.039102 0.001335 0.012398
1757579848.417798 -0.015831 -0.005531 0.002098 0.087167 -0.017357 0.038720 0.001335 0.012398
1757579848.419792 -0.015831 -0.005531 0.002098 0.087167 -0.017357 0.038720 0.001335 0.012398
1757579848.421797 -0.015831 -0.005531 0.002098 0.087167 -0.017357 0.038720 0.001335 0.012398
1757579848.423817 -0.015831 -0.005531 0.002098 0.087167 -0.017357 0.038339 0.001335 0.012398
1757579848.425797 -0.015831 -0.005531 0.002098 0.087167 -0.017357 0.038339 0.001335 0.012398
1757579848.427812 -0.015831 -0.005531 0.002098 0.087167 -0.017357 0.038339 0.001335 0.012398
1757579848.429797 -0.015831 -0.005531 0.002098 0.087167 -0.017357 0.038339 0.001335 0.012398
1757579848.431797 -0.015831 -0.005531 0.002098 0.087167 -0.017357 0.037957 0.001335 0.012398
1757579848.433791 -0.015831 -0.005531 0.002098 0.087167 -0.017357 0.037957 0.001335 0.012398
1757579848.435795 -0.015831 -0.005531 0.002098 0.087167 -0.017357 0.037957 0.001335 0.012398
1757579848.437792 -0.015831 -0.005913 0.002098 0.087167 -0.017357 0.037576 0.001335 0.012398
1757579848.439793 -0.015831 -0.005913 0.002098 0.087167 -0.017357 0.037576 0.001335 0.012398
1757579848.441779 -0.015831 -0.005913 0.002098 0.087167 -0.017357 0.037576 0.001335 0.012398
1757579848.443761 -0.015831 -0.005913 0.002098 0.087167 -0.017357 0.037576 0.001335 0.012016
1757579848.445759 -0.015831 -0.005913 0.002098 0.087167 -0.017357 0.037194 0.001335 0.012016
1757579848.447744 -0.015831 -0.005913 0.002098 0.087167 -0.017357 0.037194 0.001335 0.012016
1757579848.449757 -0.015831 -0.005913 0.002098 0.087167 -0.017357 0.037194 0.001335 0.012016
1757579848.451797 -0.015831 -0.005913 0.002098 0.087167 -0.017357 0.036813 0.001335 0.012016
1757579848.453799 -0.015831 -0.005913 0.002098 0.087167 -0.017357 0.036813 0.001335 0.012016
1757579848.455778 -0.015831 -0.005913 0.002098 0.087167 -0.017357 0.036431 0.001335 0.012016
1757579848.457790 -0.015831 -0.005913 0.002098 0.087167 -0.017357 0.036431 0.001335 0.012016
1757579848.459769 -0.015831 -0.005913 0.002098 0.087167 -0.017738 0.036431 0.001335 0.012016
1757579848.461743 -0.015831 -0.005913 0.002098 0.087167 -0.017738 0.036050 0.001335 0.012016
1757579848.463737 -0.015831 -0.005913 0.002098 0.087167 -0.017738 0.036050 0.001335 0.012016
1757579848.465760 -0.015831 -0.005913 0.002098 0.087167 -0.017738 0.035668 0.001335 0.012016
1757579848.467731 -0.015831 -0.005913 0.002098 0.087167 -0.017738 0.035668 0.001335 0.012016
1757579848.469854 -0.015831 -0.005913 0.002098 0.087167 -0.018120 0.035287 0.001335 0.012016
1757579848.471730 -0.015831 -0.005913 0.002098 0.087167 -0.018120 0.035287 0.001335 0.012016
1757579848.473760 -0.015831 -0.005913 0.002098 0.087167 -0.018120 0.034905 0.001335 0.012016
1757579848.475732 -0.015831 -0.005913 0.002098 0.087167 -0.018501 0.034905 0.001335 0.011635
1757579848.477855 -0.015831 -0.005913 0.002098 0.087167 -0.018501 0.034524 0.001335 0.011635
1757579848.479741 -0.015831 -0.005913 0.002098 0.087167 -0.018883 0.034142 0.001335 0.011635
1757579848.481781 -0.015831 -0.005913 0.002098 0.087167 -0.018883 0.034142 0.001335 0.011635
1757579848.483763 -0.015831 -0.005913 0.002098 0.087167 -0.018883 0.033761 0.001335 0.011635
1757579848.485780 -0.015831 -0.005913 0.002098 0.087167 -0.019264 0.033380 0.000954 0.011635
1757579848.487733 -0.015831 -0.005913 0.002098 0.087167 -0.019264 0.033380 0.000954 0.011635
1757579848.489752 -0.015831 -0.005913 0.002098 0.087167 -0.019264 0.032998 0.000954 0.011635
1757579848.491731 -0.015831 -0.005913 0.002098 0.087167 -0.019646 0.032998 0.000954 0.011635
1757579848.493757 -0.015831 -0.005913 0.002098 0.087167 -0.019646 0.032617 0.000954 0.011635
1757579848.495748 -0.015831 -0.005913 0.002098 0.087167 -0.019646 0.032235 0.000954 0.011635
1757579848.497773 -0.015831 -0.005913 0.002098 0.087167 -0.020027 0.032235 0.000954 0.011253
1757579848.499743 -0.015831 -0.005913 0.002098 0.086785 -0.020027 0.031854 0.000954 0.011253
1757579848.501765 -0.015831 -0.005913 0.002098 0.086785 -0.020027 0.031472 0.000954 0.011253
1757579848.503747 -0.015831 -0.005913 0.002098 0.086785 -0.020409 0.031472 0.000954 0.011253
1757579848.505774 -0.015831 -0.005913 0.002098 0.086785 -0.020409 0.031090 0.000954 0.011253
1757579848.507755 -0.015831 -0.005913 0.002098 0.086785 -0.020409 0.030708 0.000954 0.011253
1757579848.509763 -0.015831 -0.005913 0.002098 0.086785 -0.020790 0.030708 0.000954 0.011253
1757579848.511752 -0.015831 -0.005913 0.002098 0.086785 -0.020790 0.030327 0.000954 0.011253
1757579848.513770 -0.015831 -0.005913 0.002098 0.086785 -0.020790 0.029945 0.000954 0.011253
1757579848.515745 -0.015831 -0.005913 0.002098 0.086785 -0.021172 0.029564 0.000954 0.011253
1757579848.517792 -0.015831 -0.005913 0.002098 0.086785 -0.021172 0.029564 0.000954 0.010872
1757579848.519772 -0.015831 -0.005913 0.002098 0.086785 -0.021553 0.029182 0.000954 0.010872
1757579848.521798 -0.015831 -0.005913 0.002098 0.086785 -0.021553 0.028801 0.000954 0.010872
1757579848.523821 -0.015831 -0.005913 0.002098 0.086785 -0.021935 0.028801 0.000954 0.010872
1757579848.525758 -0.015831 -0.005913 0.002098 0.086785 -0.021935 0.028419 0.000954 0.010872
1757579848.527753 -0.015831 -0.005913 0.002098 0.086785 -0.021935 0.028038 0.000954 0.010872
1757579848.529792 -0.016212 -0.005913 0.002098 0.086785 -0.022316 0.028038 0.000954 0.010872
1757579848.531803 -0.016212 -0.005913 0.002098 0.086785 -0.022697 0.027657 0.000572 0.010872
1757579848.533769 -0.016212 -0.005913 0.002098 0.086785 -0.022697 0.027657 0.000572 0.010490
1757579848.535760 -0.016212 -0.005913 0.002098 0.086785 -0.023079 0.027275 0.000572 0.010490
1757579848.537790 -0.016212 -0.005913 0.002098 0.086785 -0.023079 0.026894 0.000572 0.010490
1757579848.539752 -0.016212 -0.005913 0.002098 0.086785 -0.023460 0.026894 0.000572 0.010490
1757579848.541879 -0.016212 -0.005913 0.002098 0.086785 -0.023842 0.026512 0.000572 0.010490
1757579848.543797 -0.016212 -0.005913 0.002098 0.086785 -0.023842 0.026131 0.000572 0.010490
1757579848.545830 -0.016212 -0.005913 0.002098 0.086785 -0.024223 0.026131 0.000572 0.010490
1757579848.547827 -0.016212 -0.005913 0.002098 0.086785 -0.024605 0.025749 0.000572 0.010109
1757579848.549821 -0.015831 -0.005913 0.002098 0.086785 -0.024605 0.025749 0.000572 0.010109
1757579848.551795 -0.016212 -0.005913 0.002098 0.086785 -0.024986 0.025368 0.000191 0.010109
1757579848.553799 -0.015831 -0.005913 0.002098 0.086785 -0.025368 0.024986 0.000191 0.010109
1757579848.555790 -0.016212 -0.005913 0.002098 0.086785 -0.025749 0.024986 0.000191 0.010109
1757579848.557791 -0.015831 -0.005913 0.002098 0.086785 -0.026131 0.024605 0.000191 0.010109
1757579848.559794 -0.015831 -0.005913 0.002098 0.086785 -0.026512 0.024223 0.000191 0.010109
1757579848.561788 -0.015831 -0.005913 0.002098 0.086785 -0.026894 0.023842 0.000191 0.009727
1757579848.563846 -0.015831 -0.005913 0.002098 0.086785 -0.026894 0.023842 0.000191 0.009727
1757579848.565836 -0.015831 -0.005913 0.002098 0.086785 -0.027275 0.023460 0.000191 0.009727
1757579848.567805 -0.015831 -0.005913 0.002098 0.086785 -0.027657 0.023079 0.000191 0.009727
1757579848.569798 -0.015831 -0.005913 0.002098 0.086785 -0.028419 0.022697 -0.000191 0.009727
1757579848.571774 -0.015831 -0.005913 0.002098 0.086785 -0.028801 0.022697 -0.000191 0.009346
1757579848.573771 -0.015831 -0.005913 0.002098 0.086785 -0.029182 0.022316 -0.000191 0.009346
1757579848.575766 -0.015831 -0.005913 0.002098 0.086785 -0.029564 0.021935 -0.000191 0.009346
1757579848.577771 -0.015831 -0.005913 0.002098 0.086785 -0.029945 0.021553 -0.000191 0.009346
1757579848.579771 -0.015831 -0.005913 0.002098 0.086785 -0.030327 0.021172 -0.000191 0.009346
1757579848.581766 -0.016212 -0.005913 0.002098 0.086785 -0.030708 0.020790 -0.000191 0.009346
1757579848.583809 -0.016212 -0.005913 0.002098 0.086785 -0.031090 0.020409 -0.000191 0.008965
1757579848.585810 -0.016212 -0.005913 0.002098 0.086785 -0.031854 0.020027 -0.000572 0.008965
1757579848.587796 -0.016212 -0.005913 0.002098 0.086785 -0.032235 0.019646 -0.000572 0.008965
1757579848.589810 -0.016212 -0.005913 0.002098 0.086785 -0.032617 0.019264 -0.000572 0.008965
1757579848.591795 -0.016212 -0.005913 0.002098 0.086785 -0.032998 0.018883 -0.000572 0.008965
1757579848.593796 -0.016212 -0.005913 0.002098 0.086785 -0.033761 0.018501 -0.000572 0.008583
1757579848.595795 -0.016212 -0.005913 0.002098 0.086785 -0.034142 0.018120 -0.000572 0.008583
1757579848.597814 -0.016212 -0.005913 0.002098 0.086785 -0.034524 0.017738 -0.000572 0.008583
1757579848.599795 -0.016212 -0.005913 0.002098 0.086785 -0.034905 0.017357 -0.000954 0.008583
1757579848.601809 -0.016212 -0.005913 0.002098 0.086785 -0.035668 0.016975 -0.000954 0.008583
1757579848.603794 -0.016212 -0.005913 0.002098 0.086785 -0.036050 0.016594 -0.000954 0.008202
1757579848.605807 -0.016212 -0.005913 0.002098 0.086785 -0.036431 0.016212 -0.000954 0.008202
1757579848.607800 -0.016212 -0.005913 0.002098 0.086785 -0.037194 0.015831 -0.000954 0.008202
1757579848.609813 -0.016212 -0.005913 0.002098 0.086785 -0.037576 0.015450 -0.000954 0.008202
1757579848.611807 -0.016212 -0.005913 0.002098 0.086785 -0.038339 0.015068 -0.000954 0.008202
1757579848.613754 -0.016212 -0.005913 0.002098 0.086785 -0.038720 0.014687 -0.001335 0.008202
1757579848.615774 -0.016212 -0.005913 0.002098 0.086785 -0.039483 0.014305 -0.001335 0.007820
1757579848.617756 -0.016212 -0.005913 0.002098 0.086785 -0.039865 0.013924 -0.001335 0.007820
1757579848.619754 -0.016212 -0.005913 0.002098 0.086785 -0.040246 0.013542 -0.001335 0.007820
1757579848.621794 -0.016212 -0.005913 0.002098 0.086785 -0.041009 0.013161 -0.001335 0.007820
1757579848.623796 -0.016212 -0.005913 0.002098 0.086785 -0.041390 0.012779 -0.001335 0.007820
1757579848.625791 -0.016212 -0.005913 0.002098 0.086785 -0.042153 0.012398 -0.001335 0.007820
1757579848.627802 -0.016212 -0.005913 0.002098 0.086785 -0.042535 0.012016 -0.001335 0.007439
1757579848.629792 -0.016212 -0.005913 0.002098 0.086785 -0.043298 0.011635 -0.001717 0.007439
1757579848.631795 -0.016594 -0.005913 0.002098 0.086785 -0.043679 0.011253 -0.001717 0.007439
1757579848.633791 -0.016594 -0.005913 0.002098 0.086785 -0.044442 0.010872 -0.001717 0.007439
1757579848.635800 -0.016594 -0.005913 0.002098 0.086785 -0.044824 0.010872 -0.001717 0.007439
1757579848.637791 -0.016594 -0.005913 0.002098 0.086785 -0.045587 0.010490 -0.001717 0.007439
1757579848.639792 -0.016594 -0.005913 0.002098 0.086785 -0.045968 0.010109 -0.001717 0.007057
1757579848.641810 -0.016594 -0.005913 0.002098 0.086785 -0.046731 0.009727 -0.001717 0.007057
1757579848.643763 -0.016594 -0.005913 0.002098 0.086785 -0.047494 0.009727 -0.001717 0.007057
1757579848.645769 -0.016594 -0.005913 0.002098 0.086785 -0.047875 0.009346 -0.001717 0.007057
1757579848.647743 -0.016594 -0.005913 0.002098 0.086785 -0.048638 0.008965 -0.002098 0.007057
1757579848.649734 -0.016594 -0.005913 0.002098 0.086785 -0.049020 0.008965 -0.002098 0.007057
1757579848.651739 -0.016594 -0.005913 0.002098 0.086785 -0.049783 0.008583 -0.002098 0.007057
1757579848.653736 -0.016594 -0.005913 0.002098 0.086785 -0.050164 0.008583 -0.002098 0.006676
1757579848.655731 -0.016594 -0.005913 0.002098 0.086785 -0.050927 0.008202 -0.002098 0.006676
1757579848.657728 -0.016594 -0.005913 0.002098 0.086785 -0.051690 0.008202 -0.002098 0.006676
1757579848.659739 -0.016975 -0.005913 0.002098 0.086785 -0.052072 0.007820 -0.002098 0.006676
1757579848.661726 -0.016975 -0.005913 0.002098 0.086785 -0.052835 0.007820 -0.002480 0.006676
1757579848.663736 -0.016975 -0.005913 0.002098 0.086785 -0.053216 0.007439 -0.002480 0.006676
1757579848.665732 -0.016975 -0.005913 0.002098 0.086785 -0.053979 0.007439 -0.002480 0.006676
1757579848.667738 -0.016975 -0.005913 0.002098 0.086785 -0.054360 0.007439 -0.002480 0.006294
1757579848.669732 -0.016975 -0.005913 0.002098 0.086785 -0.055123 0.007439 -0.002480 0.006294
1757579848.671737 -0.016975 -0.005913 0.002098 0.086785 -0.055505 0.007057 -0.002480 0.006294
1757579848.673768 -0.016975 -0.005913 0.002098 0.086785 -0.056268 0.007057 -0.002480 0.006294
1757579848.675756 -0.016975 -0.005913 0.002098 0.086785 -0.056649 0.007057 -0.002480 0.006294
1757579848.677762 -0.016975 -0.005913 0.002098 0.086785 -0.057412 0.007057 -0.002480 0.006294
1757579848.679737 -0.016975 -0.005913 0.002098 0.086785 -0.057794 0.007057 -0.002480 0.006294
1757579848.681748 -0.016975 -0.005913 0.002098 0.086785 -0.058557 0.007057 -0.002480 0.005913
1757579848.683751 -0.017357 -0.005913 0.002098 0.086785 -0.058938 0.006676 -0.002480 0.005913
1757579848.685738 -0.017357 -0.005913 0.002098 0.086785 -0.059701 0.006676 -0.002480 0.005913
1757579848.687754 -0.017357 -0.005913 0.002098 0.086785 -0.060082 0.006676 -0.002480 0.005913
1757579848.689750 -0.017357 -0.005913 0.002098 0.086785 -0.060464 0.006676 -0.002480 0.005913
1757579848.691757 -0.017357 -0.005913 0.002098 0.086785 -0.061227 0.006676 -0.002480 0.005913
1757579848.693753 -0.017357 -0.005913 0.002098 0.086785 -0.061608 0.006676 -0.002480 0.005913
1757579848.695742 -0.017357 -0.005913 0.002098 0.086785 -0.061990 0.006676 -0.002480 0.005913
1757579848.697747 -0.017357 -0.005913 0.002098 0.086785 -0.062753 0.006676 -0.002480 0.005913
1757579848.699756 -0.017357 -0.005913 0.002098 0.086785 -0.063134 0.006676 -0.002480 0.005531
1757579848.701791 -0.017357 -0.005913 0.002098 0.086785 -0.063516 0.007057 -0.002480 0.005531
1757579848.703876 -0.017357 -0.005913 0.002098 0.086785 -0.064279 0.007057 -0.002480 0.005531
1757579848.705791 -0.017738 -0.005913 0.002098 0.086785 -0.064660 0.007057 -0.002480 0.005531
1757579848.707787 -0.017738 -0.005913 0.002098 0.086785 -0.065423 0.007057 -0.002480 0.005531
1757579848.709780 -0.017738 -0.005913 0.002098 0.086785 -0.065804 0.007057 -0.002480 0.005531
1757579848.711776 -0.017738 -0.005913 0.002098 0.086785 -0.066186 0.007057 -0.002480 0.005531
1757579848.713767 -0.017738 -0.005913 0.002098 0.086785 -0.066949 0.007057 -0.002480 0.005531
1757579848.715771 -0.017738 -0.005913 0.002098 0.086785 -0.067330 0.007057 -0.002480 0.005150
1757579848.717764 -0.017738 -0.005913 0.002098 0.086785 -0.067712 0.007057 -0.002480 0.005150
1757579848.719790 -0.017738 -0.005913 0.002098 0.086785 -0.068475 0.007057 -0.002480 0.005150
1757579848.721760 -0.017738 -0.005913 0.002098 0.086785 -0.068856 0.007057 -0.002480 0.005150
1757579848.723763 -0.018120 -0.005913 0.002098 0.086785 -0.069619 0.007057 -0.002480 0.005150
1757579848.725760 -0.018120 -0.005913 0.002098 0.086785 -0.070001 0.007057 -0.002480 0.005150
1757579848.727764 -0.018120 -0.005913 0.002098 0.086785 -0.070764 0.007057 -0.002480 0.005150
1757579848.729754 -0.018120 -0.005913 0.002098 0.086785 -0.071145 0.007057 -0.002480 0.004768
1757579848.731759 -0.018120 -0.005913 0.002098 0.086785 -0.071908 0.007057 -0.002480 0.004768
1757579848.733748 -0.018120 -0.005913 0.002098 0.086785 -0.072289 0.007057 -0.002480 0.004768
1757579848.735758 -0.018120 -0.005913 0.002098 0.086785 -0.073052 0.007057 -0.002480 0.004768
1757579848.737752 -0.018120 -0.005913 0.002098 0.086785 -0.073434 0.007057 -0.002480 0.004768
1757579848.739755 -0.018501 -0.005913 0.002098 0.086785 -0.074197 0.007057 -0.002480 0.004768
1757579848.741763 -0.018501 -0.005913 0.002098 0.086785 -0.074578 0.007057 -0.002480 0.004768
1757579848.743856 -0.018501 -0.005913 0.002098 0.086785 -0.075341 0.007057 -0.002480 0.004768
1757579848.745762 -0.018501 -0.005913 0.002098 0.086785 -0.076104 0.007057 -0.002480 0.004387
1757579848.747768 -0.018501 -0.005913 0.002098 0.086785 -0.076486 0.007057 -0.002480 0.004387
1757579848.749775 -0.018501 -0.005913 0.002098 0.086785 -0.077249 0.007057 -0.002480 0.004387
1757579848.751790 -0.018501 -0.005913 0.002098 0.086785 -0.078012 0.007057 -0.002480 0.004387
1757579848.753785 -0.018883 -0.005913 0.002098 0.086785 -0.078774 0.007057 -0.002480 0.004387
1757579848.755794 -0.018883 -0.005913 0.002098 0.086785 -0.079537 0.007057 -0.002480 0.004387
1757579848.757849 -0.018883 -0.005913 0.002098 0.086785 -0.079919 0.007057 -0.002480 0.004387
1757579848.759805 -0.018883 -0.005913 0.002098 0.086785 -0.080682 0.007057 -0.002480 0.004005
1757579848.761795 -0.018883 -0.005913 0.002098 0.086785 -0.081445 0.007057 -0.002480 0.004005
1757579848.763850 -0.018883 -0.005913 0.002098 0.086785 -0.082208 0.007057 -0.002480 0.004005
1757579848.765790 -0.018883 -0.005913 0.002098 0.086785 -0.082971 0.007057 -0.002480 0.004005
1757579848.767781 -0.019264 -0.005913 0.002098 0.086785 -0.083734 0.007057 -0.002480 0.004005
1757579848.769755 -0.019264 -0.005913 0.002098 0.086785 -0.084496 0.007057 -0.002480 0.004005
1757579848.771756 -0.019264 -0.005913 0.002098 0.086785 -0.085259 0.007057 -0.002480 0.003624
1757579848.773788 -0.019264 -0.005531 0.002098 0.086785 -0.086022 0.007057 -0.002480 0.003624
1757579848.775805 -0.019264 -0.005531 0.002098 0.086785 -0.086785 0.007057 -0.002480 0.003624
1757579848.777796 -0.019264 -0.005531 0.002098 0.086785 -0.087548 0.007057 -0.002480 0.003624
1757579848.779849 -0.019264 -0.005531 0.002098 0.086785 -0.088311 0.007057 -0.002480 0.003624
1757579848.781838 -0.019264 -0.005531 0.002098 0.086785 -0.089456 0.007057 -0.002480 0.003242
1757579848.783835 -0.019646 -0.005531 0.002098 0.086785 -0.090219 0.007057 -0.002480 0.003242
1757579848.785813 -0.019646 -0.005531 0.002098 0.086785 -0.090981 0.007057 -0.002480 0.003242
1757579848.787803 -0.019646 -0.005531 0.002098 0.086785 -0.091744 0.007057 -0.002480 0.003242
1757579848.789807 -0.019646 -0.005531 0.002098 0.086785 -0.092507 0.007057 -0.002480 0.003242
1757579848.791811 -0.019646 -0.005531 0.002098 0.086785 -0.093270 0.007057 -0.002480 0.003242
1757579848.793760 -0.019646 -0.005531 0.002098 0.086785 -0.094034 0.007057 -0.002480 0.002861
1757579848.795754 -0.020027 -0.005531 0.002098 0.086785 -0.094797 0.007057 -0.002480 0.002861
1757579848.797778 -0.020027 -0.005531 0.002098 0.086785 -0.095942 0.007057 -0.002480 0.002861
1757579848.799749 -0.020027 -0.005531 0.002098 0.086785 -0.096704 0.007057 -0.002480 0.002861
1757579848.801749 -0.020027 -0.005531 0.002098 0.086785 -0.097467 0.007057 -0.002480 0.002861
1757579848.803756 -0.020027 -0.005531 0.002098 0.086785 -0.098230 0.007057 -0.002480 0.002480
1757579848.805767 -0.020027 -0.005531 0.002098 0.086785 -0.098993 0.007057 -0.002480 0.002480
1757579848.807731 -0.020409 -0.005531 0.002098 0.086785 -0.100138 0.007057 -0.002480 0.002480
1757579848.809752 -0.020409 -0.005531 0.002098 0.086785 -0.100901 0.007057 -0.002480 0.002480
1757579848.811748 -0.020409 -0.005531 0.002098 0.086785 -0.101664 0.007057 -0.002480 0.002480
1757579848.813751 -0.020409 -0.005531 0.002098 0.086785 -0.102427 0.007057 -0.002480 0.002098
1757579848.815742 -0.020409 -0.005531 0.002098 0.086785 -0.103571 0.007057 -0.002480 0.002098
1757579848.817745 -0.020409 -0.005531 0.002098 0.086785 -0.104334 0.006676 -0.002480 0.002098
1757579848.819748 -0.020790 -0.005531 0.002098 0.086785 -0.105097 0.006676 -0.002480 0.002098
1757579848.821748 -0.020790 -0.005531 0.002098 0.086785 -0.105860 0.006676 -0.002480 0.001717
1757579848.823746 -0.020790 -0.005531 0.002098 0.086785 -0.107004 0.006676 -0.002480 0.001717
1757579848.825742 -0.020790 -0.005531 0.002098 0.086785 -0.107767 0.006676 -0.002480 0.001717
1757579848.827836 -0.020790 -0.005531 0.002098 0.086785 -0.108530 0.006676 -0.002480 0.001717
1757579848.829790 -0.021172 -0.005531 0.002098 0.086785 -0.109674 0.006676 -0.002480 0.001717
1757579848.831799 -0.021172 -0.005531 0.002098 0.086785 -0.110437 0.006676 -0.002480 0.001335
1757579848.833790 -0.021172 -0.005531 0.002098 0.086785 -0.111200 0.006294 -0.002480 0.001335
1757579848.835786 -0.021172 -0.005531 0.002098 0.086785 -0.112345 0.006294 -0.002480 0.001335
1757579848.837810 -0.021172 -0.005531 0.002098 0.086785 -0.113108 0.006294 -0.002480 0.001335
1757579848.839788 -0.021172 -0.005531 0.002098 0.086785 -0.113871 0.006294 -0.002480 0.000954
1757579848.841791 -0.021553 -0.005531 0.002098 0.086785 -0.115015 0.006294 -0.002480 0.000954
1757579848.843787 -0.021553 -0.005531 0.002098 0.086785 -0.115778 0.006294 -0.002480 0.000954
1757579848.845790 -0.021553 -0.005531 0.002098 0.086785 -0.116922 0.006294 -0.002480 0.000954
1757579848.847788 -0.021553 -0.005531 0.002098 0.086785 -0.117685 0.006294 -0.002480 0.000954
1757579848.849792 -0.021553 -0.005531 0.002098 0.086785 -0.118830 0.006294 -0.002480 0.000572
1757579848.851792 -0.021553 -0.005531 0.002098 0.086785 -0.119593 0.006294 -0.002480 0.000572
1757579848.853790 -0.021553 -0.005531 0.002098 0.086785 -0.120356 0.006294 -0.002480 0.000572
1757579848.855799 -0.021935 -0.005531 0.002098 0.086785 -0.121500 0.006294 -0.002480 0.000572
1757579848.857794 -0.021935 -0.005531 0.002098 0.086785 -0.122263 0.006294 -0.002480 0.000191
1757579848.859857 -0.021935 -0.005531 0.002098 0.086785 -0.123407 0.006294 -0.002480 0.000191
1757579848.861818 -0.021935 -0.005531 0.002098 0.086785 -0.124170 0.006294 -0.002480 0.000191
1757579848.863794 -0.021935 -0.005531 0.002098 0.086785 -0.125315 0.006294 -0.002480 0.000191
1757579848.865821 -0.021935 -0.005531 0.002098 0.086785 -0.126078 0.006294 -0.002480 -0.000191
1757579848.867783 -0.022316 -0.005531 0.002098 0.086785 -0.127222 0.006294 -0.002480 -0.000191
1757579848.869789 -0.022316 -0.005531 0.002098 0.086785 -0.127985 0.006294 -0.002480 -0.000191
1757579848.871788 -0.022316 -0.005531 0.002098 0.086785 -0.129129 0.006294 -0.002480 -0.000191
1757579848.873792 -0.022316 -0.005531 0.002098 0.086785 -0.129892 0.006294 -0.002480 -0.000191
1757579848.875781 -0.022316 -0.005531 0.002098 0.086785 -0.131037 0.006294 -0.002480 -0.000572
1757579848.877788 -0.022697 -0.005531 0.002098 0.086785 -0.131800 0.006294 -0.002480 -0.000572
1757579848.879787 -0.022697 -0.005531 0.002098 0.086785 -0.132563 0.006294 -0.002480 -0.000572
1757579848.881789 -0.022697 -0.005531 0.002098 0.086785 -0.133707 0.006294 -0.002480 -0.000954
1757579848.883780 -0.022697 -0.005531 0.002098 0.086785 -0.134851 0.006294 -0.002480 -0.000954
1757579848.885792 -0.022697 -0.005531 0.002098 0.086785 -0.135614 0.006294 -0.002480 -0.000954
1757579848.887785 -0.022697 -0.005531 0.002098 0.086785 -0.136759 0.006294 -0.002480 -0.000954
1757579848.889808 -0.023079 -0.005531 0.002098 0.086785 -0.137522 0.006294 -0.002480 -0.001335
1757579848.891792 -0.023079 -0.005531 0.002098 0.086785 -0.138666 0.006294 -0.002480 -0.001335
1757579848.893792 -0.023079 -0.005531 0.002098 0.086785 -0.139429 0.006294 -0.002480 -0.001335
1757579848.895810 -0.023079 -0.005531 0.002098 0.086785 -0.140574 0.005913 -0.002480 -0.001335
1757579848.897789 -0.023079 -0.005531 0.002098 0.086785 -0.141336 0.005913 -0.002480 -0.001335
1757579848.899787 -0.023460 -0.005531 0.002098 0.086785 -0.142481 0.005913 -0.002480 -0.001717
1757579848.901785 -0.023460 -0.005531 0.002098 0.086785 -0.143625 0.005913 -0.002480 -0.001717
1757579848.903785 -0.023460 -0.005531 0.002098 0.086785 -0.144388 0.005913 -0.002480 -0.001717
1757579848.905793 -0.023460 -0.005531 0.002098 0.086785 -0.145533 0.005913 -0.002480 -0.001717
1757579848.907786 -0.023460 -0.005531 0.002098 0.086785 -0.146677 0.005913 -0.002480 -0.001717
1757579848.909798 -0.023460 -0.005531 0.002098 0.086785 -0.147440 0.005913 -0.002480 -0.002098
1757579848.911789 -0.023842 -0.005531 0.002098 0.086785 -0.148584 0.005913 -0.002480 -0.002098
1757579848.913792 -0.023842 -0.005531 0.002098 0.086785 -0.149729 0.005913 -0.002480 -0.002098
1757579848.915787 -0.023842 -0.005531 0.002098 0.086785 -0.150873 0.005913 -0.002480 -0.002098
1757579848.917785 -0.023842 -0.005531 0.002098 0.086785 -0.151636 0.005531 -0.002480 -0.002480
1757579848.919782 -0.023842 -0.005531 0.002098 0.086785 -0.152781 0.005531 -0.002480 -0.002480
1757579848.921789 -0.023842 -0.005531 0.002098 0.086785 -0.153925 0.005531 -0.002480 -0.002480
1757579848.923792 -0.023842 -0.005531 0.002098 0.086785 -0.155069 0.005531 -0.002480 -0.002480
1757579848.925789 -0.024223 -0.005531 0.002098 0.086785 -0.156214 0.005531 -0.002480 -0.002480
1757579848.927818 -0.024223 -0.005531 0.002098 0.086785 -0.157359 0.005531 -0.002480 -0.002861
1757579848.929788 -0.024223 -0.005531 0.002098 0.086785 -0.158122 0.005531 -0.002480 -0.002861
1757579848.931787 -0.024223 -0.005531 0.002098 0.086785 -0.159266 0.005531 -0.002480 -0.002861
1757579848.933788 -0.024223 -0.005531 0.002098 0.086785 -0.160411 0.005531 -0.002480 -0.002861
1757579848.935785 -0.024223 -0.005531 0.002098 0.086785 -0.161555 0.005531 -0.002480 -0.002861
1757579848.937814 -0.024605 -0.005531 0.002098 0.086785 -0.162700 0.005150 -0.002480 -0.003242
1757579848.939789 -0.024605 -0.005531 0.002098 0.086785 -0.163844 0.005150 -0.002480 -0.003242
1757579848.941791 -0.024605 -0.005531 0.002098 0.086785 -0.164989 0.005150 -0.002480 -0.003242
1757579848.943788 -0.024605 -0.005531 0.002098 0.086785 -0.166133 0.005150 -0.002480 -0.003242
1757579848.945839 -0.024605 -0.005531 0.002098 0.086785 -0.167277 0.005150 -0.002480 -0.003242
1757579848.947801 -0.024605 -0.005531 0.002098 0.086785 -0.168422 0.005150 -0.002480 -0.003624
1757579848.949792 -0.024605 -0.005531 0.002098 0.086785 -0.169566 0.005150 -0.002480 -0.003624
1757579848.951801 -0.024605 -0.005531 0.002098 0.086785 -0.170711 0.005150 -0.002480 -0.003624
1757579848.953825 -0.024986 -0.005531 0.002098 0.086785 -0.171855 0.005150 -0.002480 -0.003624
1757579848.955810 -0.024986 -0.005531 0.002098 0.086785 -0.172999 0.005150 -0.002480 -0.004005
1757579848.957791 -0.024986 -0.005531 0.002098 0.086785 -0.174144 0.005150 -0.002480 -0.004005
1757579848.959785 -0.024986 -0.005531 0.002098 0.086785 -0.175288 0.004768 -0.002480 -0.004005
1757579848.961781 -0.024986 -0.005531 0.002098 0.086785 -0.176433 0.004768 -0.002480 -0.004005
1757579848.963798 -0.024986 -0.005531 0.002098 0.086785 -0.177577 0.004768 -0.002480 -0.004387
1757579848.965788 -0.024986 -0.005531 0.002098 0.086785 -0.178721 0.004768 -0.002480 -0.004387
1757579848.967792 -0.024986 -0.005531 0.002098 0.086785 -0.179866 0.004768 -0.002480 -0.004387
1757579848.969782 -0.025368 -0.005531 0.002098 0.086785 -0.181010 0.004768 -0.002480 -0.004387
1757579848.971776 -0.025368 -0.005531 0.002098 0.086785 -0.182536 0.004768 -0.002480 -0.004768
1757579848.973776 -0.025368 -0.005531 0.002098 0.086785 -0.183681 0.004768 -0.002480 -0.004768
1757579848.975791 -0.025368 -0.005531 0.002098 0.086785 -0.184825 0.004768 -0.002480 -0.004768
1757579848.977798 -0.025368 -0.005531 0.002098 0.086785 -0.185969 0.004768 -0.002480 -0.004768
1757579848.979786 -0.025368 -0.005531 0.002098 0.086785 -0.187114 0.004768 -0.002480 -0.005150
1757579848.981776 -0.025368 -0.005531 0.002098 0.086785 -0.188258 0.004768 -0.002480 -0.005150
1757579848.983799 -0.025749 -0.005531 0.002098 0.086785 -0.189403 0.004768 -0.002480 -0.005150
1757579848.985780 -0.025749 -0.005531 0.002098 0.086785 -0.190928 0.004768 -0.002480 -0.005531
1757579848.987787 -0.025749 -0.005531 0.002098 0.086785 -0.192073 0.004768 -0.002480 -0.005531
1757579848.989821 -0.025749 -0.005531 0.002098 0.086785 -0.193217 0.004768 -0.002480 -0.005531
1757579848.991794 -0.025749 -0.005531 0.002098 0.086785 -0.194362 0.004768 -0.002480 -0.005913
1757579848.993790 -0.025749 -0.005531 0.002098 0.086785 -0.195506 0.004768 -0.002480 -0.005913
1757579848.995800 -0.025749 -0.005531 0.002098 0.086785 -0.196651 0.004768 -0.002480 -0.006294
1757579848.997789 -0.026131 -0.005531 0.002098 0.086785 -0.197795 0.004387 -0.002480 -0.006294
1757579848.999793 -0.026131 -0.005531 0.002098 0.086785 -0.199321 0.004387 -0.002480 -0.006294
1757579849.001789 -0.026131 -0.005531 0.002098 0.086785 -0.200465 0.004387 -0.002480 -0.006676
1757579849.003792 -0.026131 -0.005531 0.002098 0.086785 -0.201610 0.004387 -0.002480 -0.006676
1757579849.005771 -0.026131 -0.005531 0.002098 0.086785 -0.202754 0.004387 -0.002480 -0.007057
1757579849.007794 -0.026131 -0.005531 0.002098 0.086785 -0.203898 0.004387 -0.002480 -0.007057
1757579849.009787 -0.026131 -0.005531 0.002098 0.086785 -0.205424 0.004387 -0.002480 -0.007439
1757579849.011791 -0.026131 -0.005531 0.002098 0.086785 -0.206569 0.004387 -0.002480 -0.007439
1757579849.013865 -0.026512 -0.005531 0.002098 0.086785 -0.207713 0.004387 -0.002480 -0.007820
1757579849.015809 -0.026512 -0.005531 0.002098 0.086785 -0.208858 0.004387 -0.002480 -0.008202
1757579849.017805 -0.026512 -0.005531 0.002098 0.086785 -0.210002 0.004387 -0.002480 -0.008202
1757579849.019823 -0.026512 -0.005531 0.002098 0.086785 -0.211528 0.004005 -0.002480 -0.008583
1757579849.021844 -0.026512 -0.005531 0.002098 0.086785 -0.212672 0.004005 -0.002480 -0.008965
1757579849.023844 -0.026512 -0.005531 0.002098 0.086785 -0.213817 0.004005 -0.002480 -0.008965
1757579849.025867 -0.026512 -0.005531 0.002098 0.086785 -0.214961 0.004005 -0.002480 -0.009346
1757579849.027797 -0.026512 -0.005531 0.002098 0.086785 -0.216487 0.004005 -0.002480 -0.009727
1757579849.029801 -0.026894 -0.005531 0.002098 0.086785 -0.217631 0.004005 -0.002480 -0.009727
1757579849.031818 -0.026894 -0.005531 0.002098 0.086785 -0.218777 0.004005 -0.002480 -0.010109
1757579849.033815 -0.026894 -0.005531 0.002098 0.086785 -0.220303 0.004005 -0.002480 -0.010490
1757579849.035811 -0.026894 -0.005531 0.002098 0.086785 -0.221447 0.004005 -0.002480 -0.010872
1757579849.037809 -0.026894 -0.005531 0.002098 0.086785 -0.222591 0.004005 -0.002480 -0.010872
1757579849.039812 -0.026894 -0.005531 0.002098 0.086785 -0.223736 0.003624 -0.002480 -0.011253
1757579849.041804 -0.026894 -0.005531 0.002098 0.086785 -0.225262 0.003624 -0.002480 -0.011635
1757579849.043797 -0.026894 -0.005531 0.002098 0.086785 -0.226406 0.003624 -0.002480 -0.011635
1757579849.045822 -0.026894 -0.005531 0.002098 0.086785 -0.227932 0.003624 -0.002480 -0.012016
1757579849.047836 -0.027275 -0.005531 0.002098 0.086785 -0.229076 0.003624 -0.002480 -0.012398
1757579849.049804 -0.027275 -0.005531 0.002098 0.086785 -0.230221 0.003624 -0.002480 -0.012398
1757579849.051801 -0.027275 -0.005531 0.002098 0.086785 -0.231747 0.003624 -0.002480 -0.012779
1757579849.053812 -0.027275 -0.005531 0.002098 0.086785 -0.232891 0.003624 -0.002480 -0.013161
1757579849.055802 -0.027275 -0.005531 0.002098 0.086785 -0.234417 0.003624 -0.002480 -0.013161
1757579849.057802 -0.027275 -0.005531 0.002098 0.086785 -0.235561 0.003624 -0.002480 -0.013542
1757579849.059803 -0.027275 -0.005531 0.002098 0.086785 -0.237087 0.003624 -0.002480 -0.013924
1757579849.061825 -0.027275 -0.005531 0.002098 0.086785 -0.238232 0.003624 -0.002480 -0.013924
1757579849.063810 -0.027275 -0.005531 0.002098 0.086785 -0.239758 0.003624 -0.002480 -0.014305
1757579849.065800 -0.027275 -0.005531 0.002098 0.086785 -0.240902 0.003624 -0.002480 -0.014687
1757579849.067814 -0.027275 -0.005531 0.002098 0.086785 -0.242428 0.003624 -0.002480 -0.015068
1757579849.069803 -0.027657 -0.005531 0.002098 0.086785 -0.243572 0.003624 -0.002480 -0.015068
1757579849.071826 -0.027657 -0.005531 0.002098 0.086785 -0.245098 0.003624 -0.002480 -0.015450
1757579849.073797 -0.027657 -0.005531 0.002098 0.086785 -0.246243 0.003624 -0.002480 -0.015831
1757579849.075808 -0.027657 -0.005531 0.002098 0.086785 -0.247768 0.003242 -0.002480 -0.015831
1757579849.077753 -0.027657 -0.005531 0.002098 0.086785 -0.249294 0.003242 -0.002480 -0.016212
1757579849.079776 -0.027657 -0.005531 0.002098 0.086785 -0.250439 0.003242 -0.002480 -0.016594
1757579849.081760 -0.027657 -0.005531 0.002098 0.086785 -0.251965 0.003242 -0.002480 -0.016975
1757579849.083767 -0.027657 -0.005531 0.002098 0.086785 -0.253109 0.003242 -0.002480 -0.016975
1757579849.085759 -0.027657 -0.005531 0.002098 0.086785 -0.254635 0.003242 -0.002480 -0.017357
1757579849.087760 -0.027657 -0.005531 0.002098 0.086785 -0.255779 0.003242 -0.002480 -0.017738
1757579849.089761 -0.027657 -0.005531 0.002098 0.086785 -0.257305 0.003242 -0.002480 -0.018120
1757579849.091763 -0.028038 -0.005531 0.002098 0.086785 -0.258450 0.003242 -0.002480 -0.018120
1757579849.093758 -0.028038 -0.005531 0.002098 0.086785 -0.259975 0.003242 -0.002480 -0.018501
1757579849.095762 -0.028038 -0.005531 0.002098 0.086785 -0.261120 0.003242 -0.002480 -0.018883
1757579849.097757 -0.028038 -0.005531 0.002098 0.086785 -0.262646 0.003242 -0.002480 -0.019264
1757579849.099765 -0.028038 -0.005531 0.002098 0.086785 -0.263790 0.003242 -0.002480 -0.019646
1757579849.101754 -0.028038 -0.005531 0.002098 0.086785 -0.265316 0.003242 -0.002480 -0.020027
1757579849.103754 -0.028038 -0.005531 0.002098 0.086785 -0.266460 0.003242 -0.002480 -0.020409
1757579849.105751 -0.028038 -0.005531 0.002098 0.086785 -0.267986 0.003242 -0.002480 -0.020409
1757579849.107769 -0.028038 -0.005531 0.002098 0.086785 -0.269131 0.002861 -0.002480 -0.020790
1757579849.109766 -0.028038 -0.005531 0.002098 0.086785 -0.270657 0.002861 -0.002480 -0.021172
1757579849.111752 -0.028038 -0.005531 0.002098 0.086785 -0.271801 0.002861 -0.002480 -0.021553
1757579849.113747 -0.028419 -0.005531 0.002098 0.086785 -0.273327 0.002861 -0.002480 -0.021935
1757579849.115765 -0.028419 -0.005531 0.002098 0.086785 -0.274471 0.002861 -0.002480 -0.022316
1757579849.117767 -0.028419 -0.005531 0.002098 0.086785 -0.275997 0.002861 -0.002480 -0.022697
1757579849.119746 -0.028419 -0.005531 0.002098 0.086785 -0.277142 0.002861 -0.002480 -0.022697
1757579849.121754 -0.028419 -0.005531 0.002098 0.086785 -0.278286 0.002861 -0.002480 -0.023079
1757579849.123759 -0.028419 -0.005531 0.002098 0.086785 -0.279812 0.002861 -0.002480 -0.023460
1757579849.125747 -0.028419 -0.005531 0.002098 0.086785 -0.280956 0.002861 -0.002480 -0.023460
1757579849.127747 -0.028419 -0.005531 0.002098 0.086785 -0.282483 0.002861 -0.002480 -0.023842
1757579849.129746 -0.028419 -0.005531 0.002098 0.086785 -0.283628 0.002480 -0.002480 -0.024223
1757579849.131766 -0.028419 -0.005531 0.002098 0.086785 -0.285153 0.002480 -0.002480 -0.024223
1757579849.133743 -0.028419 -0.005531 0.002098 0.086785 -0.286298 0.002480 -0.002480 -0.024605
1757579849.135748 -0.028419 -0.005531 0.002098 0.086785 -0.287442 0.002480 -0.002480 -0.024986
1757579849.137786 -0.028419 -0.005531 0.002098 0.086785 -0.288968 0.002480 -0.002480 -0.024986
1757579849.139754 -0.028801 -0.005531 0.002098 0.086785 -0.290112 0.002480 -0.002480 -0.025368
1757579849.141752 -0.028801 -0.005531 0.002098 0.086785 -0.291257 0.002480 -0.002480 -0.025749
1757579849.143755 -0.028801 -0.005531 0.002098 0.086785 -0.292783 0.002480 -0.002480 -0.025749
1757579849.145746 -0.028801 -0.005531 0.002098 0.086785 -0.293927 0.002098 -0.002480 -0.026131
1757579849.147757 -0.028801 -0.005531 0.002098 0.086785 -0.295072 0.002098 -0.002480 -0.026512
1757579849.149745 -0.028801 -0.005531 0.002098 0.086785 -0.296597 0.002098 -0.002480 -0.026894
1757579849.151745 -0.028801 -0.005531 0.002098 0.086785 -0.297742 0.002098 -0.002480 -0.026894
1757579849.153748 -0.028801 -0.005531 0.002098 0.086785 -0.298886 0.002098 -0.002480 -0.027275
1757579849.155853 -0.028801 -0.005531 0.002098 0.086785 -0.300031 0.002098 -0.002861 -0.027657
1757579849.157851 -0.028801 -0.005531 0.002098 0.086785 -0.301557 0.002098 -0.002861 -0.028038
1757579849.159932 -0.028801 -0.005531 0.002098 0.086785 -0.302701 0.002098 -0.002861 -0.028419
1757579849.161766 -0.028801 -0.005531 0.002098 0.086785 -0.303845 0.001717 -0.002861 -0.028419
1757579849.163773 -0.028801 -0.005531 0.002098 0.086785 -0.304990 0.001717 -0.002861 -0.028801
1757579849.165754 -0.029182 -0.005531 0.002098 0.086785 -0.306134 0.001717 -0.002861 -0.029182
1757579849.167825 -0.029182 -0.005531 0.002098 0.086785 -0.307660 0.001717 -0.002861 -0.029564
1757579849.169779 -0.029182 -0.005531 0.002098 0.086785 -0.308805 0.001717 -0.002861 -0.029945
1757579849.171805 -0.029182 -0.005531 0.002098 0.086785 -0.309949 0.001717 -0.002861 -0.030327
1757579849.173794 -0.029182 -0.005531 0.002098 0.086785 -0.311093 0.001717 -0.002861 -0.030327
1757579849.175764 -0.029182 -0.005531 0.002098 0.086785 -0.312238 0.001717 -0.002861 -0.030708
1757579849.177745 -0.029182 -0.005531 0.002098 0.086785 -0.313382 0.001717 -0.002861 -0.031090
1757579849.179736 -0.029182 -0.005531 0.002098 0.086785 -0.314908 0.001335 -0.002861 -0.031472
1757579849.181728 -0.029182 -0.005531 0.002098 0.086785 -0.316052 0.001335 -0.002861 -0.031854
1757579849.183724 -0.029182 -0.005531 0.002098 0.086785 -0.317197 0.001335 -0.002861 -0.031854
1757579849.185729 -0.029182 -0.005531 0.002098 0.086785 -0.318341 0.001335 -0.002861 -0.032235
1757579849.187727 -0.029182 -0.005531 0.002098 0.086785 -0.319486 0.001335 -0.002861 -0.032617
1757579849.189731 -0.029182 -0.005531 0.002098 0.086785 -0.320630 0.001335 -0.002861 -0.032617
1757579849.191730 -0.029564 -0.005531 0.002098 0.086785 -0.322156 0.001335 -0.002861 -0.032998
1757579849.193743 -0.029564 -0.005531 0.002098 0.086785 -0.323300 0.001335 -0.002861 -0.033380
1757579849.195734 -0.029564 -0.005531 0.002098 0.086785 -0.324445 0.001335 -0.002861 -0.033761
1757579849.197736 -0.029564 -0.005531 0.002098 0.086785 -0.325589 0.000954 -0.002861 -0.033761
1757579849.199792 -0.029564 -0.005531 0.002098 0.086785 -0.326734 0.000954 -0.002861 -0.034142
1757579849.201753 -0.029564 -0.005531 0.002098 0.086785 -0.327878 0.000954 -0.002861 -0.034524
1757579849.203741 -0.029564 -0.005531 0.002098 0.086785 -0.329404 0.000954 -0.002861 -0.034524
1757579849.205763 -0.029564 -0.005531 0.002098 0.086785 -0.330548 0.000954 -0.002861 -0.034905
1757579849.207728 -0.029564 -0.005531 0.002098 0.086785 -0.331693 0.000954 -0.002861 -0.035287
1757579849.209736 -0.029564 -0.005531 0.002098 0.086785 -0.332837 0.000954 -0.002861 -0.035287
1757579849.211729 -0.029564 -0.005531 0.002098 0.086785 -0.333982 0.000954 -0.002861 -0.035668
1757579849.213733 -0.029564 -0.005531 0.002098 0.086785 -0.335126 0.000572 -0.002861 -0.036050
1757579849.215735 -0.029564 -0.005531 0.002098 0.086785 -0.336270 0.000572 -0.002861 -0.036431
1757579849.217746 -0.029945 -0.005531 0.002098 0.086785 -0.337796 0.000572 -0.002861 -0.036431
1757579849.219734 -0.029945 -0.005531 0.002098 0.086785 -0.338941 0.000572 -0.002861 -0.036813
1757579849.221744 -0.029945 -0.005531 0.002098 0.086785 -0.340085 0.000572 -0.002861 -0.037194
1757579849.223741 -0.029945 -0.005531 0.002098 0.086785 -0.341229 0.000572 -0.002861 -0.037576
1757579849.225733 -0.029945 -0.005531 0.002098 0.086785 -0.342374 0.000572 -0.002861 -0.037576
1757579849.227746 -0.029945 -0.005531 0.002098 0.086785 -0.343518 0.000191 -0.002861 -0.037957
1757579849.229736 -0.029945 -0.005531 0.002098 0.086785 -0.344664 0.000191 -0.002861 -0.038339
1757579849.231764 -0.029945 -0.005531 0.002098 0.086785 -0.345808 0.000191 -0.002861 -0.038720
1757579849.233742 -0.029945 -0.005531 0.002098 0.086785 -0.346952 0.000191 -0.002861 -0.039102
1757579849.235740 -0.029945 -0.005531 0.002098 0.086785 -0.348097 0.000191 -0.002861 -0.039483
1757579849.237749 -0.029945 -0.005531 0.002098 0.086785 -0.349241 0.000191 -0.002861 -0.039865
1757579849.239745 -0.029945 -0.005531 0.002098 0.086785 -0.350386 0.000191 -0.003242 -0.040246
1757579849.241744 -0.029945 -0.005531 0.002098 0.086785 -0.351530 0.000191 -0.003242 -0.040246
1757579849.243732 -0.030327 -0.005531 0.002098 0.086785 -0.352674 -0.000191 -0.003242 -0.040627
1757579849.245745 -0.030327 -0.005531 0.002098 0.086785 -0.353819 -0.000191 -0.003242 -0.041009
1757579849.247734 -0.030327 -0.005531 0.002098 0.086785 -0.354963 -0.000191 -0.003242 -0.041390
1757579849.249744 -0.030327 -0.005531 0.002098 0.086785 -0.356108 -0.000191 -0.003242 -0.041772
1757579849.251740 -0.030327 -0.005531 0.002098 0.086785 -0.357252 -0.000191 -0.003242 -0.042153
1757579849.253732 -0.030327 -0.005531 0.002098 0.086785 -0.358397 -0.000191 -0.003242 -0.042153
1757579849.255733 -0.030327 -0.005531 0.002098 0.086785 -0.359541 -0.000191 -0.003242 -0.042535
1757579849.257749 -0.030327 -0.005531 0.002098 0.086785 -0.360685 -0.000191 -0.003242 -0.042916
1757579849.259733 -0.030327 -0.005531 0.002098 0.086785 -0.361830 -0.000191 -0.003242 -0.043298
1757579849.261762 -0.030327 -0.005531 0.002098 0.086785 -0.362593 -0.000572 -0.003242 -0.043298
1757579849.263744 -0.030327 -0.005531 0.002098 0.086785 -0.363737 -0.000572 -0.003242 -0.043679
1757579849.265745 -0.030327 -0.005531 0.002098 0.086785 -0.364882 -0.000572 -0.003242 -0.044061
1757579849.267776 -0.030327 -0.005531 0.002098 0.086785 -0.366026 -0.000572 -0.003242 -0.044061
1757579849.269743 -0.030327 -0.005531 0.002098 0.086785 -0.367170 -0.000572 -0.003242 -0.044442
1757579849.271735 -0.030708 -0.005531 0.002098 0.086785 -0.368315 -0.000572 -0.003242 -0.044824
1757579849.273726 -0.030708 -0.005531 0.002098 0.086785 -0.369459 -0.000572 -0.003242 -0.044824
1757579849.275734 -0.030708 -0.005531 0.002098 0.086785 -0.370604 -0.000572 -0.003242 -0.045205
1757579849.277744 -0.030708 -0.005531 0.002098 0.086785 -0.371748 -0.000954 -0.003242 -0.045587
1757579849.279734 -0.030708 -0.005531 0.002098 0.086785 -0.372892 -0.000954 -0.003242 -0.045587
1757579849.281744 -0.030708 -0.005531 0.002098 0.086785 -0.374037 -0.000954 -0.003242 -0.045968
1757579849.283732 -0.030708 -0.005531 0.002098 0.086785 -0.374800 -0.000954 -0.003242 -0.046350
1757579849.285746 -0.030708 -0.005531 0.002098 0.086785 -0.375944 -0.000954 -0.003242 -0.046731
1757579849.287745 -0.030708 -0.005531 0.002098 0.086785 -0.377089 -0.000954 -0.003242 -0.047112
1757579849.289744 -0.030708 -0.005531 0.002098 0.086785 -0.378233 -0.000954 -0.003242 -0.047112
1757579849.291729 -0.030708 -0.005531 0.002098 0.086785 -0.379377 -0.001335 -0.003242 -0.047494
1757579849.293821 -0.030708 -0.005531 0.002098 0.086785 -0.380140 -0.001335 -0.003242 -0.047875
1757579849.295780 -0.030708 -0.005531 0.002098 0.086785 -0.381285 -0.001335 -0.003242 -0.048257
1757579849.297781 -0.030708 -0.005531 0.002098 0.086785 -0.382429 -0.001335 -0.003242 -0.048257
1757579849.299780 -0.030708 -0.005531 0.002098 0.086785 -0.383574 -0.001335 -0.003242 -0.048638
1757579849.301759 -0.030708 -0.005531 0.002098 0.086785 -0.384718 -0.001335 -0.003242 -0.049020
1757579849.303742 -0.031090 -0.005531 0.002098 0.086785 -0.385481 -0.001335 -0.003242 -0.049401
1757579849.305735 -0.031090 -0.005531 0.002098 0.086785 -0.386625 -0.001335 -0.003242 -0.049401
1757579849.307743 -0.031090 -0.005531 0.002098 0.086785 -0.387770 -0.001717 -0.003242 -0.049783
1757579849.309754 -0.031090 -0.005531 0.002098 0.086785 -0.388914 -0.001717 -0.003242 -0.050164
1757579849.311744 -0.031090 -0.005531 0.002098 0.086785 -0.390059 -0.001717 -0.003242 -0.050546
1757579849.313740 -0.031090 -0.005531 0.002098 0.086785 -0.391203 -0.001717 -0.003242 -0.050927
1757579849.315797 -0.031090 -0.005531 0.002098 0.086785 -0.392347 -0.001717 -0.003242 -0.051309
1757579849.317775 -0.031090 -0.005531 0.002098 0.086785 -0.393110 -0.001717 -0.003242 -0.051309
1757579849.319748 -0.031090 -0.005531 0.002098 0.086785 -0.394255 -0.001717 -0.003624 -0.051690
1757579849.321743 -0.031090 -0.005531 0.002098 0.086785 -0.395399 -0.001717 -0.003624 -0.052072
1757579849.323766 -0.031090 -0.005531 0.002098 0.086785 -0.396544 -0.002098 -0.003624 -0.052453
1757579849.325748 -0.031090 -0.005531 0.002098 0.086785 -0.397688 -0.002098 -0.003624 -0.052835
1757579849.327740 -0.031090 -0.005531 0.002098 0.086785 -0.398832 -0.002098 -0.003624 -0.053216
1757579849.329741 -0.031090 -0.005531 0.002098 0.086785 -0.399977 -0.002098 -0.003624 -0.053216
1757579849.331744 -0.031472 -0.005531 0.002098 0.086785 -0.401121 -0.002098 -0.003624 -0.053597
1757579849.333750 -0.031472 -0.005531 0.002098 0.086785 -0.402266 -0.002098 -0.003624 -0.053979
1757579849.335733 -0.031472 -0.005531 0.002098 0.086785 -0.403410 -0.002098 -0.003624 -0.054360
1757579849.337744 -0.031472 -0.005531 0.002098 0.086785 -0.404554 -0.002480 -0.003624 -0.054742
1757579849.339733 -0.031472 -0.005531 0.002098 0.086785 -0.405699 -0.002480 -0.003624 -0.055123
1757579849.341747 -0.031472 -0.005531 0.002098 0.086785 -0.406844 -0.002480 -0.003624 -0.055505
1757579849.343732 -0.031472 -0.005531 0.002098 0.086785 -0.407989 -0.002480 -0.003624 -0.055886
1757579849.345744 -0.031472 -0.005531 0.002098 0.086785 -0.409133 -0.002480 -0.003624 -0.056268
1757579849.347733 -0.031472 -0.005531 0.002098 0.086785 -0.410277 -0.002480 -0.003624 -0.056649
1757579849.349750 -0.031472 -0.005531 0.002098 0.086785 -0.411422 -0.002480 -0.003624 -0.057031
1757579849.351732 -0.031472 -0.005531 0.002098 0.086785 -0.412566 -0.002861 -0.003624 -0.057412
1757579849.353751 -0.031472 -0.005531 0.002098 0.086785 -0.413711 -0.002861 -0.003624 -0.057794
1757579849.355766 -0.031472 -0.005531 0.002098 0.086785 -0.414855 -0.002861 -0.003624 -0.058175
1757579849.357752 -0.031472 -0.005531 0.002098 0.086785 -0.415999 -0.002861 -0.003624 -0.058557
1757579849.359739 -0.031472 -0.005531 0.002098 0.086785 -0.417144 -0.002861 -0.003624 -0.058938
1757579849.361753 -0.031854 -0.005531 0.002098 0.086785 -0.418288 -0.002861 -0.003624 -0.059319
1757579849.363742 -0.031854 -0.005531 0.002098 0.086785 -0.419433 -0.003242 -0.004005 -0.060082
1757579849.365747 -0.031854 -0.005531 0.002098 0.086785 -0.420577 -0.003242 -0.004005 -0.060464
1757579849.367733 -0.031854 -0.005531 0.002098 0.086785 -0.422103 -0.003242 -0.004005 -0.060845
1757579849.369755 -0.031854 -0.005531 0.002098 0.086785 -0.423247 -0.003242 -0.004005 -0.061227
1757579849.371740 -0.031854 -0.005531 0.002098 0.086785 -0.424392 -0.003242 -0.004005 -0.061608
1757579849.373745 -0.031854 -0.005531 0.002098 0.086785 -0.425536 -0.003242 -0.004005 -0.061990
1757579849.375740 -0.031854 -0.005531 0.002098 0.086785 -0.427062 -0.003624 -0.004005 -0.062371
1757579849.377772 -0.031854 -0.005531 0.002098 0.086785 -0.428206 -0.003624 -0.004005 -0.062753
1757579849.379745 -0.031854 -0.005531 0.002098 0.086785 -0.429351 -0.003624 -0.004005 -0.063134
1757579849.381759 -0.031854 -0.005531 0.002098 0.086785 -0.430877 -0.003624 -0.004005 -0.063516
1757579849.383738 -0.031854 -0.005531 0.002098 0.086785 -0.432021 -0.003624 -0.004005 -0.063897
1757579849.385776 -0.031854 -0.005531 0.002098 0.086785 -0.433166 -0.003624 -0.004005 -0.064279
1757579849.387748 -0.032235 -0.005531 0.002098 0.086785 -0.434691 -0.004005 -0.004005 -0.064660
1757579849.389754 -0.032235 -0.005531 0.002098 0.086785 -0.435836 -0.004005 -0.004005 -0.065042
1757579849.391738 -0.032235 -0.005531 0.002098 0.086785 -0.436980 -0.004005 -0.004005 -0.065423
1757579849.393780 -0.032235 -0.005531 0.002098 0.086785 -0.438125 -0.004005 -0.004387 -0.066186
1757579849.395742 -0.032235 -0.005531 0.002098 0.086785 -0.439651 -0.004005 -0.004387 -0.066567
1757579849.397796 -0.032235 -0.005531 0.002098 0.086785 -0.440795 -0.004005 -0.004387 -0.066949
1757579849.399783 -0.032235 -0.005531 0.002098 0.086785 -0.441939 -0.004387 -0.004387 -0.067330
1757579849.401789 -0.032235 -0.005531 0.002098 0.086785 -0.443465 -0.004387 -0.004387 -0.067712
1757579849.403787 -0.032235 -0.005531 0.002098 0.086785 -0.444610 -0.004387 -0.004387 -0.068093
1757579849.405793 -0.032235 -0.005531 0.002098 0.086785 -0.445754 -0.004387 -0.004387 -0.068475
1757579849.407782 -0.032235 -0.005531 0.002098 0.086785 -0.447280 -0.004387 -0.004387 -0.068856
1757579849.409773 -0.032235 -0.005531 0.002098 0.086785 -0.448424 -0.004387 -0.004387 -0.069238
1757579849.411780 -0.032617 -0.005531 0.002098 0.086785 -0.449569 -0.004387 -0.004387 -0.069619
1757579849.413773 -0.032617 -0.005531 0.002098 0.086785 -0.450713 -0.004387 -0.004387 -0.070001
1757579849.415775 -0.032617 -0.005531 0.002098 0.086785 -0.452239 -0.004387 -0.004387 -0.070382
1757579849.417781 -0.032617 -0.005531 0.002098 0.086785 -0.453383 -0.004387 -0.004387 -0.070764
1757579849.419783 -0.032617 -0.005531 0.002098 0.086785 -0.454528 -0.004387 -0.004387 -0.071145
1757579849.421783 -0.032617 -0.005531 0.002098 0.086785 -0.456054 -0.004768 -0.004387 -0.071527
1757579849.423782 -0.032617 -0.005531 0.002098 0.086785 -0.457198 -0.004768 -0.004387 -0.071908
1757579849.425776 -0.032617 -0.005531 0.002098 0.086785 -0.458343 -0.004768 -0.004387 -0.072289
1757579849.427787 -0.032617 -0.005531 0.002098 0.086785 -0.459487 -0.004768 -0.004387 -0.072671
1757579849.429779 -0.032617 -0.005531 0.002098 0.086785 -0.460631 -0.004768 -0.004387 -0.073434
1757579849.431782 -0.032617 -0.005531 0.002098 0.086785 -0.461776 -0.004768 -0.004387 -0.073815
1757579849.433777 -0.032998 -0.005531 0.002098 0.086785 -0.463302 -0.004768 -0.004768 -0.074197
1757579849.435784 -0.032998 -0.005531 0.002098 0.086785 -0.464446 -0.004768 -0.004768 -0.074578
1757579849.437780 -0.032998 -0.005531 0.002098 0.086785 -0.465590 -0.004768 -0.004768 -0.074960
1757579849.439781 -0.032998 -0.005531 0.002098 0.086785 -0.466735 -0.004768 -0.004768 -0.075341
1757579849.441779 -0.032998 -0.005531 0.002098 0.086785 -0.467879 -0.004768 -0.004768 -0.075723
1757579849.443784 -0.032998 -0.005531 0.002098 0.086785 -0.469025 -0.004768 -0.004768 -0.076104
1757579849.445773 -0.032998 -0.005531 0.002098 0.086785 -0.470551 -0.004768 -0.004768 -0.076104
1757579849.447822 -0.032998 -0.005531 0.002098 0.086785 -0.471695 -0.004768 -0.004768 -0.076486
1757579849.449779 -0.032998 -0.005531 0.002098 0.086785 -0.472839 -0.004768 -0.004768 -0.076867
1757579849.451784 -0.032998 -0.005531 0.002098 0.086785 -0.473984 -0.004768 -0.004768 -0.077249
1757579849.453814 -0.032998 -0.005531 0.002098 0.086785 -0.475128 -0.004768 -0.004768 -0.077630
1757579849.455777 -0.033380 -0.005531 0.002098 0.086785 -0.476273 -0.004768 -0.004768 -0.078012
1757579849.457772 -0.033380 -0.005531 0.002098 0.086785 -0.477798 -0.004768 -0.004768 -0.078393
1757579849.459789 -0.033380 -0.005531 0.002098 0.086785 -0.478943 -0.004768 -0.004768 -0.078774
1757579849.461777 -0.033380 -0.005531 0.002098 0.086785 -0.480087 -0.004768 -0.004768 -0.079156
1757579849.463777 -0.033380 -0.005531 0.002098 0.086785 -0.481232 -0.004768 -0.004768 -0.079537
1757579849.465773 -0.033380 -0.005531 0.002098 0.086785 -0.482376 -0.004768 -0.004768 -0.079919
1757579849.467781 -0.033380 -0.005531 0.002098 0.086785 -0.483521 -0.004768 -0.004768 -0.080300
1757579849.469779 -0.033380 -0.005531 0.002098 0.086785 -0.484665 -0.004768 -0.004768 -0.080682
1757579849.471780 -0.033380 -0.005531 0.002098 0.086785 -0.486191 -0.004768 -0.004768 -0.080682
1757579849.473778 -0.033380 -0.005531 0.002098 0.086785 -0.487335 -0.004768 -0.004768 -0.081063
1757579849.475780 -0.033380 -0.005531 0.002098 0.086785 -0.488480 -0.004768 -0.004768 -0.081445
1757579849.477790 -0.033380 -0.005531 0.002098 0.086785 -0.489624 -0.005150 -0.004768 -0.081826
1757579849.479757 -0.033761 -0.005531 0.002098 0.086785 -0.490768 -0.005150 -0.004768 -0.082208
1757579849.481744 -0.033761 -0.005531 0.002098 0.086785 -0.492294 -0.005150 -0.004768 -0.082589
1757579849.483795 -0.033761 -0.005531 0.002098 0.086785 -0.493439 -0.005150 -0.004768 -0.082589
1757579849.485792 -0.033761 -0.005531 0.002098 0.086785 -0.494583 -0.005150 -0.004768 -0.082971
1757579849.487754 -0.033761 -0.005531 0.002098 0.086785 -0.495728 -0.005150 -0.004768 -0.083352
1757579849.489745 -0.033761 -0.005531 0.002098 0.086785 -0.497253 -0.005150 -0.004768 -0.083734
1757579849.491743 -0.033761 -0.005531 0.002098 0.086785 -0.498398 -0.005150 -0.004768 -0.084115
1757579849.493740 -0.033761 -0.005531 0.002098 0.086785 -0.499542 -0.005150 -0.004768 -0.084496
1757579849.495746 -0.033761 -0.005531 0.002098 0.086785 -0.500687 -0.005150 -0.004768 -0.084878
1757579849.497739 -0.033761 -0.005531 0.002098 0.086785 -0.501831 -0.005150 -0.004768 -0.085259
1757579849.499744 -0.033761 -0.005531 0.002098 0.086785 -0.503357 -0.005150 -0.004768 -0.085641
1757579849.501738 -0.034142 -0.005531 0.002098 0.086785 -0.504501 -0.005150 -0.004768 -0.086022
1757579849.503748 -0.034142 -0.005531 0.002098 0.086785 -0.505646 -0.005150 -0.004768 -0.086404
1757579849.505739 -0.034142 -0.005531 0.002098 0.086785 -0.506790 -0.005150 -0.004768 -0.086785
1757579849.507740 -0.034142 -0.005531 0.002098 0.086785 -0.507935 -0.005150 -0.004768 -0.087167
1757579849.509820 -0.034142 -0.005531 0.002098 0.086785 -0.509079 -0.005531 -0.004768 -0.087548
1757579849.511759 -0.034142 -0.005531 0.002098 0.086785 -0.510223 -0.005531 -0.004768 -0.087548
1757579849.513772 -0.034142 -0.005531 0.002098 0.086785 -0.511368 -0.005531 -0.004768 -0.087930
1757579849.515743 -0.034142 -0.005531 0.002098 0.086785 -0.512894 -0.005531 -0.004768 -0.088311
1757579849.517743 -0.034142 -0.005531 0.002098 0.086785 -0.514038 -0.005531 -0.004768 -0.088693
1757579849.519750 -0.034142 -0.005531 0.002098 0.086785 -0.515182 -0.005531 -0.004768 -0.089074
1757579849.521752 -0.034142 -0.005531 0.002098 0.086785 -0.516327 -0.005531 -0.004768 -0.089456
1757579849.523743 -0.034142 -0.005531 0.002098 0.086785 -0.517471 -0.005531 -0.004768 -0.089456
1757579849.525737 -0.034524 -0.005531 0.002098 0.086785 -0.518616 -0.005531 -0.004768 -0.089837
1757579849.527753 -0.034524 -0.005531 0.002098 0.086785 -0.519760 -0.005531 -0.004768 -0.090219
1757579849.529739 -0.034524 -0.005531 0.002098 0.086785 -0.520905 -0.005531 -0.004768 -0.090600
1757579849.531755 -0.034524 -0.005531 0.002098 0.086785 -0.522049 -0.005531 -0.004768 -0.090981
1757579849.533736 -0.034524 -0.005531 0.002098 0.086785 -0.523193 -0.005531 -0.004768 -0.090981
1757579849.535753 -0.034524 -0.005531 0.002098 0.086785 -0.524338 -0.005913 -0.004768 -0.091363
1757579849.537738 -0.034524 -0.005531 0.002098 0.086785 -0.525864 -0.005913 -0.004768 -0.091744
1757579849.539757 -0.034524 -0.005531 0.002098 0.086785 -0.527008 -0.005913 -0.004768 -0.092126
1757579849.541753 -0.034524 -0.005531 0.002098 0.086785 -0.528152 -0.005913 -0.004768 -0.092126
1757579849.543748 -0.034524 -0.005531 0.002098 0.086785 -0.529297 -0.005913 -0.004768 -0.092507
1757579849.545760 -0.034524 -0.005531 0.002098 0.086785 -0.530441 -0.005913 -0.004768 -0.092889
1757579849.547763 -0.034524 -0.005531 0.002098 0.086785 -0.531587 -0.005913 -0.004768 -0.092889
1757579849.549741 -0.034524 -0.005531 0.002098 0.086785 -0.532731 -0.005913 -0.004768 -0.093270
1757579849.551749 -0.034524 -0.005531 0.002098 0.086785 -0.533875 -0.005913 -0.004768 -0.093652
1757579849.553763 -0.034905 -0.005531 0.002098 0.086785 -0.535020 -0.005913 -0.004768 -0.094034
1757579849.555753 -0.034905 -0.005531 0.002098 0.086785 -0.536164 -0.005913 -0.004768 -0.094034
1757579849.557795 -0.034905 -0.005531 0.002098 0.086785 -0.537309 -0.005913 -0.004768 -0.094416
1757579849.559766 -0.034905 -0.005531 0.002098 0.086785 -0.538453 -0.006294 -0.004768 -0.094797
1757579849.561735 -0.034905 -0.005531 0.002098 0.086785 -0.539598 -0.006294 -0.004768 -0.095179
1757579849.563751 -0.034905 -0.005531 0.002098 0.086785 -0.540742 -0.006294 -0.004768 -0.095560
1757579849.565756 -0.034905 -0.005531 0.002098 0.086785 -0.541886 -0.006294 -0.004768 -0.095560
1757579849.567748 -0.034905 -0.005531 0.002098 0.086785 -0.543031 -0.006294 -0.004768 -0.095942
1757579849.569755 -0.034905 -0.005531 0.002098 0.086785 -0.544175 -0.006294 -0.004768 -0.096323
1757579849.571778 -0.034905 -0.005531 0.002098 0.086785 -0.545320 -0.006294 -0.004768 -0.096704
1757579849.573788 -0.034905 -0.005531 0.002098 0.086785 -0.546464 -0.006676 -0.004768 -0.097086
1757579849.575760 -0.034905 -0.005531 0.002098 0.086785 -0.547608 -0.006676 -0.004768 -0.097086
1757579849.577740 -0.035287 -0.005531 0.002098 0.086785 -0.548753 -0.006676 -0.004768 -0.097467
1757579849.579803 -0.035287 -0.005531 0.002098 0.086785 -0.549897 -0.006676 -0.004768 -0.097849
1757579849.581739 -0.035287 -0.005531 0.002098 0.086785 -0.551042 -0.006676 -0.004768 -0.098230
1757579849.583755 -0.035287 -0.005531 0.002098 0.086785 -0.552186 -0.006676 -0.004768 -0.098230
1757579849.585754 -0.035287 -0.005531 0.002098 0.086785 -0.553330 -0.006676 -0.004768 -0.098612
1757579849.587788 -0.035287 -0.005531 0.002098 0.086785 -0.554475 -0.006676 -0.004768 -0.098993
1757579849.589758 -0.035287 -0.005531 0.002098 0.086785 -0.555619 -0.007057 -0.004768 -0.099375
1757579849.591739 -0.035287 -0.005531 0.002098 0.086785 -0.556764 -0.007057 -0.004768 -0.099375
1757579849.593744 -0.035287 -0.005531 0.002098 0.086785 -0.557908 -0.007057 -0.004768 -0.099756
1757579849.595859 -0.035287 -0.005531 0.002098 0.086785 -0.559052 -0.007057 -0.004768 -0.100138
1757579849.597778 -0.035287 -0.005531 0.002098 0.086785 -0.560197 -0.007057 -0.004768 -0.100138
1757579849.599821 -0.035287 -0.005531 0.002098 0.086785 -0.561341 -0.007057 -0.004768 -0.100519
1757579849.601777 -0.035287 -0.005531 0.002098 0.086785 -0.562486 -0.007439 -0.004768 -0.100519
1757579849.603817 -0.035668 -0.005531 0.002098 0.086785 -0.563630 -0.007439 -0.004768 -0.100901
1757579849.605780 -0.035668 -0.005531 0.002098 0.086785 -0.564775 -0.007439 -0.004768 -0.101282
1757579849.607815 -0.035668 -0.005531 0.002098 0.086785 -0.565919 -0.007439 -0.004768 -0.101282
1757579849.609785 -0.035668 -0.005531 0.002098 0.086785 -0.566682 -0.007439 -0.004768 -0.101664
1757579849.611871 -0.035668 -0.005531 0.002098 0.086785 -0.567826 -0.007439 -0.004768 -0.102045
1757579849.613783 -0.035668 -0.005531 0.002098 0.086785 -0.568971 -0.007439 -0.004768 -0.102045
1757579849.615812 -0.035668 -0.005531 0.002098 0.086785 -0.570115 -0.007439 -0.004768 -0.102427
1757579849.617774 -0.035668 -0.005531 0.002098 0.086785 -0.571259 -0.007820 -0.004768 -0.102808
1757579849.619833 -0.035668 -0.005531 0.002098 0.086785 -0.572022 -0.007820 -0.004768 -0.102808
1757579849.621774 -0.035668 -0.005531 0.002098 0.086785 -0.573167 -0.007820 -0.004768 -0.103189
1757579849.623820 -0.035668 -0.005531 0.002098 0.086785 -0.574311 -0.007820 -0.004768 -0.103571
1757579849.625778 -0.035668 -0.005531 0.002098 0.086785 -0.575456 -0.007820 -0.004768 -0.103952
1757579849.627806 -0.035668 -0.005531 0.002098 0.086785 -0.576219 -0.007820 -0.004768 -0.103952
1757579849.629776 -0.036050 -0.005531 0.002098 0.086785 -0.577363 -0.007820 -0.004768 -0.104334
1757579849.631778 -0.036050 -0.005531 0.002098 0.086785 -0.578507 -0.007820 -0.004768 -0.104715
1757579849.633821 -0.036050 -0.005531 0.002098 0.086785 -0.579270 -0.008202 -0.004768 -0.105097
1757579849.635786 -0.036050 -0.005531 0.002098 0.086785 -0.580415 -0.008202 -0.004768 -0.105478
1757579849.637778 -0.036050 -0.005531 0.002098 0.086785 -0.581559 -0.008202 -0.004768 -0.105860
1757579849.639767 -0.036050 -0.005531 0.002098 0.086785 -0.582704 -0.008202 -0.004768 -0.106241
1757579849.641771 -0.036050 -0.005531 0.002098 0.086785 -0.583467 -0.008202 -0.004768 -0.106623
1757579849.643769 -0.036050 -0.005531 0.002098 0.086785 -0.584611 -0.008202 -0.004768 -0.106623
1757579849.645774 -0.036050 -0.005531 0.002098 0.086785 -0.585755 -0.008202 -0.004768 -0.107004
1757579849.647773 -0.036050 -0.005531 0.002098 0.086785 -0.586518 -0.008202 -0.004768 -0.107386
1757579849.649771 -0.036050 -0.005531 0.002098 0.086785 -0.587663 -0.008202 -0.004768 -0.107767
1757579849.651779 -0.036050 -0.005531 0.002098 0.086785 -0.588807 -0.008583 -0.004768 -0.108149
1757579849.653773 -0.036431 -0.005531 0.002098 0.086785 -0.589952 -0.008583 -0.004768 -0.108149
1757579849.655775 -0.036431 -0.005531 0.002098 0.086785 -0.590714 -0.008583 -0.004768 -0.108530
1757579849.657775 -0.036431 -0.005531 0.002098 0.086785 -0.591859 -0.008583 -0.004768 -0.108912
1757579849.659778 -0.036431 -0.005531 0.002098 0.086785 -0.593003 -0.008583 -0.004768 -0.109293
1757579849.661772 -0.036431 -0.005531 0.002098 0.086785 -0.594149 -0.008583 -0.004768 -0.109293
1757579849.663771 -0.036431 -0.005531 0.002098 0.086785 -0.595293 -0.008583 -0.004768 -0.109674
1757579849.665790 -0.036431 -0.005531 0.002098 0.086785 -0.596056 -0.008583 -0.004768 -0.110056
1757579849.667774 -0.036431 -0.005531 0.002098 0.086785 -0.597200 -0.008583 -0.004768 -0.110437
1757579849.669777 -0.036431 -0.005531 0.002098 0.086785 -0.598345 -0.008583 -0.004768 -0.110819
1757579849.671791 -0.036431 -0.005531 0.002098 0.086785 -0.599489 -0.008965 -0.004768 -0.111200
1757579849.673777 -0.036431 -0.005531 0.002098 0.086785 -0.600634 -0.008965 -0.004768 -0.111582
1757579849.675777 -0.036431 -0.005531 0.002098 0.086785 -0.601778 -0.008965 -0.004768 -0.111963
1757579849.677779 -0.036431 -0.005531 0.002098 0.086785 -0.602922 -0.008965 -0.004768 -0.112345
1757579849.679777 -0.036431 -0.005531 0.002098 0.086785 -0.604067 -0.008965 -0.004768 -0.112726
1757579849.681778 -0.036813 -0.005531 0.002098 0.086785 -0.605211 -0.008965 -0.004768 -0.113108
1757579849.683775 -0.036813 -0.005531 0.002098 0.086785 -0.606356 -0.008965 -0.004768 -0.113489
1757579849.685773 -0.036813 -0.005531 0.002098 0.086785 -0.607500 -0.008965 -0.004768 -0.113871
1757579849.688483 -0.036813 -0.005531 0.002098 0.086785 -0.608644 -0.009346 -0.004768 -0.114252
1757579849.689773 -0.036813 -0.005531 0.002098 0.086785 -0.609789 -0.009346 -0.004768 -0.114634
1757579849.691810 -0.036813 -0.005531 0.002098 0.086785 -0.610933 -0.009346 -0.004768 -0.115396
1757579849.693797 -0.036813 -0.005531 0.002098 0.086785 -0.612459 -0.009346 -0.004768 -0.115778
1757579849.695794 -0.036813 -0.005531 0.002098 0.086785 -0.613604 -0.009346 -0.004768 -0.116159
1757579849.697781 -0.036813 -0.005531 0.002098 0.086785 -0.614748 -0.009346 -0.004768 -0.116922
1757579849.699782 -0.036813 -0.005531 0.002098 0.086785 -0.615892 -0.009346 -0.004768 -0.117304
1757579849.701779 -0.036813 -0.005531 0.002098 0.086785 -0.617037 -0.009727 -0.004768 -0.117685
1757579849.703770 -0.036813 -0.005531 0.002098 0.086785 -0.618181 -0.009727 -0.004768 -0.118067
1757579849.705770 -0.036813 -0.005531 0.002098 0.086785 -0.619707 -0.009727 -0.004768 -0.118830
1757579849.707762 -0.036813 -0.005531 0.002098 0.086785 -0.620852 -0.009727 -0.004768 -0.119211
1757579849.709772 -0.036813 -0.005531 0.002098 0.086785 -0.621996 -0.009727 -0.004768 -0.119593
1757579849.711770 -0.037194 -0.005531 0.002098 0.086785 -0.623522 -0.009727 -0.004768 -0.119974
1757579849.713773 -0.037194 -0.005531 0.002098 0.086785 -0.624666 -0.009727 -0.004768 -0.120356
1757579849.715773 -0.037194 -0.005531 0.002098 0.086785 -0.625811 -0.010109 -0.004768 -0.120737
1757579849.717775 -0.037194 -0.005531 0.002098 0.086785 -0.627337 -0.010109 -0.004768 -0.121119
1757579849.719772 -0.037194 -0.005531 0.002098 0.086785 -0.628481 -0.010109 -0.004768 -0.121881
1757579849.721792 -0.037194 -0.005531 0.002098 0.086785 -0.629625 -0.010109 -0.004768 -0.122263
1757579849.723763 -0.037194 -0.005531 0.002098 0.086785 -0.631151 -0.010109 -0.004768 -0.122644
1757579849.725763 -0.037194 -0.005531 0.002098 0.086785 -0.632296 -0.010109 -0.004768 -0.123026
1757579849.727773 -0.037194 -0.005531 0.002098 0.086785 -0.633440 -0.010490 -0.004768 -0.123407
1757579849.729765 -0.037194 -0.005531 0.002098 0.086785 -0.634966 -0.010490 -0.004768 -0.123789
1757579849.731752 -0.037194 -0.005531 0.002098 0.086785 -0.636110 -0.010490 -0.004768 -0.124552
1757579849.733756 -0.037194 -0.005531 0.002098 0.086785 -0.637255 -0.010490 -0.004768 -0.124933
1757579849.735741 -0.037194 -0.005531 0.002098 0.086785 -0.638399 -0.010490 -0.004768 -0.125315
1757579849.737845 -0.037194 -0.005531 0.002098 0.086785 -0.639925 -0.010490 -0.004768 -0.125696
1757579849.739755 -0.037194 -0.005531 0.002098 0.086785 -0.641069 -0.010490 -0.004768 -0.126459
1757579849.741737 -0.037576 -0.005531 0.002098 0.086785 -0.642214 -0.010490 -0.004768 -0.126841
1757579849.743722 -0.037576 -0.005531 0.002098 0.086785 -0.643358 -0.010872 -0.004768 -0.127604
1757579849.745736 -0.037576 -0.005531 0.002098 0.086785 -0.644503 -0.010872 -0.004768 -0.127985
1757579849.747717 -0.037576 -0.005531 0.002098 0.086785 -0.645647 -0.010872 -0.004768 -0.128366
1757579849.749739 -0.037576 -0.005531 0.002098 0.086785 -0.647173 -0.010872 -0.004768 -0.128748
1757579849.751718 -0.037576 -0.005531 0.002098 0.086785 -0.648317 -0.010872 -0.004768 -0.129511
1757579849.753736 -0.037576 -0.005531 0.002098 0.086785 -0.649462 -0.010872 -0.004768 -0.129892
1757579849.755730 -0.037576 -0.005531 0.002098 0.086785 -0.650606 -0.010872 -0.004768 -0.130274
1757579849.757765 -0.037576 -0.005531 0.002098 0.086785 -0.651751 -0.010872 -0.004768 -0.130655
1757579849.759735 -0.037576 -0.005531 0.002098 0.086785 -0.653276 -0.011253 -0.004768 -0.131037
1757579849.761750 -0.037576 -0.005531 0.002098 0.086785 -0.654421 -0.011253 -0.004768 -0.131800
1757579849.763762 -0.037576 -0.005531 0.002098 0.086785 -0.655565 -0.011253 -0.004768 -0.132181
1757579849.765740 -0.037576 -0.005531 0.002098 0.086785 -0.656711 -0.011253 -0.004768 -0.132563
1757579849.767714 -0.037576 -0.005531 0.002098 0.086785 -0.657855 -0.011253 -0.004768 -0.133326
1757579849.769715 -0.037576 -0.005531 0.002098 0.086785 -0.658999 -0.011253 -0.004768 -0.133707
1757579849.771712 -0.037576 -0.005531 0.002098 0.086785 -0.660144 -0.011253 -0.004768 -0.134089
1757579849.773724 -0.037957 -0.005531 0.002098 0.086785 -0.661288 -0.011635 -0.004768 -0.134851
1757579849.775720 -0.037957 -0.005531 0.002098 0.086785 -0.662433 -0.011635 -0.004768 -0.135233
1757579849.777735 -0.037957 -0.005531 0.002098 0.086785 -0.663577 -0.011635 -0.004768 -0.135614
1757579849.779744 -0.037957 -0.005531 0.002098 0.086785 -0.665103 -0.011635 -0.004768 -0.136377
1757579849.781743 -0.037957 -0.005531 0.002098 0.086785 -0.666247 -0.011635 -0.004768 -0.136759
1757579849.783749 -0.037957 -0.005531 0.002098 0.086785 -0.667392 -0.011635 -0.004768 -0.137522
1757579849.785748 -0.037957 -0.005531 0.002098 0.086785 -0.668536 -0.011635 -0.004768 -0.137903
1757579849.787724 -0.037957 -0.005531 0.002098 0.086785 -0.669681 -0.011635 -0.004768 -0.138285
1757579849.789755 -0.037957 -0.005531 0.002098 0.086785 -0.670825 -0.012016 -0.004768 -0.138666
1757579849.791740 -0.037957 -0.005531 0.002098 0.086785 -0.671969 -0.012016 -0.004768 -0.139429
1757579849.793754 -0.037957 -0.005531 0.002098 0.086785 -0.673114 -0.012016 -0.004768 -0.139811
1757579849.795755 -0.037957 -0.005531 0.002098 0.086785 -0.674258 -0.012016 -0.004768 -0.140192
1757579849.797739 -0.037957 -0.005531 0.002098 0.086785 -0.675403 -0.012016 -0.004768 -0.140574
1757579849.799752 -0.037957 -0.005531 0.002098 0.086785 -0.676547 -0.012016 -0.004768 -0.140955
1757579849.801737 -0.037957 -0.005531 0.002098 0.086785 -0.677691 -0.012016 -0.004768 -0.141336
1757579849.803726 -0.037957 -0.005531 0.002098 0.086785 -0.678836 -0.012398 -0.004768 -0.141718
1757579849.805732 -0.037957 -0.005531 0.002098 0.086785 -0.679980 -0.012398 -0.004768 -0.142099
1757579849.807726 -0.037957 -0.005531 0.002098 0.086785 -0.681125 -0.012398 -0.004768 -0.142862
1757579849.809727 -0.037957 -0.005531 0.002098 0.086785 -0.682269 -0.012398 -0.004768 -0.143244
1757579849.811750 -0.037957 -0.005531 0.002098 0.086785 -0.683414 -0.012398 -0.004768 -0.143625
1757579849.813750 -0.038339 -0.005531 0.002098 0.086785 -0.684558 -0.012398 -0.004768 -0.144007
1757579849.815748 -0.038339 -0.005531 0.002098 0.086785 -0.685702 -0.012398 -0.004768 -0.144770
1757579849.817732 -0.038339 -0.005531 0.002098 0.086785 -0.686847 -0.012779 -0.004768 -0.145151
1757579849.819781 -0.038339 -0.005531 0.002098 0.086785 -0.687991 -0.012779 -0.004768 -0.145533
1757579849.821803 -0.038339 -0.005531 0.002098 0.086785 -0.689136 -0.012779 -0.004768 -0.146296
1757579849.823747 -0.038339 -0.005531 0.002098 0.086785 -0.690280 -0.012779 -0.004768 -0.146677
1757579849.825796 -0.038339 -0.005531 0.002098 0.086785 -0.691424 -0.012779 -0.004768 -0.147058
1757579849.827738 -0.038339 -0.005531 0.002098 0.086785 -0.692569 -0.012779 -0.004768 -0.147821
1757579849.829733 -0.038339 -0.005531 0.002098 0.086785 -0.693713 -0.012779 -0.004768 -0.148203
1757579849.831735 -0.038339 -0.005531 0.002098 0.086785 -0.694858 -0.013161 -0.004768 -0.148584
1757579849.833791 -0.038339 -0.005150 0.002098 0.086785 -0.695621 -0.013161 -0.004768 -0.149347
1757579849.835754 -0.038339 -0.005150 0.002098 0.086785 -0.696765 -0.013161 -0.004768 -0.149729
1757579849.837754 -0.038339 -0.005150 0.002098 0.086785 -0.697909 -0.013161 -0.004768 -0.150110
1757579849.839728 -0.038339 -0.005150 0.002098 0.086785 -0.699054 -0.013161 -0.004768 -0.150492
1757579849.841730 -0.038339 -0.005150 0.002098 0.086785 -0.700198 -0.013161 -0.004768 -0.150873
1757579849.843735 -0.038339 -0.005150 0.002098 0.086785 -0.701343 -0.013161 -0.004768 -0.151255
1757579849.845766 -0.038339 -0.005150 0.002098 0.086785 -0.702487 -0.013161 -0.004768 -0.152018
1757579849.847760 -0.038339 -0.005150 0.002098 0.086785 -0.703631 -0.013161 -0.004768 -0.152399
1757579849.849733 -0.038339 -0.005150 0.002098 0.086785 -0.704394 -0.013542 -0.004768 -0.152781
1757579849.851748 -0.038339 -0.005150 0.002098 0.086785 -0.705539 -0.013542 -0.004768 -0.153162
1757579849.853739 -0.038339 -0.005150 0.002098 0.086785 -0.706683 -0.013542 -0.004768 -0.153543
1757579849.855734 -0.038339 -0.005150 0.002098 0.086785 -0.707828 -0.013542 -0.004768 -0.154306
1757579849.857740 -0.038339 -0.005150 0.002098 0.086785 -0.708972 -0.013542 -0.004768 -0.154688
1757579849.859751 -0.038339 -0.005150 0.002098 0.086785 -0.709735 -0.013542 -0.004768 -0.155069
1757579849.861740 -0.038720 -0.005150 0.002098 0.086785 -0.710879 -0.013542 -0.004768 -0.155451
1757579849.863732 -0.038720 -0.005150 0.002098 0.086785 -0.712024 -0.013924 -0.004768 -0.156214
1757579849.865771 -0.038720 -0.005150 0.002098 0.086785 -0.712787 -0.013924 -0.004768 -0.156596
1757579849.867782 -0.038720 -0.005150 0.002098 0.086785 -0.713931 -0.013924 -0.004768 -0.156978
1757579849.869777 -0.038720 -0.005150 0.002098 0.086785 -0.715075 -0.013924 -0.004768 -0.157359
1757579849.871771 -0.038720 -0.005150 0.002098 0.086785 -0.716220 -0.013924 -0.004768 -0.158122
1757579849.873851 -0.038720 -0.005150 0.002098 0.086785 -0.716983 -0.013924 -0.004768 -0.158504
1757579849.875775 -0.038720 -0.005150 0.002098 0.086785 -0.718127 -0.013924 -0.004768 -0.158885
1757579849.877814 -0.038720 -0.005150 0.002098 0.086785 -0.719273 -0.013924 -0.004768 -0.159266
1757579849.879774 -0.038720 -0.005150 0.002098 0.086785 -0.720036 -0.014305 -0.004768 -0.159648
1757579849.881812 -0.038720 -0.005150 0.002098 0.086785 -0.721180 -0.014305 -0.004768 -0.160029
1757579849.883788 -0.038720 -0.005150 0.002098 0.086785 -0.722324 -0.014305 -0.004768 -0.160792
1757579849.885829 -0.038720 -0.005150 0.002098 0.086785 -0.723469 -0.014305 -0.004768 -0.161174
1757579849.887774 -0.038720 -0.005150 0.002098 0.086785 -0.724232 -0.014305 -0.004768 -0.161555
1757579849.889795 -0.038720 -0.005150 0.002098 0.086785 -0.725376 -0.014305 -0.004768 -0.161937
1757579849.891775 -0.038720 -0.005150 0.002098 0.086785 -0.726521 -0.014305 -0.004768 -0.162318
1757579849.893765 -0.038720 -0.005150 0.002098 0.086785 -0.727283 -0.014305 -0.004768 -0.162700
1757579849.895761 -0.038720 -0.005150 0.002098 0.086785 -0.728428 -0.014305 -0.004768 -0.163081
1757579849.897764 -0.038720 -0.005150 0.002098 0.086785 -0.729572 -0.014305 -0.004768 -0.163844
1757579849.899774 -0.038720 -0.005150 0.002098 0.086785 -0.730335 -0.014305 -0.004768 -0.164226
1757579849.901771 -0.038720 -0.005150 0.002098 0.086785 -0.731480 -0.014687 -0.004768 -0.164607
1757579849.903769 -0.038720 -0.005150 0.002098 0.086785 -0.732243 -0.014687 -0.004768 -0.165370
1757579849.905768 -0.038720 -0.005150 0.002098 0.086785 -0.733387 -0.014687 -0.004768 -0.165751
1757579849.907776 -0.038720 -0.005150 0.002098 0.086785 -0.734531 -0.014687 -0.004768 -0.166133
1757579849.909769 -0.038720 -0.005150 0.002098 0.086785 -0.735294 -0.014687 -0.004768 -0.166514
1757579849.911761 -0.038720 -0.005150 0.002098 0.086785 -0.736439 -0.014687 -0.004768 -0.167277
1757579849.913785 -0.038720 -0.005150 0.002098 0.086785 -0.737202 -0.014687 -0.004768 -0.167659
1757579849.915772 -0.038720 -0.005150 0.002098 0.086785 -0.738346 -0.014687 -0.004768 -0.168040
1757579849.917779 -0.038720 -0.005150 0.002098 0.086785 -0.739109 -0.014687 -0.004768 -0.168422
1757579849.919771 -0.038720 -0.005150 0.002098 0.086785 -0.740253 -0.014687 -0.004768 -0.168803
1757579849.921776 -0.038720 -0.005150 0.002098 0.086785 -0.741398 -0.014687 -0.004768 -0.169185
1757579849.923785 -0.038720 -0.005150 0.002098 0.086785 -0.742161 -0.014687 -0.004768 -0.169566
1757579849.925767 -0.038720 -0.005150 0.002098 0.086785 -0.743305 -0.014687 -0.004768 -0.169948
1757579849.927773 -0.038720 -0.005150 0.002098 0.086785 -0.744068 -0.014687 -0.004768 -0.170329
1757579849.929769 -0.038720 -0.005150 0.002098 0.086785 -0.745213 -0.014687 -0.004768 -0.171092
1757579849.931763 -0.038720 -0.005150 0.002098 0.086785 -0.745975 -0.014687 -0.004768 -0.171474
1757579849.933763 -0.038720 -0.005150 0.002098 0.086785 -0.747120 -0.014687 -0.004768 -0.171855
1757579849.935767 -0.038720 -0.005150 0.002098 0.086785 -0.747883 -0.014687 -0.004768 -0.172236
1757579849.937769 -0.038720 -0.005150 0.002098 0.086785 -0.749027 -0.015068 -0.004768 -0.172618
1757579849.939768 -0.038720 -0.005150 0.002098 0.086785 -0.749790 -0.015068 -0.004768 -0.172999
1757579849.941766 -0.038720 -0.005150 0.002098 0.086785 -0.750935 -0.015068 -0.004768 -0.173762
1757579849.943821 -0.038720 -0.005150 0.002098 0.086785 -0.751698 -0.015068 -0.004768 -0.174144
1757579849.945825 -0.038720 -0.005150 0.002098 0.086785 -0.752842 -0.015068 -0.004768 -0.174525
1757579849.947821 -0.038720 -0.005150 0.002098 0.086785 -0.753605 -0.015068 -0.004768 -0.174907
1757579849.949825 -0.038720 -0.005150 0.002098 0.086785 -0.754749 -0.015068 -0.004768 -0.175670
1757579849.951782 -0.038720 -0.005150 0.002098 0.086785 -0.755512 -0.015068 -0.004768 -0.176051
1757579849.953773 -0.038720 -0.005150 0.002098 0.086785 -0.756657 -0.015450 -0.004768 -0.176433
1757579849.955778 -0.038720 -0.005150 0.002098 0.086785 -0.757420 -0.015450 -0.004768 -0.176814
1757579849.957797 -0.038720 -0.005150 0.002098 0.086785 -0.758183 -0.015450 -0.004768 -0.177196
1757579849.959779 -0.038720 -0.005150 0.002098 0.086785 -0.759327 -0.015450 -0.004768 -0.177577
1757579849.961768 -0.038720 -0.005150 0.002098 0.086785 -0.760090 -0.015450 -0.004768 -0.178340
1757579849.963776 -0.038720 -0.005150 0.002098 0.086785 -0.761234 -0.015450 -0.004768 -0.178721
1757579849.965772 -0.038720 -0.005150 0.002098 0.086785 -0.761997 -0.015450 -0.004768 -0.179103
1757579849.967773 -0.038720 -0.005150 0.002098 0.086785 -0.763142 -0.015831 -0.005150 -0.179484
1757579849.969773 -0.038720 -0.005150 0.002098 0.086785 -0.763905 -0.015831 -0.005150 -0.179866
1757579849.971776 -0.038720 -0.005150 0.002098 0.086785 -0.765049 -0.015831 -0.005150 -0.180629
1757579849.973765 -0.038720 -0.005150 0.002098 0.086785 -0.765812 -0.015831 -0.005150 -0.181010
1757579849.975779 -0.038720 -0.005150 0.002098 0.086785 -0.766956 -0.015831 -0.005150 -0.181392
1757579849.977776 -0.038720 -0.005150 0.002098 0.086785 -0.767719 -0.015831 -0.005150 -0.181773
1757579849.979773 -0.038720 -0.005150 0.002098 0.086785 -0.768864 -0.015831 -0.005150 -0.182155
1757579849.981773 -0.038720 -0.005150 0.002098 0.086785 -0.769627 -0.015831 -0.005150 -0.182918
1757579849.983779 -0.038720 -0.005150 0.002098 0.086785 -0.770771 -0.015831 -0.005150 -0.183299
1757579849.985767 -0.038720 -0.005150 0.002098 0.086785 -0.771534 -0.016212 -0.005150 -0.183681
1757579849.987780 -0.038720 -0.005150 0.002098 0.086785 -0.772678 -0.016212 -0.005150 -0.184062
1757579849.989778 -0.038720 -0.005150 0.002098 0.086785 -0.773441 -0.016212 -0.005150 -0.184443
1757579849.991786 -0.038720 -0.005150 0.002098 0.086785 -0.774586 -0.016212 -0.005150 -0.185206
1757579849.993778 -0.038720 -0.005150 0.002098 0.086785 -0.775349 -0.016212 -0.005150 -0.185588
1757579849.995821 -0.038720 -0.005150 0.002098 0.086785 -0.776112 -0.016212 -0.005150 -0.185969
1757579849.997773 -0.038720 -0.005150 0.002098 0.086785 -0.777256 -0.016212 -0.005150 -0.186351
1757579849.999819 -0.038720 -0.005150 0.002098 0.086785 -0.778019 -0.016212 -0.005150 -0.186732
1757579850.001803 -0.038720 -0.005150 0.002098 0.086785 -0.779163 -0.016212 -0.005150 -0.187495
1757579850.003783 -0.038720 -0.005150 0.002098 0.086785 -0.779926 -0.016212 -0.005150 -0.187877
1757579850.005798 -0.038720 -0.005150 0.002098 0.086785 -0.780689 -0.016212 -0.005150 -0.188258
1757579850.007778 -0.038720 -0.005150 0.002098 0.086785 -0.781835 -0.016212 -0.005150 -0.188640
1757579850.009775 -0.038720 -0.005150 0.002098 0.086785 -0.782598 -0.016212 -0.005150 -0.189021
1757579850.011774 -0.038720 -0.005150 0.002098 0.086785 -0.783742 -0.016594 -0.005150 -0.189784
1757579850.013791 -0.038720 -0.005150 0.002098 0.086785 -0.784505 -0.016594 -0.005150 -0.190166
1757579850.015768 -0.038720 -0.005150 0.002098 0.086785 -0.785268 -0.016594 -0.005150 -0.190547
1757579850.017771 -0.038720 -0.005150 0.002098 0.086785 -0.786412 -0.016594 -0.005150 -0.190928
1757579850.019774 -0.038720 -0.005150 0.002098 0.086785 -0.787175 -0.016594 -0.005150 -0.191691
1757579850.021773 -0.038720 -0.005150 0.002098 0.086785 -0.787938 -0.016594 -0.005150 -0.192073
1757579850.023777 -0.038720 -0.005150 0.002098 0.086785 -0.789083 -0.016594 -0.005150 -0.192454
1757579850.025772 -0.038720 -0.005150 0.002098 0.086785 -0.789845 -0.016594 -0.005150 -0.192836
1757579850.027793 -0.038720 -0.005150 0.002098 0.086785 -0.790608 -0.016975 -0.005150 -0.193599
1757579850.029773 -0.038720 -0.005150 0.002098 0.086785 -0.791371 -0.016975 -0.005150 -0.193980
1757579850.031776 -0.038720 -0.005150 0.002098 0.086785 -0.792516 -0.016975 -0.005150 -0.194743
1757579850.033770 -0.038720 -0.005150 0.002098 0.086785 -0.793279 -0.016975 -0.005150 -0.195125
1757579850.035806 -0.038720 -0.005150 0.002098 0.086785 -0.794042 -0.016975 -0.005150 -0.195506
1757579850.037777 -0.038720 -0.005150 0.002098 0.086785 -0.794805 -0.016975 -0.005150 -0.195888
1757579850.039765 -0.038720 -0.005150 0.002098 0.086785 -0.795568 -0.016975 -0.005150 -0.196651
1757579850.041826 -0.038720 -0.005150 0.002098 0.086785 -0.796712 -0.017357 -0.005150 -0.197032
1757579850.043801 -0.038720 -0.005150 0.002098 0.086785 -0.797475 -0.017357 -0.005531 -0.197413
1757579850.045767 -0.038720 -0.005150 0.002098 0.086785 -0.798238 -0.017357 -0.005531 -0.197795
1757579850.047765 -0.038720 -0.005150 0.002098 0.086785 -0.799382 -0.017357 -0.005531 -0.198176
1757579850.049768 -0.038720 -0.005150 0.002098 0.086785 -0.800145 -0.017357 -0.005531 -0.198939
1757579850.051861 -0.038720 -0.005150 0.002098 0.086785 -0.800908 -0.017357 -0.005531 -0.199321
1757579850.053781 -0.038720 -0.005150 0.002098 0.086785 -0.801671 -0.017357 -0.005531 -0.199702
1757579850.055803 -0.038720 -0.005150 0.002098 0.086785 -0.802815 -0.017738 -0.005531 -0.200084
1757579850.057773 -0.038720 -0.005150 0.002098 0.086785 -0.803578 -0.017738 -0.005531 -0.200465
1757579850.059800 -0.038720 -0.005150 0.002098 0.086785 -0.804341 -0.017738 -0.005531 -0.201228
1757579850.061801 -0.038720 -0.005150 0.002098 0.086785 -0.805104 -0.017738 -0.005531 -0.201610
1757579850.063769 -0.038720 -0.005150 0.002098 0.086785 -0.806249 -0.017738 -0.005531 -0.201991
1757579850.065748 -0.038720 -0.005150 0.002098 0.086785 -0.807012 -0.017738 -0.005531 -0.202373
1757579850.067765 -0.038720 -0.005150 0.002098 0.086785 -0.807775 -0.017738 -0.005531 -0.203135
1757579850.069768 -0.038720 -0.005150 0.002098 0.086785 -0.808537 -0.017738 -0.005531 -0.203517
1757579850.071757 -0.038720 -0.005150 0.002098 0.086785 -0.809682 -0.017738 -0.005531 -0.203898
1757579850.073746 -0.038720 -0.005150 0.002098 0.086785 -0.810445 -0.018120 -0.005531 -0.204661
1757579850.075763 -0.038720 -0.005150 0.002098 0.086785 -0.811208 -0.018120 -0.005531 -0.205043
1757579850.077755 -0.038720 -0.005150 0.002098 0.086785 -0.811971 -0.018120 -0.005531 -0.205424
1757579850.079765 -0.038720 -0.005150 0.002098 0.086785 -0.813115 -0.018120 -0.005531 -0.206187
1757579850.081739 -0.038720 -0.005150 0.002098 0.086785 -0.813878 -0.018120 -0.005531 -0.206569
1757579850.083762 -0.038720 -0.005150 0.002098 0.086785 -0.814641 -0.018120 -0.005531 -0.206950
1757579850.085742 -0.038720 -0.005150 0.002098 0.086785 -0.815404 -0.018120 -0.005531 -0.207713
1757579850.087761 -0.038720 -0.005150 0.002098 0.086785 -0.816548 -0.018120 -0.005531 -0.208095
1757579850.089736 -0.038720 -0.005150 0.002098 0.086785 -0.817311 -0.018120 -0.005531 -0.208476
1757579850.091759 -0.038720 -0.005150 0.002098 0.086785 -0.818074 -0.018120 -0.005531 -0.209239
1757579850.093749 -0.038720 -0.005150 0.002098 0.086785 -0.818837 -0.018120 -0.005531 -0.209620
1757579850.095761 -0.038720 -0.005150 0.002098 0.086785 -0.819600 -0.018120 -0.005531 -0.210002
1757579850.097739 -0.038720 -0.005150 0.002098 0.086785 -0.820745 -0.018120 -0.005531 -0.210765
1757579850.099858 -0.038720 -0.005150 0.002098 0.086785 -0.821507 -0.018501 -0.005531 -0.211146
1757579850.101755 -0.038720 -0.005150 0.002098 0.086785 -0.822270 -0.018501 -0.005531 -0.211909
1757579850.103755 -0.038720 -0.005150 0.002098 0.086785 -0.823033 -0.018501 -0.005531 -0.212291
1757579850.105751 -0.038339 -0.005150 0.002098 0.086785 -0.824178 -0.018501 -0.005531 -0.213054
1757579850.107765 -0.038339 -0.005150 0.002098 0.086785 -0.824941 -0.018501 -0.005531 -0.213435
1757579850.109751 -0.038339 -0.005150 0.002098 0.086785 -0.825704 -0.018501 -0.005913 -0.213817
1757579850.111768 -0.038339 -0.005150 0.002098 0.086785 -0.826848 -0.018501 -0.005913 -0.214580
1757579850.113752 -0.038339 -0.005150 0.002098 0.086785 -0.827611 -0.018501 -0.005913 -0.214961
1757579850.115764 -0.038339 -0.005150 0.002098 0.086785 -0.828374 -0.018501 -0.005913 -0.215724
1757579850.117749 -0.038339 -0.005150 0.002098 0.086785 -0.829137 -0.018501 -0.005913 -0.216105
1757579850.119762 -0.038339 -0.005150 0.002098 0.086785 -0.830281 -0.018501 -0.005913 -0.216487
1757579850.121800 -0.038339 -0.005150 0.002098 0.086785 -0.831044 -0.018883 -0.005913 -0.217250
1757579850.123738 -0.038339 -0.005150 0.002098 0.086785 -0.831807 -0.018883 -0.005913 -0.217631
1757579850.125741 -0.038339 -0.005150 0.002098 0.086785 -0.832570 -0.018883 -0.005913 -0.218013
1757579850.127726 -0.038339 -0.005150 0.002098 0.086785 -0.833714 -0.018883 -0.005913 -0.218394
1757579850.129760 -0.038339 -0.005150 0.002098 0.086785 -0.834477 -0.018883 -0.005913 -0.219158
1757579850.131742 -0.038339 -0.005150 0.002098 0.086785 -0.835240 -0.018883 -0.005913 -0.219540
1757579850.133734 -0.038339 -0.005150 0.002098 0.086785 -0.836003 -0.018883 -0.005913 -0.219921
1757579850.135740 -0.038339 -0.005150 0.002098 0.086785 -0.836766 -0.019264 -0.005913 -0.220684
1757579850.137737 -0.038339 -0.005150 0.002098 0.086785 -0.837911 -0.019264 -0.005913 -0.221066
1757579850.139770 -0.038339 -0.005150 0.002098 0.086785 -0.838674 -0.019264 -0.005913 -0.221828
1757579850.141751 -0.038339 -0.005150 0.002098 0.086785 -0.839437 -0.019264 -0.005913 -0.222210
1757579850.143722 -0.038339 -0.005150 0.002098 0.086785 -0.840199 -0.019264 -0.005913 -0.222973
1757579850.145741 -0.038339 -0.005150 0.002098 0.086785 -0.840962 -0.019264 -0.005913 -0.223354
1757579850.147724 -0.038339 -0.005150 0.002098 0.086785 -0.841725 -0.019646 -0.005913 -0.223736
1757579850.149729 -0.038339 -0.005150 0.002098 0.086785 -0.842488 -0.019646 -0.005913 -0.224499
1757579850.151722 -0.038339 -0.005150 0.002098 0.086785 -0.843251 -0.019646 -0.005913 -0.224880
1757579850.153742 -0.038339 -0.005150 0.002098 0.086785 -0.844015 -0.019646 -0.005913 -0.225262
1757579850.155723 -0.038339 -0.005150 0.002098 0.086785 -0.844778 -0.019646 -0.005913 -0.226025
1757579850.157729 -0.038339 -0.005150 0.002098 0.086785 -0.845541 -0.019646 -0.005913 -0.226406
1757579850.159722 -0.038339 -0.005150 0.002098 0.086785 -0.846304 -0.019646 -0.005913 -0.226788
1757579850.161811 -0.038339 -0.005150 0.002098 0.086785 -0.847067 -0.020027 -0.005913 -0.227169
1757579850.163769 -0.038339 -0.005150 0.002098 0.086785 -0.847830 -0.020027 -0.005913 -0.227932
1757579850.165737 -0.038339 -0.005150 0.002098 0.086785 -0.848593 -0.020027 -0.006294 -0.228313
1757579850.167735 -0.038339 -0.005150 0.002098 0.086785 -0.849356 -0.020027 -0.006294 -0.228695
1757579850.169742 -0.038339 -0.005150 0.002098 0.086785 -0.850119 -0.020027 -0.006294 -0.229458
1757579850.171731 -0.038339 -0.005150 0.002098 0.086785 -0.850882 -0.020027 -0.006294 -0.229839
1757579850.173734 -0.038339 -0.005150 0.002098 0.086785 -0.851645 -0.020027 -0.006294 -0.230221
1757579850.175730 -0.038339 -0.005150 0.002098 0.086785 -0.852407 -0.020027 -0.006294 -0.230984
1757579850.177740 -0.038339 -0.005150 0.002098 0.086785 -0.853170 -0.020027 -0.006294 -0.231365
1757579850.179730 -0.038339 -0.005150 0.002098 0.086785 -0.853933 -0.020409 -0.006294 -0.232128
1757579850.181736 -0.038339 -0.005150 0.002098 0.086785 -0.854696 -0.020409 -0.006294 -0.232510
1757579850.183729 -0.038339 -0.005150 0.002098 0.086785 -0.855459 -0.020409 -0.006294 -0.232891
1757579850.185738 -0.038339 -0.005150 0.002098 0.086785 -0.855841 -0.020409 -0.006294 -0.233654
1757579850.187731 -0.038339 -0.005150 0.002098 0.086785 -0.856604 -0.020409 -0.006294 -0.234035
1757579850.189732 -0.038339 -0.005150 0.002098 0.086785 -0.857367 -0.020409 -0.006294 -0.234798
1757579850.191720 -0.038339 -0.005150 0.002098 0.086785 -0.858130 -0.020409 -0.006294 -0.235180
1757579850.193755 -0.038339 -0.005150 0.002098 0.086785 -0.858892 -0.020409 -0.006294 -0.235943
1757579850.195734 -0.038339 -0.005150 0.002098 0.086785 -0.859655 -0.020409 -0.006294 -0.236324
1757579850.197716 -0.038339 -0.005150 0.002098 0.086785 -0.860418 -0.020409 -0.006294 -0.237087
1757579850.199813 -0.038339 -0.005150 0.002098 0.086785 -0.861181 -0.020790 -0.006294 -0.237469
1757579850.201769 -0.038339 -0.005150 0.002098 0.086785 -0.861944 -0.020790 -0.006294 -0.237850
1757579850.203763 -0.038339 -0.005150 0.002098 0.086785 -0.862707 -0.020790 -0.006294 -0.238613
1757579850.205752 -0.038339 -0.005150 0.002098 0.086785 -0.863470 -0.020790 -0.006294 -0.238995
1757579850.207728 -0.038339 -0.005150 0.002098 0.086785 -0.864233 -0.020790 -0.006294 -0.239758
1757579850.209744 -0.038339 -0.005150 0.002098 0.086785 -0.864996 -0.020790 -0.006294 -0.240139
1757579850.211733 -0.038339 -0.005150 0.002098 0.086785 -0.865759 -0.020790 -0.006294 -0.240902
1757579850.213719 -0.038339 -0.005150 0.002098 0.086785 -0.866522 -0.020790 -0.006294 -0.241665
1757579850.215780 -0.038339 -0.005150 0.002098 0.086785 -0.867285 -0.020790 -0.006294 -0.242046
1757579850.217755 -0.038339 -0.005150 0.002098 0.086785 -0.868048 -0.020790 -0.006294 -0.242809
1757579850.219744 -0.038339 -0.005150 0.002098 0.087167 -0.868811 -0.020790 -0.006294 -0.243191
1757579850.221750 -0.038339 -0.005150 0.002098 0.087167 -0.869574 -0.021172 -0.006294 -0.243954
1757579850.223783 -0.038339 -0.005150 0.002098 0.086785 -0.870337 -0.021172 -0.006294 -0.244335
1757579850.225757 -0.038339 -0.005150 0.002098 0.086785 -0.871099 -0.021172 -0.006294 -0.245098
1757579850.227717 -0.038339 -0.005150 0.002098 0.087167 -0.871862 -0.021172 -0.006294 -0.245480
1757579850.229716 -0.038339 -0.005150 0.002098 0.086785 -0.872625 -0.021172 -0.006294 -0.246243
1757579850.231740 -0.038339 -0.005150 0.002098 0.086785 -0.873388 -0.021172 -0.006294 -0.246624
1757579850.233732 -0.038339 -0.005150 0.002098 0.087167 -0.874151 -0.021172 -0.006294 -0.247005
1757579850.235731 -0.038339 -0.005150 0.002098 0.086785 -0.874914 -0.021172 -0.006294 -0.247768
1757579850.237727 -0.038339 -0.005150 0.002098 0.087167 -0.875677 -0.021172 -0.006294 -0.248150
1757579850.239743 -0.038339 -0.005150 0.002098 0.087167 -0.876440 -0.021172 -0.006294 -0.248913
1757579850.241734 -0.038339 -0.005150 0.002098 0.086785 -0.877203 -0.021172 -0.006294 -0.249294
1757579850.243729 -0.038339 -0.005150 0.002098 0.087167 -0.877966 -0.021172 -0.006294 -0.250057
1757579850.245729 -0.038339 -0.005150 0.002098 0.087167 -0.878729 -0.021553 -0.006294 -0.250439
1757579850.247726 -0.038339 -0.005150 0.002098 0.087167 -0.879492 -0.021553 -0.006294 -0.251202
1757579850.249735 -0.038339 -0.005150 0.002098 0.087167 -0.879873 -0.021553 -0.006294 -0.251583
1757579850.251721 -0.038339 -0.005150 0.002098 0.087167 -0.880636 -0.021553 -0.006294 -0.252346
1757579850.253726 -0.038339 -0.005150 0.002098 0.087167 -0.881399 -0.021553 -0.006294 -0.252728
1757579850.255729 -0.038339 -0.005150 0.002098 0.087167 -0.882162 -0.021553 -0.006294 -0.253490
1757579850.257730 -0.038339 -0.005150 0.002098 0.087167 -0.882544 -0.021553 -0.006294 -0.253872
1757579850.259724 -0.038339 -0.005150 0.002098 0.087167 -0.883307 -0.021553 -0.006294 -0.254635
1757579850.261751 -0.038339 -0.005150 0.002098 0.087167 -0.884069 -0.021553 -0.006294 -0.255016
1757579850.263735 -0.038339 -0.005150 0.002098 0.087167 -0.884832 -0.021553 -0.006294 -0.255779
1757579850.265732 -0.038339 -0.005150 0.002098 0.087167 -0.885214 -0.021553 -0.006294 -0.256161
1757579850.267728 -0.038339 -0.005150 0.002098 0.087167 -0.885977 -0.021935 -0.006294 -0.256542
1757579850.269731 -0.038339 -0.005150 0.002098 0.087167 -0.886740 -0.021935 -0.006294 -0.256924
1757579850.271727 -0.038339 -0.005150 0.002098 0.087167 -0.887121 -0.021935 -0.006294 -0.257687
1757579850.273730 -0.038339 -0.005150 0.002098 0.087167 -0.887884 -0.021935 -0.006294 -0.258068
1757579850.275726 -0.038339 -0.005150 0.002098 0.087167 -0.888647 -0.021935 -0.006294 -0.258450
1757579850.277732 -0.038339 -0.005150 0.002098 0.087167 -0.889029 -0.021935 -0.006294 -0.258831
1757579850.279726 -0.038339 -0.005150 0.002098 0.087167 -0.889791 -0.021935 -0.006294 -0.259594
1757579850.281728 -0.038339 -0.005150 0.002098 0.087167 -0.890173 -0.021935 -0.006294 -0.259975
1757579850.283724 -0.038339 -0.005150 0.002098 0.087167 -0.890936 -0.021935 -0.006294 -0.260738
1757579850.285731 -0.038339 -0.005150 0.002098 0.087167 -0.891317 -0.021935 -0.006294 -0.261120
1757579850.287768 -0.038339 -0.005150 0.002098 0.087167 -0.892080 -0.021935 -0.006294 -0.261501
1757579850.289761 -0.038339 -0.005150 0.002098 0.087167 -0.892462 -0.022316 -0.006294 -0.262264
1757579850.291735 -0.038339 -0.005150 0.002098 0.087167 -0.893225 -0.022316 -0.006294 -0.262646
1757579850.293734 -0.038339 -0.005150 0.002098 0.087167 -0.893606 -0.022316 -0.006294 -0.263409
1757579850.295727 -0.038339 -0.005150 0.002098 0.087167 -0.894369 -0.022316 -0.006294 -0.263790
1757579850.297729 -0.038339 -0.005150 0.002098 0.087167 -0.894751 -0.022316 -0.006294 -0.264172
1757579850.299724 -0.038339 -0.005150 0.002098 0.087167 -0.895514 -0.022316 -0.006294 -0.264935
1757579850.301738 -0.038339 -0.005150 0.002098 0.087167 -0.895895 -0.022316 -0.006294 -0.265316
1757579850.303738 -0.038339 -0.005150 0.002098 0.087167 -0.896658 -0.022316 -0.006294 -0.266079
1757579850.305730 -0.038339 -0.005150 0.002098 0.087167 -0.897039 -0.022316 -0.006294 -0.266460
1757579850.307717 -0.038339 -0.005150 0.002098 0.087167 -0.897802 -0.022316 -0.006294 -0.266842
1757579850.309734 -0.038339 -0.005150 0.002098 0.087167 -0.898184 -0.022316 -0.006294 -0.267605
1757579850.311714 -0.038339 -0.005150 0.002098 0.087167 -0.898565 -0.022316 -0.006294 -0.267986
1757579850.313744 -0.038339 -0.005150 0.002098 0.087167 -0.899328 -0.022316 -0.006294 -0.268368
1757579850.315713 -0.038339 -0.005150 0.002098 0.087167 -0.899710 -0.022316 -0.006294 -0.269131
1757579850.317745 -0.038339 -0.005150 0.002098 0.087167 -0.900473 -0.022316 -0.006294 -0.269512
1757579850.319726 -0.038339 -0.005150 0.002098 0.087167 -0.900854 -0.022316 -0.006294 -0.270275
1757579850.321727 -0.038339 -0.005150 0.002098 0.087167 -0.901617 -0.022316 -0.006294 -0.270657
1757579850.323725 -0.038339 -0.005150 0.002098 0.087167 -0.901999 -0.022316 -0.006294 -0.271420
1757579850.325736 -0.038339 -0.005150 0.002098 0.087167 -0.902761 -0.022316 -0.006294 -0.271801
1757579850.327719 -0.038339 -0.005150 0.002098 0.087167 -0.903143 -0.022316 -0.006294 -0.272564
1757579850.329728 -0.038339 -0.005150 0.002098 0.087167 -0.903524 -0.022316 -0.006294 -0.273327
1757579850.331716 -0.038339 -0.005150 0.002098 0.087167 -0.904287 -0.022316 -0.006294 -0.273708
1757579850.333735 -0.038339 -0.005150 0.002098 0.087167 -0.904669 -0.022316 -0.006294 -0.274471
1757579850.335719 -0.038339 -0.005150 0.002098 0.087167 -0.905432 -0.022316 -0.006294 -0.274853
1757579850.337753 -0.038339 -0.005150 0.002098 0.087167 -0.905813 -0.022316 -0.006294 -0.275234
1757579850.339724 -0.038339 -0.005150 0.002098 0.087167 -0.906577 -0.022316 -0.006294 -0.275997
1757579850.341742 -0.038339 -0.005150 0.002098 0.087167 -0.907340 -0.022316 -0.006294 -0.276379
1757579850.343718 -0.038339 -0.005150 0.002098 0.087167 -0.907722 -0.022316 -0.006294 -0.277142
1757579850.345711 -0.038339 -0.005150 0.002098 0.087167 -0.908484 -0.022316 -0.006294 -0.277523
1757579850.347737 -0.038339 -0.005150 0.002098 0.087167 -0.908866 -0.022316 -0.006294 -0.278286
1757579850.349740 -0.038339 -0.005150 0.002098 0.087167 -0.909629 -0.022316 -0.006294 -0.278667
1757579850.351752 -0.038339 -0.005150 0.002098 0.087167 -0.910010 -0.022316 -0.006294 -0.279430
1757579850.353734 -0.038339 -0.005150 0.002098 0.087167 -0.910773 -0.022316 -0.006294 -0.279812
1757579850.355715 -0.038339 -0.005150 0.002098 0.087167 -0.911155 -0.022316 -0.006294 -0.280575
1757579850.357731 -0.038339 -0.005150 0.002098 0.087167 -0.911918 -0.022316 -0.006294 -0.280956
1757579850.359760 -0.038339 -0.005150 0.002098 0.087167 -0.912299 -0.022316 -0.006294 -0.281720
1757579850.361735 -0.038339 -0.005150 0.002098 0.087167 -0.912681 -0.022316 -0.006294 -0.282102
1757579850.363725 -0.038339 -0.005150 0.002098 0.087167 -0.913444 -0.022316 -0.006294 -0.282865
1757579850.365729 -0.038339 -0.005150 0.002098 0.087167 -0.913825 -0.022316 -0.006294 -0.283246
1757579850.367722 -0.038339 -0.005150 0.002098 0.087167 -0.914588 -0.022316 -0.006294 -0.284009
1757579850.369740 -0.038339 -0.005150 0.002098 0.087167 -0.914969 -0.022316 -0.006294 -0.284772
1757579850.371720 -0.038339 -0.005150 0.002098 0.087167 -0.915732 -0.022316 -0.006294 -0.285153
1757579850.373729 -0.038339 -0.005150 0.002098 0.087167 -0.916114 -0.022316 -0.006294 -0.285916
1757579850.375743 -0.038339 -0.005150 0.002098 0.087167 -0.916877 -0.022316 -0.006294 -0.286298
1757579850.377734 -0.038339 -0.005150 0.002098 0.087167 -0.917258 -0.022316 -0.006294 -0.287061
1757579850.379734 -0.038339 -0.005150 0.002098 0.087167 -0.918021 -0.022316 -0.006294 -0.287442
1757579850.381773 -0.038339 -0.005150 0.002098 0.087167 -0.918403 -0.022316 -0.006294 -0.288205
1757579850.383737 -0.038339 -0.005150 0.002098 0.087167 -0.919166 -0.022316 -0.006294 -0.288587
1757579850.385739 -0.038339 -0.005150 0.002098 0.087167 -0.919547 -0.022316 -0.006294 -0.289350
1757579850.387727 -0.038339 -0.005150 0.002098 0.087167 -0.919929 -0.022316 -0.006294 -0.289731
1757579850.389735 -0.038339 -0.005150 0.002098 0.087167 -0.920691 -0.022316 -0.006294 -0.290494
1757579850.391727 -0.038339 -0.005150 0.002098 0.087167 -0.921073 -0.022316 -0.006294 -0.291257
1757579850.393741 -0.038339 -0.005150 0.002098 0.087167 -0.921836 -0.022316 -0.006294 -0.292020
1757579850.395719 -0.038339 -0.005150 0.002098 0.087167 -0.922599 -0.022316 -0.006294 -0.292401
1757579850.397729 -0.038339 -0.005150 0.002098 0.087167 -0.922980 -0.022316 -0.006294 -0.293164
1757579850.399723 -0.038339 -0.005150 0.002098 0.087167 -0.923743 -0.022316 -0.006294 -0.293927
1757579850.401737 -0.038339 -0.005150 0.002098 0.087167 -0.924125 -0.022316 -0.006294 -0.294690
1757579850.403726 -0.038339 -0.005150 0.002098 0.087167 -0.924888 -0.022316 -0.006294 -0.295072
1757579850.405729 -0.038339 -0.005150 0.002098 0.087167 -0.925651 -0.022316 -0.006294 -0.295835
1757579850.407726 -0.038339 -0.005150 0.002098 0.087167 -0.926414 -0.022316 -0.006294 -0.296597
1757579850.409843 -0.038339 -0.005150 0.002098 0.087167 -0.926795 -0.022316 -0.006294 -0.297360
1757579850.411732 -0.038339 -0.005150 0.002098 0.087167 -0.927558 -0.022316 -0.006294 -0.298123
1757579850.413726 -0.038339 -0.005150 0.002098 0.087167 -0.928321 -0.022316 -0.006294 -0.298886
1757579850.415724 -0.038339 -0.005150 0.002098 0.087167 -0.929084 -0.022316 -0.006294 -0.299649
1757579850.417762 -0.038339 -0.005150 0.002098 0.087167 -0.929847 -0.022316 -0.006294 -0.300031
1757579850.419728 -0.038339 -0.005150 0.002098 0.087167 -0.930228 -0.022316 -0.006294 -0.300794
1757579850.421772 -0.038339 -0.005150 0.002098 0.087167 -0.930991 -0.022316 -0.006294 -0.301557
1757579850.423727 -0.038339 -0.005150 0.002098 0.087167 -0.931754 -0.022316 -0.006294 -0.302320
1757579850.425753 -0.038339 -0.005150 0.002098 0.087167 -0.932517 -0.021935 -0.006294 -0.303082
1757579850.427744 -0.038339 -0.005150 0.002098 0.087167 -0.933280 -0.021935 -0.006294 -0.303845
1757579850.429827 -0.038339 -0.005150 0.002098 0.087167 -0.934043 -0.021935 -0.006294 -0.304608
1757579850.431773 -0.038339 -0.005150 0.002098 0.087167 -0.934806 -0.021935 -0.006294 -0.305371
1757579850.433772 -0.038339 -0.005150 0.002098 0.087167 -0.935569 -0.021935 -0.006294 -0.306134
1757579850.435772 -0.038339 -0.005150 0.002098 0.087167 -0.936332 -0.021935 -0.006294 -0.306897
1757579850.437840 -0.038339 -0.005150 0.002098 0.087167 -0.937095 -0.021935 -0.006294 -0.307660
1757579850.439855 -0.038339 -0.005150 0.002098 0.087167 -0.937858 -0.021935 -0.006294 -0.308423
1757579850.441829 -0.038339 -0.005150 0.002098 0.087167 -0.938621 -0.021935 -0.006294 -0.309186
1757579850.443793 -0.038339 -0.005150 0.002098 0.087167 -0.939384 -0.021935 -0.006294 -0.309949
1757579850.445825 -0.038339 -0.005150 0.002098 0.087167 -0.940146 -0.021935 -0.006294 -0.310712
1757579850.447805 -0.038339 -0.005150 0.002098 0.087167 -0.940909 -0.021935 -0.006294 -0.311475
1757579850.449837 -0.038339 -0.005150 0.002098 0.087167 -0.941672 -0.021935 -0.006294 -0.311856
1757579850.451777 -0.038339 -0.005150 0.002098 0.087167 -0.942435 -0.021935 -0.006676 -0.312619
1757579850.453771 -0.038339 -0.005150 0.002098 0.087167 -0.942817 -0.021935 -0.006676 -0.313382
1757579850.455778 -0.038339 -0.005150 0.002098 0.087167 -0.943580 -0.021935 -0.006676 -0.314145
1757579850.457774 -0.038339 -0.005150 0.002098 0.087167 -0.944343 -0.021935 -0.006676 -0.314908
1757579850.459775 -0.038339 -0.005150 0.002098 0.087167 -0.945106 -0.021935 -0.006676 -0.315671
1757579850.461771 -0.038339 -0.005150 0.002098 0.087167 -0.945868 -0.021935 -0.006676 -0.316434
1757579850.463776 -0.038339 -0.005150 0.002098 0.087167 -0.946631 -0.021935 -0.006676 -0.317197
1757579850.465768 -0.038339 -0.005150 0.002098 0.087167 -0.947394 -0.022316 -0.006676 -0.317960
1757579850.467776 -0.038339 -0.005150 0.002098 0.087167 -0.948157 -0.022316 -0.006676 -0.318341
1757579850.469768 -0.038339 -0.005150 0.002098 0.087167 -0.948920 -0.022316 -0.006676 -0.319104
1757579850.471831 -0.038339 -0.005150 0.002098 0.087167 -0.949683 -0.022316 -0.006676 -0.319867
1757579850.473812 -0.038339 -0.005150 0.002098 0.087167 -0.950446 -0.022316 -0.006676 -0.320630
1757579850.475796 -0.038339 -0.005150 0.002098 0.087167 -0.950828 -0.022316 -0.006676 -0.321393
1757579850.477824 -0.038339 -0.005150 0.002098 0.087167 -0.951591 -0.022316 -0.006676 -0.322156
1757579850.479768 -0.038339 -0.005150 0.002098 0.087167 -0.952353 -0.022316 -0.006676 -0.322537
1757579850.481763 -0.038339 -0.005150 0.002098 0.087167 -0.953116 -0.022316 -0.006676 -0.323300
1757579850.483766 -0.038339 -0.005150 0.002098 0.087167 -0.953879 -0.022316 -0.006676 -0.324063
1757579850.485754 -0.038339 -0.005150 0.002098 0.087167 -0.954642 -0.022316 -0.006676 -0.324826
1757579850.487786 -0.038339 -0.005150 0.002098 0.087167 -0.955405 -0.022316 -0.006676 -0.325589
1757579850.489730 -0.038339 -0.005150 0.002098 0.087167 -0.956168 -0.022316 -0.007057 -0.326352
1757579850.491726 -0.038339 -0.005150 0.002098 0.087167 -0.956931 -0.022316 -0.007057 -0.327115
1757579850.493726 -0.038339 -0.005150 0.002098 0.087167 -0.957694 -0.022316 -0.007057 -0.327878
1757579850.495726 -0.038339 -0.005150 0.002098 0.087167 -0.958457 -0.022316 -0.007057 -0.328641
1757579850.497723 -0.038339 -0.005150 0.002098 0.087167 -0.959220 -0.022316 -0.007057 -0.329404
1757579850.499734 -0.038339 -0.005150 0.002098 0.087167 -0.959983 -0.022316 -0.007057 -0.330548
1757579850.501717 -0.038339 -0.005150 0.002098 0.087167 -0.960746 -0.022316 -0.007057 -0.331311
1757579850.503784 -0.038339 -0.005150 0.002098 0.087167 -0.961509 -0.022316 -0.007057 -0.332074
1757579850.505745 -0.038339 -0.005150 0.002098 0.087167 -0.962272 -0.022316 -0.007057 -0.332837
1757579850.507745 -0.038339 -0.005150 0.002098 0.087167 -0.963035 -0.022316 -0.007057 -0.333600
1757579850.509727 -0.038339 -0.005150 0.002098 0.087167 -0.963798 -0.022316 -0.007057 -0.334363
1757579850.511726 -0.038339 -0.005150 0.002098 0.087167 -0.964561 -0.022316 -0.007057 -0.335126
1757579850.513748 -0.038339 -0.005150 0.002098 0.087167 -0.965323 -0.022316 -0.007057 -0.335889
1757579850.515744 -0.038339 -0.004768 0.002098 0.087167 -0.966086 -0.021935 -0.007057 -0.336652
1757579850.517725 -0.038339 -0.005150 0.002098 0.087167 -0.966849 -0.021935 -0.007057 -0.337415
1757579850.519734 -0.038339 -0.004768 0.002098 0.087167 -0.967994 -0.021935 -0.007057 -0.338178
1757579850.521725 -0.038339 -0.005150 0.002098 0.087167 -0.968758 -0.021935 -0.007057 -0.338941
1757579850.523742 -0.038339 -0.005150 0.002098 0.087167 -0.969521 -0.021935 -0.007057 -0.339704
1757579850.525723 -0.038339 -0.005150 0.002098 0.087167 -0.970284 -0.021935 -0.007057 -0.340466
1757579850.527730 -0.038339 -0.005150 0.002098 0.087167 -0.971046 -0.021935 -0.007057 -0.341229
1757579850.529723 -0.038339 -0.005150 0.002098 0.087167 -0.971809 -0.021935 -0.007057 -0.341992
1757579850.531740 -0.038339 -0.004768 0.002098 0.087167 -0.972572 -0.021935 -0.007057 -0.342755
1757579850.533766 -0.038339 -0.005150 0.002098 0.087167 -0.973335 -0.021935 -0.007057 -0.343518
1757579850.535734 -0.038339 -0.005150 0.002098 0.087167 -0.974098 -0.021935 -0.007057 -0.344282
1757579850.537724 -0.038339 -0.005150 0.002098 0.087167 -0.974861 -0.021935 -0.007057 -0.345045
1757579850.539749 -0.038339 -0.005150 0.002098 0.087167 -0.975624 -0.021935 -0.007057 -0.345808
1757579850.541727 -0.038339 -0.005150 0.002098 0.087167 -0.976768 -0.021935 -0.007057 -0.346571
1757579850.543731 -0.038339 -0.005150 0.002098 0.087167 -0.977531 -0.021935 -0.007057 -0.347334
1757579850.545725 -0.038339 -0.005150 0.002098 0.087167 -0.978294 -0.021935 -0.007057 -0.348097
1757579850.547742 -0.038339 -0.005150 0.002098 0.087167 -0.979057 -0.021935 -0.007057 -0.348860
1757579850.549724 -0.038339 -0.005150 0.002098 0.087167 -0.979820 -0.021935 -0.007057 -0.349623
1757579850.551727 -0.038339 -0.005150 0.002098 0.087167 -0.980202 -0.021553 -0.007057 -0.350386
1757579850.553722 -0.038339 -0.005150 0.002098 0.087167 -0.980965 -0.021553 -0.007057 -0.351149
1757579850.555740 -0.038339 -0.005150 0.002098 0.087167 -0.981728 -0.021553 -0.007057 -0.351912
1757579850.557725 -0.038339 -0.005150 0.002098 0.087167 -0.982491 -0.021553 -0.007057 -0.352674
1757579850.559728 -0.038339 -0.005150 0.002098 0.087167 -0.983253 -0.021553 -0.007057 -0.353437
1757579850.561725 -0.038339 -0.005150 0.002098 0.087167 -0.984016 -0.021553 -0.007057 -0.354200
1757579850.563737 -0.038339 -0.005150 0.002098 0.087167 -0.984779 -0.021553 -0.007057 -0.354963
1757579850.565814 -0.038339 -0.005150 0.002098 0.087167 -0.985542 -0.021553 -0.007057 -0.355726
1757579850.567733 -0.038339 -0.005150 0.002098 0.087167 -0.986305 -0.021553 -0.007057 -0.356489
1757579850.569738 -0.038339 -0.005150 0.002098 0.087167 -0.986687 -0.021553 -0.007057 -0.357252
1757579850.571743 -0.038339 -0.005150 0.002098 0.087167 -0.987450 -0.021553 -0.007057 -0.358015
1757579850.573729 -0.038339 -0.005150 0.002098 0.087167 -0.988213 -0.021553 -0.007057 -0.358778
1757579850.575732 -0.038339 -0.005150 0.002098 0.087167 -0.988976 -0.021553 -0.007057 -0.359159
1757579850.577726 -0.038339 -0.005150 0.002098 0.087167 -0.989357 -0.021553 -0.007057 -0.359922
1757579850.579743 -0.038339 -0.005150 0.002098 0.087167 -0.990120 -0.021553 -0.007057 -0.360685
1757579850.581725 -0.038339 -0.005150 0.002098 0.087167 -0.990883 -0.021553 -0.007057 -0.361448
1757579850.583730 -0.038339 -0.005150 0.002098 0.087167 -0.991264 -0.021553 -0.007057 -0.362211
1757579850.585741 -0.038339 -0.005150 0.002098 0.087167 -0.992027 -0.021553 -0.007057 -0.362974
1757579850.587742 -0.038339 -0.005150 0.002098 0.087167 -0.992790 -0.021553 -0.007057 -0.363356
1757579850.589753 -0.038339 -0.005150 0.002098 0.087167 -0.993172 -0.021553 -0.007057 -0.364119
1757579850.591728 -0.038339 -0.005150 0.002098 0.087167 -0.993935 -0.021553 -0.007057 -0.364882
1757579850.593743 -0.038339 -0.005150 0.002098 0.087167 -0.994698 -0.021553 -0.007057 -0.365644
1757579850.595816 -0.038339 -0.005150 0.002098 0.087167 -0.995079 -0.021553 -0.007057 -0.366407
1757579850.597776 -0.038339 -0.005150 0.002098 0.087167 -0.995842 -0.021553 -0.007057 -0.367170
1757579850.599765 -0.038339 -0.005150 0.002098 0.087167 -0.996223 -0.021553 -0.007057 -0.367933
1757579850.601768 -0.038339 -0.005150 0.002098 0.087167 -0.996986 -0.021553 -0.007057 -0.368315
1757579850.603759 -0.038339 -0.005150 0.002098 0.087167 -0.997368 -0.021553 -0.007057 -0.369078
1757579850.605761 -0.038339 -0.005150 0.002098 0.087167 -0.998131 -0.021553 -0.007057 -0.369841
1757579850.607789 -0.038339 -0.005150 0.002098 0.087167 -0.998894 -0.021553 -0.007057 -0.370604
1757579850.609760 -0.038339 -0.005150 0.002098 0.087167 -0.999275 -0.021553 -0.007057 -0.371367
1757579850.611771 -0.038339 -0.005150 0.002098 0.087167 -1.000038 -0.021553 -0.007439 -0.372129
1757579850.613765 -0.038339 -0.005150 0.002098 0.087167 -1.000420 -0.021553 -0.007439 -0.372511
1757579850.615802 -0.038339 -0.005150 0.002098 0.087167 -1.001183 -0.021553 -0.007439 -0.373274
1757579850.617759 -0.038339 -0.005150 0.002098 0.087167 -1.001564 -0.021553 -0.007439 -0.374037
1757579850.619816 -0.038339 -0.005150 0.002098 0.087167 -1.002327 -0.021553 -0.007439 -0.374800
1757579850.621737 -0.038339 -0.005150 0.002098 0.087167 -1.002708 -0.021553 -0.007439 -0.375563
1757579850.623787 -0.038339 -0.005150 0.002098 0.087167 -1.003471 -0.021553 -0.007439 -0.376326
1757579850.625720 -0.038339 -0.005150 0.002098 0.087167 -1.003853 -0.021553 -0.007439 -0.376707
1757579850.627743 -0.038339 -0.005150 0.002098 0.087167 -1.004234 -0.021553 -0.007439 -0.377470
1757579850.629737 -0.038339 -0.005150 0.002098 0.087167 -1.004997 -0.021553 -0.007439 -0.378233
1757579850.631918 -0.038339 -0.005150 0.002098 0.087167 -1.005379 -0.021553 -0.007439 -0.378996
1757579850.633736 -0.038339 -0.005150 0.002098 0.087167 -1.006142 -0.021553 -0.007439 -0.379759
1757579850.635727 -0.038339 -0.005150 0.002098 0.087167 -1.006523 -0.021553 -0.007439 -0.380140
1757579850.637726 -0.038339 -0.005150 0.002098 0.087167 -1.006905 -0.021553 -0.007439 -0.380903
1757579850.639741 -0.038339 -0.005150 0.002098 0.087167 -1.007668 -0.021553 -0.007439 -0.381666
1757579850.641728 -0.038339 -0.005150 0.002098 0.087167 -1.008049 -0.021553 -0.007439 -0.382429
1757579850.643722 -0.038339 -0.005150 0.002098 0.087167 -1.008812 -0.021553 -0.007439 -0.382811
1757579850.645729 -0.038339 -0.005150 0.002098 0.087167 -1.009193 -0.021553 -0.007439 -0.383574
1757579850.647754 -0.038339 -0.005150 0.002098 0.087167 -1.009575 -0.021553 -0.007439 -0.384336
1757579850.649720 -0.038339 -0.005150 0.002098 0.087167 -1.010338 -0.021553 -0.007439 -0.385099
1757579850.651718 -0.038339 -0.005150 0.002098 0.087167 -1.010719 -0.021553 -0.007439 -0.385862
1757579850.653723 -0.037957 -0.005150 0.002098 0.087167 -1.011482 -0.021553 -0.007439 -0.386625
1757579850.655711 -0.037957 -0.005150 0.002098 0.087167 -1.011864 -0.021553 -0.007439 -0.387388
1757579850.657756 -0.038339 -0.005150 0.002098 0.087167 -1.012245 -0.021553 -0.007439 -0.388151
1757579850.659719 -0.038339 -0.005150 0.002098 0.087167 -1.012627 -0.021553 -0.007439 -0.388914
1757579850.661722 -0.038339 -0.005150 0.002098 0.087167 -1.013390 -0.021553 -0.007439 -0.389677
1757579850.663724 -0.037957 -0.005150 0.002098 0.087167 -1.013771 -0.021553 -0.007439 -0.390059
1757579850.665720 -0.037957 -0.005150 0.002098 0.087167 -1.014153 -0.021553 -0.007820 -0.390821
1757579850.667711 -0.037957 -0.005150 0.002098 0.087167 -1.014915 -0.021553 -0.007820 -0.391584
1757579850.669719 -0.037957 -0.005150 0.002098 0.087167 -1.015297 -0.021553 -0.007820 -0.392347
1757579850.671749 -0.037957 -0.005150 0.002098 0.087167 -1.015678 -0.021553 -0.007820 -0.392729
1757579850.673752 -0.037957 -0.005150 0.002098 0.087167 -1.016441 -0.021553 -0.007820 -0.393492
1757579850.675713 -0.037957 -0.005150 0.002098 0.087167 -1.016823 -0.021553 -0.007820 -0.394255
1757579850.677718 -0.037957 -0.005150 0.002098 0.087167 -1.017586 -0.021553 -0.007820 -0.395018
1757579850.679726 -0.037957 -0.005150 0.002098 0.087167 -1.017967 -0.021553 -0.007820 -0.395399
1757579850.681762 -0.037957 -0.005150 0.002098 0.087167 -1.018349 -0.021553 -0.007820 -0.396162
1757579850.683707 -0.037957 -0.005150 0.002098 0.087167 -1.018730 -0.021553 -0.007820 -0.396925
1757579850.685737 -0.037957 -0.005150 0.002098 0.087167 -1.019493 -0.021553 -0.007820 -0.397688
1757579850.687709 -0.037957 -0.005150 0.002098 0.087167 -1.019875 -0.021553 -0.008202 -0.398069
1757579850.689737 -0.037957 -0.005150 0.002098 0.087167 -1.020256 -0.021553 -0.008202 -0.398832
1757579850.691721 -0.037957 -0.004768 0.002098 0.087167 -1.020638 -0.021553 -0.008202 -0.399595
1757579850.693723 -0.037957 -0.004768 0.002098 0.087167 -1.021400 -0.021553 -0.008202 -0.400358
1757579850.695718 -0.037957 -0.005150 0.002098 0.087167 -1.021782 -0.021935 -0.008202 -0.401121
1757579850.697706 -0.037957 -0.004768 0.002098 0.087167 -1.022163 -0.021935 -0.008202 -0.401503
1757579850.699705 -0.037957 -0.004768 0.002098 0.087167 -1.022545 -0.021935 -0.008202 -0.402266
1757579850.701721 -0.037957 -0.004768 0.002098 0.087167 -1.023308 -0.021935 -0.008583 -0.403028
1757579850.703708 -0.037957 -0.004768 0.002098 0.087167 -1.023689 -0.021935 -0.008583 -0.403791
1757579850.705719 -0.037957 -0.004768 0.002098 0.087167 -1.024071 -0.022316 -0.008583 -0.404173
1757579850.707717 -0.037957 -0.004768 0.002098 0.087167 -1.024452 -0.022316 -0.008583 -0.404936
1757579850.709720 -0.037957 -0.004768 0.002098 0.087167 -1.025215 -0.022316 -0.008583 -0.405699
1757579850.711708 -0.037957 -0.004768 0.002098 0.087167 -1.025597 -0.022316 -0.008583 -0.406463
1757579850.713717 -0.037957 -0.004768 0.002098 0.087167 -1.025978 -0.022316 -0.008965 -0.407226
1757579850.715709 -0.037957 -0.004768 0.002098 0.087167 -1.026360 -0.022316 -0.008965 -0.407989
1757579850.717728 -0.037957 -0.004768 0.002098 0.087167 -1.027122 -0.022697 -0.008965 -0.408751
1757579850.719753 -0.037957 -0.004768 0.002098 0.087167 -1.027504 -0.022697 -0.008965 -0.409514
1757579850.721717 -0.037957 -0.004768 0.002098 0.087167 -1.027885 -0.022697 -0.008965 -0.409896
1757579850.723726 -0.037576 -0.004768 0.002098 0.087167 -1.028648 -0.022697 -0.008965 -0.410659
1757579850.725731 -0.037576 -0.004768 0.002098 0.087167 -1.029030 -0.022697 -0.009346 -0.411422
1757579850.727722 -0.037576 -0.004768 0.002098 0.087167 -1.029411 -0.022697 -0.009346 -0.412185
1757579850.729719 -0.037576 -0.004768 0.002098 0.087167 -1.029793 -0.022697 -0.009346 -0.412948
1757579850.731716 -0.037576 -0.004768 0.002098 0.087167 -1.030556 -0.022697 -0.009346 -0.413711
1757579850.733731 -0.037576 -0.004768 0.002098 0.087167 -1.030937 -0.023079 -0.009346 -0.414092
1757579850.735724 -0.037576 -0.004768 0.002098 0.087167 -1.031320 -0.023079 -0.009346 -0.414855
1757579850.737709 -0.037576 -0.004768 0.002098 0.087167 -1.032083 -0.023079 -0.009727 -0.415618
1757579850.739708 -0.037576 -0.004768 0.002098 0.087167 -1.032464 -0.023079 -0.009727 -0.416381
1757579850.741733 -0.037576 -0.004768 0.002098 0.087167 -1.033227 -0.023079 -0.009727 -0.417525
1757579850.743719 -0.037576 -0.004768 0.002098 0.087167 -1.033608 -0.023079 -0.009727 -0.418288
1757579850.745707 -0.037576 -0.004768 0.002098 0.087167 -1.033990 -0.023079 -0.009727 -0.419051
1757579850.747712 -0.037576 -0.004768 0.002098 0.087167 -1.034753 -0.023079 -0.009727 -0.419814
1757579850.749732 -0.037576 -0.004768 0.002098 0.087167 -1.035134 -0.023079 -0.009727 -0.420577
1757579850.751730 -0.037576 -0.004768 0.002098 0.087167 -1.035897 -0.023079 -0.010109 -0.420959
1757579850.753712 -0.037576 -0.004768 0.002098 0.087167 -1.036279 -0.023079 -0.010109 -0.421721
1757579850.755719 -0.037576 -0.004768 0.002098 0.087167 -1.036660 -0.023460 -0.010109 -0.422484
1757579850.757737 -0.037576 -0.004768 0.002098 0.087167 -1.037423 -0.023460 -0.010109 -0.423247
1757579850.759718 -0.037576 -0.004768 0.002098 0.087167 -1.037805 -0.023460 -0.010109 -0.424010
1757579850.761725 -0.037576 -0.004768 0.002098 0.087167 -1.038568 -0.023460 -0.010109 -0.424773
1757579850.763717 -0.037576 -0.004768 0.002098 0.087167 -1.038949 -0.023460 -0.010109 -0.425536
1757579850.765708 -0.037576 -0.004768 0.002098 0.087167 -1.039712 -0.023460 -0.010109 -0.426299
1757579850.767707 -0.037194 -0.004768 0.002098 0.087167 -1.040093 -0.023460 -0.010490 -0.427062
1757579850.769727 -0.037194 -0.004768 0.002098 0.087167 -1.040475 -0.023460 -0.010490 -0.427825
1757579850.771720 -0.037194 -0.004768 0.002098 0.087167 -1.041238 -0.023460 -0.010490 -0.428588
1757579850.773709 -0.037194 -0.004768 0.002098 0.087167 -1.041619 -0.023460 -0.010490 -0.429351
1757579850.775707 -0.037194 -0.004768 0.002098 0.087167 -1.042382 -0.023460 -0.010490 -0.430114
1757579850.777728 -0.037194 -0.004768 0.002098 0.087167 -1.042764 -0.023460 -0.010490 -0.430877
1757579850.779706 -0.037194 -0.004768 0.002098 0.087167 -1.043527 -0.023460 -0.010490 -0.431640
1757579850.781805 -0.037194 -0.004768 0.002098 0.087167 -1.043908 -0.023460 -0.010490 -0.432403
1757579850.783757 -0.037194 -0.004768 0.002098 0.087167 -1.044290 -0.023460 -0.010490 -0.433166
1757579850.785800 -0.037194 -0.004768 0.002098 0.087167 -1.045053 -0.023460 -0.010872 -0.433928
1757579850.787703 -0.037194 -0.004768 0.002098 0.087167 -1.045434 -0.023460 -0.010872 -0.434691
1757579850.789726 -0.037194 -0.004768 0.002098 0.087167 -1.045815 -0.023460 -0.010872 -0.435454
1757579850.791721 -0.037194 -0.004768 0.002098 0.087167 -1.046578 -0.023460 -0.010872 -0.435836
1757579850.793766 -0.037194 -0.004768 0.002098 0.087167 -1.046960 -0.023460 -0.010872 -0.436599
1757579850.795718 -0.037194 -0.004768 0.002098 0.087167 -1.047341 -0.023460 -0.010872 -0.437362
1757579850.797709 -0.037194 -0.004768 0.002098 0.087167 -1.048104 -0.023460 -0.010872 -0.438125
1757579850.799708 -0.037194 -0.004768 0.002098 0.087167 -1.048486 -0.023460 -0.010872 -0.438888
1757579850.801813 -0.037194 -0.004768 0.002098 0.087167 -1.048867 -0.023460 -0.010872 -0.439269
1757579850.803761 -0.037194 -0.004768 0.002098 0.087167 -1.049630 -0.023460 -0.011253 -0.440032
1757579850.805753 -0.037194 -0.004768 0.002098 0.087167 -1.050012 -0.023460 -0.011253 -0.440795
1757579850.807755 -0.037194 -0.004768 0.002098 0.087167 -1.050393 -0.023460 -0.011253 -0.441558
1757579850.809802 -0.036813 -0.004768 0.002098 0.087167 -1.050775 -0.023460 -0.011253 -0.442321
1757579850.811752 -0.036813 -0.004768 0.002098 0.087167 -1.051538 -0.023460 -0.011253 -0.443084
1757579850.813734 -0.036813 -0.004768 0.002098 0.087167 -1.051919 -0.023460 -0.011253 -0.443465
1757579850.815708 -0.036813 -0.004768 0.002098 0.087167 -1.052300 -0.023460 -0.011253 -0.444228
1757579850.817814 -0.036813 -0.004768 0.002098 0.087167 -1.052682 -0.023460 -0.011253 -0.444991
1757579850.819737 -0.036813 -0.004768 0.002098 0.087167 -1.053445 -0.023460 -0.011635 -0.445754
1757579850.821722 -0.036813 -0.004768 0.002098 0.087167 -1.053826 -0.023460 -0.011635 -0.446517
1757579850.823721 -0.036813 -0.004768 0.002098 0.087167 -1.054208 -0.023460 -0.011635 -0.447280
1757579850.825707 -0.036813 -0.004768 0.002098 0.087167 -1.054589 -0.023460 -0.011635 -0.448043
1757579850.827716 -0.036813 -0.004768 0.002098 0.087167 -1.054971 -0.023460 -0.011635 -0.448806
1757579850.829708 -0.036813 -0.004768 0.002098 0.087167 -1.055734 -0.023460 -0.011635 -0.449569
1757579850.831724 -0.036813 -0.004768 0.002098 0.087167 -1.056115 -0.023460 -0.011635 -0.450332
1757579850.833763 -0.036813 -0.004768 0.002098 0.087167 -1.056497 -0.023460 -0.011635 -0.451095
1757579850.835766 -0.036813 -0.004768 0.002098 0.087167 -1.056878 -0.023460 -0.012016 -0.451858
1757579850.837763 -0.036813 -0.004768 0.002098 0.087167 -1.057641 -0.023079 -0.012016 -0.452621
1757579850.839720 -0.036813 -0.004768 0.002098 0.087167 -1.058022 -0.023079 -0.012016 -0.453002
1757579850.841767 -0.036813 -0.004768 0.002098 0.087167 -1.058404 -0.023079 -0.012016 -0.453765
1757579850.843793 -0.036813 -0.004768 0.002098 0.087167 -1.058785 -0.023079 -0.012016 -0.454528
1757579850.845783 -0.036813 -0.004768 0.002098 0.087167 -1.059167 -0.023079 -0.012016 -0.455291
1757579850.847750 -0.036813 -0.004768 0.002098 0.087167 -1.059930 -0.023079 -0.012016 -0.456054
1757579850.849720 -0.036813 -0.004768 0.002098 0.087167 -1.060311 -0.023079 -0.012016 -0.456817
1757579850.851753 -0.036813 -0.004768 0.002098 0.087167 -1.060693 -0.023079 -0.012016 -0.457580
1757579850.853698 -0.036813 -0.004768 0.002098 0.087167 -1.061074 -0.023079 -0.012398 -0.458343
1757579850.855700 -0.036813 -0.004768 0.002098 0.087167 -1.061837 -0.023079 -0.012398 -0.459105
1757579850.857725 -0.036813 -0.004768 0.002098 0.087167 -1.062219 -0.023079 -0.012398 -0.459868
1757579850.859718 -0.036813 -0.004768 0.002098 0.087167 -1.062600 -0.023079 -0.012398 -0.460631
1757579850.861707 -0.036813 -0.004768 0.002098 0.087167 -1.063363 -0.023079 -0.012398 -0.461394
1757579850.863719 -0.036813 -0.004768 0.002098 0.087167 -1.063745 -0.023079 -0.012398 -0.462157
1757579850.865710 -0.036813 -0.004768 0.002098 0.087167 -1.064126 -0.023079 -0.012398 -0.462920
1757579850.867756 -0.036813 -0.004768 0.002098 0.087167 -1.064507 -0.023079 -0.012398 -0.463683
1757579850.869758 -0.036813 -0.004768 0.002098 0.087167 -1.065270 -0.022697 -0.012398 -0.464446
1757579850.871771 -0.036813 -0.004768 0.002098 0.087167 -1.065652 -0.022697 -0.012398 -0.465209
1757579850.873750 -0.036813 -0.004768 0.002098 0.087167 -1.066033 -0.022697 -0.012398 -0.465972
1757579850.875769 -0.036813 -0.004768 0.002098 0.087167 -1.066415 -0.022697 -0.012398 -0.466735
1757579850.877773 -0.036813 -0.004768 0.002098 0.087167 -1.067178 -0.022316 -0.012398 -0.467116
1757579850.879758 -0.036813 -0.004768 0.002098 0.087167 -1.067559 -0.022316 -0.012398 -0.467879
1757579850.881737 -0.036813 -0.004768 0.002098 0.087167 -1.067941 -0.022316 -0.012398 -0.468642
1757579850.883728 -0.036813 -0.004768 0.002098 0.087167 -1.068704 -0.021935 -0.012398 -0.469406
1757579850.885772 -0.036813 -0.004768 0.002098 0.087167 -1.069085 -0.021935 -0.012398 -0.470169
1757579850.887764 -0.036813 -0.004768 0.002098 0.087167 -1.069467 -0.021935 -0.012398 -0.470932
1757579850.889757 -0.036813 -0.004768 0.002098 0.087167 -1.070230 -0.021553 -0.012398 -0.471695
1757579850.891761 -0.036813 -0.004387 0.002098 0.087167 -1.070611 -0.021553 -0.012398 -0.472458
1757579850.893754 -0.036813 -0.004387 0.002098 0.087167 -1.070992 -0.021553 -0.012398 -0.473221
1757579850.895758 -0.036813 -0.004387 0.002098 0.087167 -1.071755 -0.021553 -0.012398 -0.473984
1757579850.897758 -0.036813 -0.004387 0.002098 0.087167 -1.072137 -0.021553 -0.012398 -0.474747
1757579850.899762 -0.036813 -0.004387 0.002098 0.087167 -1.072518 -0.021172 -0.012398 -0.475510
1757579850.901748 -0.036813 -0.004387 0.002098 0.087167 -1.073281 -0.021172 -0.012398 -0.476273
1757579850.903757 -0.036813 -0.004387 0.002098 0.087167 -1.073663 -0.021172 -0.012398 -0.477036
1757579850.905793 -0.036813 -0.004387 0.002098 0.087167 -1.074044 -0.021172 -0.012398 -0.477798
1757579850.907780 -0.036813 -0.004387 0.002098 0.087167 -1.074807 -0.021172 -0.012398 -0.478561
1757579850.909757 -0.036813 -0.004387 0.002098 0.087167 -1.075189 -0.021172 -0.012398 -0.479324
1757579850.911778 -0.036813 -0.004387 0.002098 0.087167 -1.075952 -0.020790 -0.012398 -0.480087
1757579850.913754 -0.036813 -0.004387 0.002098 0.087167 -1.076333 -0.020790 -0.012398 -0.480850
1757579850.915760 -0.036813 -0.004387 0.002098 0.087167 -1.076715 -0.020790 -0.012398 -0.481613
1757579850.917757 -0.036813 -0.004387 0.002098 0.087167 -1.077477 -0.020790 -0.012398 -0.482376
1757579850.919752 -0.036813 -0.004387 0.002098 0.087167 -1.077859 -0.020790 -0.012398 -0.483139
1757579850.921755 -0.036813 -0.004387 0.002098 0.087167 -1.078622 -0.020790 -0.012398 -0.483902
1757579850.923759 -0.036813 -0.004387 0.002098 0.087167 -1.079003 -0.020790 -0.012398 -0.485046
1757579850.925756 -0.036813 -0.004387 0.002098 0.087167 -1.079766 -0.020790 -0.012398 -0.485809
1757579850.927756 -0.036813 -0.004387 0.002098 0.087167 -1.080148 -0.020790 -0.012398 -0.486572
1757579850.929758 -0.036813 -0.004387 0.002098 0.087167 -1.080911 -0.020790 -0.012398 -0.487335
1757579850.931761 -0.036813 -0.004387 0.002098 0.087167 -1.081674 -0.020409 -0.012398 -0.488098
1757579850.933755 -0.036813 -0.004387 0.002098 0.087167 -1.082055 -0.020409 -0.012398 -0.488861
1757579850.935753 -0.036813 -0.004387 0.002098 0.087167 -1.082818 -0.020409 -0.012398 -0.489624
1757579850.937759 -0.036813 -0.004387 0.002098 0.087167 -1.083200 -0.020409 -0.012398 -0.490387
1757579850.939759 -0.036813 -0.004387 0.002098 0.087167 -1.083962 -0.020409 -0.012398 -0.491150
1757579850.941793 -0.036813 -0.004387 0.002098 0.087167 -1.084725 -0.020409 -0.012398 -0.491913
1757579850.943754 -0.036813 -0.004387 0.002098 0.087167 -1.085107 -0.020409 -0.012398 -0.492676
1757579850.945750 -0.036813 -0.004387 0.002098 0.087167 -1.085870 -0.020409 -0.012398 -0.493820
1757579850.947759 -0.036813 -0.004387 0.002098 0.087167 -1.086251 -0.020409 -0.012398 -0.494583
1757579850.949755 -0.036813 -0.004387 0.002098 0.087167 -1.087014 -0.020409 -0.012398 -0.495346
1757579850.951752 -0.036813 -0.004387 0.002098 0.087167 -1.087396 -0.020409 -0.012398 -0.496109
1757579850.953751 -0.036813 -0.004387 0.002098 0.087167 -1.088159 -0.020409 -0.012398 -0.496872
1757579850.955753 -0.036813 -0.004387 0.002098 0.087167 -1.088540 -0.020409 -0.012398 -0.498016
1757579850.957749 -0.036813 -0.004387 0.002098 0.087167 -1.089303 -0.020409 -0.012398 -0.498779
1757579850.959757 -0.036813 -0.004387 0.002098 0.087167 -1.089684 -0.020409 -0.012398 -0.499542
1757579850.961752 -0.036813 -0.004387 0.002098 0.087167 -1.090447 -0.020409 -0.012398 -0.500305
1757579850.963762 -0.036813 -0.004387 0.002098 0.087167 -1.091210 -0.020409 -0.012398 -0.501068
1757579850.965753 -0.036813 -0.004387 0.002098 0.087167 -1.091592 -0.020409 -0.012398 -0.502213
1757579850.967776 -0.036813 -0.004387 0.002098 0.087167 -1.092355 -0.020409 -0.012398 -0.502975
1757579850.969773 -0.036813 -0.004387 0.002098 0.087167 -1.092736 -0.020409 -0.012398 -0.503738
1757579850.971760 -0.036813 -0.004387 0.002098 0.087167 -1.093499 -0.020409 -0.012398 -0.504883
1757579850.973801 -0.036813 -0.004387 0.002098 0.087167 -1.093882 -0.020409 -0.012398 -0.505646
1757579850.975788 -0.036813 -0.004387 0.002098 0.087167 -1.094263 -0.020409 -0.012398 -0.506790
1757579850.977756 -0.036813 -0.004387 0.002098 0.087167 -1.095026 -0.020027 -0.012398 -0.507553
1757579850.979759 -0.036813 -0.004387 0.002098 0.087167 -1.095407 -0.020027 -0.012398 -0.508316
1757579850.981755 -0.036813 -0.004387 0.002098 0.087167 -1.096170 -0.020027 -0.012398 -0.509460
1757579850.983759 -0.036813 -0.004387 0.002098 0.087167 -1.096552 -0.020027 -0.012398 -0.510223
1757579850.985745 -0.036813 -0.004387 0.002098 0.087167 -1.097315 -0.020027 -0.012398 -0.511368
1757579850.987763 -0.036813 -0.004387 0.002098 0.087167 -1.097696 -0.020027 -0.012398 -0.512131
1757579850.989752 -0.036813 -0.004387 0.002098 0.087167 -1.098078 -0.020027 -0.012398 -0.513275
1757579850.991776 -0.036813 -0.004387 0.002098 0.087167 -1.098841 -0.020027 -0.012398 -0.514038
1757579850.993752 -0.036813 -0.004387 0.002098 0.087167 -1.099222 -0.019646 -0.012398 -0.515182
1757579850.995786 -0.036813 -0.004387 0.002098 0.087167 -1.099985 -0.019646 -0.012398 -0.515945
1757579850.997757 -0.036813 -0.004387 0.002098 0.087167 -1.100367 -0.019646 -0.012398 -0.517090
1757579850.999768 -0.036813 -0.004387 0.002098 0.087167 -1.100748 -0.019646 -0.012398 -0.517853
1757579851.001758 -0.036813 -0.004387 0.002098 0.087167 -1.101511 -0.019646 -0.012398 -0.518997
1757579851.003816 -0.036813 -0.004387 0.002098 0.087167 -1.101892 -0.019646 -0.012398 -0.519760
1757579851.005822 -0.036813 -0.004387 0.002098 0.087167 -1.102655 -0.019264 -0.012398 -0.520905
1757579851.007775 -0.036813 -0.004387 0.002098 0.087167 -1.103037 -0.019264 -0.012398 -0.522049
1757579851.009754 -0.036813 -0.004387 0.002098 0.087167 -1.103418 -0.019264 -0.012398 -0.522812
1757579851.011771 -0.036813 -0.004387 0.002098 0.087167 -1.104181 -0.019264 -0.012398 -0.523956
1757579851.013754 -0.036813 -0.004387 0.002098 0.087167 -1.104563 -0.019264 -0.012398 -0.525101
1757579851.015774 -0.036813 -0.004387 0.002098 0.087167 -1.104944 -0.019264 -0.012398 -0.525864
1757579851.017765 -0.036813 -0.004387 0.002098 0.087167 -1.105326 -0.018883 -0.012398 -0.527008
1757579851.019782 -0.036813 -0.004387 0.002098 0.087167 -1.105707 -0.018883 -0.012398 -0.527771
1757579851.021757 -0.036813 -0.004387 0.002098 0.087167 -1.106470 -0.018883 -0.012398 -0.528915
1757579851.023776 -0.036813 -0.004387 0.002098 0.087167 -1.106852 -0.018883 -0.012398 -0.529678
1757579851.025764 -0.036813 -0.004387 0.002098 0.087167 -1.107233 -0.018883 -0.012398 -0.530823
1757579851.027753 -0.036813 -0.004387 0.002098 0.087167 -1.107615 -0.018883 -0.012398 -0.531968
1757579851.029755 -0.036813 -0.004387 0.002098 0.087167 -1.107996 -0.018883 -0.012398 -0.532731
1757579851.031763 -0.036813 -0.004387 0.002098 0.087167 -1.108377 -0.018883 -0.012398 -0.533875
1757579851.033823 -0.036813 -0.004387 0.002098 0.087167 -1.108759 -0.018883 -0.012398 -0.534638
1757579851.035748 -0.036813 -0.004387 0.002098 0.087167 -1.109140 -0.018501 -0.012398 -0.535783
1757579851.037758 -0.036813 -0.004387 0.002098 0.087167 -1.109522 -0.018501 -0.012398 -0.536546
1757579851.039752 -0.036813 -0.004387 0.002098 0.087167 -1.109903 -0.018501 -0.012398 -0.537309
1757579851.041760 -0.036813 -0.004387 0.002098 0.087167 -1.110285 -0.018501 -0.012398 -0.538453
1757579851.043749 -0.036813 -0.004387 0.002098 0.087167 -1.110285 -0.018501 -0.012398 -0.539216
1757579851.045759 -0.036813 -0.004387 0.002098 0.087167 -1.110666 -0.018501 -0.012398 -0.539979
1757579851.047755 -0.036813 -0.004387 0.002098 0.087167 -1.111048 -0.018501 -0.012398 -0.541123
1757579851.049761 -0.036813 -0.004387 0.002098 0.087167 -1.111429 -0.018501 -0.012398 -0.541886
1757579851.051755 -0.036813 -0.004387 0.002098 0.087167 -1.111429 -0.018501 -0.012398 -0.542649
1757579851.053753 -0.036813 -0.004387 0.002098 0.087167 -1.111811 -0.018501 -0.012398 -0.543794
1757579851.055756 -0.036813 -0.004387 0.002098 0.087167 -1.112192 -0.018120 -0.012398 -0.544557
1757579851.057763 -0.036813 -0.004387 0.002098 0.087167 -1.112192 -0.018120 -0.012398 -0.545320
1757579851.059749 -0.036813 -0.004387 0.002098 0.087167 -1.112574 -0.018120 -0.012398 -0.546464
1757579851.061766 -0.036813 -0.004387 0.002098 0.087167 -1.112574 -0.018120 -0.012398 -0.547227
1757579851.063755 -0.036813 -0.004387 0.002098 0.087167 -1.112574 -0.018120 -0.012398 -0.547990
1757579851.065760 -0.036813 -0.004387 0.002098 0.087167 -1.112955 -0.018120 -0.012398 -0.548753
1757579851.067761 -0.036813 -0.004387 0.002098 0.087167 -1.112955 -0.018120 -0.012398 -0.549516
1757579851.069756 -0.036813 -0.004387 0.002098 0.087167 -1.112955 -0.017738 -0.012398 -0.550660
1757579851.071753 -0.036813 -0.004387 0.002098 0.087167 -1.112955 -0.017738 -0.012398 -0.551423
1757579851.073755 -0.036813 -0.004387 0.002098 0.087167 -1.113337 -0.017738 -0.012398 -0.552186
1757579851.075749 -0.036813 -0.004387 0.002098 0.087167 -1.113337 -0.017738 -0.012398 -0.552949
1757579851.077757 -0.036813 -0.004387 0.002098 0.087167 -1.113337 -0.017738 -0.012398 -0.553712
1757579851.079753 -0.036813 -0.004387 0.002098 0.087167 -1.113337 -0.017357 -0.012398 -0.554475
1757579851.081755 -0.036813 -0.004387 0.002098 0.087167 -1.113337 -0.017357 -0.012398 -0.555238
1757579851.083754 -0.036813 -0.004387 0.002098 0.087167 -1.113337 -0.017357 -0.012398 -0.556001
1757579851.085759 -0.036813 -0.004387 0.002098 0.087167 -1.113337 -0.017357 -0.012398 -0.556764
1757579851.087752 -0.036813 -0.004387 0.002098 0.087167 -1.113337 -0.017357 -0.012016 -0.557527
1757579851.089756 -0.036813 -0.004387 0.002098 0.087167 -1.113337 -0.016975 -0.012016 -0.558290
1757579851.091803 -0.036813 -0.004387 0.002098 0.087167 -1.113337 -0.016975 -0.012016 -0.559052
1757579851.093756 -0.036813 -0.004387 0.002098 0.087167 -1.113337 -0.016975 -0.012016 -0.559434
1757579851.095755 -0.036813 -0.004387 0.002098 0.087167 -1.112955 -0.016975 -0.012016 -0.560197
1757579851.097757 -0.036813 -0.004387 0.002098 0.087167 -1.112955 -0.016594 -0.012016 -0.560960
1757579851.099746 -0.036813 -0.004387 0.002098 0.087167 -1.112955 -0.016594 -0.012016 -0.561723
1757579851.101755 -0.036813 -0.004387 0.002098 0.087167 -1.112955 -0.016594 -0.012016 -0.562486
1757579851.103752 -0.036813 -0.004387 0.002098 0.087167 -1.112955 -0.016594 -0.012016 -0.563249
1757579851.105757 -0.036813 -0.004387 0.002098 0.087167 -1.112955 -0.016212 -0.012016 -0.563630
1757579851.107758 -0.036813 -0.004387 0.002098 0.087167 -1.112955 -0.016212 -0.012016 -0.564393
1757579851.109756 -0.036813 -0.004387 0.002098 0.087167 -1.112574 -0.016212 -0.012016 -0.565156
1757579851.111754 -0.036813 -0.004387 0.002098 0.087167 -1.112574 -0.016212 -0.012016 -0.565919
1757579851.113761 -0.036813 -0.004387 0.002098 0.087167 -1.112574 -0.015831 -0.012016 -0.566300
1757579851.115753 -0.036813 -0.004387 0.002098 0.087167 -1.112574 -0.015831 -0.011635 -0.567063
1757579851.117750 -0.036813 -0.004387 0.002098 0.087167 -1.112574 -0.015831 -0.011635 -0.567826
1757579851.119751 -0.036813 -0.004387 0.002098 0.087167 -1.112574 -0.015831 -0.011635 -0.568589
1757579851.121753 -0.036813 -0.004387 0.002098 0.087167 -1.112192 -0.015450 -0.011635 -0.568971
1757579851.123766 -0.036813 -0.004387 0.002098 0.087167 -1.112192 -0.015450 -0.011635 -0.569734
1757579851.125760 -0.036813 -0.004387 0.002098 0.087167 -1.112192 -0.015450 -0.011635 -0.570497
1757579851.127753 -0.036813 -0.004387 0.002098 0.087167 -1.112192 -0.015450 -0.011635 -0.571259
1757579851.129764 -0.036813 -0.004387 0.002098 0.087167 -1.112192 -0.015068 -0.011635 -0.572022
1757579851.131822 -0.036813 -0.004387 0.002098 0.087167 -1.112192 -0.015068 -0.011635 -0.572404
1757579851.133806 -0.036813 -0.004387 0.002098 0.087167 -1.112192 -0.015068 -0.011635 -0.573167
1757579851.135778 -0.036813 -0.004387 0.002098 0.087167 -1.111811 -0.015068 -0.011635 -0.573930
1757579851.137763 -0.036813 -0.004387 0.002098 0.087167 -1.111811 -0.014687 -0.011635 -0.574693
1757579851.139798 -0.036813 -0.004387 0.002098 0.087167 -1.111811 -0.014687 -0.011635 -0.575456
1757579851.141760 -0.036813 -0.004768 0.002098 0.087167 -1.111811 -0.014687 -0.011635 -0.575837
1757579851.143789 -0.036813 -0.004768 0.002098 0.087167 -1.111811 -0.014687 -0.011635 -0.576600
1757579851.145758 -0.036813 -0.004768 0.002098 0.087167 -1.111811 -0.014687 -0.011635 -0.577363
1757579851.147784 -0.036813 -0.004768 0.002098 0.087167 -1.111811 -0.014687 -0.011635 -0.578126
1757579851.149759 -0.036813 -0.004768 0.002098 0.087167 -1.111811 -0.014305 -0.011635 -0.578889
1757579851.151779 -0.036813 -0.004768 0.002098 0.087167 -1.111811 -0.014305 -0.011635 -0.579652
1757579851.153751 -0.036813 -0.004768 0.002098 0.087167 -1.111811 -0.014305 -0.011635 -0.580415
1757579851.155722 -0.036813 -0.004768 0.002098 0.087167 -1.111811 -0.014305 -0.011635 -0.581559
1757579851.157741 -0.036813 -0.004768 0.002098 0.087167 -1.111429 -0.014305 -0.011635 -0.582322
1757579851.159727 -0.036813 -0.004768 0.002098 0.087167 -1.111429 -0.014305 -0.011635 -0.583085
1757579851.161722 -0.036813 -0.004768 0.002098 0.087167 -1.111429 -0.013924 -0.011635 -0.583848
1757579851.163712 -0.036813 -0.004768 0.002098 0.087167 -1.111429 -0.013924 -0.011635 -0.584992
1757579851.165725 -0.036813 -0.004768 0.002098 0.087167 -1.111429 -0.013924 -0.011635 -0.585755
1757579851.167712 -0.036813 -0.004768 0.002098 0.087167 -1.111811 -0.013924 -0.011635 -0.586518
1757579851.169723 -0.036813 -0.004768 0.002098 0.087167 -1.111811 -0.013924 -0.011635 -0.587281
1757579851.171716 -0.036813 -0.004768 0.002098 0.087167 -1.111811 -0.013924 -0.011635 -0.588426
1757579851.173722 -0.036813 -0.004768 0.002098 0.087167 -1.111811 -0.013542 -0.011635 -0.589189
1757579851.175713 -0.036813 -0.004768 0.002098 0.087167 -1.111811 -0.013542 -0.011635 -0.590333
1757579851.177721 -0.036813 -0.004768 0.002098 0.087167 -1.111811 -0.013542 -0.011635 -0.591096
1757579851.179713 -0.036813 -0.004768 0.002098 0.087167 -1.111811 -0.013542 -0.011635 -0.591859
1757579851.181722 -0.036813 -0.004768 0.002098 0.087167 -1.111811 -0.013542 -0.011635 -0.593003
1757579851.183708 -0.036813 -0.004768 0.002098 0.087167 -1.111811 -0.013542 -0.011635 -0.593767
1757579851.185764 -0.036813 -0.004768 0.002098 0.087167 -1.111811 -0.013542 -0.011635 -0.594912
1757579851.187753 -0.036813 -0.004768 0.002098 0.087167 -1.111811 -0.013161 -0.011635 -0.595675
1757579851.189759 -0.036813 -0.004768 0.002098 0.087167 -1.111811 -0.013161 -0.011635 -0.596819
1757579851.191731 -0.036813 -0.004768 0.002098 0.087167 -1.112192 -0.013161 -0.011635 -0.597582
1757579851.193719 -0.036813 -0.004768 0.002098 0.087167 -1.112192 -0.013161 -0.011635 -0.598726
1757579851.195716 -0.036813 -0.004768 0.002098 0.087167 -1.112192 -0.013161 -0.011635 -0.599871
1757579851.197727 -0.036813 -0.004768 0.002098 0.087167 -1.112192 -0.013161 -0.011635 -0.600634
1757579851.199716 -0.036813 -0.004768 0.002098 0.087167 -1.112192 -0.013161 -0.011635 -0.601778
1757579851.201720 -0.036813 -0.004768 0.002098 0.087167 -1.112192 -0.013161 -0.011635 -0.602541
1757579851.203713 -0.036813 -0.004768 0.002098 0.087167 -1.112192 -0.013161 -0.011635 -0.603685
1757579851.205725 -0.036813 -0.004768 0.002098 0.087167 -1.112192 -0.012779 -0.011635 -0.604448
1757579851.207709 -0.036813 -0.004768 0.002098 0.087167 -1.112192 -0.012779 -0.011635 -0.605593
1757579851.209716 -0.036813 -0.004768 0.002098 0.087167 -1.112192 -0.012779 -0.011635 -0.606356
1757579851.211714 -0.036813 -0.004768 0.002098 0.087167 -1.112192 -0.012779 -0.011635 -0.607500
1757579851.213724 -0.036813 -0.004768 0.002098 0.087167 -1.112192 -0.012779 -0.011635 -0.608644
1757579851.215819 -0.036813 -0.004768 0.002098 0.087167 -1.112574 -0.012779 -0.011635 -0.609789
1757579851.217728 -0.036813 -0.004768 0.002098 0.087167 -1.112574 -0.012779 -0.012016 -0.610552
1757579851.219731 -0.036813 -0.004768 0.002098 0.087167 -1.112574 -0.012779 -0.012016 -0.611696
1757579851.221717 -0.036813 -0.004768 0.002098 0.087167 -1.112574 -0.012779 -0.012016 -0.612841
1757579851.223719 -0.036813 -0.004768 0.002098 0.087167 -1.112574 -0.012779 -0.012016 -0.613985
1757579851.225749 -0.036813 -0.004768 0.002098 0.087167 -1.112574 -0.012398 -0.012016 -0.615129
1757579851.227719 -0.036813 -0.004768 0.002098 0.087167 -1.112574 -0.012398 -0.012016 -0.616274
1757579851.229717 -0.036813 -0.004768 0.002098 0.087167 -1.112955 -0.012398 -0.012016 -0.617418
1757579851.231707 -0.036813 -0.004768 0.002098 0.087167 -1.112955 -0.012398 -0.012016 -0.618181
1757579851.233808 -0.036813 -0.004768 0.002098 0.087167 -1.112955 -0.012398 -0.012016 -0.619326
1757579851.235759 -0.036813 -0.004768 0.002098 0.087167 -1.112955 -0.012398 -0.012016 -0.620470
1757579851.237720 -0.036813 -0.004768 0.002098 0.087167 -1.112955 -0.012398 -0.012016 -0.621614
1757579851.239712 -0.036813 -0.004768 0.002098 0.087167 -1.112955 -0.012398 -0.012016 -0.622759
1757579851.241751 -0.036813 -0.004768 0.002098 0.087167 -1.112955 -0.012398 -0.012016 -0.623903
1757579851.243721 -0.036813 -0.004768 0.002098 0.087167 -1.113337 -0.012398 -0.012016 -0.625048
1757579851.245725 -0.036813 -0.004768 0.002098 0.087167 -1.113337 -0.012398 -0.012016 -0.626192
1757579851.247742 -0.036813 -0.004768 0.002098 0.087167 -1.113337 -0.012016 -0.012016 -0.627337
1757579851.249731 -0.036813 -0.004768 0.002098 0.087167 -1.113337 -0.012016 -0.012016 -0.628481
1757579851.251714 -0.036813 -0.004768 0.002098 0.087167 -1.113337 -0.012016 -0.012016 -0.629625
1757579851.253731 -0.036813 -0.004768 0.002098 0.087167 -1.113718 -0.012016 -0.012016 -0.630770
1757579851.255729 -0.036813 -0.004768 0.002098 0.087167 -1.113718 -0.012016 -0.012016 -0.631914
1757579851.257724 -0.036813 -0.004768 0.002098 0.087167 -1.113718 -0.012016 -0.012016 -0.633059
1757579851.259718 -0.036813 -0.004768 0.002098 0.087167 -1.113718 -0.012016 -0.012016 -0.634203
1757579851.261706 -0.036813 -0.004768 0.002098 0.087167 -1.113718 -0.011635 -0.012016 -0.635347
1757579851.263712 -0.036813 -0.004768 0.002098 0.087167 -1.114100 -0.011635 -0.012016 -0.636492
1757579851.265705 -0.036813 -0.004768 0.002098 0.087167 -1.114100 -0.011635 -0.012016 -0.637636
1757579851.267718 -0.036813 -0.004768 0.002098 0.087167 -1.114100 -0.011635 -0.012016 -0.638781
1757579851.269708 -0.036813 -0.004768 0.002098 0.087167 -1.114100 -0.011635 -0.012016 -0.639925
1757579851.271713 -0.036813 -0.004768 0.002098 0.087167 -1.114100 -0.011253 -0.012016 -0.641069
1757579851.273712 -0.036813 -0.004768 0.002098 0.087167 -1.114100 -0.011253 -0.012016 -0.642214
1757579851.275716 -0.036813 -0.004768 0.002098 0.087167 -1.114481 -0.011253 -0.012016 -0.643358
1757579851.277824 -0.036813 -0.004768 0.002098 0.087167 -1.114481 -0.011253 -0.012016 -0.644503
1757579851.279747 -0.036813 -0.004768 0.002098 0.087167 -1.114481 -0.011253 -0.012016 -0.645647
1757579851.281725 -0.036813 -0.004768 0.002098 0.087167 -1.114481 -0.011253 -0.012016 -0.646791
1757579851.283699 -0.036813 -0.004768 0.002098 0.087167 -1.114481 -0.010872 -0.012016 -0.647936
1757579851.285710 -0.036813 -0.004768 0.002098 0.087167 -1.114481 -0.010872 -0.012016 -0.649080
1757579851.287693 -0.036813 -0.004768 0.002098 0.087167 -1.114862 -0.010872 -0.012016 -0.650606
1757579851.289690 -0.036813 -0.004768 0.002098 0.087167 -1.114862 -0.010872 -0.012016 -0.651751
1757579851.291703 -0.036813 -0.004768 0.002098 0.087167 -1.114862 -0.010872 -0.012016 -0.652895
1757579851.293697 -0.036813 -0.004768 0.002098 0.087167 -1.114862 -0.010490 -0.012016 -0.654039
1757579851.295707 -0.036813 -0.004768 0.002098 0.087167 -1.114862 -0.010490 -0.012016 -0.655184
1757579851.297749 -0.036813 -0.004768 0.002098 0.087167 -1.114862 -0.010490 -0.012016 -0.656329
1757579851.299754 -0.036813 -0.004768 0.002098 0.087167 -1.115244 -0.010490 -0.012016 -0.657474
1757579851.301714 -0.036813 -0.004768 0.002098 0.087167 -1.115244 -0.010109 -0.012016 -0.658618
1757579851.303697 -0.036813 -0.004768 0.002098 0.087167 -1.115244 -0.010109 -0.012016 -0.659762
1757579851.305691 -0.036813 -0.004768 0.002098 0.087167 -1.115244 -0.010109 -0.012016 -0.660907
1757579851.307714 -0.036813 -0.004768 0.002098 0.087167 -1.115244 -0.010109 -0.012016 -0.662433
1757579851.309719 -0.036813 -0.004768 0.002098 0.087167 -1.115244 -0.010109 -0.012016 -0.663577
1757579851.311686 -0.036813 -0.004768 0.002098 0.087167 -1.115244 -0.009727 -0.012016 -0.664721
1757579851.313683 -0.036813 -0.004768 0.002098 0.087167 -1.115244 -0.009727 -0.012016 -0.665866
1757579851.315691 -0.036813 -0.004768 0.002098 0.087167 -1.115244 -0.009727 -0.012016 -0.667010
1757579851.317692 -0.036813 -0.004768 0.002098 0.087167 -1.115625 -0.009727 -0.012016 -0.668155
1757579851.319692 -0.036813 -0.004768 0.002098 0.087167 -1.115625 -0.009346 -0.012016 -0.669681
1757579851.321692 -0.036813 -0.004768 0.002098 0.087167 -1.115625 -0.009346 -0.012016 -0.670825
1757579851.323704 -0.036813 -0.004768 0.002098 0.087167 -1.115625 -0.009346 -0.012016 -0.671969
1757579851.325717 -0.036813 -0.004768 0.002098 0.087167 -1.115625 -0.009346 -0.012016 -0.673495
1757579851.327720 -0.036813 -0.004768 0.002098 0.087167 -1.115625 -0.008965 -0.012016 -0.674640
1757579851.329718 -0.036813 -0.004768 0.002098 0.087167 -1.115625 -0.008965 -0.012016 -0.675784
1757579851.331716 -0.036813 -0.004768 0.002098 0.087167 -1.115625 -0.008965 -0.012016 -0.677310
1757579851.333718 -0.036813 -0.004768 0.002098 0.087167 -1.116007 -0.008965 -0.012016 -0.678454
1757579851.335721 -0.036813 -0.004768 0.002098 0.087167 -1.116007 -0.008583 -0.012016 -0.679599
1757579851.337756 -0.036813 -0.004768 0.002098 0.087167 -1.116007 -0.008583 -0.011635 -0.681125
1757579851.339779 -0.036813 -0.004768 0.002098 0.087167 -1.116007 -0.008583 -0.011635 -0.682269
1757579851.341730 -0.036813 -0.004768 0.002098 0.087167 -1.116007 -0.008202 -0.011635 -0.683414
1757579851.343717 -0.036813 -0.004768 0.002098 0.087167 -1.116007 -0.008202 -0.011635 -0.684939
1757579851.345818 -0.036813 -0.004768 0.002098 0.087167 -1.116007 -0.007820 -0.011635 -0.686084
1757579851.347757 -0.036813 -0.004768 0.002098 0.087167 -1.116007 -0.007820 -0.011635 -0.687228
1757579851.349751 -0.036813 -0.004768 0.002098 0.087167 -1.116007 -0.007820 -0.011635 -0.688754
1757579851.351758 -0.036813 -0.004768 0.002098 0.087167 -1.116388 -0.007439 -0.011635 -0.689898
1757579851.353752 -0.036813 -0.004768 0.002098 0.087167 -1.116388 -0.007439 -0.011635 -0.691043
1757579851.355754 -0.036813 -0.004768 0.002098 0.087167 -1.116388 -0.007057 -0.011635 -0.692569
1757579851.357773 -0.036813 -0.004768 0.002098 0.087167 -1.116388 -0.007057 -0.011635 -0.693713
1757579851.359735 -0.036813 -0.004768 0.002098 0.087167 -1.116388 -0.007057 -0.011635 -0.694858
1757579851.361717 -0.036813 -0.004768 0.002098 0.087167 -1.116388 -0.006676 -0.011635 -0.696383
1757579851.363724 -0.036813 -0.004768 0.002098 0.087167 -1.116388 -0.006676 -0.011635 -0.697528
1757579851.365714 -0.036813 -0.004768 0.002098 0.087167 -1.116388 -0.006294 -0.011635 -0.698672
1757579851.367728 -0.036813 -0.004768 0.002098 0.087167 -1.116388 -0.006294 -0.011635 -0.700198
1757579851.369725 -0.036813 -0.004768 0.002098 0.087167 -1.116770 -0.006294 -0.011635 -0.701343
1757579851.371756 -0.036813 -0.004768 0.002098 0.087167 -1.116770 -0.005913 -0.011635 -0.702487
1757579851.373715 -0.036813 -0.004768 0.002098 0.087167 -1.116770 -0.005913 -0.011635 -0.704013
1757579851.375727 -0.036813 -0.004768 0.002098 0.087167 -1.116770 -0.005531 -0.011635 -0.705157
1757579851.377715 -0.036813 -0.004768 0.002098 0.087167 -1.116770 -0.005531 -0.011635 -0.706302
1757579851.379721 -0.036813 -0.004768 0.002098 0.087167 -1.116770 -0.005150 -0.011635 -0.707828
1757579851.381701 -0.036813 -0.004768 0.002098 0.087167 -1.116770 -0.005150 -0.011635 -0.708972
1757579851.383724 -0.036813 -0.004768 0.002098 0.087167 -1.116770 -0.005150 -0.011635 -0.710498
1757579851.385710 -0.036813 -0.004768 0.002098 0.087167 -1.116770 -0.004768 -0.011635 -0.711642
1757579851.387742 -0.036813 -0.004768 0.002098 0.087167 -1.117151 -0.004768 -0.011635 -0.712787
1757579851.389718 -0.036813 -0.004768 0.002098 0.087167 -1.117151 -0.004387 -0.011635 -0.714313
1757579851.391748 -0.036813 -0.004768 0.002098 0.087167 -1.117151 -0.004387 -0.011635 -0.715457
1757579851.393713 -0.036813 -0.004768 0.002098 0.087167 -1.117151 -0.004005 -0.011635 -0.716983
1757579851.395718 -0.036813 -0.004768 0.002098 0.087167 -1.117151 -0.004005 -0.011635 -0.718509
1757579851.397711 -0.036813 -0.004768 0.002098 0.087167 -1.117151 -0.003624 -0.011635 -0.719654
1757579851.399754 -0.036813 -0.004768 0.002098 0.087167 -1.117151 -0.003624 -0.011635 -0.721180
1757579851.401827 -0.036813 -0.004768 0.002098 0.087167 -1.117151 -0.003242 -0.011635 -0.722324
1757579851.403731 -0.036813 -0.004768 0.002098 0.087167 -1.117533 -0.003242 -0.011253 -0.723850
1757579851.405719 -0.036813 -0.004768 0.002098 0.087167 -1.117533 -0.002861 -0.011253 -0.724995
1757579851.407775 -0.036813 -0.004768 0.002098 0.087167 -1.117533 -0.002480 -0.011253 -0.726521
1757579851.409758 -0.036813 -0.004768 0.002098 0.087167 -1.117533 -0.002480 -0.011253 -0.727665
1757579851.411752 -0.036813 -0.004768 0.002098 0.087167 -1.117533 -0.002098 -0.011253 -0.729191
1757579851.413763 -0.036813 -0.004768 0.002098 0.087167 -1.117533 -0.002098 -0.011253 -0.730717
1757579851.415773 -0.036813 -0.004768 0.002098 0.087167 -1.117914 -0.001717 -0.011253 -0.731861
1757579851.417761 -0.036813 -0.004768 0.002098 0.087167 -1.117914 -0.001717 -0.011253 -0.733387
1757579851.419772 -0.036813 -0.004768 0.002098 0.087167 -1.117914 -0.001335 -0.011253 -0.734913
1757579851.421762 -0.036813 -0.004768 0.002098 0.087167 -1.117914 -0.000954 -0.010872 -0.736439
1757579851.423796 -0.036813 -0.004768 0.002098 0.087167 -1.117914 -0.000954 -0.010872 -0.737583
1757579851.425761 -0.036813 -0.004768 0.002098 0.087167 -1.117914 -0.000572 -0.010872 -0.739109
1757579851.427770 -0.036813 -0.004768 0.002098 0.087167 -1.117914 -0.000572 -0.010872 -0.740635
1757579851.429757 -0.036813 -0.004768 0.002098 0.087167 -1.118296 -0.000191 -0.010872 -0.742161
1757579851.431756 -0.036813 -0.004768 0.002098 0.087167 -1.118296 -0.000191 -0.010872 -0.743687
1757579851.433763 -0.036813 -0.004768 0.002098 0.087167 -1.118296 0.000191 -0.010872 -0.745213
1757579851.435769 -0.036813 -0.004768 0.002098 0.087167 -1.118296 0.000191 -0.010490 -0.746738
1757579851.437713 -0.036813 -0.004768 0.002098 0.087167 -1.118677 0.000572 -0.010490 -0.748264
1757579851.439709 -0.036813 -0.004768 0.002098 0.087167 -1.118677 0.000572 -0.010490 -0.749790
1757579851.441710 -0.036813 -0.004768 0.002098 0.087167 -1.118677 0.000954 -0.010490 -0.751316
1757579851.443725 -0.036813 -0.004768 0.002098 0.087167 -1.118677 0.001335 -0.010490 -0.752842
1757579851.445710 -0.036813 -0.004768 0.002098 0.087167 -1.119059 0.001335 -0.010490 -0.754368
1757579851.447709 -0.036813 -0.004768 0.002098 0.087167 -1.119059 0.001717 -0.010490 -0.755894
1757579851.449708 -0.036813 -0.004768 0.002098 0.087167 -1.119059 0.001717 -0.010490 -0.757420
1757579851.451745 -0.036813 -0.004768 0.002098 0.087167 -1.119440 0.002098 -0.010109 -0.758945
1757579851.453709 -0.036813 -0.004768 0.002098 0.087167 -1.119440 0.002098 -0.010109 -0.760471
1757579851.455707 -0.036813 -0.004768 0.002098 0.087167 -1.119440 0.002480 -0.010109 -0.761997
1757579851.457707 -0.036813 -0.004768 0.002098 0.087167 -1.119822 0.002861 -0.010109 -0.763523
1757579851.459745 -0.036813 -0.004768 0.002098 0.087167 -1.119822 0.002861 -0.010109 -0.764668
1757579851.461711 -0.036813 -0.004768 0.002098 0.087167 -1.119822 0.003242 -0.010109 -0.766193
1757579851.463742 -0.036813 -0.004768 0.002098 0.087167 -1.119822 0.003242 -0.010109 -0.767719
1757579851.465723 -0.036813 -0.004768 0.002098 0.087167 -1.120203 0.003624 -0.010109 -0.769245
1757579851.467812 -0.036813 -0.004768 0.002098 0.087167 -1.120203 0.004005 -0.010109 -0.770771
1757579851.469728 -0.036813 -0.004768 0.002098 0.087167 -1.120584 0.004005 -0.009727 -0.772297
1757579851.471735 -0.036813 -0.004768 0.002098 0.087167 -1.120584 0.004387 -0.009727 -0.773823
1757579851.473724 -0.036813 -0.004768 0.002098 0.087167 -1.120584 0.004387 -0.009727 -0.774967
1757579851.475860 -0.036813 -0.004768 0.002098 0.087167 -1.120966 0.004768 -0.009727 -0.776493
1757579851.477716 -0.036813 -0.004768 0.002098 0.087167 -1.120966 0.004768 -0.009727 -0.778019
1757579851.479727 -0.036813 -0.004768 0.002098 0.087167 -1.120966 0.005150 -0.009727 -0.779545
1757579851.481709 -0.036813 -0.004768 0.002098 0.087167 -1.121347 0.005150 -0.009727 -0.780689
1757579851.483756 -0.036813 -0.004768 0.002098 0.087167 -1.121347 0.005531 -0.009727 -0.782216
1757579851.485724 -0.036813 -0.004768 0.002098 0.087167 -1.121729 0.005531 -0.009727 -0.783742
1757579851.487700 -0.036813 -0.004768 0.002098 0.087167 -1.121729 0.005913 -0.009727 -0.785268
1757579851.489710 -0.036813 -0.004768 0.002098 0.087167 -1.121729 0.005913 -0.009727 -0.786794
1757579851.491700 -0.036813 -0.004768 0.002098 0.087167 -1.122110 0.006294 -0.009346 -0.788320
1757579851.493712 -0.036813 -0.004768 0.002098 0.087167 -1.122110 0.006294 -0.009346 -0.789464
1757579851.495731 -0.036813 -0.004768 0.002098 0.087167 -1.122110 0.006676 -0.009346 -0.790990
1757579851.497733 -0.036813 -0.004768 0.002098 0.087167 -1.122492 0.006676 -0.009346 -0.792516
1757579851.499755 -0.036813 -0.004768 0.002098 0.087167 -1.122492 0.007057 -0.009346 -0.794042
1757579851.501715 -0.036813 -0.004768 0.002098 0.087167 -1.122873 0.007057 -0.009346 -0.795568
1757579851.503706 -0.036813 -0.004768 0.002098 0.087167 -1.122873 0.007057 -0.009346 -0.797093
1757579851.505711 -0.036813 -0.004768 0.002098 0.087167 -1.122873 0.007439 -0.009346 -0.798238
1757579851.507708 -0.036813 -0.004768 0.002098 0.087167 -1.123255 0.007439 -0.008965 -0.799764
1757579851.509713 -0.036813 -0.004768 0.002098 0.087167 -1.123255 0.007439 -0.008965 -0.801290
1757579851.511707 -0.036813 -0.004768 0.002098 0.087167 -1.123636 0.007820 -0.008965 -0.802815
1757579851.513709 -0.036813 -0.004768 0.002098 0.087167 -1.123636 0.007820 -0.008965 -0.804341
1757579851.515707 -0.036813 -0.004768 0.002098 0.087167 -1.124018 0.007820 -0.008965 -0.805867
1757579851.517713 -0.036813 -0.004768 0.002098 0.087167 -1.124018 0.008202 -0.008965 -0.807393
1757579851.519706 -0.036813 -0.004768 0.002098 0.087167 -1.124018 0.008202 -0.008965 -0.808919
1757579851.521714 -0.036813 -0.004768 0.002098 0.087167 -1.124399 0.008202 -0.008965 -0.810445
1757579851.523694 -0.036813 -0.004768 0.002098 0.087167 -1.124399 0.008583 -0.008965 -0.811589
1757579851.525704 -0.036813 -0.004768 0.002098 0.087167 -1.124781 0.008583 -0.008583 -0.813115
1757579851.527729 -0.036813 -0.004768 0.002098 0.087167 -1.124781 0.008583 -0.008583 -0.814641
1757579851.529716 -0.036813 -0.004768 0.002098 0.087167 -1.125162 0.008583 -0.008583 -0.816167
1757579851.531720 -0.036813 -0.004768 0.002098 0.087167 -1.125162 0.008583 -0.008583 -0.817693
1757579851.533726 -0.036813 -0.004768 0.002098 0.087167 -1.125544 0.008965 -0.008583 -0.819219
1757579851.535707 -0.036813 -0.004768 0.002098 0.087167 -1.125544 0.008965 -0.008583 -0.820745
1757579851.537710 -0.036813 -0.004768 0.002098 0.087167 -1.125544 0.008965 -0.008583 -0.822270
1757579851.539710 -0.036813 -0.004768 0.002098 0.087167 -1.125925 0.008965 -0.008583 -0.823796
1757579851.541708 -0.036813 -0.004768 0.002098 0.087167 -1.125925 0.008965 -0.008583 -0.825322
1757579851.543707 -0.036813 -0.004768 0.002098 0.087167 -1.126307 0.009346 -0.008583 -0.826848
1757579851.545711 -0.036813 -0.004768 0.002098 0.087167 -1.126307 0.009346 -0.008583 -0.827992
1757579851.547706 -0.036813 -0.004768 0.002098 0.087167 -1.126688 0.009346 -0.008583 -0.829518
1757579851.549710 -0.036813 -0.004768 0.002098 0.087167 -1.126688 0.009346 -0.008583 -0.831044
1757579851.551706 -0.036813 -0.004768 0.002098 0.087167 -1.127069 0.009346 -0.008202 -0.832570
1757579851.553714 -0.036813 -0.004768 0.002098 0.087167 -1.127069 0.009727 -0.008202 -0.834096
1757579851.555705 -0.036813 -0.004768 0.002098 0.087167 -1.127069 0.009727 -0.008202 -0.835622
1757579851.557749 -0.036813 -0.004768 0.002098 0.087167 -1.127451 0.009727 -0.008202 -0.837148
1757579851.559713 -0.036813 -0.004768 0.002098 0.087167 -1.127451 0.009727 -0.008202 -0.838292
1757579851.561716 -0.036813 -0.004768 0.002098 0.087167 -1.127832 0.009727 -0.008202 -0.839818
1757579851.563706 -0.036813 -0.004768 0.002098 0.087167 -1.127832 0.010109 -0.008202 -0.841344
1757579851.565709 -0.036813 -0.004768 0.002098 0.087167 -1.128214 0.010109 -0.008202 -0.842870
1757579851.567705 -0.036813 -0.004768 0.002098 0.087167 -1.128214 0.010109 -0.008202 -0.844397
1757579851.569719 -0.036813 -0.004768 0.002098 0.087167 -1.128595 0.010109 -0.008202 -0.845541
1757579851.571709 -0.036813 -0.004768 0.002098 0.087167 -1.128595 0.010109 -0.008202 -0.847067
1757579851.573709 -0.036813 -0.004768 0.002098 0.087167 -1.128977 0.010109 -0.008202 -0.848593
1757579851.575706 -0.036813 -0.004768 0.002098 0.087167 -1.128977 0.010490 -0.008202 -0.850119
1757579851.577716 -0.036813 -0.004768 0.002098 0.087167 -1.128977 0.010490 -0.007820 -0.851263
1757579851.579706 -0.036813 -0.004768 0.002098 0.087167 -1.129358 0.010490 -0.007820 -0.852789
1757579851.581725 -0.036813 -0.004768 0.002098 0.087167 -1.129358 0.010490 -0.007820 -0.854315
1757579851.583709 -0.036813 -0.004768 0.002098 0.087167 -1.129740 0.010490 -0.007820 -0.855459
1757579851.585716 -0.036813 -0.004768 0.002098 0.087167 -1.129740 0.010490 -0.007820 -0.856985
1757579851.587695 -0.036813 -0.004768 0.002098 0.087167 -1.130121 0.010490 -0.007820 -0.858511
1757579851.589734 -0.036813 -0.004768 0.002098 0.087167 -1.130121 0.010872 -0.007820 -0.860037
1757579851.591710 -0.036813 -0.004768 0.002098 0.087167 -1.130121 0.010872 -0.007820 -0.861181
1757579851.593758 -0.036813 -0.004768 0.002098 0.087167 -1.130503 0.010872 -0.007820 -0.862707
1757579851.595742 -0.036813 -0.004768 0.002098 0.087167 -1.130503 0.010872 -0.007820 -0.864233
1757579851.597710 -0.036813 -0.004768 0.002098 0.087167 -1.130884 0.010872 -0.007820 -0.865759
1757579851.599725 -0.036813 -0.004768 0.002098 0.087167 -1.130884 0.010872 -0.007820 -0.867285
1757579851.601717 -0.036813 -0.004768 0.002098 0.087167 -1.131266 0.010872 -0.007439 -0.868429
1757579851.603741 -0.036813 -0.004768 0.002098 0.087167 -1.131266 0.011253 -0.007439 -0.869955
1757579851.605726 -0.036813 -0.004768 0.002098 0.087167 -1.131266 0.011253 -0.007439 -0.871481
1757579851.607713 -0.036813 -0.004768 0.002098 0.087167 -1.131647 0.011253 -0.007439 -0.873007
1757579851.609733 -0.036813 -0.004768 0.002098 0.087167 -1.131647 0.011253 -0.007439 -0.874151
1757579851.611712 -0.036813 -0.004768 0.002098 0.087167 -1.132029 0.011253 -0.007439 -0.875677
1757579851.613731 -0.036813 -0.004768 0.002098 0.087167 -1.132029 0.011253 -0.007439 -0.877203
1757579851.615707 -0.036813 -0.004768 0.002098 0.087167 -1.132029 0.011253 -0.007439 -0.878729
1757579851.617732 -0.036813 -0.004768 0.002098 0.087167 -1.132410 0.011635 -0.007439 -0.879873
1757579851.619730 -0.036813 -0.004768 0.002098 0.087167 -1.132410 0.011635 -0.007439 -0.881399
1757579851.621721 -0.036813 -0.004768 0.002098 0.087167 -1.132410 0.011635 -0.007439 -0.882925
1757579851.623719 -0.036813 -0.004768 0.002098 0.087167 -1.132792 0.011635 -0.007439 -0.884451
1757579851.625716 -0.036813 -0.004768 0.002098 0.087167 -1.132792 0.011635 -0.007439 -0.885595
1757579851.627715 -0.036813 -0.004768 0.002098 0.087167 -1.132792 0.011635 -0.007439 -0.887121
1757579851.629718 -0.036813 -0.004768 0.002098 0.087167 -1.133173 0.011635 -0.007439 -0.888647
1757579851.631714 -0.036813 -0.004768 0.002098 0.087167 -1.133173 0.012016 -0.007439 -0.890173
1757579851.633729 -0.036813 -0.004768 0.002098 0.087167 -1.133173 0.012016 -0.007439 -0.891699
1757579851.635706 -0.036813 -0.004768 0.002098 0.087167 -1.133554 0.012016 -0.007439 -0.892843
1757579851.637733 -0.036813 -0.004768 0.002098 0.087167 -1.133554 0.012016 -0.007439 -0.894369
1757579851.639707 -0.036813 -0.004768 0.002098 0.087167 -1.133554 0.012016 -0.007439 -0.895895
1757579851.641720 -0.036813 -0.004768 0.002098 0.087167 -1.133936 0.012016 -0.007439 -0.897039
1757579851.643715 -0.036813 -0.004768 0.002098 0.087167 -1.133936 0.012016 -0.007439 -0.898565
1757579851.645720 -0.036813 -0.004768 0.002098 0.087167 -1.133936 0.012016 -0.007439 -0.900091
1757579851.647713 -0.036813 -0.004768 0.002098 0.087167 -1.133936 0.012398 -0.007439 -0.901617
1757579851.649710 -0.036813 -0.004768 0.002098 0.087167 -1.134317 0.012398 -0.007439 -0.902761
1757579851.651721 -0.036813 -0.004768 0.002098 0.087167 -1.134317 0.012398 -0.007439 -0.904287
1757579851.653722 -0.036813 -0.004768 0.002098 0.087167 -1.134317 0.012398 -0.007439 -0.905432
1757579851.655716 -0.036813 -0.004768 0.002098 0.087167 -1.134699 0.012398 -0.007439 -0.906959
1757579851.657730 -0.036813 -0.004768 0.002098 0.087167 -1.134699 0.012398 -0.007439 -0.908484
1757579851.659709 -0.036813 -0.004768 0.002098 0.087167 -1.134699 0.012398 -0.007439 -0.909629
1757579851.661713 -0.036813 -0.004768 0.002098 0.087167 -1.134699 0.012398 -0.007439 -0.911155
1757579851.663706 -0.036813 -0.004768 0.002098 0.087167 -1.134699 0.012398 -0.007439 -0.912299
1757579851.665706 -0.036813 -0.004768 0.002098 0.087167 -1.135080 0.012398 -0.007439 -0.913825
1757579851.667706 -0.036813 -0.004768 0.002098 0.087167 -1.135080 0.012398 -0.007439 -0.915351
1757579851.669724 -0.036813 -0.004768 0.002098 0.087167 -1.135080 0.012779 -0.007439 -0.916495
1757579851.671710 -0.036813 -0.004768 0.002098 0.087167 -1.135080 0.012779 -0.007439 -0.918021
1757579851.673712 -0.036813 -0.004768 0.002098 0.087167 -1.135462 0.012779 -0.007439 -0.919166
1757579851.675705 -0.036813 -0.004768 0.002098 0.087167 -1.135462 0.012779 -0.007439 -0.920691
1757579851.677776 -0.036813 -0.004768 0.002098 0.087167 -1.135462 0.012779 -0.007439 -0.921836
1757579851.679701 -0.036813 -0.004768 0.002098 0.087167 -1.135462 0.012779 -0.007439 -0.923362
1757579851.681765 -0.036813 -0.004768 0.002098 0.087167 -1.135462 0.012779 -0.007439 -0.924506
1757579851.683705 -0.036813 -0.004768 0.002098 0.087167 -1.135843 0.012779 -0.007439 -0.926032
1757579851.685776 -0.036813 -0.004768 0.002098 0.087167 -1.135843 0.012779 -0.007439 -0.927176
1757579851.687716 -0.036813 -0.004768 0.002098 0.087167 -1.135843 0.012779 -0.007439 -0.928702
1757579851.689706 -0.036813 -0.004768 0.002098 0.087167 -1.135843 0.012779 -0.007439 -0.930228
1757579851.691710 -0.036813 -0.004768 0.002098 0.087167 -1.135843 0.012779 -0.007439 -0.931373
1757579851.693757 -0.036813 -0.004768 0.002098 0.087167 -1.136225 0.012779 -0.007439 -0.932899
1757579851.695703 -0.036813 -0.004768 0.002098 0.087167 -1.136225 0.012779 -0.007439 -0.934043
1757579851.697709 -0.036813 -0.004768 0.002098 0.087167 -1.136225 0.012779 -0.007439 -0.935569
1757579851.699708 -0.036813 -0.004768 0.002098 0.087167 -1.136225 0.012779 -0.007439 -0.937095
1757579851.701735 -0.036813 -0.004768 0.002098 0.087167 -1.136606 0.012779 -0.007439 -0.938239
1757579851.703704 -0.036813 -0.004768 0.002098 0.087167 -1.136606 0.012779 -0.007439 -0.939765
1757579851.705736 -0.036813 -0.004768 0.002098 0.087167 -1.136606 0.012779 -0.007439 -0.941291
1757579851.707694 -0.036813 -0.004768 0.002098 0.087167 -1.136606 0.012779 -0.007439 -0.942435
1757579851.709721 -0.036813 -0.004768 0.002098 0.087167 -1.136606 0.012779 -0.007439 -0.943961
1757579851.711693 -0.036813 -0.004768 0.002098 0.087167 -1.136988 0.013161 -0.007439 -0.945487
1757579851.713735 -0.036813 -0.004768 0.002098 0.087167 -1.136988 0.013161 -0.007439 -0.947013
1757579851.715709 -0.036813 -0.004768 0.002098 0.087167 -1.136988 0.013161 -0.007439 -0.948539
1757579851.717710 -0.036813 -0.004768 0.002098 0.087167 -1.137369 0.013161 -0.007439 -0.949683
1757579851.719729 -0.036813 -0.004768 0.002098 0.087167 -1.137369 0.013161 -0.007439 -0.951209
1757579851.721691 -0.036813 -0.004768 0.002098 0.087167 -1.137369 0.013161 -0.007439 -0.952735
1757579851.723706 -0.036813 -0.004768 0.002098 0.087167 -1.137369 0.013161 -0.007439 -0.954261
1757579851.725713 -0.036813 -0.004768 0.002098 0.087167 -1.137751 0.013161 -0.007439 -0.955405
1757579851.727707 -0.036813 -0.004768 0.002098 0.087167 -1.137751 0.013161 -0.007439 -0.956931
1757579851.729711 -0.036813 -0.004768 0.002098 0.087167 -1.137751 0.013161 -0.007439 -0.958457
1757579851.731708 -0.036813 -0.004768 0.002098 0.087167 -1.138132 0.013161 -0.007439 -0.959983
1757579851.733711 -0.036813 -0.004768 0.002098 0.087167 -1.138132 0.013161 -0.007439 -0.961509
1757579851.735698 -0.036813 -0.004768 0.002098 0.087167 -1.138132 0.013161 -0.007439 -0.962653
1757579851.737709 -0.036813 -0.004768 0.002098 0.087167 -1.138514 0.013161 -0.007439 -0.964179
1757579851.739705 -0.036813 -0.004768 0.002098 0.087167 -1.138514 0.013161 -0.007439 -0.965705
1757579851.741706 -0.036813 -0.004768 0.002098 0.087167 -1.138514 0.013161 -0.007439 -0.967231
1757579851.743788 -0.036813 -0.004768 0.002098 0.087167 -1.138895 0.013542 -0.007439 -0.968758
1757579851.745717 -0.036813 -0.004768 0.002098 0.087167 -1.138895 0.013542 -0.007439 -0.970284
1757579851.747749 -0.036813 -0.004768 0.002098 0.087167 -1.139277 0.013542 -0.007439 -0.971809
1757579851.749743 -0.036813 -0.004768 0.002098 0.087167 -1.139277 0.013542 -0.007439 -0.973335
1757579851.751705 -0.036813 -0.004768 0.002098 0.087167 -1.139277 0.013542 -0.007439 -0.974861
1757579851.753710 -0.036813 -0.004768 0.002098 0.087167 -1.139658 0.013542 -0.007439 -0.976387
1757579851.755705 -0.036813 -0.004768 0.002098 0.087167 -1.139658 0.013542 -0.007439 -0.977913
1757579851.757710 -0.036813 -0.004768 0.002098 0.087167 -1.140039 0.013542 -0.007439 -0.979439
1757579851.759701 -0.036431 -0.004768 0.002098 0.087167 -1.140039 0.013542 -0.007439 -0.980965
1757579851.761712 -0.036431 -0.004768 0.002098 0.087167 -1.140421 0.013542 -0.007439 -0.982491
1757579851.763704 -0.036431 -0.004768 0.002098 0.087167 -1.140421 0.013542 -0.007439 -0.984016
1757579851.765707 -0.036431 -0.004768 0.002098 0.087167 -1.140802 0.013542 -0.007439 -0.985542
1757579851.767704 -0.036431 -0.004768 0.002098 0.087167 -1.141184 0.013542 -0.007439 -0.987068
1757579851.769707 -0.036431 -0.004768 0.002098 0.087167 -1.141184 0.013924 -0.007439 -0.988594
1757579851.771702 -0.036431 -0.004768 0.002098 0.087167 -1.141565 0.013924 -0.007439 -0.990120
1757579851.773761 -0.036431 -0.004768 0.002098 0.087167 -1.141565 0.013924 -0.007439 -0.991264
1757579851.775718 -0.036431 -0.004768 0.002098 0.087167 -1.141947 0.013924 -0.007439 -0.992790
1757579851.777724 -0.036431 -0.004768 0.002098 0.087167 -1.142328 0.013924 -0.007439 -0.994316
1757579851.779706 -0.036431 -0.004768 0.002098 0.087167 -1.142328 0.013924 -0.007439 -0.995842
1757579851.781712 -0.036431 -0.004768 0.002098 0.087167 -1.142710 0.013924 -0.007439 -0.997368
1757579851.783708 -0.036431 -0.004768 0.002098 0.087167 -1.142710 0.013924 -0.007439 -0.998894
1757579851.785721 -0.036431 -0.004768 0.002098 0.087167 -1.143091 0.013924 -0.007439 -1.000420
1757579851.787705 -0.036431 -0.004768 0.002098 0.087167 -1.143473 0.014305 -0.007439 -1.001564
1757579851.789706 -0.036431 -0.004768 0.002098 0.087167 -1.143473 0.014305 -0.007439 -1.003090
1757579851.791704 -0.036431 -0.004768 0.002098 0.087167 -1.143854 0.014305 -0.007439 -1.004616
1757579851.793719 -0.036431 -0.004768 0.002098 0.087167 -1.144236 0.014305 -0.007439 -1.006142
1757579851.795705 -0.036431 -0.004768 0.002098 0.087167 -1.144236 0.014305 -0.007439 -1.007668
1757579851.797709 -0.036431 -0.004768 0.002098 0.087167 -1.144617 0.014305 -0.007439 -1.008812
1757579851.799702 -0.036431 -0.004768 0.002098 0.087167 -1.144617 0.014305 -0.007439 -1.010338
1757579851.801718 -0.036431 -0.004768 0.002098 0.087167 -1.144999 0.014687 -0.007439 -1.011864
1757579851.803700 -0.036431 -0.004768 0.002098 0.087167 -1.145380 0.014687 -0.007439 -1.013008
1757579851.805731 -0.036431 -0.004768 0.002098 0.087167 -1.145380 0.014687 -0.007439 -1.014534
1757579851.807703 -0.036431 -0.004768 0.002098 0.087167 -1.145761 0.014687 -0.007439 -1.016060
1757579851.809749 -0.036431 -0.004768 0.002098 0.087167 -1.145761 0.014687 -0.007439 -1.017204
1757579851.811749 -0.036431 -0.004768 0.002098 0.087167 -1.146143 0.014687 -0.007439 -1.018730
1757579851.813730 -0.036431 -0.004768 0.002098 0.087167 -1.146143 0.014687 -0.007439 -1.019875
1757579851.815704 -0.036431 -0.004768 0.002098 0.087167 -1.146524 0.015068 -0.007439 -1.021400
1757579851.817720 -0.036431 -0.004768 0.002098 0.087167 -1.146524 0.015068 -0.007439 -1.022926
1757579851.819705 -0.036431 -0.004768 0.002098 0.087167 -1.146906 0.015068 -0.007439 -1.024071
1757579851.821706 -0.036431 -0.004768 0.002098 0.087167 -1.146906 0.015068 -0.007439 -1.025597
1757579851.823700 -0.036431 -0.004768 0.002098 0.087167 -1.147287 0.015068 -0.007439 -1.027122
1757579851.825718 -0.036431 -0.004768 0.002098 0.087167 -1.147287 0.015068 -0.007439 -1.028267
1757579851.827703 -0.036431 -0.004768 0.002098 0.087167 -1.147287 0.015068 -0.007439 -1.029793
1757579851.829705 -0.036431 -0.004768 0.002098 0.087167 -1.147669 0.015068 -0.007439 -1.030937
1757579851.831700 -0.036431 -0.004768 0.002098 0.087167 -1.147669 0.015450 -0.007439 -1.032464
1757579851.833734 -0.036431 -0.004387 0.002098 0.087167 -1.148050 0.015450 -0.007439 -1.033990
1757579851.835698 -0.036431 -0.004768 0.002098 0.087167 -1.148050 0.015450 -0.007439 -1.035134
1757579851.837719 -0.036431 -0.004387 0.002098 0.087167 -1.148050 0.015450 -0.007439 -1.036660
1757579851.839705 -0.036431 -0.004387 0.002098 0.087167 -1.148432 0.015450 -0.007439 -1.038186
1757579851.841824 -0.036431 -0.004387 0.002098 0.087167 -1.148432 0.015450 -0.007439 -1.039330
1757579851.843799 -0.036431 -0.004387 0.002098 0.087167 -1.148432 0.015450 -0.007439 -1.040856
1757579851.845746 -0.036813 -0.004387 0.002098 0.087167 -1.148813 0.015450 -0.007439 -1.042382
1757579851.847742 -0.036813 -0.004387 0.002098 0.087167 -1.148813 0.015831 -0.007439 -1.043527
1757579851.849768 -0.036813 -0.004387 0.002098 0.087167 -1.148813 0.015831 -0.007439 -1.045053
1757579851.851747 -0.036813 -0.004387 0.002098 0.087167 -1.148813 0.015831 -0.007439 -1.046578
1757579851.853756 -0.036813 -0.004387 0.002098 0.087167 -1.149195 0.015831 -0.007439 -1.047723
1757579851.855745 -0.036813 -0.004387 0.002098 0.087167 -1.149195 0.015831 -0.007439 -1.049249
1757579851.857751 -0.036813 -0.004387 0.002098 0.087167 -1.149195 0.015831 -0.007439 -1.050393
1757579851.859745 -0.036813 -0.004387 0.002098 0.087167 -1.149195 0.015831 -0.007439 -1.051919
1757579851.861762 -0.036813 -0.004387 0.002098 0.087167 -1.149576 0.016212 -0.007439 -1.053445
1757579851.863746 -0.036813 -0.004387 0.002098 0.087167 -1.149576 0.016212 -0.007439 -1.054589
1757579851.865741 -0.036813 -0.004387 0.002098 0.087167 -1.149576 0.016212 -0.007057 -1.056115
1757579851.867810 -0.036813 -0.004387 0.002098 0.087167 -1.149576 0.016212 -0.007057 -1.057260
1757579851.869710 -0.036813 -0.004387 0.002098 0.087167 -1.149576 0.016212 -0.007057 -1.058785
1757579851.871754 -0.036813 -0.004387 0.002098 0.087167 -1.149958 0.016594 -0.007057 -1.059930
1757579851.873698 -0.036813 -0.004387 0.002098 0.087167 -1.149958 0.016594 -0.007057 -1.061456
1757579851.875717 -0.036813 -0.004387 0.002098 0.087167 -1.149958 0.016594 -0.007057 -1.062600
1757579851.877703 -0.036813 -0.004387 0.002098 0.087167 -1.149958 0.016594 -0.007057 -1.063745
1757579851.879710 -0.036813 -0.004387 0.002098 0.087167 -1.149958 0.016594 -0.006676 -1.065270
1757579851.881745 -0.036813 -0.004387 0.002098 0.087167 -1.150339 0.016594 -0.006676 -1.066415
1757579851.883759 -0.036813 -0.004387 0.002098 0.087167 -1.150339 0.016975 -0.006676 -1.067559
1757579851.885706 -0.036813 -0.004387 0.002098 0.087167 -1.150339 0.016975 -0.006676 -1.068704
1757579851.887759 -0.036813 -0.004387 0.002098 0.087167 -1.150339 0.016975 -0.006676 -1.070230
1757579851.889755 -0.036813 -0.004387 0.002098 0.087167 -1.150339 0.016975 -0.006676 -1.071374
1757579851.891749 -0.036813 -0.004387 0.002098 0.087167 -1.150339 0.017357 -0.006676 -1.072518
1757579851.893743 -0.036813 -0.004387 0.002098 0.087167 -1.150339 0.017357 -0.006294 -1.073663
1757579851.895743 -0.036813 -0.004387 0.002098 0.087167 -1.150721 0.017357 -0.006294 -1.074807
1757579851.897770 -0.036813 -0.004387 0.002098 0.087167 -1.150721 0.017357 -0.006294 -1.075952
1757579851.899714 -0.036813 -0.004387 0.002098 0.087167 -1.150721 0.017357 -0.006294 -1.077096
1757579851.901702 -0.036813 -0.004387 0.002098 0.087167 -1.150721 0.017738 -0.006294 -1.078240
1757579851.903708 -0.036813 -0.004387 0.002098 0.087167 -1.150721 0.017738 -0.006294 -1.079385
1757579851.905705 -0.036813 -0.004387 0.002098 0.087167 -1.150721 0.017738 -0.005913 -1.080529
1757579851.907704 -0.036813 -0.004387 0.002098 0.087167 -1.150721 0.017738 -0.005913 -1.081674
1757579851.909717 -0.036813 -0.004387 0.002098 0.087167 -1.150721 0.017738 -0.005913 -1.083200
1757579851.911761 -0.036813 -0.004387 0.002098 0.087167 -1.150721 0.018120 -0.005913 -1.084344
1757579851.913723 -0.036813 -0.004387 0.002098 0.087167 -1.151102 0.018120 -0.005913 -1.085488
1757579851.915707 -0.036813 -0.004387 0.002098 0.087167 -1.151102 0.018120 -0.005913 -1.086633
1757579851.917703 -0.036813 -0.004387 0.002098 0.087167 -1.151102 0.018120 -0.005913 -1.087777
1757579851.919704 -0.036813 -0.004387 0.002098 0.087167 -1.151102 0.018120 -0.005913 -1.088922
1757579851.921702 -0.036813 -0.004387 0.002098 0.087167 -1.151102 0.018120 -0.005531 -1.090447
1757579851.923706 -0.036813 -0.004387 0.002098 0.087167 -1.151102 0.018501 -0.005531 -1.091592
1757579851.925701 -0.036813 -0.004387 0.002098 0.087167 -1.151484 0.018501 -0.005531 -1.093118
1757579851.927707 -0.036813 -0.004387 0.002098 0.087167 -1.151484 0.018501 -0.005531 -1.094263
1757579851.929726 -0.036813 -0.004387 0.002098 0.087167 -1.151484 0.018501 -0.005531 -1.095407
1757579851.931710 -0.036813 -0.004387 0.002098 0.087167 -1.151484 0.018501 -0.005531 -1.096933
1757579851.933700 -0.036813 -0.004387 0.002098 0.087167 -1.151484 0.018501 -0.005531 -1.098078
1757579851.935724 -0.036813 -0.004387 0.002098 0.087167 -1.151865 0.018501 -0.005531 -1.099604
1757579851.937732 -0.036813 -0.004387 0.002098 0.087167 -1.151865 0.018883 -0.005150 -1.100748
1757579851.939715 -0.036813 -0.004387 0.002098 0.087167 -1.151865 0.018883 -0.005150 -1.102274
1757579851.941704 -0.036813 -0.004387 0.002098 0.087167 -1.151865 0.018883 -0.005150 -1.103418
1757579851.943717 -0.036813 -0.004387 0.002098 0.087167 -1.152246 0.018883 -0.005150 -1.104944
1757579851.945702 -0.036813 -0.004387 0.002098 0.087167 -1.152246 0.018883 -0.005150 -1.106089
1757579851.947716 -0.036813 -0.004387 0.002098 0.087167 -1.152246 0.018883 -0.005150 -1.107615
1757579851.949703 -0.036813 -0.004387 0.002098 0.087167 -1.152246 0.018883 -0.005150 -1.108759
1757579851.951707 -0.036813 -0.004387 0.002098 0.087167 -1.152628 0.018883 -0.004768 -1.110285
1757579851.953703 -0.036813 -0.004387 0.002098 0.087167 -1.152628 0.019264 -0.004768 -1.111811
1757579851.955718 -0.036813 -0.004387 0.002098 0.087167 -1.152628 0.019264 -0.004768 -1.112955
1757579851.957706 -0.036813 -0.004387 0.002098 0.087167 -1.152628 0.019264 -0.004768 -1.114481
1757579851.959702 -0.036813 -0.004387 0.002098 0.087167 -1.152628 0.019264 -0.004768 -1.115625
1757579851.961778 -0.036813 -0.004387 0.002098 0.087167 -1.153009 0.019264 -0.004768 -1.117151
1757579851.963721 -0.036813 -0.004387 0.002098 0.087167 -1.153009 0.019264 -0.004768 -1.118296
1757579851.965705 -0.036813 -0.004387 0.002098 0.087167 -1.153009 0.019646 -0.004387 -1.119822
1757579851.967707 -0.036813 -0.004387 0.002098 0.087167 -1.153009 0.019646 -0.004387 -1.120966
1757579851.969699 -0.036813 -0.004387 0.002098 0.087167 -1.153009 0.019646 -0.004387 -1.122492
1757579851.971750 -0.036813 -0.004387 0.002098 0.087167 -1.153391 0.019646 -0.004387 -1.124018
1757579851.973728 -0.036813 -0.004387 0.002098 0.087167 -1.153391 0.019646 -0.004387 -1.125162
1757579851.975703 -0.036813 -0.004387 0.002098 0.087167 -1.153391 0.019646 -0.004387 -1.126307
1757579851.977698 -0.036813 -0.004387 0.002098 0.087167 -1.153391 0.019646 -0.004005 -1.127832
1757579851.979712 -0.036813 -0.004387 0.002098 0.087167 -1.153391 0.019646 -0.004005 -1.128977
1757579851.981701 -0.036813 -0.004387 0.002098 0.087167 -1.153391 0.020027 -0.004005 -1.130121
1757579851.983703 -0.036813 -0.004387 0.002098 0.087167 -1.153772 0.020027 -0.004005 -1.131266
1757579851.985698 -0.036813 -0.004387 0.002098 0.087167 -1.153772 0.020027 -0.004005 -1.132792
1757579851.987718 -0.036813 -0.004387 0.002098 0.087167 -1.153772 0.020027 -0.003624 -1.133936
1757579851.989702 -0.036813 -0.004387 0.002098 0.087167 -1.153772 0.020027 -0.003624 -1.135080
1757579851.991744 -0.036813 -0.004387 0.002098 0.087167 -1.153772 0.020027 -0.003624 -1.136606
1757579851.993733 -0.036813 -0.004387 0.002098 0.087167 -1.153772 0.020027 -0.003624 -1.137751
1757579851.995719 -0.036813 -0.004387 0.002098 0.087167 -1.153772 0.020409 -0.003624 -1.138895
1757579851.997774 -0.036813 -0.004387 0.002098 0.087167 -1.154154 0.020409 -0.003624 -1.140039
1757579851.999735 -0.036813 -0.004387 0.002098 0.087167 -1.154154 0.020409 -0.003242 -1.141184
1757579852.001736 -0.036813 -0.004387 0.002098 0.087167 -1.154154 0.020409 -0.003242 -1.142710
1757579852.003747 -0.036813 -0.004387 0.002098 0.087167 -1.154154 0.020409 -0.003242 -1.143854
1757579852.005741 -0.036813 -0.004387 0.002098 0.087167 -1.154154 0.020409 -0.003242 -1.144999
1757579852.007744 -0.036813 -0.004387 0.002098 0.087167 -1.154154 0.020409 -0.003242 -1.146143
1757579852.009742 -0.036813 -0.004387 0.002098 0.087167 -1.154154 0.020790 -0.003242 -1.147287
1757579852.011747 -0.036813 -0.004387 0.002098 0.087167 -1.154154 0.020790 -0.002861 -1.148432
1757579852.013738 -0.036813 -0.004387 0.002098 0.087167 -1.154535 0.020790 -0.002861 -1.149576
1757579852.015738 -0.036813 -0.004387 0.002098 0.087167 -1.154535 0.020790 -0.002861 -1.150721
1757579852.017735 -0.036813 -0.004387 0.002098 0.087167 -1.154535 0.020790 -0.002861 -1.151865
1757579852.019742 -0.036813 -0.004387 0.002098 0.087167 -1.154535 0.020790 -0.002861 -1.153009
1757579852.021740 -0.036813 -0.004387 0.002098 0.087167 -1.154535 0.020790 -0.002861 -1.154154
1757579852.023751 -0.036813 -0.004387 0.002098 0.087167 -1.154535 0.020790 -0.002861 -1.155298
1757579852.025738 -0.036813 -0.004387 0.002098 0.087167 -1.154535 0.020790 -0.002480 -1.156444
1757579852.027747 -0.036813 -0.004387 0.002098 0.087167 -1.154535 0.021172 -0.002480 -1.157588
1757579852.029739 -0.036813 -0.004387 0.002098 0.087167 -1.154535 0.021172 -0.002480 -1.158351
1757579852.031744 -0.036813 -0.004387 0.002098 0.087167 -1.154535 0.021172 -0.002480 -1.159495
1757579852.033740 -0.036813 -0.004387 0.002098 0.087167 -1.154917 0.021172 -0.002480 -1.160640
1757579852.035747 -0.036813 -0.004387 0.002098 0.087167 -1.154917 0.021172 -0.002480 -1.161784
1757579852.037740 -0.036813 -0.004387 0.002098 0.087167 -1.154917 0.021172 -0.002480 -1.162929
1757579852.039745 -0.036813 -0.004387 0.002098 0.087167 -1.154917 0.021172 -0.002098 -1.164073
1757579852.041732 -0.036813 -0.004387 0.002098 0.087167 -1.154917 0.021172 -0.002098 -1.165217
1757579852.043752 -0.036813 -0.004387 0.002098 0.087167 -1.154917 0.021172 -0.002098 -1.166362
1757579852.045740 -0.036813 -0.004387 0.002098 0.087167 -1.154917 0.021553 -0.002098 -1.167506
1757579852.047769 -0.036813 -0.004387 0.002098 0.087167 -1.154917 0.021553 -0.002098 -1.168651
1757579852.049742 -0.036813 -0.004387 0.002098 0.087167 -1.154917 0.021553 -0.002098 -1.169795
1757579852.051743 -0.036813 -0.004387 0.002098 0.087167 -1.154917 0.021553 -0.001717 -1.170939
1757579852.053734 -0.036813 -0.004387 0.002098 0.087167 -1.154917 0.021553 -0.001717 -1.172084
1757579852.055761 -0.036813 -0.004387 0.002098 0.087167 -1.154917 0.021553 -0.001717 -1.173228
1757579852.057739 -0.036813 -0.004387 0.002098 0.087167 -1.154917 0.021935 -0.001717 -1.174373
1757579852.059743 -0.036813 -0.004387 0.002098 0.087167 -1.155298 0.021935 -0.001717 -1.175517
1757579852.061737 -0.036813 -0.004387 0.002098 0.087167 -1.155298 0.021935 -0.001717 -1.176661
1757579852.063852 -0.036813 -0.004387 0.002098 0.087167 -1.155298 0.021935 -0.001335 -1.177806
1757579852.065745 -0.036813 -0.004387 0.002098 0.087167 -1.155298 0.021935 -0.001335 -1.178950
1757579852.067742 -0.036813 -0.004387 0.002098 0.087167 -1.155298 0.021935 -0.001335 -1.180095
1757579852.069738 -0.036813 -0.004387 0.002098 0.087167 -1.155298 0.021935 -0.001335 -1.181239
1757579852.071750 -0.036813 -0.004387 0.002098 0.087167 -1.155298 0.022316 -0.001335 -1.182384
1757579852.073745 -0.036813 -0.004387 0.002098 0.087167 -1.155298 0.022316 -0.000954 -1.183528
1757579852.075737 -0.036813 -0.004387 0.002098 0.087167 -1.155298 0.022316 -0.000954 -1.184672
1757579852.077738 -0.036813 -0.004387 0.002098 0.087167 -1.155298 0.022316 -0.000954 -1.185435
1757579852.079757 -0.036813 -0.004387 0.002098 0.087167 -1.155298 0.022316 -0.000954 -1.186580
1757579852.081746 -0.036813 -0.004387 0.002098 0.087167 -1.155298 0.022316 -0.000954 -1.187724
1757579852.083746 -0.036813 -0.004387 0.002098 0.087167 -1.155298 0.022697 -0.000572 -1.188869
1757579852.085763 -0.036813 -0.004387 0.002098 0.087167 -1.155298 0.022697 -0.000572 -1.190013
1757579852.087897 -0.036813 -0.004387 0.002098 0.087167 -1.155298 0.022697 -0.000572 -1.190776
1757579852.089737 -0.036813 -0.004387 0.002098 0.087167 -1.155298 0.022697 -0.000572 -1.191920
1757579852.091738 -0.036813 -0.004387 0.002098 0.087167 -1.155298 0.022697 -0.000191 -1.193065
1757579852.093741 -0.036813 -0.004387 0.002098 0.087167 -1.155298 0.022697 -0.000191 -1.193828
1757579852.095850 -0.036813 -0.004387 0.002098 0.087167 -1.155298 0.023079 -0.000191 -1.194972
1757579852.097714 -0.036813 -0.004387 0.002098 0.087167 -1.155298 0.023079 -0.000191 -1.196116
1757579852.099697 -0.036813 -0.004387 0.002098 0.087167 -1.155298 0.023079 -0.000191 -1.196879
1757579852.101703 -0.036813 -0.004387 0.002098 0.087167 -1.155298 0.023079 0.000191 -1.198024
1757579852.103692 -0.036813 -0.004387 0.002098 0.087167 -1.155298 0.023079 0.000191 -1.199168
1757579852.105707 -0.036813 -0.004387 0.002098 0.087167 -1.155298 0.023079 0.000191 -1.199931
1757579852.107699 -0.036813 -0.004387 0.002098 0.087167 -1.155298 0.023460 0.000191 -1.201076
1757579852.109717 -0.036813 -0.004387 0.002098 0.087167 -1.155298 0.023460 0.000191 -1.201838
1757579852.111703 -0.036813 -0.004387 0.002098 0.087167 -1.155298 0.023460 0.000572 -1.202983
1757579852.113705 -0.036813 -0.004387 0.002098 0.087167 -1.155298 0.023460 0.000572 -1.203746
1757579852.115747 -0.036813 -0.004387 0.002098 0.087167 -1.155298 0.023460 0.000572 -1.204890
1757579852.117728 -0.036813 -0.004387 0.002098 0.087167 -1.154917 0.023460 0.000572 -1.205653
1757579852.119719 -0.036813 -0.004387 0.002098 0.087167 -1.154917 0.023842 0.000954 -1.206798
1757579852.121759 -0.036813 -0.004387 0.002098 0.087167 -1.154917 0.023842 0.000954 -1.207942
1757579852.123720 -0.036813 -0.004387 0.002098 0.087167 -1.154917 0.023842 0.000954 -1.208705
1757579852.125711 -0.036813 -0.004387 0.002098 0.087167 -1.154917 0.023842 0.000954 -1.209849
1757579852.127716 -0.036813 -0.004387 0.002098 0.087167 -1.154917 0.023842 0.000954 -1.210994
1757579852.129748 -0.036813 -0.004387 0.002098 0.087167 -1.154917 0.023842 0.001335 -1.211757
1757579852.131741 -0.036813 -0.004387 0.002098 0.087167 -1.154917 0.024223 0.001335 -1.212901
1757579852.133704 -0.036813 -0.004387 0.002098 0.087167 -1.154917 0.024223 0.001335 -1.214046
1757579852.135715 -0.036813 -0.004387 0.002098 0.087167 -1.154917 0.024223 0.001335 -1.214808
1757579852.137705 -0.036813 -0.004387 0.002098 0.087167 -1.154917 0.024223 0.001335 -1.215953
1757579852.139718 -0.036813 -0.004387 0.002098 0.087167 -1.154917 0.024223 0.001717 -1.217097
1757579852.141699 -0.036813 -0.004387 0.002098 0.087167 -1.154917 0.024223 0.001717 -1.218242
1757579852.143713 -0.036813 -0.004387 0.002098 0.087167 -1.154917 0.024605 0.001717 -1.219006
1757579852.145706 -0.036813 -0.004387 0.002098 0.087167 -1.154917 0.024605 0.001717 -1.220150
1757579852.147810 -0.036813 -0.004387 0.002098 0.087167 -1.154917 0.024605 0.002098 -1.221294
1757579852.149748 -0.036813 -0.004387 0.002098 0.087167 -1.154917 0.024605 0.002098 -1.222439
1757579852.151762 -0.036813 -0.004387 0.002098 0.087167 -1.154917 0.024605 0.002098 -1.223202
1757579852.153741 -0.036813 -0.004387 0.002098 0.087167 -1.154917 0.024986 0.002098 -1.224346
1757579852.155774 -0.036813 -0.004387 0.002098 0.087167 -1.154917 0.024986 0.002098 -1.225491
1757579852.157746 -0.036813 -0.004387 0.002098 0.087167 -1.155298 0.024986 0.002480 -1.226635
1757579852.159741 -0.036813 -0.004387 0.002098 0.087167 -1.155298 0.024986 0.002480 -1.227398
1757579852.161786 -0.036813 -0.004387 0.002098 0.087167 -1.155298 0.024986 0.002480 -1.228542
1757579852.163739 -0.036813 -0.004387 0.002098 0.087167 -1.155298 0.024986 0.002480 -1.229687
1757579852.165747 -0.036813 -0.004387 0.002098 0.087167 -1.155298 0.025368 0.002861 -1.230831
1757579852.167775 -0.036813 -0.004387 0.002098 0.087167 -1.155298 0.025368 0.002861 -1.231594
1757579852.169744 -0.036813 -0.004387 0.002098 0.087167 -1.155298 0.025368 0.002861 -1.232738
1757579852.171773 -0.036813 -0.004387 0.002098 0.087167 -1.155298 0.025368 0.002861 -1.233883
1757579852.173748 -0.036813 -0.004387 0.002098 0.087167 -1.155298 0.025368 0.002861 -1.235027
1757579852.175770 -0.036813 -0.004387 0.002098 0.087167 -1.155298 0.025749 0.003242 -1.235790
1757579852.177755 -0.036813 -0.004387 0.002098 0.087167 -1.155298 0.025749 0.003242 -1.236935
1757579852.179718 -0.036813 -0.004387 0.002098 0.087167 -1.155298 0.025749 0.003242 -1.238079
1757579852.181718 -0.036813 -0.004387 0.002098 0.087167 -1.155298 0.025749 0.003242 -1.239223
1757579852.183703 -0.036813 -0.004387 0.002098 0.087167 -1.155298 0.025749 0.003624 -1.240368
1757579852.185713 -0.036813 -0.004387 0.002098 0.087167 -1.155298 0.025749 0.003624 -1.241512
1757579852.187701 -0.036813 -0.004387 0.002098 0.087167 -1.155298 0.026131 0.003624 -1.242275
1757579852.189715 -0.036813 -0.004387 0.002098 0.087167 -1.155298 0.026131 0.003624 -1.243420
1757579852.191700 -0.036813 -0.004387 0.002098 0.087167 -1.155298 0.026131 0.003624 -1.244564
1757579852.193703 -0.036813 -0.004387 0.002098 0.087167 -1.155298 0.026131 0.004005 -1.245708
1757579852.195701 -0.036813 -0.004387 0.002098 0.087167 -1.155298 0.026131 0.004005 -1.246853
1757579852.197715 -0.036813 -0.004387 0.002098 0.087167 -1.155298 0.026512 0.004005 -1.247616
1757579852.199697 -0.036813 -0.004387 0.002098 0.087167 -1.155298 0.026512 0.004005 -1.248760
1757579852.201702 -0.036813 -0.004387 0.002098 0.087167 -1.155298 0.026512 0.004005 -1.249905
1757579852.203695 -0.036813 -0.004387 0.002098 0.087167 -1.155298 0.026512 0.004387 -1.251049
1757579852.205716 -0.036813 -0.004387 0.002098 0.087167 -1.155298 0.026512 0.004387 -1.251812
1757579852.207699 -0.036813 -0.004387 0.002098 0.087167 -1.155298 0.026894 0.004387 -1.252956
1757579852.209731 -0.036813 -0.004387 0.002098 0.087167 -1.155298 0.026894 0.004387 -1.254101
1757579852.211706 -0.036813 -0.004387 0.002098 0.087167 -1.155298 0.026894 0.004768 -1.254864
1757579852.213729 -0.036813 -0.004387 0.002098 0.087167 -1.155298 0.026894 0.004768 -1.256008
1757579852.215713 -0.036813 -0.004387 0.002098 0.087167 -1.155298 0.026894 0.004768 -1.257153
1757579852.217702 -0.036813 -0.004387 0.002098 0.087167 -1.155298 0.027275 0.004768 -1.258297
1757579852.219700 -0.036813 -0.004387 0.002098 0.087167 -1.155298 0.027275 0.005150 -1.259060
1757579852.221768 -0.036813 -0.004387 0.002098 0.087167 -1.155298 0.027275 0.005150 -1.260204
1757579852.223695 -0.036813 -0.004387 0.002098 0.087167 -1.155298 0.027275 0.005150 -1.261349
1757579852.225710 -0.036813 -0.004387 0.002098 0.087167 -1.155298 0.027275 0.005150 -1.262112
1757579852.227694 -0.036813 -0.004387 0.002098 0.087167 -1.155298 0.027657 0.005531 -1.263256
1757579852.229702 -0.036813 -0.004387 0.002098 0.087167 -1.155298 0.027657 0.005531 -1.264400
1757579852.231679 -0.036813 -0.004387 0.002098 0.087167 -1.155298 0.027657 0.005531 -1.265163
1757579852.233681 -0.036813 -0.004387 0.002098 0.087167 -1.155298 0.027657 0.005531 -1.266308
1757579852.235675 -0.036813 -0.004387 0.002098 0.087167 -1.155298 0.028038 0.005531 -1.267452
1757579852.237697 -0.036813 -0.004387 0.002098 0.087167 -1.155298 0.028038 0.005913 -1.268215
1757579852.239686 -0.036813 -0.004387 0.002098 0.087167 -1.155298 0.028038 0.005913 -1.269360
1757579852.241689 -0.036813 -0.004387 0.002098 0.087167 -1.155298 0.028038 0.005913 -1.270504
1757579852.243680 -0.036813 -0.004387 0.002098 0.087167 -1.155298 0.028038 0.005913 -1.271267
1757579852.245697 -0.036813 -0.004387 0.002098 0.087167 -1.155298 0.028419 0.006294 -1.272411
1757579852.247691 -0.036813 -0.004387 0.002098 0.087167 -1.155298 0.028419 0.006294 -1.273174
1757579852.249744 -0.036813 -0.004387 0.002098 0.087167 -1.154917 0.028419 0.006294 -1.274319
1757579852.251680 -0.036813 -0.004387 0.002098 0.087167 -1.154917 0.028419 0.006294 -1.275463
1757579852.253684 -0.036813 -0.004387 0.002098 0.087167 -1.154917 0.028801 0.006676 -1.276226
1757579852.255681 -0.036813 -0.004387 0.002098 0.087167 -1.154917 0.028801 0.006676 -1.277370
1757579852.257705 -0.036813 -0.004387 0.002098 0.087167 -1.154917 0.028801 0.006676 -1.278133
1757579852.259698 -0.036813 -0.004387 0.002098 0.087167 -1.154917 0.028801 0.006676 -1.279278
1757579852.261706 -0.036813 -0.004387 0.002098 0.087167 -1.154917 0.028801 0.007057 -1.280041
1757579852.263701 -0.036813 -0.004387 0.002098 0.087167 -1.154917 0.029182 0.007057 -1.281185
1757579852.265715 -0.036813 -0.004387 0.002098 0.087167 -1.154917 0.029182 0.007057 -1.282331
1757579852.267739 -0.036813 -0.004387 0.002098 0.087167 -1.154917 0.029182 0.007057 -1.283093
1757579852.269719 -0.036813 -0.004387 0.002098 0.087167 -1.154917 0.029182 0.007057 -1.284238
1757579852.271772 -0.036813 -0.004387 0.002098 0.087167 -1.154917 0.029182 0.007439 -1.285001
1757579852.273751 -0.036813 -0.004387 0.002098 0.087167 -1.155298 0.029564 0.007439 -1.286145
1757579852.275771 -0.036813 -0.004387 0.002098 0.087167 -1.155298 0.029564 0.007439 -1.287290
1757579852.277712 -0.036813 -0.004387 0.002098 0.087167 -1.154917 0.029564 0.007439 -1.288053
1757579852.279699 -0.036813 -0.004387 0.002098 0.087167 -1.154917 0.029564 0.007820 -1.289197
1757579852.281722 -0.036813 -0.004387 0.002098 0.087167 -1.155298 0.029564 0.007820 -1.289960
1757579852.283702 -0.036813 -0.004387 0.002098 0.087167 -1.155298 0.029564 0.007820 -1.291104
1757579852.285697 -0.036813 -0.004387 0.002098 0.087167 -1.155298 0.029945 0.007820 -1.291867
1757579852.287685 -0.036813 -0.004387 0.002098 0.087167 -1.155298 0.029945 0.008202 -1.293012
1757579852.289750 -0.036813 -0.004387 0.002098 0.087167 -1.155298 0.029945 0.008202 -1.293775
1757579852.291702 -0.036813 -0.004387 0.002098 0.087167 -1.155298 0.029945 0.008202 -1.294919
1757579852.293689 -0.036813 -0.004387 0.002098 0.087167 -1.155298 0.030327 0.008202 -1.295682
1757579852.295686 -0.036813 -0.004387 0.002098 0.087167 -1.155298 0.030327 0.008202 -1.296826
1757579852.297757 -0.036813 -0.004387 0.002098 0.087167 -1.155298 0.030327 0.008583 -1.297589
1757579852.299700 -0.036813 -0.004387 0.002098 0.087167 -1.154917 0.030327 0.008583 -1.298734
1757579852.301723 -0.036813 -0.004387 0.002098 0.087167 -1.154917 0.030327 0.008583 -1.299497
1757579852.303729 -0.036813 -0.004387 0.002098 0.087167 -1.154917 0.030708 0.008583 -1.300260
1757579852.305789 -0.036813 -0.004387 0.002098 0.087167 -1.154917 0.030708 0.008583 -1.301404
1757579852.307701 -0.036813 -0.004387 0.002098 0.087167 -1.154917 0.030708 0.008965 -1.302167
1757579852.309736 -0.036813 -0.004387 0.002098 0.087167 -1.154917 0.030708 0.008965 -1.303311
1757579852.311688 -0.036813 -0.004387 0.002098 0.087167 -1.154917 0.031090 0.008965 -1.304074
1757579852.313743 -0.036813 -0.004387 0.002098 0.087167 -1.154917 0.031090 0.008965 -1.304837
1757579852.315695 -0.036813 -0.004387 0.002098 0.087167 -1.154917 0.031090 0.009346 -1.305982
1757579852.317704 -0.036813 -0.004387 0.002098 0.087167 -1.154917 0.031090 0.009346 -1.306745
1757579852.319694 -0.036813 -0.004387 0.002098 0.087167 -1.154917 0.031090 0.009346 -1.307508
1757579852.321702 -0.036813 -0.004387 0.002098 0.087167 -1.154917 0.031090 0.009346 -1.308270
1757579852.323694 -0.036813 -0.004387 0.002098 0.087167 -1.154917 0.031472 0.009346 -1.309415
1757579852.325689 -0.036813 -0.004387 0.002098 0.087167 -1.154917 0.031472 0.009727 -1.310178
1757579852.327697 -0.036813 -0.004387 0.002098 0.087167 -1.154917 0.031472 0.009727 -1.310941
1757579852.329693 -0.036813 -0.004387 0.002098 0.087167 -1.154535 0.031472 0.009727 -1.312085
1757579852.331697 -0.036813 -0.004387 0.002098 0.087167 -1.154535 0.031472 0.009727 -1.312848
1757579852.333771 -0.036813 -0.004768 0.002098 0.087167 -1.154535 0.031854 0.009727 -1.313611
1757579852.335704 -0.036813 -0.004768 0.002098 0.087167 -1.154535 0.031854 0.010109 -1.314755
1757579852.337705 -0.036813 -0.004768 0.002098 0.087167 -1.154535 0.031854 0.010109 -1.315518
1757579852.339702 -0.036813 -0.004768 0.002098 0.087167 -1.154535 0.031854 0.010109 -1.316281
1757579852.341700 -0.036813 -0.004768 0.002098 0.087167 -1.154535 0.031854 0.010109 -1.317426
1757579852.343700 -0.036813 -0.004768 0.002098 0.087167 -1.154154 0.031854 0.010490 -1.318189
1757579852.345695 -0.036813 -0.004768 0.002098 0.087167 -1.154154 0.032235 0.010490 -1.318952
1757579852.347697 -0.036813 -0.004768 0.002098 0.087167 -1.154154 0.032235 0.010490 -1.320096
1757579852.349686 -0.036813 -0.004768 0.002098 0.087167 -1.154154 0.032235 0.010490 -1.320859
1757579852.351696 -0.036813 -0.004768 0.002098 0.087167 -1.154154 0.032235 0.010872 -1.321622
1757579852.353683 -0.036813 -0.004768 0.002098 0.087167 -1.153772 0.032617 0.010872 -1.322766
1757579852.355688 -0.036813 -0.004768 0.002098 0.087167 -1.153772 0.032617 0.010872 -1.323529
1757579852.357689 -0.036813 -0.004768 0.002098 0.087167 -1.153772 0.032617 0.010872 -1.324292
1757579852.359711 -0.036813 -0.004768 0.002098 0.087167 -1.153772 0.032617 0.010872 -1.325437
1757579852.361697 -0.036813 -0.004768 0.002098 0.087167 -1.153772 0.032998 0.011253 -1.326200
1757579852.363688 -0.036813 -0.004768 0.002098 0.087167 -1.153772 0.032998 0.011253 -1.326962
1757579852.365705 -0.036813 -0.004768 0.002098 0.087167 -1.153391 0.032998 0.011253 -1.327725
1757579852.367715 -0.036813 -0.004768 0.002098 0.087167 -1.153391 0.032998 0.011253 -1.328870
1757579852.369696 -0.036813 -0.004768 0.002098 0.087167 -1.153391 0.033380 0.011635 -1.329633
1757579852.371697 -0.036813 -0.004768 0.002098 0.087167 -1.153391 0.033380 0.011635 -1.330396
1757579852.373713 -0.036813 -0.004768 0.002098 0.087167 -1.153391 0.033380 0.011635 -1.331159
1757579852.375713 -0.036813 -0.004768 0.002098 0.087167 -1.153009 0.033380 0.011635 -1.331922
1757579852.377696 -0.036813 -0.004768 0.002098 0.087167 -1.153009 0.033380 0.012016 -1.332685
1757579852.379697 -0.036813 -0.004768 0.002098 0.087167 -1.153009 0.033761 0.012016 -1.333447
1757579852.381683 -0.036813 -0.004768 0.002098 0.087167 -1.153009 0.033761 0.012016 -1.334210
1757579852.383702 -0.036813 -0.004768 0.002098 0.087167 -1.152628 0.033761 0.012016 -1.334973
1757579852.385697 -0.036813 -0.004768 0.002098 0.087167 -1.152628 0.033761 0.012016 -1.335736
1757579852.387702 -0.036813 -0.004768 0.002098 0.087167 -1.152628 0.034142 0.012398 -1.336499
1757579852.389697 -0.036813 -0.004768 0.002098 0.087167 -1.152628 0.034142 0.012398 -1.337262
1757579852.391707 -0.036813 -0.004768 0.002098 0.087167 -1.152246 0.034142 0.012398 -1.338025
1757579852.393685 -0.036813 -0.004768 0.002098 0.087167 -1.152246 0.034142 0.012398 -1.338788
1757579852.395734 -0.036813 -0.004768 0.002098 0.087167 -1.152246 0.034142 0.012779 -1.339551
1757579852.397707 -0.036813 -0.004768 0.002098 0.087167 -1.152246 0.034524 0.012779 -1.340314
1757579852.399701 -0.036813 -0.004768 0.002098 0.087167 -1.151865 0.034524 0.012779 -1.340695
1757579852.401703 -0.036813 -0.004768 0.002098 0.087167 -1.151865 0.034524 0.012779 -1.341458
1757579852.403697 -0.036813 -0.004768 0.002098 0.087167 -1.151865 0.034524 0.012779 -1.342221
1757579852.405748 -0.036813 -0.004768 0.002098 0.087167 -1.151484 0.034524 0.012779 -1.342984
1757579852.407756 -0.036813 -0.004768 0.002098 0.087167 -1.151484 0.034905 0.012779 -1.343747
1757579852.409698 -0.036813 -0.004768 0.002098 0.087167 -1.151484 0.034905 0.012779 -1.344511
1757579852.411708 -0.036813 -0.004768 0.002098 0.087167 -1.151102 0.034905 0.012779 -1.345274
1757579852.413699 -0.036813 -0.004768 0.002098 0.087167 -1.151102 0.034905 0.012779 -1.346037
1757579852.415757 -0.036813 -0.004768 0.002098 0.087167 -1.151102 0.034905 0.012779 -1.346800
1757579852.417738 -0.036813 -0.004768 0.002098 0.087167 -1.150721 0.034905 0.012779 -1.347563
1757579852.419724 -0.036431 -0.004768 0.002098 0.087167 -1.150721 0.034905 0.012779 -1.348326
1757579852.421685 -0.036431 -0.004768 0.002098 0.087167 -1.150721 0.035287 0.012779 -1.348707
1757579852.423679 -0.036431 -0.004768 0.002098 0.087167 -1.150339 0.035287 0.012779 -1.349470
1757579852.425759 -0.036431 -0.004768 0.002098 0.087167 -1.150339 0.035287 0.013161 -1.350233
1757579852.427730 -0.036431 -0.004768 0.002098 0.087167 -1.149958 0.035287 0.013161 -1.350996
1757579852.429706 -0.036431 -0.004768 0.002098 0.087167 -1.149958 0.035287 0.013161 -1.351759
1757579852.431764 -0.036431 -0.004768 0.002098 0.087167 -1.149958 0.035287 0.013161 -1.352522
1757579852.433722 -0.036431 -0.004768 0.002098 0.087167 -1.149576 0.035287 0.013161 -1.352903
1757579852.435734 -0.036431 -0.004768 0.002098 0.087167 -1.149195 0.035287 0.013161 -1.353666
1757579852.437691 -0.036431 -0.004768 0.002098 0.087167 -1.149195 0.035668 0.013161 -1.354429
1757579852.439687 -0.036431 -0.004768 0.002098 0.087167 -1.148813 0.035668 0.013161 -1.355192
1757579852.441686 -0.036431 -0.004768 0.002098 0.087167 -1.148813 0.035668 0.013161 -1.355574
1757579852.443763 -0.036431 -0.004768 0.002098 0.087167 -1.148432 0.035668 0.013161 -1.356337
1757579852.445696 -0.036431 -0.004768 0.002098 0.087167 -1.148050 0.035668 0.013161 -1.357100
1757579852.447690 -0.036431 -0.004768 0.002098 0.087167 -1.148050 0.035668 0.013161 -1.357481
1757579852.449715 -0.036431 -0.004768 0.002098 0.087167 -1.147669 0.035668 0.013161 -1.358244
1757579852.451855 -0.036431 -0.004768 0.002098 0.087167 -1.147287 0.036050 0.013161 -1.358625
1757579852.453747 -0.036431 -0.004768 0.002098 0.087167 -1.146906 0.036050 0.013161 -1.359388
1757579852.455767 -0.036431 -0.004768 0.002098 0.087167 -1.146906 0.036050 0.013161 -1.360151
1757579852.457708 -0.036431 -0.004768 0.002098 0.087167 -1.146524 0.036050 0.013161 -1.360533
1757579852.459764 -0.036431 -0.004768 0.002098 0.087167 -1.146143 0.036050 0.013161 -1.361296
1757579852.461697 -0.036431 -0.004768 0.002098 0.087167 -1.145761 0.036050 0.013161 -1.361677
1757579852.463708 -0.036431 -0.004768 0.002098 0.087548 -1.145380 0.036431 0.013161 -1.362440
1757579852.465693 -0.036431 -0.004768 0.002098 0.087548 -1.144999 0.036431 0.013161 -1.363203
1757579852.467684 -0.036431 -0.004387 0.002098 0.087548 -1.144617 0.036431 0.013161 -1.363585
1757579852.469716 -0.036431 -0.004387 0.002098 0.087548 -1.144236 0.036431 0.013161 -1.364347
1757579852.471690 -0.036431 -0.004387 0.002098 0.087548 -1.143854 0.036431 0.013161 -1.364729
1757579852.473692 -0.036431 -0.004387 0.002098 0.087548 -1.143854 0.036431 0.013161 -1.365492
1757579852.475707 -0.036431 -0.004387 0.002098 0.087548 -1.143473 0.036813 0.013161 -1.365873
1757579852.477699 -0.036431 -0.004387 0.002098 0.087548 -1.143091 0.036813 0.013161 -1.366255
1757579852.479696 -0.036050 -0.004387 0.002098 0.087548 -1.142328 0.036813 0.013161 -1.367018
1757579852.481696 -0.036050 -0.004387 0.002098 0.087548 -1.141947 0.036813 0.013161 -1.367399
1757579852.483684 -0.036050 -0.004387 0.002098 0.087548 -1.141565 0.036813 0.013161 -1.368162
1757579852.485684 -0.036050 -0.004387 0.002098 0.087548 -1.141184 0.036813 0.013161 -1.368544
1757579852.487680 -0.036050 -0.004387 0.002098 0.087548 -1.140802 0.037194 0.012779 -1.368925
1757579852.489705 -0.036050 -0.004387 0.002098 0.087548 -1.140421 0.037194 0.012779 -1.369688
1757579852.491699 -0.036050 -0.004387 0.002098 0.087548 -1.140039 0.037194 0.012779 -1.370070
1757579852.493692 -0.036050 -0.004387 0.002098 0.087548 -1.139658 0.037194 0.012779 -1.370832
1757579852.495686 -0.036050 -0.004387 0.002098 0.087548 -1.139277 0.037194 0.012779 -1.371214
1757579852.497697 -0.036050 -0.004387 0.002098 0.087548 -1.138895 0.037194 0.012779 -1.371595
1757579852.499708 -0.036050 -0.004387 0.002098 0.087548 -1.138514 0.037194 0.012779 -1.372358
1757579852.501685 -0.036050 -0.004387 0.002098 0.087548 -1.137751 0.037576 0.012779 -1.372740
1757579852.503683 -0.036050 -0.004387 0.002098 0.087548 -1.137369 0.037576 0.012779 -1.373503
1757579852.505704 -0.036050 -0.004387 0.002098 0.087548 -1.136988 0.037576 0.012779 -1.373884
1757579852.507686 -0.036050 -0.004387 0.002098 0.087548 -1.136606 0.037576 0.012398 -1.374266
1757579852.509684 -0.036050 -0.004387 0.002098 0.087548 -1.135843 0.037576 0.012398 -1.375029
1757579852.511686 -0.036050 -0.004387 0.002098 0.087548 -1.135462 0.037576 0.012398 -1.375410
1757579852.513704 -0.036050 -0.004387 0.002098 0.087548 -1.135080 0.037576 0.012398 -1.375792
1757579852.515687 -0.036050 -0.004387 0.002098 0.087548 -1.134699 0.037576 0.012398 -1.376173
1757579852.517685 -0.036050 -0.004387 0.002098 0.087548 -1.133936 0.037957 0.012398 -1.376554
1757579852.519799 -0.036050 -0.004387 0.002098 0.087548 -1.133554 0.037957 0.012398 -1.376936
1757579852.521710 -0.036050 -0.004387 0.002098 0.087548 -1.133173 0.037957 0.012398 -1.377317
1757579852.523686 -0.036050 -0.004387 0.002098 0.087548 -1.132792 0.037957 0.012398 -1.377699
1757579852.525711 -0.036050 -0.004387 0.002098 0.087548 -1.132029 0.037957 0.012398 -1.378080
1757579852.527704 -0.036050 -0.004387 0.002098 0.087548 -1.131647 0.037957 0.012398 -1.378462
1757579852.529713 -0.036050 -0.004387 0.002098 0.087548 -1.131266 0.037957 0.012398 -1.378462
1757579852.531695 -0.036050 -0.004387 0.002098 0.087548 -1.130503 0.038339 0.012398 -1.378843
1757579852.533684 -0.036050 -0.004387 0.002098 0.087548 -1.130121 0.038339 0.012398 -1.379225
1757579852.535685 -0.036050 -0.004387 0.002098 0.087548 -1.129740 0.038339 0.012398 -1.379606
1757579852.537710 -0.036050 -0.004387 0.002098 0.087548 -1.128977 0.038339 0.012398 -1.379988
1757579852.539693 -0.036050 -0.004387 0.002098 0.087548 -1.128595 0.038339 0.012398 -1.380369
1757579852.541686 -0.036050 -0.004387 0.002098 0.087548 -1.127832 0.038339 0.012016 -1.380751
1757579852.543683 -0.036050 -0.004387 0.002098 0.087548 -1.127451 0.038339 0.012016 -1.381132
1757579852.545700 -0.036050 -0.004387 0.002098 0.087548 -1.126688 0.038720 0.012016 -1.381514
1757579852.547683 -0.036050 -0.004387 0.002098 0.087548 -1.126307 0.038720 0.012016 -1.381514
1757579852.549697 -0.036050 -0.004387 0.002098 0.087548 -1.125544 0.038720 0.012016 -1.381895
1757579852.551703 -0.036050 -0.004387 0.002098 0.087548 -1.125162 0.038720 0.012016 -1.382277
1757579852.553698 -0.036050 -0.004387 0.002098 0.087548 -1.124781 0.038720 0.012016 -1.382658
1757579852.555696 -0.036050 -0.004387 0.002098 0.087548 -1.124018 0.038720 0.012016 -1.383039
1757579852.557701 -0.036050 -0.004387 0.002098 0.087548 -1.123255 0.038720 0.012016 -1.383421
1757579852.559695 -0.036050 -0.004387 0.002098 0.087548 -1.122873 0.039102 0.011635 -1.383802
1757579852.561693 -0.036050 -0.004387 0.002098 0.087548 -1.122110 0.039102 0.011635 -1.384184
1757579852.563684 -0.036050 -0.004387 0.002098 0.087548 -1.121729 0.039102 0.011635 -1.384565
1757579852.565701 -0.036050 -0.004387 0.002098 0.087548 -1.120966 0.039102 0.011635 -1.384565
1757579852.567684 -0.036050 -0.004387 0.002098 0.087548 -1.120584 0.039102 0.011635 -1.384947
1757579852.569685 -0.036050 -0.004387 0.002098 0.087548 -1.119822 0.039102 0.011635 -1.385328
1757579852.571681 -0.036050 -0.004387 0.002098 0.087548 -1.119440 0.039102 0.011635 -1.385710
1757579852.573740 -0.036050 -0.004387 0.002098 0.087548 -1.118677 0.039102 0.011635 -1.386091
1757579852.575697 -0.036050 -0.004387 0.002098 0.087548 -1.117914 0.039483 0.011635 -1.386473
1757579852.577781 -0.036050 -0.004387 0.002098 0.087548 -1.117533 0.039483 0.011635 -1.386854
1757579852.579717 -0.036050 -0.004387 0.002098 0.087548 -1.116770 0.039483 0.011253 -1.387236
1757579852.581748 -0.036050 -0.004387 0.002098 0.087548 -1.116388 0.039483 0.011253 -1.387617
1757579852.583712 -0.036050 -0.004387 0.002098 0.087548 -1.115625 0.039483 0.011253 -1.387999
1757579852.585711 -0.036050 -0.004387 0.002098 0.087548 -1.115244 0.039483 0.011253 -1.388380
1757579852.587704 -0.036050 -0.004387 0.002098 0.087548 -1.114481 0.039483 0.011253 -1.388762
1757579852.589760 -0.036050 -0.004387 0.002098 0.087548 -1.113718 0.039483 0.011253 -1.389143
1757579852.591711 -0.036050 -0.004387 0.002098 0.087548 -1.113337 0.039865 0.011253 -1.389524
1757579852.593699 -0.036050 -0.004387 0.002098 0.087548 -1.112574 0.039865 0.011253 -1.390287
1757579852.595706 -0.036050 -0.004387 0.002098 0.087548 -1.111811 0.039865 0.011253 -1.390669
1757579852.597744 -0.035668 -0.004387 0.002098 0.087548 -1.111429 0.039865 0.011253 -1.391050
1757579852.599754 -0.035668 -0.004387 0.002098 0.087548 -1.110666 0.039865 0.011253 -1.391813
1757579852.601744 -0.035668 -0.004387 0.002098 0.087548 -1.110285 0.039865 0.011253 -1.392195
1757579852.603720 -0.035668 -0.004387 0.002098 0.087548 -1.109522 0.039865 0.011253 -1.392576
1757579852.605709 -0.035668 -0.004387 0.002098 0.087548 -1.108759 0.040246 0.011253 -1.393339
1757579852.607749 -0.035668 -0.004387 0.002098 0.087548 -1.108377 0.040246 0.011253 -1.393721
1757579852.609746 -0.035668 -0.004387 0.002098 0.087548 -1.107615 0.040246 0.010872 -1.394102
1757579852.611730 -0.035668 -0.004387 0.002098 0.087548 -1.107233 0.040246 0.010872 -1.394865
1757579852.613747 -0.035668 -0.004387 0.002098 0.087548 -1.106470 0.040246 0.010872 -1.395247
1757579852.615730 -0.035668 -0.004387 0.002098 0.087548 -1.106089 0.040246 0.010872 -1.395628
1757579852.617804 -0.035668 -0.004387 0.002098 0.087548 -1.105326 0.040627 0.010872 -1.396009
1757579852.619719 -0.035668 -0.004387 0.002098 0.087548 -1.104944 0.040627 0.010872 -1.396391
1757579852.621696 -0.035668 -0.004387 0.002098 0.087548 -1.104181 0.040627 0.010872 -1.396772
1757579852.623699 -0.035668 -0.004387 0.002098 0.087548 -1.103800 0.040627 0.010872 -1.397154
1757579852.625695 -0.035668 -0.004387 0.002098 0.087548 -1.103418 0.040627 0.010872 -1.397535
1757579852.627712 -0.035668 -0.004387 0.002098 0.087548 -1.102655 0.041009 0.010872 -1.397917
1757579852.629695 -0.035668 -0.004387 0.002098 0.087548 -1.102274 0.041009 0.010872 -1.398298
1757579852.631695 -0.035668 -0.004387 0.002098 0.087548 -1.101892 0.041009 0.010872 -1.398680
1757579852.633707 -0.035668 -0.004387 0.002098 0.087548 -1.101511 0.041009 0.010872 -1.399061
1757579852.635696 -0.035668 -0.004387 0.002098 0.087548 -1.101130 0.041009 0.010872 -1.399443
1757579852.637686 -0.035668 -0.004387 0.002098 0.087548 -1.100748 0.041390 0.010872 -1.399824
1757579852.639696 -0.035668 -0.004387 0.002098 0.087548 -1.099985 0.041390 0.010872 -1.400206
1757579852.641704 -0.035668 -0.004387 0.002098 0.087548 -1.099604 0.041390 0.010872 -1.400587
1757579852.643710 -0.035668 -0.004387 0.002098 0.087548 -1.099222 0.041390 0.010490 -1.400969
1757579852.645715 -0.035668 -0.004387 0.002098 0.087548 -1.098841 0.041390 0.010490 -1.401350
1757579852.647685 -0.035668 -0.004387 0.002098 0.087548 -1.098459 0.041772 0.010490 -1.401731
1757579852.649727 -0.035668 -0.004387 0.002098 0.087548 -1.098078 0.041772 0.010490 -1.402113
1757579852.651678 -0.035668 -0.004387 0.002098 0.087548 -1.097696 0.041772 0.010490 -1.402494
1757579852.653701 -0.035668 -0.004387 0.002098 0.087548 -1.097315 0.041772 0.010490 -1.402876
1757579852.655695 -0.035668 -0.004387 0.002098 0.087548 -1.096933 0.041772 0.010109 -1.403257
1757579852.657700 -0.035668 -0.004387 0.002098 0.087548 -1.096552 0.041772 0.010109 -1.403639
1757579852.659703 -0.035668 -0.004387 0.002098 0.087548 -1.096170 0.041772 0.010109 -1.404020
1757579852.661705 -0.035668 -0.004387 0.002098 0.087548 -1.095789 0.042153 0.010109 -1.404402
1757579852.663686 -0.035668 -0.004387 0.002098 0.087548 -1.095407 0.042153 0.010109 -1.404783
1757579852.665700 -0.035668 -0.004387 0.002098 0.087548 -1.095026 0.042153 0.009727 -1.405165
1757579852.667696 -0.035668 -0.004387 0.002098 0.087548 -1.094645 0.042153 0.009727 -1.405546
1757579852.669701 -0.035668 -0.004387 0.002098 0.087548 -1.094645 0.042153 0.009727 -1.405928
1757579852.671684 -0.035668 -0.004387 0.002098 0.087548 -1.094263 0.042535 0.009727 -1.406310
1757579852.673690 -0.035668 -0.004387 0.002098 0.087548 -1.093882 0.042535 0.009727 -1.406692
1757579852.675708 -0.035668 -0.004387 0.002098 0.087548 -1.093499 0.042535 0.009346 -1.407073
1757579852.677719 -0.035668 -0.004387 0.002098 0.087548 -1.093118 0.042535 0.009346 -1.407454
1757579852.679679 -0.035668 -0.004387 0.002098 0.087548 -1.093118 0.042535 0.009346 -1.407836
1757579852.681675 -0.035668 -0.004387 0.002098 0.087548 -1.092736 0.042916 0.009346 -1.408217
1757579852.683696 -0.035668 -0.004387 0.002098 0.087548 -1.092355 0.042916 0.009346 -1.408599
1757579852.685674 -0.035668 -0.004387 0.002098 0.087548 -1.092355 0.042916 0.009346 -1.408980
1757579852.687678 -0.035668 -0.004387 0.002098 0.087548 -1.091973 0.042916 0.009346 -1.409362
1757579852.689697 -0.035668 -0.004387 0.002098 0.087548 -1.091592 0.043298 0.009346 -1.409743
1757579852.691702 -0.035668 -0.004387 0.002098 0.087548 -1.091210 0.043298 0.008965 -1.410125
1757579852.693696 -0.035668 -0.004387 0.002098 0.087548 -1.090829 0.043298 0.008965 -1.410506
1757579852.695712 -0.035668 -0.004387 0.002098 0.087548 -1.090447 0.043679 0.009346 -1.410888
1757579852.697696 -0.035668 -0.004387 0.002098 0.087548 -1.090066 0.043679 0.009346 -1.411269
1757579852.699704 -0.035668 -0.004387 0.002098 0.087548 -1.089684 0.044061 0.009346 -1.412032
1757579852.701688 -0.035668 -0.004387 0.002098 0.087548 -1.089303 0.044061 0.009346 -1.412414
1757579852.703699 -0.035668 -0.004387 0.002098 0.087548 -1.088922 0.044442 0.009346 -1.412795
1757579852.705706 -0.035668 -0.004387 0.002098 0.087548 -1.088159 0.044824 0.009346 -1.413558
1757579852.707701 -0.035668 -0.004387 0.002098 0.087548 -1.087777 0.044824 0.009346 -1.413939
1757579852.709687 -0.035668 -0.004387 0.002098 0.087548 -1.087396 0.045205 0.009346 -1.414702
1757579852.711690 -0.035668 -0.004387 0.002098 0.087548 -1.087014 0.045587 0.009346 -1.415084
1757579852.713687 -0.035668 -0.004387 0.002098 0.087548 -1.086633 0.045968 0.009346 -1.415847
1757579852.715703 -0.035668 -0.004387 0.002098 0.087548 -1.085870 0.046350 0.009346 -1.416228
1757579852.717697 -0.035668 -0.004387 0.002098 0.087548 -1.085488 0.046731 0.009346 -1.416991
1757579852.719698 -0.035668 -0.004387 0.002098 0.087548 -1.085107 0.047112 0.009346 -1.417373
1757579852.721684 -0.035668 -0.004387 0.002098 0.087548 -1.084725 0.047494 0.009346 -1.418136
1757579852.723713 -0.035668 -0.004387 0.002098 0.087548 -1.084344 0.047875 0.009727 -1.418517
1757579852.725697 -0.035668 -0.004387 0.002098 0.087548 -1.083962 0.048257 0.009727 -1.419280
1757579852.727698 -0.035668 -0.004387 0.002098 0.087548 -1.083581 0.048638 0.009727 -1.419662
1757579852.729730 -0.035668 -0.004387 0.002098 0.087548 -1.083200 0.049020 0.009727 -1.420043
1757579852.731725 -0.035668 -0.004387 0.002098 0.087548 -1.082818 0.049401 0.009727 -1.420806
1757579852.733685 -0.035668 -0.004387 0.002098 0.087548 -1.082437 0.049783 0.009727 -1.421187
1757579852.735763 -0.035668 -0.004387 0.002098 0.087548 -1.082437 0.050164 0.009727 -1.421569
1757579852.737720 -0.036050 -0.004387 0.002098 0.087548 -1.082055 0.050546 0.009727 -1.422332
1757579852.739710 -0.036050 -0.004387 0.002098 0.087548 -1.081674 0.050927 0.009727 -1.422713
1757579852.741709 -0.036050 -0.004387 0.002098 0.087548 -1.081292 0.051309 0.009727 -1.423095
1757579852.743711 -0.036050 -0.004387 0.002098 0.087548 -1.080911 0.051690 0.009727 -1.423476
1757579852.745697 -0.036050 -0.004387 0.002098 0.087548 -1.080529 0.052453 0.009727 -1.423858
1757579852.747698 -0.036050 -0.004387 0.002098 0.087548 -1.080529 0.052835 0.009727 -1.424621
1757579852.749759 -0.036050 -0.004387 0.002098 0.087548 -1.080148 0.053216 0.009346 -1.425002
1757579852.751705 -0.036050 -0.004387 0.002098 0.087548 -1.079766 0.053597 0.009346 -1.425384
1757579852.753688 -0.036050 -0.004387 0.002098 0.087548 -1.079766 0.053979 0.009346 -1.425765
1757579852.755698 -0.036050 -0.004387 0.002098 0.087548 -1.079385 0.054360 0.009346 -1.426147
1757579852.757697 -0.036050 -0.004387 0.002098 0.087548 -1.079003 0.054742 0.009346 -1.426528
1757579852.759706 -0.036050 -0.004387 0.002098 0.087167 -1.079003 0.055123 0.009346 -1.426909
1757579852.761684 -0.036050 -0.004387 0.002098 0.087167 -1.078622 0.055505 0.009346 -1.427291
1757579852.763698 -0.036050 -0.004387 0.002098 0.087167 -1.078622 0.055886 0.009346 -1.427672
1757579852.765681 -0.036050 -0.004387 0.002098 0.087167 -1.078240 0.056268 0.009346 -1.428054
1757579852.767769 -0.036050 -0.004387 0.002098 0.087167 -1.078240 0.056649 0.008965 -1.428435
1757579852.769737 -0.036050 -0.004387 0.002098 0.087167 -1.077859 0.057031 0.008965 -1.428817
1757579852.771735 -0.036050 -0.004387 0.002098 0.087167 -1.077859 0.057412 0.008965 -1.429198
1757579852.773713 -0.036050 -0.004387 0.002098 0.087167 -1.077477 0.057794 0.008965 -1.429580
1757579852.775721 -0.036050 -0.004387 0.002098 0.087167 -1.077477 0.057794 0.008965 -1.429961
1757579852.777705 -0.036050 -0.004387 0.002098 0.087167 -1.077477 0.058175 0.008583 -1.430343
1757579852.779721 -0.036050 -0.004387 0.002098 0.087167 -1.077096 0.058557 0.008583 -1.430724
1757579852.781686 -0.036050 -0.004387 0.002098 0.087167 -1.077096 0.058938 0.008583 -1.431106
1757579852.783666 -0.036050 -0.004387 0.002098 0.087167 -1.076715 0.059319 0.008583 -1.431487
1757579852.785649 -0.036050 -0.004387 0.002098 0.087167 -1.076715 0.059319 0.008202 -1.432250
1757579852.787650 -0.036050 -0.004387 0.002098 0.087167 -1.076715 0.059701 0.008202 -1.432631
1757579852.789669 -0.036050 -0.004387 0.002098 0.087167 -1.076715 0.060082 0.008202 -1.433013
1757579852.791657 -0.036050 -0.004387 0.002098 0.087167 -1.076333 0.060464 0.008202 -1.433394
1757579852.793643 -0.036050 -0.004387 0.002098 0.087167 -1.076333 0.060464 0.007820 -1.433776
1757579852.795666 -0.036050 -0.004387 0.002098 0.087167 -1.076333 0.060845 0.007820 -1.434157
1757579852.797646 -0.036050 -0.004387 0.002098 0.087167 -1.076333 0.061227 0.007820 -1.434539
1757579852.799678 -0.036050 -0.004387 0.002098 0.087167 -1.075952 0.061608 0.007820 -1.434920
1757579852.801648 -0.036050 -0.004387 0.002098 0.087167 -1.075952 0.061608 0.007439 -1.435302
1757579852.803652 -0.036050 -0.004387 0.002098 0.087167 -1.075952 0.061990 0.007439 -1.435683
1757579852.805646 -0.036050 -0.004387 0.002098 0.087167 -1.075952 0.062371 0.007439 -1.436065
1757579852.807648 -0.036050 -0.004387 0.002098 0.087167 -1.075570 0.062753 0.007439 -1.436446
1757579852.809656 -0.036050 -0.004387 0.002098 0.087167 -1.075570 0.062753 0.007439 -1.436828
1757579852.811661 -0.036050 -0.004387 0.002098 0.087167 -1.075570 0.063134 0.007057 -1.437209
1757579852.813659 -0.036050 -0.004387 0.002098 0.087167 -1.075570 0.063516 0.007057 -1.437591
1757579852.815666 -0.036050 -0.004387 0.002098 0.087167 -1.075570 0.063897 0.007057 -1.437972
1757579852.817672 -0.036050 -0.004387 0.002098 0.087167 -1.075189 0.064279 0.007057 -1.438354
1757579852.819677 -0.036050 -0.004387 0.002098 0.087167 -1.075189 0.064660 0.007057 -1.438735
1757579852.821676 -0.036050 -0.004387 0.002098 0.087167 -1.075189 0.065042 0.006676 -1.439116
1757579852.823686 -0.036050 -0.004387 0.002098 0.087167 -1.075189 0.065423 0.006676 -1.439498
1757579852.825682 -0.036050 -0.004387 0.002098 0.087167 -1.074807 0.065804 0.006676 -1.439879
1757579852.827680 -0.036050 -0.004387 0.002098 0.087167 -1.074807 0.066186 0.006676 -1.440261
1757579852.829700 -0.036050 -0.004387 0.002098 0.087167 -1.074807 0.066186 0.006676 -1.440642
1757579852.831709 -0.036050 -0.004387 0.002098 0.087167 -1.074807 0.066949 0.006294 -1.441024
1757579852.833682 -0.036050 -0.004387 0.002098 0.087167 -1.074426 0.067330 0.006294 -1.441405
1757579852.835677 -0.036050 -0.004387 0.002098 0.087167 -1.074426 0.067712 0.006294 -1.441787
1757579852.837700 -0.036050 -0.004387 0.002098 0.087167 -1.074426 0.068093 0.006294 -1.442168
1757579852.839672 -0.036050 -0.004387 0.002098 0.087167 -1.074044 0.068475 0.005913 -1.442550
1757579852.841677 -0.036050 -0.004387 0.002098 0.087167 -1.074044 0.068856 0.005913 -1.442931
1757579852.843710 -0.036050 -0.004387 0.002098 0.087167 -1.074044 0.069238 0.005913 -1.443313
1757579852.845718 -0.036050 -0.004387 0.002098 0.087167 -1.074044 0.069619 0.005913 -1.443694
1757579852.847714 -0.036050 -0.004387 0.002098 0.087167 -1.073663 0.070001 0.005913 -1.444076
1757579852.849718 -0.036050 -0.004387 0.002098 0.087167 -1.073663 0.070382 0.005913 -1.444457
1757579852.851701 -0.036050 -0.004387 0.002098 0.087167 -1.073663 0.070764 0.005913 -1.444839
1757579852.853675 -0.036050 -0.004387 0.002098 0.087167 -1.073663 0.071145 0.005913 -1.445220
1757579852.855718 -0.036050 -0.004387 0.002098 0.087167 -1.073281 0.071527 0.005531 -1.445601
1757579852.857724 -0.036050 -0.004387 0.002098 0.087167 -1.073281 0.071908 0.005531 -1.445983
1757579852.859713 -0.036050 -0.004387 0.002098 0.087167 -1.073281 0.072671 0.005531 -1.446364
1757579852.861754 -0.036050 -0.004387 0.002098 0.087167 -1.073281 0.073052 0.005531 -1.446746
1757579852.863674 -0.036050 -0.004387 0.002098 0.087167 -1.073281 0.073434 0.005531 -1.447127
1757579852.865675 -0.036050 -0.004387 0.002098 0.087167 -1.072900 0.073815 0.005531 -1.447509
1757579852.867654 -0.036050 -0.004387 0.002098 0.087167 -1.072900 0.074578 0.005531 -1.447890
1757579852.869663 -0.036050 -0.004387 0.002098 0.087167 -1.072900 0.074960 0.005531 -1.448272
1757579852.871655 -0.036050 -0.004387 0.002098 0.087167 -1.072900 0.075341 0.005150 -1.448653
1757579852.873662 -0.036050 -0.004387 0.002098 0.087167 -1.072900 0.076104 0.005150 -1.449035
1757579852.875662 -0.036050 -0.004387 0.002098 0.087167 -1.072518 0.076486 0.005150 -1.449416
1757579852.877672 -0.036050 -0.004387 0.002098 0.087167 -1.072518 0.077249 0.005150 -1.449798
1757579852.879677 -0.036050 -0.004387 0.002098 0.087167 -1.072518 0.077630 0.005150 -1.450179
1757579852.881684 -0.036050 -0.004387 0.002098 0.087167 -1.072518 0.078012 0.005150 -1.450561
1757579852.883689 -0.036050 -0.004387 0.002098 0.087167 -1.072137 0.078774 0.005150 -1.450942
1757579852.885686 -0.036050 -0.004387 0.002098 0.087167 -1.072137 0.079156 0.004768 -1.451324
1757579852.887681 -0.036050 -0.004387 0.002098 0.087167 -1.072137 0.079919 0.004768 -1.451705
1757579852.889685 -0.036050 -0.004387 0.002098 0.087167 -1.072137 0.080300 0.004768 -1.452086
1757579852.891718 -0.036050 -0.004387 0.002098 0.087167 -1.072137 0.080682 0.004768 -1.452468
1757579852.893701 -0.036050 -0.004387 0.002098 0.087167 -1.071755 0.081445 0.004768 -1.452849
1757579852.895686 -0.036050 -0.004387 0.002098 0.087167 -1.071755 0.081826 0.004768 -1.453231
1757579852.897686 -0.036050 -0.004387 0.002098 0.087167 -1.071755 0.082208 0.004387 -1.453612
1757579852.899714 -0.036050 -0.004387 0.002098 0.087167 -1.071755 0.082971 0.004387 -1.453994
1757579852.901686 -0.036050 -0.004387 0.002098 0.087167 -1.071755 0.083352 0.004387 -1.454375
1757579852.903725 -0.036050 -0.004387 0.002098 0.087167 -1.071374 0.084115 0.004387 -1.454757
1757579852.905688 -0.036050 -0.004387 0.002098 0.087167 -1.071374 0.084496 0.004387 -1.455138
1757579852.907722 -0.036050 -0.004387 0.002098 0.087167 -1.071374 0.084878 0.004387 -1.455520
1757579852.909725 -0.036050 -0.004387 0.002098 0.087167 -1.071374 0.085641 0.004005 -1.455520
1757579852.911723 -0.036050 -0.004387 0.002098 0.087167 -1.071374 0.086022 0.004005 -1.455901
1757579852.913727 -0.036050 -0.004387 0.002098 0.087167 -1.070992 0.086785 0.004005 -1.456283
1757579852.915728 -0.036050 -0.004387 0.002098 0.087167 -1.070992 0.087167 0.004005 -1.456664
1757579852.917730 -0.036050 -0.004387 0.002098 0.087167 -1.070992 0.087930 0.004005 -1.457046
1757579852.919723 -0.036050 -0.004387 0.002098 0.087167 -1.070992 0.088311 0.004005 -1.457427
1757579852.921722 -0.036050 -0.004387 0.002098 0.087167 -1.070992 0.089074 0.003624 -1.457808
1757579852.923739 -0.036050 -0.004387 0.002098 0.087167 -1.070611 0.089456 0.003624 -1.458571
1757579852.925730 -0.036050 -0.004387 0.002098 0.087167 -1.070611 0.090219 0.003624 -1.458953
1757579852.927726 -0.036050 -0.004387 0.002098 0.087167 -1.070611 0.090600 0.003624 -1.459334
1757579852.929731 -0.036050 -0.004387 0.002098 0.087167 -1.070611 0.091363 0.003624 -1.459716
1757579852.931725 -0.036050 -0.004387 0.002098 0.087167 -1.070611 0.091744 0.003624 -1.460097
1757579852.933730 -0.036050 -0.004387 0.002098 0.087167 -1.070230 0.092507 0.003624 -1.460479
1757579852.935725 -0.036050 -0.004387 0.002098 0.087167 -1.070230 0.092889 0.003624 -1.460860
1757579852.937729 -0.036050 -0.004387 0.002098 0.087167 -1.070230 0.093652 0.003624 -1.461242
1757579852.939719 -0.036050 -0.004387 0.002098 0.087167 -1.070230 0.094416 0.003242 -1.461623
1757579852.941730 -0.036050 -0.004387 0.002098 0.087167 -1.070230 0.094797 0.003242 -1.462005
1757579852.943726 -0.036050 -0.004387 0.002098 0.087167 -1.070230 0.095560 0.003242 -1.462386
1757579852.945730 -0.036050 -0.004387 0.002098 0.087167 -1.070230 0.096323 0.003242 -1.462768
1757579852.947726 -0.036050 -0.004387 0.002098 0.087167 -1.070230 0.096704 0.003242 -1.463149
1757579852.949731 -0.036050 -0.004387 0.002098 0.087167 -1.069848 0.097467 0.003242 -1.463531
1757579852.951724 -0.036050 -0.004387 0.002098 0.087167 -1.069848 0.098230 0.003242 -1.463912
1757579852.953717 -0.036050 -0.004387 0.002098 0.087167 -1.069848 0.098993 0.003242 -1.464293
1757579852.955733 -0.036431 -0.004387 0.002098 0.087167 -1.069848 0.099375 0.002861 -1.464675
1757579852.957724 -0.036431 -0.004387 0.002098 0.087167 -1.069848 0.100138 0.002861 -1.465056
1757579852.959769 -0.036431 -0.004387 0.002098 0.087167 -1.069848 0.100901 0.002861 -1.465438
1757579852.961750 -0.036431 -0.004387 0.002098 0.087167 -1.069848 0.101282 0.002861 -1.465819
1757579852.963727 -0.036431 -0.004387 0.002098 0.087167 -1.069848 0.102045 0.002861 -1.466201
1757579852.965729 -0.036431 -0.004387 0.002098 0.087167 -1.069848 0.102808 0.002861 -1.466582
1757579852.967724 -0.036431 -0.004387 0.002098 0.087167 -1.069848 0.103571 0.002861 -1.466964
1757579852.969727 -0.036431 -0.004387 0.002098 0.087167 -1.069848 0.103952 0.002861 -1.467345
1757579852.971720 -0.036431 -0.004387 0.002098 0.087167 -1.069467 0.104715 0.002480 -1.467727
1757579852.973731 -0.036431 -0.004387 0.002098 0.087167 -1.069467 0.105478 0.002480 -1.468108
1757579852.975726 -0.036431 -0.004387 0.002098 0.087167 -1.069467 0.106241 0.002480 -1.468490
1757579852.977732 -0.036431 -0.004387 0.002098 0.087167 -1.069467 0.107004 0.002480 -1.468872
1757579852.979727 -0.036431 -0.004387 0.002098 0.087167 -1.069467 0.107386 0.002480 -1.469254
1757579852.981726 -0.036431 -0.004387 0.002098 0.087167 -1.069467 0.108149 0.002480 -1.469635
1757579852.983723 -0.036431 -0.004387 0.002098 0.087167 -1.069467 0.108912 0.002480 -1.470016
1757579852.985771 -0.036431 -0.004387 0.002098 0.087167 -1.069467 0.109674 0.002480 -1.470398
1757579852.987715 -0.036431 -0.004387 0.002098 0.087167 -1.069467 0.110437 0.002098 -1.470779
1757579852.989724 -0.036431 -0.004387 0.002098 0.087167 -1.069467 0.111200 0.002098 -1.471161
1757579852.991746 -0.036813 -0.004387 0.002098 0.087167 -1.069467 0.111963 0.002098 -1.471542
1757579852.993730 -0.036813 -0.004387 0.002098 0.087167 -1.069467 0.112726 0.002098 -1.471924
1757579852.995723 -0.036813 -0.004387 0.002098 0.087167 -1.069467 0.113489 0.002098 -1.472305
1757579852.997687 -0.036813 -0.004387 0.002098 0.087167 -1.069085 0.114252 0.002098 -1.472687
1757579852.999685 -0.036813 -0.004387 0.002098 0.087167 -1.069085 0.114634 0.002098 -1.472687
1757579853.001686 -0.036813 -0.004387 0.002098 0.087167 -1.069085 0.115396 0.001717 -1.473068
1757579853.003680 -0.036813 -0.004387 0.002098 0.087167 -1.069085 0.116159 0.001717 -1.473450
1757579853.005681 -0.036813 -0.004387 0.002098 0.087167 -1.069085 0.116922 0.001717 -1.473831
1757579853.007678 -0.036813 -0.004387 0.002098 0.087167 -1.069085 0.117685 0.001717 -1.474213
1757579853.009681 -0.036813 -0.004387 0.002098 0.087167 -1.069085 0.118448 0.001717 -1.474594
1757579853.011679 -0.036813 -0.004387 0.002098 0.087167 -1.069085 0.119211 0.001717 -1.474976
1757579853.013679 -0.036813 -0.004387 0.002098 0.087167 -1.069085 0.119974 0.001717 -1.475357
1757579853.015720 -0.036813 -0.004387 0.002098 0.087167 -1.069085 0.120737 0.001717 -1.475739
1757579853.017711 -0.036813 -0.004387 0.002098 0.087167 -1.069085 0.121500 0.001335 -1.476120
1757579853.019679 -0.036813 -0.004387 0.002098 0.087167 -1.069085 0.122263 0.001335 -1.476120
1757579853.021683 -0.037194 -0.004387 0.002098 0.087167 -1.069085 0.122644 0.001335 -1.476883
1757579853.023681 -0.037194 -0.004387 0.002098 0.087167 -1.069085 0.123407 0.001335 -1.477264
1757579853.025694 -0.037194 -0.004387 0.002098 0.087167 -1.068704 0.124170 0.001335 -1.477646
1757579853.027677 -0.037194 -0.004387 0.002098 0.087167 -1.068704 0.124933 0.001335 -1.478027
1757579853.029730 -0.037194 -0.004387 0.002098 0.087167 -1.068704 0.125696 0.001335 -1.478409
1757579853.031725 -0.037194 -0.004387 0.002098 0.087167 -1.068704 0.126459 0.000954 -1.478790
1757579853.033728 -0.037194 -0.004387 0.002098 0.087167 -1.068704 0.127222 0.000954 -1.479172
1757579853.035726 -0.037194 -0.004387 0.002098 0.087167 -1.068704 0.127985 0.000954 -1.479553
1757579853.037729 -0.037194 -0.004387 0.002098 0.087167 -1.068704 0.128366 0.000954 -1.479935
1757579853.039725 -0.037194 -0.004387 0.002098 0.087167 -1.068704 0.129129 0.000954 -1.480698
1757579853.041731 -0.037194 -0.004387 0.002098 0.087167 -1.068704 0.129892 0.000954 -1.481079
1757579853.043725 -0.037194 -0.004387 0.002098 0.087167 -1.068704 0.130655 0.000954 -1.481461
1757579853.045732 -0.037194 -0.004387 0.002098 0.087167 -1.068704 0.131418 0.000954 -1.481842
1757579853.047768 -0.037194 -0.004387 0.002098 0.087167 -1.068322 0.132181 0.000954 -1.482224
1757579853.049731 -0.037576 -0.004387 0.002098 0.087167 -1.068322 0.132563 0.000572 -1.482605
1757579853.051719 -0.037576 -0.004387 0.002098 0.087167 -1.068322 0.133326 0.000572 -1.482986
1757579853.053735 -0.037576 -0.004387 0.002098 0.087167 -1.068322 0.134089 0.000572 -1.483368
1757579853.055728 -0.037576 -0.004387 0.002098 0.087167 -1.068322 0.134851 0.000572 -1.483749
1757579853.057726 -0.037576 -0.004387 0.002098 0.087167 -1.068322 0.135614 0.000572 -1.484131
1757579853.059725 -0.037576 -0.004387 0.002098 0.087167 -1.068322 0.136377 0.000572 -1.484894
1757579853.061733 -0.037576 -0.004387 0.002098 0.087167 -1.068322 0.136759 0.000572 -1.485275
1757579853.063725 -0.037576 -0.004387 0.002098 0.087167 -1.068322 0.137522 0.000572 -1.485657
1757579853.065729 -0.037576 -0.004387 0.002098 0.087167 -1.068322 0.138285 0.000191 -1.486038
1757579853.067724 -0.037576 -0.004387 0.002098 0.087167 -1.068322 0.139048 0.000191 -1.486420
1757579853.069745 -0.037576 -0.004387 0.002098 0.087167 -1.068322 0.139811 0.000191 -1.486801
1757579853.071727 -0.037576 -0.004387 0.002098 0.087167 -1.068322 0.140192 0.000191 -1.487183
1757579853.073727 -0.037576 -0.004387 0.002098 0.087167 -1.068322 0.140955 0.000191 -1.487946
1757579853.075723 -0.037576 -0.004387 0.002098 0.087167 -1.068322 0.141718 0.000191 -1.488327
1757579853.077739 -0.037576 -0.004387 0.002098 0.087167 -1.068322 0.142481 -0.000191 -1.488708
1757579853.079736 -0.037576 -0.004387 0.002098 0.087167 -1.068322 0.143244 -0.000191 -1.489090
1757579853.081722 -0.037576 -0.004387 0.002098 0.087167 -1.068322 0.143625 -0.000191 -1.489471
1757579853.087136 -0.037576 -0.004387 0.002098 0.087167 -1.068322 0.144388 -0.000191 -1.489853
1757579853.087935 -0.037957 -0.004387 0.002098 0.087167 -1.068322 0.145151 -0.000191 -1.490234
1757579853.088595 -0.037957 -0.004387 0.002098 0.087167 -1.068322 0.145533 -0.000572 -1.490997
1757579853.089747 -0.037957 -0.004387 0.002098 0.087167 -1.068322 0.146296 -0.000572 -1.491379
1757579853.091709 -0.037957 -0.004387 0.002098 0.087167 -1.068322 0.147058 -0.000572 -1.491760
1757579853.093700 -0.037957 -0.004387 0.002098 0.087167 -1.068322 0.147440 -0.000572 -1.492142
1757579853.095677 -0.037957 -0.004387 0.002098 0.087167 -1.068322 0.148203 -0.000572 -1.492523
1757579853.097812 -0.037957 -0.004387 0.002098 0.087167 -1.068322 0.148966 -0.000572 -1.492905
1757579853.099659 -0.037957 -0.004387 0.002098 0.087167 -1.068322 0.149347 -0.000954 -1.493286
1757579853.101676 -0.037957 -0.004387 0.002098 0.087167 -1.068322 0.150110 -0.000954 -1.493668
1757579853.103788 -0.037957 -0.004387 0.002098 0.087167 -1.068322 0.150873 -0.000954 -1.494049
1757579853.105671 -0.037957 -0.004387 0.002098 0.087167 -1.068322 0.151255 -0.000954 -1.494431
1757579853.107797 -0.037957 -0.004387 0.002098 0.087167 -1.068322 0.152018 -0.000954 -1.495193
1757579853.109671 -0.037957 -0.004387 0.002098 0.087167 -1.068322 0.152781 -0.000954 -1.495575
1757579853.111666 -0.037957 -0.004387 0.002098 0.087167 -1.068322 0.153162 -0.001335 -1.495956
1757579853.113781 -0.037957 -0.004387 0.002098 0.087167 -1.068322 0.153925 -0.001335 -1.496338
1757579853.115672 -0.037957 -0.004387 0.002098 0.087167 -1.068322 0.154688 -0.001335 -1.496719
1757579853.117774 -0.037957 -0.004387 0.002098 0.087167 -1.068322 0.155069 -0.001335 -1.497101
1757579853.119677 -0.037957 -0.004387 0.002098 0.087167 -1.068322 0.155832 -0.001335 -1.497482
1757579853.121780 -0.037957 -0.004387 0.002098 0.087167 -1.068322 0.156596 -0.001717 -1.498245
1757579853.123683 -0.038339 -0.004387 0.002098 0.087167 -1.068322 0.156978 -0.001717 -1.498627
1757579853.125820 -0.038339 -0.004387 0.002098 0.087167 -1.068322 0.157741 -0.001717 -1.499008
1757579853.127723 -0.038339 -0.004387 0.002098 0.087167 -1.068322 0.158504 -0.001717 -1.499390
1757579853.129781 -0.038339 -0.004387 0.002098 0.087167 -1.068322 0.158885 -0.001717 -1.499771
1757579853.131701 -0.038339 -0.004387 0.002098 0.087167 -1.068322 0.159648 -0.002098 -1.500153
1757579853.133704 -0.038339 -0.004387 0.002098 0.087167 -1.068322 0.160411 -0.002098 -1.500534
1757579853.135784 -0.038339 -0.004387 0.002098 0.087167 -1.068322 0.160792 -0.002098 -1.500916
1757579853.137721 -0.038339 -0.004387 0.002098 0.087167 -1.068322 0.161555 -0.002098 -1.501297
1757579853.139745 -0.038339 -0.004387 0.002098 0.087167 -1.068322 0.162318 -0.002098 -1.501678
1757579853.141732 -0.038339 -0.004387 0.002098 0.087167 -1.068322 0.162700 -0.002480 -1.502060
1757579853.143733 -0.038339 -0.004387 0.002098 0.087167 -1.068322 0.163463 -0.002480 -1.502441
1757579853.145724 -0.038339 -0.004387 0.002098 0.087167 -1.068322 0.164226 -0.002480 -1.502823
1757579853.147724 -0.038339 -0.004387 0.002098 0.087167 -1.068322 0.164607 -0.002480 -1.503586
1757579853.149725 -0.038339 -0.004387 0.002098 0.087167 -1.068322 0.165370 -0.002861 -1.503967
1757579853.151728 -0.038339 -0.004387 0.002098 0.087167 -1.068704 0.165751 -0.002861 -1.504349
1757579853.153723 -0.038339 -0.004387 0.002098 0.087167 -1.068704 0.166514 -0.002861 -1.504730
1757579853.155727 -0.038339 -0.004387 0.002098 0.087167 -1.068704 0.166896 -0.002861 -1.505112
1757579853.157721 -0.038339 -0.004387 0.002098 0.087167 -1.068704 0.167659 -0.002861 -1.505493
1757579853.159726 -0.038339 -0.004387 0.002098 0.087167 -1.068704 0.168040 -0.003242 -1.505875
1757579853.161723 -0.038339 -0.004387 0.002098 0.087167 -1.068704 0.168803 -0.003242 -1.506256
1757579853.163727 -0.038339 -0.004387 0.002098 0.087167 -1.068704 0.169185 -0.003242 -1.506638
1757579853.165722 -0.038339 -0.004387 0.002098 0.087167 -1.068704 0.169948 -0.003242 -1.507019
1757579853.167726 -0.038339 -0.004387 0.002098 0.087167 -1.068704 0.170329 -0.003624 -1.507401
1757579853.169685 -0.038339 -0.004387 0.002098 0.087167 -1.068704 0.171092 -0.003624 -1.507782
1757579853.171724 -0.038339 -0.004387 0.002098 0.087167 -1.068704 0.171474 -0.003624 -1.508163
1757579853.173684 -0.038339 -0.004387 0.002098 0.087167 -1.068704 0.172236 -0.004005 -1.508545
1757579853.175695 -0.038339 -0.004387 0.002098 0.087167 -1.068704 0.172618 -0.004005 -1.508926
1757579853.177693 -0.038339 -0.004387 0.002098 0.087167 -1.068704 0.173381 -0.004005 -1.509308
1757579853.179688 -0.038339 -0.004387 0.002098 0.087167 -1.068704 0.173762 -0.004387 -1.509689
1757579853.181678 -0.038339 -0.004387 0.002098 0.087167 -1.068704 0.174525 -0.004387 -1.510071
1757579853.183687 -0.038339 -0.004387 0.002098 0.087167 -1.068704 0.174907 -0.004387 -1.510452
1757579853.185671 -0.038339 -0.004387 0.002098 0.087167 -1.068704 0.175670 -0.004768 -1.510834
1757579853.187712 -0.038339 -0.004387 0.002098 0.087167 -1.068704 0.176051 -0.004768 -1.511215
1757579853.189676 -0.038339 -0.004387 0.002098 0.087167 -1.068704 0.176814 -0.004768 -1.511597
1757579853.191692 -0.038339 -0.004387 0.002098 0.087167 -1.068704 0.177577 -0.005150 -1.511978
1757579853.193672 -0.038339 -0.004387 0.002098 0.087167 -1.068704 0.177958 -0.005150 -1.512360
1757579853.195701 -0.038339 -0.004387 0.002098 0.087167 -1.068704 0.178721 -0.005150 -1.512741
1757579853.197684 -0.038339 -0.004387 0.002098 0.087167 -1.068704 0.179103 -0.005531 -1.512741
1757579853.199700 -0.038339 -0.004387 0.002098 0.087167 -1.068704 0.179866 -0.005531 -1.513123
1757579853.201717 -0.038339 -0.004387 0.002098 0.087167 -1.068704 0.180247 -0.005531 -1.513504
1757579853.203705 -0.038339 -0.004387 0.002098 0.087167 -1.068704 0.181010 -0.005913 -1.513885
1757579853.205703 -0.038339 -0.004387 0.002098 0.087167 -1.068704 0.181392 -0.005913 -1.514267
1757579853.207677 -0.038339 -0.004387 0.002098 0.087167 -1.068704 0.182155 -0.006294 -1.514648
1757579853.209676 -0.038339 -0.004387 0.002098 0.087167 -1.068704 0.182536 -0.006294 -1.514648
1757579853.211685 -0.038339 -0.004387 0.002098 0.087167 -1.068704 0.183299 -0.006294 -1.515030
1757579853.213677 -0.038339 -0.004387 0.002098 0.087167 -1.068704 0.184062 -0.006676 -1.515411
1757579853.215673 -0.038339 -0.004387 0.002098 0.087167 -1.068704 0.184443 -0.006676 -1.515793
1757579853.217678 -0.038339 -0.004387 0.002098 0.087167 -1.068704 0.185206 -0.006676 -1.516174
1757579853.219675 -0.038339 -0.004387 0.002098 0.087167 -1.068704 0.185588 -0.007057 -1.516556
1757579853.221679 -0.038339 -0.004387 0.002098 0.087167 -1.068704 0.186351 -0.007057 -1.516937
1757579853.223675 -0.038339 -0.004387 0.002098 0.087167 -1.068704 0.187114 -0.007057 -1.517319
1757579853.225676 -0.038339 -0.004387 0.002098 0.087167 -1.068704 0.187495 -0.007439 -1.517700
1757579853.227677 -0.038339 -0.004387 0.002098 0.087167 -1.068322 0.188258 -0.007439 -1.517700
1757579853.229678 -0.038339 -0.004387 0.002098 0.087167 -1.068322 0.188640 -0.007439 -1.518082
1757579853.231674 -0.038339 -0.004387 0.002098 0.087167 -1.068322 0.189403 -0.007439 -1.518463
1757579853.233787 -0.038339 -0.004387 0.002098 0.087167 -1.068322 0.189784 -0.007820 -1.518845
1757579853.235694 -0.038339 -0.004387 0.002098 0.087167 -1.068322 0.190547 -0.007820 -1.519226
1757579853.237692 -0.038339 -0.004387 0.002098 0.087167 -1.068322 0.191310 -0.007820 -1.519608
1757579853.239691 -0.038339 -0.004387 0.002098 0.087167 -1.068322 0.191691 -0.008202 -1.519989
1757579853.241733 -0.038339 -0.004387 0.002098 0.087167 -1.068322 0.192454 -0.008202 -1.519989
1757579853.243687 -0.038339 -0.004387 0.002098 0.087167 -1.068322 0.192836 -0.008202 -1.520370
1757579853.245688 -0.038339 -0.004387 0.002098 0.087167 -1.068322 0.193599 -0.008583 -1.520752
1757579853.247687 -0.038339 -0.004387 0.002098 0.087167 -1.068322 0.194362 -0.008583 -1.521133
1757579853.249751 -0.038339 -0.004387 0.002098 0.087167 -1.068322 0.194743 -0.008965 -1.521133
1757579853.251677 -0.038339 -0.004387 0.002098 0.087167 -1.068322 0.195506 -0.008965 -1.521515
1757579853.253672 -0.038339 -0.004387 0.002098 0.087167 -1.068322 0.195888 -0.008965 -1.521896
1757579853.255674 -0.038339 -0.004387 0.002098 0.087167 -1.068322 0.196651 -0.009346 -1.522278
1757579853.257738 -0.038339 -0.004387 0.002098 0.087167 -1.068322 0.197032 -0.009346 -1.522278
1757579853.259725 -0.038339 -0.004387 0.002098 0.087167 -1.068322 0.197795 -0.009727 -1.522659
1757579853.261709 -0.038339 -0.004387 0.002098 0.087167 -1.068322 0.198176 -0.009727 -1.523041
1757579853.263683 -0.038339 -0.004387 0.002098 0.087167 -1.068322 0.198939 -0.010109 -1.523041
1757579853.265744 -0.038339 -0.004387 0.002098 0.087167 -1.068322 0.199321 -0.010109 -1.523422
1757579853.267678 -0.038339 -0.004387 0.002098 0.087167 -1.068322 0.200084 -0.010490 -1.523804
1757579853.269686 -0.038339 -0.004387 0.002098 0.087167 -1.068322 0.200465 -0.010872 -1.524185
1757579853.271668 -0.038339 -0.004387 0.002098 0.087167 -1.068704 0.201228 -0.010872 -1.524185
1757579853.273703 -0.038339 -0.004387 0.002098 0.087167 -1.068704 0.201610 -0.011253 -1.524567
1757579853.275677 -0.038339 -0.004387 0.002098 0.087167 -1.068704 0.202373 -0.011635 -1.524948
1757579853.277691 -0.038339 -0.004387 0.002098 0.087167 -1.068704 0.202754 -0.012016 -1.524948
1757579853.279670 -0.038339 -0.004387 0.002098 0.087167 -1.068704 0.203517 -0.012398 -1.525330
1757579853.281671 -0.038339 -0.004387 0.002098 0.087167 -1.068704 0.203898 -0.012398 -1.525711
1757579853.283671 -0.038339 -0.004387 0.002098 0.087167 -1.068704 0.204661 -0.012779 -1.526093
1757579853.285671 -0.038339 -0.004387 0.002098 0.087167 -1.068704 0.205043 -0.013161 -1.526093
1757579853.287674 -0.038339 -0.004387 0.002098 0.087167 -1.068704 0.205424 -0.013542 -1.526474
1757579853.289670 -0.038339 -0.004387 0.002098 0.087167 -1.068704 0.206187 -0.013924 -1.526855
1757579853.291674 -0.038339 -0.004387 0.002098 0.087167 -1.068704 0.206569 -0.014305 -1.527237
1757579853.293669 -0.038339 -0.004387 0.002098 0.087167 -1.068704 0.207332 -0.014305 -1.527618
1757579853.295733 -0.038339 -0.004387 0.002098 0.087167 -1.068704 0.207713 -0.014687 -1.527618
1757579853.297673 -0.038339 -0.004387 0.002098 0.087167 -1.068704 0.208095 -0.015068 -1.528000
1757579853.299673 -0.038339 -0.004387 0.002098 0.087167 -1.068704 0.208858 -0.015450 -1.528381
1757579853.301675 -0.038339 -0.004387 0.002098 0.087167 -1.068704 0.209239 -0.015831 -1.528381
1757579853.303691 -0.038339 -0.004387 0.002098 0.087167 -1.068704 0.210002 -0.016212 -1.528763
1757579853.305684 -0.038339 -0.004387 0.002098 0.087167 -1.068704 0.210383 -0.016212 -1.529144
1757579853.307669 -0.038339 -0.004387 0.002098 0.087167 -1.068704 0.211146 -0.016594 -1.529526
1757579853.309666 -0.038339 -0.004387 0.002098 0.087167 -1.068704 0.211528 -0.016975 -1.529526
1757579853.311673 -0.038339 -0.004387 0.002098 0.087167 -1.068704 0.212291 -0.017357 -1.529907
1757579853.313668 -0.038339 -0.004387 0.002098 0.087167 -1.068704 0.213054 -0.017738 -1.529907
1757579853.315668 -0.038339 -0.004387 0.002098 0.087167 -1.068704 0.213435 -0.018120 -1.530289
1757579853.317672 -0.038339 -0.004387 0.002098 0.087167 -1.068704 0.213817 -0.018501 -1.530289
1757579853.319674 -0.038339 -0.004387 0.002098 0.087167 -1.068704 0.214580 -0.018501 -1.530670
1757579853.321670 -0.038339 -0.004387 0.002098 0.087167 -1.068704 0.215343 -0.018883 -1.530670
1757579853.323676 -0.038339 -0.004387 0.002098 0.087167 -1.068704 0.215724 -0.019264 -1.531052
1757579853.325727 -0.038339 -0.004387 0.002098 0.087167 -1.068704 0.216105 -0.019646 -1.531052
1757579853.327692 -0.038339 -0.004387 0.002098 0.087167 -1.068704 0.216868 -0.020027 -1.531434
1757579853.329675 -0.038339 -0.004387 0.002098 0.087167 -1.068704 0.217250 -0.020409 -1.531434
1757579853.331701 -0.038339 -0.004387 0.002098 0.087167 -1.068704 0.218013 -0.020790 -1.531434
1757579853.333678 -0.038339 -0.004387 0.002098 0.087167 -1.068704 0.218394 -0.020790 -1.531816
1757579853.335675 -0.038339 -0.004387 0.002098 0.087167 -1.068704 0.219158 -0.021172 -1.531816
1757579853.337675 -0.038339 -0.004387 0.002098 0.087167 -1.068704 0.219540 -0.021553 -1.531816
1757579853.339671 -0.038339 -0.004387 0.002098 0.087167 -1.068704 0.220303 -0.021935 -1.532197
1757579853.341669 -0.038339 -0.004387 0.002098 0.087167 -1.068704 0.220684 -0.022316 -1.532197
1757579853.343674 -0.038339 -0.004387 0.002098 0.087167 -1.068704 0.221066 -0.022697 -1.532197
1757579853.345669 -0.038339 -0.004387 0.002098 0.087167 -1.068704 0.221828 -0.022697 -1.532578
1757579853.347668 -0.038339 -0.004387 0.002098 0.087167 -1.068704 0.222210 -0.023079 -1.532578
1757579853.349715 -0.038339 -0.004387 0.002098 0.087167 -1.068704 0.222973 -0.023460 -1.532578
1757579853.351701 -0.038339 -0.004387 0.002098 0.087167 -1.068704 0.223354 -0.023842 -1.532960
1757579853.353714 -0.038339 -0.004387 0.002098 0.087167 -1.068704 0.223736 -0.024223 -1.532960
1757579853.355676 -0.038339 -0.004387 0.002098 0.087167 -1.068704 0.224499 -0.024605 -1.532960
1757579853.357746 -0.038339 -0.004387 0.002098 0.087167 -1.068704 0.224880 -0.024605 -1.532960
1757579853.359679 -0.038339 -0.004387 0.002098 0.087167 -1.069085 0.225262 -0.024986 -1.533341
1757579853.361673 -0.038339 -0.004387 0.002098 0.087167 -1.069085 0.226025 -0.025368 -1.533341
1757579853.363668 -0.038339 -0.004387 0.002098 0.087167 -1.069085 0.226406 -0.025749 -1.533341
1757579853.365668 -0.038339 -0.004387 0.002098 0.087167 -1.069085 0.226788 -0.026131 -1.533341
1757579853.367714 -0.038339 -0.004387 0.002098 0.087167 -1.069085 0.227551 -0.026512 -1.533723
1757579853.369716 -0.038339 -0.004387 0.002098 0.087167 -1.069085 0.227932 -0.026894 -1.533723
1757579853.371695 -0.038339 -0.004387 0.002098 0.087167 -1.069085 0.228313 -0.026894 -1.533723
1757579853.373681 -0.038339 -0.004387 0.002098 0.087167 -1.069085 0.229076 -0.027275 -1.533723
1757579853.375722 -0.038339 -0.004387 0.002098 0.087167 -1.069085 0.229458 -0.027657 -1.534104
1757579853.377723 -0.038339 -0.004387 0.002098 0.087167 -1.069085 0.230221 -0.028038 -1.534104
1757579853.379726 -0.038339 -0.004387 0.002098 0.087167 -1.069085 0.230602 -0.028419 -1.534104
1757579853.381716 -0.038339 -0.004387 0.002098 0.087167 -1.068704 0.231365 -0.028801 -1.534104
1757579853.383722 -0.038339 -0.004387 0.002098 0.087167 -1.068704 0.231747 -0.029182 -1.534104
1757579853.385716 -0.038339 -0.004387 0.002098 0.087167 -1.068704 0.232510 -0.029182 -1.534486
1757579853.387722 -0.038339 -0.004387 0.002098 0.087167 -1.068704 0.232891 -0.029564 -1.534486
1757579853.389747 -0.038720 -0.004387 0.002098 0.087167 -1.068704 0.233654 -0.029945 -1.534486
1757579853.391721 -0.038720 -0.004387 0.002098 0.087167 -1.068704 0.234035 -0.030327 -1.534486
1757579853.393708 -0.038720 -0.004387 0.002098 0.087167 -1.068704 0.234798 -0.030708 -1.534486
1757579853.395704 -0.038720 -0.004387 0.002098 0.087167 -1.068704 0.235180 -0.031090 -1.534867
1757579853.397699 -0.038720 -0.004387 0.002098 0.087167 -1.068704 0.235943 -0.031090 -1.534867
1757579853.399695 -0.038720 -0.004387 0.002098 0.087167 -1.068704 0.236324 -0.031472 -1.534867
1757579853.401691 -0.038720 -0.004387 0.002098 0.087167 -1.068704 0.237087 -0.031854 -1.534867
1757579853.403697 -0.038720 -0.004387 0.002098 0.087167 -1.068704 0.237469 -0.031854 -1.534867
1757579853.405731 -0.038720 -0.004387 0.002098 0.087167 -1.068322 0.238232 -0.032235 -1.534867
1757579853.407719 -0.038720 -0.004387 0.002098 0.087167 -1.068322 0.238613 -0.032617 -1.534867
1757579853.409699 -0.038720 -0.004387 0.002098 0.087167 -1.068322 0.239376 -0.032617 -1.535249
1757579853.411747 -0.038720 -0.004387 0.002098 0.087167 -1.068322 0.239758 -0.032998 -1.535249
1757579853.413729 -0.038720 -0.004387 0.002098 0.087167 -1.068322 0.240520 -0.032998 -1.535249
1757579853.415717 -0.038720 -0.004387 0.002098 0.087167 -1.068322 0.241283 -0.033380 -1.535249
1757579853.417703 -0.038720 -0.004387 0.002098 0.087167 -1.068322 0.241665 -0.033380 -1.535249
1757579853.419755 -0.038720 -0.004387 0.002098 0.087167 -1.067941 0.242428 -0.033761 -1.535249
1757579853.421728 -0.038720 -0.004387 0.002098 0.087167 -1.067941 0.242809 -0.033761 -1.535630
1757579853.423719 -0.038720 -0.004387 0.002098 0.087167 -1.067941 0.243572 -0.034142 -1.535630
1757579853.425713 -0.038720 -0.004387 0.002098 0.087167 -1.067941 0.244335 -0.034142 -1.535630
1757579853.427747 -0.038720 -0.004387 0.002098 0.087167 -1.067941 0.244717 -0.034524 -1.535630
1757579853.429676 -0.039102 -0.004387 0.002098 0.087167 -1.067941 0.245480 -0.034524 -1.535630
1757579853.431676 -0.039102 -0.004387 0.002098 0.087167 -1.067941 0.245861 -0.034524 -1.536012
1757579853.433670 -0.039102 -0.004387 0.002098 0.087167 -1.067941 0.246624 -0.034905 -1.536012
1757579853.435747 -0.039102 -0.004387 0.002098 0.087167 -1.067941 0.247005 -0.034905 -1.536012
1757579853.437727 -0.039102 -0.004387 0.002098 0.087167 -1.067941 0.247768 -0.034905 -1.536012
1757579853.439726 -0.039102 -0.004387 0.002098 0.087167 -1.067941 0.248150 -0.035287 -1.536012
1757579853.441727 -0.039102 -0.004387 0.002098 0.087167 -1.067941 0.248531 -0.035287 -1.536393
1757579853.443729 -0.039102 -0.004387 0.002098 0.087167 -1.067941 0.249294 -0.035668 -1.536393
1757579853.445718 -0.039102 -0.004387 0.002098 0.087167 -1.067941 0.249676 -0.035668 -1.536393
1757579853.447731 -0.039102 -0.004387 0.002098 0.087167 -1.067941 0.250439 -0.035668 -1.536393
1757579853.449734 -0.039102 -0.004387 0.002098 0.087167 -1.067941 0.250820 -0.036050 -1.536393
1757579853.451730 -0.039102 -0.004387 0.002098 0.087167 -1.067941 0.251202 -0.036050 -1.536775
1757579853.453684 -0.039102 -0.004387 0.002098 0.087167 -1.067941 0.251965 -0.036431 -1.536775
1757579853.455690 -0.039102 -0.004387 0.002098 0.087167 -1.067941 0.252346 -0.036431 -1.536775
1757579853.457680 -0.039102 -0.004387 0.002098 0.087167 -1.067941 0.252728 -0.036813 -1.536775
1757579853.459675 -0.039102 -0.004387 0.002098 0.087167 -1.067941 0.253109 -0.036813 -1.536775
1757579853.461673 -0.039102 -0.004387 0.002098 0.087167 -1.067941 0.253872 -0.037194 -1.537156
1757579853.463674 -0.039102 -0.004387 0.002098 0.087167 -1.067941 0.254253 -0.037194 -1.537156
1757579853.465677 -0.039483 -0.004387 0.002098 0.087167 -1.067941 0.254635 -0.037576 -1.537156
1757579853.467675 -0.039483 -0.004387 0.002098 0.087167 -1.067941 0.255016 -0.037576 -1.537156
1757579853.469676 -0.039483 -0.004387 0.002098 0.087167 -1.067941 0.255779 -0.037957 -1.537538
1757579853.471728 -0.039483 -0.004387 0.002098 0.087167 -1.067941 0.256161 -0.037957 -1.537538
1757579853.473691 -0.039483 -0.004387 0.002098 0.087167 -1.067941 0.256542 -0.038339 -1.537538
1757579853.475676 -0.039483 -0.004387 0.002098 0.087167 -1.067941 0.256924 -0.038720 -1.537538
1757579853.477675 -0.039483 -0.004387 0.002098 0.087167 -1.067941 0.257687 -0.038720 -1.537538
1757579853.479721 -0.039483 -0.004387 0.002098 0.087167 -1.067941 0.258068 -0.039102 -1.537538
1757579853.481732 -0.039483 -0.004387 0.002098 0.087167 -1.067941 0.258450 -0.039102 -1.537919
1757579853.483685 -0.039483 -0.004387 0.002098 0.087167 -1.067941 0.258831 -0.039483 -1.537919
1757579853.485679 -0.039483 -0.004387 0.002098 0.087167 -1.067941 0.259594 -0.039865 -1.537919
1757579853.487673 -0.039483 -0.004387 0.002098 0.087167 -1.067941 0.259975 -0.039865 -1.537919
1757579853.489677 -0.039483 -0.004387 0.002098 0.087167 -1.067941 0.260357 -0.040246 -1.538301
1757579853.491724 -0.039483 -0.004387 0.002098 0.087167 -1.067941 0.261120 -0.040246 -1.538301
1757579853.493678 -0.039483 -0.004387 0.002098 0.087167 -1.067941 0.261501 -0.040627 -1.538301
1757579853.495672 -0.039483 -0.004387 0.002098 0.087167 -1.067941 0.261883 -0.040627 -1.538301
1757579853.497672 -0.039483 -0.004387 0.002098 0.087167 -1.067941 0.262264 -0.041009 -1.538301
1757579853.499672 -0.039483 -0.004387 0.002098 0.087167 -1.067941 0.263027 -0.041390 -1.538301
1757579853.501676 -0.039483 -0.004387 0.002098 0.087167 -1.067941 0.263409 -0.041390 -1.538301
1757579853.503672 -0.039865 -0.004387 0.002098 0.087167 -1.067941 0.263790 -0.041772 -1.538682
1757579853.505674 -0.039865 -0.004387 0.002098 0.087167 -1.067941 0.264172 -0.041772 -1.538682
1757579853.507673 -0.039865 -0.004387 0.002098 0.087167 -1.067559 0.264935 -0.042153 -1.538682
1757579853.509748 -0.039865 -0.004387 0.002098 0.087167 -1.067559 0.265316 -0.042153 -1.538682
1757579853.511719 -0.039865 -0.004387 0.002098 0.087167 -1.067559 0.265697 -0.042535 -1.538682
1757579853.513717 -0.039865 -0.004387 0.002098 0.087167 -1.067559 0.266460 -0.042535 -1.538682
1757579853.515674 -0.039865 -0.004387 0.002098 0.087167 -1.067559 0.266842 -0.042535 -1.538682
1757579853.517678 -0.039865 -0.004387 0.002098 0.087167 -1.067559 0.267223 -0.042916 -1.538682
1757579853.519683 -0.039865 -0.004387 0.002098 0.087167 -1.067559 0.267605 -0.042916 -1.539063
1757579853.521684 -0.039865 -0.004387 0.002098 0.087167 -1.067941 0.268368 -0.043298 -1.539063
1757579853.523671 -0.039865 -0.004387 0.002098 0.087167 -1.067941 0.268749 -0.043298 -1.539063
1757579853.525676 -0.039865 -0.004387 0.002098 0.087167 -1.067941 0.269131 -0.043679 -1.539063
1757579853.527675 -0.039865 -0.004387 0.002098 0.087167 -1.067941 0.269894 -0.043679 -1.539063
1757579853.529678 -0.040246 -0.004387 0.002098 0.087167 -1.067941 0.270275 -0.043679 -1.539063
1757579853.531672 -0.040246 -0.004387 0.002098 0.087167 -1.067941 0.270657 -0.044061 -1.539063
1757579853.533672 -0.040246 -0.004387 0.002098 0.087167 -1.067941 0.271038 -0.044061 -1.539445
1757579853.535672 -0.040246 -0.004387 0.002098 0.087167 -1.067941 0.271801 -0.044442 -1.539445
1757579853.537683 -0.040246 -0.004387 0.002098 0.087167 -1.067941 0.272182 -0.044442 -1.539445
1757579853.539672 -0.040246 -0.004387 0.002098 0.087167 -1.067941 0.272564 -0.044442 -1.539445
1757579853.541675 -0.040246 -0.004387 0.002098 0.087167 -1.067941 0.272945 -0.044824 -1.539445
1757579853.543726 -0.040246 -0.004387 0.002098 0.087167 -1.067941 0.273327 -0.044824 -1.539445
1757579853.545684 -0.040246 -0.004387 0.002098 0.087167 -1.067941 0.273708 -0.044824 -1.539445
1757579853.547674 -0.040246 -0.004387 0.002098 0.087167 -1.067941 0.274090 -0.045205 -1.539826
1757579853.549675 -0.040246 -0.004387 0.002098 0.087167 -1.067941 0.274471 -0.045205 -1.539826
1757579853.551672 -0.040246 -0.004387 0.002098 0.087167 -1.067941 0.274853 -0.045205 -1.539826
1757579853.553674 -0.040627 -0.004387 0.002098 0.087167 -1.067941 0.275234 -0.045587 -1.539826
1757579853.555670 -0.040627 -0.004387 0.002098 0.087167 -1.067941 0.275616 -0.045587 -1.539826
1757579853.557678 -0.040627 -0.004387 0.002098 0.087167 -1.068322 0.275997 -0.045587 -1.539826
1757579853.559720 -0.040627 -0.004387 0.002098 0.087167 -1.068322 0.276379 -0.045968 -1.539826
1757579853.561701 -0.040627 -0.004387 0.002098 0.087167 -1.068322 0.276760 -0.045968 -1.540208
1757579853.563720 -0.040627 -0.004387 0.002098 0.087167 -1.068322 0.277142 -0.046350 -1.540208
1757579853.565723 -0.040627 -0.004387 0.002098 0.087167 -1.068322 0.277523 -0.046350 -1.540208
1757579853.567719 -0.040627 -0.004387 0.002098 0.087167 -1.068322 0.277523 -0.046350 -1.540208
1757579853.569721 -0.040627 -0.004387 0.002098 0.087167 -1.068322 0.277905 -0.046731 -1.540208
1757579853.571720 -0.040627 -0.004387 0.002098 0.087167 -1.068322 0.278286 -0.046731 -1.540208
1757579853.573722 -0.040627 -0.004387 0.002098 0.087167 -1.068322 0.278667 -0.047112 -1.540589
1757579853.575735 -0.041009 -0.004387 0.002098 0.087167 -1.068322 0.278667 -0.047112 -1.540589
1757579853.577726 -0.041009 -0.004387 0.002098 0.087167 -1.068704 0.279049 -0.047112 -1.540589
1757579853.579752 -0.041009 -0.004387 0.002098 0.087167 -1.068704 0.279430 -0.047494 -1.540589
1757579853.581748 -0.041009 -0.004387 0.002098 0.087167 -1.068704 0.279430 -0.047494 -1.540589
1757579853.583720 -0.041009 -0.004387 0.002098 0.087167 -1.068704 0.279812 -0.047494 -1.540589
1757579853.585720 -0.041009 -0.004387 0.002098 0.087167 -1.068704 0.280193 -0.047875 -1.540971
1757579853.587720 -0.041009 -0.004387 0.002098 0.087167 -1.068704 0.280193 -0.047875 -1.540971
1757579853.589719 -0.041009 -0.004387 0.002098 0.087167 -1.068704 0.280575 -0.048257 -1.540971
1757579853.591720 -0.041009 -0.004387 0.002098 0.087167 -1.068704 0.280575 -0.048257 -1.540971
1757579853.593722 -0.041009 -0.004387 0.002098 0.087167 -1.069085 0.280956 -0.048257 -1.540971
1757579853.595721 -0.041009 -0.004387 0.002098 0.087167 -1.069085 0.280956 -0.048638 -1.540971
1757579853.597701 -0.041009 -0.004387 0.002098 0.087167 -1.069085 0.280956 -0.048638 -1.540971
1757579853.599679 -0.041009 -0.004387 0.002098 0.087167 -1.069085 0.281339 -0.048638 -1.541352
1757579853.601676 -0.041390 -0.004387 0.002098 0.087167 -1.069085 0.281339 -0.048638 -1.541352
1757579853.603669 -0.041390 -0.004387 0.002098 0.087167 -1.069085 0.281720 -0.049020 -1.541352
1757579853.605761 -0.041390 -0.004387 0.002098 0.087167 -1.069085 0.281720 -0.049020 -1.541352
1757579853.607690 -0.041390 -0.004387 0.002098 0.087167 -1.069467 0.282102 -0.049020 -1.541352
1757579853.609685 -0.041390 -0.004387 0.002098 0.087167 -1.069467 0.282102 -0.049020 -1.541352
1757579853.611676 -0.041390 -0.004387 0.002098 0.087167 -1.069467 0.282483 -0.049401 -1.541734
1757579853.613676 -0.041390 -0.004387 0.002098 0.087167 -1.069467 0.282483 -0.049401 -1.541734
1757579853.615669 -0.041390 -0.004387 0.002098 0.087167 -1.069467 0.282865 -0.049401 -1.541734
1757579853.617678 -0.041390 -0.004387 0.002098 0.087167 -1.069467 0.282865 -0.049401 -1.541734
1757579853.619673 -0.041390 -0.004387 0.002098 0.087167 -1.069848 0.283246 -0.049401 -1.541734
1757579853.621677 -0.041390 -0.004387 0.002098 0.087167 -1.069848 0.283246 -0.049783 -1.542115
1757579853.623721 -0.041390 -0.004387 0.002098 0.087167 -1.069848 0.283628 -0.049783 -1.542115
1757579853.625721 -0.041390 -0.004387 0.002098 0.087167 -1.069848 0.283628 -0.049783 -1.542115
1757579853.627722 -0.041390 -0.004387 0.002098 0.087167 -1.069848 0.283628 -0.049783 -1.542115
1757579853.629723 -0.041772 -0.004387 0.002098 0.087167 -1.070230 0.284009 -0.050164 -1.542115
1757579853.631711 -0.041772 -0.004387 0.002098 0.087167 -1.070230 0.284009 -0.050164 -1.542497
1757579853.633711 -0.041772 -0.004387 0.002098 0.087167 -1.070230 0.284390 -0.050164 -1.542497
1757579853.635709 -0.041772 -0.004387 0.002098 0.087167 -1.070230 0.284390 -0.050164 -1.542497
1757579853.637753 -0.041772 -0.004387 0.002098 0.087167 -1.070611 0.284772 -0.050164 -1.542497
1757579853.639677 -0.041772 -0.004387 0.002098 0.087167 -1.070611 0.284772 -0.050164 -1.542878
1757579853.641674 -0.041772 -0.004387 0.002098 0.087167 -1.070611 0.285153 -0.050546 -1.542878
1757579853.643689 -0.041772 -0.004387 0.002098 0.087167 -1.070611 0.285153 -0.050546 -1.542878
1757579853.645827 -0.041772 -0.004387 0.002098 0.087167 -1.070992 0.285535 -0.050546 -1.542878
1757579853.647696 -0.041772 -0.004387 0.002098 0.087167 -1.070992 0.285535 -0.050546 -1.543260
1757579853.649739 -0.041772 -0.004387 0.002098 0.087167 -1.070992 0.285535 -0.050546 -1.543260
1757579853.651690 -0.041772 -0.004387 0.002098 0.087167 -1.071374 0.285916 -0.050927 -1.543260
1757579853.653711 -0.041772 -0.004387 0.002098 0.087167 -1.071374 0.285916 -0.050927 -1.543260
1757579853.655682 -0.041772 -0.004387 0.002098 0.087167 -1.071374 0.285916 -0.050927 -1.543641
1757579853.657783 -0.041772 -0.004387 0.002098 0.087167 -1.071374 0.286298 -0.050927 -1.543641
1757579853.659681 -0.041772 -0.004387 0.002098 0.087167 -1.071755 0.286298 -0.051309 -1.543641
1757579853.661727 -0.042153 -0.004005 0.002098 0.087167 -1.071755 0.286298 -0.051309 -1.543641
1757579853.663670 -0.042153 -0.004005 0.002098 0.087167 -1.071755 0.286298 -0.051309 -1.544023
1757579853.665754 -0.042153 -0.004005 0.002098 0.087167 -1.072137 0.286679 -0.051309 -1.544023
1757579853.667725 -0.042153 -0.004005 0.002098 0.087167 -1.072137 0.286679 -0.051309 -1.544023
1757579853.669722 -0.042153 -0.004005 0.002098 0.087167 -1.072137 0.286679 -0.051690 -1.544023
1757579853.671695 -0.042153 -0.004005 0.002098 0.087167 -1.072518 0.286679 -0.051690 -1.544404
1757579853.673692 -0.042153 -0.004005 0.002098 0.087167 -1.072518 0.287061 -0.051690 -1.544404
1757579853.675671 -0.042153 -0.004005 0.002098 0.087167 -1.072518 0.287061 -0.051690 -1.544404
1757579853.677681 -0.042153 -0.004005 0.002098 0.087167 -1.072518 0.287061 -0.051690 -1.544404
1757579853.679671 -0.042153 -0.004005 0.002098 0.087167 -1.072900 0.287061 -0.051690 -1.544404
1757579853.681682 -0.042153 -0.004005 0.002098 0.087167 -1.072900 0.287061 -0.051690 -1.544785
1757579853.683668 -0.042153 -0.004005 0.002098 0.087167 -1.072900 0.287442 -0.052072 -1.544785
1757579853.685687 -0.042153 -0.004005 0.002098 0.087167 -1.072900 0.287442 -0.052072 -1.544785
1757579853.687656 -0.042153 -0.004005 0.002098 0.087167 -1.073281 0.287442 -0.052072 -1.544785
1757579853.689687 -0.042153 -0.004005 0.002098 0.087167 -1.073281 0.287442 -0.052072 -1.545167
1757579853.691667 -0.042153 -0.004005 0.002098 0.087167 -1.073281 0.287824 -0.052072 -1.545167
1757579853.693679 -0.042153 -0.004005 0.002098 0.087167 -1.073281 0.287824 -0.052453 -1.545167
1757579853.695666 -0.042153 -0.004005 0.002098 0.087167 -1.073281 0.287824 -0.052453 -1.545167
1757579853.697674 -0.042153 -0.004005 0.002098 0.087167 -1.073663 0.287824 -0.052453 -1.545548
1757579853.699781 -0.042535 -0.004005 0.002098 0.087167 -1.073663 0.287824 -0.052453 -1.545548
1757579853.701679 -0.042535 -0.004005 0.002098 0.087167 -1.073663 0.288205 -0.052835 -1.545548
1757579853.703680 -0.042535 -0.004005 0.002098 0.087167 -1.073663 0.288205 -0.052835 -1.545548
1757579853.705726 -0.042535 -0.004005 0.002098 0.087167 -1.073663 0.288205 -0.052835 -1.545930
1757579853.707709 -0.042535 -0.004005 0.002098 0.087167 -1.074044 0.288205 -0.052835 -1.545930
1757579853.709736 -0.042535 -0.004005 0.002098 0.087167 -1.074044 0.288205 -0.053216 -1.545930
1757579853.711697 -0.042535 -0.004005 0.002098 0.087167 -1.074044 0.288205 -0.053216 -1.545930
1757579853.713789 -0.042535 -0.004005 0.002098 0.087167 -1.074044 0.288205 -0.053216 -1.545930
1757579853.715761 -0.042535 -0.004005 0.002098 0.087167 -1.074044 0.288587 -0.053216 -1.546311
1757579853.717744 -0.042535 -0.004005 0.002098 0.087167 -1.074044 0.288587 -0.053216 -1.546311
1757579853.719702 -0.042535 -0.004005 0.002098 0.087167 -1.074044 0.288587 -0.053597 -1.546311
1757579853.721694 -0.042535 -0.004005 0.002098 0.087167 -1.074426 0.288587 -0.053597 -1.546311
1757579853.723669 -0.042535 -0.004005 0.002098 0.087167 -1.074426 0.288587 -0.053597 -1.546311
1757579853.725673 -0.042535 -0.004005 0.002098 0.087167 -1.074426 0.288587 -0.053597 -1.546693
1757579853.727689 -0.042535 -0.004005 0.002098 0.087167 -1.074426 0.288587 -0.053597 -1.546693
1757579853.729734 -0.042535 -0.004005 0.002098 0.087167 -1.074426 0.288968 -0.053979 -1.546693
1757579853.731689 -0.042535 -0.004005 0.002098 0.087167 -1.074426 0.288968 -0.053979 -1.546693
1757579853.733706 -0.042535 -0.004005 0.002098 0.087167 -1.074426 0.288968 -0.053979 -1.547074
1757579853.735682 -0.042535 -0.004005 0.002098 0.087167 -1.074426 0.288968 -0.053979 -1.547074
1757579853.737673 -0.042535 -0.004005 0.002098 0.087167 -1.074807 0.288968 -0.054360 -1.547074
1757579853.739678 -0.042535 -0.004005 0.002098 0.087167 -1.074807 0.288968 -0.054360 -1.547074
1757579853.741670 -0.042535 -0.004005 0.002098 0.087167 -1.074807 0.288968 -0.054360 -1.547074
1757579853.743687 -0.042535 -0.004005 0.002098 0.087167 -1.074807 0.289350 -0.054360 -1.547456
1757579853.745672 -0.042535 -0.004005 0.002098 0.087167 -1.074807 0.289350 -0.054360 -1.547456
1757579853.747675 -0.042535 -0.004005 0.002098 0.087167 -1.074807 0.289350 -0.054360 -1.547456
1757579853.749691 -0.042535 -0.004005 0.002098 0.087167 -1.074807 0.289350 -0.054742 -1.547456
1757579853.751683 -0.042535 -0.004005 0.002098 0.087167 -1.075189 0.289350 -0.054742 -1.547837
1757579853.753669 -0.042535 -0.004005 0.002098 0.087167 -1.075189 0.289350 -0.054742 -1.547837
1757579853.755665 -0.042535 -0.004005 0.002098 0.087167 -1.075189 0.289350 -0.054742 -1.547837
1757579853.757677 -0.042535 -0.004005 0.002098 0.087167 -1.075189 0.289350 -0.054742 -1.548219
1757579853.759690 -0.042535 -0.004005 0.002098 0.087167 -1.075189 0.289731 -0.054742 -1.548219
1757579853.761734 -0.042535 -0.004005 0.002098 0.087167 -1.075189 0.289731 -0.055123 -1.548219
1757579853.763679 -0.042535 -0.004005 0.002098 0.087167 -1.075570 0.289731 -0.055123 -1.548600
1757579853.765670 -0.042535 -0.004005 0.002098 0.087167 -1.075570 0.289731 -0.055123 -1.548600
1757579853.767680 -0.042535 -0.004005 0.002098 0.087167 -1.075570 0.289731 -0.055123 -1.548600
1757579853.769674 -0.042535 -0.004005 0.002098 0.087167 -1.075570 0.289731 -0.055123 -1.548982
1757579853.771676 -0.042535 -0.004005 0.002098 0.087167 -1.075952 0.289731 -0.055123 -1.548982
1757579853.773669 -0.042535 -0.004005 0.002098 0.087167 -1.075952 0.289731 -0.055123 -1.548982
1757579853.775676 -0.042535 -0.004005 0.002098 0.087167 -1.075952 0.289731 -0.055505 -1.549363
1757579853.777665 -0.042535 -0.004005 0.002098 0.087167 -1.075952 0.289731 -0.055505 -1.549363
1757579853.779666 -0.042535 -0.004005 0.002098 0.087167 -1.076333 0.290112 -0.055505 -1.549363
1757579853.781664 -0.042535 -0.004005 0.002098 0.087167 -1.076333 0.290112 -0.055505 -1.549745
1757579853.783679 -0.042535 -0.004005 0.002098 0.087167 -1.076333 0.290112 -0.055505 -1.549745
1757579853.785666 -0.042535 -0.004005 0.002098 0.087167 -1.076333 0.290112 -0.055886 -1.549745
1757579853.787670 -0.042535 -0.004005 0.002098 0.087167 -1.076715 0.290112 -0.055886 -1.549745
1757579853.789666 -0.042535 -0.004005 0.002098 0.087167 -1.076715 0.290112 -0.055886 -1.550126
1757579853.791681 -0.042535 -0.004005 0.002098 0.087167 -1.076715 0.290112 -0.055886 -1.550126
1757579853.793678 -0.042535 -0.004005 0.002098 0.087167 -1.076715 0.290112 -0.056268 -1.550126
1757579853.795689 -0.042535 -0.004005 0.002098 0.087167 -1.077096 0.290112 -0.056268 -1.550126
1757579853.797668 -0.042535 -0.004005 0.002098 0.087167 -1.077096 0.290112 -0.056268 -1.550508
1757579853.799680 -0.042535 -0.004005 0.002098 0.087167 -1.077096 0.290112 -0.056268 -1.550508
1757579853.801669 -0.042535 -0.004005 0.002098 0.087167 -1.077096 0.290112 -0.056649 -1.550508
1757579853.803666 -0.042535 -0.004005 0.002098 0.087167 -1.077477 0.290112 -0.056649 -1.550508
1757579853.805665 -0.042535 -0.004005 0.002098 0.087167 -1.077477 0.290112 -0.056649 -1.550508
1757579853.807709 -0.042535 -0.004005 0.002098 0.087167 -1.077477 0.290112 -0.056649 -1.550889
1757579853.809666 -0.042535 -0.004005 0.002098 0.087167 -1.077477 0.290112 -0.056649 -1.550889
1757579853.811662 -0.042535 -0.004005 0.002098 0.087167 -1.077477 0.290494 -0.057031 -1.550889
1757579853.813664 -0.042535 -0.004005 0.002098 0.087167 -1.077477 0.290494 -0.057031 -1.550889
1757579853.815705 -0.042535 -0.004005 0.002098 0.087167 -1.077859 0.290494 -0.057031 -1.551270
1757579853.817672 -0.042535 -0.004005 0.002098 0.087167 -1.077859 0.290494 -0.057031 -1.551270
1757579853.819766 -0.042535 -0.004005 0.002098 0.087167 -1.077859 0.290494 -0.057031 -1.551270
1757579853.821748 -0.042535 -0.003624 0.002098 0.087167 -1.077859 0.290494 -0.057412 -1.551270
1757579853.823729 -0.042535 -0.003624 0.002098 0.087167 -1.078240 0.290494 -0.057412 -1.551652
1757579853.825706 -0.042535 -0.003624 0.002098 0.087167 -1.078240 0.290494 -0.057412 -1.551652
1757579853.827701 -0.042535 -0.003624 0.002098 0.087167 -1.078240 0.290875 -0.057412 -1.551652
1757579853.829713 -0.042535 -0.003624 0.002098 0.087167 -1.078240 0.290875 -0.057412 -1.552033
1757579853.831726 -0.042535 -0.003624 0.002098 0.087167 -1.078622 0.290875 -0.057412 -1.552033
1757579853.833700 -0.042535 -0.003624 0.002098 0.087167 -1.078622 0.290875 -0.057412 -1.552033
1757579853.835704 -0.042916 -0.003624 0.002098 0.087167 -1.078622 0.290875 -0.057794 -1.552415
1757579853.837695 -0.042916 -0.003624 0.002098 0.087167 -1.079003 0.290875 -0.057794 -1.552415
1757579853.839705 -0.042916 -0.003624 0.002098 0.087167 -1.079003 0.291257 -0.057794 -1.552415
1757579853.841771 -0.042916 -0.003624 0.002098 0.087167 -1.079385 0.291257 -0.057794 -1.552796
1757579853.843709 -0.042916 -0.003624 0.002098 0.087167 -1.079385 0.291257 -0.057794 -1.552796
1757579853.845695 -0.042916 -0.003624 0.002098 0.087167 -1.079766 0.291257 -0.057794 -1.552796
1757579853.847699 -0.042916 -0.003624 0.002098 0.087167 -1.079766 0.291257 -0.057794 -1.553178
1757579853.849686 -0.042916 -0.003624 0.002098 0.087167 -1.080148 0.291257 -0.057794 -1.553178
1757579853.851699 -0.042916 -0.003624 0.002098 0.087167 -1.080148 0.291257 -0.057794 -1.553559
1757579853.853689 -0.042916 -0.003624 0.002098 0.087167 -1.080529 0.291257 -0.058175 -1.553559
1757579853.855696 -0.042916 -0.003624 0.002098 0.087167 -1.080529 0.291638 -0.058175 -1.553941
1757579853.857752 -0.042916 -0.003624 0.002098 0.087167 -1.080911 0.291638 -0.058175 -1.553941
1757579853.859699 -0.042916 -0.003624 0.002098 0.087167 -1.080911 0.291638 -0.058175 -1.554322
1757579853.861673 -0.042916 -0.003624 0.002098 0.087167 -1.081292 0.291638 -0.058175 -1.554704
1757579853.863666 -0.042916 -0.003624 0.002098 0.087167 -1.081292 0.291638 -0.058175 -1.554704
1757579853.865669 -0.042916 -0.003624 0.002098 0.087167 -1.081674 0.291638 -0.058175 -1.555085
1757579853.867671 -0.042916 -0.003624 0.002098 0.087167 -1.081674 0.291638 -0.058175 -1.555467
1757579853.869676 -0.042916 -0.003624 0.002098 0.087167 -1.082055 0.291638 -0.058557 -1.555467
1757579853.871674 -0.042916 -0.003624 0.002098 0.087167 -1.082437 0.291638 -0.058557 -1.555848
1757579853.873674 -0.042916 -0.003624 0.002098 0.087167 -1.082437 0.291638 -0.058557 -1.556230
1757579853.875685 -0.042916 -0.003624 0.002098 0.087167 -1.082818 0.291638 -0.058557 -1.556230
1757579853.877692 -0.042916 -0.003624 0.002098 0.087167 -1.083200 0.291638 -0.058557 -1.556611
1757579853.879692 -0.042916 -0.003624 0.002098 0.087167 -1.083200 0.291638 -0.058938 -1.556611
1757579853.881692 -0.042916 -0.003624 0.002098 0.087167 -1.083581 0.291638 -0.058938 -1.556993
1757579853.883700 -0.042916 -0.003624 0.002098 0.087167 -1.083962 0.291638 -0.058938 -1.557374
1757579853.885727 -0.042916 -0.003624 0.002098 0.087167 -1.083962 0.291638 -0.059319 -1.557374
1757579853.887695 -0.042916 -0.003624 0.002098 0.087167 -1.084344 0.291638 -0.059319 -1.557755
1757579853.889692 -0.042916 -0.003624 0.002098 0.087167 -1.084344 0.291638 -0.059319 -1.558137
1757579853.891690 -0.042916 -0.003624 0.002098 0.087167 -1.084725 0.291638 -0.059701 -1.558137
1757579853.893737 -0.042916 -0.003624 0.002098 0.087167 -1.085107 0.291638 -0.059701 -1.558518
1757579853.895668 -0.042916 -0.003624 0.002098 0.087167 -1.085107 0.291638 -0.060082 -1.558518
1757579853.897657 -0.042916 -0.003624 0.002098 0.087167 -1.085488 0.291638 -0.060082 -1.558900
1757579853.899661 -0.042916 -0.003624 0.002098 0.087167 -1.085488 0.291638 -0.060464 -1.559281
1757579853.901666 -0.042916 -0.003624 0.002098 0.087167 -1.085870 0.291638 -0.060464 -1.559281
1757579853.903668 -0.042916 -0.003624 0.002098 0.087167 -1.085870 0.291638 -0.060845 -1.559663
1757579853.905675 -0.042916 -0.003624 0.002098 0.087167 -1.086251 0.291638 -0.060845 -1.559663
1757579853.907676 -0.042916 -0.003624 0.002098 0.087167 -1.086251 0.291638 -0.061227 -1.560044
1757579853.909682 -0.042916 -0.003624 0.002098 0.087167 -1.086633 0.291638 -0.061227 -1.560044
1757579853.911669 -0.042916 -0.003624 0.002098 0.087167 -1.086633 0.291638 -0.061227 -1.560426
1757579853.913680 -0.042916 -0.003624 0.002098 0.087167 -1.087014 0.291638 -0.061608 -1.560426
1757579853.915685 -0.042916 -0.003624 0.002098 0.087167 -1.087014 0.291638 -0.061608 -1.560807
1757579853.917689 -0.042916 -0.003624 0.002098 0.087167 -1.087396 0.291638 -0.061990 -1.560807
1757579853.919677 -0.042916 -0.003624 0.002098 0.087167 -1.087396 0.291638 -0.061990 -1.561189
1757579853.921701 -0.042916 -0.003624 0.002098 0.087167 -1.087777 0.291638 -0.061990 -1.561189
1757579853.923689 -0.042916 -0.003624 0.002098 0.087167 -1.087777 0.291638 -0.062371 -1.561570
1757579853.925682 -0.042916 -0.003624 0.002098 0.087167 -1.087777 0.291638 -0.062371 -1.561570
1757579853.927675 -0.042916 -0.003624 0.002098 0.087167 -1.088159 0.291638 -0.062371 -1.561952
1757579853.929684 -0.042916 -0.003624 0.002098 0.087167 -1.088159 0.292020 -0.062753 -1.561952
1757579853.931679 -0.042916 -0.003624 0.002098 0.087167 -1.088540 0.292020 -0.062753 -1.562333
1757579853.933678 -0.042916 -0.003624 0.002098 0.087167 -1.088540 0.292020 -0.062753 -1.562333
1757579853.935674 -0.042916 -0.003624 0.002098 0.087167 -1.088922 0.292020 -0.063134 -1.562715
1757579853.937688 -0.042916 -0.003624 0.002098 0.087167 -1.088922 0.292020 -0.063134 -1.563096
1757579853.939674 -0.042916 -0.003624 0.002098 0.087167 -1.089303 0.292020 -0.063134 -1.563096
1757579853.941677 -0.042916 -0.003624 0.002098 0.087167 -1.089303 0.292020 -0.063134 -1.563478
1757579853.943667 -0.042916 -0.003624 0.002098 0.087167 -1.089684 0.292020 -0.063516 -1.563478
1757579853.945676 -0.042916 -0.003624 0.002098 0.087167 -1.089684 0.292020 -0.063516 -1.563859
1757579853.947754 -0.042916 -0.003624 0.002098 0.087167 -1.090066 0.292020 -0.063516 -1.564240
1757579853.949710 -0.042916 -0.003624 0.002098 0.087167 -1.090066 0.291638 -0.063516 -1.564240
1757579853.951704 -0.042916 -0.003624 0.002098 0.087167 -1.090447 0.292020 -0.063897 -1.564622
1757579853.953705 -0.042916 -0.003624 0.002098 0.087167 -1.090447 0.291638 -0.063897 -1.565003
1757579853.955707 -0.042916 -0.003624 0.002098 0.087167 -1.090829 0.291638 -0.063897 -1.565003
1757579853.957711 -0.042916 -0.003624 0.002098 0.087167 -1.091210 0.291638 -0.063897 -1.565385
1757579853.959709 -0.042916 -0.003624 0.002098 0.087167 -1.091210 0.291638 -0.064279 -1.565766
1757579853.961711 -0.042916 -0.003624 0.002098 0.087167 -1.091592 0.291638 -0.064279 -1.565766
1757579853.963710 -0.042916 -0.003624 0.002098 0.087167 -1.091592 0.291638 -0.064279 -1.566148
1757579853.965712 -0.042916 -0.003624 0.002098 0.087167 -1.091973 0.291638 -0.064279 -1.566529
1757579853.967707 -0.042916 -0.003624 0.002098 0.087167 -1.091973 0.291638 -0.064660 -1.566911
1757579853.969712 -0.042916 -0.003624 0.002098 0.087167 -1.092355 0.291638 -0.064660 -1.566911
1757579853.971714 -0.042916 -0.003624 0.002098 0.087167 -1.092736 0.291638 -0.064660 -1.567292
1757579853.973706 -0.042916 -0.003624 0.002098 0.087167 -1.092736 0.291638 -0.065042 -1.567674
1757579853.975707 -0.042916 -0.003624 0.002098 0.087167 -1.093118 0.291638 -0.065042 -1.568055
1757579853.977713 -0.042916 -0.003624 0.002098 0.087167 -1.093118 0.291638 -0.065042 -1.568055
1757579853.979716 -0.042916 -0.003624 0.002098 0.087167 -1.093499 0.291638 -0.065423 -1.568437
1757579853.981715 -0.042916 -0.003624 0.002098 0.087167 -1.093499 0.291638 -0.065423 -1.568818
1757579853.983751 -0.042916 -0.003624 0.002098 0.087167 -1.093882 0.291638 -0.065423 -1.569200
1757579853.985710 -0.042916 -0.003624 0.002098 0.087167 -1.094263 0.291638 -0.065804 -1.569200
1757579853.987703 -0.042916 -0.003624 0.002098 0.087167 -1.094263 0.291638 -0.065804 -1.569581
1757579853.989710 -0.042916 -0.003624 0.002098 0.087167 -1.094645 0.291638 -0.066186 -1.569963
1757579853.991699 -0.042916 -0.003624 0.002098 0.087167 -1.094645 0.291638 -0.066186 -1.569963
1757579853.993713 -0.042916 -0.003624 0.002098 0.087167 -1.095026 0.291638 -0.066567 -1.570344
1757579853.995709 -0.042916 -0.003624 0.002098 0.087167 -1.095407 0.291638 -0.066567 -1.570725
1757579853.997711 -0.042916 -0.003624 0.002098 0.087167 -1.095407 0.291257 -0.066949 -1.570725
1757579853.999712 -0.042916 -0.003624 0.002098 0.087167 -1.095789 0.291257 -0.067330 -1.571107
1757579854.001715 -0.042916 -0.003624 0.002098 0.087167 -1.095789 0.291257 -0.067712 -1.571107
1757579854.003707 -0.042916 -0.003624 0.002098 0.087167 -1.096170 0.291257 -0.067712 -1.571488
1757579854.005711 -0.042916 -0.003624 0.002098 0.087167 -1.096552 0.291257 -0.068093 -1.571488
1757579854.007702 -0.042916 -0.003624 0.002098 0.087167 -1.096552 0.291257 -0.068475 -1.571870
1757579854.009730 -0.042916 -0.003624 0.002098 0.087167 -1.096933 0.291257 -0.068856 -1.572251
1757579854.011718 -0.042916 -0.003624 0.002098 0.087167 -1.096933 0.291257 -0.069238 -1.572251
1757579854.013711 -0.042916 -0.003624 0.002098 0.087167 -1.097315 0.291257 -0.069619 -1.572633
1757579854.015706 -0.042916 -0.003624 0.002098 0.087167 -1.097315 0.291257 -0.070001 -1.572633
1757579854.017711 -0.042916 -0.003624 0.002098 0.087167 -1.097696 0.291257 -0.070382 -1.573014
1757579854.019706 -0.042916 -0.003624 0.002098 0.087167 -1.097696 0.291257 -0.070764 -1.573014
1757579854.021714 -0.042916 -0.003624 0.002098 0.087167 -1.098078 0.291257 -0.071145 -1.573396
1757579854.023707 -0.042916 -0.003624 0.002098 0.087167 -1.098078 0.291257 -0.071527 -1.573777
1757579854.025708 -0.042916 -0.003624 0.002098 0.087167 -1.098459 0.290875 -0.071908 -1.573777
1757579854.027708 -0.042916 -0.003624 0.002098 0.087167 -1.098459 0.291257 -0.072289 -1.574159
1757579854.029714 -0.042916 -0.003624 0.002098 0.087167 -1.098841 0.290875 -0.072671 -1.574159
1757579854.031707 -0.042916 -0.003624 0.002098 0.087167 -1.098841 0.290875 -0.073052 -1.574540
1757579854.033711 -0.042916 -0.003624 0.002098 0.087167 -1.099222 0.290875 -0.073052 -1.574922
1757579854.035706 -0.042916 -0.003624 0.002098 0.087167 -1.099222 0.290875 -0.073434 -1.574922
1757579854.037713 -0.042916 -0.003624 0.002098 0.087167 -1.099222 0.290875 -0.073815 -1.575303
1757579854.039704 -0.042916 -0.003624 0.002098 0.087167 -1.099604 0.291257 -0.074197 -1.575685
1757579854.041716 -0.042916 -0.003624 0.002098 0.087167 -1.099604 0.290875 -0.074578 -1.576066
1757579854.043708 -0.042916 -0.003624 0.002098 0.087167 -1.099985 0.290875 -0.074578 -1.576066
1757579854.045776 -0.042916 -0.003624 0.002098 0.087167 -1.099985 0.290875 -0.074960 -1.576447
1757579854.047702 -0.042916 -0.003624 0.002098 0.087167 -1.100367 0.290875 -0.075341 -1.576829
1757579854.049668 -0.042916 -0.003624 0.002098 0.087167 -1.100367 0.290875 -0.075341 -1.577210
1757579854.051671 -0.042916 -0.003624 0.002098 0.087167 -1.100367 0.290875 -0.075723 -1.577210
1757579854.053685 -0.042916 -0.003624 0.002098 0.087167 -1.100748 0.290875 -0.076104 -1.577592
1757579854.055672 -0.042916 -0.003624 0.002098 0.087167 -1.100748 0.290875 -0.076104 -1.577973
1757579854.057669 -0.042916 -0.003624 0.002098 0.087167 -1.101130 0.290875 -0.076486 -1.578355
1757579854.059676 -0.042916 -0.003624 0.002098 0.087167 -1.101130 0.290875 -0.076486 -1.578355
1757579854.061703 -0.042916 -0.003624 0.002098 0.087167 -1.101511 0.290875 -0.076867 -1.578736
1757579854.063672 -0.042916 -0.003624 0.002098 0.087167 -1.101511 0.290875 -0.077249 -1.579118
1757579854.065690 -0.042916 -0.003624 0.002098 0.087167 -1.101892 0.290875 -0.077249 -1.579499
1757579854.067669 -0.042916 -0.003624 0.002098 0.087167 -1.102274 0.290875 -0.077630 -1.579881
1757579854.069672 -0.042916 -0.003624 0.002098 0.087167 -1.102274 0.290875 -0.077630 -1.580262
1757579854.071719 -0.042916 -0.003624 0.002098 0.087167 -1.102655 0.290875 -0.078012 -1.580262
1757579854.073673 -0.042916 -0.003624 0.002098 0.087167 -1.102655 0.290875 -0.078012 -1.580644
1757579854.075660 -0.042916 -0.003624 0.002098 0.087167 -1.103037 0.290875 -0.078012 -1.581025
1757579854.077716 -0.042916 -0.003624 0.002098 0.087167 -1.103037 0.290875 -0.078393 -1.581407
1757579854.079671 -0.042916 -0.003624 0.002098 0.087167 -1.103418 0.290875 -0.078393 -1.581788
1757579854.081672 -0.042916 -0.003624 0.002098 0.087167 -1.103418 0.290875 -0.078393 -1.582170
1757579854.083667 -0.042916 -0.003624 0.002098 0.087167 -1.103800 0.290875 -0.078774 -1.582551
1757579854.085688 -0.042916 -0.003624 0.002098 0.087167 -1.103800 0.290875 -0.078774 -1.582932
1757579854.087672 -0.042916 -0.003624 0.002098 0.087167 -1.104181 0.290875 -0.078774 -1.583314
1757579854.089722 -0.042916 -0.003624 0.002098 0.087167 -1.104181 0.290875 -0.078774 -1.583695
1757579854.091694 -0.042916 -0.003624 0.002098 0.087167 -1.104563 0.290875 -0.079156 -1.584077
1757579854.093768 -0.042916 -0.003624 0.002098 0.087167 -1.104563 0.290875 -0.079156 -1.584458
1757579854.095670 -0.042916 -0.003624 0.002098 0.087167 -1.104944 0.290875 -0.079156 -1.584840
1757579854.097658 -0.042916 -0.003624 0.002098 0.087167 -1.104944 0.290875 -0.079537 -1.585221
1757579854.099669 -0.042916 -0.003624 0.002098 0.087167 -1.105326 0.290875 -0.079537 -1.585603
1757579854.101661 -0.042916 -0.003624 0.002098 0.087167 -1.105326 0.290875 -0.079919 -1.585984
1757579854.103678 -0.042916 -0.003624 0.002098 0.087167 -1.105707 0.290875 -0.079919 -1.586366
1757579854.105664 -0.042916 -0.003624 0.002098 0.087167 -1.105707 0.290875 -0.080300 -1.586747
1757579854.107700 -0.042916 -0.003624 0.002098 0.087167 -1.106089 0.290875 -0.080682 -1.587129
1757579854.109736 -0.042916 -0.003624 0.002098 0.087167 -1.106089 0.290875 -0.080682 -1.587510
1757579854.111673 -0.042916 -0.003624 0.002098 0.087167 -1.106470 0.290875 -0.081063 -1.587510
1757579854.113664 -0.042916 -0.003624 0.002098 0.087167 -1.106470 0.290875 -0.081063 -1.587892
1757579854.115672 -0.042916 -0.003624 0.002098 0.087167 -1.106470 0.290875 -0.081445 -1.588273
1757579854.117684 -0.042916 -0.003624 0.002098 0.087167 -1.106852 0.290875 -0.081826 -1.588655
1757579854.119668 -0.042916 -0.003624 0.002098 0.087167 -1.106852 0.290875 -0.081826 -1.589036
1757579854.121663 -0.042916 -0.003624 0.002098 0.087167 -1.106852 0.290875 -0.082208 -1.589417
1757579854.123672 -0.042916 -0.003624 0.002098 0.087167 -1.107233 0.290875 -0.082208 -1.589799
1757579854.125667 -0.042916 -0.003624 0.002098 0.087167 -1.107233 0.290875 -0.082589 -1.590180
1757579854.127665 -0.042916 -0.003624 0.002098 0.087167 -1.107233 0.290875 -0.082589 -1.590180
1757579854.129660 -0.042916 -0.003624 0.002098 0.087167 -1.107233 0.290875 -0.082971 -1.590562
1757579854.131671 -0.042916 -0.003624 0.002098 0.087167 -1.107615 0.290875 -0.082971 -1.590943
1757579854.133769 -0.042916 -0.003624 0.002098 0.087167 -1.107615 0.290875 -0.083352 -1.591325
1757579854.135706 -0.042916 -0.003624 0.002098 0.087167 -1.107615 0.290875 -0.083352 -1.591706
1757579854.137706 -0.042916 -0.003624 0.002098 0.087167 -1.107615 0.290875 -0.083734 -1.592088
1757579854.139685 -0.042916 -0.003624 0.002098 0.087167 -1.107615 0.290875 -0.083734 -1.592469
1757579854.141674 -0.042916 -0.003624 0.002098 0.087167 -1.107996 0.290875 -0.084115 -1.592851
1757579854.143668 -0.042916 -0.003624 0.002098 0.087167 -1.107996 0.290875 -0.084115 -1.593232
1757579854.145688 -0.042916 -0.003624 0.002098 0.087167 -1.107996 0.290875 -0.084115 -1.593614
1757579854.147672 -0.042916 -0.003624 0.002098 0.087167 -1.107996 0.290875 -0.084496 -1.593996
1757579854.149683 -0.042916 -0.003624 0.002098 0.087167 -1.108377 0.290875 -0.084496 -1.594378
1757579854.151664 -0.042916 -0.003624 0.002098 0.087167 -1.108377 0.291257 -0.084496 -1.594759
1757579854.153682 -0.042916 -0.003624 0.002098 0.087167 -1.108377 0.291257 -0.084496 -1.595140
1757579854.155676 -0.042916 -0.003624 0.002098 0.087167 -1.108377 0.291257 -0.084878 -1.595522
1757579854.157684 -0.042916 -0.003624 0.002098 0.087167 -1.108759 0.291257 -0.084878 -1.595903
1757579854.159665 -0.042916 -0.003624 0.002098 0.087167 -1.108759 0.291257 -0.084878 -1.596285
1757579854.161677 -0.042916 -0.003624 0.002098 0.087167 -1.108759 0.291257 -0.084878 -1.596666
1757579854.163694 -0.042916 -0.003624 0.002098 0.087167 -1.108759 0.291257 -0.084878 -1.597048
1757579854.165737 -0.042916 -0.003624 0.002098 0.087167 -1.109140 0.291257 -0.085259 -1.597811
1757579854.167721 -0.042916 -0.003624 0.002098 0.087167 -1.109140 0.291257 -0.085259 -1.598192
1757579854.169687 -0.042916 -0.003624 0.002098 0.087167 -1.109522 0.291257 -0.085259 -1.598574
1757579854.171711 -0.042916 -0.003624 0.002098 0.087167 -1.109522 0.291257 -0.085259 -1.598955
1757579854.173699 -0.042916 -0.003624 0.002098 0.087167 -1.109903 0.291257 -0.085259 -1.599337
1757579854.175662 -0.042916 -0.003624 0.002098 0.087167 -1.109903 0.291257 -0.085259 -1.599718
1757579854.177720 -0.042916 -0.003624 0.002098 0.087167 -1.110285 0.291257 -0.085259 -1.600100
1757579854.179690 -0.042916 -0.003624 0.002098 0.087167 -1.110285 0.291257 -0.085259 -1.600863
1757579854.181713 -0.042916 -0.003624 0.002098 0.087167 -1.110666 0.291257 -0.085641 -1.601244
1757579854.183685 -0.042916 -0.003624 0.002098 0.087167 -1.110666 0.291257 -0.085641 -1.601625
1757579854.185716 -0.042916 -0.003624 0.002098 0.087167 -1.111048 0.291257 -0.085641 -1.602007
1757579854.187694 -0.042916 -0.003624 0.002098 0.087167 -1.111048 0.291257 -0.085641 -1.602770
1757579854.190134 -0.042916 -0.003624 0.002098 0.087167 -1.111429 0.291257 -0.085641 -1.603151
1757579854.191683 -0.042916 -0.003624 0.002098 0.087167 -1.111429 0.291257 -0.085641 -1.603533
1757579854.193807 -0.042916 -0.003624 0.002098 0.087167 -1.111811 0.291257 -0.086022 -1.604296
1757579854.195763 -0.042916 -0.003624 0.002098 0.087167 -1.112192 0.291257 -0.086022 -1.604677
1757579854.197703 -0.042916 -0.003624 0.002098 0.087167 -1.112192 0.291257 -0.086022 -1.605059
1757579854.199706 -0.042916 -0.003624 0.002098 0.087167 -1.112574 0.291257 -0.086022 -1.605440
1757579854.201718 -0.042916 -0.003624 0.002098 0.087167 -1.112574 0.291257 -0.086404 -1.606203
1757579854.203685 -0.042916 -0.003624 0.002098 0.087167 -1.112955 0.291257 -0.086404 -1.606585
1757579854.205684 -0.042916 -0.003624 0.002098 0.087167 -1.112955 0.291257 -0.086404 -1.606966
1757579854.207679 -0.042916 -0.003624 0.002098 0.087167 -1.113337 0.291257 -0.086785 -1.607347
1757579854.209671 -0.042916 -0.003624 0.002098 0.087167 -1.113337 0.291257 -0.086785 -1.607729
1757579854.211669 -0.042916 -0.003624 0.002098 0.087167 -1.113718 0.291257 -0.087167 -1.608492
1757579854.213673 -0.042916 -0.003624 0.002098 0.087167 -1.113718 0.291257 -0.087167 -1.608873
1757579854.215677 -0.042916 -0.003624 0.002098 0.087167 -1.114100 0.291257 -0.087548 -1.609255
1757579854.217672 -0.042916 -0.003624 0.002098 0.087167 -1.114100 0.291257 -0.087548 -1.609636
1757579854.219665 -0.042916 -0.003624 0.002098 0.087167 -1.114100 0.290875 -0.087930 -1.610018
1757579854.221660 -0.042916 -0.003624 0.002098 0.087167 -1.114481 0.290875 -0.087930 -1.610399
1757579854.223755 -0.042916 -0.003624 0.002098 0.087167 -1.114481 0.290875 -0.088311 -1.610781
1757579854.225783 -0.042916 -0.003624 0.002098 0.087167 -1.114481 0.290875 -0.088693 -1.611162
1757579854.227719 -0.042916 -0.003624 0.002098 0.087167 -1.114481 0.290494 -0.088693 -1.611544
1757579854.229717 -0.042916 -0.003624 0.002098 0.087167 -1.114862 0.290494 -0.089074 -1.611925
1757579854.231711 -0.042916 -0.003624 0.002098 0.087167 -1.114862 0.290494 -0.089456 -1.612307
1757579854.233685 -0.042916 -0.003624 0.002098 0.087167 -1.114862 0.290494 -0.089456 -1.612688
1757579854.235653 -0.042916 -0.003624 0.002098 0.087167 -1.114862 0.290494 -0.089837 -1.613070
1757579854.237650 -0.042916 -0.003624 0.002098 0.087167 -1.114862 0.290494 -0.090219 -1.613451
1757579854.239758 -0.042916 -0.003624 0.002098 0.087167 -1.115244 0.290112 -0.090600 -1.613832
1757579854.241703 -0.042916 -0.003624 0.002098 0.087167 -1.115244 0.290494 -0.090981 -1.614214
1757579854.243693 -0.042916 -0.003624 0.002098 0.087167 -1.115244 0.290112 -0.090981 -1.614214
1757579854.245707 -0.042916 -0.003624 0.002098 0.087167 -1.115244 0.290112 -0.091363 -1.614595
1757579854.247791 -0.042916 -0.003624 0.002098 0.087167 -1.115244 0.290112 -0.091744 -1.614977
1757579854.249707 -0.042916 -0.003624 0.002098 0.087167 -1.115244 0.290112 -0.091744 -1.615358
1757579854.251751 -0.042916 -0.003624 0.002098 0.087167 -1.115244 0.290112 -0.092126 -1.615740
1757579854.253665 -0.042916 -0.003624 0.002098 0.087167 -1.115244 0.290112 -0.092507 -1.615740
1757579854.255690 -0.042916 -0.003624 0.002098 0.087167 -1.115244 0.290112 -0.092889 -1.616121
1757579854.257746 -0.042916 -0.003624 0.002098 0.087167 -1.115244 0.289731 -0.092889 -1.616503
1757579854.259664 -0.042916 -0.003624 0.002098 0.087167 -1.115244 0.289731 -0.093270 -1.616884
1757579854.261680 -0.042916 -0.003624 0.002098 0.087167 -1.115244 0.289731 -0.093652 -1.616884
1757579854.263696 -0.042916 -0.003624 0.002098 0.087167 -1.115244 0.289731 -0.094034 -1.617266
1757579854.265655 -0.042916 -0.003624 0.002098 0.087167 -1.115244 0.289731 -0.094034 -1.617647
1757579854.267665 -0.042916 -0.003624 0.002098 0.087167 -1.115244 0.289350 -0.094416 -1.618029
1757579854.269668 -0.042916 -0.003624 0.002098 0.087167 -1.115244 0.289350 -0.094797 -1.618029
1757579854.271663 -0.042916 -0.003624 0.002098 0.087167 -1.115244 0.289350 -0.094797 -1.618410
1757579854.273664 -0.042916 -0.003624 0.002098 0.087167 -1.115244 0.289350 -0.095179 -1.618792
1757579854.275661 -0.042916 -0.003624 0.002098 0.087167 -1.114862 0.289350 -0.095179 -1.618792
1757579854.277664 -0.042916 -0.003624 0.002098 0.087167 -1.114862 0.288968 -0.095560 -1.619173
1757579854.279660 -0.042916 -0.003624 0.002098 0.087167 -1.114862 0.288968 -0.095560 -1.619173
1757579854.281662 -0.042916 -0.003624 0.002098 0.087167 -1.114862 0.288968 -0.095942 -1.619555
1757579854.283660 -0.042916 -0.003242 0.002098 0.087167 -1.114862 0.288968 -0.095942 -1.619555
1757579854.285664 -0.042535 -0.003242 0.002098 0.087167 -1.114862 0.288587 -0.095942 -1.619936
1757579854.287662 -0.042535 -0.003242 0.002098 0.087167 -1.114862 0.288587 -0.096323 -1.620317
1757579854.289673 -0.042535 -0.003242 0.002098 0.087167 -1.114862 0.288587 -0.096323 -1.620317
1757579854.291670 -0.042535 -0.003242 0.002098 0.087167 -1.114862 0.288587 -0.096704 -1.620699
1757579854.293666 -0.042535 -0.003242 0.002098 0.087167 -1.114481 0.288587 -0.096704 -1.620699
1757579854.295676 -0.042535 -0.003242 0.002098 0.087167 -1.114481 0.288205 -0.097086 -1.621080
1757579854.297654 -0.042535 -0.003624 0.002098 0.087167 -1.114481 0.288205 -0.097086 -1.621080
1757579854.299654 -0.042535 -0.003242 0.002098 0.087167 -1.114481 0.288205 -0.097467 -1.621462
1757579854.301668 -0.042535 -0.003242 0.002098 0.087167 -1.114481 0.288205 -0.097849 -1.621462
1757579854.303662 -0.042535 -0.003242 0.002098 0.087167 -1.114481 0.287824 -0.097849 -1.621843
1757579854.305665 -0.042535 -0.003242 0.002098 0.087167 -1.114100 0.287824 -0.098230 -1.621843
1757579854.307660 -0.042535 -0.003242 0.002098 0.087167 -1.114100 0.287824 -0.098612 -1.621843
1757579854.309665 -0.042535 -0.003242 0.002098 0.087167 -1.114100 0.287824 -0.098612 -1.621843
1757579854.311661 -0.042535 -0.003242 0.002098 0.087167 -1.114100 0.287442 -0.098993 -1.622225
1757579854.313662 -0.042535 -0.003242 0.002098 0.087167 -1.114100 0.287442 -0.099375 -1.622225
1757579854.315663 -0.042535 -0.003242 0.002098 0.087167 -1.113718 0.287442 -0.099756 -1.622225
1757579854.317659 -0.042535 -0.003242 0.002098 0.087167 -1.113718 0.287061 -0.100138 -1.622225
1757579854.319734 -0.042535 -0.003242 0.002098 0.087167 -1.113718 0.287061 -0.100138 -1.622225
1757579854.321704 -0.042535 -0.003242 0.002098 0.087167 -1.113718 0.286679 -0.100519 -1.622606
1757579854.323759 -0.042535 -0.003242 0.002098 0.087167 -1.113337 0.286679 -0.100901 -1.622606
1757579854.325714 -0.042535 -0.003242 0.002098 0.087167 -1.113337 0.286298 -0.101282 -1.622606
1757579854.327713 -0.042535 -0.003242 0.002098 0.087167 -1.112955 0.286298 -0.101664 -1.622606
1757579854.329715 -0.042535 -0.003242 0.002098 0.087167 -1.112955 0.285916 -0.102045 -1.622606
1757579854.331712 -0.042535 -0.003242 0.002098 0.087167 -1.112574 0.285916 -0.102427 -1.622606
1757579854.333707 -0.042535 -0.003242 0.002098 0.087167 -1.112574 0.285535 -0.102808 -1.622606
1757579854.335711 -0.042535 -0.003242 0.002098 0.087167 -1.112192 0.285535 -0.102808 -1.622988
1757579854.337715 -0.042153 -0.003242 0.002098 0.087167 -1.112192 0.285153 -0.103189 -1.622988
1757579854.339719 -0.042153 -0.003242 0.002098 0.087167 -1.111811 0.284772 -0.103571 -1.622988
1757579854.341714 -0.042153 -0.003242 0.002098 0.087167 -1.111811 0.284772 -0.103952 -1.622988
1757579854.343712 -0.042153 -0.003242 0.002098 0.087167 -1.111429 0.284390 -0.104334 -1.622988
1757579854.345710 -0.042153 -0.003242 0.002098 0.087167 -1.111048 0.284009 -0.104715 -1.622988
1757579854.347710 -0.042153 -0.003242 0.002098 0.087167 -1.111048 0.284009 -0.104715 -1.622988
1757579854.349725 -0.042153 -0.003242 0.002098 0.087167 -1.110666 0.283628 -0.105097 -1.622988
1757579854.351707 -0.042153 -0.003242 0.002098 0.087167 -1.110285 0.283246 -0.105478 -1.622988
1757579854.353703 -0.042153 -0.003242 0.002098 0.087167 -1.110285 0.282865 -0.105478 -1.622988
1757579854.355663 -0.042153 -0.003242 0.002098 0.087167 -1.109903 0.282483 -0.105860 -1.622988
1757579854.357662 -0.042153 -0.003242 0.002098 0.087167 -1.109522 0.282483 -0.106241 -1.622988
1757579854.359689 -0.042153 -0.003242 0.002098 0.087167 -1.109140 0.282102 -0.106623 -1.622988
1757579854.361670 -0.042153 -0.003242 0.002098 0.087167 -1.109140 0.281720 -0.107004 -1.622988
1757579854.363661 -0.042153 -0.003242 0.002098 0.087167 -1.108759 0.281339 -0.107004 -1.623369
1757579854.365664 -0.042153 -0.003242 0.002098 0.087167 -1.108377 0.280956 -0.107386 -1.623369
1757579854.367689 -0.042153 -0.003242 0.002098 0.087167 -1.107996 0.280575 -0.107767 -1.623369
1757579854.369666 -0.042153 -0.003242 0.002098 0.087167 -1.107615 0.280193 -0.108149 -1.623369
1757579854.371733 -0.042153 -0.003242 0.002098 0.087167 -1.107615 0.279812 -0.108530 -1.623369
1757579854.373690 -0.042153 -0.003242 0.002098 0.087167 -1.107233 0.279430 -0.108912 -1.623369
1757579854.375658 -0.042153 -0.003242 0.002098 0.087167 -1.106852 0.278667 -0.108912 -1.623369
1757579854.377675 -0.042153 -0.003242 0.002098 0.087167 -1.106470 0.278286 -0.109293 -1.623369
1757579854.379660 -0.042153 -0.003242 0.002098 0.087548 -1.106089 0.277905 -0.109674 -1.623369
1757579854.381712 -0.042153 -0.003242 0.002098 0.087548 -1.105707 0.277523 -0.110056 -1.623369
1757579854.383663 -0.042153 -0.003242 0.002098 0.087548 -1.105326 0.277142 -0.110437 -1.623369
1757579854.385671 -0.041772 -0.003242 0.002098 0.087548 -1.104944 0.276379 -0.110819 -1.623369
1757579854.387649 -0.041772 -0.003242 0.002098 0.087548 -1.104563 0.275997 -0.110819 -1.623369
1757579854.389660 -0.041772 -0.003242 0.002098 0.087548 -1.104181 0.275616 -0.111200 -1.623369
1757579854.391658 -0.041772 -0.003242 0.002098 0.087548 -1.103800 0.275234 -0.111582 -1.623369
1757579854.393670 -0.041772 -0.003242 0.002098 0.087548 -1.103418 0.274471 -0.111963 -1.623369
1757579854.395660 -0.041772 -0.003242 0.002098 0.087548 -1.103037 0.274090 -0.112345 -1.623369
1757579854.397664 -0.041772 -0.003242 0.002098 0.087548 -1.102274 0.273708 -0.112345 -1.623369
1757579854.399656 -0.041772 -0.003242 0.002098 0.087548 -1.101892 0.272945 -0.112726 -1.623369
1757579854.401672 -0.041772 -0.003242 0.002098 0.087548 -1.101511 0.272564 -0.113108 -1.623369
1757579854.403657 -0.041772 -0.003242 0.002098 0.087548 -1.101130 0.272182 -0.113489 -1.623751
1757579854.405662 -0.041772 -0.003242 0.002098 0.087548 -1.100748 0.271420 -0.113489 -1.623751
1757579854.407658 -0.041772 -0.003242 0.002098 0.087548 -1.100367 0.271038 -0.113871 -1.623751
1757579854.409671 -0.041772 -0.003242 0.002098 0.087548 -1.099985 0.270657 -0.114252 -1.623751
1757579854.411729 -0.041772 -0.003242 0.002098 0.087548 -1.099222 0.269894 -0.114252 -1.623751
1757579854.413677 -0.041772 -0.003242 0.002098 0.087548 -1.098841 0.269512 -0.114634 -1.623751
1757579854.415649 -0.041772 -0.003242 0.002098 0.087548 -1.098459 0.268749 -0.115015 -1.623751
1757579854.417665 -0.041772 -0.003242 0.002098 0.087548 -1.098078 0.268368 -0.115015 -1.623751
1757579854.419660 -0.041772 -0.003242 0.002098 0.087548 -1.097696 0.267986 -0.115396 -1.623751
1757579854.421679 -0.041772 -0.003242 0.002098 0.087548 -1.097315 0.267223 -0.115396 -1.623751
1757579854.423657 -0.041390 -0.003242 0.002098 0.087548 -1.096933 0.266842 -0.115778 -1.623751
1757579854.425656 -0.041390 -0.003242 0.002098 0.087548 -1.096170 0.266079 -0.115778 -1.623751
1757579854.427684 -0.041390 -0.003242 0.002098 0.087548 -1.095789 0.265697 -0.116159 -1.623751
1757579854.429715 -0.041390 -0.003242 0.002098 0.087548 -1.095407 0.264935 -0.116159 -1.623751
1757579854.431708 -0.041390 -0.003242 0.002098 0.087548 -1.095026 0.264172 -0.116541 -1.623751
1757579854.433708 -0.041390 -0.003242 0.002098 0.087548 -1.094645 0.263790 -0.116541 -1.623751
1757579854.435707 -0.041390 -0.003242 0.002098 0.087548 -1.094263 0.263027 -0.116922 -1.623751
1757579854.437729 -0.041390 -0.003242 0.002098 0.087548 -1.093499 0.262646 -0.116922 -1.623751
1757579854.439713 -0.041390 -0.003242 0.002098 0.087548 -1.093118 0.261883 -0.117304 -1.623751
1757579854.441712 -0.041390 -0.003242 0.002098 0.087548 -1.092736 0.261120 -0.117304 -1.623751
1757579854.443722 -0.041390 -0.003242 0.002098 0.087548 -1.092355 0.260357 -0.117304 -1.623751
1757579854.445753 -0.041390 -0.003242 0.002098 0.087548 -1.091973 0.259975 -0.117685 -1.623751
1757579854.447712 -0.041390 -0.003242 0.002098 0.087548 -1.091592 0.259212 -0.117685 -1.623751
1757579854.449708 -0.041390 -0.003242 0.002098 0.087548 -1.091210 0.258450 -0.118067 -1.623751
1757579854.451710 -0.041390 -0.003242 0.002098 0.087548 -1.090829 0.257687 -0.118067 -1.623751
1757579854.453692 -0.041390 -0.003242 0.002098 0.087548 -1.090066 0.256924 -0.118448 -1.623751
1757579854.455716 -0.041390 -0.003242 0.002098 0.087548 -1.089684 0.256542 -0.118830 -1.623751
1757579854.457718 -0.041390 -0.003242 0.002098 0.087548 -1.089303 0.255779 -0.118830 -1.623751
1757579854.459714 -0.041390 -0.003242 0.002098 0.087548 -1.088922 0.255016 -0.119211 -1.623751
1757579854.461707 -0.041390 -0.003242 0.002098 0.087548 -1.088540 0.254253 -0.119211 -1.623751
1757579854.463689 -0.041390 -0.003242 0.002098 0.087548 -1.088159 0.253490 -0.119593 -1.623751
1757579854.465716 -0.041390 -0.003242 0.002098 0.087548 -1.087396 0.252728 -0.119593 -1.623751
1757579854.467709 -0.041390 -0.003242 0.002098 0.087548 -1.087014 0.251965 -0.119974 -1.623751
1757579854.469710 -0.041772 -0.003242 0.002098 0.087548 -1.086633 0.251202 -0.119974 -1.623751
1757579854.471704 -0.041390 -0.003242 0.002098 0.087548 -1.086251 0.250439 -0.119974 -1.623751
1757579854.473712 -0.041772 -0.003242 0.002098 0.087548 -1.085870 0.249676 -0.120356 -1.623751
1757579854.475721 -0.041772 -0.003242 0.002098 0.087548 -1.085107 0.248913 -0.120356 -1.623751
1757579854.477718 -0.041772 -0.003242 0.002098 0.087548 -1.084725 0.248150 -0.120356 -1.623751
1757579854.479713 -0.041772 -0.003242 0.002098 0.087548 -1.084344 0.247387 -0.120737 -1.623751
1757579854.481713 -0.041772 -0.003242 0.002098 0.087548 -1.083581 0.246624 -0.120737 -1.623751
1757579854.483714 -0.041772 -0.003242 0.002098 0.087548 -1.083200 0.245480 -0.120737 -1.623751
1757579854.485730 -0.041772 -0.003242 0.002098 0.087548 -1.082818 0.244717 -0.120737 -1.623751
1757579854.487705 -0.041772 -0.003242 0.002098 0.087548 -1.082055 0.243954 -0.120737 -1.623751
1757579854.489710 -0.041772 -0.003242 0.002098 0.087548 -1.081674 0.243191 -0.120737 -1.623751
1757579854.491702 -0.041772 -0.003242 0.002098 0.087548 -1.080911 0.242428 -0.121119 -1.623751
1757579854.493713 -0.041772 -0.003242 0.002098 0.087548 -1.080529 0.241665 -0.121119 -1.623751
1757579854.495708 -0.041772 -0.003242 0.002098 0.087548 -1.080148 0.240902 -0.121119 -1.623751
1757579854.497708 -0.041772 -0.003242 0.002098 0.087548 -1.079385 0.240139 -0.121119 -1.623751
1757579854.499722 -0.041772 -0.003242 0.002098 0.087548 -1.079003 0.239376 -0.121119 -1.623751
1757579854.501711 -0.041772 -0.003242 0.002098 0.087548 -1.078240 0.238613 -0.121119 -1.623751
1757579854.503706 -0.041772 -0.003242 0.002098 0.087548 -1.077859 0.237850 -0.121119 -1.623751
1757579854.505752 -0.041772 -0.003242 0.002098 0.087548 -1.077477 0.237087 -0.121119 -1.623751
1757579854.507687 -0.041772 -0.003242 0.002098 0.087548 -1.077096 0.236324 -0.121119 -1.623751
1757579854.509714 -0.041772 -0.003242 0.002098 0.087548 -1.076333 0.235561 -0.121500 -1.623751
1757579854.511687 -0.041772 -0.003242 0.002098 0.087548 -1.075952 0.234798 -0.121500 -1.623751
1757579854.513700 -0.041772 -0.003242 0.002098 0.087548 -1.075570 0.234035 -0.121500 -1.623751
1757579854.515677 -0.041772 -0.003242 0.002098 0.087548 -1.075189 0.233273 -0.121500 -1.623751
1757579854.517663 -0.041772 -0.003242 0.002098 0.087548 -1.074426 0.232510 -0.121500 -1.623751
1757579854.519666 -0.041772 -0.003242 0.002098 0.087548 -1.074044 0.231747 -0.121500 -1.623751
1757579854.521663 -0.041772 -0.003242 0.002098 0.087548 -1.073663 0.230602 -0.121500 -1.623751
1757579854.523671 -0.041772 -0.003242 0.002098 0.087548 -1.073281 0.229839 -0.121500 -1.623751
1757579854.525664 -0.041772 -0.003242 0.002098 0.087548 -1.072900 0.229076 -0.121500 -1.623751
1757579854.527684 -0.041772 -0.003242 0.002098 0.087548 -1.072137 0.228313 -0.121500 -1.623751
1757579854.529665 -0.041772 -0.003242 0.002098 0.087548 -1.071755 0.227551 -0.121500 -1.623751
1757579854.531679 -0.041772 -0.003242 0.002098 0.087548 -1.071374 0.226788 -0.121500 -1.623751
1757579854.533702 -0.041772 -0.003242 0.002098 0.087548 -1.070992 0.226025 -0.121500 -1.623751
1757579854.535733 -0.041772 -0.003242 0.002098 0.087548 -1.070611 0.225262 -0.121500 -1.623751
1757579854.537695 -0.041772 -0.003242 0.002098 0.087548 -1.070230 0.224117 -0.121500 -1.623751
1757579854.539724 -0.041772 -0.003242 0.002098 0.087548 -1.069848 0.223354 -0.121500 -1.623751
1757579854.541697 -0.041772 -0.003242 0.002098 0.087548 -1.069467 0.222591 -0.121500 -1.623751
1757579854.543671 -0.041772 -0.003242 0.002098 0.087548 -1.068704 0.221828 -0.121500 -1.623751
1757579854.545661 -0.041772 -0.003242 0.002098 0.087548 -1.068322 0.221066 -0.121500 -1.623751
1757579854.547672 -0.041772 -0.003242 0.002098 0.087548 -1.067941 0.219921 -0.121500 -1.623751
1757579854.549663 -0.041772 -0.003242 0.002098 0.087548 -1.067559 0.219158 -0.121500 -1.623751
1757579854.551665 -0.041772 -0.003242 0.002098 0.087548 -1.067178 0.218394 -0.121500 -1.623751
1757579854.553679 -0.041772 -0.003242 0.002098 0.087548 -1.066796 0.217631 -0.121500 -1.623751
1757579854.555678 -0.041772 -0.003242 0.002098 0.087548 -1.066415 0.216868 -0.121500 -1.623751
1757579854.557661 -0.041772 -0.003242 0.002098 0.087548 -1.065652 0.215724 -0.121500 -1.623751
1757579854.559673 -0.041772 -0.003242 0.002098 0.087548 -1.065270 0.214961 -0.121500 -1.623751
1757579854.561660 -0.041772 -0.003242 0.002098 0.087548 -1.064889 0.214198 -0.121500 -1.623751
1757579854.563659 -0.041772 -0.003242 0.002098 0.087548 -1.064507 0.213435 -0.121119 -1.623751
1757579854.565655 -0.041772 -0.003242 0.002098 0.087548 -1.064126 0.212672 -0.121119 -1.623751
1757579854.567716 -0.041772 -0.003242 0.002098 0.087548 -1.063745 0.211909 -0.121119 -1.623751
1757579854.569667 -0.041772 -0.003242 0.002098 0.087548 -1.062982 0.210765 -0.121119 -1.623751
1757579854.571685 -0.041772 -0.003242 0.002098 0.087548 -1.062600 0.210002 -0.121119 -1.623751
1757579854.573689 -0.041772 -0.003242 0.002098 0.087548 -1.062219 0.209239 -0.121119 -1.623751
1757579854.575672 -0.041772 -0.003242 0.002098 0.087548 -1.061837 0.208476 -0.121119 -1.623751
1757579854.577659 -0.041772 -0.002861 0.002098 0.087548 -1.061456 0.207713 -0.121119 -1.623751
1757579854.579666 -0.041772 -0.003242 0.002098 0.087548 -1.061074 0.206569 -0.121119 -1.623751
1757579854.581661 -0.041772 -0.003242 0.002098 0.087548 -1.060693 0.205806 -0.121119 -1.623751
1757579854.583681 -0.041772 -0.003242 0.002098 0.087548 -1.059930 0.205043 -0.121119 -1.623751
1757579854.585654 -0.041772 -0.003242 0.002098 0.087548 -1.059548 0.204280 -0.121119 -1.623751
1757579854.587667 -0.041772 -0.003242 0.002098 0.087548 -1.059167 0.203135 -0.121119 -1.623751
1757579854.589665 -0.041772 -0.002861 0.002098 0.087548 -1.058785 0.202373 -0.121119 -1.623751
1757579854.591672 -0.041772 -0.002861 0.002098 0.087548 -1.058404 0.201610 -0.121119 -1.623751
1757579854.593659 -0.041772 -0.003242 0.002098 0.087548 -1.058022 0.200465 -0.121119 -1.623751
1757579854.595664 -0.041772 -0.003242 0.002098 0.087548 -1.057641 0.199702 -0.121119 -1.623751
1757579854.597659 -0.041772 -0.002861 0.002098 0.087548 -1.057260 0.198939 -0.120737 -1.623751
1757579854.599701 -0.041772 -0.002861 0.002098 0.087548 -1.056878 0.197795 -0.120737 -1.623751
1757579854.601676 -0.041772 -0.002861 0.002098 0.087548 -1.056497 0.197032 -0.120737 -1.623751
1757579854.603665 -0.041772 -0.003242 0.002098 0.087548 -1.056115 0.196269 -0.120737 -1.623751
1757579854.605660 -0.041772 -0.002861 0.002098 0.087548 -1.055734 0.195125 -0.120737 -1.623751
1757579854.607741 -0.041772 -0.002861 0.002098 0.087548 -1.055352 0.194362 -0.120737 -1.623751
1757579854.609700 -0.041772 -0.002861 0.002098 0.087548 -1.054971 0.193217 -0.120737 -1.623751
1757579854.611697 -0.041772 -0.002861 0.002098 0.087548 -1.054589 0.192454 -0.120737 -1.623751
1757579854.613697 -0.041772 -0.003242 0.002098 0.087548 -1.054208 0.191691 -0.120356 -1.623751
1757579854.615722 -0.041772 -0.003242 0.002098 0.087548 -1.053826 0.190547 -0.120356 -1.623751
1757579854.617703 -0.041772 -0.002861 0.002098 0.087548 -1.053445 0.189784 -0.120356 -1.623751
1757579854.619697 -0.041772 -0.002861 0.002098 0.087167 -1.053063 0.189021 -0.120356 -1.623751
1757579854.621691 -0.041772 -0.003242 0.002098 0.087548 -1.052682 0.187877 -0.120356 -1.623751
1757579854.623710 -0.041772 -0.003242 0.002098 0.087548 -1.052300 0.187114 -0.119974 -1.623751
1757579854.625703 -0.041772 -0.003242 0.002098 0.087548 -1.051919 0.185969 -0.119974 -1.623751
1757579854.627700 -0.041772 -0.003242 0.002098 0.087548 -1.051156 0.185206 -0.119974 -1.623751
1757579854.629725 -0.041772 -0.003242 0.002098 0.087548 -1.050775 0.184062 -0.119974 -1.623751
1757579854.631700 -0.041772 -0.003242 0.002098 0.087167 -1.050393 0.183299 -0.119974 -1.623751
1757579854.633703 -0.041772 -0.003242 0.002098 0.087548 -1.050012 0.182536 -0.119974 -1.623751
1757579854.635718 -0.041772 -0.003242 0.002098 0.087548 -1.049630 0.181392 -0.119974 -1.623751
1757579854.637703 -0.041772 -0.003242 0.002098 0.087167 -1.049249 0.180629 -0.119593 -1.623751
1757579854.639705 -0.041772 -0.003242 0.002098 0.087167 -1.048867 0.179484 -0.119593 -1.623751
1757579854.641707 -0.041772 -0.003242 0.002098 0.087167 -1.048486 0.178721 -0.119593 -1.623751
1757579854.643697 -0.041772 -0.003242 0.002098 0.087167 -1.048104 0.177577 -0.119593 -1.623751
1757579854.645705 -0.041772 -0.003242 0.002098 0.087167 -1.047723 0.176814 -0.119593 -1.623751
1757579854.647691 -0.041772 -0.003242 0.002098 0.087167 -1.047341 0.175670 -0.119593 -1.623751
1757579854.649704 -0.041772 -0.003242 0.002098 0.087167 -1.046960 0.174907 -0.119593 -1.623751
1757579854.651698 -0.041772 -0.003242 0.002098 0.087167 -1.046578 0.173762 -0.119593 -1.623751
1757579854.653699 -0.041772 -0.003242 0.002098 0.087167 -1.046197 0.172999 -0.119593 -1.623751
1757579854.655697 -0.041772 -0.003242 0.002098 0.087167 -1.045815 0.171855 -0.119211 -1.623751
1757579854.657705 -0.041772 -0.003242 0.002098 0.087167 -1.045434 0.171092 -0.119211 -1.623751
1757579854.659692 -0.041772 -0.003242 0.002098 0.087167 -1.045053 0.169948 -0.119211 -1.623751
1757579854.661722 -0.041772 -0.003242 0.002098 0.087167 -1.044290 0.169185 -0.119211 -1.623751
1757579854.663700 -0.041772 -0.003242 0.002098 0.087167 -1.043908 0.168040 -0.119211 -1.623751
1757579854.665765 -0.041772 -0.003242 0.002098 0.087167 -1.043527 0.167277 -0.119211 -1.623751
1757579854.667680 -0.041772 -0.003242 0.002098 0.087167 -1.043145 0.166133 -0.119211 -1.623751
1757579854.669679 -0.041772 -0.003242 0.002098 0.087167 -1.042764 0.165370 -0.119211 -1.623751
1757579854.671677 -0.041772 -0.003242 0.002098 0.087167 -1.042382 0.164226 -0.118830 -1.623751
1757579854.673692 -0.041772 -0.003242 0.002098 0.087167 -1.042001 0.163463 -0.118830 -1.623751
1757579854.675690 -0.041772 -0.003242 0.002098 0.087167 -1.041619 0.162318 -0.118830 -1.623751
1757579854.677673 -0.041772 -0.003242 0.002098 0.087167 -1.040856 0.161555 -0.118830 -1.623751
1757579854.679678 -0.041772 -0.003242 0.002098 0.087167 -1.040475 0.160411 -0.118830 -1.623751
1757579854.681664 -0.041772 -0.003242 0.002098 0.087167 -1.040093 0.159648 -0.118448 -1.623751
1757579854.683660 -0.041772 -0.003242 0.002098 0.087167 -1.039712 0.158885 -0.118448 -1.623751
1757579854.685666 -0.041772 -0.003242 0.002098 0.087167 -1.039330 0.157741 -0.118448 -1.623751
1757579854.687654 -0.041772 -0.003242 0.002098 0.087167 -1.038949 0.156978 -0.118448 -1.623751
1757579854.689681 -0.041772 -0.003242 0.002098 0.087167 -1.038186 0.156214 -0.118448 -1.623751
1757579854.691687 -0.041772 -0.003242 0.002098 0.087167 -1.037805 0.155069 -0.118067 -1.623751
1757579854.693671 -0.041772 -0.003242 0.002098 0.087167 -1.037423 0.154306 -0.118067 -1.623751
1757579854.695676 -0.041772 -0.003242 0.002098 0.087167 -1.037042 0.153162 -0.118067 -1.623751
1757579854.697658 -0.041772 -0.003242 0.002098 0.087167 -1.036279 0.152399 -0.118067 -1.623751
1757579854.699677 -0.041772 -0.003242 0.002098 0.087167 -1.035897 0.151636 -0.117685 -1.623751
1757579854.701667 -0.041772 -0.003242 0.002098 0.087167 -1.035516 0.150873 -0.117685 -1.623751
1757579854.703672 -0.041772 -0.003242 0.002098 0.087167 -1.035134 0.149729 -0.117685 -1.623751
1757579854.705662 -0.041772 -0.003242 0.002098 0.087167 -1.034753 0.148966 -0.117685 -1.623751
1757579854.707664 -0.041772 -0.003242 0.002098 0.087167 -1.034371 0.147821 -0.117685 -1.623751
1757579854.709660 -0.041772 -0.003242 0.002098 0.087167 -1.033608 0.147058 -0.117304 -1.623751
1757579854.711710 -0.041772 -0.003242 0.002098 0.087167 -1.033227 0.146296 -0.117304 -1.623751
1757579854.713749 -0.041772 -0.003242 0.002098 0.087167 -1.032845 0.145151 -0.117304 -1.623751
1757579854.715656 -0.041772 -0.003242 0.002098 0.087167 -1.032464 0.144388 -0.117304 -1.623751
1757579854.717667 -0.041772 -0.003242 0.002098 0.087167 -1.032083 0.143244 -0.117304 -1.623751
1757579854.719668 -0.041772 -0.003242 0.002098 0.087167 -1.031701 0.142099 -0.116922 -1.623751
1757579854.721718 -0.041772 -0.003242 0.002098 0.087167 -1.031320 0.141336 -0.116922 -1.623751
1757579854.723687 -0.041772 -0.003242 0.002098 0.087167 -1.030937 0.140192 -0.116922 -1.623751
1757579854.725672 -0.041772 -0.003242 0.002098 0.087167 -1.030556 0.139429 -0.116922 -1.623751
1757579854.727677 -0.041772 -0.003242 0.002098 0.087167 -1.029793 0.138285 -0.116541 -1.623751
1757579854.729665 -0.042153 -0.003242 0.002098 0.087167 -1.029411 0.137140 -0.116541 -1.623751
1757579854.731661 -0.041772 -0.003242 0.002098 0.087167 -1.029030 0.136377 -0.116541 -1.623751
1757579854.733672 -0.041772 -0.003242 0.002098 0.087167 -1.028648 0.135233 -0.116541 -1.623751
1757579854.735664 -0.041772 -0.003242 0.002098 0.087167 -1.028267 0.134470 -0.116541 -1.623751
1757579854.737667 -0.042153 -0.003242 0.002098 0.087167 -1.027885 0.133326 -0.116159 -1.623751
1757579854.739659 -0.042153 -0.003242 0.002098 0.087167 -1.027504 0.132563 -0.116159 -1.623751
1757579854.741673 -0.042153 -0.003242 0.002098 0.087167 -1.027122 0.131418 -0.116159 -1.623751
1757579854.743663 -0.042153 -0.003242 0.002098 0.087167 -1.026741 0.130274 -0.116159 -1.623751
1757579854.745660 -0.042153 -0.003242 0.002098 0.087167 -1.026360 0.129511 -0.116159 -1.623751
1757579854.747659 -0.042153 -0.003242 0.002098 0.087167 -1.025978 0.128366 -0.116159 -1.623751
1757579854.749692 -0.042153 -0.003242 0.002098 0.087167 -1.025597 0.127222 -0.116159 -1.623751
1757579854.751659 -0.042153 -0.003242 0.002098 0.087167 -1.025215 0.126459 -0.115778 -1.623369
1757579854.753747 -0.042153 -0.003242 0.002098 0.087167 -1.024834 0.125315 -0.115778 -1.623369
1757579854.755665 -0.042153 -0.003242 0.002098 0.087167 -1.024452 0.124170 -0.115778 -1.623369
1757579854.757671 -0.042153 -0.003242 0.002098 0.087167 -1.024071 0.123407 -0.115778 -1.623369
1757579854.759655 -0.042153 -0.003242 0.002098 0.087167 -1.023689 0.122263 -0.115778 -1.623369
1757579854.761684 -0.042153 -0.003624 0.002098 0.087167 -1.023308 0.121119 -0.115778 -1.623369
1757579854.763665 -0.042153 -0.003624 0.002098 0.087167 -1.022926 0.120356 -0.115396 -1.623369
1757579854.765658 -0.042153 -0.003624 0.002098 0.087167 -1.022545 0.119211 -0.115396 -1.623369
1757579854.767653 -0.042153 -0.003624 0.002098 0.087167 -1.022163 0.118448 -0.115396 -1.623369
1757579854.769675 -0.042153 -0.003624 0.002098 0.087167 -1.021782 0.117304 -0.115396 -1.623369
1757579854.771655 -0.042153 -0.003624 0.002098 0.087167 -1.021400 0.116159 -0.115396 -1.623369
1757579854.773655 -0.042153 -0.003624 0.002098 0.087167 -1.021019 0.115396 -0.115015 -1.623369
1757579854.775651 -0.042153 -0.003624 0.002098 0.087167 -1.020638 0.114252 -0.115015 -1.623369
1757579854.777671 -0.042153 -0.003624 0.002098 0.087167 -1.020256 0.113108 -0.115015 -1.623369
1757579854.779657 -0.042153 -0.003624 0.002098 0.087167 -1.019875 0.112345 -0.115015 -1.623369
1757579854.781653 -0.042153 -0.003624 0.002098 0.087167 -1.019875 0.111200 -0.114634 -1.623369
1757579854.783646 -0.042153 -0.003624 0.002098 0.087167 -1.019493 0.110056 -0.114634 -1.623369
1757579854.785673 -0.042153 -0.003624 0.002098 0.087167 -1.019112 0.109293 -0.114634 -1.623369
1757579854.787661 -0.042153 -0.003624 0.002098 0.087167 -1.018730 0.108149 -0.114634 -1.623369
1757579854.789700 -0.042535 -0.003624 0.002098 0.087167 -1.018349 0.107004 -0.114252 -1.623369
1757579854.791664 -0.042535 -0.003624 0.002098 0.087167 -1.017967 0.106241 -0.114252 -1.623369
1757579854.793675 -0.042535 -0.003624 0.002098 0.087167 -1.017967 0.105097 -0.114252 -1.623369
1757579854.795655 -0.042535 -0.003624 0.002098 0.087167 -1.017586 0.103952 -0.114252 -1.623369
1757579854.797656 -0.042535 -0.003624 0.002098 0.087167 -1.017204 0.103189 -0.114252 -1.623369
1757579854.799652 -0.042535 -0.003624 0.002098 0.087167 -1.016823 0.102045 -0.113871 -1.623369
1757579854.801678 -0.042535 -0.003624 0.002098 0.087167 -1.016823 0.100901 -0.113871 -1.623369
1757579854.803654 -0.042535 -0.003624 0.002098 0.087167 -1.016441 0.100138 -0.113871 -1.623369
1757579854.805658 -0.042535 -0.003624 0.002098 0.087167 -1.016060 0.098993 -0.113871 -1.623369
1757579854.807656 -0.042535 -0.003624 0.002098 0.087167 -1.016060 0.097849 -0.113871 -1.622988
1757579854.809716 -0.042535 -0.003624 0.002098 0.087167 -1.015678 0.096704 -0.113489 -1.622988
1757579854.811652 -0.042535 -0.003624 0.002098 0.087167 -1.015297 0.095942 -0.113489 -1.622988
1757579854.813660 -0.042535 -0.003624 0.002098 0.087167 -1.015297 0.094797 -0.113489 -1.622988
1757579854.815687 -0.042535 -0.003624 0.002098 0.087167 -1.014915 0.093652 -0.113489 -1.622988
1757579854.817731 -0.042535 -0.003624 0.002098 0.087167 -1.014915 0.092507 -0.113489 -1.622988
1757579854.819717 -0.042535 -0.003624 0.002098 0.087167 -1.014534 0.091744 -0.113108 -1.622988
1757579854.821670 -0.042535 -0.003624 0.002098 0.087167 -1.014153 0.090600 -0.113108 -1.622988
1757579854.823681 -0.042535 -0.003624 0.002098 0.087167 -1.014153 0.089456 -0.113108 -1.622988
1757579854.825714 -0.042535 -0.003624 0.002098 0.087167 -1.013771 0.088311 -0.113108 -1.622988
1757579854.827658 -0.042535 -0.003624 0.002098 0.087167 -1.013771 0.087548 -0.113108 -1.622988
1757579854.829697 -0.042535 -0.003624 0.002098 0.087167 -1.013390 0.086404 -0.113108 -1.622988
1757579854.831657 -0.042535 -0.003624 0.002098 0.087167 -1.013390 0.085259 -0.112726 -1.622988
1757579854.833658 -0.042916 -0.003624 0.002098 0.087167 -1.013008 0.084115 -0.112726 -1.622988
1757579854.835652 -0.042916 -0.003624 0.002098 0.087167 -1.013008 0.082971 -0.112726 -1.622988
1757579854.837651 -0.042916 -0.003624 0.002098 0.087167 -1.012627 0.082208 -0.112726 -1.622988
1757579854.839663 -0.042916 -0.003624 0.002098 0.087167 -1.012627 0.081063 -0.112726 -1.622988
1757579854.841652 -0.042916 -0.003624 0.002098 0.087167 -1.012245 0.079919 -0.112345 -1.622606
1757579854.843652 -0.042916 -0.003624 0.002098 0.087167 -1.012245 0.078774 -0.112345 -1.622606
1757579854.845645 -0.042916 -0.003624 0.002098 0.087167 -1.011864 0.077630 -0.112345 -1.622606
1757579854.847682 -0.042916 -0.003624 0.002098 0.087167 -1.011482 0.076867 -0.112345 -1.622606
1757579854.849657 -0.042916 -0.003624 0.002098 0.087167 -1.011482 0.075723 -0.112345 -1.622606
1757579854.851753 -0.042916 -0.003624 0.002098 0.087167 -1.011101 0.074578 -0.111963 -1.622606
1757579854.853675 -0.042916 -0.003624 0.002098 0.087167 -1.011101 0.073434 -0.111963 -1.622606
1757579854.855667 -0.042916 -0.003624 0.002098 0.087167 -1.010719 0.072671 -0.111963 -1.622606
1757579854.857661 -0.042916 -0.003624 0.002098 0.087167 -1.010719 0.071527 -0.111963 -1.622225
1757579854.859680 -0.042916 -0.003624 0.002098 0.087167 -1.010338 0.070382 -0.111963 -1.622225
1757579854.861657 -0.043298 -0.003624 0.002098 0.087167 -1.010338 0.069238 -0.111582 -1.622225
1757579854.863655 -0.043298 -0.003624 0.002098 0.087167 -1.009956 0.068093 -0.111582 -1.622225
1757579854.865654 -0.043298 -0.003624 0.002098 0.087167 -1.009956 0.067330 -0.111582 -1.622225
1757579854.867675 -0.043298 -0.003624 0.002098 0.087167 -1.009575 0.066186 -0.111582 -1.622225
1757579854.869653 -0.043298 -0.003624 0.002098 0.087167 -1.009575 0.065042 -0.111200 -1.622225
1757579854.871658 -0.043298 -0.003624 0.002098 0.087167 -1.009193 0.063897 -0.111200 -1.621843
1757579854.873654 -0.043298 -0.003624 0.002098 0.087167 -1.009193 0.062753 -0.111200 -1.622225
1757579854.875653 -0.043298 -0.003624 0.002098 0.087167 -1.008812 0.061608 -0.111200 -1.621843
1757579854.877670 -0.043298 -0.003624 0.002098 0.087167 -1.008812 0.060845 -0.110819 -1.621843
1757579854.879675 -0.043298 -0.003624 0.002098 0.087167 -1.008430 0.059701 -0.110819 -1.621843
1757579854.881666 -0.043679 -0.003624 0.002098 0.087167 -1.008430 0.058557 -0.110819 -1.621843
1757579854.883660 -0.043679 -0.003624 0.002098 0.087167 -1.008049 0.057412 -0.110437 -1.621843
1757579854.885651 -0.043679 -0.003624 0.002098 0.087167 -1.008049 0.056268 -0.110437 -1.621843
1757579854.887661 -0.043679 -0.003624 0.002098 0.087167 -1.007668 0.055123 -0.110437 -1.621843
1757579854.889653 -0.043679 -0.003624 0.002098 0.087167 -1.007668 0.053979 -0.110056 -1.621462
1757579854.891656 -0.043679 -0.003624 0.002098 0.087167 -1.007286 0.053216 -0.110056 -1.621462
1757579854.893651 -0.043679 -0.003624 0.002098 0.087167 -1.007286 0.052072 -0.110056 -1.621462
1757579854.895656 -0.043679 -0.003624 0.002098 0.087167 -1.006905 0.050927 -0.109674 -1.621462
1757579854.897649 -0.043679 -0.003624 0.002098 0.087167 -1.006905 0.049783 -0.109674 -1.621462
1757579854.899653 -0.043679 -0.003624 0.002098 0.087167 -1.006523 0.048638 -0.109674 -1.621462
1757579854.901649 -0.043679 -0.003624 0.002098 0.087167 -1.006523 0.047494 -0.109293 -1.621462
1757579854.903661 -0.044061 -0.003624 0.002098 0.087167 -1.006142 0.046350 -0.109293 -1.621080
1757579854.905652 -0.044061 -0.003624 0.002098 0.087167 -1.005760 0.045205 -0.109293 -1.621080
1757579854.907650 -0.044061 -0.003624 0.002098 0.087167 -1.005760 0.044061 -0.108912 -1.621080
1757579854.909669 -0.044061 -0.003624 0.002098 0.087167 -1.005760 0.042916 -0.108912 -1.621080
1757579854.911660 -0.044061 -0.003624 0.002098 0.087167 -1.005379 0.042153 -0.108530 -1.621080
1757579854.913650 -0.044061 -0.003624 0.002098 0.087167 -1.005379 0.041009 -0.108530 -1.621080
1757579854.915662 -0.044061 -0.003624 0.002098 0.087167 -1.004997 0.039865 -0.108149 -1.621080
1757579854.917658 -0.044061 -0.003624 0.002098 0.087167 -1.004997 0.038720 -0.108149 -1.621080
1757579854.919669 -0.044061 -0.003624 0.002098 0.087167 -1.004616 0.037576 -0.108149 -1.620699
1757579854.921652 -0.044061 -0.003624 0.002098 0.087167 -1.004616 0.036431 -0.107767 -1.620699
1757579854.923659 -0.044061 -0.003624 0.002098 0.087167 -1.004234 0.035287 -0.107386 -1.620699
1757579854.925651 -0.044061 -0.003624 0.002098 0.087167 -1.004234 0.034524 -0.107386 -1.620699
1757579854.927668 -0.044061 -0.003624 0.002098 0.087167 -1.004234 0.033380 -0.107004 -1.620699
1757579854.929651 -0.044061 -0.003624 0.002098 0.087167 -1.003853 0.032235 -0.107004 -1.620699
1757579854.931663 -0.044442 -0.003624 0.002098 0.087167 -1.003853 0.031090 -0.106623 -1.620699
1757579854.933651 -0.044442 -0.003624 0.002098 0.087167 -1.003471 0.029945 -0.106623 -1.620699
1757579854.935655 -0.044442 -0.003624 0.002098 0.087167 -1.003471 0.028801 -0.106241 -1.620699
1757579854.937655 -0.044442 -0.003624 0.002098 0.087167 -1.003471 0.028038 -0.106241 -1.620699
1757579854.939687 -0.044442 -0.003624 0.002098 0.087167 -1.003090 0.026894 -0.105860 -1.620699
1757579854.941679 -0.044442 -0.003624 0.002098 0.087167 -1.003090 0.025749 -0.105860 -1.620699
1757579854.943683 -0.044442 -0.004005 0.002098 0.087167 -1.003090 0.024605 -0.105478 -1.620699
1757579854.945652 -0.044442 -0.004005 0.002098 0.087167 -1.003090 0.023460 -0.105097 -1.620699
1757579854.947671 -0.044442 -0.004005 0.002098 0.087167 -1.002708 0.022316 -0.105097 -1.620699
1757579854.949655 -0.044442 -0.004005 0.002098 0.087167 -1.002708 0.021172 -0.104715 -1.620317
1757579854.951659 -0.044442 -0.004005 0.002098 0.087167 -1.002708 0.020027 -0.104715 -1.620317
1757579854.953655 -0.044442 -0.004005 0.002098 0.087167 -1.002327 0.018883 -0.104334 -1.620317
1757579854.955667 -0.044442 -0.004005 0.002098 0.087167 -1.002327 0.017738 -0.103952 -1.620317
1757579854.957653 -0.044442 -0.004005 0.002098 0.087167 -1.002327 0.016594 -0.103952 -1.620317
1757579854.959659 -0.044442 -0.004005 0.002098 0.087167 -1.001945 0.015450 -0.103571 -1.620317
1757579854.961652 -0.044442 -0.004005 0.002098 0.087167 -1.001945 0.014305 -0.103571 -1.620317
1757579854.963668 -0.044442 -0.004005 0.002098 0.087167 -1.001945 0.013161 -0.103189 -1.620317
1757579854.965655 -0.044442 -0.004005 0.002098 0.087167 -1.001945 0.011635 -0.103189 -1.620317
1757579854.967662 -0.044442 -0.004005 0.002098 0.087167 -1.001564 0.010490 -0.102808 -1.620317
1757579854.969647 -0.044442 -0.004005 0.002098 0.087167 -1.001564 0.009346 -0.102427 -1.620317
1757579854.971683 -0.044442 -0.004005 0.002098 0.087167 -1.001564 0.008202 -0.102045 -1.620317
1757579854.973657 -0.044442 -0.004005 0.002098 0.087167 -1.001564 0.007057 -0.102045 -1.620317
1757579854.975654 -0.044442 -0.004005 0.002098 0.087167 -1.001183 0.005913 -0.101664 -1.620317
1757579854.977659 -0.044442 -0.004005 0.002098 0.087167 -1.001183 0.004768 -0.101282 -1.620317
1757579854.979673 -0.044442 -0.004005 0.002098 0.087167 -1.001183 0.003624 -0.100901 -1.620317
1757579854.981657 -0.044442 -0.004005 0.002098 0.087167 -1.000801 0.002480 -0.100901 -1.620317
1757579854.983657 -0.044442 -0.004005 0.002098 0.087167 -1.000801 0.001335 -0.100519 -1.620317
1757579854.985668 -0.044442 -0.004005 0.002098 0.087167 -1.000801 0.000191 -0.100138 -1.620317
1757579854.987670 -0.044442 -0.004005 0.002098 0.087167 -1.000801 -0.000954 -0.099756 -1.620317
1757579854.989652 -0.044442 -0.004005 0.002098 0.087167 -1.000801 -0.002098 -0.099375 -1.619936
1757579854.991655 -0.044442 -0.004005 0.002098 0.087167 -1.000420 -0.003242 -0.098993 -1.620317
1757579854.993654 -0.044442 -0.004005 0.002098 0.087167 -1.000420 -0.004387 -0.098612 -1.619936
1757579854.995666 -0.044442 -0.004005 0.002098 0.087167 -1.000420 -0.005531 -0.098612 -1.619936
1757579854.997652 -0.044442 -0.004005 0.002098 0.087167 -1.000420 -0.006676 -0.098230 -1.619936
1757579854.999716 -0.044442 -0.004005 0.002098 0.087167 -1.000038 -0.007820 -0.097849 -1.619936
1757579855.001763 -0.044442 -0.004005 0.002098 0.087167 -1.000038 -0.008965 -0.097467 -1.619936
1757579855.003668 -0.044442 -0.004005 0.002098 0.087167 -1.000038 -0.009727 -0.097086 -1.619936
1757579855.005676 -0.044442 -0.004005 0.002098 0.087167 -1.000038 -0.010872 -0.096704 -1.619936
1757579855.007674 -0.044442 -0.004005 0.002098 0.087167 -1.000038 -0.012016 -0.096323 -1.619936
1757579855.009659 -0.044442 -0.004005 0.002098 0.087167 -0.999657 -0.013161 -0.095942 -1.619936
1757579855.011668 -0.044442 -0.004005 0.002098 0.087167 -0.999657 -0.013924 -0.095560 -1.619936
1757579855.013654 -0.044442 -0.004005 0.002098 0.087167 -0.999657 -0.015068 -0.095179 -1.619936
1757579855.015660 -0.044442 -0.004005 0.002098 0.087167 -0.999657 -0.016212 -0.094797 -1.619936
1757579855.017654 -0.044824 -0.004005 0.002098 0.087167 -0.999657 -0.017357 -0.094416 -1.619936
1757579855.019675 -0.044824 -0.004005 0.002098 0.087167 -0.999275 -0.018501 -0.094034 -1.619936
1757579855.021654 -0.044824 -0.004005 0.002098 0.087167 -0.999275 -0.019264 -0.093270 -1.619936
1757579855.023650 -0.044824 -0.004005 0.002098 0.087167 -0.999275 -0.020409 -0.092889 -1.619936
1757579855.025651 -0.044824 -0.004005 0.002098 0.087167 -0.999275 -0.021553 -0.092507 -1.619936
1757579855.027697 -0.044824 -0.004005 0.002098 0.087167 -0.998894 -0.022697 -0.092126 -1.619936
1757579855.029662 -0.044824 -0.004005 0.002098 0.087167 -0.998894 -0.023842 -0.091744 -1.619936
1757579855.031704 -0.044824 -0.004005 0.002098 0.087167 -0.998894 -0.024986 -0.091363 -1.619936
1757579855.033664 -0.044824 -0.004005 0.002098 0.087167 -0.998894 -0.026131 -0.090600 -1.619936
1757579855.035675 -0.044824 -0.004005 0.002098 0.087167 -0.998512 -0.027275 -0.090219 -1.619936
1757579855.037654 -0.044824 -0.004005 0.002098 0.087167 -0.998512 -0.028801 -0.089837 -1.619936
1757579855.039713 -0.044824 -0.004005 0.002098 0.087167 -0.998512 -0.029945 -0.089456 -1.619936
1757579855.041661 -0.044824 -0.004005 0.002098 0.087167 -0.998512 -0.031090 -0.088693 -1.619555
1757579855.043684 -0.044824 -0.004005 0.002098 0.087167 -0.998512 -0.032235 -0.088311 -1.619555
1757579855.045644 -0.044824 -0.004005 0.002098 0.087167 -0.998131 -0.033380 -0.087930 -1.619555
1757579855.047718 -0.044824 -0.004005 0.002098 0.087167 -0.998131 -0.034905 -0.087548 -1.619555
1757579855.049648 -0.044824 -0.004005 0.002098 0.087167 -0.998131 -0.036050 -0.087167 -1.619555
1757579855.051678 -0.044824 -0.004005 0.002098 0.087167 -0.998131 -0.037194 -0.086404 -1.619555
1757579855.053651 -0.044824 -0.004005 0.002098 0.087167 -0.997749 -0.038720 -0.086022 -1.619555
1757579855.055684 -0.045205 -0.004005 0.002098 0.087167 -0.997749 -0.039865 -0.085641 -1.619555
1757579855.057656 -0.045205 -0.004005 0.002098 0.087167 -0.997749 -0.041009 -0.084878 -1.619555
1757579855.059652 -0.045205 -0.004005 0.002098 0.087167 -0.997749 -0.042153 -0.084496 -1.619555
1757579855.061651 -0.045205 -0.004005 0.002098 0.087167 -0.997749 -0.043679 -0.084115 -1.619555
1757579855.063678 -0.045205 -0.004005 0.002098 0.087167 -0.997368 -0.044824 -0.083352 -1.619555
1757579855.065653 -0.045205 -0.004005 0.002098 0.087167 -0.997368 -0.045968 -0.082971 -1.619555
1757579855.067662 -0.045205 -0.004005 0.002098 0.087167 -0.997368 -0.047112 -0.082208 -1.619555
1757579855.069660 -0.045205 -0.004005 0.002098 0.087167 -0.997368 -0.048257 -0.081826 -1.619555
1757579855.071649 -0.045205 -0.004005 0.002098 0.087167 -0.997368 -0.049783 -0.081063 -1.619555
1757579855.073654 -0.045205 -0.004005 0.002098 0.087167 -0.997368 -0.050927 -0.080682 -1.619555
1757579855.075648 -0.045205 -0.004005 0.002098 0.087167 -0.996986 -0.052072 -0.079919 -1.619555
1757579855.077652 -0.045205 -0.004005 0.002098 0.087167 -0.996986 -0.053216 -0.079537 -1.619555
1757579855.079649 -0.045205 -0.004005 0.002098 0.087167 -0.996986 -0.054360 -0.078774 -1.619555
1757579855.081647 -0.045205 -0.004005 0.002098 0.087167 -0.996986 -0.055505 -0.078393 -1.619555
1757579855.083650 -0.045205 -0.004005 0.002098 0.087167 -0.996986 -0.056649 -0.077630 -1.619555
1757579855.085650 -0.045205 -0.004005 0.002098 0.087167 -0.996605 -0.058175 -0.077249 -1.619555
1757579855.087649 -0.045205 -0.004005 0.002098 0.087167 -0.996605 -0.059319 -0.076486 -1.619555
1757579855.089656 -0.045205 -0.004005 0.002098 0.087167 -0.996605 -0.060464 -0.076104 -1.619555
1757579855.091649 -0.045205 -0.004005 0.002098 0.087167 -0.996605 -0.061608 -0.075341 -1.619555
1757579855.093647 -0.045205 -0.004005 0.002098 0.087167 -0.996605 -0.062753 -0.074578 -1.619555
1757579855.095665 -0.045205 -0.004005 0.002098 0.087167 -0.996223 -0.063897 -0.074197 -1.619555
1757579855.097655 -0.045205 -0.004005 0.002098 0.087167 -0.996223 -0.065042 -0.073434 -1.619555
1757579855.099649 -0.045205 -0.004005 0.002098 0.087167 -0.996223 -0.066186 -0.073052 -1.619555
1757579855.101662 -0.045587 -0.004005 0.002098 0.087167 -0.996223 -0.067330 -0.072289 -1.619555
1757579855.103665 -0.045587 -0.004005 0.002098 0.087167 -0.996223 -0.068856 -0.071527 -1.619555
1757579855.105663 -0.045587 -0.004005 0.002098 0.087167 -0.995842 -0.070001 -0.071145 -1.619555
1757579855.107652 -0.045587 -0.004005 0.002098 0.087167 -0.995842 -0.071145 -0.070382 -1.619555
1757579855.109720 -0.045587 -0.004005 0.002098 0.087167 -0.995842 -0.072289 -0.070001 -1.619555
1757579855.111657 -0.045587 -0.004005 0.002098 0.087167 -0.995842 -0.073434 -0.069238 -1.619555
1757579855.113659 -0.045587 -0.004005 0.002098 0.087167 -0.995842 -0.074578 -0.068856 -1.619555
1757579855.115650 -0.045587 -0.004005 0.002098 0.087167 -0.995461 -0.075723 -0.068093 -1.619555
1757579855.117668 -0.045587 -0.004005 0.002098 0.087167 -0.995461 -0.076867 -0.067712 -1.619555
1757579855.119652 -0.045587 -0.004005 0.002098 0.087167 -0.995461 -0.078012 -0.066949 -1.619555
1757579855.121653 -0.045587 -0.004005 0.002098 0.087167 -0.995461 -0.079156 -0.066567 -1.619555
1757579855.123648 -0.045587 -0.004005 0.002098 0.087167 -0.995079 -0.080300 -0.065804 -1.619555
1757579855.125666 -0.045587 -0.004005 0.002098 0.087167 -0.995079 -0.081445 -0.065423 -1.619555
1757579855.127649 -0.045587 -0.004005 0.002098 0.087167 -0.995079 -0.082589 -0.064660 -1.619555
1757579855.129671 -0.045587 -0.004005 0.002098 0.087167 -0.995079 -0.083734 -0.063897 -1.619555
1757579855.131739 -0.045587 -0.004005 0.002098 0.087167 -0.994698 -0.084878 -0.063516 -1.619555
1757579855.133667 -0.045587 -0.004005 0.002098 0.087167 -0.994698 -0.086022 -0.062753 -1.619555
1757579855.135647 -0.045587 -0.004005 0.002098 0.087167 -0.994698 -0.087167 -0.062371 -1.619555
1757579855.137658 -0.045587 -0.004005 0.002098 0.087167 -0.994698 -0.088311 -0.061608 -1.619555
1757579855.139647 -0.045587 -0.004005 0.002098 0.087167 -0.994316 -0.089456 -0.061227 -1.619555
1757579855.141658 -0.045587 -0.004005 0.002098 0.087167 -0.994316 -0.090219 -0.060464 -1.619555
1757579855.143647 -0.045587 -0.004005 0.002098 0.087167 -0.994316 -0.091363 -0.060082 -1.619555
1757579855.145653 -0.045968 -0.004005 0.002098 0.087167 -0.994316 -0.092507 -0.059319 -1.619555
1757579855.147646 -0.045968 -0.004005 0.002098 0.087167 -0.993935 -0.093652 -0.058938 -1.619555
1757579855.149657 -0.045968 -0.004005 0.002098 0.087167 -0.993935 -0.094797 -0.058175 -1.619555
1757579855.151648 -0.045968 -0.004005 0.002098 0.087167 -0.993935 -0.095942 -0.057794 -1.619555
1757579855.153647 -0.045968 -0.004005 0.002098 0.087167 -0.993553 -0.097086 -0.057031 -1.619555
1757579855.155641 -0.045968 -0.004005 0.002098 0.087167 -0.993553 -0.098230 -0.056649 -1.619555
1757579855.157673 -0.045968 -0.004005 0.002098 0.087167 -0.993172 -0.099375 -0.055886 -1.619555
1757579855.159654 -0.045968 -0.004005 0.002098 0.087167 -0.993172 -0.100519 -0.055505 -1.619555
1757579855.161654 -0.045968 -0.004005 0.002098 0.087167 -0.993172 -0.101664 -0.054742 -1.619173
1757579855.163682 -0.045968 -0.004005 0.002098 0.087167 -0.992790 -0.102808 -0.054360 -1.619173
1757579855.165666 -0.045968 -0.004005 0.002098 0.087167 -0.992790 -0.103952 -0.053597 -1.619173
1757579855.167662 -0.045968 -0.004005 0.002098 0.087167 -0.992409 -0.105097 -0.053216 -1.619173
1757579855.169658 -0.045968 -0.004005 0.002098 0.087167 -0.992409 -0.105860 -0.052835 -1.619173
1757579855.171664 -0.045968 -0.004005 0.002098 0.087167 -0.992027 -0.107004 -0.052072 -1.619173
1757579855.173671 -0.045968 -0.004005 0.002098 0.087167 -0.992027 -0.108149 -0.051690 -1.619173
1757579855.175667 -0.045968 -0.004005 0.002098 0.087167 -0.991646 -0.109293 -0.051309 -1.619173
1757579855.177652 -0.045968 -0.004005 0.002098 0.087167 -0.991646 -0.110437 -0.050927 -1.619173
1757579855.179691 -0.045968 -0.004005 0.002098 0.087167 -0.991264 -0.111582 -0.050164 -1.619173
1757579855.181660 -0.045968 -0.004005 0.002098 0.087167 -0.991264 -0.112726 -0.049783 -1.619173
1757579855.183665 -0.045968 -0.004005 0.002098 0.087167 -0.991264 -0.113871 -0.049401 -1.619173
1757579855.185649 -0.045968 -0.004005 0.002098 0.087167 -0.990883 -0.115015 -0.049020 -1.619173
1757579855.187708 -0.045968 -0.004005 0.002098 0.087167 -0.990883 -0.116159 -0.048638 -1.619173
1757579855.189663 -0.045968 -0.004005 0.002098 0.087167 -0.990883 -0.116922 -0.048257 -1.619173
1757579855.191683 -0.045968 -0.004005 0.002098 0.087167 -0.990501 -0.118067 -0.047494 -1.619173
1757579855.193676 -0.045968 -0.004005 0.002098 0.087167 -0.990501 -0.119211 -0.047112 -1.619173
1757579855.195658 -0.045968 -0.004005 0.002098 0.087167 -0.990501 -0.120356 -0.046731 -1.619173
1757579855.197670 -0.045968 -0.004005 0.002098 0.087167 -0.990120 -0.121119 -0.046350 -1.619555
1757579855.199674 -0.045968 -0.004005 0.002098 0.087167 -0.990120 -0.122263 -0.045587 -1.619173
1757579855.201655 -0.045968 -0.004005 0.002098 0.087167 -0.990120 -0.123407 -0.045205 -1.619555
1757579855.203666 -0.045968 -0.004005 0.002098 0.087167 -0.989738 -0.124552 -0.044824 -1.619173
1757579855.205663 -0.045968 -0.004005 0.002098 0.087167 -0.989738 -0.125315 -0.044442 -1.619555
1757579855.207668 -0.045968 -0.004005 0.002098 0.087167 -0.989738 -0.126459 -0.044061 -1.619173
1757579855.209649 -0.045968 -0.004005 0.002098 0.087167 -0.989357 -0.127222 -0.043298 -1.619555
1757579855.211664 -0.045968 -0.004005 0.002098 0.087167 -0.989357 -0.128366 -0.042916 -1.619173
1757579855.213667 -0.045968 -0.004005 0.002098 0.087167 -0.989357 -0.129511 -0.042535 -1.619173
1757579855.215656 -0.045968 -0.004005 0.002098 0.087167 -0.988976 -0.130274 -0.041772 -1.619173
1757579855.217665 -0.045968 -0.004005 0.002098 0.087167 -0.988976 -0.131418 -0.041390 -1.619173
1757579855.219670 -0.045968 -0.004005 0.002098 0.087167 -0.988976 -0.132181 -0.040627 -1.619555
1757579855.221674 -0.045968 -0.004005 0.002098 0.087167 -0.988594 -0.133326 -0.040246 -1.619173
1757579855.223668 -0.045968 -0.004005 0.002098 0.087167 -0.988594 -0.134089 -0.039865 -1.619555
1757579855.225652 -0.045968 -0.004005 0.002098 0.087167 -0.988594 -0.135233 -0.039102 -1.619173
1757579855.227673 -0.045968 -0.004005 0.002098 0.087167 -0.988213 -0.135996 -0.038720 -1.619555
1757579855.229667 -0.045968 -0.004005 0.002098 0.087167 -0.988213 -0.137140 -0.037957 -1.619173
1757579855.231662 -0.045968 -0.004005 0.002098 0.087167 -0.988213 -0.138285 -0.037576 -1.619555
1757579855.233660 -0.045968 -0.004005 0.002098 0.087167 -0.987831 -0.139048 -0.036813 -1.619173
1757579855.235657 -0.045968 -0.004005 0.002098 0.087167 -0.987831 -0.140192 -0.036431 -1.619173
1757579855.237662 -0.045968 -0.004005 0.002098 0.087167 -0.987831 -0.141336 -0.036050 -1.619173
1757579855.239655 -0.045968 -0.004005 0.002098 0.087167 -0.987450 -0.142099 -0.035287 -1.619173
1757579855.241703 -0.046350 -0.004005 0.002098 0.087167 -0.987450 -0.143244 -0.034905 -1.619173
1757579855.243693 -0.046350 -0.004005 0.002098 0.087167 -0.987450 -0.144388 -0.034524 -1.619173
1757579855.245658 -0.046350 -0.004005 0.002098 0.087167 -0.987068 -0.145533 -0.034142 -1.619173
1757579855.247649 -0.046350 -0.004005 0.002098 0.087167 -0.987068 -0.146677 -0.033380 -1.619173
1757579855.249795 -0.046350 -0.004005 0.002098 0.087167 -0.986687 -0.147440 -0.032998 -1.619173
1757579855.251646 -0.046350 -0.004005 0.002098 0.087167 -0.986687 -0.148584 -0.032617 -1.619173
1757579855.253650 -0.046350 -0.004005 0.002098 0.087167 -0.986687 -0.149729 -0.032235 -1.619173
1757579855.255663 -0.046350 -0.004005 0.002098 0.087167 -0.986305 -0.150873 -0.031472 -1.619173
1757579855.257674 -0.046350 -0.004005 0.002098 0.087167 -0.986305 -0.152018 -0.031090 -1.619173
1757579855.259647 -0.046350 -0.004005 0.002098 0.087167 -0.986305 -0.153162 -0.030708 -1.619173
1757579855.261651 -0.046350 -0.004005 0.002098 0.087167 -0.985924 -0.154306 -0.029945 -1.619173
1757579855.263647 -0.046350 -0.004005 0.002098 0.087167 -0.985924 -0.155451 -0.029564 -1.619173
1757579855.265656 -0.046350 -0.004005 0.002098 0.087167 -0.985542 -0.156596 -0.029182 -1.619173
1757579855.267650 -0.046350 -0.004005 0.002098 0.087167 -0.985542 -0.157741 -0.028419 -1.619173
1757579855.269650 -0.046350 -0.004005 0.002098 0.087167 -0.985542 -0.158504 -0.028038 -1.619173
1757579855.271648 -0.046350 -0.004005 0.002098 0.087167 -0.985161 -0.159648 -0.027657 -1.619173
1757579855.273777 -0.046350 -0.004005 0.002098 0.087167 -0.985161 -0.160792 -0.026894 -1.619173
1757579855.275686 -0.046350 -0.004005 0.002098 0.087167 -0.985161 -0.161937 -0.026512 -1.619173
1757579855.277684 -0.046350 -0.004005 0.002098 0.087167 -0.985161 -0.163081 -0.025749 -1.619173
1757579855.279679 -0.046350 -0.004005 0.002098 0.087167 -0.984779 -0.164226 -0.025368 -1.619173
1757579855.281800 -0.046350 -0.004005 0.002098 0.087167 -0.984779 -0.164989 -0.024605 -1.619173
1757579855.283713 -0.046350 -0.004005 0.002098 0.087167 -0.984779 -0.166133 -0.024223 -1.619173
1757579855.285746 -0.046350 -0.004005 0.002098 0.087167 -0.984398 -0.167277 -0.023460 -1.619173
1757579855.287690 -0.046350 -0.004005 0.002098 0.087167 -0.984398 -0.168040 -0.023079 -1.619173
1757579855.289679 -0.046350 -0.004005 0.002098 0.087167 -0.984398 -0.169185 -0.022316 -1.619173
1757579855.291653 -0.046350 -0.004005 0.002098 0.087167 -0.984016 -0.169948 -0.021935 -1.619173
1757579855.293683 -0.046350 -0.004005 0.002098 0.087167 -0.984016 -0.171092 -0.021172 -1.619173
1757579855.295648 -0.046350 -0.004005 0.002098 0.087167 -0.983635 -0.171855 -0.020790 -1.619173
1757579855.297649 -0.046350 -0.004005 0.002098 0.087167 -0.983635 -0.172618 -0.020409 -1.619173
1757579855.299654 -0.046350 -0.004005 0.002098 0.087167 -0.983635 -0.173762 -0.019646 -1.619173
1757579855.301651 -0.046350 -0.004005 0.002098 0.087167 -0.983253 -0.174525 -0.019264 -1.619173
1757579855.303647 -0.046350 -0.004005 0.002098 0.087167 -0.983253 -0.175288 -0.018501 -1.619173
1757579855.305651 -0.046350 -0.004005 0.002098 0.087167 -0.982872 -0.176051 -0.018120 -1.619173
1757579855.307649 -0.046350 -0.004005 0.002098 0.087167 -0.982872 -0.176814 -0.017357 -1.619173
1757579855.309637 -0.046350 -0.004005 0.002098 0.087167 -0.982491 -0.177577 -0.016975 -1.619173
1757579855.311679 -0.046350 -0.004005 0.002098 0.087167 -0.982109 -0.178340 -0.016594 -1.619173
1757579855.313649 -0.046350 -0.004005 0.002098 0.087167 -0.982109 -0.179103 -0.015831 -1.618792
1757579855.315647 -0.046350 -0.004005 0.002098 0.087167 -0.981728 -0.179866 -0.015450 -1.618792
1757579855.317644 -0.046350 -0.004005 0.002098 0.087167 -0.981728 -0.180629 -0.014687 -1.618792
1757579855.319646 -0.046350 -0.004005 0.002098 0.087167 -0.981346 -0.181773 -0.014305 -1.618792
1757579855.321651 -0.046350 -0.004005 0.002098 0.087167 -0.981346 -0.182536 -0.013542 -1.618792
1757579855.323649 -0.046350 -0.004005 0.002098 0.087167 -0.980965 -0.183299 -0.013161 -1.618792
1757579855.325641 -0.046350 -0.004005 0.002098 0.087167 -0.980965 -0.184062 -0.012398 -1.618792
1757579855.327637 -0.046350 -0.004005 0.002098 0.087167 -0.980583 -0.185206 -0.012016 -1.618792
1757579855.329653 -0.046350 -0.004005 0.002098 0.087167 -0.980202 -0.185969 -0.011253 -1.618792
1757579855.331651 -0.046350 -0.004005 0.002098 0.087167 -0.980202 -0.187114 -0.010872 -1.618792
1757579855.333644 -0.046350 -0.004005 0.002098 0.087167 -0.979820 -0.187877 -0.010109 -1.618410
1757579855.335650 -0.046350 -0.004005 0.002098 0.087167 -0.979439 -0.189021 -0.009727 -1.618410
1757579855.337644 -0.046350 -0.004005 0.002098 0.087167 -0.979439 -0.190166 -0.008965 -1.618410
1757579855.339644 -0.046350 -0.004005 0.002098 0.087167 -0.979057 -0.190928 -0.008583 -1.618410
1757579855.341647 -0.046350 -0.004005 0.002098 0.087167 -0.979057 -0.192073 -0.008202 -1.618410
1757579855.343659 -0.046350 -0.004005 0.002098 0.087167 -0.978676 -0.193217 -0.007439 -1.618410
1757579855.345643 -0.046350 -0.004005 0.002098 0.087167 -0.978676 -0.194362 -0.007057 -1.618029
1757579855.347648 -0.046350 -0.004005 0.002098 0.087167 -0.978294 -0.195506 -0.006294 -1.618029
1757579855.349638 -0.046350 -0.004005 0.002098 0.087167 -0.977913 -0.196651 -0.005913 -1.618029
1757579855.351691 -0.046731 -0.004005 0.002098 0.087167 -0.977913 -0.197795 -0.005531 -1.618029
1757579855.353684 -0.046731 -0.004005 0.002098 0.087167 -0.977531 -0.198558 -0.004768 -1.618029
1757579855.355708 -0.046731 -0.004005 0.002098 0.087167 -0.977531 -0.199702 -0.004387 -1.618029
1757579855.357685 -0.046731 -0.004005 0.002098 0.087167 -0.977150 -0.200847 -0.003624 -1.618029
1757579855.359677 -0.046731 -0.004005 0.002098 0.087167 -0.977150 -0.201991 -0.003242 -1.618029
1757579855.361674 -0.046731 -0.004005 0.002098 0.087167 -0.977150 -0.203135 -0.002480 -1.618029
1757579855.363672 -0.046731 -0.004005 0.002098 0.087167 -0.976768 -0.204280 -0.002098 -1.618029
1757579855.365663 -0.046731 -0.004005 0.002098 0.087167 -0.976768 -0.205424 -0.001335 -1.618029
1757579855.367675 -0.046731 -0.004005 0.002098 0.087167 -0.976387 -0.206569 -0.000954 -1.617647
1757579855.369669 -0.046731 -0.004005 0.002098 0.087167 -0.976387 -0.207713 -0.000191 -1.618029
1757579855.371667 -0.046731 -0.004005 0.002098 0.087167 -0.976387 -0.208858 0.000191 -1.617647
1757579855.373693 -0.046731 -0.004005 0.002098 0.087167 -0.976006 -0.209620 0.000954 -1.617647
1757579855.375673 -0.046731 -0.004005 0.002098 0.087167 -0.976006 -0.210765 0.001717 -1.617647
1757579855.377670 -0.046731 -0.004005 0.002098 0.087167 -0.976006 -0.211909 0.002098 -1.617647
1757579855.379678 -0.046731 -0.004005 0.002098 0.087167 -0.976006 -0.212672 0.002861 -1.617647
1757579855.381703 -0.046731 -0.004005 0.002098 0.087167 -0.975624 -0.213817 0.003242 -1.617647
1757579855.383825 -0.046731 -0.004005 0.002098 0.087167 -0.975624 -0.214961 0.004005 -1.617647
1757579855.385708 -0.046731 -0.004005 0.002098 0.087167 -0.975624 -0.215724 0.004768 -1.617647
1757579855.387708 -0.046731 -0.004005 0.002098 0.087167 -0.975624 -0.216868 0.005150 -1.617647
1757579855.389701 -0.046731 -0.004005 0.002098 0.087167 -0.975243 -0.217631 0.005913 -1.617266
1757579855.391710 -0.046731 -0.004005 0.002098 0.087167 -0.975243 -0.218777 0.006676 -1.617266
1757579855.393679 -0.046731 -0.004005 0.002098 0.087167 -0.975243 -0.219540 0.007057 -1.617266
1757579855.395712 -0.046731 -0.004005 0.002098 0.087167 -0.974861 -0.220684 0.007820 -1.617266
1757579855.397694 -0.046731 -0.004005 0.002098 0.087167 -0.974861 -0.221447 0.008202 -1.617266
1757579855.399691 -0.046731 -0.004005 0.002098 0.087167 -0.974861 -0.222591 0.008965 -1.617266
1757579855.401688 -0.046731 -0.004005 0.002098 0.087167 -0.974480 -0.223354 0.009346 -1.616884
1757579855.403726 -0.046731 -0.004005 0.002098 0.087167 -0.974480 -0.224499 0.009727 -1.616884
1757579855.405665 -0.046731 -0.004005 0.002098 0.087167 -0.974480 -0.225262 0.010490 -1.616884
1757579855.407666 -0.046731 -0.004005 0.002098 0.087167 -0.974098 -0.226406 0.010872 -1.616884
1757579855.409660 -0.046731 -0.004005 0.002098 0.087167 -0.974098 -0.227551 0.011635 -1.616884
1757579855.411676 -0.046731 -0.004005 0.002098 0.087167 -0.974098 -0.228313 0.012016 -1.616884
1757579855.413657 -0.047112 -0.004005 0.002098 0.087167 -0.973717 -0.229458 0.012398 -1.616884
1757579855.415664 -0.047112 -0.004005 0.002098 0.087167 -0.973717 -0.230221 0.013161 -1.616503
1757579855.417652 -0.047112 -0.004005 0.002098 0.087167 -0.973717 -0.231365 0.013542 -1.616503
1757579855.419664 -0.047112 -0.004005 0.002098 0.087167 -0.973717 -0.232510 0.014305 -1.616503
1757579855.421661 -0.047112 -0.004005 0.002098 0.087167 -0.973335 -0.233273 0.014687 -1.616503
1757579855.423660 -0.047112 -0.004005 0.002098 0.087167 -0.973335 -0.234417 0.015450 -1.616503
1757579855.425653 -0.047112 -0.004005 0.002098 0.087167 -0.973335 -0.235561 0.015831 -1.616503
1757579855.427700 -0.047112 -0.004005 0.002098 0.087167 -0.973335 -0.236324 0.016594 -1.616503
1757579855.429662 -0.047112 -0.004005 0.002098 0.087167 -0.972954 -0.237469 0.016975 -1.616503
1757579855.431751 -0.047112 -0.004005 0.002098 0.087167 -0.972954 -0.238232 0.017357 -1.616503
1757579855.433656 -0.047112 -0.004005 0.002098 0.087167 -0.972954 -0.239376 0.018120 -1.616121
1757579855.435699 -0.047112 -0.004005 0.002098 0.087167 -0.972954 -0.240520 0.018501 -1.616121
1757579855.437658 -0.047112 -0.004005 0.002098 0.087167 -0.972954 -0.241283 0.019264 -1.616121
1757579855.439646 -0.047112 -0.004005 0.002098 0.087167 -0.972572 -0.242428 0.019646 -1.616121
1757579855.441656 -0.047112 -0.004005 0.002098 0.087167 -0.972572 -0.243191 0.020409 -1.616121
1757579855.443644 -0.047112 -0.004005 0.002098 0.087167 -0.972572 -0.244335 0.020790 -1.616121
1757579855.445657 -0.047112 -0.004005 0.002098 0.087167 -0.972572 -0.245098 0.021553 -1.616121
1757579855.447643 -0.047112 -0.004005 0.002098 0.087167 -0.972191 -0.246243 0.021935 -1.616121
1757579855.449655 -0.047112 -0.004005 0.002098 0.087167 -0.972191 -0.247005 0.022697 -1.616121
1757579855.451642 -0.047112 -0.004005 0.002098 0.087167 -0.972191 -0.247768 0.023079 -1.616121
1757579855.453647 -0.047112 -0.004005 0.002098 0.087167 -0.972191 -0.248913 0.023842 -1.616121
1757579855.455647 -0.047112 -0.004005 0.002098 0.087167 -0.972191 -0.249676 0.024223 -1.616121
1757579855.457650 -0.047112 -0.004005 0.002098 0.087167 -0.971809 -0.250439 0.024986 -1.616121
1757579855.459646 -0.047112 -0.004005 0.002098 0.087167 -0.971809 -0.251583 0.025749 -1.616121
1757579855.461650 -0.047112 -0.004005 0.002098 0.087167 -0.971809 -0.252346 0.026131 -1.616121
1757579855.463647 -0.047112 -0.004005 0.002098 0.087167 -0.971809 -0.253109 0.026894 -1.616121
1757579855.465647 -0.047112 -0.004005 0.002098 0.087167 -0.971428 -0.253872 0.027275 -1.616121
1757579855.467656 -0.047112 -0.004005 0.002098 0.087167 -0.971428 -0.254635 0.028038 -1.616121
1757579855.469674 -0.047112 -0.004005 0.002098 0.087167 -0.971428 -0.255016 0.028419 -1.616121
1757579855.471668 -0.047112 -0.004005 0.002098 0.087167 -0.971428 -0.255779 0.029182 -1.616121
1757579855.473649 -0.047112 -0.004005 0.002098 0.087167 -0.971046 -0.256542 0.029564 -1.616121
1757579855.475646 -0.047112 -0.004005 0.002098 0.087167 -0.971046 -0.257305 0.030327 -1.616121
1757579855.477650 -0.047112 -0.004005 0.002098 0.087167 -0.971046 -0.257687 0.030708 -1.616121
1757579855.479642 -0.047112 -0.004005 0.002098 0.087167 -0.970665 -0.258450 0.031472 -1.616121
1757579855.481651 -0.047112 -0.004005 0.002098 0.087167 -0.970665 -0.258831 0.031854 -1.616503
1757579855.483643 -0.047112 -0.004005 0.002098 0.087167 -0.970665 -0.259594 0.032617 -1.616503
1757579855.485650 -0.047112 -0.004005 0.002098 0.087167 -0.970665 -0.260357 0.033380 -1.616503
1757579855.487649 -0.047112 -0.004005 0.002098 0.087167 -0.970284 -0.260738 0.033761 -1.616503
1757579855.489649 -0.047112 -0.004005 0.002098 0.087167 -0.970284 -0.261501 0.034524 -1.616503
1757579855.491645 -0.047112 -0.004005 0.002098 0.087167 -0.970284 -0.261883 0.035287 -1.616503
1757579855.493652 -0.047112 -0.004005 0.002098 0.087167 -0.970284 -0.262646 0.036050 -1.616503
1757579855.495643 -0.047112 -0.004005 0.002098 0.087167 -0.970284 -0.263409 0.036431 -1.616503
1757579855.497737 -0.047112 -0.004005 0.002098 0.087167 -0.969902 -0.263790 0.037194 -1.616503
1757579855.499654 -0.047494 -0.004005 0.002098 0.087167 -0.969902 -0.264553 0.037957 -1.616503
1757579855.501652 -0.047494 -0.004005 0.002098 0.087167 -0.969902 -0.264935 0.038339 -1.616503
1757579855.503647 -0.047494 -0.004005 0.002098 0.087167 -0.969902 -0.265697 0.039102 -1.616503
1757579855.505666 -0.047494 -0.004005 0.002098 0.087167 -0.969521 -0.266460 0.039865 -1.616503
1757579855.507657 -0.047494 -0.004005 0.002098 0.087167 -0.969521 -0.266842 0.040246 -1.616503
1757579855.509661 -0.047494 -0.004005 0.002098 0.087167 -0.969521 -0.267605 0.041009 -1.616503
1757579855.511657 -0.047494 -0.004005 0.002098 0.087167 -0.969521 -0.267986 0.041390 -1.616503
1757579855.513664 -0.047494 -0.004005 0.002098 0.087167 -0.969521 -0.268749 0.042153 -1.616503
1757579855.515652 -0.047494 -0.004005 0.002098 0.087167 -0.969139 -0.269512 0.042535 -1.616503
1757579855.517652 -0.047494 -0.004005 0.002098 0.087167 -0.969139 -0.269894 0.043298 -1.616503
1757579855.519648 -0.047494 -0.004005 0.002098 0.087167 -0.969139 -0.270657 0.043679 -1.616503
1757579855.521656 -0.047494 -0.004005 0.002098 0.087167 -0.969139 -0.271420 0.044442 -1.616503
1757579855.523648 -0.047494 -0.004005 0.002098 0.087167 -0.968758 -0.272182 0.045205 -1.616503
1757579855.525649 -0.047875 -0.004005 0.002098 0.087167 -0.968758 -0.272564 0.045587 -1.616503
1757579855.527644 -0.047875 -0.004005 0.002098 0.087167 -0.968758 -0.273327 0.046350 -1.616503
1757579855.529711 -0.047875 -0.004005 0.002098 0.087167 -0.968758 -0.274090 0.046731 -1.616503
1757579855.531689 -0.047875 -0.004005 0.002098 0.087167 -0.968375 -0.274853 0.047494 -1.616503
1757579855.533674 -0.047875 -0.004005 0.002098 0.087167 -0.968375 -0.275234 0.047875 -1.616503
1757579855.535652 -0.047875 -0.004005 0.002098 0.087167 -0.968375 -0.275997 0.048638 -1.616503
1757579855.537666 -0.047875 -0.004005 0.002098 0.087167 -0.968375 -0.276760 0.049401 -1.616121
1757579855.539653 -0.047875 -0.004005 0.002098 0.087167 -0.968375 -0.277523 0.049783 -1.616121
1757579855.541653 -0.047875 -0.004005 0.002098 0.087167 -0.967994 -0.277905 0.050546 -1.616121
1757579855.543643 -0.047875 -0.004005 0.002098 0.087167 -0.967994 -0.278667 0.051309 -1.616121
1757579855.545660 -0.047875 -0.004005 0.002098 0.087167 -0.967994 -0.279430 0.051690 -1.616121
1757579855.547644 -0.047875 -0.004005 0.002098 0.087167 -0.967994 -0.280193 0.052453 -1.616121
1757579855.549652 -0.047875 -0.004005 0.002098 0.087167 -0.967994 -0.280575 0.053216 -1.616121
1757579855.551646 -0.048257 -0.004005 0.002098 0.087167 -0.967612 -0.281339 0.053979 -1.616121
1757579855.553654 -0.048257 -0.004005 0.002098 0.087167 -0.967612 -0.282102 0.054360 -1.616121
1757579855.555650 -0.048257 -0.004005 0.002098 0.087167 -0.967612 -0.282483 0.055123 -1.616121
1757579855.557652 -0.048257 -0.004005 0.002098 0.087167 -0.967612 -0.283246 0.055886 -1.616121
1757579855.559635 -0.048257 -0.004005 0.002098 0.087167 -0.967612 -0.283628 0.056268 -1.616121
1757579855.561670 -0.048257 -0.004005 0.002098 0.087167 -0.967612 -0.284390 0.057031 -1.616121
1757579855.563652 -0.048257 -0.004005 0.002098 0.087167 -0.967231 -0.284772 0.057794 -1.616121
1757579855.565646 -0.048257 -0.004005 0.002098 0.087167 -0.967231 -0.285535 0.058557 -1.616121
1757579855.567653 -0.048257 -0.004005 0.002098 0.087167 -0.967231 -0.285916 0.058938 -1.616121
1757579855.569669 -0.048257 -0.004005 0.002098 0.087167 -0.967231 -0.286679 0.059701 -1.616121
1757579855.571650 -0.048257 -0.004005 0.002098 0.087167 -0.967231 -0.287061 0.060464 -1.616121
1757579855.573650 -0.048257 -0.004005 0.002098 0.087167 -0.966849 -0.287824 0.061227 -1.616121
1757579855.575650 -0.048257 -0.004005 0.002098 0.087167 -0.966849 -0.288205 0.061608 -1.616121
1757579855.577662 -0.048638 -0.004005 0.002098 0.087167 -0.966849 -0.288968 0.062371 -1.616121
1757579855.579648 -0.048638 -0.004005 0.002098 0.087167 -0.966849 -0.289731 0.062753 -1.616121
1757579855.581650 -0.048638 -0.004005 0.002098 0.087167 -0.966849 -0.290112 0.063516 -1.616121
1757579855.583647 -0.048638 -0.004005 0.002098 0.087167 -0.966849 -0.290875 0.064279 -1.616121
1757579855.585658 -0.048638 -0.004005 0.002098 0.087167 -0.966849 -0.291638 0.064660 -1.616121
1757579855.587649 -0.048638 -0.004005 0.002098 0.087167 -0.966849 -0.292020 0.065423 -1.616121
1757579855.589663 -0.048638 -0.004005 0.002098 0.087167 -0.966468 -0.292783 0.065804 -1.616121
1757579855.591660 -0.048638 -0.004005 0.002098 0.087167 -0.966468 -0.293546 0.066186 -1.616121
1757579855.593651 -0.048638 -0.004005 0.002098 0.087167 -0.966468 -0.294309 0.066949 -1.616121
1757579855.595660 -0.048638 -0.004005 0.002098 0.087167 -0.966468 -0.295072 0.067330 -1.616121
1757579855.597682 -0.048638 -0.004005 0.002098 0.087167 -0.966468 -0.295835 0.067712 -1.616121
1757579855.599662 -0.049020 -0.004005 0.002098 0.087167 -0.966468 -0.296597 0.068475 -1.616121
1757579855.601663 -0.049020 -0.004005 0.002098 0.087167 -0.966468 -0.297360 0.068856 -1.615740
1757579855.603644 -0.049020 -0.004005 0.002098 0.087167 -0.966468 -0.298123 0.069238 -1.615740
1757579855.605665 -0.049020 -0.004005 0.002098 0.087167 -0.966468 -0.298886 0.070001 -1.615740
1757579855.607650 -0.049020 -0.004005 0.002098 0.087167 -0.966086 -0.299649 0.070382 -1.615740
1757579855.609662 -0.049020 -0.004005 0.002098 0.087167 -0.966086 -0.300412 0.070764 -1.615740
1757579855.611660 -0.049020 -0.004005 0.002098 0.087167 -0.966086 -0.301557 0.071145 -1.615740
1757579855.613656 -0.049020 -0.004005 0.002098 0.087167 -0.966086 -0.302320 0.071908 -1.615740
1757579855.615637 -0.049020 -0.004005 0.002098 0.087167 -0.966086 -0.303082 0.072289 -1.615740
1757579855.617656 -0.049020 -0.004005 0.002098 0.087167 -0.966086 -0.303845 0.072671 -1.615740
1757579855.619638 -0.049020 -0.004005 0.002098 0.087167 -0.966086 -0.304608 0.073434 -1.615740
1757579855.621742 -0.049020 -0.004005 0.002098 0.087167 -0.966086 -0.305371 0.073815 -1.615740
1757579855.623669 -0.049020 -0.004005 0.002098 0.087167 -0.966086 -0.306134 0.074578 -1.615740
1757579855.625684 -0.049020 -0.004005 0.002098 0.087167 -0.966086 -0.306897 0.074960 -1.615740
1757579855.627673 -0.049020 -0.004005 0.002098 0.087167 -0.966086 -0.307660 0.075341 -1.615740
1757579855.629731 -0.049020 -0.004005 0.002098 0.087167 -0.966086 -0.308423 0.076104 -1.615740
1757579855.631701 -0.049020 -0.004005 0.002098 0.087167 -0.966086 -0.309186 0.076486 -1.615740
1757579855.633688 -0.049020 -0.004005 0.002098 0.087167 -0.965705 -0.309567 0.077249 -1.615740
1757579855.635722 -0.049020 -0.004005 0.002098 0.087167 -0.965705 -0.310330 0.077630 -1.615740
1757579855.637763 -0.049020 -0.004005 0.002098 0.087167 -0.965705 -0.311093 0.078393 -1.615740
1757579855.639661 -0.049020 -0.004005 0.002098 0.087167 -0.965705 -0.311475 0.079156 -1.615740
1757579855.641674 -0.049401 -0.004005 0.002098 0.087167 -0.965705 -0.312238 0.079537 -1.615740
1757579855.643703 -0.049401 -0.004005 0.002098 0.087167 -0.965705 -0.312619 0.080300 -1.615740
1757579855.645756 -0.049401 -0.004005 0.002098 0.087167 -0.965705 -0.313382 0.081063 -1.616121
1757579855.647705 -0.049401 -0.004005 0.002098 0.087167 -0.965705 -0.313764 0.081826 -1.615740
1757579855.649711 -0.049401 -0.004005 0.002098 0.087167 -0.965705 -0.314527 0.082589 -1.616121
1757579855.651695 -0.049401 -0.004005 0.002098 0.087167 -0.965705 -0.314908 0.082971 -1.616121
1757579855.653816 -0.049401 -0.004005 0.002098 0.087167 -0.965705 -0.315289 0.083734 -1.616121
1757579855.655656 -0.049401 -0.004005 0.002098 0.087167 -0.965705 -0.316052 0.084496 -1.616121
1757579855.657664 -0.049401 -0.004005 0.002098 0.087167 -0.965705 -0.316434 0.085259 -1.616121
1757579855.659658 -0.049401 -0.004005 0.002098 0.087167 -0.965705 -0.317197 0.086022 -1.616121
1757579855.661646 -0.049401 -0.004005 0.002098 0.087167 -0.965705 -0.317578 0.086785 -1.616121
1757579855.663653 -0.049401 -0.004005 0.002098 0.087167 -0.965705 -0.318341 0.087167 -1.615740
1757579855.665648 -0.049783 -0.004005 0.002098 0.087167 -0.965705 -0.318723 0.087930 -1.616121
1757579855.667660 -0.049783 -0.004005 0.002098 0.087167 -0.965705 -0.319486 0.088693 -1.616121
1757579855.669653 -0.049783 -0.004005 0.002098 0.087167 -0.965705 -0.319867 0.089074 -1.616121
1757579855.671653 -0.049783 -0.004005 0.002098 0.087167 -0.965705 -0.320630 0.089837 -1.615740
1757579855.673682 -0.049783 -0.004005 0.002098 0.087167 -0.965705 -0.321012 0.090219 -1.615740
1757579855.675672 -0.049783 -0.004005 0.002098 0.087167 -0.965705 -0.321774 0.090981 -1.615740
1757579855.677654 -0.049783 -0.004005 0.002098 0.087167 -0.965705 -0.322156 0.091363 -1.615740
1757579855.679681 -0.049783 -0.004005 0.002098 0.087167 -0.965705 -0.322919 0.092126 -1.615740
1757579855.681670 -0.049783 -0.004005 0.002098 0.087167 -0.965705 -0.323682 0.092507 -1.615740
1757579855.683647 -0.050164 -0.004005 0.002098 0.087167 -0.965705 -0.324063 0.093270 -1.615740
1757579855.685662 -0.050164 -0.004005 0.002098 0.087167 -0.965705 -0.324826 0.093652 -1.615740
1757579855.687650 -0.050164 -0.004005 0.002098 0.087167 -0.965705 -0.325589 0.094034 -1.615740
1757579855.689656 -0.050164 -0.004005 0.002098 0.087167 -0.965705 -0.326352 0.094797 -1.615740
1757579855.691672 -0.050164 -0.004005 0.002098 0.087167 -0.965705 -0.326734 0.095179 -1.615740
1757579855.693659 -0.050164 -0.004005 0.002098 0.087167 -0.965705 -0.327497 0.095560 -1.615358
1757579855.695644 -0.050164 -0.004005 0.002098 0.087167 -0.965705 -0.328259 0.096323 -1.615358
1757579855.697665 -0.050164 -0.004005 0.002098 0.087167 -0.965705 -0.329022 0.096704 -1.615358
1757579855.699668 -0.050164 -0.004005 0.002098 0.087167 -0.965705 -0.329404 0.097467 -1.615358
1757579855.701649 -0.050164 -0.004005 0.002098 0.087167 -0.965705 -0.330167 0.097849 -1.615358
1757579855.703645 -0.050164 -0.004005 0.002098 0.087167 -0.965705 -0.330930 0.098230 -1.615358
1757579855.705660 -0.050164 -0.004005 0.002098 0.087167 -0.965705 -0.331693 0.098993 -1.615358
1757579855.707670 -0.050164 -0.004005 0.002098 0.087167 -0.965705 -0.332074 0.099375 -1.615358
1757579855.709647 -0.050164 -0.004005 0.002098 0.087167 -0.965323 -0.332837 0.099756 -1.615358
1757579855.711647 -0.050164 -0.004005 0.002098 0.087167 -0.965323 -0.333600 0.100519 -1.614977
1757579855.713665 -0.050164 -0.004005 0.002098 0.087167 -0.965323 -0.334363 0.100901 -1.614977
1757579855.715700 -0.050164 -0.004005 0.002098 0.087167 -0.965323 -0.334744 0.101282 -1.614977
1757579855.717660 -0.050546 -0.004005 0.002098 0.087167 -0.965323 -0.335507 0.102045 -1.614977
1757579855.719740 -0.050546 -0.004005 0.002098 0.087167 -0.965323 -0.336270 0.102427 -1.614977
1757579855.721659 -0.050546 -0.004005 0.002098 0.087167 -0.965323 -0.337033 0.103189 -1.614977
1757579855.723664 -0.050546 -0.004005 0.002098 0.087167 -0.965323 -0.337415 0.103571 -1.614977
1757579855.725662 -0.050546 -0.004005 0.002098 0.087167 -0.964942 -0.338178 0.104334 -1.614595
1757579855.727669 -0.050546 -0.004005 0.002098 0.087167 -0.964942 -0.338941 0.104715 -1.614595
1757579855.729665 -0.050546 -0.004005 0.002098 0.087167 -0.964942 -0.339704 0.105097 -1.614595
1757579855.731656 -0.050546 -0.004005 0.002098 0.087167 -0.964942 -0.340085 0.105860 -1.614595
1757579855.733636 -0.050546 -0.004005 0.002098 0.087167 -0.964942 -0.340848 0.106241 -1.614595
1757579855.735657 -0.050546 -0.004005 0.002098 0.087167 -0.964942 -0.341229 0.106623 -1.614595
1757579855.737654 -0.050546 -0.004005 0.002098 0.087167 -0.964942 -0.341992 0.107386 -1.614595
1757579855.739650 -0.050546 -0.004005 0.002098 0.087167 -0.964561 -0.342755 0.107767 -1.614214
1757579855.741635 -0.050546 -0.004005 0.002098 0.087167 -0.964561 -0.343137 0.108149 -1.614214
1757579855.743658 -0.050546 -0.004005 0.002098 0.087167 -0.964561 -0.343901 0.108912 -1.614214
1757579855.745670 -0.050546 -0.004005 0.002098 0.087167 -0.964561 -0.344282 0.109293 -1.614214
1757579855.747718 -0.050927 -0.004005 0.002098 0.087167 -0.964561 -0.344664 0.110056 -1.614214
1757579855.749682 -0.050927 -0.004005 0.002098 0.087167 -0.964561 -0.345427 0.110437 -1.614214
1757579855.751665 -0.050927 -0.004005 0.002098 0.087167 -0.964179 -0.345808 0.110819 -1.613832
1757579855.753637 -0.050927 -0.004005 0.002098 0.087167 -0.964179 -0.346571 0.111200 -1.613832
1757579855.755660 -0.050927 -0.004005 0.002098 0.087167 -0.964179 -0.346952 0.111963 -1.613832
1757579855.757649 -0.050927 -0.004005 0.002098 0.087167 -0.964179 -0.347715 0.112345 -1.613832
1757579855.759721 -0.050927 -0.004005 0.002098 0.087167 -0.964179 -0.348097 0.112726 -1.613832
1757579855.761639 -0.050927 -0.004005 0.002098 0.087167 -0.964179 -0.348478 0.113108 -1.613832
1757579855.763647 -0.050927 -0.004005 0.002098 0.087167 -0.963798 -0.349241 0.113489 -1.613832
1757579855.765635 -0.050927 -0.004005 0.002098 0.087167 -0.963798 -0.349623 0.113871 -1.613832
1757579855.767809 -0.050927 -0.004005 0.002098 0.087167 -0.963798 -0.350386 0.114252 -1.613832
1757579855.769716 -0.050927 -0.004005 0.002098 0.087167 -0.963798 -0.350767 0.114634 -1.613832
1757579855.771768 -0.050927 -0.004005 0.002098 0.087167 -0.963798 -0.351530 0.115396 -1.613451
1757579855.773695 -0.050927 -0.004005 0.002098 0.087167 -0.963416 -0.351912 0.115778 -1.613451
1757579855.775732 -0.050927 -0.004005 0.002098 0.087167 -0.963416 -0.352674 0.116159 -1.613451
1757579855.777685 -0.050927 -0.004005 0.002098 0.087167 -0.963416 -0.353056 0.116541 -1.613451
1757579855.779662 -0.050927 -0.004005 0.002098 0.087167 -0.963416 -0.353819 0.116922 -1.613451
1757579855.781662 -0.051309 -0.004005 0.002098 0.087167 -0.963416 -0.354200 0.117304 -1.613451
1757579855.783656 -0.051309 -0.004005 0.002098 0.087167 -0.963035 -0.354963 0.117685 -1.613451
1757579855.785714 -0.051309 -0.004005 0.002098 0.087167 -0.963035 -0.355345 0.118067 -1.613070
1757579855.787648 -0.051309 -0.004005 0.002098 0.087167 -0.963035 -0.356108 0.118448 -1.613070
1757579855.789646 -0.051309 -0.004005 0.002098 0.087167 -0.963035 -0.356489 0.118830 -1.613070
1757579855.791623 -0.051309 -0.004005 0.002098 0.087167 -0.963035 -0.357252 0.119211 -1.613070
1757579855.793609 -0.051309 -0.004005 0.002098 0.087167 -0.962653 -0.358015 0.119593 -1.613070
1757579855.795597 -0.051309 -0.004005 0.002098 0.087167 -0.962653 -0.358397 0.119974 -1.613070
1757579855.797596 -0.051309 -0.004005 0.002098 0.087167 -0.962653 -0.359159 0.120737 -1.612688
1757579855.799592 -0.051309 -0.004005 0.002098 0.087167 -0.962653 -0.359922 0.121119 -1.612688
1757579855.801613 -0.051309 -0.004005 0.002098 0.087167 -0.962653 -0.360304 0.121500 -1.612688
1757579855.803596 -0.051309 -0.004005 0.002098 0.087167 -0.962272 -0.361067 0.121881 -1.612688
1757579855.805600 -0.051309 -0.004005 0.002098 0.087167 -0.962272 -0.361448 0.122263 -1.612688
1757579855.807592 -0.051309 -0.004005 0.002098 0.087167 -0.962272 -0.362211 0.122644 -1.612688
1757579855.809598 -0.051309 -0.004005 0.002098 0.087167 -0.962272 -0.362974 0.123026 -1.612307
1757579855.811597 -0.051309 -0.004005 0.002098 0.087167 -0.962272 -0.363356 0.123407 -1.612307
1757579855.813600 -0.051690 -0.004005 0.002098 0.087167 -0.961890 -0.364119 0.123789 -1.612307
1757579855.815600 -0.051690 -0.004005 0.002098 0.087167 -0.961890 -0.364500 0.124170 -1.612307
1757579855.817606 -0.051690 -0.004005 0.002098 0.087167 -0.961890 -0.365263 0.124933 -1.612307
1757579855.819648 -0.051690 -0.004005 0.002098 0.087167 -0.961890 -0.365644 0.125315 -1.612307
1757579855.821677 -0.051690 -0.004005 0.002098 0.087167 -0.961890 -0.366026 0.125696 -1.612307
1757579855.823627 -0.051690 -0.004005 0.002098 0.087167 -0.961890 -0.366789 0.126078 -1.612307
1757579855.825623 -0.051690 -0.004005 0.002098 0.087167 -0.961509 -0.367170 0.126459 -1.612307
1757579855.827629 -0.051690 -0.004005 0.002098 0.087167 -0.961509 -0.367933 0.126841 -1.611925
1757579855.829680 -0.051690 -0.004005 0.002098 0.087167 -0.961509 -0.368315 0.127222 -1.611925
1757579855.831691 -0.051690 -0.004005 0.002098 0.087167 -0.961509 -0.368696 0.127604 -1.611925
1757579855.833681 -0.051690 -0.004005 0.002098 0.087167 -0.961509 -0.369459 0.128366 -1.611925
1757579855.835690 -0.051690 -0.004005 0.002098 0.087167 -0.961509 -0.369841 0.128748 -1.611925
1757579855.837678 -0.051690 -0.004005 0.002098 0.087167 -0.961127 -0.370222 0.129129 -1.611925
1757579855.839716 -0.051690 -0.004005 0.002098 0.087167 -0.961127 -0.370985 0.129511 -1.611925
1757579855.841646 -0.052072 -0.004005 0.002098 0.087167 -0.961127 -0.371367 0.129892 -1.611925
1757579855.843640 -0.052072 -0.004005 0.002098 0.087167 -0.961127 -0.372129 0.130274 -1.611544
1757579855.845662 -0.052072 -0.004005 0.002098 0.087167 -0.961127 -0.372511 0.130655 -1.611544
1757579855.847651 -0.052072 -0.004005 0.002098 0.087167 -0.961127 -0.373274 0.131037 -1.611544
1757579855.849645 -0.052072 -0.004005 0.002098 0.087167 -0.960746 -0.373655 0.131418 -1.611544
1757579855.851645 -0.052072 -0.004005 0.002098 0.087167 -0.960746 -0.374037 0.131800 -1.611544
1757579855.853642 -0.052072 -0.004005 0.002098 0.087167 -0.960746 -0.374800 0.131800 -1.611544
1757579855.855642 -0.052072 -0.004005 0.002098 0.087167 -0.960746 -0.375563 0.132181 -1.611162
1757579855.857645 -0.052072 -0.004005 0.002098 0.087167 -0.960746 -0.375944 0.132563 -1.611162
1757579855.859634 -0.052072 -0.004005 0.002098 0.087167 -0.960364 -0.376707 0.132944 -1.611162
1757579855.861647 -0.052072 -0.004005 0.002098 0.087167 -0.960364 -0.377089 0.133326 -1.611162
1757579855.863635 -0.052072 -0.004005 0.002098 0.087167 -0.960364 -0.377851 0.133707 -1.611162
1757579855.865635 -0.052072 -0.004005 0.002098 0.087167 -0.960364 -0.378233 0.134089 -1.611162
1757579855.867634 -0.052072 -0.004005 0.002098 0.087167 -0.960364 -0.378996 0.134470 -1.611162
1757579855.869680 -0.052072 -0.004005 0.002098 0.087167 -0.960364 -0.379759 0.134851 -1.610781
1757579855.871697 -0.052072 -0.004005 0.002098 0.087167 -0.960364 -0.380140 0.135233 -1.610781
1757579855.873673 -0.052072 -0.004005 0.002098 0.087167 -0.960364 -0.380903 0.135614 -1.610781
1757579855.875661 -0.052072 -0.004005 0.002098 0.087167 -0.960364 -0.381285 0.135996 -1.610781
1757579855.877647 -0.052072 -0.004005 0.002098 0.087167 -0.959983 -0.382048 0.136377 -1.610781
1757579855.879632 -0.052072 -0.004005 0.002098 0.087167 -0.959983 -0.382429 0.136759 -1.610781
1757579855.881661 -0.052072 -0.004005 0.002098 0.087167 -0.959983 -0.383192 0.137140 -1.610781
1757579855.883636 -0.052453 -0.004005 0.002098 0.087167 -0.959983 -0.383574 0.137522 -1.610781
1757579855.885645 -0.052453 -0.004005 0.002098 0.087167 -0.959983 -0.384336 0.137903 -1.610781
1757579855.887633 -0.052453 -0.004005 0.002098 0.087167 -0.959983 -0.384718 0.138285 -1.610399
1757579855.889658 -0.052453 -0.004005 0.002098 0.087167 -0.959983 -0.385481 0.138666 -1.610399
1757579855.891638 -0.052453 -0.004005 0.002098 0.087167 -0.959601 -0.385862 0.139048 -1.610399
1757579855.893648 -0.052453 -0.004005 0.002098 0.087167 -0.959601 -0.386244 0.139429 -1.610399
1757579855.895639 -0.052453 -0.004005 0.002098 0.087167 -0.959601 -0.386625 0.139811 -1.610399
1757579855.897660 -0.052453 -0.004005 0.002098 0.087167 -0.959601 -0.387007 0.140192 -1.610399
1757579855.899644 -0.052453 -0.004005 0.002098 0.087167 -0.959601 -0.387770 0.140574 -1.610399
1757579855.901718 -0.052453 -0.004005 0.002098 0.087167 -0.959601 -0.388151 0.140955 -1.610399
1757579855.903691 -0.052453 -0.004005 0.002098 0.087167 -0.959601 -0.388151 0.141336 -1.610399
1757579855.905712 -0.052453 -0.004005 0.002098 0.087167 -0.959601 -0.388533 0.141718 -1.610399
1757579855.907685 -0.052453 -0.004005 0.002098 0.087167 -0.959601 -0.388914 0.142099 -1.610399
1757579855.909669 -0.052453 -0.004005 0.002098 0.087167 -0.959601 -0.389296 0.142481 -1.610399
1757579855.911653 -0.052453 -0.004005 0.002098 0.087167 -0.959220 -0.389677 0.142862 -1.610399
1757579855.913718 -0.052453 -0.004005 0.002098 0.087167 -0.959220 -0.389677 0.143244 -1.610399
1757579855.915654 -0.052453 -0.004005 0.002098 0.087167 -0.959220 -0.390059 0.143625 -1.610399
1757579855.917645 -0.052453 -0.004005 0.002098 0.087167 -0.959220 -0.390440 0.144007 -1.610399
1757579855.919634 -0.052453 -0.004005 0.002098 0.087167 -0.959220 -0.390440 0.144388 -1.610399
1757579855.921672 -0.052453 -0.004005 0.002098 0.087167 -0.959220 -0.390821 0.144770 -1.610399
1757579855.923651 -0.052453 -0.004005 0.002098 0.087167 -0.959220 -0.391203 0.144770 -1.610399
1757579855.925683 -0.052835 -0.004005 0.002098 0.087167 -0.958838 -0.391203 0.145151 -1.610399
1757579855.927633 -0.052835 -0.004005 0.002098 0.087167 -0.958838 -0.391584 0.145533 -1.610399
1757579855.929710 -0.052835 -0.004005 0.002098 0.087167 -0.958838 -0.391966 0.145914 -1.610399
1757579855.931648 -0.052835 -0.004005 0.002098 0.087167 -0.958838 -0.391966 0.145914 -1.610399
1757579855.933713 -0.052835 -0.004005 0.002098 0.087167 -0.958838 -0.392347 0.146296 -1.610018
1757579855.935658 -0.052835 -0.004005 0.002098 0.087167 -0.958838 -0.392729 0.146677 -1.610018
1757579855.937636 -0.052835 -0.004005 0.002098 0.087167 -0.958838 -0.392729 0.146677 -1.610018
1757579855.939650 -0.052835 -0.004005 0.002098 0.087167 -0.958838 -0.393110 0.147058 -1.610018
1757579855.941628 -0.052835 -0.004005 0.002098 0.087167 -0.958457 -0.393492 0.147440 -1.610018
1757579855.943655 -0.052835 -0.004005 0.002098 0.087167 -0.958457 -0.393873 0.147440 -1.610018
1757579855.945626 -0.052835 -0.004005 0.002098 0.087167 -0.958457 -0.394255 0.147821 -1.610018
1757579855.947642 -0.052835 -0.004005 0.002098 0.087167 -0.958457 -0.394636 0.147821 -1.610018
1757579855.949645 -0.052835 -0.004005 0.002098 0.087167 -0.958457 -0.395018 0.148203 -1.609636
1757579855.951656 -0.052835 -0.004005 0.002098 0.087167 -0.958457 -0.395399 0.148584 -1.609636
1757579855.953632 -0.052835 -0.004005 0.002098 0.087167 -0.958457 -0.395781 0.148966 -1.609636
1757579855.955633 -0.052835 -0.004005 0.002098 0.087167 -0.958457 -0.396162 0.148966 -1.609636
1757579855.957632 -0.052835 -0.004005 0.002098 0.087167 -0.958076 -0.396544 0.149347 -1.609636
1757579855.959650 -0.052835 -0.004005 0.002098 0.087167 -0.958076 -0.396925 0.149729 -1.609636
1757579855.961630 -0.052835 -0.004005 0.002098 0.087167 -0.958076 -0.397306 0.149729 -1.609636
1757579855.963691 -0.052835 -0.004005 0.002098 0.087167 -0.958076 -0.397688 0.150110 -1.609255
1757579855.965641 -0.052835 -0.004005 0.002098 0.087167 -0.958076 -0.398069 0.150492 -1.609255
1757579855.967648 -0.052835 -0.004005 0.002098 0.087167 -0.958076 -0.398451 0.150873 -1.609255
1757579855.969650 -0.052835 -0.004005 0.002098 0.087167 -0.958076 -0.398832 0.151255 -1.609255
1757579855.971681 -0.052835 -0.004005 0.002098 0.087167 -0.958076 -0.399214 0.151636 -1.609255
1757579855.973670 -0.052835 -0.004005 0.002098 0.087167 -0.958076 -0.399595 0.151636 -1.609255
1757579855.975648 -0.052835 -0.004005 0.002098 0.087167 -0.957694 -0.399977 0.152018 -1.609255
1757579855.977633 -0.052835 -0.004005 0.002098 0.087167 -0.957694 -0.400358 0.152399 -1.609255
1757579855.979634 -0.052835 -0.004005 0.002098 0.087167 -0.957694 -0.400740 0.152781 -1.608873
1757579855.981625 -0.052835 -0.004005 0.002098 0.087167 -0.957694 -0.401121 0.153162 -1.608873
1757579855.983660 -0.052835 -0.004005 0.002098 0.087167 -0.957694 -0.401503 0.153162 -1.608873
1757579855.985640 -0.052835 -0.004005 0.002098 0.087167 -0.957694 -0.401884 0.153543 -1.608873
1757579855.987643 -0.052835 -0.004005 0.002098 0.087167 -0.957694 -0.402266 0.153925 -1.608873
1757579855.989634 -0.052835 -0.004005 0.002098 0.087167 -0.957694 -0.402647 0.154306 -1.608873
1757579855.991657 -0.052835 -0.004005 0.002098 0.087167 -0.957694 -0.403028 0.154306 -1.608873
1757579855.993635 -0.052835 -0.004005 0.002098 0.087167 -0.957694 -0.403410 0.154688 -1.608873
1757579855.995653 -0.052835 -0.004005 0.002098 0.087167 -0.957694 -0.403410 0.155069 -1.608873
1757579855.997647 -0.052835 -0.004005 0.002098 0.087167 -0.957694 -0.403791 0.155069 -1.608492
1757579855.999655 -0.052835 -0.004005 0.002098 0.087167 -0.957694 -0.404173 0.155451 -1.608492
1757579856.001638 -0.052835 -0.004005 0.002098 0.087167 -0.957694 -0.404554 0.155832 -1.608492
1757579856.003653 -0.052835 -0.004005 0.002098 0.087167 -0.957694 -0.404936 0.155832 -1.608492
1757579856.005638 -0.052835 -0.004005 0.002098 0.087167 -0.957694 -0.404936 0.156214 -1.608492
1757579856.007627 -0.052835 -0.004005 0.002098 0.087167 -0.957694 -0.405317 0.156214 -1.608492
1757579856.009635 -0.052835 -0.004005 0.002098 0.087167 -0.957694 -0.405699 0.156596 -1.608492
1757579856.011655 -0.052835 -0.004005 0.002098 0.087167 -0.957694 -0.406080 0.156596 -1.608492
1757579856.013639 -0.053216 -0.004005 0.002098 0.087167 -0.957694 -0.406463 0.156596 -1.608110
1757579856.015634 -0.052835 -0.004005 0.002098 0.087167 -0.957694 -0.406844 0.156978 -1.608110
1757579856.017643 -0.053216 -0.004005 0.002098 0.087167 -0.957694 -0.406844 0.156978 -1.608110
1757579856.019650 -0.053216 -0.004005 0.002098 0.087167 -0.957313 -0.407226 0.156978 -1.608110
1757579856.021644 -0.053216 -0.004005 0.002098 0.087167 -0.957313 -0.407607 0.157359 -1.608110
1757579856.023650 -0.053216 -0.004005 0.002098 0.087167 -0.957313 -0.407989 0.157359 -1.608110
1757579856.025732 -0.053216 -0.004005 0.002098 0.087167 -0.957313 -0.408370 0.157359 -1.608110
1757579856.027690 -0.053216 -0.004005 0.002098 0.087167 -0.957313 -0.408751 0.157359 -1.608110
1757579856.029636 -0.053216 -0.004005 0.002098 0.087167 -0.957313 -0.409514 0.157741 -1.607729
1757579856.031677 -0.053216 -0.004005 0.002098 0.087167 -0.957313 -0.409896 0.157741 -1.607729
1757579856.033635 -0.052835 -0.004005 0.002098 0.087167 -0.957313 -0.410277 0.157741 -1.607729
1757579856.035664 -0.053216 -0.004005 0.002098 0.087167 -0.957313 -0.410659 0.158122 -1.607729
1757579856.037634 -0.052835 -0.004005 0.002098 0.087167 -0.957313 -0.411040 0.158122 -1.607729
1757579856.039657 -0.053216 -0.004005 0.002098 0.087167 -0.957313 -0.411422 0.158122 -1.607729
1757579856.041634 -0.053216 -0.004005 0.002098 0.087167 -0.957313 -0.412185 0.158504 -1.607729
1757579856.043654 -0.053216 -0.004005 0.002098 0.087167 -0.957313 -0.412566 0.158504 -1.607729
1757579856.045634 -0.053216 -0.004005 0.002098 0.087167 -0.957313 -0.412948 0.158885 -1.607729
1757579856.047637 -0.053216 -0.004005 0.002098 0.087167 -0.957313 -0.413329 0.158885 -1.607347
1757579856.049625 -0.053216 -0.004005 0.002098 0.087167 -0.957313 -0.414092 0.158885 -1.607347
1757579856.051670 -0.053216 -0.004005 0.002098 0.087167 -0.957313 -0.414474 0.159266 -1.607347
1757579856.053635 -0.053216 -0.004005 0.002098 0.087167 -0.957313 -0.414855 0.159266 -1.607347
1757579856.055642 -0.053216 -0.004005 0.002098 0.087167 -0.957313 -0.415236 0.159648 -1.607347
1757579856.057660 -0.053216 -0.004005 0.002098 0.087167 -0.957313 -0.415999 0.159648 -1.607347
1757579856.059708 -0.053216 -0.004005 0.002098 0.087167 -0.957313 -0.416381 0.160029 -1.607347
1757579856.061674 -0.053216 -0.004005 0.002098 0.087167 -0.957313 -0.416762 0.160029 -1.607347
1757579856.063680 -0.053216 -0.004005 0.002098 0.087167 -0.957313 -0.417144 0.160411 -1.607347
1757579856.065685 -0.053216 -0.004005 0.002098 0.087167 -0.957313 -0.417525 0.160411 -1.607347
1757579856.067709 -0.053216 -0.004005 0.002098 0.087167 -0.957313 -0.417907 0.160792 -1.607347
1757579856.069686 -0.053216 -0.004005 0.002098 0.087167 -0.957313 -0.418670 0.160792 -1.607347
1757579856.071692 -0.052835 -0.004005 0.002098 0.087167 -0.957313 -0.419051 0.160792 -1.607347
1757579856.073665 -0.052835 -0.004005 0.002098 0.087167 -0.957313 -0.419433 0.161174 -1.607347
1757579856.075685 -0.052835 -0.004005 0.002098 0.087167 -0.957313 -0.419814 0.161174 -1.606966
1757579856.077662 -0.052835 -0.004005 0.002098 0.087167 -0.957313 -0.420196 0.161555 -1.606966
1757579856.079629 -0.052835 -0.004005 0.002098 0.087167 -0.957313 -0.420577 0.161555 -1.606966
1757579856.081641 -0.053216 -0.004005 0.002098 0.087167 -0.957313 -0.420959 0.161555 -1.606966
1757579856.083627 -0.053216 -0.004005 0.002098 0.087167 -0.957313 -0.421340 0.161937 -1.606966
1757579856.085667 -0.053216 -0.004005 0.002098 0.087167 -0.957694 -0.421721 0.161937 -1.606966
1757579856.087739 -0.053216 -0.004005 0.002098 0.087167 -0.957694 -0.422103 0.162318 -1.606966
1757579856.089658 -0.053216 -0.004005 0.002098 0.087167 -0.957694 -0.422484 0.162318 -1.606966
1757579856.091633 -0.053216 -0.004005 0.002098 0.087167 -0.957694 -0.422866 0.162318 -1.606966
1757579856.093630 -0.053216 -0.004005 0.002098 0.087167 -0.957694 -0.423247 0.162700 -1.606966
1757579856.095654 -0.053216 -0.004005 0.002098 0.087167 -0.957694 -0.423629 0.162700 -1.606966
1757579856.097643 -0.053216 -0.004005 0.002098 0.087167 -0.957694 -0.424010 0.162700 -1.606966
1757579856.099627 -0.053216 -0.004005 0.002098 0.087167 -0.957694 -0.424392 0.163081 -1.606966
1757579856.101634 -0.053216 -0.004005 0.002098 0.087167 -0.957694 -0.424773 0.163081 -1.606966
1757579856.103637 -0.053216 -0.004005 0.002098 0.087167 -0.957694 -0.425155 0.163081 -1.606966
1757579856.105642 -0.053216 -0.004005 0.002098 0.087167 -0.957694 -0.425536 0.163081 -1.606966
1757579856.107677 -0.053216 -0.004005 0.002098 0.087167 -0.957694 -0.425918 0.163463 -1.606966
1757579856.109693 -0.053216 -0.004005 0.002098 0.087167 -0.957694 -0.426299 0.163463 -1.606966
1757579856.111632 -0.053216 -0.004005 0.002098 0.087167 -0.957694 -0.426681 0.163463 -1.606966
1757579856.113642 -0.053216 -0.004005 0.002098 0.087167 -0.957694 -0.427062 0.163463 -1.606966
1757579856.115631 -0.053216 -0.004005 0.002098 0.087167 -0.957694 -0.427444 0.163463 -1.606966
1757579856.117627 -0.053216 -0.004005 0.002098 0.087167 -0.958076 -0.427825 0.163463 -1.606966
1757579856.119669 -0.053216 -0.004005 0.002098 0.087167 -0.958076 -0.428206 0.163844 -1.606966
1757579856.121640 -0.053216 -0.004005 0.002098 0.087167 -0.958076 -0.428588 0.163844 -1.606966
1757579856.123656 -0.053216 -0.004005 0.002098 0.087167 -0.958076 -0.428588 0.163844 -1.606966
1757579856.125633 -0.053216 -0.004005 0.002098 0.087167 -0.958076 -0.428969 0.163844 -1.606966
1757579856.127656 -0.053216 -0.004005 0.002098 0.087167 -0.958076 -0.429351 0.164226 -1.606966
1757579856.129645 -0.053216 -0.004005 0.002098 0.087167 -0.958076 -0.429351 0.164226 -1.606966
1757579856.131663 -0.052835 -0.004005 0.002098 0.087167 -0.958076 -0.429732 0.164226 -1.606966
1757579856.133653 -0.053216 -0.004005 0.002098 0.087167 -0.958457 -0.429732 0.164226 -1.606966
1757579856.135630 -0.053216 -0.004005 0.002098 0.087167 -0.958457 -0.430114 0.164226 -1.606966
1757579856.137649 -0.053216 -0.004005 0.002098 0.087167 -0.958457 -0.430114 0.164226 -1.606966
1757579856.139639 -0.053216 -0.004005 0.002098 0.087167 -0.958457 -0.430114 0.164607 -1.606966
1757579856.141647 -0.053216 -0.004005 0.002098 0.087167 -0.958457 -0.430495 0.164607 -1.606966
1757579856.143628 -0.053216 -0.004005 0.002098 0.087167 -0.958457 -0.430495 0.164607 -1.606966
1757579856.145626 -0.053216 -0.004005 0.002098 0.087167 -0.958457 -0.430495 0.164607 -1.606966
1757579856.147624 -0.053216 -0.004005 0.002098 0.087167 -0.958457 -0.430495 0.164607 -1.606966
1757579856.149694 -0.053216 -0.004005 0.002098 0.087167 -0.958457 -0.430495 0.164989 -1.606966
1757579856.151692 -0.053216 -0.004005 0.002098 0.087167 -0.958457 -0.430495 0.164989 -1.607347
1757579856.153667 -0.053216 -0.004005 0.002098 0.087167 -0.958457 -0.430877 0.164989 -1.607347
1757579856.155682 -0.053216 -0.004005 0.002098 0.087167 -0.958457 -0.430495 0.164989 -1.607347
1757579856.157704 -0.053216 -0.004005 0.002098 0.087167 -0.958457 -0.430877 0.165370 -1.607347
1757579856.159691 -0.053216 -0.004005 0.002098 0.087167 -0.958457 -0.430877 0.165370 -1.607347
1757579856.161678 -0.053216 -0.004005 0.002098 0.087167 -0.958457 -0.430877 0.165370 -1.607347
1757579856.163679 -0.053216 -0.004005 0.002098 0.087167 -0.958457 -0.430877 0.165370 -1.607347
1757579856.165673 -0.053216 -0.004005 0.002098 0.087167 -0.958457 -0.430495 0.165751 -1.607729
1757579856.167681 -0.053216 -0.004005 0.002098 0.087167 -0.958457 -0.430495 0.165751 -1.607729
1757579856.169663 -0.053216 -0.004005 0.002098 0.087167 -0.958457 -0.430495 0.165751 -1.607729
1757579856.171682 -0.053216 -0.004005 0.002098 0.087167 -0.958076 -0.430495 0.165751 -1.607729
1757579856.173665 -0.053216 -0.004005 0.002098 0.087167 -0.958076 -0.430495 0.166133 -1.607729
1757579856.175665 -0.053216 -0.004005 0.002098 0.087167 -0.958076 -0.430495 0.166133 -1.607729
1757579856.177654 -0.053216 -0.004005 0.002098 0.087167 -0.958076 -0.430495 0.166133 -1.607729
1757579856.179646 -0.053216 -0.004005 0.002098 0.087167 -0.958076 -0.430495 0.166514 -1.608110
1757579856.181651 -0.053216 -0.004005 0.002098 0.087167 -0.958076 -0.430114 0.166514 -1.608110
1757579856.183634 -0.053216 -0.004005 0.002098 0.087167 -0.958076 -0.430114 0.166514 -1.608110
1757579856.185643 -0.053216 -0.004005 0.002098 0.087167 -0.958076 -0.430114 0.166514 -1.608110
1757579856.187651 -0.053216 -0.004005 0.002098 0.087167 -0.957694 -0.430114 0.166514 -1.608110
1757579856.189656 -0.053216 -0.004005 0.002098 0.087167 -0.957694 -0.429732 0.166896 -1.608110
1757579856.191636 -0.053216 -0.004005 0.002098 0.087167 -0.957694 -0.429732 0.166896 -1.608110
1757579856.193628 -0.053216 -0.004005 0.002098 0.087167 -0.957694 -0.429732 0.166896 -1.608110
1757579856.195644 -0.053216 -0.004005 0.002098 0.087167 -0.957694 -0.429732 0.166896 -1.608110
1757579856.197662 -0.053597 -0.004005 0.002098 0.087167 -0.957694 -0.429351 0.167277 -1.608492
1757579856.199634 -0.053597 -0.004005 0.002098 0.087167 -0.957694 -0.429351 0.167277 -1.608492
1757579856.201632 -0.053597 -0.004005 0.002098 0.087167 -0.957313 -0.429351 0.167277 -1.608492
1757579856.203646 -0.053597 -0.004005 0.002098 0.087167 -0.957313 -0.429351 0.167277 -1.608492
1757579856.205677 -0.053597 -0.004005 0.002098 0.087167 -0.957313 -0.429351 0.167277 -1.608492
1757579856.207629 -0.053597 -0.004005 0.002098 0.087167 -0.957313 -0.428969 0.167277 -1.608492
1757579856.209705 -0.053597 -0.004005 0.002098 0.087167 -0.957313 -0.428969 0.167277 -1.608492
1757579856.211662 -0.053597 -0.004005 0.002098 0.087167 -0.957313 -0.428969 0.167659 -1.608492
1757579856.213697 -0.053597 -0.004005 0.002098 0.087167 -0.957313 -0.428969 0.167659 -1.608492
1757579856.215642 -0.053597 -0.004005 0.002098 0.087167 -0.956931 -0.428588 0.167659 -1.608492
1757579856.217649 -0.053597 -0.004005 0.002098 0.087167 -0.956931 -0.428588 0.167659 -1.608492
1757579856.219640 -0.053597 -0.004005 0.002098 0.087167 -0.956931 -0.428588 0.167659 -1.608492
1757579856.221646 -0.053597 -0.004005 0.002098 0.087167 -0.956931 -0.428588 0.167659 -1.608873
1757579856.223649 -0.053597 -0.004005 0.002098 0.087167 -0.956931 -0.428206 0.167659 -1.608873
1757579856.225643 -0.053597 -0.004005 0.002098 0.087167 -0.956931 -0.428206 0.167659 -1.608873
1757579856.227645 -0.053597 -0.004005 0.002098 0.087167 -0.956931 -0.428206 0.167659 -1.608492
1757579856.229645 -0.053597 -0.004005 0.002098 0.087167 -0.956931 -0.428206 0.167659 -1.608492
1757579856.231626 -0.053597 -0.004387 0.002098 0.087167 -0.956550 -0.428206 0.167659 -1.608492
1757579856.233639 -0.053597 -0.004387 0.002098 0.087167 -0.956550 -0.427825 0.167659 -1.608492
1757579856.235637 -0.053597 -0.004387 0.002098 0.087167 -0.956550 -0.427825 0.167659 -1.608492
1757579856.237644 -0.053597 -0.004387 0.002098 0.087167 -0.956550 -0.427825 0.167659 -1.608492
1757579856.239626 -0.053597 -0.004387 0.002098 0.087167 -0.956168 -0.427825 0.167659 -1.608492
1757579856.241661 -0.053597 -0.004387 0.002098 0.087167 -0.956168 -0.427444 0.167659 -1.608492
1757579856.243645 -0.053597 -0.004387 0.002098 0.087167 -0.956168 -0.427444 0.167659 -1.608492
1757579856.245653 -0.053597 -0.004387 0.002098 0.087167 -0.956168 -0.427444 0.167659 -1.608110
1757579856.247658 -0.053597 -0.004387 0.002098 0.087167 -0.955787 -0.427444 0.167659 -1.608110
1757579856.249651 -0.053597 -0.004387 0.002098 0.087167 -0.955787 -0.427444 0.167659 -1.608110
1757579856.251651 -0.053597 -0.004387 0.002098 0.087167 -0.955787 -0.427062 0.167659 -1.608110
1757579856.253640 -0.053597 -0.004387 0.002098 0.087167 -0.955405 -0.427062 0.167659 -1.607729
1757579856.255657 -0.053597 -0.004387 0.002098 0.087167 -0.955405 -0.427062 0.167659 -1.607729
1757579856.257641 -0.053597 -0.004387 0.002098 0.087167 -0.955024 -0.427062 0.167659 -1.607729
1757579856.259648 -0.053597 -0.004387 0.002098 0.087167 -0.955024 -0.427062 0.167659 -1.607729
1757579856.261644 -0.053597 -0.004387 0.002098 0.087167 -0.954642 -0.426681 0.167659 -1.607729
1757579856.263641 -0.053597 -0.004387 0.002098 0.087167 -0.954642 -0.426681 0.167277 -1.607347
1757579856.265644 -0.053597 -0.004387 0.002098 0.087167 -0.954261 -0.426681 0.167277 -1.607347
1757579856.267644 -0.053597 -0.004387 0.002098 0.087167 -0.954261 -0.426681 0.167277 -1.607347
1757579856.269636 -0.053597 -0.004387 0.002098 0.087167 -0.953879 -0.426681 0.167277 -1.607347
1757579856.271642 -0.053597 -0.004387 0.002098 0.087167 -0.953879 -0.426299 0.167277 -1.607347
1757579856.273670 -0.053597 -0.004768 0.002098 0.087167 -0.953879 -0.426299 0.167277 -1.606966
1757579856.275640 -0.053597 -0.004768 0.002098 0.087167 -0.953498 -0.426299 0.167277 -1.606966
1757579856.277637 -0.053597 -0.004768 0.002098 0.087167 -0.953116 -0.426299 0.167277 -1.606966
1757579856.279649 -0.053597 -0.004768 0.002098 0.087167 -0.953116 -0.426299 0.167277 -1.606966
1757579856.281631 -0.053597 -0.004768 0.002098 0.087167 -0.952735 -0.425918 0.166896 -1.606966
1757579856.283624 -0.053597 -0.004768 0.002098 0.087167 -0.952735 -0.425918 0.166896 -1.606585
1757579856.285637 -0.053597 -0.004768 0.002098 0.087167 -0.952353 -0.425918 0.166896 -1.606585
1757579856.287653 -0.053597 -0.004768 0.002098 0.087167 -0.952353 -0.425536 0.166896 -1.606585
1757579856.289638 -0.053597 -0.004768 0.002098 0.087167 -0.951972 -0.425536 0.166896 -1.606585
1757579856.291626 -0.053597 -0.004768 0.002098 0.087167 -0.951591 -0.425536 0.166896 -1.606585
1757579856.293623 -0.053597 -0.004768 0.002098 0.087167 -0.951591 -0.425536 0.167277 -1.606585
1757579856.295648 -0.053597 -0.004768 0.002098 0.087167 -0.951209 -0.425155 0.167277 -1.606203
1757579856.297628 -0.053597 -0.004768 0.002098 0.087167 -0.950828 -0.425155 0.167277 -1.606203
1757579856.299626 -0.053597 -0.004768 0.002098 0.087167 -0.950828 -0.425155 0.167277 -1.606203
1757579856.301624 -0.053597 -0.004768 0.002098 0.087167 -0.950446 -0.424773 0.167277 -1.606203
1757579856.303671 -0.053597 -0.004768 0.002098 0.087167 -0.950065 -0.424773 0.167277 -1.606203
1757579856.305656 -0.053597 -0.004768 0.002098 0.087167 -0.950065 -0.424773 0.167277 -1.606203
1757579856.307644 -0.053597 -0.004768 0.002098 0.087167 -0.949683 -0.424392 0.167277 -1.606203
1757579856.309654 -0.053597 -0.004768 0.002098 0.087167 -0.949302 -0.424392 0.167277 -1.605822
1757579856.311649 -0.053597 -0.004768 0.002098 0.087167 -0.948920 -0.424010 0.167277 -1.605822
1757579856.313635 -0.053597 -0.004768 0.002098 0.087167 -0.948539 -0.424010 0.167277 -1.605822
1757579856.315645 -0.053597 -0.004768 0.002098 0.087167 -0.948157 -0.423629 0.167277 -1.605822
1757579856.317635 -0.053597 -0.004768 0.002098 0.087167 -0.947776 -0.423629 0.167277 -1.605822
1757579856.319651 -0.053597 -0.004768 0.002098 0.087167 -0.947394 -0.423247 0.167659 -1.605822
1757579856.321637 -0.053597 -0.004768 0.002098 0.087167 -0.947013 -0.423247 0.167659 -1.605440
1757579856.323638 -0.053597 -0.004768 0.002098 0.087167 -0.946631 -0.422866 0.167659 -1.605440
1757579856.325633 -0.053597 -0.004768 0.002098 0.087167 -0.946250 -0.422484 0.167659 -1.605440
1757579856.327650 -0.053597 -0.004768 0.002098 0.087167 -0.945868 -0.422484 0.167659 -1.605440
1757579856.329637 -0.053597 -0.004768 0.002098 0.087167 -0.945106 -0.422103 0.167659 -1.605059
1757579856.331638 -0.053597 -0.004768 0.002098 0.087167 -0.944724 -0.421721 0.167659 -1.605059
1757579856.333635 -0.053597 -0.004768 0.002098 0.087167 -0.944343 -0.421721 0.167659 -1.605059
1757579856.335675 -0.053597 -0.004768 0.002098 0.087167 -0.943961 -0.421340 0.167659 -1.605059
1757579856.337666 -0.053979 -0.004768 0.002098 0.087167 -0.943198 -0.420959 0.167659 -1.604677
1757579856.339632 -0.053979 -0.004768 0.002098 0.087167 -0.942817 -0.420577 0.167659 -1.604677
1757579856.341634 -0.053979 -0.004768 0.002098 0.087167 -0.942054 -0.420577 0.167659 -1.604677
1757579856.343653 -0.053979 -0.004768 0.002098 0.087167 -0.941672 -0.420196 0.167659 -1.604296
1757579856.345634 -0.053979 -0.004768 0.002098 0.087167 -0.941291 -0.419814 0.167659 -1.604296
1757579856.347642 -0.053979 -0.004768 0.002098 0.087167 -0.940528 -0.419433 0.167659 -1.604296
1757579856.349672 -0.053979 -0.004768 0.002098 0.087167 -0.940146 -0.419051 0.167659 -1.603914
1757579856.351651 -0.053979 -0.004768 0.002098 0.087167 -0.939384 -0.419051 0.167659 -1.603914
1757579856.353627 -0.053979 -0.004768 0.002098 0.087167 -0.939002 -0.418670 0.167659 -1.603533
1757579856.355686 -0.053979 -0.004768 0.002098 0.087167 -0.938239 -0.418288 0.167659 -1.603533
1757579856.357628 -0.053979 -0.004768 0.002098 0.087167 -0.937858 -0.417907 0.167277 -1.603151
1757579856.359675 -0.053979 -0.004768 0.002098 0.087167 -0.937095 -0.417525 0.167277 -1.603151
1757579856.361636 -0.053979 -0.004768 0.002098 0.087167 -0.936713 -0.417144 0.167277 -1.603151
1757579856.363714 -0.053979 -0.004768 0.002098 0.087167 -0.935950 -0.417144 0.167277 -1.602770
1757579856.365632 -0.053979 -0.004768 0.002098 0.087167 -0.935569 -0.416762 0.167277 -1.602770
1757579856.367674 -0.053979 -0.004768 0.002098 0.087167 -0.934806 -0.416381 0.167277 -1.602388
1757579856.369636 -0.053979 -0.004768 0.002098 0.087167 -0.934424 -0.415999 0.167277 -1.602388
1757579856.371728 -0.053597 -0.004768 0.002098 0.087167 -0.934043 -0.415618 0.166896 -1.602007
1757579856.373634 -0.053597 -0.004768 0.002098 0.087167 -0.933280 -0.415618 0.166896 -1.602007
1757579856.375640 -0.053597 -0.004768 0.002098 0.087167 -0.932899 -0.415236 0.166896 -1.601625
1757579856.377633 -0.053597 -0.004768 0.002098 0.087167 -0.932136 -0.414855 0.166896 -1.601625
1757579856.379715 -0.053597 -0.004768 0.002098 0.087167 -0.931754 -0.414855 0.166896 -1.601244
1757579856.381637 -0.053597 -0.004768 0.002098 0.087167 -0.931373 -0.414474 0.166896 -1.601244
1757579856.383647 -0.053597 -0.004768 0.002098 0.087167 -0.930610 -0.414092 0.166896 -1.600863
1757579856.385620 -0.053597 -0.004768 0.002098 0.087167 -0.930228 -0.414092 0.166514 -1.600863
1757579856.387716 -0.053597 -0.004768 0.002098 0.087167 -0.929847 -0.413711 0.166514 -1.600481
1757579856.389659 -0.053597 -0.004768 0.002098 0.087167 -0.929084 -0.413329 0.166514 -1.600100
1757579856.391627 -0.053597 -0.004768 0.002098 0.087167 -0.928702 -0.413329 0.166514 -1.600100
1757579856.393625 -0.053597 -0.004768 0.002098 0.087167 -0.927939 -0.412948 0.166514 -1.599718
1757579856.395677 -0.053597 -0.004768 0.002098 0.087167 -0.927558 -0.412948 0.166514 -1.599337
1757579856.397667 -0.053597 -0.004768 0.002098 0.087167 -0.927176 -0.412566 0.166133 -1.599337
1757579856.399643 -0.053597 -0.004768 0.002098 0.087167 -0.926414 -0.412566 0.166133 -1.598955
1757579856.401639 -0.053597 -0.004768 0.002098 0.087167 -0.926032 -0.412185 0.166133 -1.598574
1757579856.403673 -0.053597 -0.004768 0.002098 0.087167 -0.925651 -0.412185 0.166133 -1.598192
1757579856.405639 -0.053597 -0.004768 0.002098 0.087167 -0.924888 -0.412185 0.166133 -1.598192
1757579856.407622 -0.053597 -0.004768 0.002098 0.087167 -0.924506 -0.411803 0.165751 -1.597811
1757579856.409635 -0.053597 -0.004768 0.002098 0.087167 -0.924125 -0.411803 0.165751 -1.597429
1757579856.411620 -0.053597 -0.004768 0.002098 0.087167 -0.923743 -0.411803 0.165751 -1.597048
1757579856.413637 -0.053597 -0.004768 0.002098 0.087167 -0.922980 -0.411422 0.165751 -1.596666
1757579856.415622 -0.053597 -0.004768 0.002098 0.087167 -0.922599 -0.411422 0.165370 -1.596285
1757579856.417624 -0.053597 -0.004768 0.002098 0.087167 -0.922217 -0.411422 0.165370 -1.596285
1757579856.419621 -0.053597 -0.004768 0.002098 0.087167 -0.921836 -0.411040 0.165370 -1.595903
1757579856.421636 -0.053597 -0.004768 0.002098 0.087167 -0.921073 -0.411040 0.165370 -1.595522
1757579856.423622 -0.053597 -0.004768 0.002098 0.087167 -0.920691 -0.411040 0.165370 -1.595140
1757579856.425622 -0.053597 -0.004768 0.002098 0.087167 -0.920310 -0.411040 0.164989 -1.594759
1757579856.427624 -0.053597 -0.004768 0.002098 0.087167 -0.919929 -0.410659 0.164989 -1.594378
1757579856.429667 -0.053597 -0.004768 0.002098 0.087167 -0.919166 -0.410659 0.164989 -1.593996
1757579856.431633 -0.053597 -0.004768 0.002098 0.087167 -0.918784 -0.410659 0.164989 -1.593996
1757579856.433622 -0.053597 -0.004768 0.002098 0.087167 -0.918403 -0.410277 0.164989 -1.593614
1757579856.435647 -0.053597 -0.004768 0.002098 0.087167 -0.918021 -0.410277 0.164607 -1.593232
1757579856.437639 -0.053597 -0.004768 0.002098 0.087167 -0.917258 -0.410277 0.164607 -1.592851
1757579856.439637 -0.053597 -0.004768 0.002098 0.087167 -0.916877 -0.409896 0.164607 -1.592851
1757579856.441621 -0.053597 -0.004768 0.002098 0.087167 -0.916495 -0.409896 0.164607 -1.592469
1757579856.443622 -0.053597 -0.004768 0.002098 0.087167 -0.916114 -0.409896 0.164607 -1.592088
1757579856.445636 -0.053597 -0.004768 0.002098 0.087167 -0.915351 -0.409514 0.164226 -1.591706
1757579856.447620 -0.053597 -0.004768 0.002098 0.087167 -0.914969 -0.409514 0.164226 -1.591706
1757579856.449635 -0.053597 -0.004768 0.002098 0.087167 -0.914588 -0.409133 0.164226 -1.591325
1757579856.451634 -0.053597 -0.004768 0.002098 0.087167 -0.914207 -0.409133 0.164226 -1.590943
1757579856.453626 -0.053597 -0.004768 0.002098 0.087167 -0.913444 -0.409133 0.164226 -1.590562
1757579856.455624 -0.053597 -0.004768 0.002098 0.087167 -0.913062 -0.408751 0.164226 -1.590562
1757579856.457633 -0.053597 -0.004768 0.002098 0.087167 -0.912681 -0.408751 0.163844 -1.590180
1757579856.459668 -0.053597 -0.004768 0.002098 0.087167 -0.911918 -0.408370 0.163844 -1.589799
1757579856.461649 -0.053597 -0.004768 0.002098 0.087167 -0.911536 -0.407989 0.163844 -1.589417
1757579856.463642 -0.053597 -0.004768 0.002098 0.087167 -0.911155 -0.407989 0.163844 -1.589417
1757579856.465651 -0.053597 -0.004768 0.002098 0.087167 -0.910773 -0.407607 0.163844 -1.589036
1757579856.467635 -0.053597 -0.004768 0.002098 0.087167 -0.910010 -0.407607 0.163844 -1.588655
1757579856.469626 -0.053597 -0.004768 0.002098 0.087167 -0.909629 -0.407226 0.163844 -1.588273
1757579856.471632 -0.053597 -0.004768 0.002098 0.087167 -0.909247 -0.407226 0.163844 -1.587892
1757579856.473642 -0.053597 -0.004768 0.002098 0.087167 -0.908484 -0.406844 0.163463 -1.587892
1757579856.475626 -0.053597 -0.004768 0.002098 0.087167 -0.908103 -0.406463 0.163463 -1.587510
1757579856.477624 -0.053597 -0.004768 0.002098 0.087167 -0.907722 -0.406463 0.163463 -1.587129
1757579856.479625 -0.053597 -0.004768 0.002098 0.087167 -0.906959 -0.406080 0.163463 -1.586747
1757579856.481646 -0.053597 -0.004768 0.002098 0.087167 -0.906577 -0.406080 0.163463 -1.586747
1757579856.483624 -0.053597 -0.004768 0.002098 0.087167 -0.905813 -0.405699 0.163463 -1.586366
1757579856.485623 -0.053597 -0.004768 0.002098 0.087167 -0.905432 -0.405699 0.163463 -1.585984
1757579856.487623 -0.053597 -0.004768 0.002098 0.087167 -0.904669 -0.405317 0.163463 -1.585984
1757579856.489695 -0.053597 -0.004768 0.002098 0.087167 -0.904287 -0.404936 0.163081 -1.585603
1757579856.491643 -0.053597 -0.004768 0.002098 0.087167 -0.903524 -0.404936 0.163081 -1.585221
1757579856.493631 -0.053597 -0.004768 0.002098 0.087167 -0.903143 -0.404554 0.163081 -1.585221
1757579856.495644 -0.053597 -0.004768 0.002098 0.087167 -0.902380 -0.404554 0.163081 -1.584840
1757579856.497669 -0.053597 -0.004768 0.002098 0.087167 -0.901999 -0.404173 0.163081 -1.584840
1757579856.499668 -0.053597 -0.004768 0.002098 0.087167 -0.901236 -0.404173 0.163081 -1.584458
1757579856.501622 -0.053597 -0.004768 0.002098 0.087167 -0.900854 -0.403791 0.163081 -1.584077
1757579856.503654 -0.053597 -0.004768 0.002098 0.087167 -0.900091 -0.403791 0.163081 -1.583695
1757579856.505659 -0.053597 -0.004768 0.002098 0.087167 -0.899710 -0.403410 0.162700 -1.583695
1757579856.507627 -0.053597 -0.004768 0.002098 0.087167 -0.898947 -0.403410 0.162700 -1.583314
1757579856.509629 -0.053597 -0.004768 0.002098 0.087167 -0.898565 -0.403028 0.162700 -1.582932
1757579856.511624 -0.053597 -0.004768 0.002098 0.087167 -0.897802 -0.403028 0.162700 -1.582551
1757579856.513643 -0.053597 -0.004768 0.002098 0.087167 -0.897039 -0.402647 0.162700 -1.582551
1757579856.515623 -0.053597 -0.004768 0.002098 0.087167 -0.896658 -0.402647 0.162700 -1.582170
1757579856.517627 -0.053597 -0.004768 0.002098 0.087167 -0.895895 -0.402266 0.162700 -1.581788
1757579856.519621 -0.053597 -0.004768 0.002098 0.087167 -0.895514 -0.402266 0.162700 -1.581407
1757579856.521739 -0.053597 -0.004768 0.002098 0.087167 -0.894751 -0.401884 0.162700 -1.581025
1757579856.523674 -0.053597 -0.004768 0.002098 0.087167 -0.893988 -0.401884 0.162700 -1.581025
1757579856.525646 -0.053597 -0.004768 0.002098 0.087167 -0.893606 -0.401503 0.162318 -1.580644
1757579856.527630 -0.053597 -0.004768 0.002098 0.087167 -0.892843 -0.401503 0.162318 -1.580262
1757579856.529624 -0.053597 -0.004768 0.002098 0.087167 -0.892080 -0.401121 0.162318 -1.579881
1757579856.531642 -0.053597 -0.004768 0.002098 0.087167 -0.891317 -0.401121 0.162318 -1.579499
1757579856.533633 -0.053597 -0.004768 0.002098 0.087167 -0.890936 -0.400740 0.162318 -1.579499
1757579856.535620 -0.053597 -0.004768 0.002098 0.087167 -0.890173 -0.400740 0.162318 -1.579118
1757579856.537630 -0.053597 -0.004768 0.002098 0.087167 -0.889410 -0.400358 0.162318 -1.578736
1757579856.539623 -0.053597 -0.004768 0.002098 0.087167 -0.888647 -0.400358 0.162318 -1.578355
1757579856.541726 -0.053597 -0.004768 0.002098 0.087167 -0.887884 -0.399977 0.162318 -1.577973
1757579856.543679 -0.053597 -0.004768 0.002098 0.087167 -0.887121 -0.399977 0.162318 -1.577592
1757579856.545676 -0.053597 -0.004768 0.002098 0.087167 -0.886358 -0.399595 0.162318 -1.577210
1757579856.547676 -0.053597 -0.004768 0.002098 0.087167 -0.885595 -0.399595 0.162318 -1.577210
1757579856.549696 -0.053597 -0.004768 0.002098 0.087167 -0.884832 -0.399214 0.162318 -1.576829
1757579856.551672 -0.053597 -0.004768 0.002098 0.087167 -0.884069 -0.399214 0.162318 -1.576447
1757579856.553668 -0.053597 -0.004768 0.002098 0.087167 -0.883307 -0.398832 0.162318 -1.576066
1757579856.555662 -0.053597 -0.004768 0.002098 0.087167 -0.882544 -0.398451 0.162318 -1.575685
1757579856.557671 -0.053597 -0.004768 0.002098 0.087167 -0.881781 -0.398451 0.162318 -1.575303
1757579856.559641 -0.053597 -0.004768 0.002098 0.087167 -0.880636 -0.398069 0.162318 -1.574922
1757579856.561715 -0.053597 -0.004768 0.002098 0.087167 -0.879873 -0.398069 0.162318 -1.574540
1757579856.563627 -0.053597 -0.004768 0.002098 0.087167 -0.879110 -0.397688 0.162700 -1.574159
1757579856.565732 -0.053597 -0.004768 0.002098 0.087167 -0.877966 -0.397306 0.162700 -1.573777
1757579856.567628 -0.053597 -0.004768 0.002098 0.087167 -0.877203 -0.397306 0.162700 -1.573396
1757579856.569641 -0.053597 -0.004768 0.002098 0.087167 -0.876059 -0.396925 0.162700 -1.573014
1757579856.571631 -0.053597 -0.004768 0.002098 0.087167 -0.875296 -0.396925 0.162700 -1.572633
1757579856.573625 -0.053597 -0.004768 0.002098 0.087167 -0.874151 -0.396544 0.162700 -1.572251
1757579856.575645 -0.053597 -0.004768 0.002098 0.087167 -0.873388 -0.396162 0.162700 -1.571870
1757579856.577626 -0.053597 -0.004768 0.002098 0.087167 -0.872244 -0.396162 0.162700 -1.571870
1757579856.579631 -0.053597 -0.004768 0.002098 0.087167 -0.871099 -0.395781 0.162700 -1.571488
1757579856.581620 -0.053597 -0.004768 0.002098 0.087167 -0.870337 -0.395399 0.163081 -1.571107
1757579856.583725 -0.053597 -0.004768 0.002098 0.087167 -0.869192 -0.395399 0.163081 -1.570725
1757579856.585639 -0.053597 -0.004768 0.002098 0.087167 -0.868048 -0.395018 0.163081 -1.570344
1757579856.587678 -0.053597 -0.004768 0.002098 0.087167 -0.867285 -0.394636 0.163081 -1.569963
1757579856.589622 -0.053597 -0.004768 0.002098 0.087167 -0.866140 -0.394636 0.163081 -1.569581
1757579856.591619 -0.053597 -0.004768 0.002098 0.087167 -0.864996 -0.394255 0.163081 -1.569200
1757579856.593612 -0.053597 -0.004768 0.002098 0.087167 -0.863852 -0.393873 0.163081 -1.568818
1757579856.595620 -0.053597 -0.004768 0.002098 0.087167 -0.863089 -0.393492 0.163081 -1.568437
1757579856.597633 -0.053597 -0.004768 0.002098 0.087167 -0.861944 -0.393492 0.163081 -1.568055
1757579856.599634 -0.053597 -0.004768 0.002098 0.087167 -0.860800 -0.393110 0.163463 -1.567674
1757579856.601633 -0.053597 -0.004768 0.002098 0.087167 -0.859655 -0.392729 0.163463 -1.567292
1757579856.603642 -0.053597 -0.004768 0.002098 0.087167 -0.858511 -0.392729 0.163463 -1.566911
1757579856.605630 -0.053597 -0.004768 0.002098 0.087167 -0.857367 -0.392347 0.163463 -1.566529
1757579856.607640 -0.053597 -0.004768 0.002098 0.087167 -0.856604 -0.391966 0.163463 -1.566148
1757579856.609643 -0.053597 -0.004768 0.002098 0.087167 -0.855459 -0.391584 0.163463 -1.565766
1757579856.611639 -0.053597 -0.004768 0.002098 0.087167 -0.854315 -0.391584 0.163463 -1.565385
1757579856.613627 -0.053597 -0.004768 0.002098 0.087167 -0.853170 -0.391203 0.163463 -1.565003
1757579856.615662 -0.053597 -0.004768 0.002098 0.087167 -0.852026 -0.390821 0.163463 -1.564240
1757579856.617629 -0.053597 -0.004768 0.002098 0.087167 -0.850882 -0.390440 0.163463 -1.563859
1757579856.619642 -0.053597 -0.004768 0.002098 0.087167 -0.849737 -0.390440 0.163844 -1.563478
1757579856.621614 -0.053597 -0.004768 0.002098 0.087167 -0.848593 -0.390059 0.163844 -1.563096
1757579856.623674 -0.053597 -0.004768 0.002098 0.087167 -0.847830 -0.389677 0.163844 -1.562715
1757579856.625662 -0.053597 -0.004768 0.002098 0.087167 -0.846685 -0.389296 0.163844 -1.562333
1757579856.627653 -0.053597 -0.004768 0.002098 0.087167 -0.845541 -0.388914 0.163844 -1.561952
1757579856.629642 -0.053597 -0.004768 0.002098 0.087167 -0.844397 -0.388533 0.163844 -1.561570
1757579856.631664 -0.053597 -0.004768 0.002098 0.087167 -0.843251 -0.388533 0.163844 -1.561189
1757579856.633631 -0.053597 -0.004768 0.002098 0.087167 -0.842107 -0.388151 0.163844 -1.560426
1757579856.635661 -0.053597 -0.004768 0.002098 0.087167 -0.840962 -0.387770 0.163844 -1.560044
1757579856.637631 -0.053597 -0.004768 0.002098 0.087167 -0.839818 -0.387388 0.163844 -1.559663
1757579856.639636 -0.053597 -0.004768 0.002098 0.087167 -0.838674 -0.387007 0.164226 -1.559281
1757579856.641624 -0.053597 -0.004768 0.002098 0.087167 -0.837911 -0.387007 0.164226 -1.558900
1757579856.643680 -0.053597 -0.004768 0.002098 0.087167 -0.836766 -0.386625 0.164226 -1.558518
1757579856.645750 -0.053597 -0.004768 0.002098 0.087167 -0.835622 -0.386244 0.164226 -1.558137
1757579856.647636 -0.053597 -0.004768 0.002098 0.087167 -0.834477 -0.385862 0.164226 -1.557755
1757579856.649630 -0.053597 -0.004768 0.002098 0.087167 -0.833333 -0.385481 0.164226 -1.557374
1757579856.651673 -0.053597 -0.004768 0.002098 0.087167 -0.832189 -0.385099 0.164607 -1.556993
1757579856.653653 -0.053597 -0.004768 0.002098 0.087167 -0.831044 -0.384718 0.164607 -1.556611
1757579856.655648 -0.053597 -0.004768 0.002098 0.087167 -0.829900 -0.384336 0.164607 -1.556230
1757579856.657626 -0.053597 -0.004768 0.002098 0.087167 -0.828755 -0.384336 0.164607 -1.555848
1757579856.659631 -0.053597 -0.004768 0.002098 0.087167 -0.827611 -0.383955 0.164607 -1.555848
1757579856.661648 -0.053597 -0.004768 0.002098 0.087167 -0.826467 -0.383574 0.164989 -1.555467
1757579856.663692 -0.053597 -0.004768 0.002098 0.087167 -0.825322 -0.383192 0.164989 -1.555085
1757579856.665628 -0.053597 -0.004768 0.002098 0.087167 -0.823796 -0.382811 0.164989 -1.554704
1757579856.667623 -0.053597 -0.004768 0.002098 0.087167 -0.822652 -0.382048 0.164989 -1.554322
1757579856.669620 -0.053597 -0.004768 0.002098 0.087167 -0.821507 -0.381666 0.165370 -1.553941
1757579856.671640 -0.053597 -0.004768 0.002098 0.087167 -0.820363 -0.381285 0.165370 -1.553559
1757579856.673629 -0.053597 -0.004768 0.002098 0.087167 -0.819219 -0.380903 0.165370 -1.553178
1757579856.675619 -0.053597 -0.004768 0.002098 0.087167 -0.818074 -0.380522 0.165370 -1.553178
1757579856.677668 -0.053597 -0.004768 0.002098 0.087167 -0.816548 -0.380140 0.165751 -1.552796
1757579856.679674 -0.053597 -0.004768 0.002098 0.087167 -0.815404 -0.379759 0.165751 -1.552415
1757579856.681635 -0.053597 -0.004768 0.002098 0.087167 -0.814260 -0.379377 0.165751 -1.551652
1757579856.683632 -0.053597 -0.004768 0.002098 0.087167 -0.813115 -0.378614 0.165751 -1.551270
1757579856.685629 -0.053597 -0.004768 0.002098 0.087167 -0.811589 -0.378233 0.165751 -1.550889
1757579856.687679 -0.053597 -0.004768 0.002098 0.087167 -0.810445 -0.377851 0.166133 -1.550508
1757579856.689644 -0.053597 -0.004768 0.002098 0.087167 -0.809300 -0.377470 0.166133 -1.550126
1757579856.691643 -0.053597 -0.004768 0.002098 0.087167 -0.808156 -0.376707 0.166133 -1.549745
1757579856.693641 -0.053597 -0.004768 0.002098 0.087167 -0.806630 -0.376326 0.166133 -1.549363
1757579856.695758 -0.053597 -0.004768 0.002098 0.087167 -0.805486 -0.375944 0.166133 -1.548982
1757579856.697647 -0.053597 -0.004768 0.002098 0.087167 -0.804341 -0.375563 0.166514 -1.548600
1757579856.699644 -0.053597 -0.004768 0.002098 0.087167 -0.802815 -0.375181 0.166514 -1.548219
1757579856.701641 -0.053597 -0.004768 0.002098 0.087167 -0.801671 -0.374418 0.166514 -1.547837
1757579856.703675 -0.053597 -0.004768 0.002098 0.087167 -0.800527 -0.374037 0.166514 -1.547074
1757579856.705654 -0.053597 -0.004768 0.002098 0.087167 -0.799001 -0.373655 0.166514 -1.546693
1757579856.707749 -0.053597 -0.004768 0.002098 0.087167 -0.797856 -0.373274 0.166896 -1.546311
1757579856.709684 -0.053597 -0.004768 0.002098 0.087167 -0.796712 -0.372892 0.166896 -1.545930
1757579856.711632 -0.053597 -0.004768 0.002098 0.087167 -0.795568 -0.372129 0.166896 -1.545548
1757579856.713655 -0.053597 -0.004768 0.002098 0.087167 -0.794042 -0.371748 0.166896 -1.545167
1757579856.715636 -0.053597 -0.004768 0.002098 0.087167 -0.792897 -0.371367 0.166896 -1.544404
1757579856.717631 -0.053597 -0.004768 0.002098 0.087167 -0.791753 -0.370985 0.166896 -1.544023
1757579856.719635 -0.053597 -0.004768 0.002098 0.087167 -0.790608 -0.370222 0.167277 -1.543641
1757579856.721626 -0.053597 -0.004768 0.002098 0.087167 -0.789083 -0.369841 0.167277 -1.543260
1757579856.723636 -0.053597 -0.004768 0.002098 0.087167 -0.787938 -0.369459 0.167277 -1.542497
1757579856.725632 -0.053597 -0.004768 0.002098 0.087167 -0.786794 -0.369078 0.167277 -1.542115
1757579856.727619 -0.053597 -0.004768 0.002098 0.087167 -0.785649 -0.368315 0.167277 -1.541734
1757579856.729634 -0.053597 -0.004768 0.002098 0.087167 -0.784505 -0.367933 0.167277 -1.540971
1757579856.731617 -0.053597 -0.004768 0.002098 0.087167 -0.783360 -0.367552 0.167659 -1.540589
1757579856.733623 -0.053597 -0.004768 0.002098 0.087167 -0.781835 -0.367170 0.167659 -1.540208
1757579856.735627 -0.053597 -0.004768 0.002098 0.087167 -0.780689 -0.366789 0.167659 -1.539445
1757579856.737660 -0.053597 -0.004768 0.002098 0.087167 -0.779545 -0.366407 0.167659 -1.539063
1757579856.739680 -0.053597 -0.004768 0.002098 0.087167 -0.778400 -0.365644 0.167659 -1.538301
1757579856.741661 -0.053597 -0.004768 0.002098 0.087167 -0.777256 -0.365263 0.167659 -1.537919
1757579856.743640 -0.053597 -0.004768 0.002098 0.087167 -0.776112 -0.364882 0.167659 -1.537156
1757579856.745642 -0.053597 -0.004768 0.002098 0.087167 -0.774967 -0.364500 0.168040 -1.536775
1757579856.747619 -0.053597 -0.004768 0.002098 0.087167 -0.773823 -0.364119 0.168040 -1.536393
1757579856.749641 -0.053597 -0.004768 0.002098 0.087167 -0.772297 -0.363737 0.168040 -1.535630
1757579856.751643 -0.053597 -0.004768 0.002098 0.087167 -0.771152 -0.363356 0.168040 -1.535249
1757579856.753620 -0.053597 -0.004768 0.002098 0.087167 -0.770008 -0.362974 0.168040 -1.534486
1757579856.755635 -0.053597 -0.004768 0.002098 0.087167 -0.768864 -0.362593 0.168040 -1.533723
1757579856.757623 -0.053597 -0.004768 0.002098 0.087167 -0.767719 -0.361830 0.168040 -1.533341
1757579856.759637 -0.053597 -0.004768 0.002098 0.087167 -0.766575 -0.361448 0.168040 -1.532578
1757579856.761618 -0.053597 -0.004768 0.002098 0.087167 -0.765430 -0.361067 0.168040 -1.532197
1757579856.763630 -0.053597 -0.004768 0.002098 0.087167 -0.764286 -0.360685 0.168422 -1.531434
1757579856.765628 -0.053597 -0.004768 0.002098 0.087167 -0.763142 -0.360304 0.168422 -1.530670
1757579856.767630 -0.053597 -0.004768 0.002098 0.087167 -0.761997 -0.359922 0.168422 -1.529907
1757579856.769695 -0.053597 -0.004768 0.002098 0.087167 -0.760853 -0.359541 0.168422 -1.529526
1757579856.771705 -0.053597 -0.004768 0.002098 0.087167 -0.759708 -0.359159 0.168422 -1.528763
1757579856.773642 -0.053597 -0.004768 0.002098 0.087167 -0.758564 -0.358778 0.168422 -1.528000
1757579856.775650 -0.053597 -0.004768 0.002098 0.087167 -0.757420 -0.358397 0.168422 -1.527618
1757579856.777637 -0.053597 -0.004768 0.002098 0.087167 -0.756275 -0.358015 0.168422 -1.526855
1757579856.779622 -0.053597 -0.004768 0.002098 0.087167 -0.755131 -0.357634 0.168422 -1.526093
1757579856.781641 -0.053597 -0.004768 0.002098 0.087167 -0.753986 -0.357252 0.168422 -1.525711
1757579856.783621 -0.053597 -0.004768 0.002098 0.087167 -0.752842 -0.356871 0.168422 -1.524948
1757579856.785626 -0.053597 -0.004768 0.002098 0.087167 -0.751698 -0.356489 0.168422 -1.524185
1757579856.787626 -0.053597 -0.004768 0.002098 0.087167 -0.750553 -0.356108 0.168422 -1.523804
1757579856.789638 -0.053597 -0.004768 0.002098 0.087167 -0.749409 -0.356108 0.168422 -1.523041
1757579856.791635 -0.053597 -0.004768 0.002098 0.087167 -0.748264 -0.355726 0.168422 -1.522278
1757579856.793622 -0.053597 -0.004768 0.002098 0.087167 -0.747501 -0.355345 0.168422 -1.521896
1757579856.795619 -0.053597 -0.004768 0.002098 0.087167 -0.746357 -0.354963 0.168422 -1.521133
1757579856.797639 -0.053597 -0.005150 0.002098 0.087167 -0.745213 -0.354582 0.168422 -1.520370
1757579856.799620 -0.053597 -0.005150 0.002098 0.087167 -0.744068 -0.354200 0.168422 -1.519608
1757579856.801749 -0.053597 -0.005150 0.002098 0.087167 -0.742924 -0.353819 0.168422 -1.519226
1757579856.803695 -0.053597 -0.005150 0.002098 0.087167 -0.741779 -0.353819 0.168422 -1.518463
1757579856.805657 -0.053597 -0.005150 0.002098 0.087167 -0.740635 -0.353437 0.168422 -1.517700
1757579856.807652 -0.053597 -0.005150 0.002098 0.087167 -0.739872 -0.353056 0.168422 -1.516937
1757579856.809636 -0.053597 -0.005150 0.002098 0.087167 -0.738728 -0.352674 0.168422 -1.516556
1757579856.811669 -0.053597 -0.005150 0.002098 0.087167 -0.737583 -0.352293 0.168422 -1.515793
1757579856.813665 -0.053597 -0.005150 0.002098 0.087167 -0.736439 -0.351912 0.168422 -1.515030
1757579856.815635 -0.053597 -0.005150 0.002098 0.087167 -0.735294 -0.351912 0.168422 -1.514267
1757579856.817673 -0.053597 -0.005150 0.002098 0.087167 -0.734531 -0.351530 0.168422 -1.513885
1757579856.819659 -0.053597 -0.005150 0.002098 0.087167 -0.733387 -0.351149 0.168040 -1.513123
1757579856.821639 -0.053597 -0.005150 0.002098 0.087167 -0.732243 -0.350767 0.168040 -1.512360
1757579856.823630 -0.053597 -0.005150 0.002098 0.087167 -0.731098 -0.350386 0.168040 -1.511597
1757579856.825639 -0.053597 -0.005150 0.002098 0.087167 -0.730335 -0.350004 0.168040 -1.510834
1757579856.827623 -0.053597 -0.005150 0.002098 0.087167 -0.729191 -0.350004 0.168040 -1.510071
1757579856.829634 -0.053597 -0.005150 0.002098 0.087167 -0.728428 -0.349623 0.168040 -1.509689
1757579856.831660 -0.053597 -0.005150 0.002098 0.087167 -0.727283 -0.349241 0.168040 -1.508926
1757579856.833653 -0.053597 -0.005150 0.002098 0.087167 -0.726139 -0.348860 0.168040 -1.508163
1757579856.835632 -0.053597 -0.005150 0.002098 0.087167 -0.725376 -0.348860 0.167659 -1.507782
1757579856.837667 -0.053597 -0.005150 0.002098 0.087167 -0.724232 -0.348478 0.167659 -1.507019
1757579856.839613 -0.053597 -0.005150 0.002098 0.087167 -0.723469 -0.348478 0.167659 -1.506256
1757579856.841616 -0.053597 -0.005150 0.002098 0.087167 -0.722324 -0.348097 0.167659 -1.505493
1757579856.843603 -0.053597 -0.005150 0.002098 0.087167 -0.721180 -0.347715 0.167659 -1.505112
1757579856.845597 -0.053597 -0.005150 0.002098 0.087167 -0.720417 -0.347715 0.167659 -1.504349
1757579856.847597 -0.053597 -0.005150 0.002098 0.087167 -0.719273 -0.347334 0.167659 -1.503586
1757579856.849606 -0.053597 -0.005150 0.002098 0.087167 -0.718509 -0.347334 0.167659 -1.503204
1757579856.851599 -0.053597 -0.005150 0.002098 0.087167 -0.717364 -0.346952 0.167659 -1.502441
1757579856.853606 -0.053597 -0.005150 0.002098 0.087167 -0.716601 -0.346952 0.167659 -1.501678
1757579856.855604 -0.053597 -0.005150 0.002098 0.087167 -0.715457 -0.346571 0.167659 -1.501297
1757579856.857624 -0.053597 -0.005150 0.002098 0.087167 -0.714694 -0.346571 0.167659 -1.500534
1757579856.859627 -0.053597 -0.005150 0.002098 0.087167 -0.713550 -0.346189 0.167277 -1.499771
1757579856.861641 -0.053597 -0.005150 0.002098 0.087167 -0.712787 -0.346189 0.167277 -1.499390
1757579856.863653 -0.053597 -0.005150 0.002098 0.087167 -0.711642 -0.345808 0.167277 -1.498627
1757579856.865646 -0.053597 -0.005150 0.002098 0.087167 -0.710879 -0.345808 0.167277 -1.498245
1757579856.867613 -0.053597 -0.005150 0.002098 0.087167 -0.709735 -0.345427 0.167277 -1.497482
1757579856.869621 -0.053597 -0.005150 0.002098 0.087167 -0.708972 -0.345427 0.167277 -1.496719
1757579856.871616 -0.053597 -0.005150 0.002098 0.087167 -0.707828 -0.345045 0.167277 -1.496338
1757579856.873638 -0.053597 -0.005150 0.002098 0.087167 -0.707065 -0.345045 0.167277 -1.495575
1757579856.875628 -0.053597 -0.005150 0.002098 0.087167 -0.705920 -0.344664 0.167277 -1.495193
1757579856.877630 -0.053597 -0.005150 0.002098 0.087167 -0.704776 -0.344664 0.167277 -1.494431
1757579856.879627 -0.053597 -0.005150 0.002098 0.087167 -0.704013 -0.344282 0.167277 -1.494049
1757579856.881656 -0.053597 -0.005150 0.002098 0.087167 -0.702868 -0.344282 0.167277 -1.493286
1757579856.883626 -0.053597 -0.005150 0.002098 0.087167 -0.702106 -0.343901 0.167277 -1.492905
1757579856.885628 -0.053597 -0.005150 0.002098 0.087167 -0.701343 -0.343518 0.167277 -1.492142
1757579856.887629 -0.053597 -0.005150 0.002098 0.087167 -0.700198 -0.343518 0.167277 -1.491760
1757579856.889641 -0.053597 -0.005150 0.002098 0.087167 -0.699435 -0.343137 0.167277 -1.490997
1757579856.891631 -0.053597 -0.005150 0.002098 0.087167 -0.698291 -0.343137 0.167277 -1.490616
1757579856.893649 -0.053597 -0.005150 0.002098 0.087167 -0.697528 -0.342755 0.167277 -1.489853
1757579856.895631 -0.053597 -0.005150 0.002098 0.087167 -0.696765 -0.342755 0.167277 -1.489090
1757579856.897711 -0.053597 -0.005150 0.002098 0.087167 -0.695621 -0.342374 0.167277 -1.488708
1757579856.899668 -0.053597 -0.005150 0.002098 0.087167 -0.694858 -0.342374 0.167277 -1.487946
1757579856.901643 -0.053597 -0.004768 0.002098 0.087167 -0.693713 -0.341992 0.167277 -1.487564
1757579856.903635 -0.053597 -0.004768 0.002098 0.087167 -0.692950 -0.341611 0.166896 -1.486801
1757579856.905705 -0.053597 -0.004768 0.002098 0.087167 -0.691806 -0.341611 0.166896 -1.486420
1757579856.907638 -0.053597 -0.004768 0.002098 0.087167 -0.691043 -0.341229 0.166896 -1.485657
1757579856.909634 -0.053597 -0.004768 0.002098 0.087167 -0.689898 -0.341229 0.166896 -1.485275
1757579856.911629 -0.053597 -0.004768 0.002098 0.087167 -0.689136 -0.340848 0.166896 -1.484512
1757579856.913774 -0.053597 -0.004768 0.002098 0.087167 -0.687991 -0.340848 0.166896 -1.483749
1757579856.915700 -0.053597 -0.004768 0.002098 0.087167 -0.687228 -0.340466 0.166896 -1.483368
1757579856.917718 -0.053597 -0.005150 0.002098 0.087167 -0.686465 -0.340466 0.166896 -1.482605
1757579856.919652 -0.053597 -0.005150 0.002098 0.087167 -0.685321 -0.340085 0.166514 -1.482224
1757579856.921639 -0.053597 -0.004768 0.002098 0.087167 -0.684558 -0.340085 0.166514 -1.481461
1757579856.923672 -0.053597 -0.004768 0.002098 0.087167 -0.683414 -0.339704 0.166514 -1.480698
1757579856.925759 -0.053597 -0.004768 0.002098 0.087167 -0.682651 -0.339704 0.166514 -1.480316
1757579856.927708 -0.053597 -0.004768 0.002098 0.087167 -0.681888 -0.339322 0.166514 -1.479553
1757579856.929685 -0.053597 -0.004768 0.002098 0.087167 -0.680743 -0.339322 0.166514 -1.479172
1757579856.931666 -0.053597 -0.004768 0.002098 0.087167 -0.679980 -0.338941 0.166514 -1.478409
1757579856.933638 -0.053597 -0.004768 0.002098 0.087167 -0.678836 -0.338941 0.166133 -1.477646
1757579856.935631 -0.053597 -0.004768 0.002098 0.087167 -0.678073 -0.338941 0.166133 -1.477264
1757579856.937638 -0.053597 -0.004768 0.002098 0.087167 -0.676929 -0.338559 0.166133 -1.476501
1757579856.939627 -0.053597 -0.004768 0.002098 0.087167 -0.676166 -0.338559 0.166133 -1.476120
1757579856.941618 -0.053597 -0.004768 0.002098 0.087167 -0.675403 -0.338178 0.166133 -1.475357
1757579856.943630 -0.053597 -0.004768 0.002098 0.087167 -0.674258 -0.338178 0.166133 -1.474594
1757579856.945626 -0.053597 -0.004768 0.002098 0.087167 -0.673114 -0.338178 0.166133 -1.474213
1757579856.947627 -0.053597 -0.004768 0.002098 0.087167 -0.672351 -0.337796 0.166133 -1.473450
1757579856.949624 -0.053597 -0.004768 0.002098 0.087167 -0.671588 -0.337796 0.165751 -1.472687
1757579856.951629 -0.053597 -0.004768 0.002098 0.087167 -0.670444 -0.337796 0.165751 -1.472305
1757579856.953628 -0.053597 -0.004768 0.002098 0.087167 -0.669681 -0.337415 0.165751 -1.471542
1757579856.955668 -0.053597 -0.004768 0.002098 0.087167 -0.668536 -0.337415 0.165751 -1.470779
1757579856.957654 -0.053597 -0.004768 0.002098 0.087167 -0.667773 -0.337415 0.165751 -1.470016
1757579856.959634 -0.053597 -0.004768 0.002098 0.087167 -0.666629 -0.337033 0.165751 -1.469635
1757579856.961627 -0.053597 -0.004768 0.002098 0.087167 -0.665866 -0.337033 0.165751 -1.468872
1757579856.963680 -0.053597 -0.004768 0.002098 0.087167 -0.665103 -0.337033 0.165751 -1.468108
1757579856.965634 -0.053597 -0.004768 0.002098 0.087167 -0.663959 -0.336652 0.165370 -1.467727
1757579856.967644 -0.053597 -0.004768 0.002098 0.087167 -0.663196 -0.336652 0.165370 -1.466964
1757579856.969625 -0.053597 -0.004768 0.002098 0.087167 -0.662051 -0.336652 0.165370 -1.466201
1757579856.971633 -0.053597 -0.004768 0.002098 0.087167 -0.661288 -0.336652 0.165370 -1.465819
1757579856.973624 -0.053597 -0.004768 0.002098 0.087167 -0.660144 -0.336270 0.165370 -1.465056
1757579856.975647 -0.053597 -0.004768 0.002098 0.087167 -0.659381 -0.336270 0.165370 -1.464293
1757579856.977644 -0.053597 -0.004768 0.002098 0.087167 -0.658237 -0.336270 0.165370 -1.463531
1757579856.979642 -0.053597 -0.004768 0.002098 0.087167 -0.657474 -0.336270 0.165370 -1.463149
1757579856.981639 -0.053597 -0.004768 0.002098 0.087167 -0.656329 -0.335889 0.165370 -1.462386
1757579856.983706 -0.053597 -0.004768 0.002098 0.087167 -0.655565 -0.335889 0.165370 -1.461623
1757579856.985670 -0.053597 -0.004768 0.002098 0.087167 -0.654421 -0.335889 0.164989 -1.461242
1757579856.987720 -0.053597 -0.004768 0.002098 0.087167 -0.653276 -0.335889 0.164989 -1.460479
1757579856.989668 -0.053597 -0.004768 0.002098 0.087167 -0.652514 -0.335507 0.164989 -1.459716
1757579856.991648 -0.053597 -0.004768 0.002098 0.087167 -0.651369 -0.335507 0.164989 -1.459334
1757579856.993646 -0.053597 -0.004768 0.002098 0.087167 -0.650606 -0.335507 0.164989 -1.458571
1757579856.995639 -0.053597 -0.004768 0.002098 0.087167 -0.649462 -0.335507 0.164989 -1.457808
1757579856.997638 -0.053597 -0.004768 0.002098 0.087167 -0.648699 -0.335126 0.164989 -1.457046
1757579856.999653 -0.053597 -0.004768 0.002098 0.087167 -0.647554 -0.335126 0.164989 -1.456664
1757579857.001645 -0.053597 -0.004768 0.002098 0.087167 -0.646791 -0.335126 0.164989 -1.455901
1757579857.003640 -0.053597 -0.004768 0.002098 0.087167 -0.645647 -0.335126 0.164607 -1.455138
1757579857.005638 -0.053597 -0.004768 0.002098 0.087167 -0.644884 -0.334744 0.164607 -1.454375
1757579857.007643 -0.053597 -0.004768 0.002098 0.087167 -0.643740 -0.334744 0.164607 -1.453612
1757579857.009640 -0.053597 -0.004768 0.002098 0.087167 -0.642977 -0.334744 0.164607 -1.453231
1757579857.011637 -0.053597 -0.004768 0.002098 0.087167 -0.641832 -0.334744 0.164607 -1.452468
1757579857.013640 -0.053597 -0.004768 0.002098 0.087167 -0.641069 -0.334363 0.164607 -1.451705
1757579857.015642 -0.053597 -0.004768 0.002098 0.087167 -0.639925 -0.334363 0.164607 -1.450942
1757579857.017650 -0.053597 -0.004768 0.002098 0.087167 -0.639162 -0.334363 0.164607 -1.450561
1757579857.019669 -0.053597 -0.004768 0.002098 0.087167 -0.638018 -0.333982 0.164607 -1.449798
1757579857.021652 -0.053597 -0.004768 0.002098 0.087167 -0.637255 -0.333982 0.164226 -1.449035
1757579857.023634 -0.053597 -0.004768 0.002098 0.087167 -0.636110 -0.333982 0.164226 -1.448272
1757579857.025671 -0.053597 -0.004768 0.002098 0.087167 -0.635347 -0.333600 0.164226 -1.447890
1757579857.027659 -0.053597 -0.004768 0.002098 0.087167 -0.634203 -0.333600 0.164226 -1.447127
1757579857.029646 -0.053597 -0.004768 0.002098 0.087167 -0.633440 -0.333600 0.164226 -1.446364
1757579857.031637 -0.053597 -0.004768 0.002098 0.087167 -0.632296 -0.333219 0.164226 -1.445601
1757579857.033641 -0.053597 -0.004768 0.002098 0.087167 -0.631533 -0.333219 0.164226 -1.445220
1757579857.035641 -0.053597 -0.004768 0.002098 0.087167 -0.630388 -0.332837 0.164226 -1.444457
1757579857.037618 -0.053597 -0.004768 0.002098 0.087167 -0.629625 -0.332837 0.163844 -1.443694
1757579857.039616 -0.053597 -0.004768 0.002098 0.087167 -0.628862 -0.332837 0.163844 -1.442931
1757579857.041616 -0.053597 -0.004768 0.002098 0.087167 -0.627718 -0.332456 0.163844 -1.442168
1757579857.043639 -0.053597 -0.004768 0.002098 0.087167 -0.626955 -0.332456 0.163844 -1.441405
1757579857.045617 -0.053597 -0.004768 0.002098 0.087167 -0.626192 -0.332074 0.163844 -1.441024
1757579857.047616 -0.053597 -0.004768 0.002098 0.087167 -0.625048 -0.332074 0.163844 -1.440261
1757579857.049662 -0.053597 -0.004768 0.002098 0.087167 -0.624285 -0.331693 0.163844 -1.439498
1757579857.051653 -0.053597 -0.004768 0.002098 0.087167 -0.623522 -0.331693 0.163844 -1.438735
1757579857.053680 -0.053597 -0.004768 0.002098 0.087167 -0.622377 -0.331311 0.163463 -1.437972
1757579857.055640 -0.053597 -0.004768 0.002098 0.087167 -0.621614 -0.331311 0.163463 -1.437209
1757579857.057639 -0.053597 -0.004768 0.002098 0.087167 -0.620470 -0.330930 0.163463 -1.436828
1757579857.059638 -0.053597 -0.004768 0.002098 0.087167 -0.619707 -0.330930 0.163463 -1.436065
1757579857.061639 -0.053597 -0.004768 0.002098 0.087167 -0.618944 -0.330930 0.163463 -1.435302
1757579857.063626 -0.053597 -0.004768 0.002098 0.087167 -0.618181 -0.330548 0.163463 -1.434539
1757579857.065615 -0.053597 -0.004768 0.002098 0.087167 -0.617037 -0.330548 0.163463 -1.433776
1757579857.067637 -0.053597 -0.004768 0.002098 0.087167 -0.616274 -0.330167 0.163081 -1.433394
1757579857.069618 -0.053597 -0.004768 0.002098 0.087167 -0.615511 -0.330167 0.163081 -1.432631
1757579857.071616 -0.053597 -0.004768 0.002098 0.087167 -0.614367 -0.329785 0.163081 -1.431869
1757579857.073616 -0.053597 -0.004768 0.002098 0.087167 -0.613604 -0.329785 0.163081 -1.431106
1757579857.075679 -0.053597 -0.004768 0.002098 0.087167 -0.612841 -0.329785 0.163081 -1.430724
1757579857.077625 -0.053597 -0.004768 0.002098 0.087167 -0.611696 -0.329404 0.163081 -1.429961
1757579857.079640 -0.053597 -0.004768 0.002098 0.087167 -0.610933 -0.329404 0.163081 -1.429198
1757579857.081652 -0.053597 -0.004768 0.002098 0.087167 -0.610170 -0.329404 0.163081 -1.428817
1757579857.083656 -0.053597 -0.004768 0.002098 0.087167 -0.609026 -0.329022 0.162700 -1.428054
1757579857.085624 -0.053597 -0.004768 0.002098 0.087167 -0.608263 -0.329022 0.162700 -1.427291
1757579857.087687 -0.053597 -0.004768 0.002098 0.087167 -0.607500 -0.329022 0.162700 -1.426909
1757579857.089619 -0.053597 -0.004768 0.002098 0.087167 -0.606356 -0.328641 0.162700 -1.426147
1757579857.091638 -0.053597 -0.004768 0.002098 0.087167 -0.605593 -0.328641 0.162700 -1.425765
1757579857.093618 -0.053597 -0.004768 0.002098 0.087167 -0.604830 -0.328641 0.162700 -1.425002
1757579857.095666 -0.053597 -0.004768 0.002098 0.087167 -0.604067 -0.328259 0.162700 -1.424239
1757579857.097625 -0.053597 -0.004768 0.002098 0.087167 -0.602922 -0.328259 0.162700 -1.423858
1757579857.099656 -0.053597 -0.004768 0.002098 0.087167 -0.602160 -0.328259 0.162700 -1.423095
1757579857.101640 -0.053597 -0.004768 0.002098 0.087167 -0.601397 -0.327878 0.162700 -1.422713
1757579857.103722 -0.053597 -0.004768 0.002098 0.087167 -0.600252 -0.327878 0.162318 -1.421950
1757579857.105678 -0.053597 -0.004768 0.002098 0.087167 -0.599489 -0.327878 0.162318 -1.421569
1757579857.107644 -0.053597 -0.004768 0.002098 0.087167 -0.598726 -0.327497 0.162318 -1.421187
1757579857.109630 -0.053597 -0.004768 0.002098 0.087167 -0.597582 -0.327497 0.162318 -1.420424
1757579857.111822 -0.053597 -0.004768 0.002098 0.087167 -0.596819 -0.327497 0.162318 -1.420043
1757579857.113633 -0.053597 -0.004768 0.002098 0.087167 -0.595675 -0.327497 0.162318 -1.419280
1757579857.115662 -0.053597 -0.004768 0.002098 0.087167 -0.594912 -0.327115 0.162318 -1.418899
1757579857.117628 -0.053597 -0.004768 0.002098 0.087167 -0.594149 -0.327115 0.162318 -1.418136
1757579857.119652 -0.053597 -0.004768 0.002098 0.087167 -0.593385 -0.327115 0.161937 -1.417754
1757579857.121628 -0.053597 -0.004768 0.002098 0.087167 -0.592240 -0.326734 0.161937 -1.416991
1757579857.123619 -0.053597 -0.004768 0.002098 0.087167 -0.591477 -0.326734 0.161937 -1.416610
1757579857.125619 -0.053597 -0.004768 0.002098 0.087167 -0.590714 -0.326352 0.161937 -1.415847
1757579857.127635 -0.053597 -0.004768 0.002098 0.087167 -0.589952 -0.326352 0.161937 -1.415465
1757579857.129626 -0.053597 -0.004768 0.002098 0.087167 -0.588807 -0.326352 0.161937 -1.414702
1757579857.131639 -0.053597 -0.004768 0.002098 0.087167 -0.588044 -0.325971 0.161937 -1.414321
1757579857.133639 -0.053597 -0.004768 0.002098 0.087167 -0.587281 -0.325971 0.161555 -1.413558
1757579857.135646 -0.053597 -0.004768 0.002098 0.087167 -0.586518 -0.325589 0.161555 -1.413177
1757579857.137628 -0.053597 -0.004768 0.002098 0.087167 -0.585374 -0.325589 0.161555 -1.412414
1757579857.139623 -0.053597 -0.004768 0.002098 0.087167 -0.584611 -0.325208 0.161555 -1.412032
1757579857.141613 -0.053597 -0.004768 0.002098 0.087167 -0.583848 -0.325208 0.161555 -1.411269
1757579857.143661 -0.053597 -0.004768 0.002098 0.087167 -0.583085 -0.324826 0.161555 -1.410888
1757579857.145633 -0.053597 -0.004768 0.002098 0.087167 -0.581941 -0.324826 0.161555 -1.410125
1757579857.147622 -0.053597 -0.004768 0.002098 0.087167 -0.581178 -0.324445 0.161555 -1.409743
1757579857.149614 -0.053216 -0.004768 0.002098 0.087167 -0.580415 -0.324445 0.161555 -1.408980
1757579857.151641 -0.053216 -0.004768 0.002098 0.087167 -0.579652 -0.324445 0.161555 -1.408599
1757579857.153649 -0.053216 -0.004768 0.002098 0.087167 -0.578889 -0.324063 0.161174 -1.408217
1757579857.155627 -0.053216 -0.004768 0.002098 0.087167 -0.577744 -0.323682 0.161174 -1.407454
1757579857.157616 -0.053216 -0.004768 0.002098 0.087167 -0.576982 -0.323682 0.161174 -1.407073
1757579857.159653 -0.053216 -0.004768 0.002098 0.087167 -0.576219 -0.323300 0.161174 -1.406310
1757579857.161627 -0.053216 -0.004768 0.002098 0.087167 -0.575456 -0.323300 0.161174 -1.405928
1757579857.163616 -0.053216 -0.004768 0.002098 0.087167 -0.574311 -0.322919 0.161174 -1.405546
1757579857.165613 -0.053216 -0.004768 0.002098 0.087167 -0.573548 -0.322919 0.161174 -1.404783
1757579857.167617 -0.053216 -0.004768 0.002098 0.087167 -0.572785 -0.322537 0.161174 -1.404402
1757579857.169625 -0.053216 -0.004768 0.002098 0.087167 -0.572022 -0.322156 0.160792 -1.403639
1757579857.171614 -0.053216 -0.004768 0.002098 0.087167 -0.571259 -0.322156 0.160792 -1.403257
1757579857.173677 -0.053216 -0.004768 0.002098 0.087167 -0.570497 -0.321774 0.160792 -1.402876
1757579857.175645 -0.053216 -0.004768 0.002098 0.087167 -0.569352 -0.321774 0.160792 -1.402113
1757579857.177670 -0.053216 -0.004768 0.002098 0.087167 -0.568589 -0.321393 0.160792 -1.401731
1757579857.179649 -0.053216 -0.004768 0.002098 0.087167 -0.567826 -0.321012 0.160792 -1.400969
1757579857.181632 -0.053216 -0.004768 0.002098 0.087167 -0.567063 -0.321012 0.160792 -1.400587
1757579857.183622 -0.053216 -0.004768 0.002098 0.087167 -0.566300 -0.320630 0.160792 -1.400206
1757579857.185632 -0.053216 -0.004768 0.002098 0.087167 -0.565156 -0.320630 0.160792 -1.399443
1757579857.187619 -0.053216 -0.004768 0.002098 0.087167 -0.564393 -0.320249 0.160792 -1.399061
1757579857.189630 -0.053216 -0.004768 0.002098 0.087167 -0.563630 -0.319867 0.160411 -1.398298
1757579857.191618 -0.053216 -0.004768 0.002098 0.087167 -0.562867 -0.319867 0.160411 -1.397917
1757579857.193626 -0.053216 -0.004768 0.002098 0.087167 -0.562104 -0.319486 0.160411 -1.397154
1757579857.195620 -0.053216 -0.004768 0.002098 0.087167 -0.560960 -0.319486 0.160411 -1.396772
1757579857.197630 -0.053216 -0.004768 0.002098 0.087167 -0.560197 -0.319104 0.160411 -1.396009
1757579857.199620 -0.053216 -0.004768 0.002098 0.087167 -0.559434 -0.318723 0.160411 -1.395628
1757579857.201627 -0.053216 -0.004768 0.002098 0.087167 -0.558671 -0.318723 0.160411 -1.394865
1757579857.203611 -0.053216 -0.004768 0.002098 0.087167 -0.557908 -0.318341 0.160411 -1.394102
1757579857.205664 -0.053216 -0.004768 0.002098 0.087167 -0.557145 -0.318341 0.160411 -1.393721
1757579857.207635 -0.053216 -0.004768 0.002098 0.087167 -0.556001 -0.317960 0.160411 -1.392958
1757579857.209623 -0.053597 -0.004768 0.002098 0.087167 -0.555238 -0.317578 0.160411 -1.392576
1757579857.211627 -0.053597 -0.004768 0.002098 0.087167 -0.554475 -0.317578 0.160411 -1.391813
1757579857.213636 -0.053597 -0.004768 0.002098 0.087167 -0.553712 -0.317197 0.160411 -1.391432
1757579857.215621 -0.053597 -0.004768 0.002098 0.087167 -0.552567 -0.317197 0.160411 -1.390669
1757579857.217642 -0.053597 -0.004768 0.002098 0.087167 -0.551805 -0.316815 0.160411 -1.390287
1757579857.219621 -0.053597 -0.004768 0.002098 0.087167 -0.551042 -0.316815 0.160029 -1.389524
1757579857.221634 -0.053597 -0.004768 0.002098 0.087167 -0.550279 -0.316434 0.160029 -1.389143
1757579857.223620 -0.053597 -0.004768 0.002098 0.087167 -0.549134 -0.316434 0.160029 -1.388380
1757579857.225640 -0.053597 -0.004768 0.002098 0.087167 -0.548371 -0.316052 0.160029 -1.387999
1757579857.227620 -0.053597 -0.004768 0.002098 0.087167 -0.547608 -0.316052 0.160029 -1.387236
1757579857.229636 -0.053597 -0.004768 0.002098 0.087167 -0.546845 -0.315671 0.160029 -1.386473
1757579857.231644 -0.053597 -0.004768 0.002098 0.087167 -0.545701 -0.315671 0.160029 -1.386091
1757579857.233643 -0.053597 -0.004768 0.002098 0.087167 -0.544938 -0.315289 0.160029 -1.385328
1757579857.235676 -0.053216 -0.004768 0.002098 0.087167 -0.544175 -0.315289 0.160029 -1.384565
1757579857.237670 -0.053597 -0.004768 0.002098 0.087167 -0.543412 -0.314908 0.160029 -1.383802
1757579857.239655 -0.053216 -0.004768 0.002098 0.087167 -0.542649 -0.314908 0.160029 -1.383421
1757579857.241664 -0.053216 -0.004768 0.002098 0.087167 -0.541886 -0.314527 0.160029 -1.382658
1757579857.243658 -0.053216 -0.004768 0.002098 0.087167 -0.540742 -0.314527 0.160029 -1.381895
1757579857.245664 -0.053216 -0.004768 0.002098 0.087167 -0.539979 -0.314145 0.159648 -1.381132
1757579857.247662 -0.053216 -0.004768 0.002098 0.087167 -0.539216 -0.314145 0.159648 -1.380369
1757579857.249659 -0.053216 -0.004768 0.002098 0.087167 -0.538453 -0.313764 0.159648 -1.379988
1757579857.251662 -0.053216 -0.004768 0.002098 0.087167 -0.537309 -0.313764 0.159648 -1.379225
1757579857.253664 -0.053216 -0.004768 0.002098 0.087167 -0.536546 -0.313382 0.159648 -1.378462
1757579857.255719 -0.053216 -0.004768 0.002098 0.087167 -0.535783 -0.313382 0.159648 -1.377699
1757579857.257638 -0.053216 -0.004768 0.002098 0.087167 -0.535020 -0.313001 0.159648 -1.377317
1757579857.259669 -0.053216 -0.004768 0.002098 0.087167 -0.533875 -0.313001 0.159648 -1.376554
1757579857.261655 -0.053216 -0.004768 0.002098 0.087167 -0.533113 -0.312619 0.159266 -1.375792
1757579857.263623 -0.053216 -0.004768 0.002098 0.087167 -0.532350 -0.312619 0.159266 -1.375029
1757579857.265667 -0.053216 -0.004768 0.002098 0.087167 -0.531587 -0.312238 0.159266 -1.374266
1757579857.267661 -0.053216 -0.004768 0.002098 0.087167 -0.530823 -0.312238 0.159266 -1.373884
1757579857.269653 -0.053216 -0.004768 0.002098 0.087167 -0.529678 -0.311856 0.159266 -1.373121
1757579857.271634 -0.053216 -0.004768 0.002098 0.087167 -0.528915 -0.311475 0.159266 -1.372358
1757579857.273633 -0.053216 -0.004768 0.002098 0.087167 -0.528152 -0.311475 0.159266 -1.371595
1757579857.275644 -0.053216 -0.004768 0.002098 0.087167 -0.527390 -0.311093 0.158885 -1.370832
1757579857.277629 -0.053216 -0.004768 0.002098 0.087167 -0.526245 -0.311093 0.158885 -1.370451
1757579857.279643 -0.053216 -0.004768 0.002098 0.087167 -0.525482 -0.310712 0.158885 -1.369688
1757579857.281630 -0.053216 -0.004768 0.002098 0.087167 -0.524719 -0.310712 0.158885 -1.368925
1757579857.283635 -0.053216 -0.004768 0.002098 0.087167 -0.523956 -0.310330 0.158885 -1.368162
1757579857.285636 -0.053216 -0.004768 0.002098 0.087167 -0.523193 -0.310330 0.158885 -1.367399
1757579857.287630 -0.053216 -0.004768 0.002098 0.087167 -0.522049 -0.310330 0.158885 -1.366636
1757579857.289632 -0.053216 -0.004768 0.002098 0.087167 -0.521286 -0.309949 0.158504 -1.366255
1757579857.291632 -0.053216 -0.004768 0.002098 0.087167 -0.520523 -0.309949 0.158504 -1.365492
1757579857.293625 -0.053216 -0.004768 0.002098 0.087167 -0.519760 -0.309567 0.158504 -1.364729
1757579857.295628 -0.053216 -0.004768 0.002098 0.087167 -0.518997 -0.309567 0.158504 -1.363966
1757579857.297723 -0.053216 -0.004768 0.002098 0.087167 -0.518234 -0.309567 0.158504 -1.363203
1757579857.299627 -0.053216 -0.004768 0.002098 0.087167 -0.517090 -0.309186 0.158504 -1.362440
1757579857.301624 -0.053216 -0.004768 0.002098 0.087167 -0.516327 -0.309186 0.158504 -1.361677
1757579857.303629 -0.053216 -0.004768 0.002098 0.087167 -0.515564 -0.309186 0.158122 -1.360914
1757579857.305639 -0.053216 -0.004768 0.002098 0.087167 -0.514801 -0.308805 0.158122 -1.360533
1757579857.307618 -0.053216 -0.004768 0.002098 0.087167 -0.514038 -0.308805 0.158122 -1.359770
1757579857.309612 -0.053216 -0.004768 0.002098 0.087167 -0.512894 -0.308805 0.158122 -1.359007
1757579857.311610 -0.053216 -0.004768 0.002098 0.087167 -0.512131 -0.308423 0.158122 -1.358244
1757579857.313692 -0.053216 -0.004768 0.002098 0.087167 -0.511368 -0.308423 0.158122 -1.357481
1757579857.315636 -0.053216 -0.004768 0.002098 0.087167 -0.510605 -0.308423 0.157741 -1.356718
1757579857.317634 -0.053216 -0.004768 0.002098 0.087167 -0.509842 -0.308423 0.157741 -1.355955
1757579857.319625 -0.053216 -0.004768 0.002098 0.087167 -0.509079 -0.308423 0.157741 -1.355192
1757579857.321719 -0.053216 -0.004768 0.002098 0.087167 -0.507935 -0.308042 0.157741 -1.354811
1757579857.323666 -0.053216 -0.004768 0.002098 0.087167 -0.507172 -0.308042 0.157741 -1.354048
1757579857.325672 -0.053216 -0.004768 0.002098 0.087167 -0.506409 -0.308042 0.157741 -1.353285
1757579857.327682 -0.053216 -0.004768 0.002098 0.087167 -0.505646 -0.308042 0.157741 -1.352522
1757579857.329738 -0.053216 -0.004768 0.002098 0.087167 -0.504883 -0.307660 0.157741 -1.351759
1757579857.331642 -0.053216 -0.004768 0.002098 0.087167 -0.503738 -0.307660 0.157359 -1.350996
1757579857.333649 -0.053216 -0.004768 0.002098 0.087167 -0.502975 -0.307660 0.157359 -1.350233
1757579857.335639 -0.053216 -0.004768 0.002098 0.087167 -0.502213 -0.307660 0.157359 -1.349470
1757579857.337749 -0.053216 -0.004768 0.002098 0.087167 -0.501450 -0.307660 0.157359 -1.349089
1757579857.339635 -0.053216 -0.004768 0.002098 0.087167 -0.500305 -0.307279 0.157359 -1.348326
1757579857.341623 -0.053216 -0.004768 0.002098 0.087167 -0.499542 -0.307279 0.157359 -1.347563
1757579857.343621 -0.053216 -0.004768 0.002098 0.087167 -0.498779 -0.307279 0.157359 -1.346800
1757579857.345644 -0.053216 -0.004768 0.002098 0.087167 -0.498016 -0.307279 0.157359 -1.346037
1757579857.347627 -0.053216 -0.004768 0.002098 0.087167 -0.496872 -0.306897 0.156978 -1.345655
1757579857.349619 -0.053216 -0.004768 0.002098 0.087167 -0.496109 -0.306897 0.156978 -1.344893
1757579857.351619 -0.053216 -0.004768 0.002098 0.087167 -0.495346 -0.306897 0.156978 -1.344130
1757579857.353623 -0.053216 -0.004768 0.002098 0.087167 -0.494583 -0.306516 0.156978 -1.343366
1757579857.355622 -0.053216 -0.004768 0.002098 0.087167 -0.493820 -0.306516 0.156978 -1.342603
1757579857.357620 -0.053216 -0.004768 0.002098 0.087167 -0.492676 -0.306516 0.156978 -1.342221
1757579857.359693 -0.053216 -0.004768 0.002098 0.087167 -0.491913 -0.306134 0.156978 -1.341458
1757579857.361638 -0.053216 -0.004768 0.002098 0.087167 -0.491150 -0.306134 0.156978 -1.340695
1757579857.363624 -0.053216 -0.004768 0.002098 0.087167 -0.490387 -0.306134 0.156978 -1.339932
1757579857.365653 -0.053216 -0.004768 0.002098 0.087167 -0.489243 -0.306134 0.156978 -1.339170
1757579857.367620 -0.053216 -0.004768 0.002098 0.087167 -0.488480 -0.305753 0.156978 -1.338407
1757579857.369622 -0.053216 -0.004768 0.002098 0.087167 -0.487717 -0.305753 0.156596 -1.337644
1757579857.371611 -0.053216 -0.004768 0.002098 0.087167 -0.486954 -0.305753 0.156596 -1.337262
1757579857.373625 -0.053216 -0.004768 0.002098 0.087167 -0.485809 -0.305371 0.156596 -1.336499
1757579857.375625 -0.053216 -0.004768 0.002098 0.087167 -0.485046 -0.305371 0.156596 -1.335736
1757579857.377620 -0.053216 -0.004768 0.002098 0.087167 -0.484283 -0.304990 0.156596 -1.334973
1757579857.379617 -0.053216 -0.004768 0.002098 0.087167 -0.483521 -0.304990 0.156596 -1.334210
1757579857.381638 -0.053216 -0.004768 0.002098 0.087167 -0.482758 -0.304990 0.156596 -1.333447
1757579857.383618 -0.053216 -0.004768 0.002098 0.087167 -0.481613 -0.304608 0.156596 -1.332685
1757579857.385628 -0.053216 -0.004768 0.002098 0.087167 -0.480850 -0.304608 0.156596 -1.332303
1757579857.387619 -0.053216 -0.004768 0.002098 0.087167 -0.480087 -0.304608 0.156596 -1.331540
1757579857.389646 -0.053216 -0.004768 0.002098 0.087167 -0.478943 -0.304227 0.156596 -1.330777
1757579857.391662 -0.053216 -0.004768 0.002098 0.087167 -0.478180 -0.304227 0.156596 -1.330014
1757579857.393650 -0.053216 -0.004768 0.002098 0.087167 -0.477417 -0.303845 0.156596 -1.329251
1757579857.395622 -0.053216 -0.004768 0.002098 0.087167 -0.476654 -0.303845 0.156596 -1.328488
1757579857.397627 -0.053216 -0.004768 0.002098 0.087167 -0.475510 -0.303845 0.156596 -1.327725
1757579857.399606 -0.053216 -0.004768 0.002098 0.087167 -0.474747 -0.303464 0.156596 -1.327344
1757579857.401642 -0.053216 -0.004768 0.002098 0.087167 -0.473984 -0.303464 0.156596 -1.326581
1757579857.403628 -0.053216 -0.004768 0.002098 0.087167 -0.473221 -0.303082 0.156596 -1.325818
1757579857.405623 -0.053216 -0.004768 0.002098 0.087167 -0.472076 -0.303082 0.156596 -1.325055
1757579857.407618 -0.053216 -0.004768 0.002098 0.087167 -0.471313 -0.303082 0.156596 -1.324292
1757579857.409635 -0.053216 -0.004768 0.002098 0.087167 -0.470551 -0.302701 0.156214 -1.323529
1757579857.411623 -0.053216 -0.004768 0.002098 0.087167 -0.469788 -0.302701 0.156214 -1.322766
1757579857.413621 -0.053216 -0.004768 0.002098 0.087167 -0.468642 -0.302320 0.156214 -1.322003
1757579857.415620 -0.053216 -0.004768 0.002098 0.087167 -0.467879 -0.302320 0.156214 -1.321240
1757579857.417632 -0.053216 -0.004768 0.002098 0.087167 -0.467116 -0.302320 0.156214 -1.320859
1757579857.419620 -0.053216 -0.004768 0.002098 0.087167 -0.465972 -0.301938 0.156214 -1.320096
1757579857.421728 -0.053216 -0.004768 0.002098 0.087167 -0.465209 -0.301938 0.156214 -1.319333
1757579857.423626 -0.053216 -0.004768 0.002098 0.087167 -0.464446 -0.301557 0.156214 -1.318570
1757579857.425621 -0.053216 -0.004768 0.002098 0.087167 -0.463683 -0.301557 0.156214 -1.317807
1757579857.427649 -0.053216 -0.004768 0.002098 0.087167 -0.462920 -0.301557 0.156214 -1.317044
1757579857.429633 -0.053216 -0.004768 0.002098 0.087167 -0.461776 -0.301175 0.156214 -1.316281
1757579857.431624 -0.053216 -0.004768 0.002098 0.087167 -0.461013 -0.301175 0.156214 -1.315518
1757579857.433609 -0.053216 -0.004768 0.002098 0.087167 -0.460250 -0.301175 0.156214 -1.314755
1757579857.435626 -0.053216 -0.004768 0.002098 0.087167 -0.459487 -0.300794 0.156214 -1.314374
1757579857.437636 -0.053216 -0.004768 0.002098 0.087167 -0.458343 -0.300794 0.156214 -1.313611
1757579857.439620 -0.053216 -0.004768 0.002098 0.087167 -0.457580 -0.300412 0.156214 -1.312848
1757579857.441621 -0.053216 -0.004768 0.002098 0.087167 -0.456817 -0.300412 0.156214 -1.312085
1757579857.443645 -0.053216 -0.004768 0.002098 0.087167 -0.456054 -0.300412 0.156214 -1.311322
1757579857.445640 -0.053216 -0.004768 0.002098 0.087167 -0.454909 -0.300031 0.156214 -1.310559
1757579857.447622 -0.053216 -0.004768 0.002098 0.087167 -0.454146 -0.300031 0.156214 -1.310178
1757579857.449614 -0.053216 -0.004768 0.002098 0.087167 -0.453383 -0.300031 0.156214 -1.309415
1757579857.451620 -0.053216 -0.004768 0.002098 0.087167 -0.452621 -0.299649 0.156214 -1.308652
1757579857.453624 -0.053216 -0.004768 0.002098 0.087167 -0.451858 -0.299649 0.156214 -1.307889
1757579857.455613 -0.053216 -0.004768 0.002098 0.087167 -0.450713 -0.299649 0.156214 -1.307126
1757579857.457580 -0.053216 -0.004768 0.002098 0.087167 -0.449950 -0.299268 0.156214 -1.306363
1757579857.459591 -0.053216 -0.004768 0.002098 0.087167 -0.449187 -0.299268 0.156214 -1.305982
1757579857.461595 -0.053216 -0.004768 0.002098 0.087167 -0.448043 -0.299268 0.156214 -1.305219
1757579857.463590 -0.053216 -0.004768 0.002098 0.087167 -0.447280 -0.298886 0.156214 -1.304456
1757579857.465591 -0.053216 -0.004768 0.002098 0.087167 -0.446517 -0.298886 0.156214 -1.303693
1757579857.467596 -0.053216 -0.004768 0.002098 0.087167 -0.445754 -0.298886 0.156214 -1.302930
1757579857.469620 -0.053216 -0.004768 0.002098 0.087167 -0.444610 -0.298505 0.156214 -1.302548
1757579857.471657 -0.053216 -0.004768 0.002098 0.087167 -0.443847 -0.298505 0.156214 -1.301785
1757579857.473638 -0.053216 -0.004768 0.002098 0.087167 -0.443084 -0.298505 0.156214 -1.301023
1757579857.475609 -0.053216 -0.004768 0.002098 0.087167 -0.441939 -0.298123 0.156214 -1.300260
1757579857.477645 -0.053216 -0.004768 0.002098 0.087167 -0.441176 -0.298123 0.156214 -1.299497
1757579857.479619 -0.053216 -0.004768 0.002098 0.087167 -0.440413 -0.297742 0.156214 -1.299115
1757579857.481615 -0.053216 -0.004768 0.002098 0.087167 -0.439651 -0.297742 0.156214 -1.298352
1757579857.483697 -0.053216 -0.004768 0.002098 0.087167 -0.438506 -0.297742 0.156214 -1.297589
1757579857.485752 -0.053216 -0.004768 0.002098 0.087167 -0.437743 -0.297360 0.156214 -1.296826
1757579857.487645 -0.053216 -0.004768 0.002098 0.087167 -0.436980 -0.297360 0.156214 -1.296063
1757579857.489635 -0.053216 -0.004768 0.002098 0.087167 -0.436217 -0.297360 0.156214 -1.295300
1757579857.491629 -0.053216 -0.004768 0.002098 0.087167 -0.435073 -0.296979 0.156214 -1.294919
1757579857.493718 -0.053216 -0.004768 0.002098 0.087167 -0.434310 -0.296979 0.156214 -1.294156
1757579857.495627 -0.053216 -0.004768 0.002098 0.087167 -0.433547 -0.296979 0.156214 -1.293393
1757579857.497663 -0.053216 -0.004768 0.002098 0.087167 -0.432403 -0.296597 0.156214 -1.292630
1757579857.499636 -0.053216 -0.004768 0.002098 0.087167 -0.431640 -0.296597 0.156214 -1.291867
1757579857.501774 -0.053216 -0.004768 0.002098 0.087167 -0.430877 -0.296597 0.156214 -1.291104
1757579857.503632 -0.053216 -0.004768 0.002098 0.087167 -0.430114 -0.296216 0.156214 -1.290723
1757579857.505684 -0.053216 -0.004768 0.002098 0.087167 -0.429351 -0.296216 0.156214 -1.289960
1757579857.507622 -0.053216 -0.004768 0.002098 0.087167 -0.428206 -0.296216 0.156214 -1.289197
1757579857.509609 -0.053216 -0.004768 0.002098 0.087167 -0.427444 -0.295835 0.156214 -1.288434
1757579857.511607 -0.053216 -0.004768 0.002098 0.087167 -0.426681 -0.295835 0.156214 -1.287671
1757579857.513613 -0.053216 -0.004768 0.002098 0.087167 -0.425918 -0.295835 0.156214 -1.287290
1757579857.515661 -0.053216 -0.004768 0.002098 0.087167 -0.425155 -0.295453 0.156214 -1.286527
1757579857.517665 -0.053216 -0.004768 0.002098 0.087167 -0.424010 -0.295453 0.156214 -1.285764
1757579857.519598 -0.053216 -0.004768 0.002098 0.087167 -0.423247 -0.295072 0.156214 -1.285382
1757579857.521627 -0.053216 -0.004768 0.002098 0.087167 -0.422484 -0.295072 0.156214 -1.284619
1757579857.523606 -0.053216 -0.004768 0.002098 0.087167 -0.421721 -0.295072 0.156214 -1.283856
1757579857.525614 -0.053216 -0.004768 0.002098 0.087167 -0.420959 -0.294690 0.156214 -1.283475
1757579857.527610 -0.053216 -0.004768 0.002098 0.087167 -0.420196 -0.294690 0.156214 -1.282712
1757579857.529607 -0.053216 -0.004768 0.002098 0.087167 -0.419051 -0.294309 0.156214 -1.281949
1757579857.531618 -0.053216 -0.004768 0.002098 0.087167 -0.418288 -0.294309 0.156214 -1.281568
1757579857.533617 -0.053216 -0.004768 0.002098 0.087167 -0.417525 -0.294309 0.156214 -1.280804
1757579857.535617 -0.053216 -0.004768 0.002098 0.087167 -0.416762 -0.293927 0.156214 -1.280041
1757579857.537605 -0.053216 -0.004768 0.002098 0.087167 -0.415999 -0.293927 0.156214 -1.279659
1757579857.539619 -0.053216 -0.004768 0.002098 0.087167 -0.415236 -0.293546 0.156214 -1.278896
1757579857.541618 -0.053216 -0.004768 0.002098 0.087167 -0.414474 -0.293546 0.156214 -1.278133
1757579857.543608 -0.053216 -0.004768 0.002098 0.087167 -0.413711 -0.293164 0.156214 -1.277752
1757579857.545758 -0.053216 -0.004768 0.002098 0.087167 -0.412948 -0.293164 0.156214 -1.276989
1757579857.547665 -0.053216 -0.004768 0.002098 0.087167 -0.412185 -0.292783 0.156214 -1.276226
1757579857.549671 -0.053216 -0.004768 0.002098 0.087167 -0.411040 -0.292783 0.156214 -1.275845
1757579857.551670 -0.053216 -0.004768 0.002098 0.087167 -0.410277 -0.292401 0.156214 -1.275082
1757579857.553684 -0.053216 -0.004768 0.002098 0.087167 -0.409514 -0.292401 0.156214 -1.274319
1757579857.555684 -0.053216 -0.004768 0.002098 0.087167 -0.408751 -0.292020 0.156214 -1.273937
1757579857.557681 -0.053216 -0.004768 0.002098 0.087167 -0.407989 -0.292020 0.156214 -1.273174
1757579857.559667 -0.053216 -0.004768 0.002098 0.087167 -0.407226 -0.291638 0.156214 -1.272793
1757579857.561666 -0.053216 -0.004768 0.002098 0.087167 -0.406463 -0.291638 0.156214 -1.272030
1757579857.563686 -0.053216 -0.004768 0.002098 0.087167 -0.405699 -0.291257 0.156214 -1.271648
1757579857.565670 -0.053216 -0.004768 0.002098 0.087167 -0.404936 -0.291257 0.156214 -1.270885
1757579857.567672 -0.053216 -0.004768 0.002098 0.087167 -0.404173 -0.290875 0.156214 -1.270504
1757579857.569670 -0.053216 -0.004768 0.002098 0.087167 -0.403410 -0.290875 0.156214 -1.269741
1757579857.571683 -0.053216 -0.004768 0.002098 0.087167 -0.402647 -0.290494 0.156214 -1.269360
1757579857.573668 -0.053216 -0.004768 0.002098 0.087167 -0.401884 -0.290494 0.156596 -1.268597
1757579857.575740 -0.053216 -0.004768 0.002098 0.087167 -0.401121 -0.290112 0.156596 -1.268215
1757579857.577668 -0.053216 -0.004768 0.002098 0.087167 -0.400358 -0.290112 0.156596 -1.267452
1757579857.579669 -0.053216 -0.004768 0.002098 0.087167 -0.399595 -0.289731 0.156596 -1.267071
1757579857.581675 -0.053216 -0.004768 0.002098 0.087167 -0.398832 -0.289731 0.156596 -1.266308
1757579857.583695 -0.053216 -0.004768 0.002098 0.087167 -0.398069 -0.289350 0.156596 -1.265926
1757579857.585670 -0.053216 -0.004768 0.002098 0.087167 -0.397306 -0.289350 0.156596 -1.265163
1757579857.587669 -0.053216 -0.004768 0.002098 0.087167 -0.396544 -0.288968 0.156596 -1.264782
1757579857.589674 -0.053216 -0.004768 0.002098 0.087167 -0.395781 -0.288587 0.156596 -1.264019
1757579857.591682 -0.053216 -0.004768 0.002098 0.087167 -0.395399 -0.288587 0.156596 -1.263638
1757579857.593663 -0.053216 -0.004768 0.002098 0.087167 -0.394636 -0.288205 0.156596 -1.263256
1757579857.595689 -0.053216 -0.004768 0.002098 0.087167 -0.393873 -0.288205 0.156596 -1.262493
1757579857.597672 -0.053216 -0.004768 0.002098 0.087167 -0.393110 -0.287824 0.156596 -1.262112
1757579857.599683 -0.053216 -0.004768 0.002098 0.087167 -0.392347 -0.287824 0.156596 -1.261349
1757579857.601669 -0.053216 -0.004768 0.002098 0.087167 -0.391584 -0.287442 0.156596 -1.260967
1757579857.603669 -0.053216 -0.004768 0.002098 0.087167 -0.390821 -0.287061 0.156596 -1.260204
1757579857.605672 -0.053216 -0.004768 0.002098 0.087167 -0.390059 -0.287061 0.156596 -1.259823
1757579857.607772 -0.053216 -0.004768 0.002098 0.087167 -0.389677 -0.286679 0.156596 -1.259441
1757579857.609707 -0.053216 -0.004768 0.002098 0.087167 -0.388914 -0.286679 0.156596 -1.258678
1757579857.611673 -0.053216 -0.004768 0.002098 0.087167 -0.388151 -0.286298 0.156596 -1.258297
1757579857.613666 -0.053216 -0.004768 0.002098 0.087167 -0.387388 -0.286298 0.156596 -1.257915
1757579857.615676 -0.053216 -0.004768 0.002098 0.087167 -0.387007 -0.285916 0.156596 -1.257153
1757579857.617625 -0.053216 -0.004768 0.002098 0.087167 -0.386244 -0.285535 0.156596 -1.256771
1757579857.619638 -0.053216 -0.004768 0.002098 0.087167 -0.385481 -0.285535 0.156596 -1.256390
1757579857.621619 -0.053216 -0.004768 0.002098 0.087167 -0.384718 -0.285153 0.156596 -1.256008
1757579857.623653 -0.053216 -0.004768 0.002098 0.087167 -0.383955 -0.285153 0.156596 -1.255627
1757579857.625614 -0.053216 -0.004768 0.002098 0.087167 -0.383574 -0.284772 0.156596 -1.254864
1757579857.627620 -0.053216 -0.004768 0.002098 0.087167 -0.382811 -0.284772 0.156596 -1.254482
1757579857.629612 -0.053216 -0.004768 0.002098 0.087167 -0.382048 -0.284390 0.156596 -1.254101
1757579857.631657 -0.053216 -0.004768 0.002098 0.087167 -0.381285 -0.284009 0.156596 -1.253719
1757579857.633622 -0.053216 -0.004768 0.002098 0.087167 -0.380903 -0.284009 0.156596 -1.253338
1757579857.635618 -0.053216 -0.004768 0.002098 0.087167 -0.380140 -0.283628 0.156596 -1.252956
1757579857.637650 -0.053216 -0.004768 0.002098 0.087167 -0.379377 -0.283246 0.156596 -1.252575
1757579857.639670 -0.053216 -0.004768 0.002098 0.087167 -0.378614 -0.283246 0.156596 -1.252193
1757579857.641627 -0.053216 -0.004768 0.002098 0.087167 -0.378233 -0.282865 0.156596 -1.251431
1757579857.643676 -0.053216 -0.004768 0.002098 0.087167 -0.377470 -0.282865 0.156596 -1.251049
1757579857.645651 -0.053216 -0.004768 0.002098 0.087167 -0.376707 -0.282483 0.156596 -1.250668
1757579857.647633 -0.053216 -0.004768 0.002098 0.087167 -0.375944 -0.282102 0.156596 -1.250286
1757579857.649610 -0.053216 -0.004768 0.002098 0.087167 -0.375563 -0.282102 0.156596 -1.249905
1757579857.651650 -0.053216 -0.004768 0.002098 0.087167 -0.374800 -0.281720 0.156596 -1.249142
1757579857.653618 -0.053216 -0.004768 0.002098 0.087167 -0.374037 -0.281339 0.156596 -1.248760
1757579857.655612 -0.053216 -0.004768 0.002098 0.087167 -0.373274 -0.281339 0.156596 -1.248379
1757579857.657637 -0.053216 -0.004768 0.002098 0.087167 -0.372892 -0.280956 0.156596 -1.247997
1757579857.659755 -0.053216 -0.004768 0.002098 0.087167 -0.372129 -0.280956 0.156596 -1.247234
1757579857.661648 -0.053216 -0.004768 0.002098 0.087167 -0.371367 -0.280575 0.156596 -1.246853
1757579857.663621 -0.053216 -0.004768 0.002098 0.087167 -0.370604 -0.280575 0.156596 -1.246471
1757579857.665615 -0.053216 -0.004768 0.002098 0.087167 -0.370222 -0.280193 0.156596 -1.246090
1757579857.667717 -0.053216 -0.004768 0.002098 0.087167 -0.369459 -0.279812 0.156596 -1.245708
1757579857.669671 -0.053216 -0.004768 0.002098 0.087167 -0.368696 -0.279812 0.156596 -1.245327
1757579857.671743 -0.053216 -0.004768 0.002098 0.087167 -0.367933 -0.279430 0.156596 -1.244946
1757579857.673637 -0.053216 -0.004768 0.002098 0.087167 -0.367170 -0.279430 0.156596 -1.244183
1757579857.675777 -0.053216 -0.004768 0.002098 0.087167 -0.366789 -0.279049 0.156596 -1.243801
1757579857.677620 -0.053216 -0.004768 0.002098 0.087167 -0.366026 -0.279049 0.156596 -1.243420
1757579857.679625 -0.053216 -0.004768 0.002098 0.087167 -0.365263 -0.278667 0.156596 -1.243038
1757579857.681618 -0.053216 -0.004768 0.002098 0.087167 -0.364500 -0.278667 0.156596 -1.242657
1757579857.683610 -0.053216 -0.004768 0.002098 0.087167 -0.363737 -0.278286 0.156596 -1.242275
1757579857.685622 -0.053216 -0.004768 0.002098 0.087167 -0.362974 -0.278286 0.156596 -1.241512
1757579857.687646 -0.053216 -0.004768 0.002098 0.087167 -0.362593 -0.277905 0.156596 -1.241131
1757579857.689621 -0.053216 -0.004768 0.002098 0.087167 -0.361830 -0.277905 0.156596 -1.240749
1757579857.691610 -0.053216 -0.004768 0.002098 0.087167 -0.361067 -0.277523 0.156596 -1.240368
1757579857.693620 -0.053216 -0.004768 0.002098 0.087167 -0.360304 -0.277523 0.156596 -1.239986
1757579857.695624 -0.053216 -0.004768 0.002098 0.087167 -0.359541 -0.277142 0.156596 -1.239223
1757579857.697715 -0.053216 -0.004768 0.002098 0.087167 -0.358778 -0.277142 0.156596 -1.238842
1757579857.699656 -0.053216 -0.004768 0.002098 0.087167 -0.358015 -0.276760 0.156596 -1.238461
1757579857.701654 -0.053216 -0.004768 0.002098 0.087167 -0.357634 -0.276760 0.156978 -1.238079
1757579857.703632 -0.053216 -0.004768 0.002098 0.087167 -0.356871 -0.276379 0.156978 -1.237698
1757579857.705643 -0.053216 -0.004768 0.002098 0.087167 -0.356108 -0.276379 0.156978 -1.236935
1757579857.707667 -0.053216 -0.004768 0.002098 0.087167 -0.355345 -0.275997 0.156978 -1.236553
1757579857.709634 -0.053216 -0.004768 0.002098 0.087167 -0.354582 -0.275997 0.156978 -1.236172
1757579857.711642 -0.053216 -0.004768 0.002098 0.087167 -0.353819 -0.275616 0.156978 -1.235790
1757579857.713629 -0.053216 -0.004768 0.002098 0.087167 -0.353056 -0.275616 0.156978 -1.235027
1757579857.715655 -0.053216 -0.004768 0.002098 0.087167 -0.352293 -0.275234 0.156978 -1.234646
1757579857.717636 -0.053216 -0.004768 0.002098 0.087167 -0.351530 -0.274853 0.156978 -1.234264
1757579857.719628 -0.053216 -0.004768 0.002098 0.087167 -0.350767 -0.274853 0.156978 -1.233883
1757579857.721638 -0.053216 -0.004768 0.002098 0.087167 -0.350386 -0.274471 0.156978 -1.233120
1757579857.723648 -0.053216 -0.004768 0.002098 0.087167 -0.349623 -0.274471 0.156978 -1.232738
1757579857.725627 -0.053216 -0.004768 0.002098 0.087167 -0.348860 -0.274090 0.156978 -1.231976
1757579857.727625 -0.053216 -0.004768 0.002098 0.087167 -0.348097 -0.274090 0.156978 -1.231594
1757579857.729626 -0.053216 -0.004768 0.002098 0.087167 -0.347334 -0.273708 0.156978 -1.231213
1757579857.731689 -0.053216 -0.004768 0.002098 0.087167 -0.346571 -0.273327 0.156978 -1.230450
1757579857.733643 -0.053216 -0.004768 0.002098 0.087167 -0.345808 -0.273327 0.156978 -1.229687
1757579857.735651 -0.053216 -0.004768 0.002098 0.087167 -0.345427 -0.272945 0.156978 -1.229305
1757579857.737638 -0.053216 -0.004768 0.002098 0.087167 -0.344664 -0.272564 0.156978 -1.228542
1757579857.739802 -0.053216 -0.004768 0.002098 0.087167 -0.343901 -0.272564 0.156978 -1.228161
1757579857.741681 -0.053216 -0.004768 0.002098 0.087167 -0.343137 -0.272182 0.156978 -1.227398
1757579857.743655 -0.053216 -0.004768 0.002098 0.087167 -0.342374 -0.272182 0.156978 -1.227016
1757579857.745626 -0.053216 -0.004768 0.002098 0.087167 -0.341611 -0.271801 0.156978 -1.226635
1757579857.747668 -0.053216 -0.004768 0.002098 0.087167 -0.340848 -0.271801 0.156978 -1.225872
1757579857.749643 -0.053216 -0.004768 0.002098 0.087167 -0.340085 -0.271420 0.156978 -1.225491
1757579857.751764 -0.053216 -0.004768 0.002098 0.087167 -0.339704 -0.271420 0.156978 -1.224728
1757579857.753630 -0.053216 -0.004768 0.002098 0.087167 -0.338941 -0.271038 0.156978 -1.224346
1757579857.755652 -0.053216 -0.004768 0.002098 0.087167 -0.338178 -0.271038 0.156978 -1.223583
1757579857.757602 -0.053216 -0.004768 0.002098 0.087167 -0.337415 -0.270657 0.156978 -1.223202
1757579857.759693 -0.053216 -0.004768 0.002098 0.087167 -0.336652 -0.270657 0.156978 -1.222439
1757579857.761592 -0.053216 -0.004768 0.002098 0.087167 -0.335889 -0.270275 0.156978 -1.222057
1757579857.763628 -0.053216 -0.004768 0.002098 0.087167 -0.335507 -0.270275 0.156978 -1.221294
1757579857.765651 -0.053216 -0.004768 0.002098 0.087167 -0.334744 -0.269894 0.156978 -1.220913
1757579857.767580 -0.053216 -0.004768 0.002098 0.087167 -0.333982 -0.269894 0.156978 -1.220150
1757579857.769586 -0.053216 -0.004768 0.002098 0.087167 -0.333219 -0.269512 0.156978 -1.219387
1757579857.771639 -0.053216 -0.004768 0.002098 0.087167 -0.332456 -0.269512 0.156978 -1.219006
1757579857.773582 -0.053216 -0.004768 0.002098 0.087167 -0.332074 -0.269131 0.156978 -1.218242
1757579857.775633 -0.053216 -0.004768 0.002098 0.087167 -0.331311 -0.269131 0.156978 -1.217860
1757579857.777592 -0.053216 -0.004768 0.002098 0.087167 -0.330548 -0.268749 0.156978 -1.217097
1757579857.779637 -0.053216 -0.004768 0.002098 0.087167 -0.329785 -0.268749 0.156978 -1.216716
1757579857.781594 -0.053216 -0.004768 0.002098 0.087167 -0.329022 -0.268368 0.156978 -1.215953
1757579857.783646 -0.053216 -0.004768 0.002098 0.087167 -0.328641 -0.268368 0.156978 -1.215190
1757579857.785618 -0.053216 -0.004768 0.002098 0.087167 -0.327878 -0.267986 0.156978 -1.214808
1757579857.787644 -0.053216 -0.004768 0.002098 0.087167 -0.327115 -0.267986 0.156978 -1.214046
1757579857.789611 -0.053216 -0.004768 0.002098 0.087167 -0.326352 -0.267605 0.156978 -1.213664
1757579857.791641 -0.053216 -0.004768 0.002098 0.087167 -0.325589 -0.267605 0.156978 -1.212901
1757579857.793642 -0.053216 -0.004768 0.002098 0.087167 -0.324826 -0.267223 0.156978 -1.212520
1757579857.795684 -0.053216 -0.004768 0.002098 0.087167 -0.324445 -0.267223 0.156978 -1.211757
1757579857.797625 -0.053216 -0.004768 0.002098 0.087167 -0.323682 -0.267223 0.156978 -1.210994
1757579857.799629 -0.053216 -0.004768 0.002098 0.087167 -0.322919 -0.266842 0.156978 -1.210612
1757579857.801608 -0.053216 -0.004768 0.002098 0.087167 -0.322156 -0.266842 0.156978 -1.209849
1757579857.803628 -0.053216 -0.004768 0.002098 0.087167 -0.321774 -0.266460 0.156978 -1.209468
1757579857.805614 -0.053216 -0.004768 0.002098 0.087167 -0.321012 -0.266460 0.156978 -1.208705
1757579857.807629 -0.053216 -0.004768 0.002098 0.087167 -0.320249 -0.266079 0.156978 -1.207942
1757579857.809619 -0.053216 -0.004768 0.002098 0.087167 -0.319486 -0.266079 0.156978 -1.207561
1757579857.811630 -0.053216 -0.004768 0.002098 0.087167 -0.319104 -0.265697 0.156978 -1.206798
1757579857.813628 -0.053216 -0.004768 0.002098 0.087167 -0.318341 -0.265697 0.156978 -1.206416
1757579857.815632 -0.053216 -0.004768 0.002098 0.087167 -0.317578 -0.265316 0.156978 -1.205653
1757579857.817628 -0.053216 -0.004768 0.002098 0.087167 -0.316815 -0.265316 0.156978 -1.204890
1757579857.819633 -0.053216 -0.004768 0.002098 0.087167 -0.316434 -0.264935 0.156978 -1.204509
1757579857.821628 -0.053216 -0.004768 0.002098 0.087167 -0.315671 -0.264935 0.156978 -1.203746
1757579857.823627 -0.053216 -0.004768 0.002098 0.087167 -0.314908 -0.264553 0.156978 -1.203364
1757579857.825660 -0.053216 -0.004768 0.002098 0.087167 -0.314527 -0.264553 0.156978 -1.202601
1757579857.827633 -0.053216 -0.004768 0.002098 0.087167 -0.313764 -0.264172 0.156978 -1.201838
1757579857.829642 -0.053216 -0.004768 0.002098 0.087167 -0.313001 -0.264172 0.156978 -1.201457
1757579857.831661 -0.053216 -0.004768 0.002098 0.087167 -0.312619 -0.263790 0.156978 -1.200694
1757579857.833633 -0.053216 -0.004768 0.002098 0.087167 -0.311856 -0.263790 0.156978 -1.199931
1757579857.835641 -0.053216 -0.004768 0.002098 0.087167 -0.311093 -0.263409 0.156978 -1.199550
1757579857.837634 -0.053216 -0.004768 0.002098 0.087167 -0.310330 -0.263409 0.156978 -1.198787
1757579857.839647 -0.053216 -0.004768 0.002098 0.087167 -0.309949 -0.263027 0.156978 -1.198405
1757579857.841627 -0.053216 -0.004768 0.002098 0.087167 -0.309186 -0.263027 0.156978 -1.197642
1757579857.843627 -0.053216 -0.004768 0.002098 0.087167 -0.308423 -0.263027 0.156978 -1.197261
1757579857.845642 -0.053216 -0.004768 0.002098 0.087167 -0.308042 -0.262646 0.156978 -1.196498
1757579857.847628 -0.053216 -0.004768 0.002098 0.087167 -0.307279 -0.262646 0.156978 -1.195735
1757579857.849626 -0.053216 -0.004768 0.002098 0.087167 -0.306516 -0.262264 0.156978 -1.195354
1757579857.851624 -0.053216 -0.004768 0.002098 0.087167 -0.306134 -0.262264 0.156978 -1.194591
1757579857.853635 -0.053216 -0.004768 0.002098 0.087167 -0.305371 -0.261883 0.156978 -1.194209
1757579857.855678 -0.053216 -0.004768 0.002098 0.087167 -0.304608 -0.261883 0.156978 -1.193446
1757579857.857618 -0.053216 -0.004768 0.002098 0.087167 -0.304227 -0.261883 0.156978 -1.192683
1757579857.859676 -0.053216 -0.004768 0.002098 0.087167 -0.303464 -0.261501 0.156978 -1.192302
1757579857.861663 -0.053216 -0.004768 0.002098 0.087167 -0.303082 -0.261501 0.156978 -1.191539
1757579857.863614 -0.053216 -0.004768 0.002098 0.087167 -0.302320 -0.261120 0.156978 -1.191157
1757579857.865628 -0.053216 -0.004768 0.002098 0.087167 -0.301557 -0.261120 0.156596 -1.190394
1757579857.867585 -0.053216 -0.004768 0.002098 0.087167 -0.301175 -0.261120 0.156596 -1.189631
1757579857.869594 -0.053216 -0.004768 0.002098 0.087167 -0.300412 -0.260738 0.156978 -1.189250
1757579857.871583 -0.053216 -0.004768 0.002098 0.087167 -0.299649 -0.260738 0.156978 -1.188487
1757579857.873581 -0.053216 -0.004768 0.002098 0.087167 -0.299268 -0.260357 0.156978 -1.188106
1757579857.875586 -0.053216 -0.004768 0.002098 0.087167 -0.298505 -0.260357 0.156978 -1.187343
1757579857.877620 -0.053216 -0.004768 0.002098 0.087167 -0.297742 -0.260357 0.156978 -1.186580
1757579857.879589 -0.053216 -0.004768 0.002098 0.087167 -0.297360 -0.259975 0.156978 -1.186198
1757579857.881596 -0.053216 -0.004768 0.002098 0.087167 -0.296597 -0.259975 0.156596 -1.185435
1757579857.883595 -0.053216 -0.004768 0.002098 0.087167 -0.296216 -0.259975 0.156596 -1.185054
1757579857.885619 -0.053216 -0.004768 0.002098 0.087167 -0.295453 -0.259594 0.156978 -1.184291
1757579857.887617 -0.053216 -0.004768 0.002098 0.087167 -0.294690 -0.259594 0.156596 -1.183528
1757579857.889614 -0.053216 -0.004768 0.002098 0.087167 -0.294309 -0.259212 0.156596 -1.183146
1757579857.891610 -0.053216 -0.004768 0.002098 0.087167 -0.293546 -0.259212 0.156596 -1.182384
1757579857.893745 -0.053216 -0.004768 0.002098 0.087167 -0.292783 -0.259212 0.156978 -1.181621
1757579857.895624 -0.053216 -0.004768 0.002098 0.087167 -0.292401 -0.258831 0.156978 -1.181239
1757579857.897673 -0.053216 -0.004768 0.002098 0.087167 -0.291638 -0.258831 0.156978 -1.180476
1757579857.899662 -0.053216 -0.004768 0.002098 0.087167 -0.290875 -0.258831 0.156978 -1.180095
1757579857.901662 -0.053216 -0.004768 0.002098 0.087167 -0.290494 -0.258450 0.156978 -1.179332
1757579857.903660 -0.053216 -0.004768 0.002098 0.087167 -0.289731 -0.258450 0.156978 -1.178950
1757579857.905684 -0.053216 -0.004768 0.002098 0.087167 -0.289350 -0.258450 0.156978 -1.178187
1757579857.907669 -0.053216 -0.004768 0.002098 0.087167 -0.288587 -0.258450 0.156978 -1.177806
1757579857.909674 -0.053216 -0.004768 0.002098 0.087167 -0.287824 -0.258068 0.156978 -1.177043
1757579857.911659 -0.053216 -0.004768 0.002098 0.087167 -0.287061 -0.258068 0.156978 -1.176661
1757579857.913721 -0.053216 -0.004768 0.002098 0.087167 -0.286679 -0.258068 0.156978 -1.175899
1757579857.915663 -0.053216 -0.004768 0.002098 0.087167 -0.285916 -0.257687 0.156978 -1.175517
1757579857.917688 -0.053216 -0.004768 0.002098 0.087167 -0.285153 -0.257687 0.156978 -1.174754
1757579857.919669 -0.053216 -0.004768 0.002098 0.087167 -0.284772 -0.257305 0.156978 -1.174373
1757579857.921689 -0.053216 -0.004768 0.002098 0.087167 -0.284009 -0.257305 0.156978 -1.173610
1757579857.923688 -0.053216 -0.004768 0.002098 0.087167 -0.283246 -0.257305 0.156978 -1.173228
1757579857.925610 -0.053216 -0.004768 0.002098 0.087167 -0.282865 -0.256924 0.156978 -1.172465
1757579857.927614 -0.053216 -0.004768 0.002098 0.087167 -0.282102 -0.256924 0.156978 -1.172084
1757579857.929610 -0.053216 -0.004768 0.002098 0.087167 -0.281720 -0.256924 0.156978 -1.171321
1757579857.931616 -0.053216 -0.004768 0.002098 0.087167 -0.280956 -0.256542 0.156978 -1.170939
1757579857.933611 -0.053216 -0.004768 0.002098 0.087167 -0.280575 -0.256542 0.156978 -1.170177
1757579857.935613 -0.053216 -0.004768 0.002098 0.087167 -0.279812 -0.256161 0.156978 -1.169795
1757579857.937613 -0.053216 -0.004768 0.002098 0.087167 -0.279049 -0.256161 0.156978 -1.169032
1757579857.939614 -0.053216 -0.004768 0.002098 0.087167 -0.278667 -0.256161 0.156978 -1.168651
1757579857.941616 -0.053216 -0.004768 0.002098 0.087167 -0.277905 -0.255779 0.156978 -1.167888
1757579857.943626 -0.053216 -0.004768 0.002098 0.087167 -0.277523 -0.255779 0.156978 -1.167506
1757579857.945626 -0.053216 -0.004768 0.002098 0.087167 -0.276760 -0.255779 0.156978 -1.166743
1757579857.947760 -0.053216 -0.004768 0.002098 0.087167 -0.276379 -0.255398 0.156978 -1.166362
1757579857.949731 -0.053216 -0.004768 0.002098 0.087167 -0.275616 -0.255398 0.156978 -1.165599
1757579857.951725 -0.053216 -0.004768 0.002098 0.087167 -0.275234 -0.255016 0.156978 -1.165217
1757579857.953706 -0.053216 -0.004768 0.002098 0.087167 -0.274471 -0.255016 0.156978 -1.164454
1757579857.955736 -0.053216 -0.004768 0.002098 0.087167 -0.274090 -0.255016 0.156978 -1.164073
1757579857.957708 -0.053216 -0.004768 0.002098 0.087167 -0.273327 -0.254635 0.156978 -1.163310
1757579857.959701 -0.053216 -0.004768 0.002098 0.087167 -0.272945 -0.254635 0.156978 -1.162929
1757579857.961700 -0.053216 -0.004768 0.002098 0.087167 -0.272564 -0.254253 0.156978 -1.162166
1757579857.963656 -0.053216 -0.004768 0.002098 0.087167 -0.271801 -0.254253 0.156978 -1.161784
1757579857.965667 -0.053216 -0.004768 0.002098 0.087167 -0.271420 -0.254253 0.156596 -1.161021
1757579857.967670 -0.053216 -0.004768 0.002098 0.087167 -0.270657 -0.253872 0.156596 -1.160640
1757579857.969665 -0.053216 -0.004768 0.002098 0.087167 -0.270275 -0.253872 0.156596 -1.159877
1757579857.971666 -0.053216 -0.004768 0.002098 0.087167 -0.269894 -0.253490 0.156596 -1.159495
1757579857.973665 -0.053216 -0.004768 0.002098 0.087167 -0.269131 -0.253490 0.156596 -1.158732
1757579857.975671 -0.053216 -0.004768 0.002098 0.087167 -0.268749 -0.253490 0.156596 -1.158351
1757579857.977663 -0.053216 -0.004768 0.002098 0.087167 -0.267986 -0.253109 0.156596 -1.157588
1757579857.979675 -0.053216 -0.004768 0.002098 0.087167 -0.267605 -0.253109 0.156596 -1.156825
1757579857.981611 -0.053216 -0.004768 0.002098 0.087167 -0.267223 -0.252728 0.156596 -1.156444
1757579857.983646 -0.053216 -0.004768 0.002098 0.087167 -0.266460 -0.252728 0.156596 -1.155680
1757579857.985610 -0.053216 -0.004768 0.002098 0.087167 -0.266079 -0.252728 0.156596 -1.155298
1757579857.987621 -0.053216 -0.004768 0.002098 0.087167 -0.265316 -0.252346 0.156596 -1.154535
1757579857.989612 -0.053216 -0.004768 0.002098 0.087167 -0.264935 -0.252346 0.156596 -1.153772
1757579857.991633 -0.053216 -0.004768 0.002098 0.087167 -0.264553 -0.252346 0.156596 -1.153391
1757579857.993609 -0.053216 -0.004768 0.002098 0.087167 -0.263790 -0.251965 0.156596 -1.152628
1757579857.995611 -0.053216 -0.004768 0.002098 0.087167 -0.263409 -0.251965 0.156596 -1.151865
1757579857.997612 -0.053216 -0.004768 0.002098 0.087167 -0.263027 -0.251965 0.156596 -1.151484
1757579857.999628 -0.053216 -0.004768 0.002098 0.087167 -0.262264 -0.251965 0.156596 -1.150721
1757579858.001610 -0.053216 -0.004768 0.002098 0.087167 -0.261883 -0.251583 0.156596 -1.149958
1757579858.003611 -0.053216 -0.004768 0.002098 0.087167 -0.261120 -0.251583 0.156596 -1.149576
1757579858.005611 -0.053216 -0.004768 0.002098 0.087167 -0.260738 -0.251583 0.156596 -1.148813
1757579858.007623 -0.053216 -0.004768 0.002098 0.087167 -0.259975 -0.251583 0.156596 -1.148432
1757579858.009606 -0.053216 -0.004768 0.002098 0.087167 -0.259594 -0.251202 0.156596 -1.147669
1757579858.011671 -0.053216 -0.004768 0.002098 0.087167 -0.258831 -0.251202 0.156596 -1.146906
1757579858.013662 -0.053216 -0.004768 0.002098 0.087167 -0.258450 -0.251202 0.156596 -1.146524
1757579858.015706 -0.053216 -0.004768 0.002098 0.087167 -0.257687 -0.251202 0.156596 -1.145761
1757579858.017632 -0.053216 -0.004768 0.002098 0.087167 -0.257305 -0.250820 0.156596 -1.144999
1757579858.019635 -0.053216 -0.004768 0.002098 0.087167 -0.256924 -0.250820 0.156596 -1.144236
1757579858.021636 -0.053216 -0.004768 0.002098 0.087167 -0.256161 -0.250820 0.156596 -1.143473
1757579858.023653 -0.053216 -0.004768 0.002098 0.087167 -0.255779 -0.250820 0.156596 -1.143091
1757579858.025630 -0.053216 -0.004768 0.002098 0.087167 -0.255016 -0.250439 0.156596 -1.142328
1757579858.027634 -0.053216 -0.004768 0.002098 0.087167 -0.254635 -0.250439 0.156596 -1.141565
1757579858.029628 -0.053216 -0.004768 0.002098 0.087167 -0.253872 -0.250439 0.156596 -1.140802
1757579858.031640 -0.053216 -0.004768 0.002098 0.087167 -0.253490 -0.250439 0.156596 -1.140421
1757579858.033626 -0.053216 -0.004768 0.002098 0.087167 -0.252728 -0.250439 0.156596 -1.139658
1757579858.035635 -0.053216 -0.004768 0.002098 0.087167 -0.252346 -0.250057 0.156596 -1.138895
1757579858.037623 -0.053216 -0.004768 0.002098 0.087167 -0.251583 -0.250057 0.156596 -1.138132
1757579858.039618 -0.053216 -0.004768 0.002098 0.087167 -0.251202 -0.250057 0.156596 -1.137751
1757579858.041663 -0.053216 -0.004768 0.002098 0.087167 -0.250439 -0.250057 0.156596 -1.136988
1757579858.043652 -0.053216 -0.004768 0.002098 0.087167 -0.250057 -0.249676 0.156596 -1.136225
1757579858.045636 -0.053216 -0.004768 0.002098 0.087167 -0.249294 -0.249676 0.156596 -1.135462
1757579858.047625 -0.053216 -0.004768 0.002098 0.087167 -0.248913 -0.249676 0.156596 -1.134699
1757579858.049633 -0.053216 -0.004768 0.002098 0.087167 -0.248150 -0.249676 0.156596 -1.134317
1757579858.051661 -0.053216 -0.004768 0.002098 0.087167 -0.247768 -0.249676 0.156596 -1.133554
1757579858.053676 -0.053216 -0.004768 0.002098 0.087167 -0.247387 -0.249294 0.156596 -1.132792
1757579858.055650 -0.053216 -0.004768 0.002098 0.087167 -0.246624 -0.249294 0.156596 -1.132029
1757579858.057656 -0.053216 -0.004768 0.002098 0.087167 -0.246243 -0.249294 0.156596 -1.131266
1757579858.059715 -0.053216 -0.004768 0.002098 0.087167 -0.245480 -0.249294 0.156596 -1.130884
1757579858.061640 -0.053216 -0.004768 0.002098 0.087167 -0.245098 -0.248913 0.156596 -1.130121
1757579858.063690 -0.053216 -0.004768 0.002098 0.087167 -0.244717 -0.248913 0.156596 -1.129358
1757579858.065626 -0.053216 -0.004768 0.002098 0.087167 -0.243954 -0.248913 0.156596 -1.128595
1757579858.067686 -0.053216 -0.004768 0.002098 0.087167 -0.243572 -0.248913 0.156596 -1.128214
1757579858.069622 -0.053216 -0.004768 0.002098 0.087167 -0.242809 -0.248913 0.156596 -1.127451
1757579858.071675 -0.053216 -0.004768 0.002098 0.087167 -0.242428 -0.248531 0.156596 -1.126688
1757579858.073652 -0.053216 -0.004768 0.002098 0.087167 -0.241665 -0.248531 0.156596 -1.125925
1757579858.075612 -0.053216 -0.004768 0.002098 0.087167 -0.241283 -0.248531 0.156596 -1.125544
1757579858.077616 -0.053216 -0.004768 0.002098 0.087167 -0.240902 -0.248531 0.156596 -1.124781
1757579858.079597 -0.053216 -0.004768 0.002098 0.087167 -0.240139 -0.248531 0.156596 -1.124018
1757579858.081625 -0.053216 -0.004768 0.002098 0.087167 -0.239758 -0.248150 0.156596 -1.123255
1757579858.083598 -0.053216 -0.004768 0.002098 0.087167 -0.238995 -0.248150 0.156596 -1.122873
1757579858.085601 -0.053216 -0.004768 0.002098 0.087167 -0.238613 -0.248150 0.156596 -1.122110
1757579858.087592 -0.053216 -0.004768 0.002098 0.087167 -0.238232 -0.248150 0.156596 -1.121347
1757579858.089591 -0.053216 -0.004768 0.002098 0.087167 -0.237469 -0.247768 0.156596 -1.120966
1757579858.091590 -0.053216 -0.004768 0.002098 0.087167 -0.237087 -0.247768 0.156596 -1.120203
1757579858.093617 -0.053216 -0.004768 0.002098 0.087167 -0.236706 -0.247768 0.156596 -1.119440
1757579858.095609 -0.053216 -0.004768 0.002098 0.087167 -0.235943 -0.247768 0.156596 -1.119059
1757579858.097608 -0.053216 -0.004768 0.002098 0.087167 -0.235561 -0.247387 0.156596 -1.118296
1757579858.099607 -0.053216 -0.004768 0.002098 0.087167 -0.234798 -0.247387 0.156596 -1.117533
1757579858.101612 -0.053216 -0.004768 0.002098 0.087167 -0.234417 -0.247387 0.156596 -1.117151
1757579858.103743 -0.053216 -0.004768 0.002098 0.087167 -0.234035 -0.247387 0.156596 -1.116388
1757579858.105655 -0.053216 -0.004768 0.002098 0.087167 -0.233273 -0.247005 0.156596 -1.115625
1757579858.107657 -0.053216 -0.004768 0.002098 0.087167 -0.232891 -0.247005 0.156596 -1.115244
1757579858.109758 -0.053216 -0.004768 0.002098 0.087167 -0.232510 -0.247005 0.156596 -1.114481
1757579858.111697 -0.053216 -0.004768 0.002098 0.087167 -0.231747 -0.247005 0.156596 -1.113718
1757579858.113699 -0.053216 -0.004768 0.002098 0.087167 -0.231365 -0.247005 0.156596 -1.112955
1757579858.115732 -0.053216 -0.004768 0.002098 0.087167 -0.230984 -0.246624 0.156596 -1.112574
1757579858.117690 -0.053216 -0.004768 0.002098 0.087167 -0.230221 -0.246624 0.156596 -1.111811
1757579858.119700 -0.053216 -0.004768 0.002098 0.087167 -0.229839 -0.246624 0.156596 -1.111048
1757579858.121696 -0.053216 -0.004768 0.002098 0.087167 -0.229458 -0.246624 0.156596 -1.110666
1757579858.123699 -0.053216 -0.004768 0.002098 0.087167 -0.228695 -0.246243 0.156596 -1.109903
1757579858.125699 -0.053216 -0.004768 0.002098 0.087167 -0.228313 -0.246243 0.156596 -1.109140
1757579858.127701 -0.053216 -0.004768 0.002098 0.087167 -0.227551 -0.246243 0.156596 -1.108377
1757579858.129686 -0.053216 -0.004768 0.002098 0.087167 -0.227169 -0.246243 0.156596 -1.107996
1757579858.131697 -0.053216 -0.004768 0.002098 0.087167 -0.226406 -0.246243 0.156596 -1.107233
1757579858.133684 -0.053216 -0.004768 0.002098 0.087167 -0.226025 -0.245861 0.156596 -1.106470
1757579858.135690 -0.053216 -0.004768 0.002098 0.087167 -0.225262 -0.245861 0.156596 -1.106089
1757579858.137699 -0.053216 -0.004768 0.002098 0.087167 -0.224880 -0.245861 0.156596 -1.105326
1757579858.139694 -0.053216 -0.004768 0.002098 0.087167 -0.224499 -0.245861 0.156596 -1.104563
1757579858.141696 -0.053216 -0.004768 0.002098 0.087167 -0.223736 -0.245480 0.156596 -1.103800
1757579858.143698 -0.053216 -0.004768 0.002098 0.087167 -0.223354 -0.245480 0.156596 -1.103037
1757579858.145710 -0.053216 -0.004768 0.002098 0.087167 -0.222591 -0.245480 0.156596 -1.102655
1757579858.147644 -0.053216 -0.004768 0.002098 0.087167 -0.222210 -0.245480 0.156596 -1.101892
1757579858.149654 -0.053216 -0.004768 0.002098 0.087167 -0.221447 -0.245098 0.156596 -1.101130
1757579858.151652 -0.053216 -0.004768 0.002098 0.087167 -0.220684 -0.245098 0.156978 -1.100367
1757579858.153656 -0.053216 -0.004768 0.002098 0.087167 -0.220303 -0.245098 0.156978 -1.099604
1757579858.155653 -0.053216 -0.004768 0.002098 0.087167 -0.219540 -0.245098 0.156978 -1.099222
1757579858.157653 -0.053216 -0.004768 0.002098 0.087167 -0.219158 -0.244717 0.156978 -1.098459
1757579858.159650 -0.053216 -0.004768 0.002098 0.087167 -0.218394 -0.244717 0.156978 -1.097696
1757579858.161643 -0.053216 -0.004768 0.002098 0.087167 -0.218013 -0.244717 0.156978 -1.096933
1757579858.163653 -0.053216 -0.004768 0.002098 0.087167 -0.217250 -0.244717 0.156978 -1.096170
1757579858.165658 -0.053216 -0.004768 0.002098 0.087167 -0.216487 -0.244335 0.156978 -1.095407
1757579858.167658 -0.053216 -0.004768 0.002098 0.087167 -0.216105 -0.244335 0.156978 -1.095026
1757579858.169669 -0.053216 -0.004768 0.002098 0.087167 -0.215343 -0.244335 0.156978 -1.094263
1757579858.171656 -0.053216 -0.004768 0.002098 0.087167 -0.214961 -0.243954 0.156978 -1.093499
1757579858.173663 -0.053216 -0.004768 0.002098 0.087167 -0.214198 -0.243954 0.156978 -1.092736
1757579858.175650 -0.053216 -0.004768 0.002098 0.087167 -0.213435 -0.243954 0.156978 -1.091973
1757579858.177650 -0.053216 -0.004768 0.002098 0.087167 -0.212672 -0.243954 0.156978 -1.091210
1757579858.179639 -0.053216 -0.004768 0.002098 0.087167 -0.212291 -0.243572 0.156978 -1.090447
1757579858.181675 -0.053216 -0.004768 0.002098 0.087167 -0.211528 -0.243572 0.156978 -1.089684
1757579858.183651 -0.053216 -0.004768 0.002098 0.087167 -0.210765 -0.243572 0.156978 -1.089303
1757579858.185649 -0.053216 -0.004768 0.002098 0.087167 -0.210383 -0.243572 0.156978 -1.088540
1757579858.187648 -0.053216 -0.004768 0.002098 0.087167 -0.209620 -0.243191 0.156978 -1.087777
1757579858.189686 -0.053216 -0.004768 0.002098 0.087167 -0.208858 -0.243191 0.156978 -1.087014
1757579858.191648 -0.053216 -0.004768 0.002098 0.087167 -0.208095 -0.243191 0.156978 -1.086251
1757579858.193657 -0.053216 -0.004768 0.002098 0.087167 -0.207713 -0.243191 0.156978 -1.085488
1757579858.195640 -0.053216 -0.004768 0.002098 0.087167 -0.206950 -0.242809 0.156978 -1.084725
1757579858.197751 -0.053216 -0.004768 0.002098 0.087167 -0.206187 -0.242809 0.156978 -1.083962
1757579858.199642 -0.053216 -0.004768 0.002098 0.087167 -0.205806 -0.242809 0.156978 -1.083200
1757579858.201698 -0.053216 -0.004768 0.002098 0.087167 -0.205043 -0.242809 0.156978 -1.082437
1757579858.203662 -0.053216 -0.004768 0.002098 0.087167 -0.204280 -0.242428 0.156978 -1.081674
1757579858.205666 -0.053216 -0.004768 0.002098 0.087167 -0.203517 -0.242428 0.156978 -1.080911
1757579858.207695 -0.053216 -0.004768 0.002098 0.087167 -0.203135 -0.242428 0.156978 -1.080148
1757579858.209774 -0.053216 -0.004768 0.002098 0.087167 -0.202373 -0.242428 0.156978 -1.079385
1757579858.211610 -0.053216 -0.004768 0.002098 0.087167 -0.201610 -0.242046 0.156978 -1.078622
1757579858.213606 -0.053216 -0.004768 0.002098 0.087167 -0.200847 -0.242046 0.156978 -1.077859
1757579858.215612 -0.053216 -0.004768 0.002098 0.087167 -0.200465 -0.242046 0.156978 -1.077096
1757579858.217615 -0.053216 -0.004768 0.002098 0.087167 -0.199702 -0.242046 0.156978 -1.076333
1757579858.219621 -0.053216 -0.004768 0.002098 0.087167 -0.198939 -0.241665 0.156978 -1.075570
1757579858.221598 -0.053216 -0.004768 0.002098 0.087167 -0.198176 -0.241665 0.156978 -1.074807
1757579858.223691 -0.053216 -0.004768 0.002098 0.087167 -0.197795 -0.241665 0.156978 -1.074044
1757579858.225677 -0.053216 -0.004768 0.002098 0.087167 -0.197032 -0.241665 0.156978 -1.073281
1757579858.227658 -0.053216 -0.004768 0.002098 0.087167 -0.196269 -0.241283 0.156978 -1.072518
1757579858.229656 -0.053216 -0.004768 0.002098 0.087167 -0.195506 -0.241283 0.156978 -1.071755
1757579858.231630 -0.053216 -0.004768 0.002098 0.087167 -0.195125 -0.241283 0.156978 -1.070992
1757579858.233633 -0.053216 -0.004768 0.002098 0.087167 -0.194362 -0.241283 0.156978 -1.070230
1757579858.235644 -0.053216 -0.004768 0.002098 0.087167 -0.193599 -0.240902 0.156978 -1.069467
1757579858.237621 -0.053216 -0.004768 0.002098 0.087167 -0.193217 -0.240902 0.156978 -1.068704
1757579858.239640 -0.053216 -0.004768 0.002098 0.087167 -0.192454 -0.240902 0.156978 -1.067941
1757579858.241624 -0.053216 -0.004768 0.002098 0.087167 -0.191691 -0.240902 0.156978 -1.067178
1757579858.243629 -0.053216 -0.004768 0.002098 0.087167 -0.191310 -0.240520 0.156978 -1.066415
1757579858.245621 -0.053216 -0.004768 0.002098 0.087167 -0.190547 -0.240520 0.156978 -1.065652
1757579858.247618 -0.053216 -0.004768 0.002098 0.087167 -0.189784 -0.240520 0.156978 -1.064889
1757579858.249642 -0.053216 -0.004768 0.002098 0.087167 -0.189403 -0.240520 0.156978 -1.064126
1757579858.251624 -0.053216 -0.004768 0.002098 0.087167 -0.188640 -0.240139 0.156978 -1.063363
1757579858.253622 -0.053216 -0.004768 0.002098 0.087167 -0.187877 -0.240139 0.156978 -1.062600
1757579858.255618 -0.053216 -0.004768 0.002098 0.087167 -0.187495 -0.240139 0.156978 -1.061837
1757579858.257619 -0.053216 -0.004768 0.002098 0.087167 -0.186732 -0.240139 0.156978 -1.061074
1757579858.259637 -0.053216 -0.004768 0.002098 0.087167 -0.185969 -0.239758 0.156978 -1.060311
1757579858.261655 -0.053216 -0.004768 0.002098 0.087167 -0.185588 -0.239758 0.156978 -1.059548
1757579858.263692 -0.053216 -0.004768 0.002098 0.087167 -0.184825 -0.239758 0.156978 -1.058785
1757579858.265621 -0.053216 -0.004768 0.002098 0.087167 -0.184062 -0.239758 0.156978 -1.058022
1757579858.267629 -0.053216 -0.004768 0.002098 0.087167 -0.183681 -0.239758 0.156978 -1.057260
1757579858.269621 -0.053216 -0.004768 0.002098 0.087167 -0.182918 -0.239376 0.156978 -1.056497
1757579858.271622 -0.053216 -0.004768 0.002098 0.087167 -0.182155 -0.239376 0.156978 -1.055734
1757579858.273643 -0.053216 -0.004768 0.002098 0.087167 -0.181773 -0.239376 0.156978 -1.054971
1757579858.275630 -0.053216 -0.004768 0.002098 0.087167 -0.181010 -0.239376 0.156978 -1.054208
1757579858.277639 -0.053216 -0.004768 0.002098 0.087167 -0.180247 -0.238995 0.156978 -1.053445
1757579858.279621 -0.053216 -0.004768 0.002098 0.087167 -0.179866 -0.238995 0.156978 -1.052682
1757579858.281638 -0.053216 -0.004768 0.002098 0.087167 -0.179103 -0.238995 0.156978 -1.051919
1757579858.283668 -0.053216 -0.004768 0.002098 0.087167 -0.178340 -0.238995 0.156978 -1.051156
1757579858.285641 -0.053216 -0.004768 0.002098 0.087167 -0.177958 -0.238995 0.156978 -1.050775
1757579858.287650 -0.053216 -0.004768 0.002098 0.087167 -0.177196 -0.238613 0.156978 -1.050012
1757579858.289752 -0.053216 -0.004768 0.002098 0.087167 -0.176814 -0.238613 0.156978 -1.049249
1757579858.291649 -0.053216 -0.004768 0.002098 0.087167 -0.176051 -0.238613 0.156978 -1.048486
1757579858.293650 -0.053216 -0.004768 0.002098 0.087167 -0.175288 -0.238613 0.156978 -1.047723
1757579858.295690 -0.053216 -0.004768 0.002098 0.087167 -0.174907 -0.238613 0.156978 -1.046960
1757579858.297659 -0.053216 -0.004768 0.002098 0.087167 -0.174144 -0.238232 0.156978 -1.046197
1757579858.299623 -0.053216 -0.004768 0.002098 0.087167 -0.173762 -0.238232 0.156978 -1.045434
1757579858.301615 -0.053216 -0.004768 0.002098 0.087167 -0.172999 -0.238232 0.156978 -1.044671
1757579858.303603 -0.053216 -0.004768 0.002098 0.087167 -0.172618 -0.238232 0.156978 -1.043908
1757579858.305610 -0.053216 -0.004768 0.002098 0.087167 -0.171855 -0.237850 0.156978 -1.043527
1757579858.307619 -0.053216 -0.004768 0.002098 0.087167 -0.171092 -0.237850 0.156978 -1.042764
1757579858.309605 -0.053216 -0.004768 0.002098 0.087167 -0.170711 -0.237850 0.156978 -1.042001
1757579858.311635 -0.053216 -0.004768 0.002098 0.087167 -0.169948 -0.237850 0.156978 -1.041238
1757579858.313591 -0.053216 -0.004768 0.002098 0.087167 -0.169566 -0.237850 0.156978 -1.040856
1757579858.315610 -0.053216 -0.004768 0.002098 0.087167 -0.168803 -0.237469 0.156978 -1.040093
1757579858.317611 -0.053216 -0.004768 0.002098 0.087167 -0.168422 -0.237469 0.156978 -1.039330
1757579858.319696 -0.053216 -0.004768 0.002098 0.087167 -0.167659 -0.237469 0.156978 -1.038568
1757579858.321653 -0.053216 -0.004768 0.002098 0.087167 -0.167277 -0.237469 0.156978 -1.037805
1757579858.323628 -0.053216 -0.004768 0.002098 0.087167 -0.166514 -0.237087 0.156978 -1.037042
1757579858.325608 -0.053216 -0.004768 0.002098 0.087167 -0.166133 -0.237087 0.156978 -1.036279
1757579858.327634 -0.053216 -0.004768 0.002098 0.087167 -0.165370 -0.237087 0.156978 -1.035897
1757579858.329604 -0.053216 -0.004768 0.002098 0.087167 -0.164989 -0.237087 0.156978 -1.035134
1757579858.331621 -0.053216 -0.004768 0.002098 0.087167 -0.164226 -0.236706 0.156978 -1.034371
1757579858.333603 -0.053216 -0.004768 0.002098 0.087167 -0.163844 -0.236706 0.156978 -1.033608
1757579858.335649 -0.053216 -0.004768 0.002098 0.087167 -0.163081 -0.236706 0.156978 -1.033227
1757579858.337610 -0.053216 -0.004768 0.002098 0.087167 -0.162700 -0.236324 0.156978 -1.032464
1757579858.339626 -0.053216 -0.004768 0.002098 0.087167 -0.161937 -0.236324 0.156978 -1.031701
1757579858.341602 -0.053216 -0.004768 0.002098 0.087167 -0.161555 -0.235943 0.156978 -1.030937
1757579858.343601 -0.053216 -0.004768 0.002098 0.087167 -0.160792 -0.235943 0.156978 -1.030174
1757579858.345605 -0.053216 -0.004768 0.002098 0.087167 -0.160411 -0.235943 0.156978 -1.029793
1757579858.347596 -0.053216 -0.004768 0.002098 0.087167 -0.159648 -0.235561 0.156978 -1.029030
1757579858.349602 -0.053216 -0.004768 0.002098 0.087167 -0.158885 -0.235561 0.156978 -1.028267
1757579858.351647 -0.053216 -0.004768 0.002098 0.087167 -0.158504 -0.235180 0.156978 -1.027504
1757579858.353624 -0.053216 -0.004768 0.002098 0.087167 -0.157741 -0.235180 0.156978 -1.026741
1757579858.355611 -0.053216 -0.004768 0.002098 0.087167 -0.157359 -0.234798 0.156978 -1.025978
1757579858.357624 -0.053216 -0.004768 0.002098 0.087167 -0.156596 -0.234798 0.156978 -1.025215
1757579858.359622 -0.053216 -0.004768 0.002098 0.087167 -0.156214 -0.234417 0.156978 -1.024452
1757579858.361624 -0.053216 -0.004768 0.002098 0.087167 -0.155451 -0.234417 0.156978 -1.024071
1757579858.363630 -0.053216 -0.004768 0.002098 0.087167 -0.155069 -0.234035 0.156978 -1.023308
1757579858.365677 -0.053216 -0.004768 0.002098 0.087167 -0.154306 -0.234035 0.156978 -1.022545
1757579858.367642 -0.053216 -0.004768 0.002098 0.087167 -0.153925 -0.233654 0.157359 -1.021782
1757579858.369642 -0.053216 -0.004768 0.002098 0.087167 -0.153162 -0.233654 0.157359 -1.021019
1757579858.371640 -0.053216 -0.004768 0.002098 0.087167 -0.152781 -0.233273 0.157359 -1.020256
1757579858.373630 -0.053216 -0.004768 0.002098 0.087167 -0.152018 -0.233273 0.157359 -1.019493
1757579858.375626 -0.053216 -0.004768 0.002098 0.087167 -0.151255 -0.232891 0.157359 -1.018730
1757579858.377654 -0.053216 -0.004768 0.002098 0.087167 -0.150873 -0.232891 0.157359 -1.017967
1757579858.379589 -0.053216 -0.004768 0.002098 0.087167 -0.150110 -0.232510 0.157359 -1.017204
1757579858.381584 -0.053216 -0.004768 0.002098 0.087167 -0.149729 -0.232510 0.157359 -1.016441
1757579858.383613 -0.053216 -0.004768 0.002098 0.087167 -0.148966 -0.232128 0.157359 -1.016060
1757579858.385574 -0.053216 -0.004768 0.002098 0.087167 -0.148584 -0.232128 0.157359 -1.015297
1757579858.387592 -0.053216 -0.004768 0.002098 0.087167 -0.147821 -0.231747 0.157359 -1.014534
1757579858.389580 -0.053216 -0.004768 0.002098 0.087167 -0.147058 -0.231747 0.157359 -1.013771
1757579858.391583 -0.053216 -0.004768 0.002098 0.087167 -0.146677 -0.231365 0.157359 -1.013008
1757579858.393583 -0.053216 -0.004768 0.002098 0.087167 -0.145914 -0.231365 0.157741 -1.012245
1757579858.395583 -0.053216 -0.004768 0.002098 0.087167 -0.145151 -0.230984 0.157741 -1.011482
1757579858.397578 -0.053216 -0.004768 0.002098 0.087167 -0.144770 -0.230984 0.157741 -1.010719
1757579858.399572 -0.053216 -0.004768 0.002098 0.087167 -0.144007 -0.230602 0.157741 -1.009956
1757579858.401578 -0.053216 -0.004768 0.002098 0.087167 -0.143625 -0.230221 0.157741 -1.009193
1757579858.403581 -0.053216 -0.004768 0.002098 0.087167 -0.142862 -0.230221 0.157741 -1.008812
1757579858.405617 -0.053216 -0.004768 0.002098 0.087167 -0.142481 -0.229839 0.157741 -1.008049
1757579858.407592 -0.053216 -0.004768 0.002098 0.087167 -0.141718 -0.229839 0.157741 -1.006905
1757579858.409613 -0.053216 -0.004768 0.002098 0.087167 -0.141336 -0.229458 0.157741 -1.006523
1757579858.411601 -0.053216 -0.004768 0.002098 0.087167 -0.140574 -0.229458 0.157741 -1.005760
1757579858.413614 -0.053216 -0.004768 0.002098 0.087167 -0.139811 -0.229076 0.158122 -1.004997
1757579858.415619 -0.053216 -0.004768 0.002098 0.087167 -0.139429 -0.228695 0.158122 -1.004234
1757579858.417599 -0.053216 -0.004768 0.002098 0.087167 -0.138666 -0.228695 0.158122 -1.003471
1757579858.419603 -0.053216 -0.004768 0.002098 0.087167 -0.138285 -0.228313 0.158122 -1.002708
1757579858.421632 -0.053216 -0.004768 0.002098 0.087167 -0.137522 -0.227932 0.158122 -1.001945
1757579858.423611 -0.053216 -0.004768 0.002098 0.087167 -0.136759 -0.227932 0.158122 -1.001564
1757579858.425618 -0.053216 -0.004768 0.002098 0.087167 -0.136377 -0.227551 0.158122 -1.000801
1757579858.427662 -0.053216 -0.004768 0.002098 0.087167 -0.135614 -0.227169 0.158122 -1.000038
1757579858.429656 -0.053216 -0.004768 0.002098 0.087167 -0.135233 -0.227169 0.158122 -0.999275
1757579858.431667 -0.053216 -0.004768 0.002098 0.087167 -0.134470 -0.226788 0.158122 -0.998512
1757579858.433668 -0.053216 -0.004768 0.002098 0.087167 -0.134089 -0.226406 0.158504 -0.997749
1757579858.435632 -0.053216 -0.004768 0.002098 0.087167 -0.133326 -0.226406 0.158504 -0.996986
1757579858.437634 -0.053216 -0.004768 0.002098 0.087167 -0.132944 -0.226025 0.158504 -0.996223
1757579858.439628 -0.053216 -0.004768 0.002098 0.087167 -0.132563 -0.225643 0.158504 -0.995461
1757579858.441630 -0.053216 -0.004768 0.002098 0.087167 -0.131800 -0.225262 0.158504 -0.994698
1757579858.443632 -0.053216 -0.004768 0.002098 0.087167 -0.131418 -0.225262 0.158504 -0.993935
1757579858.445745 -0.053216 -0.004768 0.002098 0.087167 -0.130655 -0.224880 0.158504 -0.993172
1757579858.447662 -0.053216 -0.004768 0.002098 0.087167 -0.130274 -0.224499 0.158504 -0.992790
1757579858.449700 -0.053216 -0.004768 0.002098 0.087167 -0.129511 -0.224117 0.158504 -0.992027
1757579858.451656 -0.053216 -0.004768 0.002098 0.087167 -0.129129 -0.224117 0.158885 -0.991264
1757579858.453657 -0.053216 -0.004768 0.002098 0.087167 -0.128366 -0.223736 0.158885 -0.990501
1757579858.455645 -0.053216 -0.004768 0.002098 0.087167 -0.127985 -0.223354 0.158885 -0.989738
1757579858.457639 -0.053216 -0.004768 0.002098 0.087167 -0.127222 -0.222973 0.158885 -0.988976
1757579858.459593 -0.053216 -0.004768 0.002098 0.087167 -0.126841 -0.222591 0.158885 -0.988213
1757579858.461610 -0.053216 -0.004768 0.002098 0.087167 -0.126078 -0.222591 0.158885 -0.987450
1757579858.463586 -0.053216 -0.004768 0.002098 0.087167 -0.125696 -0.222210 0.158885 -0.986687
1757579858.465676 -0.053216 -0.004768 0.002098 0.087167 -0.125315 -0.221828 0.158885 -0.985924
1757579858.467715 -0.053216 -0.004768 0.002098 0.087167 -0.124552 -0.221447 0.159266 -0.985161
1757579858.469645 -0.053216 -0.004768 0.002098 0.087167 -0.124170 -0.221447 0.159266 -0.984398
1757579858.471711 -0.053216 -0.004768 0.002098 0.087167 -0.123407 -0.221066 0.159266 -0.983635
1757579858.473708 -0.053216 -0.004768 0.002098 0.087167 -0.123026 -0.220684 0.159266 -0.982872
1757579858.475682 -0.053216 -0.004768 0.002098 0.087167 -0.122263 -0.220303 0.159266 -0.982109
1757579858.477671 -0.053216 -0.004768 0.002098 0.087167 -0.121881 -0.220303 0.159266 -0.981346
1757579858.479651 -0.053216 -0.004768 0.002098 0.087167 -0.121119 -0.219921 0.159266 -0.980583
1757579858.481663 -0.053216 -0.004768 0.002098 0.087167 -0.120737 -0.219540 0.159266 -0.979820
1757579858.483657 -0.053216 -0.004768 0.002098 0.087167 -0.119974 -0.219158 0.159648 -0.979057
1757579858.485671 -0.053216 -0.004768 0.002098 0.087167 -0.119593 -0.219158 0.159648 -0.978294
1757579858.487667 -0.053216 -0.004768 0.002098 0.087167 -0.119211 -0.218777 0.159648 -0.977531
1757579858.489609 -0.053216 -0.004768 0.002098 0.087167 -0.118448 -0.218394 0.159648 -0.976768
1757579858.491616 -0.053216 -0.004768 0.002098 0.087167 -0.118067 -0.218013 0.159648 -0.976006
1757579858.493619 -0.053216 -0.004768 0.002098 0.087167 -0.117304 -0.218013 0.159648 -0.975243
1757579858.495608 -0.053216 -0.004768 0.002098 0.087167 -0.116922 -0.217631 0.159648 -0.974480
1757579858.497604 -0.053216 -0.004768 0.002098 0.087167 -0.116541 -0.217250 0.159648 -0.973717
1757579858.499606 -0.053216 -0.004768 0.002098 0.087167 -0.115778 -0.216868 0.160029 -0.972954
1757579858.501621 -0.053216 -0.004768 0.002098 0.087167 -0.115396 -0.216868 0.160029 -0.972191
1757579858.503606 -0.053216 -0.004768 0.002098 0.087167 -0.114634 -0.216487 0.160029 -0.971428
1757579858.505630 -0.053216 -0.004768 0.002098 0.087167 -0.114252 -0.216105 0.160029 -0.971046
1757579858.507652 -0.053216 -0.004768 0.002098 0.087167 -0.113871 -0.215724 0.160029 -0.970284
1757579858.509613 -0.053216 -0.004768 0.002098 0.087167 -0.113108 -0.215724 0.160029 -0.969521
1757579858.511625 -0.053216 -0.004768 0.002098 0.087167 -0.112726 -0.215343 0.160029 -0.968758
1757579858.513610 -0.053216 -0.004768 0.002098 0.087167 -0.112345 -0.214961 0.160411 -0.967994
1757579858.515621 -0.053216 -0.004768 0.002098 0.087167 -0.111582 -0.214580 0.160411 -0.967231
1757579858.517614 -0.053216 -0.004768 0.002098 0.087167 -0.111200 -0.214198 0.160411 -0.966468
1757579858.519631 -0.053216 -0.004768 0.002098 0.087167 -0.110819 -0.214198 0.160411 -0.965705
1757579858.521604 -0.053216 -0.004768 0.002098 0.087167 -0.110437 -0.213817 0.160411 -0.964942
1757579858.523605 -0.053216 -0.004768 0.002098 0.087167 -0.109674 -0.213435 0.160411 -0.964179
1757579858.525616 -0.053216 -0.004768 0.002098 0.087167 -0.109293 -0.213054 0.160411 -0.963416
1757579858.527608 -0.053216 -0.004768 0.002098 0.087167 -0.108912 -0.213054 0.160411 -0.962653
1757579858.529598 -0.053216 -0.004768 0.002098 0.087167 -0.108149 -0.212672 0.160411 -0.961890
1757579858.531628 -0.053216 -0.004768 0.002098 0.087167 -0.107767 -0.212291 0.160411 -0.961509
1757579858.533602 -0.053216 -0.004768 0.002098 0.087167 -0.107386 -0.211909 0.160792 -0.960746
1757579858.535628 -0.053216 -0.004768 0.002098 0.087167 -0.107004 -0.211909 0.160792 -0.959983
1757579858.537874 -0.053216 -0.004768 0.002098 0.087167 -0.106241 -0.211528 0.160792 -0.959220
1757579858.539655 -0.053216 -0.004768 0.002098 0.087167 -0.105860 -0.211146 0.160792 -0.958457
1757579858.541659 -0.053216 -0.004768 0.002098 0.087167 -0.105478 -0.210765 0.160792 -0.957694
1757579858.543666 -0.053216 -0.004768 0.002098 0.087167 -0.105097 -0.210765 0.160792 -0.956931
1757579858.545673 -0.053216 -0.004768 0.002098 0.087167 -0.104334 -0.210383 0.160792 -0.956168
1757579858.547623 -0.053216 -0.004768 0.002098 0.087167 -0.103952 -0.210002 0.161174 -0.955405
1757579858.549649 -0.053216 -0.004768 0.002098 0.087167 -0.103571 -0.209620 0.161174 -0.954642
1757579858.551622 -0.053216 -0.004768 0.002098 0.087167 -0.103189 -0.209620 0.161174 -0.953879
1757579858.553632 -0.053216 -0.004768 0.002098 0.087167 -0.102808 -0.209239 0.161174 -0.953116
1757579858.555609 -0.053216 -0.004768 0.002098 0.087167 -0.102045 -0.208858 0.161174 -0.952353
1757579858.557598 -0.053216 -0.004768 0.002098 0.087167 -0.101664 -0.208476 0.161174 -0.951591
1757579858.559631 -0.053216 -0.004768 0.002098 0.087167 -0.101282 -0.208476 0.161174 -0.950828
1757579858.561610 -0.053216 -0.004768 0.002098 0.087167 -0.100901 -0.208095 0.161555 -0.950065
1757579858.563601 -0.053216 -0.004768 0.002098 0.087167 -0.100519 -0.207713 0.161555 -0.949302
1757579858.565601 -0.053216 -0.004768 0.002098 0.087167 -0.099756 -0.207332 0.161555 -0.948539
1757579858.567616 -0.053216 -0.004768 0.002098 0.087167 -0.099375 -0.207332 0.161555 -0.947776
1757579858.569691 -0.053216 -0.004768 0.002098 0.087167 -0.098993 -0.206950 0.161555 -0.947013
1757579858.571650 -0.053216 -0.004768 0.002098 0.087167 -0.098612 -0.206569 0.161555 -0.946250
1757579858.573687 -0.053216 -0.004768 0.002098 0.087167 -0.098230 -0.206187 0.161555 -0.945487
1757579858.575712 -0.053216 -0.004768 0.002098 0.087167 -0.097467 -0.206187 0.161555 -0.944724
1757579858.577664 -0.053216 -0.004768 0.002098 0.087167 -0.097086 -0.205806 0.161555 -0.943961
1757579858.579611 -0.053216 -0.004768 0.002098 0.087167 -0.096704 -0.205424 0.161555 -0.943198
1757579858.581606 -0.053216 -0.004768 0.002098 0.087167 -0.096323 -0.205424 0.161937 -0.942435
1757579858.583613 -0.053216 -0.004768 0.002098 0.087167 -0.095942 -0.205043 0.161937 -0.941672
1757579858.585603 -0.053216 -0.004768 0.002098 0.087167 -0.095560 -0.204661 0.161937 -0.940909
1757579858.587627 -0.053216 -0.004768 0.002098 0.087167 -0.094797 -0.204280 0.161937 -0.940146
1757579858.589602 -0.053216 -0.004768 0.002098 0.087167 -0.094416 -0.204280 0.161937 -0.939384
1757579858.591599 -0.053216 -0.004768 0.002098 0.087167 -0.094034 -0.203898 0.161937 -0.938621
1757579858.593601 -0.053216 -0.004768 0.002098 0.087167 -0.093652 -0.203517 0.161937 -0.938239
1757579858.595663 -0.053216 -0.004768 0.002098 0.087167 -0.093270 -0.203517 0.161937 -0.937476
1757579858.597599 -0.053216 -0.004768 0.002098 0.087167 -0.092507 -0.203135 0.161937 -0.936713
1757579858.599619 -0.053216 -0.004768 0.002098 0.087167 -0.092126 -0.202754 0.162318 -0.935950
1757579858.601635 -0.053216 -0.004768 0.002098 0.087167 -0.091744 -0.202754 0.162318 -0.935569
1757579858.603621 -0.053216 -0.004768 0.002098 0.087167 -0.091363 -0.202373 0.162318 -0.934806
1757579858.605613 -0.053216 -0.004768 0.002098 0.087167 -0.090600 -0.201991 0.162318 -0.934043
1757579858.607597 -0.053216 -0.004768 0.002098 0.087167 -0.090219 -0.201610 0.162318 -0.933280
1757579858.609616 -0.053216 -0.004768 0.002098 0.087167 -0.089837 -0.201228 0.162318 -0.932517
1757579858.611612 -0.053216 -0.004768 0.002098 0.087167 -0.089456 -0.201228 0.162318 -0.932136
1757579858.613605 -0.053216 -0.004768 0.002098 0.087167 -0.088693 -0.200847 0.162700 -0.931373
1757579858.615606 -0.053216 -0.004768 0.002098 0.087167 -0.088311 -0.200465 0.162700 -0.930610
1757579858.617610 -0.053216 -0.004768 0.002098 0.087167 -0.087930 -0.200084 0.162700 -0.929847
1757579858.619615 -0.053216 -0.004768 0.002098 0.087167 -0.087167 -0.199702 0.162700 -0.929084
1757579858.621607 -0.053216 -0.004768 0.002098 0.087167 -0.086785 -0.199702 0.162700 -0.928702
1757579858.623602 -0.053216 -0.004768 0.002098 0.087167 -0.086404 -0.199321 0.162700 -0.927939
1757579858.625600 -0.053216 -0.004768 0.002098 0.087167 -0.085641 -0.198939 0.162700 -0.927176
1757579858.627599 -0.053216 -0.004768 0.002098 0.087167 -0.085259 -0.198558 0.162700 -0.926795
1757579858.629600 -0.053216 -0.004768 0.002098 0.087167 -0.084878 -0.198176 0.163081 -0.926032
1757579858.631649 -0.053216 -0.004768 0.002098 0.087167 -0.084115 -0.197795 0.163081 -0.925269
1757579858.633613 -0.053216 -0.004768 0.002098 0.087167 -0.083734 -0.197413 0.163081 -0.924506
1757579858.635624 -0.053216 -0.004768 0.002098 0.087167 -0.083352 -0.197032 0.163081 -0.924125
1757579858.637642 -0.053216 -0.004768 0.002098 0.087167 -0.082589 -0.197032 0.163081 -0.923362
1757579858.639630 -0.053216 -0.004768 0.002098 0.087167 -0.082208 -0.196651 0.163081 -0.922599
1757579858.641617 -0.053216 -0.004768 0.002098 0.087167 -0.081826 -0.196269 0.163081 -0.921836
1757579858.643658 -0.053216 -0.004768 0.002098 0.087167 -0.081445 -0.195888 0.163081 -0.921454
1757579858.645654 -0.053216 -0.004768 0.002098 0.087167 -0.081063 -0.195506 0.163463 -0.920691
1757579858.647621 -0.053216 -0.004768 0.002098 0.087167 -0.080300 -0.195125 0.163463 -0.919929
1757579858.649638 -0.053216 -0.004768 0.002098 0.087167 -0.079919 -0.194743 0.163463 -0.919547
1757579858.651616 -0.053216 -0.004768 0.002098 0.087167 -0.079537 -0.194362 0.163463 -0.918784
1757579858.653635 -0.053216 -0.004768 0.002098 0.087167 -0.079156 -0.193980 0.163463 -0.918021
1757579858.655630 -0.053216 -0.004768 0.002098 0.087167 -0.078774 -0.193599 0.163463 -0.917640
1757579858.657630 -0.053216 -0.004768 0.002098 0.087167 -0.078012 -0.193217 0.163463 -0.916877
1757579858.659630 -0.053216 -0.004768 0.002098 0.087167 -0.077630 -0.192836 0.163463 -0.916114
1757579858.661628 -0.053216 -0.004768 0.002098 0.087167 -0.077249 -0.192454 0.163844 -0.915732
1757579858.663637 -0.053216 -0.004768 0.002098 0.087167 -0.076867 -0.192454 0.163844 -0.914969
1757579858.665657 -0.053216 -0.004768 0.002098 0.087167 -0.076486 -0.192073 0.163844 -0.914207
1757579858.667633 -0.053216 -0.004768 0.002098 0.087167 -0.076104 -0.191691 0.163844 -0.913825
1757579858.669626 -0.053216 -0.004768 0.002098 0.087167 -0.075341 -0.191310 0.163844 -0.913062
1757579858.671616 -0.053216 -0.004768 0.002098 0.087167 -0.074960 -0.190928 0.163844 -0.912299
1757579858.673651 -0.053216 -0.004768 0.002098 0.087167 -0.074578 -0.190547 0.163844 -0.911536
1757579858.675633 -0.053216 -0.004768 0.002098 0.087167 -0.074197 -0.190166 0.163844 -0.911155
1757579858.677629 -0.053216 -0.004768 0.002098 0.087167 -0.073815 -0.189784 0.163844 -0.910392
1757579858.679631 -0.053216 -0.004768 0.002098 0.087167 -0.073434 -0.189403 0.164226 -0.909629
1757579858.681636 -0.053216 -0.004768 0.002098 0.087167 -0.073052 -0.189021 0.164226 -0.909247
1757579858.683632 -0.053216 -0.004768 0.002098 0.087167 -0.072671 -0.188640 0.164226 -0.908484
1757579858.685638 -0.053216 -0.004768 0.002098 0.087167 -0.072289 -0.188258 0.164226 -0.907722
1757579858.687635 -0.053216 -0.004768 0.002098 0.087167 -0.071908 -0.187877 0.164226 -0.906959
1757579858.689641 -0.053216 -0.004768 0.002098 0.087167 -0.071527 -0.187877 0.164226 -0.906577
1757579858.691616 -0.053216 -0.004768 0.002098 0.087167 -0.071145 -0.187495 0.164226 -0.905813
1757579858.693638 -0.053216 -0.004768 0.002098 0.087167 -0.070764 -0.187114 0.164226 -0.905050
1757579858.695620 -0.053216 -0.004768 0.002098 0.087167 -0.070382 -0.186732 0.164226 -0.904287
1757579858.697629 -0.053216 -0.004768 0.002098 0.087167 -0.070001 -0.186351 0.164226 -0.903524
1757579858.699630 -0.053216 -0.004768 0.002098 0.087167 -0.069619 -0.186351 0.164226 -0.903143
1757579858.701640 -0.053216 -0.004768 0.002098 0.087167 -0.069238 -0.185969 0.164226 -0.902380
1757579858.703636 -0.053216 -0.004768 0.002098 0.087167 -0.068856 -0.185588 0.164226 -0.901617
1757579858.705623 -0.053216 -0.004768 0.002098 0.087167 -0.068475 -0.185588 0.164226 -0.900854
1757579858.707616 -0.053216 -0.004768 0.002098 0.087167 -0.068093 -0.185206 0.164226 -0.900091
1757579858.709636 -0.053216 -0.004768 0.002098 0.087167 -0.067712 -0.184825 0.164226 -0.899328
1757579858.711627 -0.053216 -0.004768 0.002098 0.087167 -0.067330 -0.184825 0.164226 -0.898947
1757579858.713631 -0.053216 -0.004768 0.002098 0.087167 -0.066949 -0.184443 0.164226 -0.898184
1757579858.715634 -0.053216 -0.004768 0.002098 0.087167 -0.066567 -0.184443 0.164226 -0.897421
1757579858.717633 -0.053216 -0.004768 0.002098 0.087167 -0.066186 -0.184062 0.164226 -0.896658
1757579858.719615 -0.053216 -0.004768 0.002098 0.087167 -0.066186 -0.184062 0.164226 -0.895895
1757579858.721652 -0.053216 -0.004768 0.002098 0.087167 -0.065804 -0.183681 0.164226 -0.895514
1757579858.723628 -0.053216 -0.004768 0.002098 0.087167 -0.065423 -0.183681 0.164226 -0.894751
1757579858.725657 -0.053216 -0.004768 0.002098 0.087167 -0.065042 -0.183299 0.164226 -0.893988
1757579858.727619 -0.053216 -0.004768 0.002098 0.087167 -0.064660 -0.183299 0.164226 -0.893225
1757579858.729619 -0.053216 -0.004768 0.002098 0.087167 -0.064279 -0.182918 0.164226 -0.892462
1757579858.731633 -0.053216 -0.004768 0.002098 0.087167 -0.063897 -0.182918 0.164226 -0.891699
1757579858.733779 -0.053216 -0.004768 0.002098 0.087167 -0.063516 -0.182918 0.164226 -0.890936
1757579858.735620 -0.053216 -0.004768 0.002098 0.087167 -0.063134 -0.182536 0.164226 -0.890173
1757579858.737644 -0.053216 -0.004768 0.002098 0.087167 -0.062753 -0.182536 0.164226 -0.889410
1757579858.739629 -0.053216 -0.004768 0.002098 0.087167 -0.062371 -0.182155 0.164226 -0.889029
1757579858.741705 -0.053216 -0.004768 0.002098 0.087167 -0.061990 -0.182155 0.164226 -0.888266
1757579858.743618 -0.053216 -0.004768 0.002098 0.087167 -0.061608 -0.181773 0.164226 -0.887503
1757579858.745628 -0.053216 -0.004768 0.002098 0.087167 -0.061227 -0.181773 0.164226 -0.886740
1757579858.747631 -0.053216 -0.004768 0.002098 0.087167 -0.060845 -0.181773 0.164226 -0.885977
1757579858.749639 -0.053216 -0.004768 0.002098 0.087167 -0.060464 -0.181392 0.164226 -0.885214
1757579858.751636 -0.053216 -0.004768 0.002098 0.087167 -0.060082 -0.181392 0.164607 -0.884832
1757579858.753622 -0.053216 -0.004768 0.002098 0.087167 -0.059701 -0.181010 0.164607 -0.884069
1757579858.755634 -0.053216 -0.004768 0.002098 0.087167 -0.059319 -0.181010 0.164607 -0.883307
1757579858.757618 -0.053216 -0.004768 0.002098 0.087167 -0.058938 -0.180629 0.164607 -0.882544
1757579858.759614 -0.053216 -0.004768 0.002098 0.087167 -0.058557 -0.180629 0.164607 -0.881781
1757579858.761621 -0.053216 -0.004768 0.002098 0.087167 -0.058175 -0.180247 0.164607 -0.881018
1757579858.763656 -0.053216 -0.004768 0.002098 0.087167 -0.057794 -0.180247 0.164607 -0.880255
1757579858.765641 -0.053216 -0.004768 0.002098 0.087167 -0.057412 -0.179866 0.164607 -0.879873
1757579858.767631 -0.053216 -0.004768 0.002098 0.087167 -0.057031 -0.179484 0.164607 -0.879110
1757579858.769640 -0.053216 -0.005150 0.002098 0.087167 -0.056649 -0.179484 0.164989 -0.878347
1757579858.771619 -0.053216 -0.005150 0.002098 0.087167 -0.056268 -0.179103 0.164989 -0.877584
1757579858.773659 -0.053216 -0.005150 0.002098 0.087167 -0.055886 -0.179103 0.164989 -0.876822
1757579858.775616 -0.053216 -0.005150 0.002098 0.087167 -0.055505 -0.178721 0.164989 -0.876440
1757579858.777657 -0.053216 -0.005150 0.002098 0.087167 -0.055123 -0.178340 0.164989 -0.875677
1757579858.779631 -0.053216 -0.005150 0.002098 0.087167 -0.054742 -0.178340 0.164989 -0.874914
1757579858.781650 -0.053216 -0.005150 0.002098 0.087167 -0.054360 -0.177958 0.164989 -0.874151
1757579858.783634 -0.053216 -0.005150 0.002098 0.087167 -0.054360 -0.177577 0.164989 -0.873388
1757579858.785636 -0.053216 -0.005150 0.002098 0.087167 -0.053979 -0.177196 0.165370 -0.872625
1757579858.787621 -0.053216 -0.005150 0.002098 0.087167 -0.053597 -0.177196 0.165370 -0.871862
1757579858.789617 -0.053216 -0.005150 0.002098 0.087167 -0.053216 -0.176814 0.165370 -0.871099
1757579858.791621 -0.053216 -0.005150 0.002098 0.087167 -0.052835 -0.176433 0.165370 -0.870337
1757579858.793646 -0.053216 -0.005150 0.002098 0.087167 -0.052453 -0.176051 0.165370 -0.869574
1757579858.795639 -0.053216 -0.005150 0.002098 0.087167 -0.052453 -0.175670 0.165370 -0.868811
1757579858.797643 -0.053216 -0.005150 0.002098 0.087167 -0.052072 -0.175670 0.165370 -0.868048
1757579858.799628 -0.053216 -0.005150 0.002098 0.087167 -0.051690 -0.175288 0.165370 -0.867666
1757579858.801810 -0.053216 -0.005150 0.002098 0.087167 -0.051309 -0.174907 0.165370 -0.866903
1757579858.803620 -0.053216 -0.005150 0.002098 0.087167 -0.050927 -0.174525 0.165370 -0.866140
1757579858.805639 -0.053216 -0.005150 0.002098 0.087167 -0.050927 -0.174525 0.165370 -0.865377
1757579858.807612 -0.053216 -0.005150 0.002098 0.087167 -0.050546 -0.174144 0.165370 -0.864614
1757579858.809632 -0.053216 -0.005150 0.002098 0.087167 -0.050164 -0.173762 0.165370 -0.863852
1757579858.811634 -0.053216 -0.005150 0.002098 0.087167 -0.049783 -0.173381 0.165370 -0.863089
1757579858.813676 -0.053216 -0.005150 0.002098 0.087167 -0.049783 -0.173381 0.165370 -0.862326
1757579858.815638 -0.053216 -0.005150 0.002098 0.087167 -0.049401 -0.172999 0.165370 -0.861944
1757579858.817667 -0.053216 -0.005150 0.002098 0.087167 -0.049401 -0.172618 0.165370 -0.861181
1757579858.819620 -0.053216 -0.005150 0.002098 0.087167 -0.049020 -0.172236 0.165370 -0.860418
1757579858.821628 -0.053216 -0.005150 0.002098 0.087167 -0.048638 -0.172236 0.165370 -0.859655
1757579858.823639 -0.053216 -0.005150 0.002098 0.087167 -0.048638 -0.171855 0.165370 -0.858892
1757579858.825643 -0.053216 -0.005150 0.002098 0.087167 -0.048257 -0.171474 0.165370 -0.858130
1757579858.827652 -0.053216 -0.005150 0.002098 0.087167 -0.048257 -0.171092 0.165370 -0.857367
1757579858.829629 -0.053216 -0.005150 0.002098 0.087167 -0.047875 -0.171092 0.165370 -0.856604
1757579858.831613 -0.053216 -0.005150 0.002098 0.087167 -0.047494 -0.170711 0.165751 -0.855841
1757579858.833636 -0.053216 -0.005150 0.002098 0.087167 -0.047494 -0.170329 0.165751 -0.855459
1757579858.835632 -0.053216 -0.005150 0.002098 0.087167 -0.047112 -0.169948 0.165751 -0.854696
1757579858.837626 -0.053216 -0.005150 0.002098 0.087167 -0.047112 -0.169566 0.165751 -0.853933
1757579858.839611 -0.053216 -0.005150 0.002098 0.087167 -0.046731 -0.169566 0.165751 -0.853170
1757579858.841619 -0.053216 -0.005150 0.002098 0.087167 -0.046731 -0.169185 0.165751 -0.852407
1757579858.843629 -0.053216 -0.005150 0.002098 0.087167 -0.046350 -0.168803 0.165751 -0.851645
1757579858.845620 -0.053216 -0.005150 0.002098 0.087167 -0.046350 -0.168422 0.165751 -0.850882
1757579858.847664 -0.053216 -0.005150 0.002098 0.087167 -0.045968 -0.168040 0.165751 -0.850119
1757579858.849625 -0.053216 -0.005150 0.002098 0.087167 -0.045968 -0.167659 0.165751 -0.849356
1757579858.851674 -0.053216 -0.005150 0.002098 0.087167 -0.045587 -0.167659 0.165751 -0.848593
1757579858.853658 -0.053216 -0.005150 0.002098 0.087167 -0.045587 -0.167277 0.165751 -0.847830
1757579858.855643 -0.053216 -0.005150 0.002098 0.087167 -0.045587 -0.166896 0.165751 -0.847067
1757579858.857648 -0.053216 -0.005150 0.002098 0.087167 -0.045205 -0.166896 0.165751 -0.846304
1757579858.859655 -0.053216 -0.005150 0.002098 0.087167 -0.045205 -0.166514 0.165751 -0.845541
1757579858.861655 -0.053216 -0.005150 0.002098 0.087167 -0.044824 -0.166133 0.165751 -0.844778
1757579858.863643 -0.053216 -0.005150 0.002098 0.087167 -0.044824 -0.165751 0.165751 -0.844015
1757579858.865610 -0.053216 -0.005150 0.002098 0.087167 -0.044824 -0.165751 0.165751 -0.843251
1757579858.867658 -0.053216 -0.005150 0.002098 0.087167 -0.044442 -0.165370 0.165370 -0.842488
1757579858.869620 -0.053216 -0.005150 0.002098 0.087167 -0.044442 -0.164989 0.165370 -0.841725
1757579858.871614 -0.053216 -0.005150 0.002098 0.087167 -0.044442 -0.164607 0.165370 -0.841344
1757579858.873606 -0.053216 -0.005150 0.002098 0.087167 -0.044061 -0.164607 0.165370 -0.840581
1757579858.875663 -0.053216 -0.005150 0.002098 0.087167 -0.044061 -0.164226 0.165370 -0.839818
1757579858.877658 -0.053216 -0.005150 0.002098 0.087167 -0.044061 -0.163844 0.165370 -0.839055
1757579858.879645 -0.053216 -0.005150 0.002098 0.087167 -0.044061 -0.163844 0.165370 -0.838292
1757579858.881624 -0.053216 -0.005150 0.002098 0.087167 -0.043679 -0.163463 0.165370 -0.837529
1757579858.883613 -0.053216 -0.005150 0.002098 0.087167 -0.043679 -0.163081 0.165370 -0.836766
1757579858.885675 -0.053216 -0.005150 0.002098 0.087167 -0.043679 -0.163081 0.165370 -0.836003
1757579858.887610 -0.053216 -0.005150 0.002098 0.087167 -0.043679 -0.162700 0.165370 -0.835240
1757579858.889637 -0.053216 -0.005150 0.002098 0.087167 -0.043679 -0.162700 0.165370 -0.834477
1757579858.891611 -0.053216 -0.005150 0.002098 0.087167 -0.043298 -0.162318 0.165370 -0.833714
1757579858.893616 -0.053216 -0.005150 0.002098 0.087167 -0.043298 -0.162318 0.165370 -0.832952
1757579858.895608 -0.053216 -0.005150 0.002098 0.087167 -0.043298 -0.161937 0.165370 -0.832570
1757579858.897608 -0.053216 -0.005150 0.002098 0.087167 -0.043298 -0.161937 0.165370 -0.831807
1757579858.899615 -0.053216 -0.005150 0.002098 0.087167 -0.043298 -0.161555 0.164989 -0.831044
1757579858.901604 -0.053216 -0.005150 0.002098 0.087167 -0.043298 -0.161555 0.164989 -0.830281
1757579858.903615 -0.053216 -0.005150 0.002098 0.087167 -0.042916 -0.161555 0.164989 -0.829518
1757579858.905608 -0.053216 -0.005150 0.002098 0.087167 -0.042916 -0.161174 0.164989 -0.828755
1757579858.907611 -0.053216 -0.005531 0.002098 0.087167 -0.042916 -0.161174 0.164989 -0.827992
1757579858.909602 -0.053216 -0.005531 0.002098 0.087167 -0.042916 -0.161174 0.164989 -0.827229
1757579858.911618 -0.053216 -0.005531 0.002098 0.087167 -0.042916 -0.160792 0.164989 -0.826467
1757579858.913614 -0.053216 -0.005531 0.002098 0.087167 -0.042535 -0.160792 0.164989 -0.825704
1757579858.915613 -0.053216 -0.005531 0.002098 0.087167 -0.042535 -0.160792 0.164989 -0.824941
1757579858.917620 -0.053216 -0.005531 0.002098 0.087167 -0.042535 -0.160411 0.164989 -0.824178
1757579858.919609 -0.053216 -0.005531 0.002098 0.087167 -0.042535 -0.160411 0.164989 -0.823415
1757579858.921624 -0.053216 -0.005531 0.002098 0.087167 -0.042153 -0.160411 0.164989 -0.822652
1757579858.923618 -0.053216 -0.005531 0.002098 0.087167 -0.042153 -0.160411 0.164989 -0.821889
1757579858.925607 -0.053216 -0.005531 0.002098 0.087167 -0.042153 -0.160029 0.164989 -0.821126
1757579858.927618 -0.053216 -0.005531 0.002098 0.087167 -0.042153 -0.160029 0.164989 -0.820363
1757579858.929608 -0.053216 -0.005531 0.002098 0.087167 -0.041772 -0.160029 0.164989 -0.819219
1757579858.931607 -0.053216 -0.005531 0.002098 0.087167 -0.041772 -0.160029 0.164989 -0.818456
1757579858.933610 -0.053216 -0.005531 0.002098 0.087167 -0.041772 -0.159648 0.164989 -0.817693
1757579858.935622 -0.053216 -0.005531 0.002098 0.087167 -0.041772 -0.159648 0.164989 -0.816930
1757579858.937610 -0.053216 -0.005531 0.002098 0.087167 -0.041772 -0.159648 0.164989 -0.815785
1757579858.939604 -0.053216 -0.005531 0.002098 0.087167 -0.041390 -0.159648 0.164989 -0.815022
1757579858.941620 -0.053216 -0.005531 0.002098 0.087167 -0.041390 -0.159648 0.164607 -0.814260
1757579858.943625 -0.053216 -0.005531 0.002098 0.087167 -0.041390 -0.159266 0.164607 -0.813115
1757579858.945615 -0.053216 -0.005531 0.002098 0.087167 -0.041390 -0.159266 0.164607 -0.812352
1757579858.947607 -0.053216 -0.005531 0.002098 0.087167 -0.041009 -0.159266 0.164607 -0.811589
1757579858.949613 -0.053216 -0.005531 0.002098 0.087167 -0.041009 -0.159266 0.164607 -0.810445
1757579858.951623 -0.053216 -0.005531 0.002098 0.087167 -0.041009 -0.158885 0.164607 -0.809682
1757579858.953609 -0.053216 -0.005531 0.002098 0.087167 -0.041009 -0.158885 0.164607 -0.808919
1757579858.955642 -0.053216 -0.005531 0.002098 0.087167 -0.041009 -0.158885 0.164607 -0.807775
1757579858.957607 -0.053216 -0.005531 0.002098 0.087167 -0.040627 -0.158885 0.164607 -0.807012
1757579858.959621 -0.053216 -0.005531 0.002098 0.087167 -0.040627 -0.158885 0.164607 -0.805867
1757579858.961607 -0.053216 -0.005531 0.002098 0.087167 -0.040627 -0.158504 0.164607 -0.805104
1757579858.963608 -0.053216 -0.005531 0.002098 0.087167 -0.040627 -0.158504 0.164607 -0.803960
1757579858.965608 -0.053216 -0.005531 0.002098 0.087167 -0.040246 -0.158504 0.164607 -0.803197
1757579858.967619 -0.053216 -0.005531 0.002098 0.087167 -0.040246 -0.158504 0.164607 -0.802052
1757579858.969603 -0.053216 -0.005531 0.002098 0.087167 -0.040246 -0.158504 0.164607 -0.801290
1757579858.971609 -0.053216 -0.005531 0.002098 0.087167 -0.040246 -0.158122 0.164226 -0.800145
1757579858.973614 -0.053216 -0.005531 0.002098 0.087167 -0.039865 -0.158122 0.164226 -0.799001
1757579858.975619 -0.053216 -0.005531 0.002098 0.087167 -0.039865 -0.158122 0.164226 -0.798238
1757579858.977618 -0.053216 -0.005531 0.002098 0.087167 -0.039865 -0.158122 0.164226 -0.797093
1757579858.979615 -0.053216 -0.005531 0.002098 0.087167 -0.039865 -0.157741 0.164226 -0.795949
1757579858.981637 -0.053216 -0.005531 0.002098 0.087167 -0.039483 -0.157741 0.164226 -0.795186
1757579858.983616 -0.053216 -0.005531 0.002098 0.087167 -0.039483 -0.157741 0.164226 -0.794042
1757579858.985601 -0.053216 -0.005531 0.002098 0.087167 -0.039483 -0.157741 0.164226 -0.792897
1757579858.987602 -0.053216 -0.005531 0.002098 0.087167 -0.039483 -0.157741 0.164226 -0.792134
1757579858.989613 -0.053216 -0.005531 0.002098 0.087167 -0.039102 -0.157359 0.164226 -0.790990
1757579858.991621 -0.053216 -0.005531 0.002098 0.087167 -0.039102 -0.157359 0.164226 -0.789845
1757579858.993620 -0.053216 -0.005531 0.002098 0.087167 -0.039102 -0.157359 0.164226 -0.789083
1757579858.995611 -0.053216 -0.005531 0.002098 0.087167 -0.039102 -0.157359 0.164226 -0.787938
1757579858.997607 -0.053216 -0.005531 0.002098 0.087167 -0.038720 -0.157359 0.164226 -0.786794
1757579858.999635 -0.053216 -0.005531 0.002098 0.087167 -0.038720 -0.156978 0.164226 -0.785649
1757579859.001604 -0.053216 -0.005531 0.002098 0.087167 -0.038720 -0.156978 0.164226 -0.784886
1757579859.003618 -0.053216 -0.005531 0.002098 0.087167 -0.038720 -0.156978 0.164226 -0.783742
1757579859.005608 -0.053216 -0.005531 0.002098 0.087167 -0.038339 -0.156978 0.164226 -0.782598
1757579859.007623 -0.053216 -0.005913 0.002098 0.087167 -0.038339 -0.156596 0.164226 -0.781453
1757579859.009607 -0.053216 -0.005913 0.002098 0.087167 -0.038339 -0.156596 0.164226 -0.780689
1757579859.011624 -0.053216 -0.005913 0.002098 0.087167 -0.037957 -0.156596 0.164226 -0.779545
1757579859.013673 -0.053216 -0.005913 0.002098 0.087167 -0.037957 -0.156596 0.164226 -0.778400
1757579859.015633 -0.053216 -0.005913 0.002098 0.087167 -0.037957 -0.156596 0.164226 -0.777256
1757579859.017626 -0.053216 -0.005913 0.002098 0.087167 -0.037957 -0.156214 0.164226 -0.776493
1757579859.019627 -0.053216 -0.005913 0.002098 0.087167 -0.037576 -0.156214 0.164226 -0.775349
1757579859.021623 -0.053216 -0.005913 0.002098 0.087167 -0.037576 -0.156214 0.164226 -0.774204
1757579859.023628 -0.053216 -0.005913 0.002098 0.087167 -0.037576 -0.156214 0.164226 -0.773060
1757579859.025625 -0.053216 -0.005913 0.002098 0.087167 -0.037194 -0.156214 0.164226 -0.772297
1757579859.027626 -0.053216 -0.005913 0.002098 0.087167 -0.037194 -0.155832 0.164226 -0.771152
1757579859.029624 -0.053216 -0.005913 0.002098 0.087167 -0.037194 -0.155832 0.164226 -0.770008
1757579859.031617 -0.053216 -0.005913 0.002098 0.087167 -0.036813 -0.155832 0.164226 -0.769245
1757579859.033609 -0.053216 -0.005913 0.002098 0.087167 -0.036813 -0.155832 0.164226 -0.768101
1757579859.035628 -0.053216 -0.005913 0.002098 0.087167 -0.036813 -0.155451 0.164226 -0.766956
1757579859.037615 -0.053216 -0.005913 0.002098 0.087167 -0.036431 -0.155451 0.164226 -0.765812
1757579859.039629 -0.053216 -0.005913 0.002098 0.087167 -0.036431 -0.155451 0.164226 -0.765049
1757579859.041613 -0.053216 -0.005913 0.002098 0.087167 -0.036431 -0.155451 0.164226 -0.763905
1757579859.043624 -0.053216 -0.005913 0.002098 0.087167 -0.036431 -0.155069 0.164226 -0.762760
1757579859.045679 -0.053216 -0.005913 0.002098 0.087167 -0.036050 -0.155069 0.163844 -0.761616
1757579859.047648 -0.053216 -0.005913 0.002098 0.087167 -0.036050 -0.155069 0.163844 -0.760853
1757579859.049653 -0.053216 -0.005913 0.002098 0.087167 -0.035668 -0.155069 0.163844 -0.759708
1757579859.051643 -0.053216 -0.005913 0.002098 0.087167 -0.035668 -0.155069 0.163844 -0.758945
1757579859.053652 -0.053216 -0.005913 0.002098 0.087167 -0.035668 -0.154688 0.163844 -0.757801
1757579859.055647 -0.053216 -0.005913 0.002098 0.087167 -0.035287 -0.154688 0.164226 -0.756657
1757579859.057648 -0.053216 -0.005913 0.002098 0.087167 -0.035287 -0.154688 0.164226 -0.755512
1757579859.059626 -0.053216 -0.005913 0.002098 0.087167 -0.035287 -0.154688 0.164226 -0.754368
1757579859.061651 -0.053216 -0.005913 0.002098 0.087167 -0.034905 -0.154688 0.164226 -0.753605
1757579859.063641 -0.053216 -0.005913 0.002098 0.087167 -0.034905 -0.154306 0.164226 -0.752460
1757579859.065659 -0.053216 -0.005913 0.002098 0.087167 -0.034524 -0.154306 0.164226 -0.751316
1757579859.067648 -0.053216 -0.005913 0.002098 0.087167 -0.034524 -0.154306 0.164226 -0.750553
1757579859.069652 -0.053216 -0.005913 0.002098 0.087167 -0.034524 -0.154306 0.164226 -0.749409
1757579859.071642 -0.053216 -0.005913 0.002098 0.087167 -0.034142 -0.154306 0.164226 -0.748264
1757579859.073628 -0.053216 -0.005913 0.002098 0.087167 -0.034142 -0.153925 0.164226 -0.747120
1757579859.075677 -0.053216 -0.005913 0.002098 0.087167 -0.033761 -0.153925 0.164226 -0.746357
1757579859.077667 -0.053216 -0.005913 0.002098 0.087167 -0.033761 -0.153925 0.164226 -0.745213
1757579859.079646 -0.053216 -0.005913 0.002098 0.087167 -0.033380 -0.153925 0.164226 -0.744068
1757579859.081651 -0.053216 -0.005913 0.002098 0.087167 -0.033380 -0.153543 0.164226 -0.742924
1757579859.083643 -0.053216 -0.005913 0.002098 0.087167 -0.033380 -0.153543 0.164226 -0.742161
1757579859.085655 -0.053216 -0.005913 0.002098 0.087167 -0.032998 -0.153543 0.164226 -0.741016
1757579859.087673 -0.053216 -0.005913 0.002098 0.087167 -0.032998 -0.153543 0.164226 -0.739872
1757579859.089657 -0.053216 -0.005913 0.002098 0.087167 -0.032617 -0.153162 0.164226 -0.738728
1757579859.091641 -0.053216 -0.005913 0.002098 0.087167 -0.032617 -0.153162 0.164226 -0.737583
1757579859.093686 -0.053216 -0.005913 0.002098 0.087167 -0.032235 -0.153162 0.164226 -0.736439
1757579859.095634 -0.053216 -0.005913 0.002098 0.087167 -0.032235 -0.153162 0.164226 -0.735294
1757579859.097631 -0.053216 -0.005913 0.002098 0.087167 -0.032235 -0.152781 0.164226 -0.734150
1757579859.099621 -0.053216 -0.005913 0.002098 0.087167 -0.032235 -0.152781 0.163844 -0.733006
1757579859.101625 -0.053216 -0.005913 0.002098 0.087167 -0.031854 -0.152781 0.163844 -0.731861
1757579859.103606 -0.053216 -0.005913 0.002098 0.087167 -0.031854 -0.152399 0.163844 -0.730717
1757579859.105610 -0.053216 -0.005913 0.002098 0.087167 -0.031854 -0.152399 0.163844 -0.729572
1757579859.107615 -0.053216 -0.005913 0.002098 0.087167 -0.031854 -0.152018 0.163844 -0.728428
1757579859.109609 -0.053216 -0.005913 0.002098 0.087167 -0.031472 -0.152018 0.163844 -0.727283
1757579859.111611 -0.053216 -0.005913 0.002098 0.087167 -0.031472 -0.151636 0.163844 -0.726139
1757579859.113614 -0.053216 -0.005913 0.002098 0.087167 -0.031472 -0.151636 0.163844 -0.724613
1757579859.115620 -0.053216 -0.005913 0.002098 0.087167 -0.031472 -0.151255 0.163844 -0.723469
1757579859.117621 -0.053216 -0.005913 0.002098 0.087167 -0.031090 -0.151255 0.163844 -0.722324
1757579859.119620 -0.053216 -0.005913 0.002098 0.087167 -0.031090 -0.150873 0.163844 -0.721180
1757579859.121617 -0.053216 -0.005913 0.002098 0.087167 -0.031090 -0.150492 0.163844 -0.719654
1757579859.123617 -0.053216 -0.005913 0.002098 0.087167 -0.031090 -0.150492 0.163844 -0.718509
1757579859.125620 -0.053216 -0.005913 0.002098 0.087167 -0.031090 -0.150110 0.163844 -0.717364
1757579859.127609 -0.053216 -0.005913 0.002098 0.087167 -0.030708 -0.150110 0.163844 -0.715838
1757579859.129616 -0.053216 -0.005913 0.002098 0.087167 -0.030708 -0.149729 0.163844 -0.714694
1757579859.131620 -0.053216 -0.005913 0.002098 0.087167 -0.030708 -0.149729 0.163844 -0.713550
1757579859.133613 -0.053216 -0.005913 0.002098 0.087167 -0.030708 -0.149347 0.163844 -0.712024
1757579859.135612 -0.053216 -0.005913 0.002098 0.087167 -0.030327 -0.148966 0.163844 -0.710879
1757579859.137614 -0.053216 -0.005913 0.002098 0.087167 -0.030327 -0.148966 0.163844 -0.709353
1757579859.139614 -0.053216 -0.005913 0.002098 0.087167 -0.030327 -0.148584 0.163844 -0.708209
1757579859.141617 -0.053216 -0.005913 0.002098 0.087167 -0.030327 -0.148584 0.163844 -0.706683
1757579859.143619 -0.053216 -0.005913 0.002098 0.087167 -0.030327 -0.148584 0.163844 -0.705539
1757579859.145614 -0.053216 -0.005913 0.002098 0.087167 -0.029945 -0.148203 0.163844 -0.704013
1757579859.147617 -0.053216 -0.005913 0.002098 0.087167 -0.029945 -0.148203 0.163844 -0.702868
1757579859.149616 -0.053216 -0.005913 0.002098 0.087167 -0.029945 -0.147821 0.163844 -0.701343
1757579859.151616 -0.053216 -0.005913 0.002098 0.087167 -0.029945 -0.147821 0.163844 -0.699817
1757579859.153617 -0.053216 -0.005913 0.002098 0.087167 -0.029945 -0.147440 0.163844 -0.698672
1757579859.155616 -0.053216 -0.005913 0.002098 0.087167 -0.029564 -0.147440 0.163844 -0.697146
1757579859.157613 -0.053216 -0.005913 0.002098 0.087167 -0.029564 -0.147440 0.163844 -0.696002
1757579859.159626 -0.053216 -0.005913 0.002098 0.087167 -0.029564 -0.147058 0.163844 -0.694476
1757579859.161617 -0.053216 -0.005913 0.002098 0.087167 -0.029564 -0.147058 0.163844 -0.692950
1757579859.163625 -0.053216 -0.005913 0.002098 0.087167 -0.029182 -0.147058 0.163844 -0.691424
1757579859.165611 -0.053216 -0.005913 0.002098 0.087167 -0.029182 -0.146677 0.163844 -0.690280
1757579859.167610 -0.053216 -0.005913 0.002098 0.087167 -0.029182 -0.146677 0.163844 -0.688754
1757579859.169616 -0.053216 -0.005913 0.002098 0.087167 -0.029182 -0.146677 0.163844 -0.687228
1757579859.171610 -0.053216 -0.005913 0.002098 0.087167 -0.029182 -0.146677 0.163844 -0.686084
1757579859.173609 -0.053216 -0.005913 0.002098 0.087167 -0.028801 -0.146296 0.163844 -0.684558
1757579859.175613 -0.053216 -0.005913 0.002098 0.087167 -0.028801 -0.146296 0.163844 -0.683032
1757579859.177621 -0.053216 -0.005913 0.002098 0.087167 -0.028801 -0.146296 0.163844 -0.681506
1757579859.179620 -0.053216 -0.005913 0.002098 0.087167 -0.028801 -0.146296 0.163844 -0.679980
1757579859.181618 -0.053216 -0.005913 0.002098 0.087167 -0.028419 -0.145914 0.163844 -0.678454
1757579859.183617 -0.053216 -0.005913 0.002098 0.087167 -0.028419 -0.145914 0.163844 -0.676929
1757579859.185620 -0.053216 -0.005913 0.002098 0.087167 -0.028419 -0.145914 0.163844 -0.675403
1757579859.187613 -0.053216 -0.005913 0.002098 0.087167 -0.028419 -0.145914 0.163844 -0.673877
1757579859.189623 -0.053216 -0.005913 0.002098 0.087167 -0.028419 -0.145533 0.163844 -0.672351
1757579859.191622 -0.053216 -0.005913 0.002098 0.087167 -0.028038 -0.145533 0.163844 -0.670825
1757579859.193616 -0.053597 -0.005913 0.002098 0.087167 -0.028038 -0.145533 0.163844 -0.669299
1757579859.195611 -0.053597 -0.005913 0.002098 0.087167 -0.028038 -0.145151 0.163844 -0.667392
1757579859.197613 -0.053597 -0.005913 0.002098 0.087167 -0.028038 -0.145151 0.163844 -0.665866
1757579859.199610 -0.053597 -0.005913 0.002098 0.087167 -0.028038 -0.145151 0.163844 -0.664340
1757579859.201609 -0.053597 -0.005913 0.002098 0.087167 -0.027657 -0.144770 0.163844 -0.662814
1757579859.203616 -0.053597 -0.005913 0.002098 0.087167 -0.027657 -0.144770 0.163844 -0.661288
1757579859.205620 -0.053597 -0.005913 0.002098 0.087167 -0.027657 -0.144770 0.163844 -0.659381
1757579859.207617 -0.053597 -0.005913 0.002098 0.087167 -0.027657 -0.144388 0.163844 -0.657855
1757579859.209621 -0.053597 -0.005913 0.002098 0.087167 -0.027275 -0.144388 0.163844 -0.656329
1757579859.211621 -0.053597 -0.005913 0.002098 0.087167 -0.027275 -0.144388 0.163844 -0.654802
1757579859.213619 -0.053597 -0.005913 0.002098 0.087167 -0.027275 -0.144007 0.163844 -0.652895
1757579859.215624 -0.053597 -0.005913 0.002098 0.087167 -0.027275 -0.144007 0.163844 -0.651369
1757579859.217621 -0.053597 -0.005913 0.002098 0.087167 -0.027275 -0.144007 0.163844 -0.649462
1757579859.219630 -0.053597 -0.005913 0.002098 0.087167 -0.026894 -0.143625 0.163844 -0.647936
1757579859.221619 -0.053597 -0.005913 0.002098 0.087167 -0.026894 -0.143625 0.163844 -0.646410
1757579859.223618 -0.053597 -0.005913 0.002098 0.087167 -0.026894 -0.143625 0.163844 -0.644503
1757579859.225618 -0.053597 -0.005913 0.002098 0.087167 -0.026894 -0.143625 0.163844 -0.642977
1757579859.227626 -0.053597 -0.005913 0.002098 0.087167 -0.026894 -0.143244 0.163844 -0.641069
1757579859.229611 -0.053597 -0.005913 0.002098 0.087167 -0.026512 -0.143244 0.163844 -0.639544
1757579859.231616 -0.053597 -0.005913 0.002098 0.087167 -0.026512 -0.143244 0.164226 -0.637636
1757579859.233614 -0.053597 -0.005913 0.002098 0.087167 -0.026512 -0.142862 0.164226 -0.635729
1757579859.235618 -0.053597 -0.005913 0.002098 0.087167 -0.026512 -0.142862 0.164226 -0.634203
1757579859.237617 -0.053597 -0.005913 0.002098 0.087167 -0.026131 -0.142862 0.164226 -0.632296
1757579859.239613 -0.053597 -0.005913 0.002098 0.087167 -0.026131 -0.142481 0.164226 -0.630388
1757579859.241616 -0.053597 -0.005913 0.002098 0.087167 -0.026131 -0.142481 0.164226 -0.628862
1757579859.243619 -0.053597 -0.005913 0.002098 0.087167 -0.026131 -0.142481 0.164226 -0.626955
1757579859.245611 -0.053597 -0.005913 0.002098 0.087167 -0.025749 -0.142481 0.164226 -0.625048
1757579859.247614 -0.053597 -0.005913 0.002098 0.087167 -0.025749 -0.142099 0.164226 -0.623522
1757579859.249606 -0.053597 -0.005913 0.002098 0.087167 -0.025749 -0.142099 0.164226 -0.621614
1757579859.251617 -0.053597 -0.005913 0.002098 0.087167 -0.025368 -0.142099 0.164226 -0.619707
1757579859.253618 -0.053597 -0.005913 0.002098 0.087167 -0.025368 -0.141718 0.164226 -0.617800
1757579859.255617 -0.053597 -0.005913 0.002098 0.087167 -0.025368 -0.141718 0.164226 -0.615892
1757579859.257640 -0.053597 -0.005913 0.002098 0.087167 -0.025368 -0.141718 0.164226 -0.613985
1757579859.259628 -0.053597 -0.005913 0.002098 0.087167 -0.025368 -0.141718 0.164226 -0.612459
1757579859.261615 -0.053597 -0.005913 0.002098 0.087167 -0.024986 -0.141718 0.164226 -0.610552
1757579859.263615 -0.053597 -0.005913 0.002098 0.087167 -0.024986 -0.141336 0.164226 -0.608644
1757579859.265617 -0.053597 -0.005913 0.002098 0.087167 -0.024986 -0.141336 0.164226 -0.606737
1757579859.267614 -0.053597 -0.005913 0.002098 0.087167 -0.024605 -0.141336 0.164226 -0.604830
1757579859.269611 -0.053597 -0.005913 0.002098 0.087167 -0.024605 -0.141336 0.164226 -0.602922
1757579859.271610 -0.053597 -0.005913 0.002098 0.087167 -0.024605 -0.140955 0.164226 -0.601015
1757579859.273611 -0.053597 -0.005913 0.002098 0.087167 -0.024223 -0.140955 0.164226 -0.599489
1757579859.275611 -0.053597 -0.005913 0.002098 0.087167 -0.024223 -0.140955 0.164607 -0.597582
1757579859.277610 -0.053597 -0.005913 0.002098 0.087167 -0.024223 -0.140955 0.164607 -0.595675
1757579859.279615 -0.053597 -0.005913 0.002098 0.087167 -0.023842 -0.140574 0.164607 -0.593767
1757579859.281614 -0.053597 -0.005913 0.002098 0.087167 -0.023842 -0.140574 0.164607 -0.591859
1757579859.283625 -0.053597 -0.005913 0.002098 0.087167 -0.023842 -0.140574 0.164607 -0.589952
1757579859.285678 -0.053597 -0.005913 0.002098 0.087167 -0.023460 -0.140574 0.164607 -0.588044
1757579859.287627 -0.053597 -0.005913 0.002098 0.087167 -0.023460 -0.140574 0.164607 -0.586518
1757579859.289621 -0.053597 -0.005913 0.002098 0.087167 -0.023460 -0.140192 0.164607 -0.584611
1757579859.291611 -0.053597 -0.005913 0.002098 0.087167 -0.023079 -0.140192 0.164607 -0.582704
1757579859.293616 -0.053597 -0.005913 0.002098 0.087167 -0.023079 -0.140192 0.164607 -0.580796
1757579859.295619 -0.053597 -0.005913 0.002098 0.087167 -0.023079 -0.140192 0.164607 -0.578889
1757579859.297616 -0.053597 -0.005913 0.002098 0.087167 -0.022697 -0.140192 0.164607 -0.576982
1757579859.299619 -0.053597 -0.005913 0.002098 0.087167 -0.022697 -0.139811 0.164607 -0.575074
1757579859.301619 -0.053597 -0.005913 0.002098 0.087167 -0.022697 -0.139811 0.164607 -0.573167
1757579859.303643 -0.053597 -0.005913 0.002098 0.087167 -0.022316 -0.139811 0.164607 -0.571259
1757579859.305621 -0.053597 -0.005913 0.002098 0.087167 -0.022316 -0.139811 0.164607 -0.569352
1757579859.307641 -0.053597 -0.005913 0.002098 0.087167 -0.022316 -0.139811 0.164607 -0.567826
1757579859.309620 -0.053597 -0.005913 0.002098 0.087167 -0.022316 -0.139811 0.164607 -0.565919
1757579859.311643 -0.053597 -0.005913 0.002098 0.087167 -0.021935 -0.139429 0.164607 -0.564012
1757579859.313655 -0.053597 -0.005913 0.002098 0.087167 -0.021935 -0.139429 0.164226 -0.562104
1757579859.315595 -0.053597 -0.005913 0.002098 0.087167 -0.021935 -0.139429 0.164226 -0.560197
1757579859.317617 -0.053597 -0.005913 0.002098 0.087167 -0.021553 -0.139429 0.164226 -0.558290
1757579859.319599 -0.053597 -0.005913 0.002098 0.087167 -0.021553 -0.139429 0.164226 -0.556382
1757579859.321594 -0.053597 -0.005913 0.002098 0.087167 -0.021553 -0.139048 0.164226 -0.554475
1757579859.323600 -0.053597 -0.005913 0.002098 0.087167 -0.021172 -0.139048 0.164226 -0.552567
1757579859.325620 -0.053597 -0.006294 0.002098 0.087167 -0.021172 -0.139048 0.164226 -0.551042
1757579859.327581 -0.053597 -0.006294 0.002098 0.087167 -0.021172 -0.139048 0.164226 -0.549134
1757579859.329612 -0.053597 -0.006294 0.002098 0.087167 -0.021172 -0.139048 0.164226 -0.547227
1757579859.331601 -0.053597 -0.006294 0.002098 0.087167 -0.020790 -0.138666 0.164226 -0.545320
1757579859.333594 -0.053597 -0.006294 0.002098 0.087167 -0.020790 -0.138666 0.164226 -0.543794
1757579859.335601 -0.053597 -0.006294 0.002098 0.087167 -0.020790 -0.138666 0.164226 -0.541886
1757579859.337615 -0.053597 -0.006294 0.002098 0.087167 -0.020790 -0.138666 0.164226 -0.539979
1757579859.339598 -0.053597 -0.006294 0.002098 0.087167 -0.020790 -0.138666 0.164226 -0.538453
1757579859.341595 -0.053597 -0.006294 0.002098 0.087167 -0.020409 -0.138285 0.164226 -0.536546
1757579859.343626 -0.053597 -0.006294 0.002098 0.087167 -0.020409 -0.138285 0.164226 -0.534638
1757579859.345623 -0.053597 -0.006294 0.002098 0.087167 -0.020409 -0.138285 0.164226 -0.533113
1757579859.347600 -0.053597 -0.006294 0.002098 0.087167 -0.020409 -0.138285 0.164226 -0.531587
1757579859.349585 -0.053597 -0.006294 0.002098 0.087167 -0.020409 -0.138285 0.164226 -0.529678
1757579859.351609 -0.053597 -0.006294 0.002098 0.087167 -0.020027 -0.137903 0.164226 -0.528152
1757579859.353600 -0.053597 -0.006294 0.002098 0.087167 -0.020027 -0.137903 0.164226 -0.526245
1757579859.355587 -0.053597 -0.006294 0.002098 0.087167 -0.020027 -0.137903 0.164226 -0.524719
1757579859.357603 -0.053597 -0.006294 0.002098 0.087167 -0.020027 -0.137903 0.164226 -0.522812
1757579859.359583 -0.053597 -0.006294 0.002098 0.087167 -0.019646 -0.137903 0.164226 -0.521286
1757579859.361605 -0.053597 -0.006294 0.002098 0.087167 -0.019646 -0.137903 0.164226 -0.519760
1757579859.363601 -0.053597 -0.006294 0.002098 0.087167 -0.019646 -0.137522 0.164226 -0.518234
1757579859.365582 -0.053597 -0.006294 0.002098 0.087167 -0.019646 -0.137522 0.164226 -0.516327
1757579859.367580 -0.053597 -0.006294 0.002098 0.087167 -0.019264 -0.137522 0.164226 -0.514801
1757579859.369626 -0.053597 -0.006294 0.002098 0.087167 -0.019264 -0.137522 0.164226 -0.513275
1757579859.371582 -0.053597 -0.006294 0.002098 0.087167 -0.019264 -0.137522 0.164226 -0.511749
1757579859.373580 -0.053597 -0.006294 0.002098 0.087167 -0.019264 -0.137522 0.164226 -0.509842
1757579859.375660 -0.053597 -0.006294 0.002098 0.087167 -0.019264 -0.137522 0.164226 -0.508316
1757579859.377652 -0.053597 -0.006294 0.002098 0.087167 -0.018883 -0.137522 0.164226 -0.506790
1757579859.379612 -0.053597 -0.006294 0.002098 0.087167 -0.018883 -0.137522 0.164226 -0.505264
1757579859.381584 -0.053597 -0.006294 0.002098 0.087167 -0.018883 -0.137522 0.164226 -0.503357
1757579859.383583 -0.053597 -0.006294 0.002098 0.087167 -0.018883 -0.137522 0.164226 -0.501831
1757579859.385593 -0.053597 -0.006294 0.002098 0.087167 -0.018501 -0.137522 0.164226 -0.500305
1757579859.387609 -0.053597 -0.006294 0.002098 0.087167 -0.018501 -0.137522 0.164226 -0.498779
1757579859.389603 -0.053597 -0.006294 0.002098 0.087167 -0.018501 -0.137522 0.164226 -0.496872
1757579859.391582 -0.053597 -0.006294 0.002098 0.087167 -0.018501 -0.137522 0.164226 -0.495346
1757579859.393610 -0.053597 -0.006294 0.002098 0.087167 -0.018120 -0.137522 0.164226 -0.493820
1757579859.395602 -0.053597 -0.006294 0.002098 0.087167 -0.018120 -0.137522 0.164226 -0.491913
1757579859.397601 -0.053597 -0.006294 0.002098 0.087167 -0.018120 -0.137522 0.164226 -0.490387
1757579859.399580 -0.053597 -0.006294 0.002098 0.087167 -0.018120 -0.137522 0.164226 -0.488861
1757579859.401580 -0.053597 -0.006294 0.002098 0.087167 -0.018120 -0.137522 0.164226 -0.487335
1757579859.403630 -0.053597 -0.006294 0.002098 0.087167 -0.017738 -0.137522 0.164226 -0.485428
1757579859.405671 -0.053597 -0.006294 0.002098 0.087167 -0.017738 -0.137522 0.164226 -0.483902
1757579859.407627 -0.053597 -0.006294 0.002098 0.087167 -0.017738 -0.137522 0.164226 -0.482376
1757579859.409602 -0.053597 -0.006294 0.002098 0.087167 -0.017738 -0.137522 0.164226 -0.480850
1757579859.411607 -0.053597 -0.006294 0.002098 0.087167 -0.017357 -0.137522 0.164226 -0.478943
1757579859.413628 -0.053597 -0.006294 0.002098 0.087167 -0.017357 -0.137522 0.164226 -0.477417
1757579859.415584 -0.053597 -0.006294 0.002098 0.087167 -0.017357 -0.137522 0.164226 -0.475891
1757579859.417584 -0.053597 -0.006294 0.002098 0.087167 -0.017357 -0.137522 0.164226 -0.474365
1757579859.419608 -0.053597 -0.006294 0.002098 0.087167 -0.016975 -0.137522 0.164226 -0.472839
1757579859.421582 -0.053597 -0.006294 0.002098 0.087167 -0.016975 -0.137522 0.164226 -0.470932
1757579859.423583 -0.053597 -0.006294 0.002098 0.087167 -0.016975 -0.137522 0.164226 -0.469406
1757579859.425593 -0.053597 -0.006294 0.002098 0.087167 -0.016975 -0.137522 0.164607 -0.467879
1757579859.427597 -0.053597 -0.006294 0.002098 0.087167 -0.016975 -0.137522 0.164607 -0.466353
1757579859.429581 -0.053979 -0.006294 0.002098 0.087167 -0.016594 -0.137522 0.164607 -0.464828
1757579859.431606 -0.053979 -0.006294 0.002098 0.087167 -0.016594 -0.137522 0.164607 -0.463302
1757579859.433580 -0.053979 -0.006294 0.002098 0.087167 -0.016594 -0.137522 0.164607 -0.461394
1757579859.435592 -0.053979 -0.006294 0.002098 0.087167 -0.016594 -0.137522 0.164607 -0.459868
1757579859.437657 -0.053979 -0.006294 0.002098 0.087167 -0.016212 -0.137522 0.164607 -0.458343
1757579859.439604 -0.053979 -0.006294 0.002098 0.087167 -0.016212 -0.137522 0.164607 -0.456817
1757579859.441616 -0.053979 -0.006294 0.002098 0.087167 -0.016212 -0.137522 0.164607 -0.455291
1757579859.443590 -0.053979 -0.006294 0.002098 0.087167 -0.016212 -0.137522 0.164607 -0.453765
1757579859.445585 -0.053979 -0.006294 0.002098 0.087167 -0.015831 -0.137522 0.164607 -0.452239
1757579859.447605 -0.053979 -0.006294 0.002098 0.087167 -0.015831 -0.137522 0.164607 -0.450713
1757579859.449584 -0.053979 -0.006294 0.002098 0.087167 -0.015831 -0.137522 0.164607 -0.449187
1757579859.451582 -0.053979 -0.006294 0.002098 0.087167 -0.015831 -0.137140 0.164607 -0.447661
1757579859.453580 -0.053979 -0.006294 0.002098 0.087167 -0.015450 -0.137140 0.164607 -0.446136
1757579859.455601 -0.053979 -0.006294 0.002098 0.087167 -0.015450 -0.137140 0.164607 -0.444610
1757579859.457597 -0.053979 -0.006294 0.002098 0.087167 -0.015450 -0.137140 0.164607 -0.442702
1757579859.459590 -0.053979 -0.006294 0.002098 0.087167 -0.015450 -0.137140 0.164607 -0.441558
1757579859.461603 -0.053979 -0.006294 0.002098 0.087167 -0.015068 -0.137140 0.164607 -0.440032
1757579859.463619 -0.053979 -0.006294 0.002098 0.087167 -0.015068 -0.137140 0.164607 -0.438506
1757579859.465587 -0.053979 -0.006294 0.002098 0.087167 -0.015068 -0.137140 0.164607 -0.436980
1757579859.467585 -0.053979 -0.006294 0.002098 0.087167 -0.015068 -0.137140 0.164607 -0.435454
1757579859.469630 -0.053979 -0.006294 0.002098 0.087167 -0.015068 -0.137140 0.164607 -0.433928
1757579859.471598 -0.053979 -0.006294 0.002098 0.087167 -0.014687 -0.137140 0.164607 -0.432403
1757579859.473608 -0.053979 -0.006294 0.002098 0.087167 -0.014687 -0.137140 0.164607 -0.430877
1757579859.475585 -0.053979 -0.006294 0.002098 0.087167 -0.014687 -0.136759 0.164607 -0.429351
1757579859.477596 -0.053979 -0.006294 0.002098 0.087167 -0.014687 -0.136759 0.164607 -0.427825
1757579859.479602 -0.053979 -0.006294 0.002098 0.087167 -0.014305 -0.136759 0.164607 -0.426299
1757579859.481581 -0.053979 -0.006294 0.002098 0.087167 -0.014305 -0.136759 0.164607 -0.424773
1757579859.483579 -0.053979 -0.006294 0.002098 0.087167 -0.014305 -0.136759 0.164607 -0.423629
1757579859.485580 -0.053979 -0.006294 0.002098 0.087167 -0.014305 -0.136759 0.164607 -0.422103
1757579859.487617 -0.053979 -0.006294 0.002098 0.087167 -0.013924 -0.136759 0.164607 -0.420577
1757579859.489583 -0.053979 -0.006294 0.002098 0.087167 -0.013924 -0.136377 0.164607 -0.419051
1757579859.491579 -0.053979 -0.006294 0.002098 0.087167 -0.013924 -0.136377 0.164607 -0.417525
1757579859.493582 -0.053979 -0.006294 0.002098 0.087167 -0.013924 -0.136377 0.164607 -0.416381
1757579859.495616 -0.053979 -0.006294 0.002098 0.087167 -0.013924 -0.136377 0.164607 -0.414855
1757579859.497591 -0.053979 -0.006294 0.002098 0.087167 -0.013542 -0.136377 0.164607 -0.413329
1757579859.499682 -0.053979 -0.006294 0.002098 0.087167 -0.013542 -0.136377 0.164607 -0.411803
1757579859.501592 -0.053979 -0.006294 0.002098 0.087167 -0.013542 -0.135996 0.164607 -0.410659
1757579859.503614 -0.053979 -0.006294 0.002098 0.087167 -0.013542 -0.135996 0.164607 -0.409133
1757579859.505590 -0.053979 -0.006294 0.002098 0.087167 -0.013542 -0.135996 0.164607 -0.407607
1757579859.507605 -0.053979 -0.006294 0.002098 0.087167 -0.013161 -0.135996 0.164607 -0.406080
1757579859.509606 -0.053979 -0.006294 0.002098 0.087167 -0.013161 -0.135996 0.164607 -0.404936
1757579859.511616 -0.053979 -0.006294 0.002098 0.087167 -0.013161 -0.135614 0.164607 -0.403410
1757579859.513591 -0.053979 -0.006294 0.002098 0.087167 -0.013161 -0.135614 0.164989 -0.401884
1757579859.515583 -0.053979 -0.006294 0.002098 0.087167 -0.012779 -0.135614 0.164989 -0.400740
1757579859.517581 -0.053979 -0.006294 0.002098 0.087167 -0.012779 -0.135614 0.164989 -0.399214
1757579859.519614 -0.053979 -0.006294 0.002098 0.087167 -0.012779 -0.135233 0.164989 -0.397688
1757579859.521584 -0.053979 -0.006294 0.002098 0.087167 -0.012779 -0.135233 0.164989 -0.396544
1757579859.523580 -0.053979 -0.006294 0.002098 0.087167 -0.012779 -0.135233 0.164989 -0.395018
1757579859.525580 -0.053979 -0.006294 0.002098 0.087167 -0.012398 -0.135233 0.164989 -0.393873
1757579859.527616 -0.053979 -0.006294 0.002098 0.087167 -0.012398 -0.135233 0.164989 -0.392347
1757579859.529583 -0.053979 -0.006294 0.002098 0.087167 -0.012398 -0.134851 0.164989 -0.391203
1757579859.531627 -0.053979 -0.006294 0.002098 0.087167 -0.012398 -0.134851 0.164989 -0.389677
1757579859.533585 -0.053979 -0.006294 0.002098 0.087167 -0.012398 -0.134851 0.164989 -0.388533
1757579859.535590 -0.053979 -0.006294 0.002098 0.087167 -0.012016 -0.134851 0.164989 -0.387007
1757579859.537580 -0.053979 -0.006294 0.002098 0.087167 -0.012016 -0.134470 0.165370 -0.385862
1757579859.539690 -0.053979 -0.006294 0.002098 0.087167 -0.012016 -0.134470 0.165370 -0.384718
1757579859.541630 -0.053979 -0.006294 0.002098 0.087167 -0.012016 -0.134470 0.165370 -0.383574
1757579859.543583 -0.053979 -0.006294 0.002098 0.087167 -0.012016 -0.134470 0.165370 -0.382429
1757579859.545591 -0.053979 -0.006294 0.002098 0.087167 -0.011635 -0.134089 0.165370 -0.381285
1757579859.547589 -0.053597 -0.006294 0.002098 0.087167 -0.011635 -0.134089 0.165370 -0.380140
1757579859.549582 -0.053597 -0.006294 0.002098 0.087167 -0.011635 -0.134089 0.165370 -0.378996
1757579859.551580 -0.053597 -0.006294 0.002098 0.087167 -0.011635 -0.134089 0.165370 -0.377851
1757579859.553578 -0.053597 -0.006294 0.002098 0.087167 -0.011635 -0.134089 0.165370 -0.376707
1757579859.555608 -0.053597 -0.006294 0.002098 0.087167 -0.011635 -0.134089 0.165370 -0.375563
1757579859.557581 -0.053597 -0.006294 0.002098 0.087167 -0.011635 -0.133707 0.165370 -0.374800
1757579859.559580 -0.053597 -0.006294 0.002098 0.087167 -0.011635 -0.133707 0.165370 -0.373655
1757579859.561688 -0.053597 -0.006294 0.002098 0.087167 -0.011635 -0.133707 0.165370 -0.372892
1757579859.563645 -0.053597 -0.006294 0.002098 0.087167 -0.011635 -0.133707 0.165370 -0.371748
1757579859.565621 -0.053597 -0.006294 0.002098 0.087167 -0.011635 -0.133707 0.165370 -0.370985
1757579859.567627 -0.053597 -0.006294 0.002098 0.087167 -0.011635 -0.133707 0.165370 -0.369841
1757579859.569627 -0.053597 -0.006294 0.002098 0.087167 -0.011635 -0.133707 0.165370 -0.369078
1757579859.571643 -0.053597 -0.006294 0.002098 0.087167 -0.011635 -0.133326 0.165370 -0.367933
1757579859.573641 -0.053597 -0.006294 0.002098 0.087167 -0.011635 -0.133326 0.165370 -0.367170
1757579859.575625 -0.053597 -0.006294 0.002098 0.087167 -0.011635 -0.133326 0.165370 -0.366407
1757579859.577632 -0.053597 -0.006294 0.002098 0.087167 -0.011635 -0.133326 0.165370 -0.365263
1757579859.579643 -0.053597 -0.006294 0.002098 0.087167 -0.011635 -0.132944 0.165370 -0.364500
1757579859.581626 -0.053597 -0.006294 0.002098 0.087167 -0.011635 -0.132944 0.165370 -0.363356
1757579859.583626 -0.053597 -0.006294 0.002098 0.087167 -0.011635 -0.132944 0.165751 -0.362211
1757579859.585698 -0.053597 -0.006294 0.002098 0.087167 -0.011635 -0.132944 0.165751 -0.361448
1757579859.587643 -0.053979 -0.006294 0.002098 0.087167 -0.011635 -0.132563 0.165751 -0.360304
1757579859.589640 -0.053979 -0.006294 0.002098 0.087167 -0.012016 -0.132563 0.165751 -0.359541
1757579859.591618 -0.053979 -0.006294 0.002098 0.087167 -0.012016 -0.132563 0.165751 -0.358397
1757579859.593619 -0.053979 -0.006294 0.002098 0.087167 -0.012016 -0.132563 0.165751 -0.357634
1757579859.595657 -0.053979 -0.006294 0.002098 0.087167 -0.012016 -0.132181 0.165751 -0.356489
1757579859.597615 -0.053979 -0.006294 0.002098 0.087167 -0.012016 -0.132181 0.165751 -0.355726
1757579859.599586 -0.053979 -0.006294 0.002098 0.087167 -0.012016 -0.132181 0.165751 -0.354582
1757579859.601593 -0.053979 -0.006294 0.002098 0.087167 -0.012016 -0.132181 0.165751 -0.353819
1757579859.603597 -0.053979 -0.006294 0.002098 0.087167 -0.012016 -0.131800 0.165751 -0.352674
1757579859.605593 -0.053979 -0.006294 0.002098 0.087167 -0.012016 -0.131800 0.165751 -0.351912
1757579859.607595 -0.053979 -0.006294 0.002098 0.087167 -0.012016 -0.131800 0.165751 -0.350767
1757579859.609597 -0.053979 -0.006294 0.002098 0.087167 -0.012016 -0.131800 0.165751 -0.350004
1757579859.611591 -0.053979 -0.006294 0.002098 0.087167 -0.012016 -0.131418 0.165751 -0.348860
1757579859.613602 -0.053979 -0.006294 0.002098 0.087167 -0.012016 -0.131418 0.165751 -0.347715
1757579859.615580 -0.053979 -0.006294 0.002098 0.087167 -0.012016 -0.131418 0.165751 -0.346952
1757579859.617579 -0.053979 -0.006294 0.002098 0.087167 -0.012016 -0.131418 0.165751 -0.345808
1757579859.619689 -0.053979 -0.006294 0.002098 0.087167 -0.012016 -0.131037 0.165751 -0.345045
1757579859.621629 -0.053979 -0.006294 0.002098 0.087167 -0.012016 -0.131037 0.165751 -0.343901
1757579859.623630 -0.053979 -0.006294 0.002098 0.087167 -0.012016 -0.131037 0.165751 -0.343137
1757579859.625613 -0.053979 -0.006294 0.002098 0.087167 -0.012016 -0.131037 0.165751 -0.342374
1757579859.627578 -0.053979 -0.006294 0.002098 0.087167 -0.012016 -0.131037 0.165751 -0.341229
1757579859.629651 -0.053979 -0.006294 0.002098 0.087167 -0.012016 -0.130655 0.165751 -0.340466
1757579859.631665 -0.053979 -0.006294 0.002098 0.087167 -0.012016 -0.130655 0.165751 -0.339322
1757579859.633615 -0.053979 -0.006294 0.002098 0.087167 -0.012016 -0.130655 0.165751 -0.338559
1757579859.635577 -0.053979 -0.006294 0.002098 0.087167 -0.012016 -0.130655 0.165751 -0.337415
1757579859.637608 -0.053979 -0.006294 0.002098 0.087167 -0.012016 -0.130655 0.165751 -0.336652
1757579859.639639 -0.053979 -0.006294 0.002098 0.087167 -0.012016 -0.130274 0.165751 -0.335507
1757579859.641599 -0.053979 -0.006294 0.002098 0.087167 -0.012016 -0.130274 0.165751 -0.334744
1757579859.643577 -0.053979 -0.006294 0.002098 0.087167 -0.012016 -0.130274 0.165751 -0.333600
1757579859.645583 -0.053979 -0.006294 0.002098 0.087167 -0.012016 -0.130274 0.165751 -0.332456
1757579859.647576 -0.053979 -0.006294 0.002098 0.087167 -0.012016 -0.130274 0.165751 -0.331693
1757579859.649602 -0.053979 -0.006294 0.002098 0.087167 -0.012016 -0.130274 0.165751 -0.330548
1757579859.651574 -0.053979 -0.006294 0.002098 0.087167 -0.012016 -0.130274 0.165751 -0.329785
1757579859.653579 -0.053979 -0.006294 0.002098 0.087167 -0.012016 -0.129892 0.165751 -0.328641
1757579859.655594 -0.053979 -0.006294 0.002098 0.087167 -0.012016 -0.129892 0.165751 -0.327878
1757579859.657601 -0.053979 -0.006294 0.002098 0.087167 -0.012016 -0.129892 0.165751 -0.326734
1757579859.659582 -0.053979 -0.006294 0.002098 0.087167 -0.012016 -0.129892 0.165751 -0.325971
1757579859.661582 -0.053979 -0.006294 0.002098 0.087167 -0.012398 -0.129892 0.165751 -0.325208
1757579859.663575 -0.053979 -0.006294 0.002098 0.087167 -0.012398 -0.129892 0.165751 -0.324063
1757579859.665598 -0.053979 -0.006294 0.002098 0.087167 -0.012398 -0.129892 0.165751 -0.323300
1757579859.667577 -0.053979 -0.006294 0.002098 0.087167 -0.012398 -0.129511 0.165751 -0.322156
1757579859.669578 -0.053979 -0.006294 0.002098 0.087167 -0.012398 -0.129511 0.165751 -0.321393
1757579859.671573 -0.053979 -0.006294 0.002098 0.087167 -0.012398 -0.129511 0.165751 -0.320249
1757579859.673577 -0.053979 -0.006294 0.002098 0.087167 -0.012398 -0.129511 0.166133 -0.319486
1757579859.675575 -0.053979 -0.006294 0.002098 0.087167 -0.012398 -0.129511 0.166133 -0.318341
1757579859.677586 -0.053979 -0.006294 0.002098 0.087167 -0.012398 -0.129511 0.166133 -0.317578
1757579859.679575 -0.053979 -0.006294 0.002098 0.087167 -0.012398 -0.129129 0.166133 -0.316815
1757579859.681587 -0.053979 -0.006294 0.002098 0.087167 -0.012398 -0.129129 0.166133 -0.315671
1757579859.683582 -0.053979 -0.006294 0.002098 0.087167 -0.012779 -0.129129 0.166133 -0.314908
1757579859.685605 -0.053979 -0.006294 0.002098 0.087167 -0.012779 -0.129129 0.166133 -0.313764
1757579859.687606 -0.053979 -0.006294 0.002098 0.087167 -0.012779 -0.129129 0.166133 -0.313001
1757579859.689583 -0.053979 -0.006294 0.002098 0.087167 -0.012779 -0.128748 0.166133 -0.311856
1757579859.691613 -0.053979 -0.006294 0.002098 0.087167 -0.012779 -0.128748 0.166133 -0.311093
1757579859.693646 -0.053979 -0.006294 0.002098 0.087167 -0.012779 -0.128748 0.166133 -0.310330
1757579859.695610 -0.053979 -0.006294 0.002098 0.087167 -0.012779 -0.128748 0.166133 -0.309186
1757579859.697610 -0.053979 -0.006294 0.002098 0.087167 -0.012779 -0.128748 0.166133 -0.308423
1757579859.699607 -0.053979 -0.006676 0.002098 0.087167 -0.012779 -0.128366 0.166133 -0.307279
1757579859.701605 -0.053979 -0.006676 0.002098 0.087167 -0.012779 -0.128366 0.166133 -0.306516
1757579859.703606 -0.053979 -0.006676 0.002098 0.087167 -0.012779 -0.128366 0.166133 -0.305371
1757579859.705612 -0.053979 -0.006676 0.002098 0.087167 -0.012779 -0.128366 0.166133 -0.304608
1757579859.707597 -0.053979 -0.006676 0.002098 0.087167 -0.012779 -0.128366 0.166514 -0.303845
1757579859.709607 -0.053979 -0.006676 0.002098 0.087167 -0.013161 -0.127985 0.166514 -0.302701
1757579859.711609 -0.053979 -0.006676 0.002098 0.087167 -0.013161 -0.127985 0.166514 -0.301938
1757579859.713600 -0.053979 -0.006676 0.002098 0.087167 -0.013161 -0.127985 0.166514 -0.300794
1757579859.715599 -0.053979 -0.006676 0.002098 0.087167 -0.013161 -0.127985 0.166514 -0.300031
1757579859.717626 -0.053979 -0.006676 0.002098 0.087167 -0.013161 -0.127985 0.166514 -0.299268
1757579859.719637 -0.053979 -0.006676 0.002098 0.087167 -0.013161 -0.127604 0.166514 -0.298123
1757579859.721622 -0.053979 -0.006676 0.002098 0.087167 -0.013161 -0.127604 0.166514 -0.297360
1757579859.723611 -0.053979 -0.006676 0.002098 0.087167 -0.013161 -0.127604 0.166514 -0.296597
1757579859.725599 -0.053979 -0.006676 0.002098 0.087167 -0.013161 -0.127604 0.166896 -0.295453
1757579859.727593 -0.053979 -0.006676 0.002098 0.087167 -0.013161 -0.127604 0.166896 -0.294690
1757579859.729625 -0.053979 -0.006676 0.002098 0.087167 -0.013161 -0.127222 0.166896 -0.293546
1757579859.731608 -0.053979 -0.006676 0.002098 0.087167 -0.013161 -0.127222 0.166896 -0.292783
1757579859.733630 -0.053979 -0.006676 0.002098 0.087167 -0.013161 -0.127222 0.166896 -0.291638
1757579859.735609 -0.053979 -0.006676 0.002098 0.087167 -0.013161 -0.127222 0.166896 -0.290875
1757579859.737606 -0.053979 -0.006676 0.002098 0.087167 -0.013542 -0.126841 0.166896 -0.290112
1757579859.739606 -0.053979 -0.006676 0.002098 0.087167 -0.013542 -0.126841 0.167277 -0.288968
1757579859.741611 -0.053979 -0.006676 0.002098 0.087167 -0.013542 -0.126841 0.167277 -0.288205
1757579859.743601 -0.053979 -0.006676 0.002098 0.087167 -0.013542 -0.126841 0.167277 -0.287442
1757579859.745596 -0.053979 -0.006676 0.002098 0.087167 -0.013542 -0.126459 0.167277 -0.286298
1757579859.747620 -0.053979 -0.006676 0.002098 0.087167 -0.013542 -0.126459 0.167277 -0.285535
1757579859.749631 -0.053979 -0.006676 0.002098 0.087167 -0.013542 -0.126459 0.167277 -0.284390
1757579859.751612 -0.053979 -0.006676 0.002098 0.087167 -0.013542 -0.126459 0.167277 -0.283628
1757579859.753605 -0.053979 -0.006676 0.002098 0.087167 -0.013542 -0.126459 0.167659 -0.282865
1757579859.755614 -0.053979 -0.006676 0.002098 0.087167 -0.013542 -0.126078 0.167659 -0.281720
1757579859.757609 -0.053979 -0.006676 0.002098 0.087167 -0.013542 -0.126078 0.167659 -0.280956
1757579859.759604 -0.053979 -0.006676 0.002098 0.087167 -0.013924 -0.126078 0.167659 -0.280193
1757579859.761601 -0.053979 -0.006676 0.002098 0.087167 -0.013924 -0.126078 0.167659 -0.279049
1757579859.763607 -0.053979 -0.006676 0.002098 0.087167 -0.013924 -0.125696 0.167659 -0.278286
1757579859.765604 -0.053979 -0.006676 0.002098 0.087167 -0.013924 -0.125696 0.167659 -0.277142
1757579859.767600 -0.053979 -0.006676 0.002098 0.087167 -0.013924 -0.125696 0.167659 -0.276379
1757579859.769599 -0.053979 -0.006676 0.002098 0.087167 -0.013924 -0.125696 0.168040 -0.275234
1757579859.771598 -0.053979 -0.007057 0.002098 0.087167 -0.013924 -0.125315 0.168040 -0.274471
1757579859.773602 -0.053979 -0.007057 0.002098 0.087167 -0.013924 -0.125315 0.168040 -0.273327
1757579859.775593 -0.053979 -0.007057 0.002098 0.087167 -0.013924 -0.125315 0.168040 -0.272564
1757579859.777655 -0.053979 -0.007057 0.002098 0.087167 -0.013924 -0.125315 0.168040 -0.271420
1757579859.779610 -0.053979 -0.007057 0.002098 0.087167 -0.014305 -0.125315 0.168040 -0.270657
1757579859.781612 -0.053979 -0.007057 0.002098 0.087167 -0.014305 -0.124933 0.168040 -0.269512
1757579859.783606 -0.053979 -0.007057 0.002098 0.087167 -0.014305 -0.124933 0.168040 -0.268749
1757579859.785590 -0.053979 -0.007057 0.002098 0.087167 -0.014305 -0.124933 0.168422 -0.267605
1757579859.787647 -0.053979 -0.007057 0.002098 0.087167 -0.014305 -0.124933 0.168422 -0.266842
1757579859.789630 -0.053979 -0.007057 0.002098 0.087167 -0.014305 -0.124552 0.168422 -0.265697
1757579859.791595 -0.053979 -0.007057 0.002098 0.087167 -0.014305 -0.124552 0.168422 -0.264935
1757579859.793588 -0.053979 -0.007057 0.002098 0.087167 -0.014305 -0.124552 0.168422 -0.263790
1757579859.795605 -0.053979 -0.007057 0.002098 0.087167 -0.014305 -0.124170 0.168422 -0.262646
1757579859.797601 -0.053979 -0.007057 0.002098 0.087167 -0.014305 -0.124170 0.168422 -0.261883
1757579859.799585 -0.053979 -0.007057 0.002098 0.087167 -0.014305 -0.124170 0.168422 -0.260738
1757579859.801585 -0.053979 -0.007057 0.002098 0.087167 -0.014305 -0.124170 0.168803 -0.259975
1757579859.803582 -0.053979 -0.007057 0.002098 0.087167 -0.014305 -0.123789 0.168803 -0.258831
1757579859.805599 -0.053979 -0.007057 0.002098 0.087167 -0.014305 -0.123789 0.168803 -0.257687
1757579859.807599 -0.053979 -0.007057 0.002098 0.087167 -0.014305 -0.123789 0.168803 -0.256924
1757579859.809608 -0.053597 -0.007057 0.002098 0.087167 -0.014305 -0.123407 0.168803 -0.255779
1757579859.811598 -0.053597 -0.007057 0.002098 0.087167 -0.014687 -0.123407 0.168803 -0.254635
1757579859.813615 -0.053597 -0.007057 0.002098 0.087167 -0.014687 -0.123407 0.168803 -0.253490
1757579859.815577 -0.053597 -0.007057 0.002098 0.087167 -0.014687 -0.123026 0.169185 -0.252728
1757579859.817598 -0.053597 -0.007057 0.002098 0.087167 -0.014687 -0.123026 0.169185 -0.251583
1757579859.819585 -0.053597 -0.007057 0.002098 0.087167 -0.014687 -0.123026 0.169185 -0.250820
1757579859.821614 -0.053597 -0.007057 0.002098 0.087167 -0.014687 -0.122644 0.169185 -0.249676
1757579859.823578 -0.053597 -0.007057 0.002098 0.087167 -0.014687 -0.122644 0.169185 -0.248531
1757579859.825594 -0.053597 -0.007057 0.002098 0.087167 -0.014687 -0.122644 0.169185 -0.247768
1757579859.827575 -0.053597 -0.007057 0.002098 0.087167 -0.014687 -0.122263 0.169185 -0.246624
1757579859.829705 -0.053597 -0.007057 0.002098 0.087167 -0.014687 -0.122263 0.169566 -0.245480
1757579859.831626 -0.053597 -0.007057 0.002098 0.087167 -0.014687 -0.121881 0.169566 -0.244335
1757579859.833621 -0.053597 -0.007057 0.002098 0.087167 -0.014687 -0.121881 0.169566 -0.243572
1757579859.835579 -0.053597 -0.007057 0.002098 0.087167 -0.014687 -0.121881 0.169566 -0.242428
1757579859.837599 -0.053597 -0.007057 0.002098 0.087167 -0.014687 -0.121500 0.169566 -0.241283
1757579859.839597 -0.053597 -0.007057 0.002098 0.087167 -0.014687 -0.121500 0.169566 -0.240520
1757579859.841662 -0.053597 -0.007057 0.002098 0.087167 -0.014687 -0.121500 0.169948 -0.239376
1757579859.843586 -0.053597 -0.007057 0.002098 0.087167 -0.014687 -0.121119 0.169948 -0.238232
1757579859.845599 -0.053979 -0.007057 0.002098 0.087167 -0.014687 -0.121119 0.169948 -0.237469
1757579859.847593 -0.053979 -0.007057 0.002098 0.087167 -0.014687 -0.121119 0.169948 -0.236324
1757579859.849710 -0.053979 -0.007057 0.002098 0.087167 -0.014687 -0.120737 0.169948 -0.235180
1757579859.851663 -0.053979 -0.007057 0.002098 0.087167 -0.014687 -0.120737 0.169948 -0.234417
1757579859.853622 -0.053979 -0.007057 0.002098 0.087167 -0.015068 -0.120356 0.170329 -0.233273
1757579859.855659 -0.053979 -0.007057 0.002098 0.087167 -0.015068 -0.120356 0.170329 -0.232510
1757579859.857633 -0.053979 -0.007057 0.002098 0.087167 -0.015068 -0.120356 0.170329 -0.231365
1757579859.859621 -0.053979 -0.007057 0.002098 0.087167 -0.015068 -0.119974 0.170329 -0.230221
1757579859.861583 -0.053979 -0.007057 0.002098 0.087167 -0.015068 -0.119974 0.170329 -0.229458
1757579859.863591 -0.053979 -0.007057 0.002098 0.087167 -0.015068 -0.119593 0.170329 -0.228313
1757579859.865581 -0.053979 -0.007057 0.002098 0.087167 -0.015068 -0.119593 0.170329 -0.227551
1757579859.867588 -0.053979 -0.007057 0.002098 0.087167 -0.015068 -0.119593 0.170711 -0.226406
1757579859.869582 -0.053979 -0.007057 0.002098 0.087167 -0.015068 -0.119211 0.170711 -0.225643
1757579859.871700 -0.053979 -0.007057 0.002098 0.087167 -0.015068 -0.119211 0.170711 -0.224499
1757579859.873652 -0.053979 -0.007057 0.002098 0.087167 -0.015068 -0.118830 0.170711 -0.223736
1757579859.875602 -0.053979 -0.007057 0.002098 0.087167 -0.015068 -0.118830 0.170711 -0.222591
1757579859.877601 -0.053979 -0.007057 0.002098 0.087167 -0.015068 -0.118830 0.170711 -0.221447
1757579859.879626 -0.053979 -0.007057 0.002098 0.087167 -0.015068 -0.118448 0.171092 -0.220684
1757579859.881628 -0.053979 -0.007057 0.002098 0.087167 -0.015068 -0.118448 0.171092 -0.219921
1757579859.883608 -0.053979 -0.007057 0.002098 0.087167 -0.015068 -0.118067 0.171092 -0.218777
1757579859.885598 -0.053979 -0.007057 0.002098 0.087167 -0.015068 -0.118067 0.171092 -0.218013
1757579859.887591 -0.053979 -0.007057 0.002098 0.087167 -0.015068 -0.117685 0.171092 -0.216868
1757579859.889598 -0.053979 -0.007057 0.002098 0.087167 -0.015068 -0.117685 0.171092 -0.216105
1757579859.891600 -0.053979 -0.007057 0.002098 0.087167 -0.015450 -0.117685 0.171474 -0.214961
1757579859.893606 -0.053979 -0.007057 0.002098 0.087167 -0.015450 -0.117304 0.171474 -0.214198
1757579859.895610 -0.053979 -0.007057 0.002098 0.087167 -0.015450 -0.117304 0.171474 -0.213054
1757579859.897592 -0.053979 -0.007057 0.002098 0.087167 -0.015450 -0.117304 0.171474 -0.212291
1757579859.899595 -0.053979 -0.007057 0.002098 0.087167 -0.015450 -0.116922 0.171474 -0.211146
1757579859.901602 -0.053979 -0.007057 0.002098 0.087167 -0.015450 -0.116922 0.171474 -0.210383
1757579859.903616 -0.053979 -0.007057 0.002098 0.087167 -0.015450 -0.116922 0.171474 -0.209620
1757579859.905589 -0.053979 -0.007057 0.002098 0.087167 -0.015450 -0.116541 0.171855 -0.208476
1757579859.907583 -0.053979 -0.007057 0.002098 0.087167 -0.015450 -0.116541 0.171855 -0.207713
1757579859.909581 -0.053979 -0.007057 0.002098 0.087167 -0.015450 -0.116159 0.171855 -0.206950
1757579859.911577 -0.053979 -0.007057 0.002098 0.087167 -0.015450 -0.116159 0.171855 -0.205806
1757579859.913585 -0.053979 -0.007439 0.002098 0.087167 -0.015450 -0.116159 0.171855 -0.205043
1757579859.915625 -0.053979 -0.007439 0.002098 0.087167 -0.015450 -0.115778 0.171855 -0.203898
1757579859.917624 -0.053979 -0.007439 0.002098 0.087167 -0.015450 -0.115778 0.172236 -0.203135
1757579859.919586 -0.053979 -0.007439 0.002098 0.087167 -0.015450 -0.115778 0.172236 -0.202373
1757579859.921597 -0.053979 -0.007439 0.002098 0.087167 -0.015450 -0.115396 0.172236 -0.201228
1757579859.923577 -0.053979 -0.007439 0.002098 0.087167 -0.015450 -0.115396 0.172236 -0.200465
1757579859.925574 -0.053979 -0.007439 0.002098 0.087167 -0.015450 -0.115396 0.172236 -0.199321
1757579859.927582 -0.053979 -0.007439 0.002098 0.087167 -0.015450 -0.115396 0.172236 -0.198558
1757579859.929587 -0.053979 -0.007439 0.002098 0.087167 -0.015450 -0.115015 0.172618 -0.197413
1757579859.931586 -0.053979 -0.007439 0.002098 0.087167 -0.015831 -0.115015 0.172618 -0.196651
1757579859.933629 -0.053979 -0.007439 0.002098 0.087167 -0.015831 -0.115015 0.172618 -0.195888
1757579859.935610 -0.053979 -0.007439 0.002098 0.087167 -0.015831 -0.114634 0.172618 -0.194743
1757579859.937638 -0.053979 -0.007439 0.002098 0.087167 -0.015831 -0.114634 0.172618 -0.193980
1757579859.939602 -0.053979 -0.007439 0.002098 0.087167 -0.015831 -0.114634 0.172618 -0.193217
1757579859.941636 -0.053979 -0.007439 0.002098 0.087167 -0.015831 -0.114252 0.172999 -0.192073
1757579859.943645 -0.053979 -0.007439 0.002098 0.087167 -0.015831 -0.114252 0.172999 -0.191310
1757579859.945610 -0.053979 -0.007439 0.002098 0.087167 -0.015831 -0.114252 0.172999 -0.190547
1757579859.947614 -0.053979 -0.007439 0.002098 0.087167 -0.015831 -0.113871 0.172999 -0.189403
1757579859.949601 -0.053979 -0.007439 0.002098 0.087167 -0.015831 -0.113871 0.172999 -0.188640
1757579859.951600 -0.053979 -0.007439 0.002098 0.087167 -0.015831 -0.113871 0.173381 -0.187495
1757579859.953580 -0.053979 -0.007439 0.002098 0.087167 -0.015831 -0.113489 0.173381 -0.186732
1757579859.955588 -0.053979 -0.007439 0.002098 0.087167 -0.015831 -0.113489 0.173381 -0.185969
1757579859.957575 -0.053979 -0.007439 0.002098 0.087167 -0.015831 -0.113489 0.173381 -0.184825
1757579859.959596 -0.053979 -0.007439 0.002098 0.087167 -0.015831 -0.113108 0.173381 -0.184062
1757579859.961594 -0.053979 -0.007439 0.002098 0.087167 -0.016212 -0.113108 0.173381 -0.182918
1757579859.963577 -0.053979 -0.007439 0.002098 0.087167 -0.015831 -0.113108 0.173762 -0.182155
1757579859.965591 -0.053979 -0.007439 0.002098 0.087167 -0.016212 -0.112726 0.173762 -0.181392
1757579859.967594 -0.053979 -0.007439 0.002098 0.087167 -0.016212 -0.112726 0.173762 -0.180629
1757579859.969577 -0.053979 -0.007439 0.002098 0.087167 -0.016212 -0.112726 0.173762 -0.179484
1757579859.971594 -0.053979 -0.007439 0.002098 0.087167 -0.016212 -0.112345 0.173762 -0.178721
1757579859.973581 -0.053979 -0.007439 0.002098 0.087167 -0.016212 -0.112345 0.173762 -0.177958
1757579859.975591 -0.053979 -0.007439 0.002098 0.087167 -0.016212 -0.112345 0.174144 -0.177196
1757579859.977595 -0.053979 -0.007439 0.002098 0.087167 -0.016212 -0.111963 0.174144 -0.176051
1757579859.979590 -0.053979 -0.007439 0.002098 0.087167 -0.016212 -0.111963 0.174144 -0.175288
1757579859.981582 -0.053979 -0.007439 0.002098 0.087167 -0.016212 -0.111963 0.174144 -0.174525
1757579859.983599 -0.053979 -0.007439 0.002098 0.087167 -0.016212 -0.111582 0.174144 -0.173762
1757579859.985592 -0.053979 -0.007439 0.002098 0.087167 -0.016212 -0.111582 0.174144 -0.172618
1757579859.987586 -0.053979 -0.007439 0.002098 0.087167 -0.016212 -0.111582 0.174144 -0.171855
1757579859.989583 -0.053979 -0.007439 0.002098 0.087167 -0.016212 -0.111200 0.174525 -0.171092
1757579859.991590 -0.053979 -0.007439 0.002098 0.087167 -0.016594 -0.111200 0.174525 -0.170329
1757579859.993580 -0.053979 -0.007439 0.002098 0.087167 -0.016594 -0.111200 0.174525 -0.169566
1757579859.995654 -0.053979 -0.007439 0.002098 0.087167 -0.016594 -0.110819 0.174525 -0.168803
1757579859.997596 -0.053979 -0.007439 0.002098 0.087167 -0.016594 -0.110819 0.174525 -0.167659
1757579859.999624 -0.053979 -0.007439 0.002098 0.087167 -0.016594 -0.110819 0.174525 -0.166896
1757579860.001588 -0.053979 -0.007439 0.002098 0.087167 -0.016594 -0.110819 0.174907 -0.166133
1757579860.003584 -0.053979 -0.007439 0.002098 0.087167 -0.016594 -0.110437 0.174907 -0.165370
1757579860.005584 -0.053979 -0.007439 0.002098 0.087167 -0.016594 -0.110437 0.174907 -0.164607
1757579860.007612 -0.053979 -0.007439 0.002098 0.087167 -0.016594 -0.110437 0.174907 -0.163844
1757579860.009587 -0.053979 -0.007439 0.002098 0.087167 -0.016594 -0.110056 0.174907 -0.163081
1757579860.011580 -0.053979 -0.007439 0.002098 0.087167 -0.016594 -0.110056 0.174907 -0.162318
1757579860.013589 -0.053979 -0.007439 0.002098 0.087167 -0.016594 -0.110056 0.174907 -0.161555
1757579860.015599 -0.053979 -0.007439 0.002098 0.087167 -0.016975 -0.110056 0.174907 -0.160792
1757579860.017582 -0.053979 -0.007439 0.002098 0.087167 -0.016975 -0.109674 0.175288 -0.160029
1757579860.019583 -0.053979 -0.007439 0.002098 0.087167 -0.016975 -0.109674 0.175288 -0.159266
1757579860.021576 -0.053979 -0.007439 0.002098 0.087167 -0.016975 -0.109674 0.175288 -0.158504
1757579860.023596 -0.053979 -0.007439 0.002098 0.087167 -0.016975 -0.109293 0.175288 -0.157741
1757579860.025581 -0.054360 -0.007439 0.002098 0.087167 -0.016975 -0.109293 0.175288 -0.156978
1757579860.027596 -0.054360 -0.007439 0.002098 0.087167 -0.016975 -0.109293 0.175288 -0.156214
1757579860.029586 -0.054360 -0.007439 0.002098 0.087167 -0.016975 -0.109293 0.175288 -0.155451
1757579860.031589 -0.054360 -0.007439 0.002098 0.087167 -0.016975 -0.108912 0.175288 -0.154688
1757579860.033592 -0.054360 -0.007439 0.002098 0.087167 -0.016975 -0.108912 0.175670 -0.153925
1757579860.035595 -0.054360 -0.007439 0.002098 0.087167 -0.016975 -0.108912 0.175670 -0.153543
1757579860.037592 -0.054360 -0.007439 0.002098 0.087167 -0.017357 -0.108912 0.175670 -0.152781
1757579860.039582 -0.054360 -0.007439 0.002098 0.087167 -0.017357 -0.108530 0.175670 -0.152018
1757579860.041582 -0.054360 -0.007439 0.002098 0.087167 -0.017357 -0.108530 0.175670 -0.151255
1757579860.043597 -0.054360 -0.007439 0.002098 0.087167 -0.017357 -0.108530 0.175670 -0.150492
1757579860.045582 -0.054360 -0.007439 0.002098 0.087167 -0.017357 -0.108149 0.175670 -0.149729
1757579860.047580 -0.054360 -0.007439 0.002098 0.087167 -0.017357 -0.108149 0.175670 -0.149347
1757579860.049581 -0.054360 -0.007439 0.002098 0.087167 -0.017357 -0.108149 0.176051 -0.148584
1757579860.051597 -0.054360 -0.007439 0.002098 0.087167 -0.017357 -0.108149 0.176051 -0.147821
1757579860.053596 -0.054360 -0.007439 0.002098 0.087167 -0.017357 -0.107767 0.176051 -0.147058
1757579860.055580 -0.054360 -0.007439 0.002098 0.087167 -0.017357 -0.107767 0.176051 -0.146296
1757579860.057611 -0.054360 -0.007439 0.002098 0.087167 -0.017357 -0.107767 0.176051 -0.145533
1757579860.059608 -0.054360 -0.007439 0.002098 0.087167 -0.017357 -0.107386 0.176051 -0.145151
1757579860.061579 -0.054360 -0.007439 0.002098 0.087167 -0.017357 -0.107386 0.176051 -0.144388
1757579860.063576 -0.054360 -0.007439 0.002098 0.087167 -0.017738 -0.107386 0.176051 -0.143625
1757579860.065582 -0.054360 -0.007439 0.002098 0.087167 -0.017738 -0.107004 0.176433 -0.142862
1757579860.067598 -0.054360 -0.007439 0.002098 0.087167 -0.017738 -0.107004 0.176433 -0.142099
1757579860.069592 -0.054360 -0.007439 0.002098 0.087167 -0.017738 -0.107004 0.176433 -0.141718
1757579860.071579 -0.054360 -0.007439 0.002098 0.087167 -0.017738 -0.107004 0.176433 -0.140955
1757579860.073612 -0.054360 -0.007439 0.002098 0.087167 -0.017738 -0.106623 0.176433 -0.140192
1757579860.075645 -0.054360 -0.007439 0.002098 0.087167 -0.017738 -0.106623 0.176433 -0.139429
1757579860.077581 -0.054360 -0.007439 0.002098 0.087167 -0.017738 -0.106623 0.176433 -0.138666
1757579860.079581 -0.054360 -0.007439 0.002098 0.087167 -0.017738 -0.106241 0.176814 -0.137903
1757579860.081579 -0.054360 -0.007439 0.002098 0.087167 -0.017738 -0.106241 0.176814 -0.137140
1757579860.083630 -0.054360 -0.007439 0.002098 0.087167 -0.017738 -0.106241 0.176814 -0.136377
1757579860.085586 -0.054360 -0.007439 0.002098 0.087167 -0.017738 -0.105860 0.176814 -0.135614
1757579860.087582 -0.054360 -0.007439 0.002098 0.087167 -0.017738 -0.105860 0.176814 -0.135233
1757579860.089592 -0.054360 -0.007439 0.002098 0.087167 -0.017738 -0.105860 0.176814 -0.134470
1757579860.091675 -0.054360 -0.007439 0.002098 0.087167 -0.017738 -0.105478 0.176814 -0.133707
1757579860.093599 -0.054360 -0.007439 0.002098 0.087167 -0.017738 -0.105478 0.176814 -0.133326
1757579860.095619 -0.054360 -0.007439 0.002098 0.087167 -0.017738 -0.105478 0.177196 -0.132563
1757579860.097597 -0.054360 -0.007439 0.002098 0.087167 -0.017738 -0.105478 0.177196 -0.131800
1757579860.099727 -0.054360 -0.007439 0.002098 0.087167 -0.017738 -0.105097 0.177196 -0.131037
1757579860.101580 -0.054360 -0.007439 0.002098 0.087167 -0.017738 -0.105097 0.177196 -0.130274
1757579860.103612 -0.054360 -0.007439 0.002098 0.087167 -0.017738 -0.105097 0.177196 -0.129511
1757579860.105574 -0.054360 -0.007439 0.002098 0.087167 -0.017738 -0.104715 0.177196 -0.128748
1757579860.107694 -0.054360 -0.007439 0.002098 0.087167 -0.017738 -0.104715 0.177577 -0.127985
1757579860.109594 -0.054360 -0.007439 0.002098 0.087167 -0.017738 -0.104715 0.177577 -0.127222
1757579860.111603 -0.054360 -0.007439 0.002098 0.087167 -0.017738 -0.104715 0.177577 -0.126841
1757579860.113573 -0.054360 -0.007439 0.002098 0.087167 -0.017738 -0.104334 0.177577 -0.126078
1757579860.115628 -0.054360 -0.007439 0.002098 0.087167 -0.017738 -0.104334 0.177577 -0.125315
1757579860.117581 -0.054360 -0.007439 0.002098 0.087167 -0.017738 -0.104334 0.177577 -0.124552
1757579860.119613 -0.054360 -0.007439 0.002098 0.087167 -0.017738 -0.103952 0.177958 -0.123789
1757579860.121585 -0.054360 -0.007439 0.002098 0.087167 -0.017738 -0.103952 0.177958 -0.123026
1757579860.123586 -0.054360 -0.007439 0.002098 0.087167 -0.017738 -0.103952 0.177958 -0.122263
1757579860.125583 -0.054360 -0.007439 0.002098 0.087167 -0.017738 -0.103571 0.177958 -0.121500
1757579860.127579 -0.054360 -0.007439 0.002098 0.087167 -0.017738 -0.103571 0.177958 -0.120737
1757579860.129585 -0.054360 -0.007439 0.002098 0.087167 -0.018120 -0.103189 0.178340 -0.119974
1757579860.131595 -0.054360 -0.007439 0.002098 0.087167 -0.017738 -0.103189 0.178340 -0.119211
1757579860.133575 -0.054360 -0.007439 0.002098 0.087167 -0.018120 -0.103189 0.178340 -0.118448
1757579860.135582 -0.054360 -0.007439 0.002098 0.087167 -0.018120 -0.102808 0.178340 -0.117685
1757579860.137575 -0.054360 -0.007439 0.002098 0.087167 -0.018120 -0.102808 0.178340 -0.116922
1757579860.139581 -0.054360 -0.007439 0.002098 0.087167 -0.018120 -0.102427 0.178340 -0.116159
1757579860.141585 -0.054360 -0.007439 0.002098 0.087167 -0.018120 -0.102427 0.178721 -0.115396
1757579860.143580 -0.054360 -0.007439 0.002098 0.087167 -0.018120 -0.102427 0.178721 -0.114634
1757579860.145577 -0.054360 -0.007439 0.002098 0.087167 -0.018120 -0.102045 0.178721 -0.113871
1757579860.147576 -0.054360 -0.007439 0.002098 0.087167 -0.018120 -0.102045 0.178721 -0.113108
1757579860.149582 -0.054360 -0.007439 0.002098 0.087167 -0.018120 -0.101664 0.178721 -0.112345
1757579860.151588 -0.054360 -0.007439 0.002098 0.087167 -0.018120 -0.101664 0.179103 -0.111582
1757579860.153598 -0.054360 -0.007439 0.002098 0.087167 -0.018120 -0.101664 0.179103 -0.110819
1757579860.155589 -0.054360 -0.007439 0.002098 0.087167 -0.018120 -0.101282 0.179103 -0.110056
1757579860.157574 -0.054360 -0.007439 0.002098 0.087167 -0.018120 -0.101282 0.179103 -0.109293
1757579860.159578 -0.054360 -0.007439 0.002098 0.087167 -0.018120 -0.100901 0.179103 -0.108149
1757579860.161582 -0.054360 -0.007439 0.002098 0.087167 -0.018120 -0.100901 0.179484 -0.107386
1757579860.163579 -0.054360 -0.007439 0.002098 0.087167 -0.018501 -0.100519 0.179484 -0.106623
1757579860.165573 -0.054360 -0.007439 0.002098 0.087167 -0.018501 -0.100519 0.179484 -0.105860
1757579860.167578 -0.054360 -0.007439 0.002098 0.087167 -0.018501 -0.100138 0.179484 -0.105097
1757579860.169584 -0.054360 -0.007439 0.002098 0.087167 -0.018501 -0.100138 0.179484 -0.104334
1757579860.171580 -0.054360 -0.007439 0.002098 0.087167 -0.018501 -0.099756 0.179866 -0.103571
1757579860.173584 -0.054360 -0.007439 0.002098 0.087167 -0.018501 -0.099756 0.179866 -0.102427
1757579860.175578 -0.054360 -0.007439 0.002098 0.087167 -0.018501 -0.099375 0.179866 -0.101664
1757579860.177579 -0.054360 -0.007439 0.002098 0.087167 -0.018501 -0.099375 0.179866 -0.100901
1757579860.179576 -0.054360 -0.007439 0.002098 0.087167 -0.018501 -0.098993 0.179866 -0.100138
1757579860.181609 -0.054360 -0.007439 0.002098 0.087167 -0.018501 -0.098993 0.179866 -0.098993
1757579860.183581 -0.054360 -0.007439 0.002098 0.087167 -0.018501 -0.098612 0.180247 -0.098230
1757579860.185604 -0.054360 -0.007439 0.002098 0.087167 -0.018501 -0.098612 0.180247 -0.097467
1757579860.187586 -0.054360 -0.007439 0.002098 0.087167 -0.018501 -0.098230 0.180247 -0.096704
1757579860.189588 -0.054360 -0.007439 0.002098 0.087167 -0.018501 -0.098230 0.180247 -0.095560
1757579860.191580 -0.054360 -0.007439 0.002098 0.087167 -0.018501 -0.097849 0.180629 -0.094797
1757579860.193591 -0.054360 -0.007439 0.002098 0.087167 -0.018501 -0.097849 0.180629 -0.094034
1757579860.195592 -0.054360 -0.007439 0.002098 0.087167 -0.018501 -0.097467 0.180629 -0.093270
1757579860.197574 -0.054360 -0.007439 0.002098 0.087167 -0.018501 -0.097467 0.180629 -0.092507
1757579860.199580 -0.054360 -0.007439 0.002098 0.087167 -0.018501 -0.097086 0.180629 -0.091363
1757579860.201601 -0.054360 -0.007439 0.002098 0.087167 -0.018501 -0.097086 0.181010 -0.090600
1757579860.203581 -0.054360 -0.007439 0.002098 0.087167 -0.018501 -0.096704 0.181010 -0.089837
1757579860.205599 -0.054360 -0.007439 0.002098 0.087167 -0.018501 -0.096704 0.181010 -0.089074
1757579860.207584 -0.054360 -0.007439 0.002098 0.087167 -0.018501 -0.096704 0.181010 -0.088311
1757579860.209594 -0.054360 -0.007439 0.002098 0.087167 -0.018501 -0.096323 0.181010 -0.087167
1757579860.211583 -0.054360 -0.007439 0.002098 0.087167 -0.018501 -0.096323 0.181392 -0.086404
1757579860.213581 -0.054360 -0.007439 0.002098 0.087167 -0.018501 -0.095942 0.181392 -0.085641
1757579860.215590 -0.054360 -0.007439 0.002098 0.087167 -0.018501 -0.095942 0.181392 -0.084878
1757579860.217594 -0.054360 -0.007439 0.002098 0.087167 -0.018501 -0.095560 0.181392 -0.084115
1757579860.219580 -0.054360 -0.007439 0.002098 0.087167 -0.018501 -0.095560 0.181392 -0.082971
1757579860.221580 -0.054360 -0.007439 0.002098 0.087167 -0.018501 -0.095179 0.181773 -0.082208
1757579860.223584 -0.054360 -0.007439 0.002098 0.087167 -0.018501 -0.095179 0.181773 -0.081445
1757579860.225641 -0.054360 -0.007439 0.002098 0.087167 -0.018501 -0.095179 0.181773 -0.080682
1757579860.227611 -0.054360 -0.007439 0.002098 0.087167 -0.018501 -0.094797 0.181773 -0.079537
1757579860.229578 -0.054360 -0.007439 0.002098 0.087167 -0.018501 -0.094797 0.181773 -0.078774
1757579860.231585 -0.054360 -0.007439 0.002098 0.087167 -0.018501 -0.094416 0.181773 -0.078012
1757579860.233593 -0.054360 -0.007439 0.002098 0.087167 -0.018501 -0.094416 0.182155 -0.077249
1757579860.235578 -0.054360 -0.007439 0.002098 0.087167 -0.018501 -0.094416 0.182155 -0.076104
1757579860.237591 -0.054360 -0.007439 0.002098 0.087167 -0.018501 -0.094034 0.182155 -0.075341
1757579860.239581 -0.054360 -0.007439 0.002098 0.087167 -0.018501 -0.094034 0.182155 -0.074578
1757579860.241577 -0.054360 -0.007439 0.002098 0.087167 -0.018501 -0.093652 0.182536 -0.073815
1757579860.243606 -0.054360 -0.007439 0.002098 0.087167 -0.018501 -0.093652 0.182536 -0.073052
1757579860.245591 -0.054360 -0.007439 0.002098 0.087167 -0.018501 -0.093652 0.182536 -0.072289
1757579860.247615 -0.054360 -0.007439 0.002098 0.087167 -0.018501 -0.093270 0.182536 -0.071527
1757579860.249610 -0.054360 -0.007439 0.002098 0.087167 -0.018501 -0.093270 0.182536 -0.070764
1757579860.251578 -0.054360 -0.007439 0.002098 0.087167 -0.018501 -0.093270 0.182918 -0.069619
1757579860.253589 -0.054360 -0.007439 0.002098 0.087167 -0.018501 -0.092889 0.182918 -0.068856
1757579860.255578 -0.054360 -0.007439 0.002098 0.087167 -0.018501 -0.092889 0.182918 -0.068093
1757579860.257583 -0.054360 -0.007439 0.002098 0.087167 -0.018501 -0.092507 0.182918 -0.067330
1757579860.259580 -0.054360 -0.007439 0.002098 0.087167 -0.018501 -0.092507 0.182918 -0.066567
1757579860.261597 -0.054360 -0.007439 0.002098 0.087167 -0.018501 -0.092507 0.183299 -0.065804
1757579860.263585 -0.054360 -0.007439 0.002098 0.087167 -0.018501 -0.092126 0.183299 -0.064660
1757579860.265589 -0.054360 -0.007439 0.002098 0.087167 -0.018501 -0.092126 0.183299 -0.063897
1757579860.267574 -0.054360 -0.007439 0.002098 0.087167 -0.018501 -0.091744 0.183299 -0.063134
1757579860.269594 -0.054360 -0.007439 0.002098 0.087167 -0.018501 -0.091744 0.183681 -0.062371
1757579860.271582 -0.054360 -0.007439 0.002098 0.087167 -0.018501 -0.091744 0.183681 -0.061608
1757579860.273575 -0.054360 -0.007439 0.002098 0.087167 -0.018120 -0.091363 0.183681 -0.060464
1757579860.275587 -0.054360 -0.007439 0.002098 0.087167 -0.018120 -0.091363 0.183681 -0.059701
1757579860.277601 -0.054360 -0.007439 0.002098 0.087167 -0.018120 -0.091363 0.183681 -0.058938
1757579860.279583 -0.054360 -0.007439 0.002098 0.087167 -0.018120 -0.090981 0.184062 -0.058175
1757579860.281577 -0.054360 -0.007439 0.002098 0.087167 -0.018120 -0.090981 0.184062 -0.057412
1757579860.283578 -0.054360 -0.007439 0.002098 0.087167 -0.018120 -0.090600 0.184062 -0.056649
1757579860.285594 -0.054360 -0.007439 0.002098 0.087167 -0.018120 -0.090600 0.184062 -0.055886
1757579860.287577 -0.054360 -0.007439 0.002098 0.087167 -0.018120 -0.090600 0.184443 -0.054742
1757579860.289575 -0.054360 -0.007439 0.002098 0.087167 -0.018120 -0.090219 0.184443 -0.053979
1757579860.291577 -0.054360 -0.007439 0.002098 0.087167 -0.018120 -0.090219 0.184443 -0.053216
1757579860.293594 -0.054360 -0.007439 0.002098 0.087167 -0.018120 -0.089837 0.184443 -0.052453
1757579860.295579 -0.054360 -0.007439 0.002098 0.087167 -0.018120 -0.089837 0.184443 -0.051309
1757579860.297596 -0.054360 -0.007439 0.002098 0.087167 -0.018120 -0.089837 0.184825 -0.050546
1757579860.299579 -0.054360 -0.007439 0.002098 0.087167 -0.018120 -0.089456 0.184825 -0.049783
1757579860.301593 -0.054360 -0.007439 0.002098 0.087167 -0.018120 -0.089456 0.184825 -0.049020
1757579860.303575 -0.054360 -0.007439 0.002098 0.087167 -0.018120 -0.089074 0.184825 -0.047875
1757579860.305631 -0.054360 -0.007439 0.002098 0.087167 -0.018120 -0.089074 0.184825 -0.047112
1757579860.307611 -0.054360 -0.007439 0.002098 0.087167 -0.018120 -0.089074 0.185206 -0.046350
1757579860.309600 -0.054360 -0.007439 0.002098 0.087167 -0.018120 -0.088693 0.185206 -0.045587
1757579860.311609 -0.054360 -0.007439 0.002098 0.087167 -0.018120 -0.088693 0.185206 -0.044442
1757579860.313576 -0.054360 -0.007439 0.002098 0.087167 -0.018120 -0.088693 0.185206 -0.043679
1757579860.315609 -0.054360 -0.007439 0.002098 0.087167 -0.018120 -0.088311 0.185588 -0.042916
1757579860.317593 -0.054360 -0.007439 0.002098 0.087167 -0.018120 -0.088311 0.185588 -0.041772
1757579860.319589 -0.054360 -0.007439 0.002098 0.087167 -0.018120 -0.088311 0.185588 -0.041009
1757579860.321609 -0.054360 -0.007439 0.002098 0.087167 -0.018120 -0.087930 0.185588 -0.039865
1757579860.323603 -0.054360 -0.007439 0.002098 0.087167 -0.018120 -0.087930 0.185588 -0.039102
1757579860.325732 -0.054360 -0.007439 0.002098 0.087167 -0.018120 -0.087930 0.185969 -0.038339
1757579860.327615 -0.054360 -0.007439 0.002098 0.087167 -0.018120 -0.087548 0.185969 -0.037576
1757579860.329671 -0.054360 -0.007439 0.002098 0.087167 -0.018120 -0.087548 0.185969 -0.036431
1757579860.331603 -0.054360 -0.007439 0.002098 0.087167 -0.018120 -0.087548 0.185969 -0.035668
1757579860.333603 -0.054360 -0.007439 0.002098 0.087167 -0.018120 -0.087548 0.186351 -0.034524
1757579860.335679 -0.054360 -0.007439 0.002098 0.087167 -0.018120 -0.087167 0.186351 -0.033761
1757579860.337729 -0.054360 -0.007439 0.002098 0.087167 -0.018120 -0.087167 0.186351 -0.032617
1757579860.339596 -0.054360 -0.007439 0.002098 0.087167 -0.018120 -0.087167 0.186351 -0.031854
1757579860.341626 -0.054360 -0.007439 0.002098 0.087167 -0.018120 -0.086785 0.186351 -0.030708
1757579860.343581 -0.054360 -0.007439 0.002098 0.087167 -0.018120 -0.086785 0.186732 -0.029945
1757579860.345632 -0.054360 -0.007820 0.002098 0.087167 -0.018120 -0.086785 0.186732 -0.029182
1757579860.347590 -0.054360 -0.007820 0.002098 0.087167 -0.018120 -0.086785 0.186732 -0.028038
1757579860.349584 -0.054360 -0.007820 0.002098 0.087167 -0.018120 -0.086785 0.186732 -0.027275
1757579860.351594 -0.054360 -0.007820 0.002098 0.087167 -0.018120 -0.086404 0.187114 -0.026512
1757579860.353648 -0.054360 -0.007820 0.002098 0.087167 -0.018120 -0.086404 0.187114 -0.025368
1757579860.355597 -0.054360 -0.007820 0.002098 0.087167 -0.018120 -0.086404 0.187114 -0.024605
1757579860.357599 -0.054360 -0.007820 0.002098 0.087167 -0.018120 -0.086404 0.187114 -0.023460
1757579860.359590 -0.054360 -0.007820 0.002098 0.087167 -0.018120 -0.086022 0.187114 -0.022697
1757579860.361593 -0.054360 -0.007820 0.002098 0.087167 -0.018120 -0.086022 0.187495 -0.021553
1757579860.363581 -0.054360 -0.007820 0.002098 0.087167 -0.018120 -0.086022 0.187495 -0.020790
1757579860.365585 -0.054360 -0.007820 0.002098 0.087167 -0.018120 -0.086022 0.187495 -0.020027
1757579860.367623 -0.054360 -0.007820 0.002098 0.087167 -0.018120 -0.085641 0.187495 -0.018883
1757579860.369586 -0.054360 -0.007820 0.002098 0.087167 -0.018120 -0.085641 0.187877 -0.018120
1757579860.371583 -0.054360 -0.007820 0.002098 0.087167 -0.018120 -0.085641 0.187877 -0.017357
1757579860.373587 -0.054360 -0.007820 0.002098 0.087167 -0.018120 -0.085641 0.187877 -0.016212
1757579860.375725 -0.054360 -0.007820 0.002098 0.087167 -0.018120 -0.085259 0.187877 -0.015450
1757579860.377575 -0.054360 -0.007820 0.002098 0.087167 -0.018120 -0.085259 0.187877 -0.014687
1757579860.379598 -0.054360 -0.007820 0.002098 0.087167 -0.018120 -0.085259 0.188258 -0.013542
1757579860.381602 -0.054360 -0.007820 0.002098 0.087167 -0.018120 -0.084878 0.188258 -0.012779
1757579860.383596 -0.054360 -0.007820 0.002098 0.087167 -0.018120 -0.084878 0.188258 -0.011635
1757579860.385578 -0.054360 -0.007820 0.002098 0.087167 -0.018120 -0.084878 0.188258 -0.010872
1757579860.387579 -0.054360 -0.007820 0.002098 0.087167 -0.018120 -0.084878 0.188640 -0.010109
1757579860.389590 -0.054360 -0.007820 0.002098 0.087167 -0.018120 -0.084496 0.188640 -0.009346
1757579860.391584 -0.054360 -0.007820 0.002098 0.087167 -0.018120 -0.084496 0.188640 -0.008202
1757579860.393579 -0.054360 -0.007820 0.002098 0.087167 -0.018120 -0.084496 0.188640 -0.007439
1757579860.395582 -0.054360 -0.007820 0.002098 0.087167 -0.018120 -0.084115 0.188640 -0.006676
1757579860.397576 -0.054360 -0.007820 0.002098 0.087167 -0.018120 -0.084115 0.189021 -0.005531
1757579860.399588 -0.054360 -0.007820 0.002098 0.087167 -0.018120 -0.084115 0.189021 -0.004768
1757579860.401584 -0.054360 -0.007820 0.002098 0.087167 -0.018120 -0.083734 0.189021 -0.003624
1757579860.403590 -0.054360 -0.007820 0.002098 0.087167 -0.018120 -0.083734 0.189021 -0.002861
1757579860.405579 -0.054360 -0.007820 0.002098 0.087167 -0.018120 -0.083734 0.189403 -0.002098
1757579860.407577 -0.054360 -0.007820 0.002098 0.087167 -0.018120 -0.083352 0.189403 -0.000954
1757579860.409579 -0.054360 -0.007820 0.002098 0.087167 -0.018120 -0.083352 0.189403 -0.000191
1757579860.411592 -0.054360 -0.007820 0.002098 0.087167 -0.018120 -0.083352 0.189403 0.000572
1757579860.413578 -0.054360 -0.007820 0.002098 0.087167 -0.018120 -0.082971 0.189784 0.001335
1757579860.415576 -0.054360 -0.007820 0.002098 0.087167 -0.018120 -0.082971 0.189784 0.002480
1757579860.417576 -0.054360 -0.007820 0.002098 0.087167 -0.018120 -0.082971 0.189784 0.003242
1757579860.419583 -0.054360 -0.007820 0.002098 0.087167 -0.018120 -0.082589 0.189784 0.004005
1757579860.421576 -0.054360 -0.007820 0.002098 0.087167 -0.018120 -0.082589 0.189784 0.004768
1757579860.423578 -0.054360 -0.007820 0.002098 0.087167 -0.018120 -0.082589 0.190166 0.005913
1757579860.425574 -0.054360 -0.007820 0.002098 0.087167 -0.018120 -0.082208 0.190166 0.006676
1757579860.427580 -0.054360 -0.007820 0.002098 0.087167 -0.018120 -0.082208 0.190166 0.007820
1757579860.429613 -0.054360 -0.007820 0.002098 0.087167 -0.018120 -0.081826 0.190166 0.008583
1757579860.431595 -0.054360 -0.007820 0.002098 0.087167 -0.018120 -0.081826 0.190166 0.009346
1757579860.433580 -0.054360 -0.007820 0.002098 0.087167 -0.018120 -0.081826 0.190547 0.010109
1757579860.435593 -0.054360 -0.007820 0.002098 0.087167 -0.018120 -0.081445 0.190547 0.011253
1757579860.437580 -0.054360 -0.007820 0.002098 0.087167 -0.018120 -0.081445 0.190547 0.012016
1757579860.439594 -0.054360 -0.007820 0.002098 0.087167 -0.018120 -0.081445 0.190547 0.012779
1757579860.441572 -0.054360 -0.007820 0.002098 0.087167 -0.018120 -0.081063 0.190928 0.013542
1757579860.443577 -0.054360 -0.007820 0.002098 0.087167 -0.018120 -0.081063 0.190928 0.014687
1757579860.445574 -0.054360 -0.007820 0.002098 0.087167 -0.018120 -0.080682 0.190928 0.015450
1757579860.447598 -0.054360 -0.007820 0.002098 0.087167 -0.018120 -0.080682 0.190928 0.016212
1757579860.449578 -0.054360 -0.007820 0.002098 0.087167 -0.018120 -0.080682 0.190928 0.017357
1757579860.451582 -0.054360 -0.007820 0.002098 0.087167 -0.018120 -0.080300 0.191310 0.018120
1757579860.453578 -0.054360 -0.007820 0.002098 0.087167 -0.017738 -0.080300 0.191310 0.018883
1757579860.455599 -0.054360 -0.007820 0.002098 0.087167 -0.017738 -0.080300 0.191310 0.019646
1757579860.457577 -0.054360 -0.007820 0.002098 0.087167 -0.017738 -0.079919 0.191310 0.020790
1757579860.459575 -0.054360 -0.007820 0.002098 0.087167 -0.017738 -0.079919 0.191691 0.021553
1757579860.461601 -0.054360 -0.007820 0.002098 0.087167 -0.017738 -0.079537 0.191691 0.022316
1757579860.463603 -0.054360 -0.007820 0.002098 0.087167 -0.017738 -0.079537 0.191691 0.023079
1757579860.465580 -0.054360 -0.007820 0.002098 0.087167 -0.017738 -0.079156 0.191691 0.024223
1757579860.467576 -0.054360 -0.007820 0.002098 0.087167 -0.017738 -0.079156 0.191691 0.024986
1757579860.469580 -0.054360 -0.007820 0.002098 0.087167 -0.017738 -0.079156 0.192073 0.025749
1757579860.471600 -0.054360 -0.007820 0.002098 0.087167 -0.017738 -0.078774 0.192073 0.026894
1757579860.473575 -0.054360 -0.007820 0.002098 0.087167 -0.017738 -0.078774 0.192073 0.027657
1757579860.475575 -0.054360 -0.007820 0.002098 0.087167 -0.017738 -0.078393 0.192073 0.028419
1757579860.477575 -0.054360 -0.007820 0.002098 0.087167 -0.017738 -0.078393 0.192454 0.029182
1757579860.479601 -0.054360 -0.007820 0.002098 0.087167 -0.017738 -0.078012 0.192454 0.030327
1757579860.481580 -0.054360 -0.007820 0.002098 0.087167 -0.017738 -0.078012 0.192454 0.031090
1757579860.483579 -0.054360 -0.007820 0.002098 0.087167 -0.017738 -0.078012 0.192454 0.031854
1757579860.485576 -0.054360 -0.007820 0.002098 0.087167 -0.017738 -0.077630 0.192836 0.032617
1757579860.487610 -0.054360 -0.007820 0.002098 0.087167 -0.017738 -0.077630 0.192836 0.033380
1757579860.489583 -0.054360 -0.007820 0.002098 0.087167 -0.017738 -0.077249 0.192836 0.034142
1757579860.491599 -0.054360 -0.007820 0.002098 0.087167 -0.017738 -0.077249 0.192836 0.035287
1757579860.493582 -0.054360 -0.007820 0.002098 0.087167 -0.017738 -0.076867 0.193217 0.036050
1757579860.495601 -0.054360 -0.007820 0.002098 0.087167 -0.017738 -0.076867 0.193217 0.036813
1757579860.497581 -0.054360 -0.007820 0.002098 0.087167 -0.017738 -0.076486 0.193217 0.037576
1757579860.499617 -0.054360 -0.007820 0.002098 0.087167 -0.017738 -0.076104 0.193217 0.038339
1757579860.501579 -0.054360 -0.007820 0.002098 0.087167 -0.017357 -0.076104 0.193217 0.039483
1757579860.503581 -0.054360 -0.007820 0.002098 0.087167 -0.017357 -0.075723 0.193599 0.040246
1757579860.505609 -0.054360 -0.007820 0.002098 0.087167 -0.017357 -0.075723 0.193599 0.041009
1757579860.507632 -0.054360 -0.007820 0.002098 0.087167 -0.017357 -0.075341 0.193599 0.041772
1757579860.509584 -0.054360 -0.007820 0.002098 0.087167 -0.017357 -0.075341 0.193599 0.042535
1757579860.511576 -0.054360 -0.007820 0.002098 0.087167 -0.017357 -0.074960 0.193980 0.043298
1757579860.513587 -0.054360 -0.007820 0.002098 0.087167 -0.017357 -0.074578 0.193980 0.044061
1757579860.515595 -0.054360 -0.007820 0.002098 0.087167 -0.017357 -0.074578 0.193980 0.044824
1757579860.517578 -0.054360 -0.007820 0.002098 0.087167 -0.017357 -0.074197 0.193980 0.045968
1757579860.519580 -0.054360 -0.007820 0.002098 0.087167 -0.017357 -0.073815 0.193980 0.046731
1757579860.521598 -0.054360 -0.007820 0.002098 0.087167 -0.017357 -0.073815 0.194362 0.047494
1757579860.523605 -0.054360 -0.007820 0.002098 0.087167 -0.017357 -0.073434 0.194362 0.048257
1757579860.525580 -0.054360 -0.007820 0.002098 0.087167 -0.017357 -0.073052 0.194362 0.049020
1757579860.527600 -0.054360 -0.007820 0.002098 0.087167 -0.017357 -0.073052 0.194362 0.049783
1757579860.529574 -0.054360 -0.007820 0.002098 0.087167 -0.017357 -0.072671 0.194743 0.050546
1757579860.531599 -0.054360 -0.007820 0.002098 0.087167 -0.017357 -0.072289 0.194743 0.051309
1757579860.533577 -0.054360 -0.007820 0.002098 0.087167 -0.017357 -0.072289 0.194743 0.052072
1757579860.535572 -0.054360 -0.007820 0.002098 0.087167 -0.017357 -0.071908 0.194743 0.052835
1757579860.537573 -0.054360 -0.007820 0.002098 0.087167 -0.017357 -0.071908 0.194743 0.053597
1757579860.539599 -0.054360 -0.007820 0.002098 0.087167 -0.017357 -0.071527 0.195125 0.054360
1757579860.541579 -0.054360 -0.007820 0.002098 0.087167 -0.017357 -0.071145 0.195125 0.055123
1757579860.543576 -0.054360 -0.007820 0.002098 0.087167 -0.017357 -0.071145 0.195125 0.055886
1757579860.545574 -0.054360 -0.007820 0.002098 0.087167 -0.017357 -0.070764 0.195125 0.056649
1757579860.547598 -0.054360 -0.007820 0.002098 0.087167 -0.017357 -0.070382 0.195125 0.057412
1757579860.549578 -0.054360 -0.007820 0.002098 0.087167 -0.017357 -0.070382 0.195506 0.058175
1757579860.551573 -0.054360 -0.007820 0.002098 0.087167 -0.017357 -0.070001 0.195506 0.058938
1757579860.553620 -0.054360 -0.007820 0.002098 0.087167 -0.017357 -0.070001 0.195506 0.059319
1757579860.555601 -0.054360 -0.007820 0.002098 0.087167 -0.017357 -0.069619 0.195506 0.060082
1757579860.557579 -0.054360 -0.007820 0.002098 0.087167 -0.017357 -0.069238 0.195506 0.060845
1757579860.559569 -0.054360 -0.007820 0.002098 0.087167 -0.017357 -0.069238 0.195888 0.061608
1757579860.561590 -0.054360 -0.007820 0.002098 0.087167 -0.017357 -0.068856 0.195888 0.062371
1757579860.563617 -0.054360 -0.007820 0.002098 0.087167 -0.017357 -0.068856 0.195888 0.063134
1757579860.565582 -0.054360 -0.007820 0.002098 0.087167 -0.017357 -0.068475 0.195888 0.063516
1757579860.567575 -0.054360 -0.007820 0.002098 0.087167 -0.017357 -0.068475 0.195888 0.064279
1757579860.569577 -0.054360 -0.007820 0.002098 0.087167 -0.017357 -0.068093 0.196269 0.065042
1757579860.571705 -0.054360 -0.007820 0.002098 0.087167 -0.017357 -0.068093 0.196269 0.065804
1757579860.573612 -0.054360 -0.007820 0.002098 0.087167 -0.017357 -0.067712 0.196269 0.066567
1757579860.575608 -0.054360 -0.007820 0.002098 0.087167 -0.017357 -0.067712 0.196269 0.067330
1757579860.577618 -0.054360 -0.007820 0.002098 0.087167 -0.017357 -0.067330 0.196269 0.068093
1757579860.579745 -0.054360 -0.007820 0.002098 0.087167 -0.017357 -0.066949 0.196651 0.068475
1757579860.581593 -0.054360 -0.007820 0.002098 0.087167 -0.017357 -0.066949 0.196651 0.069238
1757579860.583649 -0.054360 -0.007820 0.002098 0.087167 -0.017357 -0.066567 0.196651 0.070001
1757579860.585591 -0.054360 -0.007820 0.002098 0.087167 -0.017357 -0.066567 0.196651 0.070764
1757579860.587684 -0.054360 -0.007820 0.002098 0.087167 -0.017357 -0.066186 0.196651 0.071527
1757579860.589578 -0.054360 -0.007820 0.002098 0.087167 -0.017357 -0.066186 0.197032 0.072289
1757579860.591575 -0.054360 -0.007820 0.002098 0.087167 -0.017357 -0.065804 0.197032 0.072671
1757579860.593579 -0.054360 -0.007820 0.002098 0.087167 -0.017357 -0.065804 0.197032 0.073434
1757579860.595572 -0.054360 -0.007820 0.002098 0.087167 -0.017357 -0.065423 0.197032 0.074197
1757579860.597583 -0.054360 -0.007820 0.002098 0.087167 -0.017357 -0.065423 0.197032 0.074960
1757579860.599582 -0.054360 -0.007820 0.002098 0.087167 -0.017357 -0.065042 0.197032 0.075723
1757579860.601584 -0.054360 -0.007820 0.002098 0.087167 -0.017357 -0.065042 0.197413 0.076104
1757579860.603585 -0.054360 -0.007820 0.002098 0.087167 -0.017357 -0.064660 0.197413 0.076867
1757579860.605578 -0.054360 -0.007820 0.002098 0.087167 -0.017738 -0.064660 0.197413 0.077630
1757579860.607579 -0.054360 -0.007820 0.002098 0.087167 -0.017738 -0.064279 0.197413 0.078012
1757579860.609596 -0.054360 -0.007820 0.002098 0.087167 -0.017738 -0.064279 0.197413 0.078774
1757579860.611582 -0.054360 -0.007820 0.002098 0.087167 -0.017738 -0.064279 0.197413 0.079156
1757579860.613578 -0.054360 -0.007820 0.002098 0.087167 -0.017738 -0.063897 0.197413 0.079919
1757579860.615638 -0.054360 -0.007820 0.002098 0.087167 -0.017738 -0.063897 0.197795 0.080300
1757579860.617591 -0.054360 -0.007820 0.002098 0.087167 -0.017738 -0.063516 0.197795 0.081063
1757579860.619580 -0.054360 -0.007820 0.002098 0.087167 -0.017738 -0.063516 0.197795 0.081826
1757579860.621581 -0.054360 -0.007820 0.002098 0.087167 -0.017738 -0.063134 0.197795 0.082208
1757579860.623587 -0.054360 -0.007820 0.002098 0.087167 -0.017738 -0.063134 0.197795 0.082971
1757579860.625592 -0.054360 -0.007820 0.002098 0.087167 -0.017738 -0.063134 0.197795 0.083352
1757579860.627574 -0.054360 -0.007820 0.002098 0.087167 -0.017738 -0.062753 0.198176 0.084115
1757579860.629581 -0.054360 -0.007820 0.002098 0.087167 -0.018120 -0.062753 0.198176 0.084496
1757579860.631590 -0.054360 -0.007820 0.002098 0.087167 -0.018120 -0.062753 0.198176 0.085259
1757579860.633581 -0.054360 -0.007820 0.002098 0.087167 -0.018120 -0.062371 0.198176 0.085641
1757579860.635575 -0.054360 -0.007820 0.002098 0.087167 -0.018120 -0.062371 0.198176 0.086404
1757579860.637578 -0.054360 -0.007820 0.002098 0.087167 -0.018120 -0.062371 0.198176 0.086785
1757579860.639577 -0.054360 -0.007820 0.002098 0.087167 -0.018120 -0.061990 0.198176 0.087167
1757579860.641580 -0.054360 -0.007820 0.002098 0.087167 -0.018120 -0.061990 0.198558 0.087548
1757579860.643574 -0.054360 -0.007820 0.002098 0.087167 -0.018120 -0.061990 0.198558 0.088311
1757579860.645576 -0.054360 -0.007820 0.002098 0.087167 -0.018120 -0.061990 0.198558 0.088693
1757579860.647590 -0.054360 -0.007820 0.002098 0.087167 -0.018120 -0.061990 0.198558 0.089074
1757579860.649576 -0.054360 -0.007820 0.002098 0.087167 -0.018501 -0.061608 0.198558 0.089456
1757579860.651588 -0.054360 -0.007820 0.002098 0.087167 -0.018501 -0.061608 0.198558 0.089837
1757579860.653576 -0.054360 -0.007820 0.002098 0.087167 -0.018501 -0.061608 0.198558 0.090219
1757579860.655570 -0.054360 -0.007820 0.002098 0.087167 -0.018501 -0.061608 0.198939 0.090600
1757579860.657583 -0.054360 -0.007820 0.002098 0.087167 -0.018501 -0.061608 0.198939 0.091363
1757579860.659612 -0.054360 -0.007820 0.002098 0.087167 -0.018501 -0.061227 0.198939 0.091744
1757579860.661661 -0.054360 -0.007820 0.002098 0.087167 -0.018501 -0.061227 0.198939 0.092126
1757579860.663615 -0.054360 -0.007820 0.002098 0.087167 -0.018883 -0.061227 0.198939 0.092507
1757579860.665581 -0.054360 -0.007820 0.002098 0.087167 -0.018883 -0.061227 0.198939 0.092889
1757579860.667598 -0.054360 -0.007820 0.002098 0.087167 -0.018883 -0.061227 0.198939 0.093270
1757579860.669580 -0.054360 -0.007820 0.002098 0.087167 -0.018883 -0.061227 0.199321 0.093652
1757579860.671577 -0.054360 -0.007820 0.002098 0.087167 -0.018883 -0.061227 0.199321 0.094416
1757579860.673595 -0.054360 -0.007820 0.002098 0.087167 -0.019264 -0.060845 0.199321 0.094416
1757579860.675576 -0.054360 -0.007820 0.002098 0.087167 -0.019264 -0.060845 0.199321 0.094797
1757579860.677608 -0.054360 -0.007820 0.002098 0.087167 -0.019264 -0.060845 0.199321 0.095179
1757579860.679578 -0.054360 -0.007820 0.002098 0.087167 -0.019264 -0.060845 0.199321 0.095560
1757579860.681591 -0.054360 -0.007820 0.002098 0.087167 -0.019646 -0.060845 0.199321 0.095942
1757579860.683570 -0.054360 -0.007820 0.002098 0.087167 -0.019646 -0.060845 0.199702 0.096323
1757579860.685597 -0.054360 -0.007820 0.002098 0.087167 -0.019646 -0.060845 0.199702 0.096323
1757579860.687573 -0.054360 -0.007820 0.002098 0.087167 -0.019646 -0.060845 0.199702 0.096704
1757579860.689576 -0.054360 -0.007820 0.002098 0.087167 -0.019646 -0.060845 0.199702 0.097086
1757579860.691569 -0.054360 -0.007820 0.002098 0.087167 -0.020027 -0.060845 0.199702 0.097086
1757579860.693579 -0.054360 -0.007820 0.002098 0.087167 -0.020027 -0.060464 0.199702 0.097467
1757579860.695569 -0.054360 -0.007820 0.002098 0.087167 -0.020027 -0.060464 0.199702 0.097849
1757579860.697590 -0.054360 -0.007820 0.002098 0.087167 -0.020027 -0.060464 0.199702 0.097849
1757579860.699572 -0.054360 -0.007820 0.002098 0.087167 -0.020409 -0.060464 0.200084 0.098230
1757579860.701594 -0.054360 -0.007820 0.002098 0.087167 -0.020409 -0.060464 0.200084 0.098612
1757579860.703572 -0.054360 -0.007820 0.002098 0.087167 -0.020409 -0.060464 0.200084 0.098612
1757579860.705572 -0.054360 -0.007820 0.002098 0.087167 -0.020790 -0.060464 0.200084 0.098993
1757579860.707583 -0.054360 -0.007820 0.002098 0.087167 -0.020790 -0.060464 0.200084 0.099375
1757579860.709608 -0.054360 -0.007820 0.002098 0.087167 -0.020790 -0.060464 0.200084 0.099375
1757579860.711569 -0.054360 -0.007820 0.002098 0.087167 -0.021172 -0.060082 0.200084 0.099756
1757579860.713585 -0.054360 -0.007820 0.002098 0.087167 -0.021172 -0.060082 0.200465 0.100138
1757579860.715580 -0.054360 -0.007820 0.002098 0.087167 -0.021172 -0.060082 0.200465 0.100138
1757579860.717590 -0.054360 -0.007820 0.002098 0.087167 -0.021553 -0.060082 0.200465 0.100519
1757579860.719576 -0.054360 -0.007820 0.002098 0.087167 -0.021553 -0.060082 0.200465 0.100519
1757579860.721583 -0.054360 -0.007820 0.002098 0.087167 -0.021935 -0.060082 0.200465 0.100901
1757579860.723575 -0.054360 -0.007820 0.002098 0.087167 -0.021935 -0.060082 0.200465 0.100901
1757579860.725595 -0.054360 -0.007820 0.002098 0.087167 -0.021935 -0.060082 0.200465 0.101282
1757579860.727578 -0.054360 -0.007820 0.002098 0.087167 -0.022316 -0.060082 0.200847 0.101664
1757579860.729582 -0.054360 -0.007820 0.002098 0.087167 -0.022316 -0.060082 0.200847 0.101664
1757579860.731578 -0.054360 -0.007820 0.002098 0.087167 -0.022697 -0.059701 0.200847 0.102045
1757579860.733597 -0.054360 -0.007820 0.002098 0.087167 -0.022697 -0.059701 0.200847 0.102045
1757579860.735578 -0.054360 -0.007820 0.002098 0.087167 -0.022697 -0.059701 0.200847 0.102427
1757579860.737577 -0.054360 -0.007820 0.002098 0.087167 -0.023079 -0.059701 0.200847 0.102427
1757579860.739619 -0.054360 -0.007820 0.002098 0.087167 -0.023079 -0.059701 0.200847 0.102808
1757579860.741642 -0.054360 -0.007820 0.002098 0.087167 -0.023460 -0.059701 0.201228 0.102808
1757579860.743606 -0.054360 -0.007820 0.002098 0.087167 -0.023460 -0.059701 0.201228 0.103189
1757579860.745607 -0.054360 -0.007820 0.002098 0.087167 -0.023842 -0.059701 0.201228 0.103189
1757579860.747674 -0.054360 -0.007820 0.002098 0.087167 -0.023842 -0.059701 0.201228 0.103571
1757579860.749602 -0.054360 -0.007820 0.002098 0.087167 -0.024223 -0.059701 0.201228 0.103571
1757579860.751596 -0.054360 -0.007820 0.002098 0.087167 -0.024223 -0.059701 0.201228 0.103571
1757579860.753582 -0.054360 -0.007820 0.002098 0.087167 -0.024605 -0.059701 0.201228 0.103952
1757579860.755578 -0.054360 -0.007820 0.002098 0.087167 -0.024605 -0.059319 0.201610 0.103952
1757579860.757592 -0.054360 -0.007820 0.002098 0.087167 -0.024986 -0.059319 0.201610 0.104334
1757579860.759576 -0.054360 -0.007820 0.002098 0.087167 -0.024986 -0.059319 0.201610 0.104334
1757579860.761577 -0.054360 -0.007820 0.002098 0.087167 -0.024986 -0.059319 0.201610 0.104334
1757579860.763577 -0.054360 -0.007820 0.002098 0.087167 -0.025368 -0.059319 0.201610 0.104715
1757579860.765584 -0.054360 -0.007820 0.002098 0.087167 -0.025368 -0.059319 0.201610 0.104715
1757579860.767580 -0.054360 -0.007820 0.002098 0.087167 -0.025749 -0.059319 0.201610 0.104715
1757579860.769584 -0.054360 -0.007820 0.002098 0.087167 -0.025749 -0.059319 0.201991 0.105097
1757579860.771605 -0.054360 -0.007820 0.002098 0.087167 -0.026131 -0.059319 0.201991 0.105097
1757579860.773594 -0.054360 -0.007820 0.002098 0.087167 -0.026512 -0.059319 0.201991 0.105097
1757579860.775611 -0.054360 -0.007820 0.002098 0.087167 -0.026512 -0.059319 0.201991 0.105478
1757579860.777714 -0.054360 -0.007820 0.002098 0.087167 -0.026894 -0.059319 0.201991 0.105478
1757579860.779624 -0.054360 -0.007820 0.002098 0.087167 -0.026894 -0.059319 0.202373 0.105478
1757579860.781684 -0.054360 -0.007820 0.002098 0.087167 -0.027275 -0.058938 0.202373 0.105860
1757579860.783614 -0.054360 -0.007820 0.002098 0.087167 -0.027275 -0.058938 0.202373 0.105860
1757579860.785611 -0.054360 -0.007820 0.002098 0.087167 -0.027657 -0.058938 0.202373 0.105860
1757579860.787607 -0.054360 -0.007820 0.002098 0.087167 -0.027657 -0.058938 0.202373 0.105860
1757579860.789648 -0.054360 -0.007820 0.002098 0.087167 -0.028038 -0.058938 0.202373 0.106241
1757579860.791618 -0.054360 -0.007820 0.002098 0.087167 -0.028038 -0.058938 0.202754 0.106241
1757579860.793614 -0.054360 -0.007820 0.002098 0.087167 -0.028419 -0.058938 0.202754 0.106623
1757579860.795607 -0.054360 -0.007820 0.002098 0.087167 -0.028419 -0.058557 0.202754 0.106623
1757579860.797652 -0.054360 -0.007820 0.002098 0.087167 -0.028801 -0.058557 0.202754 0.106623
1757579860.799619 -0.054360 -0.007820 0.002098 0.087167 -0.028801 -0.058557 0.202754 0.107004
1757579860.801608 -0.054360 -0.007820 0.002098 0.087167 -0.029182 -0.058557 0.202754 0.107004
1757579860.803587 -0.054360 -0.008202 0.002098 0.087167 -0.029182 -0.058557 0.203135 0.107004
1757579860.805597 -0.054360 -0.008202 0.002098 0.087167 -0.029564 -0.058175 0.203135 0.107386
1757579860.807575 -0.054360 -0.008202 0.002098 0.087167 -0.029564 -0.058175 0.203135 0.107386
1757579860.809625 -0.054360 -0.008202 0.002098 0.087167 -0.029945 -0.058175 0.203135 0.107767
1757579860.811579 -0.054360 -0.008202 0.002098 0.087167 -0.029945 -0.058175 0.203135 0.107767
1757579860.813651 -0.054360 -0.008202 0.002098 0.087167 -0.030327 -0.057794 0.203517 0.108149
1757579860.815608 -0.054360 -0.008202 0.002098 0.087167 -0.030327 -0.057794 0.203517 0.108149
1757579860.817580 -0.054360 -0.008202 0.002098 0.087167 -0.030327 -0.057794 0.203517 0.108530
1757579860.819603 -0.054360 -0.008202 0.002098 0.087167 -0.030708 -0.057794 0.203517 0.108530
1757579860.821572 -0.054360 -0.008202 0.002098 0.087167 -0.030708 -0.057412 0.203517 0.108912
1757579860.823599 -0.054360 -0.008202 0.002098 0.087167 -0.031090 -0.057412 0.203898 0.108912
1757579860.825616 -0.054360 -0.008202 0.002098 0.087167 -0.031090 -0.057412 0.203898 0.109293
1757579860.827592 -0.054360 -0.008202 0.002098 0.087167 -0.031090 -0.057031 0.203898 0.109674
1757579860.829613 -0.054360 -0.008202 0.002098 0.087167 -0.031472 -0.057031 0.203898 0.109674
1757579860.831582 -0.054360 -0.008202 0.002098 0.087167 -0.031472 -0.057031 0.203898 0.110056
1757579860.833595 -0.054360 -0.008202 0.002098 0.087167 -0.031854 -0.056649 0.204280 0.110437
1757579860.835604 -0.054360 -0.008202 0.002098 0.087167 -0.031854 -0.056649 0.204280 0.110437
1757579860.837610 -0.054360 -0.008202 0.002098 0.087167 -0.031854 -0.056649 0.204280 0.110819
1757579860.839609 -0.054360 -0.008202 0.002098 0.087167 -0.032235 -0.056268 0.204280 0.111200
1757579860.841585 -0.054360 -0.008202 0.002098 0.087167 -0.032235 -0.056268 0.204280 0.111582
1757579860.843596 -0.054360 -0.008202 0.002098 0.087167 -0.032235 -0.056268 0.204661 0.111582
1757579860.845614 -0.054360 -0.008202 0.002098 0.087167 -0.032617 -0.056268 0.204661 0.111963
1757579860.847588 -0.054360 -0.008202 0.002098 0.087167 -0.032617 -0.055886 0.204661 0.112345
1757579860.849616 -0.054360 -0.008202 0.002098 0.087167 -0.032617 -0.055886 0.204661 0.112726
1757579860.851624 -0.054360 -0.008202 0.002098 0.087167 -0.032998 -0.055886 0.204661 0.113108
1757579860.853603 -0.054360 -0.008202 0.002098 0.087167 -0.032998 -0.055505 0.205043 0.113489
1757579860.855584 -0.054360 -0.008202 0.002098 0.087167 -0.032998 -0.055505 0.205043 0.113871
1757579860.857607 -0.054360 -0.008202 0.002098 0.087167 -0.032998 -0.055505 0.205043 0.114252
1757579860.859600 -0.054360 -0.008202 0.002098 0.087167 -0.033380 -0.055505 0.205043 0.114634
1757579860.861614 -0.054360 -0.008202 0.002098 0.087167 -0.033380 -0.055123 0.205043 0.115015
1757579860.863628 -0.054360 -0.008202 0.002098 0.087167 -0.033380 -0.055123 0.205424 0.115015
1757579860.865592 -0.054360 -0.008202 0.002098 0.087167 -0.033380 -0.055123 0.205424 0.115396
1757579860.867610 -0.054360 -0.008202 0.002098 0.087167 -0.033761 -0.055123 0.205424 0.115778
1757579860.869588 -0.054360 -0.008202 0.002098 0.087167 -0.033761 -0.054742 0.205424 0.116159
1757579860.871610 -0.054360 -0.008202 0.002098 0.087167 -0.033761 -0.054742 0.205424 0.116541
1757579860.873597 -0.054360 -0.008202 0.002098 0.087167 -0.033761 -0.054742 0.205806 0.116922
1757579860.875607 -0.054360 -0.008202 0.002098 0.087167 -0.033761 -0.054742 0.205806 0.117304
1757579860.877594 -0.054360 -0.008202 0.002098 0.087167 -0.033761 -0.054360 0.205806 0.117685
1757579860.879613 -0.054360 -0.008202 0.002098 0.087167 -0.034142 -0.054360 0.205806 0.118067
1757579860.881588 -0.054360 -0.008202 0.002098 0.087167 -0.034142 -0.054360 0.205806 0.118448
1757579860.883602 -0.054360 -0.008202 0.002098 0.087167 -0.034142 -0.054360 0.206187 0.118830
1757579860.885585 -0.054360 -0.008202 0.002098 0.087167 -0.034142 -0.053979 0.206187 0.119211
1757579860.887601 -0.054360 -0.008202 0.002098 0.087167 -0.034142 -0.053979 0.206187 0.119593
1757579860.889583 -0.054360 -0.008202 0.002098 0.087167 -0.034142 -0.053979 0.206187 0.119974
1757579860.891597 -0.054360 -0.008202 0.002098 0.087167 -0.034142 -0.053597 0.206187 0.120356
1757579860.893585 -0.054360 -0.008202 0.002098 0.087167 -0.034142 -0.053597 0.206569 0.120737
1757579860.895594 -0.054360 -0.008202 0.002098 0.087167 -0.034142 -0.053216 0.206569 0.121500
1757579860.897595 -0.054360 -0.008202 0.002098 0.087167 -0.034524 -0.053216 0.206569 0.121881
1757579860.899589 -0.054360 -0.008202 0.002098 0.087167 -0.034524 -0.053216 0.206569 0.122263
1757579860.901579 -0.054360 -0.008202 0.002098 0.087167 -0.034524 -0.052835 0.206569 0.122644
1757579860.903627 -0.054360 -0.008202 0.002098 0.087167 -0.034524 -0.052835 0.206950 0.123407
1757579860.905623 -0.054360 -0.008202 0.002098 0.087167 -0.034524 -0.052453 0.206950 0.123789
1757579860.907593 -0.054360 -0.008202 0.002098 0.087167 -0.034524 -0.052453 0.206950 0.124170
1757579860.909584 -0.054360 -0.008202 0.002098 0.087167 -0.034524 -0.052453 0.206950 0.124552
1757579860.911599 -0.054360 -0.008202 0.002098 0.087167 -0.034524 -0.052072 0.206950 0.125315
1757579860.913593 -0.054360 -0.008202 0.002098 0.087167 -0.034524 -0.052072 0.207332 0.125696
1757579860.915594 -0.054360 -0.008202 0.002098 0.087167 -0.034524 -0.051690 0.207332 0.126078
1757579860.917593 -0.054360 -0.008202 0.002098 0.087167 -0.034524 -0.051690 0.207332 0.126459
1757579860.919595 -0.054360 -0.008202 0.002098 0.087167 -0.034524 -0.051309 0.207332 0.127222
1757579860.921581 -0.054360 -0.008202 0.002098 0.087167 -0.034524 -0.051309 0.207332 0.127604
1757579860.923594 -0.054360 -0.008202 0.002098 0.087167 -0.034524 -0.050927 0.207713 0.127985
1757579860.925582 -0.054360 -0.008202 0.002098 0.087167 -0.034524 -0.050927 0.207713 0.128748
1757579860.927644 -0.054360 -0.008202 0.002098 0.087167 -0.034524 -0.050927 0.207713 0.129129
1757579860.929626 -0.054360 -0.008202 0.002098 0.087167 -0.034524 -0.050546 0.207713 0.129511
1757579860.931633 -0.054360 -0.008202 0.002098 0.087167 -0.034524 -0.050546 0.207713 0.130274
1757579860.933624 -0.054360 -0.008202 0.002098 0.087167 -0.034524 -0.050164 0.208095 0.130655
1757579860.935640 -0.054360 -0.008202 0.002098 0.087167 -0.034524 -0.050164 0.208095 0.131418
1757579860.937628 -0.054360 -0.008202 0.002098 0.087167 -0.034524 -0.050164 0.208095 0.131800
1757579860.939637 -0.054360 -0.008202 0.002098 0.087167 -0.034524 -0.049783 0.208095 0.132563
1757579860.941633 -0.054360 -0.008202 0.002098 0.087167 -0.034524 -0.049783 0.208095 0.132944
1757579860.943654 -0.054360 -0.008202 0.002098 0.087167 -0.034524 -0.049401 0.208476 0.133707
1757579860.945631 -0.054360 -0.008202 0.002098 0.087167 -0.034524 -0.049401 0.208476 0.134089
1757579860.947675 -0.054360 -0.008202 0.002098 0.087167 -0.034524 -0.049401 0.208476 0.134851
1757579860.949579 -0.054360 -0.008202 0.002098 0.087167 -0.034905 -0.049020 0.208476 0.135233
1757579860.951613 -0.054360 -0.008202 0.002098 0.087167 -0.034905 -0.049020 0.208858 0.135614
1757579860.953574 -0.054360 -0.008202 0.002098 0.087167 -0.034905 -0.049020 0.208858 0.136377
1757579860.955597 -0.054360 -0.008202 0.002098 0.087167 -0.034524 -0.048638 0.208858 0.136759
1757579860.957578 -0.054360 -0.008202 0.002098 0.087167 -0.034524 -0.048638 0.208858 0.137140
1757579860.959563 -0.054360 -0.008202 0.002098 0.087167 -0.034905 -0.048638 0.209239 0.137522
1757579860.961576 -0.054360 -0.008202 0.002098 0.087167 -0.034524 -0.048257 0.209239 0.138285
1757579860.963574 -0.054360 -0.008202 0.002098 0.087167 -0.034524 -0.048257 0.209239 0.138666
1757579860.965581 -0.054360 -0.008202 0.002098 0.087167 -0.034905 -0.048257 0.209239 0.139048
1757579860.967573 -0.054360 -0.008202 0.002098 0.087167 -0.034905 -0.047875 0.209239 0.139811
1757579860.969577 -0.054360 -0.008202 0.002098 0.087167 -0.034905 -0.047875 0.209620 0.140192
1757579860.971575 -0.054360 -0.008202 0.002098 0.087167 -0.034905 -0.047875 0.209620 0.140574
1757579860.973576 -0.054360 -0.008202 0.002098 0.087167 -0.034905 -0.047875 0.209620 0.140955
1757579860.975580 -0.054360 -0.008202 0.002098 0.087167 -0.034905 -0.047494 0.209620 0.141718
1757579860.977578 -0.054360 -0.008202 0.002098 0.087167 -0.034905 -0.047494 0.209620 0.142099
1757579860.979575 -0.054360 -0.008202 0.002098 0.087167 -0.034905 -0.047494 0.210002 0.142481
1757579860.981577 -0.054360 -0.008202 0.002098 0.087167 -0.034905 -0.047494 0.210002 0.142862
1757579860.983577 -0.054360 -0.008202 0.002098 0.087167 -0.034905 -0.047112 0.210002 0.143244
1757579860.985576 -0.054360 -0.008202 0.002098 0.087167 -0.034905 -0.047112 0.210002 0.143625
1757579860.987583 -0.054360 -0.008202 0.002098 0.087167 -0.034905 -0.047112 0.210002 0.144007
1757579860.989573 -0.054360 -0.008202 0.002098 0.087167 -0.034905 -0.047112 0.210002 0.144388
1757579860.991583 -0.054360 -0.008202 0.002098 0.087167 -0.035287 -0.046731 0.210383 0.144770
1757579860.993579 -0.054360 -0.008202 0.002098 0.087167 -0.035287 -0.046731 0.210383 0.145151
1757579860.995574 -0.054360 -0.008202 0.002098 0.087167 -0.035287 -0.046731 0.210383 0.145533
1757579860.997578 -0.054360 -0.008202 0.002098 0.087167 -0.035287 -0.046731 0.210383 0.145914
1757579860.999576 -0.054360 -0.008202 0.002098 0.087167 -0.035287 -0.046350 0.210383 0.146296
1757579861.001578 -0.054360 -0.008202 0.002098 0.087167 -0.035287 -0.046350 0.210383 0.146296
1757579861.003572 -0.054360 -0.008202 0.002098 0.087167 -0.035287 -0.046350 0.210765 0.146677
1757579861.005578 -0.054360 -0.008202 0.002098 0.087167 -0.035287 -0.046350 0.210765 0.147058
1757579861.007575 -0.054360 -0.008202 0.002098 0.087167 -0.035287 -0.045968 0.210765 0.147440
1757579861.009573 -0.054360 -0.008202 0.002098 0.087167 -0.035668 -0.045968 0.210765 0.147440
1757579861.011578 -0.054360 -0.008202 0.002098 0.087167 -0.035668 -0.045968 0.210765 0.147821
1757579861.013584 -0.054360 -0.008202 0.002098 0.087167 -0.035668 -0.045968 0.210765 0.147821
1757579861.015578 -0.054360 -0.008202 0.002098 0.087167 -0.035668 -0.045968 0.210765 0.148203
1757579861.017580 -0.054360 -0.008202 0.002098 0.087167 -0.035668 -0.045968 0.211146 0.148203
1757579861.019579 -0.054360 -0.008202 0.002098 0.087167 -0.035668 -0.045587 0.211146 0.148584
1757579861.021589 -0.054360 -0.008202 0.002098 0.087167 -0.036050 -0.045587 0.211146 0.148584
1757579861.023573 -0.054360 -0.008202 0.002098 0.087167 -0.036050 -0.045587 0.211146 0.148966
1757579861.025585 -0.054360 -0.008202 0.002098 0.087167 -0.036050 -0.045587 0.211146 0.148966
1757579861.027575 -0.054360 -0.008202 0.002098 0.087167 -0.036050 -0.045587 0.211146 0.149347
1757579861.029584 -0.054360 -0.008202 0.002098 0.087167 -0.036431 -0.045587 0.211146 0.149347
1757579861.031576 -0.054360 -0.008202 0.002098 0.087167 -0.036431 -0.045587 0.211146 0.149729
1757579861.033574 -0.054360 -0.008202 0.002098 0.087167 -0.036431 -0.045205 0.211528 0.149729
1757579861.035576 -0.054360 -0.008202 0.002098 0.087167 -0.036431 -0.045205 0.211528 0.149729
1757579861.037620 -0.054360 -0.008202 0.002098 0.087167 -0.036431 -0.045205 0.211528 0.150110
1757579861.039610 -0.054360 -0.008202 0.002098 0.087167 -0.036813 -0.045205 0.211528 0.150110
1757579861.041586 -0.054360 -0.008202 0.002098 0.087167 -0.036813 -0.045205 0.211528 0.150110
1757579861.043577 -0.054360 -0.008202 0.002098 0.087167 -0.036813 -0.045205 0.211528 0.150492
1757579861.045562 -0.054360 -0.008202 0.002098 0.087167 -0.037194 -0.045205 0.211528 0.150492
1757579861.047575 -0.054360 -0.008202 0.002098 0.087167 -0.037194 -0.045205 0.211528 0.150492
1757579861.049591 -0.054360 -0.008202 0.002098 0.087167 -0.037576 -0.045205 0.211909 0.150492
1757579861.051580 -0.054360 -0.008202 0.002098 0.087167 -0.037576 -0.045205 0.211909 0.150873
1757579861.053604 -0.054360 -0.008202 0.002098 0.087167 -0.037576 -0.044824 0.211909 0.150873
1757579861.055587 -0.054360 -0.008202 0.002098 0.087167 -0.037957 -0.044824 0.211909 0.150873
1757579861.057591 -0.054360 -0.008202 0.002098 0.087167 -0.037957 -0.044824 0.211909 0.150873
1757579861.059575 -0.054360 -0.008202 0.002098 0.087167 -0.038339 -0.044824 0.211909 0.150873
1757579861.061578 -0.054360 -0.008202 0.002098 0.087167 -0.038339 -0.044824 0.211909 0.151255
1757579861.063578 -0.054360 -0.008202 0.002098 0.087167 -0.038720 -0.044824 0.211909 0.151255
1757579861.065599 -0.054360 -0.008202 0.002098 0.087167 -0.038720 -0.044824 0.212291 0.151255
1757579861.067571 -0.054360 -0.008202 0.002098 0.087167 -0.039102 -0.044824 0.212291 0.151255
1757579861.069580 -0.054360 -0.008202 0.002098 0.087167 -0.039102 -0.044824 0.212291 0.151255
1757579861.071574 -0.054360 -0.008202 0.002098 0.087167 -0.039483 -0.044824 0.212291 0.151636
1757579861.073615 -0.054360 -0.008202 0.002098 0.087167 -0.039483 -0.044824 0.212291 0.151636
1757579861.075576 -0.054360 -0.008202 0.002098 0.087167 -0.039865 -0.044824 0.212291 0.151636
1757579861.077573 -0.054360 -0.008202 0.002098 0.087167 -0.039865 -0.044824 0.212291 0.151636
1757579861.079588 -0.054360 -0.008202 0.002098 0.087167 -0.040246 -0.044824 0.212291 0.151636
1757579861.081599 -0.054360 -0.008202 0.002098 0.087167 -0.040627 -0.044442 0.212672 0.152018
1757579861.083584 -0.054360 -0.008202 0.002098 0.087167 -0.040627 -0.044442 0.212672 0.152018
1757579861.085604 -0.054360 -0.008202 0.002098 0.087167 -0.041009 -0.044442 0.212672 0.152018
1757579861.087582 -0.054360 -0.008202 0.002098 0.087167 -0.041009 -0.044442 0.212672 0.152018
1757579861.089605 -0.054360 -0.008202 0.002098 0.087167 -0.041390 -0.044442 0.212672 0.152018
1757579861.091578 -0.054360 -0.008202 0.002098 0.087167 -0.041772 -0.044442 0.212672 0.152018
1757579861.093579 -0.054360 -0.008202 0.002098 0.087167 -0.041772 -0.044442 0.212672 0.152018
1757579861.095572 -0.054360 -0.008202 0.002098 0.087167 -0.042153 -0.044442 0.212672 0.152018
1757579861.097565 -0.054360 -0.008202 0.002098 0.087167 -0.042535 -0.044442 0.213054 0.152018
1757579861.099569 -0.054360 -0.008202 0.002098 0.087167 -0.042916 -0.044442 0.213054 0.152399
1757579861.101571 -0.054360 -0.008202 0.002098 0.087167 -0.042916 -0.044442 0.213054 0.152399
1757579861.103579 -0.054360 -0.008202 0.002098 0.087167 -0.043298 -0.044442 0.213054 0.152399
1757579861.105571 -0.054360 -0.008202 0.002098 0.087167 -0.043679 -0.044061 0.213054 0.152399
1757579861.107581 -0.054360 -0.008202 0.002098 0.087167 -0.044061 -0.044061 0.213054 0.152399
1757579861.109583 -0.054360 -0.008202 0.002098 0.087167 -0.044442 -0.044061 0.213054 0.152399
1757579861.111605 -0.054360 -0.008202 0.002098 0.087167 -0.044442 -0.044061 0.213054 0.152399
1757579861.113569 -0.054360 -0.008202 0.002098 0.087167 -0.044824 -0.044061 0.213054 0.152399
1757579861.115575 -0.054360 -0.008202 0.002098 0.087167 -0.045205 -0.044061 0.213054 0.152399
1757579861.117568 -0.054360 -0.008202 0.002098 0.087167 -0.045587 -0.044061 0.213054 0.152399
1757579861.119574 -0.054360 -0.008202 0.002098 0.087167 -0.045968 -0.044061 0.213435 0.152399
1757579861.121572 -0.054360 -0.008202 0.002098 0.087167 -0.046350 -0.044061 0.213435 0.152399
1757579861.123574 -0.054360 -0.008202 0.002098 0.087167 -0.046731 -0.044061 0.213435 0.152399
1757579861.125570 -0.054360 -0.008202 0.002098 0.087167 -0.046731 -0.044061 0.213435 0.152399
1757579861.127582 -0.054360 -0.008202 0.002098 0.087167 -0.047112 -0.044061 0.213435 0.152399
1757579861.129586 -0.054360 -0.008202 0.002098 0.087167 -0.047494 -0.043679 0.213435 0.152399
1757579861.131579 -0.054360 -0.008202 0.002098 0.087167 -0.047875 -0.043679 0.213435 0.152399
1757579861.133571 -0.054360 -0.008202 0.002098 0.087167 -0.048257 -0.043679 0.213435 0.152399
1757579861.135586 -0.054360 -0.008202 0.002098 0.087167 -0.048638 -0.043679 0.213435 0.152399
1757579861.137574 -0.054360 -0.008202 0.002098 0.087167 -0.049020 -0.043679 0.213435 0.152399
1757579861.139573 -0.054360 -0.008202 0.002098 0.087167 -0.049401 -0.043679 0.213435 0.152399
1757579861.141592 -0.054360 -0.008202 0.002098 0.087167 -0.049783 -0.043679 0.213435 0.152399
1757579861.143594 -0.054360 -0.008202 0.002098 0.087167 -0.050164 -0.043679 0.213435 0.152399
1757579861.145585 -0.054360 -0.008202 0.002098 0.087167 -0.050546 -0.043679 0.213435 0.152399
1757579861.147591 -0.054360 -0.008202 0.002098 0.087167 -0.050927 -0.043298 0.213435 0.152399
1757579861.149586 -0.054360 -0.008202 0.002098 0.087167 -0.051309 -0.043298 0.213435 0.152399
1757579861.151592 -0.054360 -0.008202 0.002098 0.087167 -0.051309 -0.043298 0.213435 0.152399
1757579861.153590 -0.054360 -0.008202 0.002098 0.087167 -0.051690 -0.043298 0.213435 0.152399
1757579861.155589 -0.054360 -0.008202 0.002098 0.087167 -0.052072 -0.043298 0.213435 0.152399
1757579861.157586 -0.054360 -0.008202 0.002098 0.087167 -0.052453 -0.043298 0.213435 0.152399
1757579861.159591 -0.054360 -0.008202 0.002098 0.087167 -0.052835 -0.043298 0.213435 0.152018
1757579861.161586 -0.054360 -0.008202 0.002098 0.087167 -0.053216 -0.042916 0.213435 0.152018
1757579861.163585 -0.054360 -0.008202 0.002098 0.087167 -0.053597 -0.042916 0.213435 0.152018
1757579861.165586 -0.054360 -0.008202 0.002098 0.087167 -0.053979 -0.042916 0.213435 0.152018
1757579861.167598 -0.054360 -0.008202 0.002098 0.087167 -0.054360 -0.042916 0.213435 0.152018
1757579861.169587 -0.054360 -0.008202 0.002098 0.087167 -0.054742 -0.042916 0.213435 0.152018
1757579861.171586 -0.054360 -0.008202 0.002098 0.087167 -0.055123 -0.042916 0.213435 0.152018
1757579861.173613 -0.054360 -0.008202 0.002098 0.087167 -0.055505 -0.042916 0.213435 0.152018
1757579861.175595 -0.054360 -0.008202 0.002098 0.087167 -0.055886 -0.042535 0.213435 0.152018
1757579861.177590 -0.054360 -0.008202 0.002098 0.087167 -0.056268 -0.042535 0.213435 0.152018
1757579861.179589 -0.054360 -0.008202 0.002098 0.087167 -0.056649 -0.042535 0.213435 0.152018
1757579861.181587 -0.054360 -0.008202 0.002098 0.087167 -0.057031 -0.042535 0.213435 0.152018
1757579861.183582 -0.054360 -0.008202 0.002098 0.087167 -0.057412 -0.042535 0.213435 0.152018
1757579861.185583 -0.054360 -0.008202 0.002098 0.087167 -0.057794 -0.042535 0.213435 0.152018
1757579861.187593 -0.054360 -0.008202 0.002098 0.087167 -0.058175 -0.042153 0.213435 0.152018
1757579861.189585 -0.054360 -0.008202 0.002098 0.087167 -0.058557 -0.042153 0.213435 0.152018
1757579861.191584 -0.054360 -0.008202 0.002098 0.087167 -0.058557 -0.042153 0.213435 0.152018
1757579861.193586 -0.054360 -0.008202 0.002098 0.087167 -0.058938 -0.042153 0.213435 0.152018
1757579861.195620 -0.054360 -0.008202 0.002098 0.087167 -0.059319 -0.042153 0.213435 0.152018
1757579861.197587 -0.054360 -0.008202 0.002098 0.087167 -0.059701 -0.042153 0.213435 0.152018
1757579861.199588 -0.054360 -0.008202 0.002098 0.087167 -0.060082 -0.042153 0.213435 0.151636
1757579861.201585 -0.054360 -0.008202 0.002098 0.087167 -0.060464 -0.041772 0.213435 0.151636
1757579861.203597 -0.054360 -0.008202 0.002098 0.087167 -0.060464 -0.041772 0.213435 0.151636
1757579861.205586 -0.054360 -0.008202 0.002098 0.087167 -0.060845 -0.041772 0.213435 0.151636
1757579861.207589 -0.054360 -0.008202 0.002098 0.087167 -0.061227 -0.041772 0.213435 0.151636
1757579861.209586 -0.054360 -0.008202 0.002098 0.087167 -0.061227 -0.041772 0.213435 0.151636
1757579861.211607 -0.054360 -0.008202 0.002098 0.087167 -0.061608 -0.041772 0.213435 0.151636
1757579861.213586 -0.053979 -0.008202 0.002098 0.087167 -0.061990 -0.041390 0.213435 0.151636
1757579861.215592 -0.053979 -0.008202 0.002098 0.087167 -0.062371 -0.041390 0.213435 0.151636
1757579861.217586 -0.053979 -0.008202 0.002098 0.087167 -0.062371 -0.041390 0.213435 0.151636
1757579861.219646 -0.053979 -0.008202 0.002098 0.087167 -0.062753 -0.041390 0.213435 0.151636
1757579861.221587 -0.053979 -0.008202 0.002098 0.087167 -0.062753 -0.041390 0.213435 0.151636
1757579861.223596 -0.053979 -0.008202 0.002098 0.087167 -0.063134 -0.041009 0.213435 0.151636
1757579861.225587 -0.053979 -0.008202 0.002098 0.087167 -0.063134 -0.041009 0.213435 0.151636
1757579861.227632 -0.053979 -0.008202 0.002098 0.087167 -0.063516 -0.041009 0.213435 0.151636
1757579861.229586 -0.053979 -0.008202 0.002098 0.087167 -0.063897 -0.041009 0.213435 0.151636
1757579861.231620 -0.053979 -0.008202 0.002098 0.087167 -0.063897 -0.040627 0.213435 0.151636
1757579861.233580 -0.053979 -0.008202 0.002098 0.087167 -0.064279 -0.040627 0.213435 0.151636
1757579861.235779 -0.053979 -0.008202 0.002098 0.087167 -0.064279 -0.040627 0.213435 0.151636
1757579861.237612 -0.053979 -0.008202 0.002098 0.087167 -0.064279 -0.040627 0.213435 0.151255
1757579861.239646 -0.053979 -0.008202 0.002098 0.087167 -0.064660 -0.040246 0.213435 0.151255
1757579861.241611 -0.053979 -0.008202 0.002098 0.087167 -0.064660 -0.040246 0.213435 0.151255
1757579861.243616 -0.053979 -0.008202 0.002098 0.087167 -0.065042 -0.040246 0.213435 0.151255
1757579861.245610 -0.053979 -0.008202 0.002098 0.087167 -0.065042 -0.040246 0.213435 0.151255
1757579861.247596 -0.053979 -0.008202 0.002098 0.087167 -0.065042 -0.040246 0.213435 0.151255
1757579861.249582 -0.053979 -0.008202 0.002098 0.087167 -0.065423 -0.039865 0.213435 0.151255
1757579861.251563 -0.053979 -0.008202 0.002098 0.087167 -0.065423 -0.039865 0.213435 0.151255
1757579861.253560 -0.053979 -0.008202 0.002098 0.087167 -0.065423 -0.039865 0.213435 0.151255
1757579861.255568 -0.053979 -0.008202 0.002098 0.087167 -0.065423 -0.039865 0.213435 0.151255
1757579861.257574 -0.053979 -0.008202 0.002098 0.087167 -0.065804 -0.039483 0.213435 0.151255
1757579861.259576 -0.053979 -0.008202 0.002098 0.087167 -0.065804 -0.039483 0.213435 0.151255
1757579861.261570 -0.053979 -0.008202 0.002098 0.087167 -0.065804 -0.039483 0.213435 0.151255
1757579861.263606 -0.053979 -0.008202 0.002098 0.087167 -0.065804 -0.039483 0.213435 0.151255
1757579861.265575 -0.053597 -0.008202 0.002098 0.087167 -0.066186 -0.039483 0.213435 0.151255
1757579861.267579 -0.053597 -0.008202 0.002098 0.087167 -0.066186 -0.039102 0.213435 0.151255
1757579861.269567 -0.053597 -0.008202 0.002098 0.087167 -0.066186 -0.039102 0.213435 0.151255
1757579861.271564 -0.053597 -0.008202 0.002098 0.087167 -0.066186 -0.039102 0.213435 0.151255
1757579861.273574 -0.053597 -0.008202 0.002098 0.087167 -0.066186 -0.039102 0.213435 0.151255
1757579861.275572 -0.053597 -0.008202 0.002098 0.087167 -0.066186 -0.039102 0.213435 0.151255
1757579861.277572 -0.053597 -0.008202 0.002098 0.087167 -0.066567 -0.038720 0.213435 0.151255
1757579861.279571 -0.053597 -0.008202 0.002098 0.087167 -0.066567 -0.038720 0.213435 0.151255
1757579861.281581 -0.053597 -0.008202 0.002098 0.087167 -0.066567 -0.038720 0.213435 0.151255
1757579861.283562 -0.053597 -0.008202 0.002098 0.087167 -0.066567 -0.038720 0.213435 0.151255
1757579861.285571 -0.053597 -0.008202 0.002098 0.087167 -0.066567 -0.038720 0.213435 0.151255
1757579861.287581 -0.053597 -0.008202 0.002098 0.087167 -0.066567 -0.038339 0.213435 0.151255
1757579861.289578 -0.053597 -0.008202 0.002098 0.087167 -0.066567 -0.038339 0.213435 0.151255
1757579861.291573 -0.053597 -0.008202 0.002098 0.087167 -0.066567 -0.038339 0.213435 0.151255
1757579861.293576 -0.053597 -0.008202 0.002098 0.087167 -0.066567 -0.038339 0.213435 0.151255
1757579861.295568 -0.053597 -0.008202 0.002098 0.087167 -0.066949 -0.038339 0.213435 0.151255
1757579861.297618 -0.053597 -0.008202 0.002098 0.087167 -0.066949 -0.037957 0.213435 0.151255
1757579861.299581 -0.053597 -0.008202 0.002098 0.087167 -0.066949 -0.037957 0.213435 0.151255
1757579861.301576 -0.053597 -0.008202 0.002098 0.087167 -0.066949 -0.037957 0.213435 0.151255
1757579861.303604 -0.053597 -0.008202 0.002098 0.087167 -0.066949 -0.037957 0.213435 0.151255
1757579861.305588 -0.053597 -0.008202 0.002098 0.087167 -0.066949 -0.037957 0.213435 0.151255
1757579861.307571 -0.053597 -0.008202 0.002098 0.087167 -0.066949 -0.037957 0.213435 0.151255
1757579861.309577 -0.053216 -0.008202 0.002098 0.087167 -0.066949 -0.037576 0.213435 0.151255
1757579861.311570 -0.053216 -0.008202 0.002098 0.087167 -0.066949 -0.037576 0.213435 0.151255
1757579861.313576 -0.053216 -0.008202 0.002098 0.087167 -0.066949 -0.037576 0.213435 0.151255
1757579861.315576 -0.053216 -0.008202 0.002098 0.087167 -0.066949 -0.037576 0.213435 0.151255
1757579861.317577 -0.053216 -0.008202 0.002098 0.087167 -0.066949 -0.037576 0.213435 0.151255
1757579861.319574 -0.053216 -0.008202 0.002098 0.087167 -0.066949 -0.037194 0.213435 0.151255
1757579861.321572 -0.053216 -0.008202 0.002098 0.087167 -0.066949 -0.037194 0.213435 0.151255
1757579861.323564 -0.053216 -0.008202 0.002098 0.087167 -0.066949 -0.037194 0.213435 0.151255
1757579861.325579 -0.053216 -0.008202 0.002098 0.087167 -0.066949 -0.037194 0.213054 0.151255
1757579861.327584 -0.053216 -0.008202 0.002098 0.087167 -0.066949 -0.036813 0.213054 0.151255
1757579861.329602 -0.053216 -0.008202 0.002098 0.087167 -0.067330 -0.036813 0.213054 0.151255
1757579861.331579 -0.053216 -0.008202 0.002098 0.087167 -0.067330 -0.036813 0.213054 0.151255
1757579861.333582 -0.053216 -0.008202 0.002098 0.087167 -0.067330 -0.036813 0.213054 0.151255
1757579861.335570 -0.053216 -0.008202 0.002098 0.087167 -0.067330 -0.036813 0.213054 0.151255
1757579861.337595 -0.053216 -0.008202 0.002098 0.087167 -0.067330 -0.036431 0.213054 0.151255
1757579861.339601 -0.053216 -0.008202 0.002098 0.087167 -0.067330 -0.036431 0.213054 0.151255
1757579861.341572 -0.052835 -0.008202 0.002098 0.087167 -0.067330 -0.036431 0.213054 0.151255
1757579861.343594 -0.052835 -0.008202 0.002098 0.087167 -0.067330 -0.036431 0.213054 0.151255
1757579861.345558 -0.052835 -0.008202 0.002098 0.087167 -0.067330 -0.036431 0.213054 0.151255
1757579861.347580 -0.052835 -0.008202 0.002098 0.087167 -0.067330 -0.036050 0.213054 0.151255
1757579861.349579 -0.052835 -0.008202 0.002098 0.087167 -0.067330 -0.036050 0.213054 0.151255
1757579861.351595 -0.052835 -0.008202 0.002098 0.087167 -0.067330 -0.036050 0.213054 0.151255
1757579861.353567 -0.052835 -0.008202 0.002098 0.087167 -0.067330 -0.036050 0.213054 0.151255
1757579861.355624 -0.052835 -0.008202 0.002098 0.087167 -0.067330 -0.035668 0.213054 0.151255
1757579861.357584 -0.052835 -0.008202 0.002098 0.087167 -0.067330 -0.035668 0.213054 0.151255
1757579861.359643 -0.052835 -0.008202 0.002098 0.087167 -0.067330 -0.035668 0.213054 0.151255
1757579861.361601 -0.052835 -0.008202 0.002098 0.087167 -0.066949 -0.035668 0.213054 0.151255
1757579861.363601 -0.052835 -0.008202 0.002098 0.087167 -0.066949 -0.035287 0.213054 0.151255
1757579861.365595 -0.052835 -0.008202 0.002098 0.087167 -0.066949 -0.035287 0.213054 0.151255
1757579861.367579 -0.052453 -0.008202 0.002098 0.087167 -0.066949 -0.035287 0.213054 0.151255
1757579861.369570 -0.052453 -0.008202 0.002098 0.087167 -0.066949 -0.035287 0.213054 0.151255
1757579861.371580 -0.052453 -0.008202 0.002098 0.087167 -0.066949 -0.035287 0.213054 0.151255
1757579861.373570 -0.052453 -0.008202 0.002098 0.087167 -0.066949 -0.034905 0.213054 0.151255
1757579861.375586 -0.052453 -0.008202 0.002098 0.087167 -0.066949 -0.034905 0.213054 0.151636
1757579861.377562 -0.052453 -0.008202 0.002098 0.087167 -0.066949 -0.034905 0.213054 0.151636
1757579861.379584 -0.052453 -0.008202 0.002098 0.087167 -0.066949 -0.034905 0.213054 0.151255
1757579861.381585 -0.052453 -0.008202 0.002098 0.087167 -0.066949 -0.034905 0.213054 0.151255
1757579861.383592 -0.052453 -0.008202 0.002098 0.087167 -0.066949 -0.034524 0.213054 0.151636
1757579861.385585 -0.052453 -0.008202 0.002098 0.087167 -0.066949 -0.034524 0.213054 0.151636
1757579861.387563 -0.052453 -0.008202 0.002098 0.087167 -0.066949 -0.034524 0.213054 0.151636
1757579861.389674 -0.052453 -0.008202 0.002098 0.087167 -0.066949 -0.034524 0.213054 0.151636
1757579861.391576 -0.052453 -0.008202 0.002098 0.087167 -0.066949 -0.034142 0.213054 0.151636
1757579861.393588 -0.052453 -0.008202 0.002098 0.087167 -0.066949 -0.034142 0.213054 0.151636
1757579861.395570 -0.052453 -0.008202 0.002098 0.087167 -0.066949 -0.034142 0.213054 0.151636
1757579861.397559 -0.052453 -0.008202 0.002098 0.087167 -0.066949 -0.034142 0.213054 0.151636
1757579861.399593 -0.052072 -0.008202 0.002098 0.087167 -0.066949 -0.033761 0.213054 0.151636
1757579861.401584 -0.052072 -0.008202 0.002098 0.087167 -0.066949 -0.033761 0.213054 0.151636
1757579861.403601 -0.052072 -0.008202 0.002098 0.087167 -0.066949 -0.033761 0.213054 0.151636
1757579861.405689 -0.052072 -0.008202 0.002098 0.087167 -0.066949 -0.033761 0.213054 0.151636
1757579861.407574 -0.052072 -0.008202 0.002098 0.087548 -0.066949 -0.033761 0.213054 0.151636
1757579861.409594 -0.052072 -0.008202 0.002098 0.087548 -0.066949 -0.033380 0.213054 0.151636
1757579861.411618 -0.052072 -0.008202 0.002098 0.087548 -0.066949 -0.033380 0.213054 0.151636
1757579861.413647 -0.052072 -0.008202 0.002098 0.087548 -0.066949 -0.033380 0.213054 0.151636
1757579861.415573 -0.052072 -0.008202 0.002098 0.087548 -0.066949 -0.033380 0.213054 0.151636
1757579861.417659 -0.052072 -0.008202 0.002098 0.087548 -0.066949 -0.032998 0.213054 0.151636
1757579861.419580 -0.052072 -0.008202 0.002098 0.087548 -0.066567 -0.032998 0.213054 0.151636
1757579861.421621 -0.052072 -0.008202 0.002098 0.087548 -0.066567 -0.032998 0.213054 0.151636
1757579861.423579 -0.052072 -0.008202 0.002098 0.087548 -0.066567 -0.032998 0.213054 0.151636
1757579861.425598 -0.052072 -0.008202 0.002098 0.087548 -0.066567 -0.032617 0.213054 0.151636
1757579861.427596 -0.052072 -0.008202 0.002098 0.087548 -0.066567 -0.032617 0.213054 0.151636
1757579861.429563 -0.052072 -0.008202 0.002098 0.087548 -0.066567 -0.032617 0.213054 0.151636
1757579861.431569 -0.052072 -0.008202 0.002098 0.087548 -0.066567 -0.032617 0.213054 0.151636
1757579861.433562 -0.052072 -0.008202 0.002098 0.087548 -0.066567 -0.032235 0.213054 0.151636
1757579861.435579 -0.052072 -0.008202 0.002098 0.087548 -0.066567 -0.032235 0.213054 0.151636
1757579861.437562 -0.052072 -0.008202 0.002098 0.087548 -0.066186 -0.032235 0.213054 0.151636
1757579861.439564 -0.052072 -0.008202 0.002098 0.087548 -0.066186 -0.032235 0.213054 0.151636
1757579861.441574 -0.052072 -0.008202 0.002098 0.087548 -0.066186 -0.032235 0.213054 0.151636
1757579861.443572 -0.052072 -0.008202 0.002098 0.087548 -0.066186 -0.031854 0.213054 0.151636
1757579861.445552 -0.052072 -0.008202 0.002098 0.087548 -0.066186 -0.031854 0.213054 0.151636
1757579861.447556 -0.052072 -0.008202 0.002098 0.087548 -0.066186 -0.031854 0.213054 0.151636
1757579861.449562 -0.052072 -0.008202 0.002098 0.087548 -0.066186 -0.031854 0.213054 0.151636
1757579861.451607 -0.052072 -0.008202 0.002098 0.087548 -0.066186 -0.031472 0.213054 0.151636
1757579861.453591 -0.052072 -0.008202 0.002098 0.087548 -0.066186 -0.031472 0.213054 0.151636
1757579861.455623 -0.052072 -0.008202 0.002098 0.087548 -0.065804 -0.031472 0.213054 0.151636
1757579861.457570 -0.052072 -0.008202 0.002098 0.087548 -0.065804 -0.031472 0.213054 0.151636
1757579861.459600 -0.052072 -0.008202 0.002098 0.087167 -0.065804 -0.031090 0.213054 0.151636
1757579861.461559 -0.052072 -0.008202 0.002098 0.087548 -0.065804 -0.031090 0.213054 0.151636
1757579861.463556 -0.052072 -0.008202 0.002098 0.087167 -0.065804 -0.031090 0.213054 0.151636
1757579861.465569 -0.052072 -0.008202 0.002098 0.087548 -0.065804 -0.031090 0.213054 0.151636
1757579861.467567 -0.052072 -0.008202 0.002098 0.087167 -0.065804 -0.030708 0.213054 0.151636
1757579861.469568 -0.052072 -0.008202 0.002098 0.087167 -0.065804 -0.030708 0.213054 0.151636
1757579861.471577 -0.052072 -0.008202 0.002098 0.087167 -0.065804 -0.030708 0.213054 0.151636
1757579861.473564 -0.052072 -0.008202 0.002098 0.087167 -0.065804 -0.030708 0.213054 0.151636
1757579861.475570 -0.052072 -0.008202 0.002098 0.087167 -0.065804 -0.030327 0.213054 0.151636
1757579861.477565 -0.052072 -0.008202 0.002098 0.087167 -0.065423 -0.030327 0.213054 0.151636
1757579861.479566 -0.052072 -0.008202 0.002098 0.087167 -0.065423 -0.030327 0.213054 0.151636
1757579861.481562 -0.052072 -0.008202 0.002098 0.087167 -0.065423 -0.030327 0.213054 0.151636
1757579861.483682 -0.052072 -0.008202 0.002098 0.087167 -0.065423 -0.029945 0.213054 0.151636
1757579861.485609 -0.052072 -0.008202 0.002098 0.087167 -0.065423 -0.029945 0.213054 0.151636
1757579861.487609 -0.052072 -0.008202 0.002098 0.087167 -0.065423 -0.029945 0.213054 0.151636
1757579861.489606 -0.052072 -0.008202 0.002098 0.087167 -0.065423 -0.029945 0.213054 0.151636
1757579861.491574 -0.052072 -0.008202 0.002098 0.087167 -0.065423 -0.029945 0.213054 0.151636
1757579861.493560 -0.052072 -0.008202 0.002098 0.087167 -0.065423 -0.029564 0.213054 0.151636
1757579861.495559 -0.052072 -0.008202 0.002098 0.087167 -0.065423 -0.029564 0.213054 0.151636
1757579861.497612 -0.052072 -0.008202 0.002098 0.087167 -0.065423 -0.029564 0.213054 0.151636
1757579861.499611 -0.052072 -0.008202 0.002098 0.087167 -0.065423 -0.029564 0.213054 0.151636
1757579861.501566 -0.052072 -0.008202 0.002098 0.087167 -0.065042 -0.029564 0.213054 0.151636
1757579861.503563 -0.052072 -0.008202 0.002098 0.087167 -0.065042 -0.029182 0.213054 0.151636
1757579861.505562 -0.052072 -0.008202 0.002098 0.087167 -0.065042 -0.029182 0.213054 0.151636
1757579861.507579 -0.052072 -0.008202 0.002098 0.087167 -0.065042 -0.029182 0.213054 0.151636
1757579861.509563 -0.052072 -0.008202 0.002098 0.087167 -0.065042 -0.029182 0.213054 0.151636
1757579861.511561 -0.052072 -0.008202 0.002098 0.087167 -0.065042 -0.028801 0.213054 0.151636
1757579861.513577 -0.052072 -0.008202 0.002098 0.087167 -0.065042 -0.028801 0.213054 0.151636
1757579861.515594 -0.052072 -0.008202 0.002098 0.087167 -0.065042 -0.028801 0.213054 0.151636
1757579861.517582 -0.052072 -0.008202 0.002098 0.087167 -0.065042 -0.028801 0.213054 0.151636
1757579861.519572 -0.052072 -0.008202 0.002098 0.087167 -0.065042 -0.028801 0.213054 0.151636
1757579861.521573 -0.052072 -0.008202 0.002098 0.087167 -0.065042 -0.028419 0.213054 0.151636
1757579861.523566 -0.052072 -0.008202 0.002098 0.087167 -0.064660 -0.028419 0.213054 0.151636
1757579861.525559 -0.052072 -0.008202 0.002098 0.087167 -0.064660 -0.028419 0.213054 0.151636
1757579861.527580 -0.052072 -0.008202 0.002098 0.087167 -0.064660 -0.028419 0.213054 0.151636
1757579861.529567 -0.052072 -0.008202 0.002098 0.087167 -0.064660 -0.028038 0.213054 0.151636
1757579861.531561 -0.052072 -0.008202 0.002098 0.087167 -0.064660 -0.028038 0.213054 0.151636
1757579861.533562 -0.052072 -0.008202 0.002098 0.087167 -0.064660 -0.028038 0.213054 0.151636
1757579861.535580 -0.052072 -0.008202 0.002098 0.087167 -0.064660 -0.028038 0.213054 0.151636
1757579861.537560 -0.052072 -0.008202 0.002098 0.087167 -0.064660 -0.028038 0.213054 0.151636
1757579861.539574 -0.052072 -0.008202 0.002098 0.087167 -0.064660 -0.027657 0.213054 0.151636
1757579861.541564 -0.052072 -0.008202 0.002098 0.087167 -0.064660 -0.027657 0.213054 0.151636
1757579861.543575 -0.052072 -0.008202 0.002098 0.087167 -0.064660 -0.027657 0.213054 0.151636
1757579861.545609 -0.052072 -0.008202 0.002098 0.087167 -0.064660 -0.027657 0.213054 0.151636
1757579861.547568 -0.052072 -0.008202 0.002098 0.087167 -0.064660 -0.027275 0.213054 0.151636
1757579861.549567 -0.052072 -0.008202 0.002098 0.087167 -0.064660 -0.027275 0.213054 0.151636
1757579861.551583 -0.052072 -0.008202 0.002098 0.087167 -0.064660 -0.027275 0.213054 0.151636
1757579861.553605 -0.052072 -0.008202 0.002098 0.087167 -0.064660 -0.027275 0.213054 0.151636
1757579861.555573 -0.052072 -0.008202 0.002098 0.087167 -0.064279 -0.027275 0.213054 0.151636
1757579861.557551 -0.052072 -0.008202 0.002098 0.087167 -0.064279 -0.026894 0.213054 0.151636
1757579861.559584 -0.052072 -0.008202 0.002098 0.087167 -0.064279 -0.026894 0.213054 0.151636
1757579861.561570 -0.052072 -0.008202 0.002098 0.087167 -0.064279 -0.026894 0.213054 0.151636
1757579861.563565 -0.052072 -0.008202 0.002098 0.087167 -0.064279 -0.026894 0.213054 0.151636
1757579861.565572 -0.052072 -0.008202 0.002098 0.087167 -0.064279 -0.026512 0.213054 0.151636
1757579861.567582 -0.052072 -0.008202 0.002098 0.087167 -0.064279 -0.026512 0.213054 0.151636
1757579861.569570 -0.052072 -0.008202 0.002098 0.087167 -0.064279 -0.026512 0.213054 0.151636
1757579861.571567 -0.052072 -0.008202 0.002098 0.087167 -0.064279 -0.026512 0.213054 0.151636
1757579861.573565 -0.052072 -0.008202 0.002098 0.087167 -0.064279 -0.026131 0.213054 0.151636
1757579861.575592 -0.052072 -0.008202 0.002098 0.087167 -0.064279 -0.026131 0.213054 0.151636
1757579861.577580 -0.052072 -0.008202 0.002098 0.087167 -0.064279 -0.026131 0.213054 0.151636
1757579861.579562 -0.052072 -0.008202 0.002098 0.087167 -0.064279 -0.026131 0.213054 0.151636
1757579861.581581 -0.052072 -0.008202 0.002098 0.087167 -0.064279 -0.026131 0.213054 0.151636
1757579861.583597 -0.052072 -0.008202 0.002098 0.087167 -0.064279 -0.025749 0.213054 0.151636
1757579861.585563 -0.052072 -0.008202 0.002098 0.087167 -0.064279 -0.025749 0.213054 0.151636
1757579861.587615 -0.052072 -0.008202 0.002098 0.087167 -0.064279 -0.025749 0.213054 0.151636
1757579861.589608 -0.052072 -0.008202 0.002098 0.087167 -0.064279 -0.025749 0.213054 0.151636
1757579861.591607 -0.052072 -0.008202 0.002098 0.087167 -0.064279 -0.025368 0.213054 0.151636
1757579861.593668 -0.052072 -0.008202 0.002098 0.087167 -0.064279 -0.025368 0.213054 0.151636
1757579861.595618 -0.052072 -0.008202 0.002098 0.087167 -0.064279 -0.025368 0.213054 0.151636
1757579861.597572 -0.052072 -0.008202 0.002098 0.087167 -0.064279 -0.025368 0.213054 0.151636
1757579861.599565 -0.052072 -0.008202 0.002098 0.087167 -0.064279 -0.024986 0.213054 0.151636
1757579861.601565 -0.052072 -0.008202 0.002098 0.087167 -0.064279 -0.024986 0.213054 0.151636
1757579861.603672 -0.052072 -0.008202 0.002098 0.087167 -0.064279 -0.024986 0.213054 0.151636
1757579861.605626 -0.052072 -0.008202 0.002098 0.087167 -0.064279 -0.024986 0.213054 0.151636
1757579861.607620 -0.052072 -0.008202 0.002098 0.087167 -0.064279 -0.024605 0.213054 0.151636
1757579861.609591 -0.052072 -0.008202 0.002098 0.087167 -0.064279 -0.024605 0.213054 0.151636
1757579861.611594 -0.052072 -0.008202 0.002098 0.087167 -0.064279 -0.024605 0.213054 0.151636
1757579861.613617 -0.052072 -0.008202 0.002098 0.087167 -0.064279 -0.024605 0.213054 0.151636
1757579861.615596 -0.052072 -0.008202 0.002098 0.087167 -0.064279 -0.024605 0.213054 0.151636
1757579861.617562 -0.052072 -0.008202 0.002098 0.087167 -0.064279 -0.024223 0.213054 0.151636
1757579861.619596 -0.052072 -0.008202 0.002098 0.087167 -0.064279 -0.024223 0.213054 0.151636
1757579861.621575 -0.052072 -0.008202 0.002098 0.087167 -0.064279 -0.024223 0.213054 0.151636
1757579861.623561 -0.052072 -0.008202 0.002098 0.087167 -0.064279 -0.024223 0.213054 0.151636
1757579861.625561 -0.052072 -0.008202 0.002098 0.087167 -0.064279 -0.023842 0.213054 0.151636
1757579861.627557 -0.052072 -0.008202 0.002098 0.087167 -0.064279 -0.023842 0.213054 0.151636
1757579861.629569 -0.052072 -0.008202 0.002098 0.087167 -0.064279 -0.023842 0.213054 0.151636
1757579861.631575 -0.052072 -0.008202 0.002098 0.087167 -0.064279 -0.023842 0.213054 0.151636
1757579861.633560 -0.052072 -0.008202 0.002098 0.087167 -0.064279 -0.023460 0.213054 0.151636
1757579861.635554 -0.052072 -0.008202 0.002098 0.087167 -0.064279 -0.023460 0.213054 0.151636
1757579861.637565 -0.052072 -0.008202 0.002098 0.087167 -0.064279 -0.023460 0.213054 0.151636
1757579861.639582 -0.052072 -0.008202 0.002098 0.087167 -0.064279 -0.023460 0.213054 0.151636
1757579861.641565 -0.052072 -0.008202 0.002098 0.087167 -0.064279 -0.023460 0.213054 0.151636
1757579861.643572 -0.052072 -0.008202 0.002098 0.087167 -0.064279 -0.023079 0.213054 0.151636
1757579861.645574 -0.052072 -0.008202 0.002098 0.087167 -0.064279 -0.023079 0.213054 0.151636
1757579861.647567 -0.052072 -0.008202 0.002098 0.087167 -0.064279 -0.023079 0.213054 0.151636
1757579861.649608 -0.052072 -0.008202 0.002098 0.087167 -0.064279 -0.023079 0.213054 0.151636
1757579861.651583 -0.052072 -0.008202 0.002098 0.087167 -0.064279 -0.022697 0.213054 0.151636
1757579861.653566 -0.052072 -0.008202 0.002098 0.087167 -0.064279 -0.022697 0.213054 0.151636
1757579861.655564 -0.052072 -0.008202 0.002098 0.087167 -0.064279 -0.022697 0.213054 0.151636
1757579861.657560 -0.052072 -0.008202 0.002098 0.087167 -0.064279 -0.022697 0.213054 0.151636
1757579861.659560 -0.052072 -0.008202 0.002098 0.087167 -0.064279 -0.022316 0.213054 0.151636
1757579861.661569 -0.052072 -0.008202 0.002098 0.087167 -0.064279 -0.022316 0.213054 0.151636
1757579861.663558 -0.052072 -0.008202 0.002098 0.087167 -0.064279 -0.022316 0.213054 0.151636
1757579861.665561 -0.052072 -0.008202 0.002098 0.087167 -0.064279 -0.022316 0.213054 0.151636
1757579861.667557 -0.052072 -0.008202 0.002098 0.087167 -0.064279 -0.021935 0.213054 0.151636
1757579861.669598 -0.052072 -0.008202 0.002098 0.087167 -0.064279 -0.021935 0.213054 0.151636
1757579861.671571 -0.052072 -0.008202 0.002098 0.087167 -0.064660 -0.021935 0.213054 0.151636
1757579861.673564 -0.052072 -0.008202 0.002098 0.087167 -0.064660 -0.021935 0.213054 0.151636
1757579861.675562 -0.052072 -0.008202 0.002098 0.087167 -0.064660 -0.021935 0.213054 0.151636
1757579861.677567 -0.052072 -0.008202 0.002098 0.087167 -0.064660 -0.021553 0.213054 0.151636
1757579861.679561 -0.052072 -0.008202 0.002098 0.087167 -0.064660 -0.021553 0.213054 0.151636
1757579861.681560 -0.052072 -0.008202 0.002098 0.087167 -0.064660 -0.021553 0.213054 0.151636
1757579861.683559 -0.052072 -0.008202 0.002098 0.087167 -0.064660 -0.021553 0.213054 0.151636
1757579861.685564 -0.052072 -0.008202 0.002098 0.087167 -0.064660 -0.021553 0.213054 0.151636
1757579861.687562 -0.052072 -0.007820 0.002098 0.087167 -0.064660 -0.021172 0.213054 0.151636
1757579861.689564 -0.052072 -0.008202 0.002098 0.087167 -0.064660 -0.021172 0.213054 0.151636
1757579861.691561 -0.052072 -0.007820 0.002098 0.087167 -0.064660 -0.021172 0.213054 0.151636
1757579861.693559 -0.052072 -0.007820 0.002098 0.087167 -0.064660 -0.021172 0.213054 0.151636
1757579861.695558 -0.052072 -0.007820 0.002098 0.087167 -0.064660 -0.020790 0.213054 0.151636
1757579861.697578 -0.052072 -0.008202 0.002098 0.087167 -0.064660 -0.020790 0.213054 0.151636
1757579861.699559 -0.052072 -0.007820 0.002098 0.087167 -0.064660 -0.020790 0.213054 0.151636
1757579861.701578 -0.052072 -0.007820 0.002098 0.087167 -0.064660 -0.020790 0.213054 0.151636
1757579861.703556 -0.052072 -0.007820 0.002098 0.087167 -0.064660 -0.020790 0.213054 0.151636
1757579861.705597 -0.052072 -0.007820 0.002098 0.087167 -0.064660 -0.020409 0.213054 0.151636
1757579861.707560 -0.052072 -0.007820 0.002098 0.087167 -0.064660 -0.020409 0.213054 0.151636
1757579861.709563 -0.052072 -0.007820 0.002098 0.087167 -0.064660 -0.020409 0.213054 0.151636
1757579861.711558 -0.052072 -0.007820 0.002098 0.087167 -0.064660 -0.020409 0.213054 0.151636
1757579861.713573 -0.052072 -0.008202 0.002098 0.087167 -0.064660 -0.020409 0.213054 0.151636
1757579861.715560 -0.052072 -0.007820 0.002098 0.087167 -0.064660 -0.020027 0.213054 0.151636
1757579861.717559 -0.052072 -0.007820 0.002098 0.087167 -0.064660 -0.020027 0.213054 0.151636
1757579861.719561 -0.052072 -0.007820 0.002098 0.087167 -0.064660 -0.020027 0.213054 0.151636
1757579861.721581 -0.052072 -0.007820 0.002098 0.087167 -0.064660 -0.020027 0.213054 0.151636
1757579861.723561 -0.052072 -0.007820 0.002098 0.087167 -0.064660 -0.020027 0.213054 0.151636
1757579861.725559 -0.052072 -0.007820 0.002098 0.087167 -0.064660 -0.019646 0.213054 0.151636
1757579861.727557 -0.052072 -0.007820 0.002098 0.087167 -0.064660 -0.019646 0.213054 0.151636
1757579861.729576 -0.052072 -0.007820 0.002098 0.087167 -0.064660 -0.019646 0.213054 0.151636
1757579861.731586 -0.052072 -0.007820 0.002098 0.087167 -0.064660 -0.019646 0.213054 0.151636
1757579861.733566 -0.052072 -0.007820 0.002098 0.087167 -0.064660 -0.019264 0.213054 0.151636
1757579861.735570 -0.052072 -0.007820 0.002098 0.087167 -0.064660 -0.019264 0.213054 0.151636
1757579861.737577 -0.052072 -0.007820 0.002098 0.087167 -0.064660 -0.019264 0.213054 0.151636
1757579861.739562 -0.052072 -0.007820 0.002098 0.087167 -0.064660 -0.019264 0.213054 0.151636
1757579861.741560 -0.052072 -0.007820 0.002098 0.087167 -0.064660 -0.019264 0.213054 0.151636
1757579861.743561 -0.052072 -0.007820 0.002098 0.087167 -0.064660 -0.018883 0.213054 0.151636
1757579861.745607 -0.052072 -0.007820 0.002098 0.087167 -0.064660 -0.018883 0.213054 0.151636
1757579861.747572 -0.052072 -0.007820 0.002098 0.087167 -0.064660 -0.018883 0.213054 0.151636
1757579861.749590 -0.052072 -0.007820 0.002098 0.087167 -0.064660 -0.018883 0.213054 0.151636
1757579861.751566 -0.052072 -0.007820 0.002098 0.087167 -0.064660 -0.018883 0.213054 0.151636
1757579861.753576 -0.052072 -0.007820 0.002098 0.087167 -0.065042 -0.018501 0.213054 0.151636
1757579861.755567 -0.052072 -0.007820 0.002098 0.087167 -0.065042 -0.018501 0.213054 0.151636
1757579861.757560 -0.052072 -0.007820 0.002098 0.087167 -0.065042 -0.018501 0.213054 0.151636
1757579861.759558 -0.052072 -0.007820 0.002098 0.087167 -0.065042 -0.018501 0.213054 0.151636
1757579861.761571 -0.052072 -0.007820 0.002098 0.087167 -0.065042 -0.018501 0.213054 0.151636
1757579861.763593 -0.052072 -0.007820 0.002098 0.087167 -0.065042 -0.018120 0.213054 0.151636
1757579861.765562 -0.052072 -0.007820 0.002098 0.087167 -0.065042 -0.018120 0.213054 0.151636
1757579861.767555 -0.052072 -0.007820 0.002098 0.087167 -0.065042 -0.018120 0.213054 0.151636
1757579861.769573 -0.052072 -0.007820 0.002098 0.087167 -0.065042 -0.018120 0.213054 0.151636
1757579861.771558 -0.052072 -0.007820 0.002098 0.087167 -0.065042 -0.018120 0.213054 0.151636
1757579861.773556 -0.052072 -0.007820 0.002098 0.087167 -0.065042 -0.017738 0.213054 0.151636
1757579861.775555 -0.052072 -0.007820 0.002098 0.087167 -0.065042 -0.017738 0.213054 0.151636
1757579861.777573 -0.052072 -0.007820 0.002098 0.087167 -0.065042 -0.017738 0.213054 0.151636
1757579861.779560 -0.052072 -0.007820 0.002098 0.087167 -0.065042 -0.017738 0.213054 0.151636
1757579861.781557 -0.052072 -0.007820 0.002098 0.087167 -0.065042 -0.017738 0.213054 0.151636
1757579861.783559 -0.052072 -0.007820 0.002098 0.087167 -0.065042 -0.017357 0.213054 0.151636
1757579861.785575 -0.052072 -0.007820 0.002098 0.087167 -0.065042 -0.017357 0.213054 0.151636
1757579861.787556 -0.052072 -0.007820 0.002098 0.087167 -0.065042 -0.017357 0.213054 0.151636
1757579861.789567 -0.052072 -0.007820 0.002098 0.087167 -0.065042 -0.017357 0.213054 0.151636
1757579861.791559 -0.052072 -0.007820 0.002098 0.087167 -0.065042 -0.017357 0.213054 0.151636
1757579861.793582 -0.052072 -0.007820 0.002098 0.087167 -0.065042 -0.016975 0.213054 0.151636
1757579861.795559 -0.052072 -0.007820 0.002098 0.087167 -0.065042 -0.016975 0.213054 0.151636
1757579861.797596 -0.052072 -0.007820 0.002098 0.087167 -0.065042 -0.016975 0.213054 0.151636
1757579861.799557 -0.052072 -0.007820 0.002098 0.087167 -0.065042 -0.016975 0.213054 0.151636
1757579861.801561 -0.052072 -0.007820 0.002098 0.087167 -0.065042 -0.016975 0.213054 0.151636
1757579861.803562 -0.052072 -0.007820 0.002098 0.087167 -0.065042 -0.016594 0.213054 0.151636
1757579861.805574 -0.052072 -0.007820 0.002098 0.087167 -0.065042 -0.016594 0.213054 0.151636
1757579861.807560 -0.052072 -0.007820 0.002098 0.087167 -0.065042 -0.016594 0.213054 0.151636
1757579861.809555 -0.052072 -0.007820 0.002098 0.087167 -0.065042 -0.016594 0.213054 0.151636
1757579861.811557 -0.052072 -0.007820 0.002098 0.087167 -0.065042 -0.016594 0.213054 0.151636
1757579861.813572 -0.052072 -0.007820 0.002098 0.087167 -0.065042 -0.016212 0.213054 0.151636
1757579861.815561 -0.052072 -0.007820 0.002098 0.087167 -0.065042 -0.016212 0.213054 0.151636
1757579861.817581 -0.052072 -0.007820 0.002098 0.087167 -0.065042 -0.016212 0.213054 0.151636
1757579861.819582 -0.052072 -0.007820 0.002098 0.087167 -0.065042 -0.016212 0.213054 0.151636
1757579861.821569 -0.052072 -0.007820 0.002098 0.087167 -0.065042 -0.016212 0.213054 0.151636
1757579861.823555 -0.052072 -0.007820 0.002098 0.087167 -0.065042 -0.015831 0.213054 0.151636
1757579861.825578 -0.052072 -0.007820 0.002098 0.087167 -0.065042 -0.015831 0.213054 0.151636
1757579861.827563 -0.052072 -0.007820 0.002098 0.087167 -0.065042 -0.015831 0.213054 0.151636
1757579861.829567 -0.052072 -0.007820 0.002098 0.087167 -0.065042 -0.015831 0.213054 0.151636
1757579861.831557 -0.052072 -0.007820 0.002098 0.087167 -0.065042 -0.015831 0.213054 0.151636
1757579861.833560 -0.052072 -0.007820 0.002098 0.087167 -0.065042 -0.015450 0.213054 0.151636
1757579861.835564 -0.052072 -0.007820 0.002098 0.087167 -0.065042 -0.015450 0.213054 0.151636
1757579861.837585 -0.052072 -0.007820 0.002098 0.087167 -0.065042 -0.015450 0.213054 0.151636
1757579861.839559 -0.052072 -0.007820 0.002098 0.087167 -0.065042 -0.015450 0.213054 0.151636
1757579861.841576 -0.052072 -0.007820 0.002098 0.087167 -0.065042 -0.015450 0.213054 0.151636
1757579861.843554 -0.052072 -0.007820 0.002098 0.087167 -0.065042 -0.015068 0.213054 0.151636
1757579861.845684 -0.052072 -0.007820 0.002098 0.087167 -0.065042 -0.015068 0.213054 0.151636
1757579861.847562 -0.052072 -0.007820 0.002098 0.087167 -0.065042 -0.015068 0.213054 0.151636
1757579861.849560 -0.052072 -0.007820 0.002098 0.087167 -0.065042 -0.015068 0.213054 0.151636
1757579861.851577 -0.052072 -0.007820 0.002098 0.087167 -0.065042 -0.014687 0.213054 0.151636
1757579861.853657 -0.052072 -0.007820 0.002098 0.087167 -0.065042 -0.014687 0.213054 0.151636
1757579861.855607 -0.052072 -0.007820 0.002098 0.087167 -0.065042 -0.014687 0.213054 0.151636
1757579861.857647 -0.052072 -0.007820 0.002098 0.087167 -0.065042 -0.014687 0.213054 0.151636
1757579861.859581 -0.052072 -0.007820 0.002098 0.087167 -0.065042 -0.014687 0.213054 0.151636
1757579861.861634 -0.052072 -0.007820 0.002098 0.087167 -0.065042 -0.014687 0.213054 0.151636
1757579861.863604 -0.052072 -0.007820 0.002098 0.087167 -0.065042 -0.014305 0.213054 0.151636
1757579861.865559 -0.052072 -0.007820 0.002098 0.087167 -0.065042 -0.014305 0.213054 0.151636
1757579861.867575 -0.052072 -0.007820 0.002098 0.087167 -0.065042 -0.014305 0.213054 0.151636
1757579861.869583 -0.052072 -0.007820 0.002098 0.087167 -0.065042 -0.014305 0.213054 0.151636
1757579861.871584 -0.052072 -0.007820 0.002098 0.087167 -0.065042 -0.013924 0.213054 0.151636
1757579861.873556 -0.052072 -0.007820 0.002098 0.087167 -0.065042 -0.013924 0.213054 0.151636
1757579861.875575 -0.052072 -0.007820 0.002098 0.087167 -0.065042 -0.013924 0.213054 0.151636
1757579861.877641 -0.052072 -0.007820 0.002098 0.087167 -0.065042 -0.013924 0.213054 0.151636
1757579861.879648 -0.052072 -0.007820 0.002098 0.087167 -0.065042 -0.013924 0.213054 0.151636
1757579861.881598 -0.052072 -0.007820 0.002098 0.087167 -0.065042 -0.013542 0.213054 0.151636
1757579861.883658 -0.052072 -0.007820 0.002098 0.087167 -0.065042 -0.013542 0.213054 0.151636
1757579861.885704 -0.052072 -0.007820 0.002098 0.087167 -0.065042 -0.013542 0.213054 0.151636
1757579861.887599 -0.052072 -0.007820 0.002098 0.087167 -0.065042 -0.013542 0.213054 0.151636
1757579861.889621 -0.052072 -0.007820 0.002098 0.087167 -0.065042 -0.013542 0.213054 0.151636
1757579861.891574 -0.052072 -0.007820 0.002098 0.087167 -0.065042 -0.013161 0.213054 0.151636
1757579861.893593 -0.052072 -0.007820 0.002098 0.087167 -0.065042 -0.013161 0.213054 0.151636
1757579861.895585 -0.052072 -0.007820 0.002098 0.087167 -0.065042 -0.013161 0.213054 0.151636
1757579861.897566 -0.052072 -0.007820 0.002098 0.087167 -0.065042 -0.013161 0.213054 0.151636
1757579861.899570 -0.052072 -0.007820 0.002098 0.087167 -0.065042 -0.013161 0.213054 0.151636
1757579861.901560 -0.052072 -0.007820 0.002098 0.087167 -0.065042 -0.012779 0.213054 0.151636
1757579861.903559 -0.052072 -0.007820 0.002098 0.087167 -0.065042 -0.012779 0.213054 0.151636
1757579861.905567 -0.052072 -0.007820 0.002098 0.087167 -0.065042 -0.012779 0.213054 0.151636
1757579861.907573 -0.052072 -0.007820 0.002098 0.087167 -0.065042 -0.012779 0.213054 0.151636
1757579861.909559 -0.052072 -0.007820 0.002098 0.087167 -0.065042 -0.012779 0.213054 0.151636
1757579861.911561 -0.052072 -0.007820 0.002098 0.087167 -0.065042 -0.012398 0.213054 0.151636
1757579861.913565 -0.052072 -0.007820 0.002098 0.087167 -0.065042 -0.012398 0.213054 0.151636
1757579861.915570 -0.052072 -0.007820 0.002098 0.087167 -0.065042 -0.012398 0.213054 0.151636
1757579861.917567 -0.052072 -0.007820 0.002098 0.087167 -0.065042 -0.012398 0.213054 0.151636
1757579861.919574 -0.052072 -0.007820 0.002098 0.087167 -0.065042 -0.012398 0.213054 0.151636
1757579861.921567 -0.052072 -0.007820 0.002098 0.087167 -0.065042 -0.012016 0.213054 0.151636
1757579861.923568 -0.052072 -0.007820 0.002098 0.087167 -0.065042 -0.012016 0.213054 0.151636
1757579861.925556 -0.052072 -0.007820 0.002098 0.087167 -0.065042 -0.012016 0.213054 0.151636
1757579861.927559 -0.052072 -0.007820 0.002098 0.087167 -0.065042 -0.012016 0.213054 0.151636
1757579861.929558 -0.052072 -0.007820 0.002098 0.087167 -0.065042 -0.012016 0.213054 0.151636
1757579861.931570 -0.052072 -0.007820 0.002098 0.087167 -0.065042 -0.011635 0.213054 0.151636
1757579861.933563 -0.052072 -0.007820 0.002098 0.087167 -0.065042 -0.011635 0.213054 0.151636
1757579861.935563 -0.052072 -0.007820 0.002098 0.087167 -0.065042 -0.011635 0.213054 0.151636
1757579861.937558 -0.052072 -0.007820 0.002098 0.087167 -0.065042 -0.011635 0.213054 0.151636
1757579861.939564 -0.052072 -0.007820 0.002098 0.087167 -0.065042 -0.011635 0.213054 0.151636
1757579861.941551 -0.052072 -0.007820 0.002098 0.087167 -0.065042 -0.011635 0.213054 0.151636
1757579861.943553 -0.052072 -0.007820 0.002098 0.087167 -0.065042 -0.011253 0.213054 0.151636
1757579861.945559 -0.052072 -0.007820 0.002098 0.087167 -0.065042 -0.011253 0.213054 0.151636
1757579861.947560 -0.052072 -0.007820 0.002098 0.087167 -0.065042 -0.011253 0.213054 0.151636
1757579861.949626 -0.052072 -0.007820 0.002098 0.087167 -0.065042 -0.011253 0.213054 0.151636
1757579861.951562 -0.052072 -0.007820 0.002098 0.087167 -0.065042 -0.011253 0.213054 0.151636
1757579861.953554 -0.052072 -0.007820 0.002098 0.087167 -0.065042 -0.010872 0.213054 0.151636
1757579861.955574 -0.052072 -0.007820 0.002098 0.087167 -0.065042 -0.010872 0.213054 0.151636
1757579861.957557 -0.052072 -0.007820 0.002098 0.087167 -0.065042 -0.010872 0.213054 0.151636
1757579861.959557 -0.052072 -0.007820 0.002098 0.087167 -0.065042 -0.010872 0.213054 0.151636
1757579861.961550 -0.052072 -0.007820 0.002098 0.087167 -0.065042 -0.010872 0.213054 0.151636
1757579861.963556 -0.052072 -0.007820 0.002098 0.087167 -0.065042 -0.010490 0.213054 0.151636
1757579861.965557 -0.052072 -0.007820 0.002098 0.087167 -0.065042 -0.010490 0.213054 0.151636
1757579861.967552 -0.052072 -0.007820 0.002098 0.087167 -0.065042 -0.010490 0.213054 0.151636
1757579861.969549 -0.052072 -0.007820 0.002098 0.087167 -0.065042 -0.010490 0.213054 0.151636
1757579861.971555 -0.052072 -0.007820 0.002098 0.087167 -0.065042 -0.010490 0.213054 0.151636
1757579861.973560 -0.052072 -0.007820 0.002098 0.087167 -0.065042 -0.010490 0.213054 0.151636
1757579861.975559 -0.052072 -0.007820 0.002098 0.087167 -0.065042 -0.010109 0.213054 0.151636
1757579861.977552 -0.052072 -0.007820 0.002098 0.087167 -0.065042 -0.010109 0.213054 0.151636
1757579861.979552 -0.052072 -0.007820 0.002098 0.087167 -0.065042 -0.010109 0.213054 0.151636
1757579861.981564 -0.052072 -0.007820 0.002098 0.087167 -0.065042 -0.010109 0.213054 0.151636
1757579861.983572 -0.052072 -0.007820 0.002098 0.087167 -0.065042 -0.010109 0.213054 0.151636
1757579861.985552 -0.052072 -0.007820 0.002098 0.087167 -0.065042 -0.009727 0.213054 0.151636
1757579861.987556 -0.052072 -0.007820 0.002098 0.087167 -0.065042 -0.009727 0.213054 0.151636
1757579861.989554 -0.052072 -0.007820 0.002098 0.087167 -0.065042 -0.009727 0.213054 0.151636
1757579861.991554 -0.052072 -0.007820 0.002098 0.087167 -0.065042 -0.009727 0.213054 0.151636
1757579861.993552 -0.052072 -0.007820 0.002098 0.087167 -0.065042 -0.009727 0.213054 0.151636
1757579861.995557 -0.052072 -0.007820 0.002098 0.087167 -0.065042 -0.009727 0.213054 0.151636
1757579861.997554 -0.052072 -0.007820 0.002098 0.087167 -0.065042 -0.009727 0.213054 0.151636
1757579861.999555 -0.052072 -0.007820 0.002098 0.087167 -0.065042 -0.009346 0.213054 0.151636
1757579862.001553 -0.052072 -0.007820 0.002098 0.087167 -0.065042 -0.009346 0.213054 0.151636
1757579862.003551 -0.052072 -0.007820 0.002098 0.087167 -0.065042 -0.009346 0.213054 0.151636
1757579862.005551 -0.052072 -0.007820 0.002098 0.087167 -0.065042 -0.009346 0.213054 0.151636
1757579862.007567 -0.052072 -0.007820 0.002098 0.087167 -0.065042 -0.009346 0.213054 0.151636
1757579862.009555 -0.052072 -0.007820 0.002098 0.087167 -0.065042 -0.009346 0.213054 0.151636
1757579862.011595 -0.052072 -0.007820 0.002098 0.087167 -0.065042 -0.008965 0.213054 0.151636
1757579862.013554 -0.052072 -0.007820 0.002098 0.087167 -0.065042 -0.008965 0.213054 0.151636
1757579862.015558 -0.052072 -0.007820 0.002098 0.087167 -0.065042 -0.008965 0.213054 0.151636
1757579862.017545 -0.052072 -0.007820 0.002098 0.087167 -0.065042 -0.008965 0.213054 0.151636
1757579862.019567 -0.052072 -0.007820 0.002098 0.087167 -0.065042 -0.008965 0.213054 0.151636
1757579862.021562 -0.052072 -0.007820 0.002098 0.087167 -0.065042 -0.008965 0.213054 0.151636
1757579862.023556 -0.052072 -0.007820 0.002098 0.087167 -0.065042 -0.008965 0.213054 0.151636
1757579862.025552 -0.052072 -0.007820 0.002098 0.087167 -0.065042 -0.008583 0.213054 0.151636
1757579862.027552 -0.052072 -0.007820 0.002098 0.087167 -0.065042 -0.008583 0.213054 0.151636
1757579862.029546 -0.052072 -0.007820 0.002098 0.087167 -0.065042 -0.008583 0.213054 0.151636
1757579862.031614 -0.052072 -0.007820 0.002098 0.087167 -0.065042 -0.008583 0.213054 0.151636
1757579862.033578 -0.052072 -0.007820 0.002098 0.087167 -0.065042 -0.008583 0.213054 0.151636
1757579862.035558 -0.052072 -0.007820 0.002098 0.087167 -0.065042 -0.008583 0.213054 0.151636
1757579862.037554 -0.052072 -0.007820 0.002098 0.087167 -0.065042 -0.008583 0.213054 0.151636
1757579862.039562 -0.052072 -0.007820 0.002098 0.087167 -0.065042 -0.008583 0.213054 0.151636
1757579862.041567 -0.052072 -0.007820 0.002098 0.087167 -0.065042 -0.008202 0.213054 0.151636
1757579862.043561 -0.052072 -0.007820 0.002098 0.087167 -0.065042 -0.008202 0.213054 0.151636
1757579862.045572 -0.052072 -0.007820 0.002098 0.087167 -0.065042 -0.008202 0.213054 0.151636
1757579862.047564 -0.052072 -0.007820 0.002098 0.087167 -0.065042 -0.008202 0.213054 0.151636
1757579862.049563 -0.052072 -0.007820 0.002098 0.087167 -0.065042 -0.008202 0.213054 0.151636
1757579862.051569 -0.052072 -0.007820 0.002098 0.087167 -0.065042 -0.008202 0.213054 0.151636
1757579862.053555 -0.052072 -0.007820 0.002098 0.087167 -0.065042 -0.008202 0.213054 0.151636
1757579862.055560 -0.052072 -0.007820 0.002098 0.087167 -0.065042 -0.007820 0.213054 0.151636
1757579862.057553 -0.052072 -0.007820 0.002098 0.087167 -0.065042 -0.007820 0.213054 0.151636
1757579862.059553 -0.052072 -0.007820 0.002098 0.087167 -0.065042 -0.007820 0.213054 0.151636
1757579862.061550 -0.052072 -0.007820 0.002098 0.087167 -0.065042 -0.007820 0.213054 0.151636
1757579862.063560 -0.052072 -0.007820 0.002098 0.087167 -0.065042 -0.007820 0.213054 0.151636
1757579862.065554 -0.052072 -0.007820 0.002098 0.087167 -0.065042 -0.007820 0.213054 0.151636
1757579862.067549 -0.052072 -0.007820 0.002098 0.087167 -0.065042 -0.007820 0.213054 0.151636
1757579862.069543 -0.052072 -0.007820 0.002098 0.087167 -0.065042 -0.007439 0.213054 0.151636
1757579862.071558 -0.052072 -0.007820 0.002098 0.087167 -0.065042 -0.007439 0.213054 0.151636
1757579862.073636 -0.052072 -0.007820 0.002098 0.087167 -0.065042 -0.007439 0.213054 0.151636
1757579862.075680 -0.052072 -0.007820 0.002098 0.087167 -0.065042 -0.007439 0.213054 0.151636
1757579862.077585 -0.052072 -0.007820 0.002098 0.087167 -0.065042 -0.007439 0.213054 0.151636
1757579862.079586 -0.052072 -0.007820 0.002098 0.087167 -0.065042 -0.007439 0.213054 0.151636
1757579862.081573 -0.052072 -0.007820 0.002098 0.087167 -0.065042 -0.007439 0.213054 0.151636
1757579862.083644 -0.052072 -0.007820 0.002098 0.087167 -0.065042 -0.007057 0.213054 0.151636
1757579862.085570 -0.052072 -0.007820 0.002098 0.087167 -0.065042 -0.007057 0.213054 0.151636
1757579862.087577 -0.052072 -0.007820 0.002098 0.087167 -0.065042 -0.007057 0.213054 0.151636
1757579862.089560 -0.052072 -0.007820 0.002098 0.087167 -0.065042 -0.007057 0.213054 0.151636
1757579862.091577 -0.052072 -0.007820 0.002098 0.087167 -0.065042 -0.007057 0.213054 0.151636
1757579862.093557 -0.052072 -0.007820 0.002098 0.087167 -0.065042 -0.007057 0.213054 0.151636
1757579862.095568 -0.052072 -0.007820 0.002098 0.087167 -0.065042 -0.007057 0.213054 0.151636
1757579862.097558 -0.052072 -0.007820 0.002098 0.087167 -0.065042 -0.006676 0.213054 0.151636
1757579862.099572 -0.052072 -0.007820 0.002098 0.087167 -0.065042 -0.006676 0.213054 0.151636
1757579862.101554 -0.052072 -0.007820 0.002098 0.087167 -0.065042 -0.006676 0.213054 0.151636
1757579862.103555 -0.052072 -0.007820 0.002098 0.087167 -0.065042 -0.006676 0.213054 0.151636
1757579862.105568 -0.052072 -0.007820 0.002098 0.087167 -0.065042 -0.006676 0.213054 0.151636
1757579862.107578 -0.052072 -0.007820 0.002098 0.087167 -0.065042 -0.006676 0.213054 0.151636
1757579862.109589 -0.052072 -0.007820 0.002098 0.087167 -0.065042 -0.006676 0.213054 0.151636
1757579862.111584 -0.052072 -0.007820 0.002098 0.087167 -0.065042 -0.006676 0.213054 0.151636
1757579862.113594 -0.052072 -0.007820 0.002098 0.087167 -0.065042 -0.006676 0.213054 0.151636
1757579862.115601 -0.052072 -0.007820 0.002098 0.087167 -0.065042 -0.006294 0.213054 0.151636
1757579862.117597 -0.052072 -0.007820 0.002098 0.087167 -0.065042 -0.006294 0.213054 0.151636
1757579862.119596 -0.052072 -0.007820 0.002098 0.087167 -0.065042 -0.006294 0.213054 0.151636
1757579862.121599 -0.052072 -0.007820 0.002098 0.087167 -0.065042 -0.006294 0.213054 0.151636
1757579862.123601 -0.052072 -0.007820 0.002098 0.087167 -0.065042 -0.006294 0.213054 0.151636
1757579862.125603 -0.052072 -0.007820 0.002098 0.087167 -0.065042 -0.006294 0.213054 0.151636
1757579862.127599 -0.052072 -0.007820 0.002098 0.087167 -0.065042 -0.006294 0.213054 0.151636
1757579862.129593 -0.052072 -0.007820 0.002098 0.087167 -0.065042 -0.005913 0.213054 0.151636
1757579862.131606 -0.052072 -0.007820 0.002098 0.087167 -0.065042 -0.005913 0.213054 0.151636
1757579862.133601 -0.052072 -0.007820 0.002098 0.087167 -0.065042 -0.005913 0.213054 0.151636
1757579862.135621 -0.052072 -0.007820 0.002098 0.087167 -0.065042 -0.005913 0.213054 0.151636
1757579862.137596 -0.052072 -0.007820 0.002098 0.087167 -0.065042 -0.005913 0.213054 0.151636
1757579862.139556 -0.052072 -0.007820 0.002098 0.087167 -0.065042 -0.005913 0.213054 0.151636
1757579862.141562 -0.052072 -0.007820 0.002098 0.087167 -0.065042 -0.005531 0.213054 0.151636
1757579862.143591 -0.052072 -0.007820 0.002098 0.087167 -0.065042 -0.005531 0.213054 0.151636
1757579862.145569 -0.052072 -0.007820 0.002098 0.087167 -0.065042 -0.005531 0.213054 0.151636
1757579862.147554 -0.052072 -0.007820 0.002098 0.087167 -0.065042 -0.005531 0.213054 0.151636
1757579862.149551 -0.052072 -0.007820 0.002098 0.087167 -0.065042 -0.005531 0.213054 0.151636
1757579862.151553 -0.052072 -0.007820 0.002098 0.087167 -0.065042 -0.005531 0.213054 0.151636
1757579862.153551 -0.052072 -0.007820 0.002098 0.087167 -0.065042 -0.005531 0.213054 0.151636
1757579862.155549 -0.052072 -0.007820 0.002098 0.087167 -0.065042 -0.005150 0.213054 0.151636
1757579862.157558 -0.052072 -0.007820 0.002098 0.087167 -0.065042 -0.005150 0.213054 0.151636
1757579862.159550 -0.052072 -0.007820 0.002098 0.087167 -0.065042 -0.005150 0.213054 0.151636
1757579862.161551 -0.052072 -0.007820 0.002098 0.087167 -0.065042 -0.005150 0.213054 0.151636
1757579862.163536 -0.052072 -0.007820 0.002098 0.087167 -0.065042 -0.005150 0.213054 0.151636
1757579862.165550 -0.052072 -0.007820 0.002098 0.087167 -0.065042 -0.005150 0.213054 0.151636
1757579862.167557 -0.052072 -0.007820 0.002098 0.087167 -0.065042 -0.005150 0.213054 0.151636
1757579862.169551 -0.052072 -0.007820 0.002098 0.087167 -0.065042 -0.004768 0.213054 0.151636
1757579862.171592 -0.052072 -0.007820 0.002098 0.087167 -0.065042 -0.004768 0.213054 0.151636
1757579862.173560 -0.052072 -0.007820 0.002098 0.087167 -0.065042 -0.004768 0.213054 0.151636
1757579862.175559 -0.052072 -0.007820 0.002098 0.087167 -0.065042 -0.004768 0.213054 0.151636
1757579862.177552 -0.052072 -0.007820 0.002098 0.087167 -0.065042 -0.004768 0.213054 0.151636
1757579862.179549 -0.052072 -0.007820 0.002098 0.087167 -0.065042 -0.004768 0.213054 0.151636
1757579862.181555 -0.052072 -0.007820 0.002098 0.087167 -0.065042 -0.004387 0.213054 0.151636
1757579862.183600 -0.052072 -0.007820 0.002098 0.087167 -0.065042 -0.004387 0.213054 0.151636
1757579862.185574 -0.052072 -0.007820 0.002098 0.087167 -0.065042 -0.004387 0.213054 0.151636
1757579862.187554 -0.052072 -0.007820 0.002098 0.087167 -0.065042 -0.004387 0.213054 0.151636
1757579862.189555 -0.052072 -0.007820 0.002098 0.087167 -0.065042 -0.004387 0.213054 0.151636
1757579862.191550 -0.052072 -0.007820 0.002098 0.087167 -0.065042 -0.004387 0.213054 0.151636
1757579862.193546 -0.052072 -0.007820 0.002098 0.087167 -0.065042 -0.004005 0.213054 0.151636
1757579862.195554 -0.052072 -0.007820 0.002098 0.087167 -0.065042 -0.004005 0.213054 0.151636
1757579862.197578 -0.052072 -0.007820 0.002098 0.087167 -0.065042 -0.004005 0.213054 0.151636
1757579862.199565 -0.052072 -0.007820 0.002098 0.087167 -0.065042 -0.004005 0.213054 0.151636
1757579862.201548 -0.052072 -0.007820 0.002098 0.087167 -0.065042 -0.004005 0.213054 0.151636
1757579862.203548 -0.052072 -0.007820 0.002098 0.087167 -0.065042 -0.004005 0.213054 0.151636
1757579862.205548 -0.052072 -0.007820 0.002098 0.087167 -0.065042 -0.004005 0.213054 0.151636
1757579862.207549 -0.052072 -0.007820 0.002098 0.087167 -0.065042 -0.003624 0.213054 0.151636
1757579862.209553 -0.052072 -0.007820 0.002098 0.087167 -0.065042 -0.003624 0.213054 0.151636
1757579862.211551 -0.052072 -0.007820 0.002098 0.087167 -0.065042 -0.003624 0.213054 0.151636
1757579862.213551 -0.052072 -0.007820 0.002098 0.087167 -0.065042 -0.003624 0.213054 0.151636
1757579862.215551 -0.052072 -0.007820 0.002098 0.087167 -0.065042 -0.003624 0.213054 0.151636
1757579862.217566 -0.052072 -0.007820 0.002098 0.087167 -0.065042 -0.003624 0.213054 0.151636
1757579862.219547 -0.052072 -0.007820 0.002098 0.087167 -0.065042 -0.003242 0.213054 0.151636
1757579862.221542 -0.052072 -0.007820 0.002098 0.087167 -0.065042 -0.003242 0.213054 0.151636
1757579862.223547 -0.052072 -0.007820 0.002098 0.087167 -0.065042 -0.003242 0.213054 0.151636
1757579862.225547 -0.052072 -0.007820 0.002098 0.087167 -0.065042 -0.003242 0.213054 0.151636
1757579862.227543 -0.052072 -0.007820 0.002098 0.087167 -0.065042 -0.003242 0.213054 0.151636
1757579862.229581 -0.052072 -0.007820 0.002098 0.087167 -0.065042 -0.003242 0.213054 0.151636
1757579862.231555 -0.052072 -0.007820 0.002098 0.087167 -0.065042 -0.002861 0.213054 0.151636
1757579862.233584 -0.052072 -0.007820 0.002098 0.087167 -0.065042 -0.002861 0.213054 0.151636
1757579862.235551 -0.052072 -0.007820 0.002098 0.087167 -0.065042 -0.002861 0.213054 0.151636
1757579862.237578 -0.052072 -0.007820 0.002098 0.087167 -0.065042 -0.002861 0.213054 0.151636
1757579862.239556 -0.052072 -0.007820 0.002098 0.087167 -0.065042 -0.002861 0.213054 0.151636
1757579862.241557 -0.052072 -0.007820 0.002098 0.087167 -0.065042 -0.002480 0.213054 0.151636
1757579862.243549 -0.052072 -0.007820 0.002098 0.087167 -0.065042 -0.002480 0.213054 0.151636
1757579862.245550 -0.052072 -0.007820 0.002098 0.087167 -0.065042 -0.002480 0.213054 0.151636
1757579862.247551 -0.052072 -0.007820 0.002098 0.087167 -0.065042 -0.002480 0.213054 0.151636
1757579862.249567 -0.052072 -0.007820 0.002098 0.087167 -0.065042 -0.002480 0.213054 0.151636
1757579862.251546 -0.052072 -0.007820 0.002098 0.087167 -0.065042 -0.002480 0.213054 0.151636
1757579862.253553 -0.052072 -0.007820 0.002098 0.087167 -0.065042 -0.002098 0.213054 0.151636
1757579862.255550 -0.052072 -0.007820 0.002098 0.087167 -0.065042 -0.002098 0.213054 0.151636
1757579862.257564 -0.052072 -0.007820 0.002098 0.087167 -0.065042 -0.002098 0.213054 0.151636
1757579862.259601 -0.052072 -0.007820 0.002098 0.087167 -0.065042 -0.002098 0.213054 0.151636
1757579862.261578 -0.052072 -0.007820 0.002098 0.087167 -0.065042 -0.002098 0.213054 0.151636
1757579862.263555 -0.052072 -0.007820 0.002098 0.087167 -0.065042 -0.002098 0.213054 0.151636
1757579862.265586 -0.052072 -0.007820 0.002098 0.087167 -0.065042 -0.002098 0.213054 0.151636
1757579862.267555 -0.052072 -0.007820 0.002098 0.087167 -0.065042 -0.001717 0.213054 0.151636
1757579862.269552 -0.052072 -0.007820 0.002098 0.087167 -0.065042 -0.001717 0.213054 0.151636
1757579862.271547 -0.052072 -0.007820 0.002098 0.087167 -0.065042 -0.001717 0.213054 0.151636
1757579862.273563 -0.052072 -0.007820 0.002098 0.087167 -0.065042 -0.001717 0.213054 0.151636
1757579862.275552 -0.052072 -0.007820 0.002098 0.087167 -0.065042 -0.001717 0.213054 0.151636
1757579862.277555 -0.052072 -0.007820 0.002098 0.087167 -0.065042 -0.001335 0.213054 0.151636
1757579862.279550 -0.052072 -0.007820 0.002098 0.087167 -0.065042 -0.001335 0.213054 0.151636
1757579862.281559 -0.052072 -0.007820 0.002098 0.087167 -0.065042 -0.001335 0.213054 0.151636
1757579862.283551 -0.052072 -0.007820 0.002098 0.087167 -0.065042 -0.001335 0.213054 0.151636
1757579862.285554 -0.052072 -0.007820 0.002098 0.087167 -0.065042 -0.001335 0.213054 0.151636
1757579862.287547 -0.052072 -0.007820 0.002098 0.087167 -0.065042 -0.001335 0.213054 0.151636
1757579862.289567 -0.052072 -0.007820 0.002098 0.087167 -0.065042 -0.001335 0.213054 0.151636
1757579862.291573 -0.052072 -0.007820 0.002098 0.087167 -0.065042 -0.000954 0.213054 0.151636
1757579862.293564 -0.052072 -0.007820 0.002098 0.087167 -0.065042 -0.000954 0.213054 0.151636
1757579862.295586 -0.052072 -0.007820 0.002098 0.087167 -0.065042 -0.000954 0.213054 0.151636
1757579862.297554 -0.052072 -0.007820 0.002098 0.087167 -0.065042 -0.000954 0.213054 0.151636
1757579862.299567 -0.052072 -0.007820 0.002098 0.087167 -0.065042 -0.000954 0.213054 0.151636
1757579862.301562 -0.052072 -0.007820 0.002098 0.087167 -0.065042 -0.000954 0.213054 0.151636
1757579862.303555 -0.052072 -0.007820 0.002098 0.087167 -0.065042 -0.000572 0.213054 0.151636
1757579862.305557 -0.052072 -0.007820 0.002098 0.087167 -0.065042 -0.000572 0.213054 0.151636
1757579862.307557 -0.052072 -0.007820 0.002098 0.087167 -0.065042 -0.000572 0.213054 0.151636
1757579862.309564 -0.052072 -0.007820 0.002098 0.087167 -0.065042 -0.000572 0.213054 0.151636
1757579862.311573 -0.052072 -0.007820 0.002098 0.087167 -0.065042 -0.000572 0.213054 0.151636
1757579862.313556 -0.052072 -0.007820 0.002098 0.087167 -0.065042 -0.000572 0.213054 0.151636
1757579862.315556 -0.052072 -0.007820 0.002098 0.087167 -0.065042 -0.000572 0.213054 0.151636
1757579862.317564 -0.052072 -0.007820 0.002098 0.087167 -0.065042 -0.000191 0.213054 0.151636
1757579862.319552 -0.052072 -0.007820 0.002098 0.087167 -0.065042 -0.000191 0.213054 0.151636
1757579862.321580 -0.052072 -0.007820 0.002098 0.087167 -0.065042 -0.000191 0.213054 0.151636
1757579862.323574 -0.052072 -0.007820 0.002098 0.087167 -0.065042 -0.000191 0.213054 0.151636
1757579862.325580 -0.052072 -0.007820 0.002098 0.087167 -0.065042 -0.000191 0.213054 0.151636
1757579862.327580 -0.052072 -0.007820 0.002098 0.087167 -0.065042 -0.000191 0.213054 0.151636
1757579862.329554 -0.052072 -0.007820 0.002098 0.087167 -0.065042 -0.000191 0.213054 0.151636
1757579862.331549 -0.052072 -0.007820 0.002098 0.087167 -0.065042 0.000191 0.213054 0.151636
1757579862.333560 -0.052072 -0.007820 0.002098 0.087167 -0.065042 0.000191 0.213054 0.151636
1757579862.335553 -0.052072 -0.007820 0.002098 0.087167 -0.065042 0.000191 0.213054 0.151636
1757579862.337553 -0.052072 -0.007820 0.002098 0.087167 -0.065042 0.000191 0.213054 0.151636
1757579862.339548 -0.052072 -0.007820 0.002098 0.087167 -0.065042 0.000191 0.213054 0.151636
1757579862.341559 -0.052072 -0.007820 0.002098 0.087167 -0.065042 0.000191 0.213054 0.151636
1757579862.343552 -0.052072 -0.007820 0.002098 0.087167 -0.065042 0.000191 0.213054 0.151636
1757579862.345555 -0.052072 -0.007820 0.002098 0.087167 -0.065042 0.000191 0.213054 0.151636
1757579862.347572 -0.052072 -0.007820 0.002098 0.087167 -0.065042 0.000572 0.213054 0.151636
1757579862.349594 -0.052072 -0.007820 0.002098 0.087167 -0.065042 0.000572 0.213054 0.151636
1757579862.351561 -0.052072 -0.007820 0.002098 0.087167 -0.065042 0.000572 0.213054 0.151636
1757579862.353577 -0.052072 -0.007820 0.002098 0.087167 -0.065042 0.000572 0.213054 0.151636
1757579862.355603 -0.052072 -0.007820 0.002098 0.087167 -0.065042 0.000572 0.213054 0.151636
1757579862.357558 -0.052072 -0.007820 0.002098 0.087167 -0.065042 0.000572 0.213054 0.151636
1757579862.359565 -0.052072 -0.007820 0.002098 0.087167 -0.065042 0.000572 0.213054 0.151636
1757579862.361578 -0.052072 -0.007820 0.002098 0.087167 -0.065042 0.000954 0.213054 0.151636
1757579862.363551 -0.052072 -0.007820 0.002098 0.087167 -0.065042 0.000954 0.213054 0.151636
1757579862.365580 -0.052072 -0.007820 0.002098 0.087167 -0.065042 0.000954 0.213054 0.151636
1757579862.367556 -0.052072 -0.007820 0.002098 0.087167 -0.065042 0.000954 0.213054 0.151636
1757579862.369573 -0.052072 -0.007820 0.002098 0.087167 -0.065042 0.000954 0.213054 0.151636
1757579862.371572 -0.052072 -0.007820 0.002098 0.087167 -0.065042 0.000954 0.213054 0.151636
1757579862.373563 -0.052072 -0.007820 0.002098 0.087167 -0.065042 0.000954 0.213054 0.151636
1757579862.375549 -0.052072 -0.007820 0.002098 0.087167 -0.065042 0.000954 0.213054 0.151636
1757579862.377563 -0.052072 -0.007820 0.002098 0.087167 -0.065042 0.000954 0.213054 0.151636
1757579862.379550 -0.052072 -0.007820 0.002098 0.087167 -0.065042 0.001335 0.213054 0.151636
1757579862.381569 -0.052072 -0.007820 0.002098 0.087167 -0.065042 0.001335 0.213054 0.151636
1757579862.383587 -0.052072 -0.007820 0.002098 0.087167 -0.065042 0.001335 0.213054 0.151636
1757579862.385553 -0.052072 -0.007820 0.002098 0.087167 -0.065042 0.001335 0.213054 0.151636
1757579862.387563 -0.052072 -0.007820 0.002098 0.087167 -0.065042 0.001335 0.213054 0.151636
1757579862.389562 -0.052072 -0.007820 0.002098 0.087167 -0.065042 0.001335 0.213054 0.151636
1757579862.391565 -0.052072 -0.007820 0.002098 0.087167 -0.065042 0.001335 0.213054 0.151636
1757579862.393551 -0.052072 -0.007820 0.002098 0.087167 -0.065042 0.001717 0.213054 0.151636
1757579862.395563 -0.052072 -0.007820 0.002098 0.087167 -0.065042 0.001717 0.213054 0.151636
1757579862.397564 -0.052072 -0.007820 0.002098 0.087167 -0.065042 0.001717 0.213054 0.151636
1757579862.399549 -0.052072 -0.007820 0.002098 0.087167 -0.065042 0.001717 0.213054 0.151636
1757579862.401555 -0.052072 -0.007820 0.002098 0.087167 -0.065042 0.001717 0.213054 0.151636
1757579862.403544 -0.052072 -0.007820 0.002098 0.087167 -0.065042 0.001717 0.213054 0.151636
1757579862.405558 -0.052072 -0.007820 0.002098 0.087167 -0.065042 0.001717 0.213054 0.151636
1757579862.407547 -0.052072 -0.007820 0.002098 0.087167 -0.065042 0.002098 0.213054 0.151636
1757579862.409560 -0.052072 -0.007820 0.002098 0.087167 -0.065042 0.002098 0.213054 0.151636
1757579862.411550 -0.052072 -0.007820 0.002098 0.087167 -0.065042 0.002098 0.213054 0.151636
1757579862.413558 -0.052072 -0.007820 0.002098 0.087167 -0.065042 0.002098 0.213054 0.151636
1757579862.415578 -0.052072 -0.007820 0.002098 0.087167 -0.065042 0.002098 0.213054 0.151636
1757579862.417564 -0.052072 -0.007820 0.002098 0.087167 -0.065042 0.002098 0.213054 0.151636
1757579862.419549 -0.052072 -0.007820 0.002098 0.087167 -0.065042 0.002098 0.213054 0.151636
1757579862.421574 -0.052072 -0.007820 0.002098 0.087167 -0.065042 0.002480 0.213054 0.151636
1757579862.423553 -0.052072 -0.007820 0.002098 0.087167 -0.065042 0.002480 0.213054 0.151636
1757579862.425560 -0.052072 -0.007820 0.002098 0.087167 -0.065042 0.002480 0.213054 0.151636
1757579862.427554 -0.052072 -0.007820 0.002098 0.087167 -0.065042 0.002480 0.213054 0.151636
1757579862.429553 -0.052072 -0.007820 0.002098 0.087167 -0.065042 0.002480 0.213054 0.151636
1757579862.431548 -0.052072 -0.007820 0.002098 0.087167 -0.065042 0.002480 0.213054 0.151636
1757579862.433548 -0.052072 -0.007820 0.002098 0.087167 -0.065042 0.002480 0.213054 0.151636
1757579862.435550 -0.052072 -0.007820 0.002098 0.087167 -0.065042 0.002861 0.213054 0.151636
1757579862.437551 -0.052072 -0.007820 0.002098 0.087167 -0.065042 0.002861 0.213054 0.151636
1757579862.439549 -0.052072 -0.007820 0.002098 0.087167 -0.065042 0.002861 0.213054 0.151636
1757579862.441547 -0.052072 -0.007820 0.002098 0.087167 -0.065042 0.002861 0.213054 0.151636
1757579862.443554 -0.052072 -0.007820 0.002098 0.087167 -0.065042 0.002861 0.213054 0.151636
1757579862.445587 -0.052072 -0.007820 0.002098 0.087167 -0.065042 0.002861 0.213054 0.151636
1757579862.447552 -0.052072 -0.007820 0.002098 0.087167 -0.065042 0.003242 0.213054 0.151636
1757579862.449562 -0.052072 -0.007820 0.002098 0.087167 -0.065042 0.003242 0.213054 0.151636
1757579862.451572 -0.052072 -0.007820 0.002098 0.087167 -0.065042 0.003242 0.213054 0.151636
1757579862.453546 -0.052072 -0.007820 0.002098 0.087167 -0.065042 0.003242 0.213054 0.151636
1757579862.455550 -0.052072 -0.007820 0.002098 0.087167 -0.065042 0.003242 0.213054 0.151636
1757579862.457545 -0.052072 -0.007820 0.002098 0.087167 -0.065042 0.003242 0.213054 0.151636
1757579862.459551 -0.052072 -0.007820 0.002098 0.087167 -0.065042 0.003624 0.213054 0.151636
1757579862.461547 -0.052072 -0.007820 0.002098 0.087167 -0.065042 0.003624 0.213054 0.151636
1757579862.463548 -0.052072 -0.007820 0.002098 0.087167 -0.065042 0.003624 0.213054 0.151636
1757579862.465544 -0.052072 -0.007820 0.002098 0.087167 -0.065042 0.003624 0.213054 0.151636
1757579862.467555 -0.052072 -0.007820 0.002098 0.087167 -0.065042 0.003624 0.213054 0.151636
1757579862.469544 -0.052072 -0.007820 0.002098 0.087167 -0.065042 0.003624 0.213054 0.151636
1757579862.471549 -0.052072 -0.007820 0.002098 0.087167 -0.065042 0.003624 0.213054 0.151636
1757579862.473543 -0.052072 -0.007820 0.002098 0.087167 -0.065042 0.004005 0.213054 0.151636
1757579862.475549 -0.052072 -0.007820 0.002098 0.087167 -0.065042 0.004005 0.213054 0.151636
1757579862.477554 -0.052072 -0.007820 0.002098 0.087167 -0.065042 0.004005 0.213054 0.151636
1757579862.479549 -0.052072 -0.007820 0.002098 0.087167 -0.065042 0.004005 0.213054 0.151636
1757579862.481548 -0.052072 -0.007820 0.002098 0.087167 -0.065042 0.004005 0.213054 0.151636
1757579862.483580 -0.052072 -0.007820 0.002098 0.087167 -0.065042 0.004005 0.213054 0.151636
1757579862.485543 -0.052072 -0.007820 0.002098 0.087167 -0.065042 0.004387 0.213054 0.151636
1757579862.487574 -0.052072 -0.007820 0.002098 0.087167 -0.065042 0.004387 0.213054 0.151636
1757579862.489550 -0.052072 -0.007820 0.002098 0.087167 -0.065042 0.004387 0.213054 0.151636
1757579862.491560 -0.052072 -0.007820 0.002098 0.087167 -0.065042 0.004387 0.213054 0.151636
1757579862.493580 -0.052072 -0.007820 0.002098 0.087167 -0.065042 0.004387 0.213054 0.151636
1757579862.495579 -0.052072 -0.007820 0.002098 0.087167 -0.065042 0.004387 0.213054 0.151636
1757579862.497553 -0.052072 -0.007820 0.002098 0.087167 -0.065042 0.004387 0.213054 0.151636
1757579862.499550 -0.052072 -0.007820 0.002098 0.087167 -0.065042 0.004768 0.213054 0.151636
1757579862.501550 -0.052072 -0.007820 0.002098 0.087167 -0.065042 0.004768 0.213054 0.151636
1757579862.503551 -0.052072 -0.007820 0.002098 0.087167 -0.065042 0.004768 0.213054 0.151636
1757579862.505544 -0.052072 -0.007820 0.002098 0.087167 -0.065042 0.004768 0.213054 0.151636
1757579862.507587 -0.052072 -0.007820 0.002098 0.087167 -0.065042 0.004768 0.213054 0.151636
1757579862.509548 -0.052072 -0.007820 0.002098 0.087167 -0.065042 0.004768 0.213054 0.151636
1757579862.511582 -0.052072 -0.007820 0.002098 0.087167 -0.065042 0.005150 0.213054 0.151636
1757579862.513557 -0.052072 -0.007820 0.002098 0.087167 -0.065042 0.005150 0.213054 0.151636
1757579862.515559 -0.052072 -0.007820 0.002098 0.087167 -0.065042 0.005150 0.213054 0.151636
1757579862.517550 -0.052072 -0.007820 0.002098 0.087167 -0.065042 0.005150 0.213054 0.151636
1757579862.519561 -0.052072 -0.007820 0.002098 0.087167 -0.065042 0.005150 0.213054 0.151636
1757579862.521548 -0.052072 -0.007820 0.002098 0.087167 -0.065042 0.005150 0.213054 0.151636
1757579862.523548 -0.052072 -0.007820 0.002098 0.087167 -0.065042 0.005150 0.213054 0.151636
1757579862.525547 -0.052072 -0.007820 0.002098 0.087167 -0.065042 0.005531 0.213054 0.151636
1757579862.527549 -0.052072 -0.007820 0.002098 0.087167 -0.065042 0.005531 0.213054 0.151636
1757579862.529539 -0.052072 -0.007820 0.002098 0.087167 -0.065042 0.005531 0.213054 0.151636
1757579862.531538 -0.052072 -0.007820 0.002098 0.087167 -0.065042 0.005531 0.213054 0.151636
1757579862.533543 -0.052072 -0.007820 0.002098 0.087167 -0.065042 0.005531 0.213054 0.151636
1757579862.535556 -0.052072 -0.007820 0.002098 0.087167 -0.065042 0.005531 0.213054 0.151636
1757579862.537546 -0.052072 -0.007820 0.002098 0.087167 -0.065042 0.005531 0.213054 0.151636
1757579862.539572 -0.052072 -0.007820 0.002098 0.087167 -0.065042 0.005913 0.213054 0.151636
1757579862.541543 -0.052072 -0.007820 0.002098 0.087167 -0.065042 0.005913 0.213054 0.151636
1757579862.543551 -0.052072 -0.007820 0.002098 0.087167 -0.065042 0.005913 0.213054 0.151636
1757579862.545562 -0.052072 -0.007820 0.002098 0.087167 -0.065042 0.005913 0.213054 0.151636
1757579862.547544 -0.052072 -0.007820 0.002098 0.087167 -0.065042 0.005913 0.213054 0.151636
1757579862.549561 -0.052072 -0.007820 0.002098 0.087167 -0.065042 0.005913 0.213054 0.151636
1757579862.551558 -0.052072 -0.007820 0.002098 0.087167 -0.065042 0.006294 0.213054 0.151636
1757579862.553548 -0.052072 -0.007820 0.002098 0.087167 -0.065042 0.006294 0.213054 0.151636
1757579862.555545 -0.052072 -0.007820 0.002098 0.087167 -0.065042 0.006294 0.213054 0.151636
1757579862.557543 -0.052072 -0.007820 0.002098 0.087167 -0.065042 0.006294 0.213054 0.151636
1757579862.559552 -0.052072 -0.007820 0.002098 0.087167 -0.065042 0.006294 0.213054 0.151636
1757579862.561545 -0.052072 -0.007820 0.002098 0.087167 -0.065042 0.006294 0.213054 0.151636
1757579862.563537 -0.052072 -0.007820 0.002098 0.087167 -0.065042 0.006294 0.213054 0.151636
1757579862.565534 -0.052072 -0.007820 0.002098 0.087167 -0.065042 0.006294 0.213054 0.151636
1757579862.567567 -0.052072 -0.007820 0.002098 0.087167 -0.065042 0.006676 0.213054 0.151636
1757579862.569575 -0.052072 -0.007820 0.002098 0.087167 -0.065042 0.006676 0.213054 0.151636
1757579862.571550 -0.052072 -0.007820 0.002098 0.087167 -0.065042 0.006676 0.213054 0.151636
1757579862.573562 -0.052072 -0.007820 0.002098 0.087167 -0.065042 0.006676 0.213054 0.151636
1757579862.575579 -0.052072 -0.007820 0.002098 0.087167 -0.065042 0.006676 0.213054 0.151636
1757579862.577554 -0.052072 -0.007820 0.002098 0.087167 -0.065042 0.006676 0.213054 0.151636
1757579862.579547 -0.052072 -0.007820 0.002098 0.087167 -0.065042 0.006676 0.213054 0.151636
1757579862.581544 -0.052072 -0.007820 0.002098 0.087167 -0.065042 0.007057 0.213054 0.151636
1757579862.583575 -0.052072 -0.007820 0.002098 0.087167 -0.065042 0.007057 0.213054 0.151636
1757579862.585545 -0.052072 -0.007820 0.002098 0.087167 -0.065042 0.007057 0.213054 0.151636
1757579862.587552 -0.052072 -0.007820 0.002098 0.087167 -0.065042 0.007057 0.213054 0.151636
1757579862.589549 -0.052072 -0.007820 0.002098 0.087167 -0.065042 0.007057 0.213054 0.151636
1757579862.591576 -0.052072 -0.007820 0.002098 0.087167 -0.065042 0.007057 0.213054 0.151636
1757579862.593550 -0.052072 -0.007820 0.002098 0.087167 -0.065042 0.007057 0.213054 0.151636
1757579862.595673 -0.052072 -0.007820 0.002098 0.087167 -0.065042 0.007057 0.213054 0.151636
1757579862.597676 -0.052072 -0.007820 0.002098 0.087167 -0.065042 0.007439 0.213054 0.151636
1757579862.599648 -0.052072 -0.007820 0.002098 0.087167 -0.065042 0.007439 0.213054 0.151636
1757579862.601603 -0.052072 -0.007820 0.002098 0.087167 -0.065042 0.007439 0.213054 0.151636
1757579862.603598 -0.052072 -0.007820 0.002098 0.087167 -0.065042 0.007439 0.213054 0.151636
1757579862.605577 -0.052072 -0.007820 0.002098 0.087167 -0.065042 0.007439 0.213054 0.151636
1757579862.607568 -0.052072 -0.007820 0.002098 0.087167 -0.065042 0.007439 0.213054 0.151636
1757579862.609607 -0.052072 -0.007820 0.002098 0.087167 -0.065042 0.007439 0.213054 0.151636
1757579862.611562 -0.052072 -0.007820 0.002098 0.087167 -0.065042 0.007820 0.213054 0.151636
1757579862.613656 -0.052072 -0.007820 0.002098 0.087167 -0.065042 0.007820 0.213054 0.151636
1757579862.615616 -0.052072 -0.007820 0.002098 0.087167 -0.065042 0.007820 0.213054 0.151636
1757579862.617607 -0.052072 -0.007820 0.002098 0.087167 -0.065042 0.007820 0.213054 0.151636
1757579862.619549 -0.052072 -0.007820 0.002098 0.087167 -0.065042 0.007820 0.213054 0.151636
1757579862.621588 -0.052072 -0.007820 0.002098 0.087167 -0.065042 0.007820 0.213054 0.151636
1757579862.623619 -0.052072 -0.007820 0.002098 0.087167 -0.065042 0.007820 0.213054 0.151636
1757579862.625594 -0.052072 -0.007820 0.002098 0.087167 -0.065042 0.007820 0.213054 0.151636
1757579862.627588 -0.052072 -0.007820 0.002098 0.087167 -0.065042 0.007820 0.213054 0.151636
1757579862.629594 -0.052072 -0.007820 0.002098 0.087167 -0.065042 0.008202 0.213054 0.151636
1757579862.631606 -0.052072 -0.007820 0.002098 0.087167 -0.065042 0.008202 0.213054 0.151636
1757579862.633595 -0.052072 -0.007820 0.002098 0.087167 -0.065042 0.008202 0.213054 0.151636
1757579862.635593 -0.052072 -0.007820 0.002098 0.087167 -0.065042 0.008202 0.213054 0.151636
1757579862.637639 -0.052072 -0.007820 0.002098 0.087167 -0.065042 0.008202 0.213054 0.151636
1757579862.639597 -0.052072 -0.007820 0.002098 0.087167 -0.065042 0.008202 0.213054 0.151636
1757579862.641579 -0.052072 -0.007820 0.002098 0.087167 -0.065042 0.008202 0.213054 0.151636
1757579862.643619 -0.052072 -0.007820 0.002098 0.087167 -0.065042 0.008202 0.213054 0.151636
1757579862.645581 -0.052072 -0.007820 0.002098 0.087167 -0.065042 0.008202 0.213054 0.151636
1757579862.647549 -0.052072 -0.007820 0.002098 0.087167 -0.065042 0.008202 0.213054 0.151636
1757579862.649546 -0.052072 -0.007820 0.002098 0.087167 -0.065042 0.008583 0.213054 0.151636
1757579862.651551 -0.052072 -0.007820 0.002098 0.087167 -0.065042 0.008583 0.213054 0.151636
1757579862.653553 -0.052072 -0.007820 0.002098 0.087167 -0.065042 0.008583 0.213054 0.151636
1757579862.655546 -0.052072 -0.007820 0.002098 0.087167 -0.065042 0.008583 0.213054 0.151636
1757579862.657545 -0.052072 -0.007820 0.002098 0.087167 -0.065042 0.008583 0.213054 0.151636
1757579862.659542 -0.052072 -0.007820 0.002098 0.087167 -0.065042 0.008583 0.213054 0.151636
1757579862.661541 -0.052072 -0.007820 0.002098 0.087167 -0.065042 0.008583 0.213054 0.151636
1757579862.663567 -0.052072 -0.007820 0.002098 0.087167 -0.065042 0.008583 0.213054 0.151636
1757579862.665561 -0.052072 -0.007820 0.002098 0.087167 -0.065042 0.008583 0.213054 0.151636
1757579862.667558 -0.052072 -0.007820 0.002098 0.087167 -0.065042 0.008965 0.213054 0.151636
1757579862.669564 -0.052072 -0.007820 0.002098 0.087167 -0.065042 0.008965 0.213054 0.151636
1757579862.671547 -0.052072 -0.007820 0.002098 0.087167 -0.065042 0.008965 0.213054 0.151636
1757579862.673551 -0.052072 -0.007820 0.002098 0.087167 -0.065042 0.008965 0.213054 0.151636
1757579862.675544 -0.052072 -0.007820 0.002098 0.087167 -0.065042 0.008965 0.213054 0.151636
1757579862.677551 -0.052072 -0.007820 0.002098 0.087167 -0.065042 0.008965 0.213054 0.151636
1757579862.679543 -0.052072 -0.007820 0.002098 0.087167 -0.065042 0.008965 0.213054 0.151636
1757579862.681549 -0.052072 -0.007820 0.002098 0.087167 -0.065042 0.008965 0.213054 0.151636
1757579862.683542 -0.052072 -0.007820 0.002098 0.087167 -0.065042 0.008965 0.213054 0.151636
1757579862.685544 -0.052072 -0.007820 0.002098 0.087167 -0.065042 0.008965 0.213054 0.151636
1757579862.687541 -0.052072 -0.007820 0.002098 0.087167 -0.065042 0.009346 0.213054 0.151636
1757579862.689541 -0.052072 -0.007820 0.002098 0.087167 -0.065042 0.009346 0.213054 0.151636
1757579862.691533 -0.052072 -0.007820 0.002098 0.087167 -0.065042 0.009346 0.213054 0.151636
1757579862.693568 -0.052072 -0.007820 0.002098 0.087167 -0.065042 0.009346 0.213054 0.151636
1757579862.695545 -0.052072 -0.007820 0.002098 0.087167 -0.065042 0.009346 0.213054 0.151636
1757579862.697545 -0.052072 -0.007820 0.002098 0.087167 -0.065042 0.009346 0.213054 0.151636
1757579862.699567 -0.052072 -0.007820 0.002098 0.087167 -0.065042 0.009346 0.213054 0.151636
1757579862.701552 -0.052072 -0.007820 0.002098 0.087167 -0.065042 0.009346 0.213054 0.151636
1757579862.703541 -0.052072 -0.007820 0.002098 0.087167 -0.065042 0.009346 0.213054 0.151636
1757579862.705558 -0.052072 -0.007820 0.002098 0.087167 -0.065042 0.009346 0.213054 0.151636
1757579862.707543 -0.052072 -0.007820 0.002098 0.087167 -0.065042 0.009727 0.213054 0.151636
1757579862.709548 -0.052072 -0.007820 0.002098 0.087167 -0.065042 0.009727 0.213054 0.151636
1757579862.711543 -0.052072 -0.007820 0.002098 0.087167 -0.065042 0.009727 0.213054 0.151636
1757579862.713559 -0.052072 -0.007820 0.002098 0.087167 -0.065042 0.009727 0.213054 0.151636
1757579862.715547 -0.052072 -0.007820 0.002098 0.087167 -0.065042 0.009727 0.213054 0.151636
1757579862.717550 -0.052072 -0.007820 0.002098 0.087167 -0.065042 0.009727 0.213054 0.151636
1757579862.719545 -0.052072 -0.007820 0.002098 0.087167 -0.065042 0.009727 0.213054 0.151636
1757579862.721550 -0.052072 -0.007820 0.002098 0.087167 -0.065042 0.009727 0.213054 0.151636
1757579862.723541 -0.052072 -0.007820 0.002098 0.087167 -0.065042 0.009727 0.213054 0.151636
1757579862.725561 -0.052072 -0.007820 0.002098 0.087167 -0.065042 0.009727 0.213054 0.151636
1757579862.727555 -0.052072 -0.007820 0.002098 0.087167 -0.065042 0.009727 0.213054 0.151636
1757579862.729562 -0.052072 -0.007820 0.002098 0.087167 -0.065042 0.010109 0.213054 0.151636
1757579862.731547 -0.052072 -0.007820 0.002098 0.087167 -0.065042 0.010109 0.213054 0.151636
1757579862.733551 -0.052072 -0.007820 0.002098 0.087167 -0.065042 0.010109 0.213054 0.151636
1757579862.735549 -0.052072 -0.007820 0.002098 0.087167 -0.065042 0.010109 0.213054 0.151636
1757579862.737551 -0.052072 -0.007820 0.002098 0.087167 -0.065042 0.010109 0.213054 0.151636
1757579862.739545 -0.052072 -0.007820 0.002098 0.087167 -0.065042 0.010109 0.213054 0.151636
1757579862.741543 -0.052072 -0.007820 0.002098 0.087167 -0.065042 0.010109 0.213054 0.151636
1757579862.743537 -0.052072 -0.007820 0.002098 0.087167 -0.065042 0.010109 0.213054 0.151636
1757579862.745552 -0.052072 -0.007820 0.002098 0.087167 -0.065042 0.010109 0.213054 0.151636
1757579862.747544 -0.052072 -0.007820 0.002098 0.087167 -0.065042 0.010109 0.213054 0.151636
1757579862.749548 -0.052072 -0.007820 0.002098 0.087167 -0.065042 0.010490 0.213054 0.151636
1757579862.751541 -0.052072 -0.007820 0.002098 0.087167 -0.065042 0.010490 0.213054 0.151636
1757579862.753572 -0.052072 -0.007820 0.002098 0.087167 -0.065042 0.010490 0.213054 0.151636
1757579862.755572 -0.052072 -0.007820 0.002098 0.087167 -0.065042 0.010490 0.213054 0.151636
1757579862.757555 -0.052072 -0.007820 0.002098 0.087167 -0.065042 0.010490 0.213054 0.151636
1757579862.759550 -0.052072 -0.007820 0.002098 0.087167 -0.065042 0.010490 0.213054 0.151636
1757579862.761588 -0.052072 -0.007820 0.002098 0.087167 -0.065042 0.010490 0.213054 0.151636
1757579862.763549 -0.052072 -0.007820 0.002098 0.087167 -0.065042 0.010490 0.213054 0.151636
1757579862.765568 -0.052072 -0.007820 0.002098 0.087167 -0.065042 0.010490 0.213054 0.151636
1757579862.767549 -0.052072 -0.007820 0.002098 0.087167 -0.065042 0.010490 0.213054 0.151636
1757579862.769567 -0.052072 -0.007820 0.002098 0.087167 -0.065042 0.010490 0.213054 0.151636
1757579862.771548 -0.052072 -0.007820 0.002098 0.087167 -0.065042 0.010490 0.213054 0.151636
1757579862.773547 -0.052072 -0.007820 0.002098 0.087167 -0.065042 0.010872 0.213054 0.151636
1757579862.775539 -0.052072 -0.007820 0.002098 0.087167 -0.065042 0.010872 0.213054 0.151636
1757579862.777555 -0.052072 -0.007820 0.002098 0.087167 -0.065042 0.010872 0.213054 0.151636
1757579862.779546 -0.052072 -0.007820 0.002098 0.087167 -0.065042 0.010872 0.213054 0.151636
1757579862.781549 -0.052072 -0.007820 0.002098 0.087167 -0.065042 0.010872 0.213054 0.151636
1757579862.783548 -0.052072 -0.007820 0.002098 0.087167 -0.065042 0.010872 0.213054 0.151636
1757579862.785549 -0.052072 -0.007820 0.002098 0.087167 -0.065042 0.010872 0.213054 0.151636
1757579862.787565 -0.052072 -0.007820 0.002098 0.087167 -0.065042 0.010872 0.213054 0.151636
1757579862.789558 -0.052072 -0.007820 0.002098 0.087167 -0.065042 0.010872 0.213054 0.151636
1757579862.791554 -0.052072 -0.007820 0.002098 0.087167 -0.065042 0.010872 0.213054 0.151636
1757579862.793562 -0.052072 -0.007820 0.002098 0.087167 -0.065042 0.010872 0.213054 0.151636
1757579862.795548 -0.052072 -0.007820 0.002098 0.087167 -0.065042 0.010872 0.213054 0.151636
1757579862.797554 -0.052072 -0.007820 0.002098 0.087167 -0.065042 0.011253 0.213054 0.151636
1757579862.799546 -0.052072 -0.007820 0.002098 0.087167 -0.065042 0.011253 0.213054 0.151636
1757579862.801544 -0.052072 -0.007820 0.002098 0.087167 -0.065042 0.011253 0.213054 0.151636
1757579862.803559 -0.052072 -0.007820 0.002098 0.087167 -0.065042 0.011253 0.213054 0.151636
1757579862.805572 -0.052072 -0.007820 0.002098 0.087167 -0.065042 0.011253 0.213054 0.151636
1757579862.807556 -0.052072 -0.007820 0.002098 0.087167 -0.065042 0.011253 0.213054 0.151636
1757579862.809557 -0.052072 -0.007820 0.002098 0.087167 -0.065042 0.011253 0.213054 0.151636
1757579862.811557 -0.052072 -0.007820 0.002098 0.087167 -0.065042 0.011253 0.213054 0.151636
1757579862.813578 -0.052072 -0.007820 0.002098 0.087167 -0.065042 0.011253 0.213054 0.151636
1757579862.815592 -0.052072 -0.007820 0.002098 0.087167 -0.065042 0.011253 0.213054 0.151636
1757579862.817620 -0.052072 -0.007820 0.002098 0.087167 -0.065042 0.011253 0.213054 0.151636
1757579862.819563 -0.052072 -0.007820 0.002098 0.087167 -0.065042 0.011253 0.213054 0.151636
1757579862.821628 -0.052072 -0.007820 0.002098 0.087167 -0.065042 0.011635 0.213054 0.151636
1757579862.823591 -0.052072 -0.007820 0.002098 0.087167 -0.065042 0.011635 0.213054 0.151636
1757579862.825591 -0.052072 -0.007820 0.002098 0.087167 -0.065042 0.011635 0.213054 0.151636
1757579862.827573 -0.052072 -0.007820 0.002098 0.087167 -0.065042 0.011635 0.213054 0.151636
1757579862.829590 -0.052072 -0.007820 0.002098 0.087167 -0.065042 0.011635 0.213054 0.151636
1757579862.831551 -0.052072 -0.007820 0.002098 0.087167 -0.065042 0.011635 0.213054 0.151636
1757579862.833586 -0.052072 -0.007820 0.002098 0.087167 -0.065042 0.011635 0.213054 0.151636
1757579862.835557 -0.052072 -0.007820 0.002098 0.087167 -0.065042 0.011635 0.213054 0.151636
1757579862.837590 -0.052072 -0.007820 0.002098 0.087167 -0.065042 0.011635 0.213054 0.151636
1757579862.839556 -0.052072 -0.007820 0.002098 0.087167 -0.065042 0.012016 0.213054 0.151636
1757579862.841574 -0.052072 -0.007820 0.002098 0.087167 -0.065042 0.012016 0.213054 0.151636
1757579862.843555 -0.052072 -0.007820 0.002098 0.087167 -0.065042 0.012016 0.213054 0.151636
1757579862.845574 -0.052072 -0.007820 0.002098 0.087167 -0.065042 0.012016 0.213054 0.151636
1757579862.847548 -0.052072 -0.007820 0.002098 0.087167 -0.065042 0.012016 0.213054 0.151636
1757579862.849583 -0.052072 -0.007820 0.002098 0.087167 -0.065042 0.012016 0.213054 0.151636
1757579862.851596 -0.052072 -0.007820 0.002098 0.087167 -0.065042 0.012016 0.213054 0.151636
1757579862.853587 -0.052072 -0.007820 0.002098 0.087167 -0.065042 0.012016 0.213054 0.151636
1757579862.855577 -0.052072 -0.007820 0.002098 0.087167 -0.065042 0.012016 0.213054 0.151636
1757579862.857558 -0.052072 -0.007820 0.002098 0.087167 -0.065042 0.012398 0.213054 0.151636
1757579862.859555 -0.052072 -0.007820 0.002098 0.087167 -0.065042 0.012398 0.213054 0.151636
1757579862.861557 -0.052072 -0.007820 0.002098 0.087167 -0.065042 0.012398 0.213054 0.151636
1757579862.863557 -0.052072 -0.007820 0.002098 0.087167 -0.065042 0.012398 0.213054 0.151636
1757579862.865556 -0.052072 -0.007820 0.002098 0.087167 -0.065042 0.012398 0.213054 0.151636
1757579862.867629 -0.052072 -0.007820 0.002098 0.087167 -0.065042 0.012398 0.213054 0.151636
1757579862.869550 -0.052072 -0.007820 0.002098 0.087167 -0.065042 0.012398 0.213054 0.151636
1757579862.871552 -0.052072 -0.007820 0.002098 0.087167 -0.065042 0.012398 0.213054 0.151636
1757579862.873563 -0.052072 -0.007820 0.002098 0.087167 -0.065042 0.012398 0.213054 0.151636
1757579862.875541 -0.052072 -0.007820 0.002098 0.087167 -0.065042 0.012779 0.213054 0.151636
1757579862.877558 -0.052072 -0.007820 0.002098 0.087167 -0.065042 0.012779 0.213054 0.151636
1757579862.879579 -0.052072 -0.007820 0.002098 0.087167 -0.065042 0.012779 0.213054 0.151636
1757579862.881545 -0.052072 -0.007820 0.002098 0.087167 -0.065042 0.012779 0.213054 0.151636
1757579862.883566 -0.052072 -0.007820 0.002098 0.087167 -0.065042 0.012779 0.213054 0.151636
1757579862.885538 -0.052072 -0.007820 0.002098 0.087167 -0.065042 0.012779 0.213054 0.151636
1757579862.887552 -0.052072 -0.007820 0.002098 0.087167 -0.065042 0.012779 0.213054 0.151636
1757579862.889555 -0.052072 -0.007820 0.002098 0.087167 -0.065042 0.012779 0.213054 0.151636
1757579862.891563 -0.052072 -0.007820 0.002098 0.087167 -0.065042 0.012779 0.213054 0.151636
1757579862.893542 -0.052072 -0.007820 0.002098 0.087167 -0.065042 0.012779 0.213054 0.151636
1757579862.895562 -0.052072 -0.007820 0.002098 0.087167 -0.065042 0.013161 0.213054 0.151636
1757579862.897564 -0.052072 -0.007820 0.002098 0.087167 -0.065042 0.013161 0.213054 0.151636
1757579862.899541 -0.052072 -0.007820 0.002098 0.087167 -0.065042 0.013161 0.213054 0.151636
1757579862.901564 -0.052072 -0.007820 0.002098 0.087167 -0.065042 0.013161 0.213054 0.151636
1757579862.903547 -0.052072 -0.007820 0.002098 0.087167 -0.065042 0.013161 0.213054 0.151636
1757579862.905584 -0.052072 -0.007820 0.002098 0.087167 -0.065042 0.013161 0.213054 0.151636
1757579862.907540 -0.052072 -0.007820 0.002098 0.087167 -0.065042 0.013161 0.213054 0.151636
1757579862.909585 -0.052072 -0.007820 0.002098 0.087167 -0.065042 0.013161 0.213054 0.151636
1757579862.911556 -0.052072 -0.007820 0.002098 0.087167 -0.065042 0.013161 0.213054 0.151636
1757579862.913573 -0.052072 -0.007820 0.002098 0.087167 -0.065042 0.013161 0.213054 0.151636
1757579862.915546 -0.052072 -0.007820 0.002098 0.087167 -0.065042 0.013161 0.213054 0.151636
1757579862.917572 -0.052072 -0.007820 0.002098 0.087167 -0.065042 0.013161 0.213054 0.151636
1757579862.919552 -0.052072 -0.007820 0.002098 0.087167 -0.065042 0.013542 0.213054 0.151636
1757579862.921552 -0.052072 -0.007820 0.002098 0.087167 -0.065042 0.013542 0.213054 0.151636
1757579862.923546 -0.052072 -0.007820 0.002098 0.087167 -0.065042 0.013542 0.213054 0.151636
1757579862.925551 -0.052072 -0.007820 0.002098 0.087167 -0.065042 0.013542 0.213054 0.151636
1757579862.927565 -0.052072 -0.007820 0.002098 0.087167 -0.065042 0.013542 0.213054 0.151636
1757579862.929550 -0.052072 -0.007820 0.002098 0.087167 -0.065042 0.013542 0.213054 0.151636
1757579862.931561 -0.052072 -0.007820 0.002098 0.087167 -0.065042 0.013542 0.213054 0.151636
1757579862.933540 -0.052072 -0.007820 0.002098 0.087167 -0.065042 0.013542 0.213054 0.151636
1757579862.935558 -0.052072 -0.007820 0.002098 0.087167 -0.065042 0.013542 0.213054 0.151636
1757579862.937551 -0.052072 -0.007820 0.002098 0.087167 -0.065042 0.013542 0.213054 0.151636
1757579862.939548 -0.052072 -0.007820 0.002098 0.087167 -0.065042 0.013924 0.213054 0.151636
1757579862.941592 -0.052072 -0.007820 0.002098 0.087167 -0.065042 0.013924 0.213054 0.151636
1757579862.943553 -0.052072 -0.007820 0.002098 0.087167 -0.065042 0.013924 0.213054 0.151636
1757579862.945541 -0.052072 -0.007820 0.002098 0.087167 -0.065042 0.013924 0.213054 0.151636
1757579862.947544 -0.052072 -0.007820 0.002098 0.087167 -0.065042 0.013924 0.213054 0.151636
1757579862.949554 -0.052072 -0.007820 0.002098 0.087167 -0.065042 0.013924 0.213054 0.151636
1757579862.951562 -0.052072 -0.007820 0.002098 0.087167 -0.065042 0.013924 0.213054 0.151636
1757579862.953588 -0.052072 -0.007820 0.002098 0.087167 -0.065042 0.013924 0.213054 0.151636
1757579862.955575 -0.052072 -0.007820 0.002098 0.087167 -0.065042 0.013924 0.213054 0.151636
1757579862.957544 -0.052072 -0.007820 0.002098 0.087167 -0.065042 0.013924 0.213054 0.151636
1757579862.959553 -0.052072 -0.007820 0.002098 0.087167 -0.065042 0.013924 0.213054 0.151636
1757579862.961545 -0.052072 -0.007820 0.002098 0.087167 -0.065042 0.013924 0.213054 0.151636
1757579862.963558 -0.052072 -0.007820 0.002098 0.087167 -0.065042 0.014305 0.213054 0.151636
1757579862.965542 -0.052072 -0.007820 0.002098 0.087167 -0.065042 0.014305 0.213054 0.151636
1757579862.967548 -0.052072 -0.007820 0.002098 0.087167 -0.065042 0.014305 0.213054 0.151636
1757579862.969541 -0.052072 -0.007820 0.002098 0.087167 -0.065042 0.014305 0.213054 0.151636
1757579862.971553 -0.052072 -0.007820 0.002098 0.087167 -0.065042 0.014305 0.213054 0.151636
1757579862.973584 -0.052072 -0.007820 0.002098 0.087167 -0.065042 0.014305 0.213054 0.151636
1757579862.975550 -0.052072 -0.007820 0.002098 0.087167 -0.065042 0.014305 0.213054 0.151636
1757579862.977542 -0.052072 -0.007820 0.002098 0.087167 -0.065042 0.014305 0.213054 0.151636
1757579862.979554 -0.052072 -0.007820 0.002098 0.087167 -0.065042 0.014305 0.213054 0.151636
1757579862.981540 -0.052072 -0.007820 0.002098 0.087167 -0.065042 0.014305 0.213054 0.151636
1757579862.983547 -0.052072 -0.007820 0.002098 0.087167 -0.065042 0.014687 0.213054 0.151636
1757579862.985543 -0.052072 -0.007820 0.002098 0.087167 -0.065042 0.014687 0.213054 0.151636
1757579862.987557 -0.052072 -0.007820 0.002098 0.087167 -0.065042 0.014687 0.213054 0.151636
1757579862.989545 -0.052072 -0.007820 0.002098 0.087167 -0.065042 0.014687 0.213054 0.151636
1757579862.991536 -0.052072 -0.007820 0.002098 0.087167 -0.065042 0.014687 0.213054 0.151636
1757579862.993535 -0.052072 -0.007820 0.002098 0.087167 -0.065042 0.014687 0.213054 0.151636
1757579862.995555 -0.052072 -0.007820 0.002098 0.087167 -0.065042 0.014687 0.213054 0.151636
1757579862.997546 -0.052072 -0.007820 0.002098 0.087167 -0.065042 0.014687 0.213054 0.151636
1757579862.999560 -0.052072 -0.007820 0.002098 0.087167 -0.065042 0.015068 0.213054 0.151636
1757579863.001544 -0.052072 -0.007820 0.002098 0.087167 -0.065042 0.015068 0.213054 0.151636
1757579863.003571 -0.052072 -0.007820 0.002098 0.087167 -0.065042 0.015068 0.213054 0.151636
1757579863.005541 -0.052072 -0.007820 0.002098 0.087167 -0.065042 0.015068 0.213054 0.151636
1757579863.007547 -0.052072 -0.007820 0.002098 0.087167 -0.065042 0.015068 0.213054 0.151636
1757579863.009542 -0.052072 -0.007820 0.002098 0.087167 -0.065042 0.015068 0.213054 0.151636
1757579863.011559 -0.052072 -0.007820 0.002098 0.087167 -0.065042 0.015068 0.213054 0.151636
1757579863.013543 -0.052072 -0.007820 0.002098 0.087167 -0.065042 0.015068 0.213054 0.151636
1757579863.015567 -0.052072 -0.007820 0.002098 0.087167 -0.065042 0.015068 0.213054 0.151636
1757579863.017545 -0.052072 -0.007820 0.002098 0.087167 -0.065042 0.015450 0.213054 0.151636
1757579863.019549 -0.052072 -0.007820 0.002098 0.087167 -0.065042 0.015450 0.213054 0.151636
1757579863.021535 -0.052072 -0.007820 0.002098 0.087167 -0.065042 0.015450 0.213054 0.151636
1757579863.023550 -0.052072 -0.007820 0.002098 0.087167 -0.065042 0.015450 0.213054 0.151636
1757579863.025539 -0.052072 -0.007820 0.002098 0.087167 -0.065042 0.015450 0.213054 0.151636
1757579863.027544 -0.052072 -0.007820 0.002098 0.087167 -0.065042 0.015450 0.213054 0.151636
1757579863.029541 -0.052072 -0.007820 0.002098 0.087167 -0.065042 0.015450 0.213054 0.151636
1757579863.031550 -0.052072 -0.007820 0.002098 0.087167 -0.065042 0.015450 0.213054 0.151636
1757579863.033536 -0.052072 -0.007820 0.002098 0.087167 -0.065042 0.015831 0.213054 0.151636
1757579863.035563 -0.052072 -0.007820 0.002098 0.087167 -0.065042 0.015831 0.213054 0.151636
1757579863.037532 -0.052072 -0.007820 0.002098 0.087167 -0.065042 0.015831 0.213054 0.151636
1757579863.039594 -0.052072 -0.007820 0.002098 0.087167 -0.065042 0.015831 0.213054 0.151636
1757579863.041553 -0.052072 -0.007820 0.002098 0.087167 -0.065042 0.015831 0.213054 0.151636
1757579863.043549 -0.052072 -0.007820 0.002098 0.087167 -0.065042 0.015831 0.213054 0.151636
1757579863.045538 -0.052072 -0.007820 0.002098 0.087167 -0.065042 0.015831 0.213054 0.151636
1757579863.047585 -0.052072 -0.007820 0.002098 0.087167 -0.065042 0.015831 0.213054 0.151636
1757579863.049540 -0.052072 -0.007820 0.002098 0.087167 -0.065042 0.016212 0.213054 0.151636
1757579863.051538 -0.052072 -0.007820 0.002098 0.087167 -0.065042 0.016212 0.213054 0.151636
1757579863.053529 -0.052072 -0.007820 0.002098 0.087167 -0.065042 0.016212 0.213054 0.151636
1757579863.055572 -0.052072 -0.007820 0.002098 0.087167 -0.065042 0.016212 0.213054 0.151636
1757579863.057543 -0.052072 -0.007820 0.002098 0.087167 -0.065042 0.016212 0.213054 0.151636
1757579863.059542 -0.052072 -0.007820 0.002098 0.087167 -0.065042 0.016212 0.213054 0.151636
1757579863.061540 -0.052072 -0.007820 0.002098 0.087167 -0.065042 0.016212 0.213054 0.151636
1757579863.063544 -0.052072 -0.007820 0.002098 0.087167 -0.065042 0.016212 0.213054 0.151636
1757579863.065583 -0.052072 -0.007820 0.002098 0.087167 -0.065042 0.016212 0.213054 0.151636
1757579863.067563 -0.052072 -0.007820 0.002098 0.087167 -0.065042 0.016594 0.213054 0.151636
1757579863.069567 -0.052072 -0.007820 0.002098 0.087167 -0.065042 0.016594 0.213054 0.151636
1757579863.071635 -0.052072 -0.007820 0.002098 0.087167 -0.065042 0.016594 0.213054 0.151636
1757579863.073549 -0.052072 -0.007820 0.002098 0.087167 -0.065042 0.016594 0.213054 0.151636
1757579863.075568 -0.052072 -0.007820 0.002098 0.087167 -0.065042 0.016594 0.213054 0.151636
1757579863.077552 -0.052072 -0.007820 0.002098 0.087167 -0.065042 0.016594 0.213054 0.151636
1757579863.079578 -0.052072 -0.007820 0.002098 0.087167 -0.065042 0.016594 0.213054 0.151636
1757579863.081542 -0.052072 -0.007820 0.002098 0.087167 -0.065042 0.016594 0.213054 0.151636
1757579863.083562 -0.052072 -0.007820 0.002098 0.087167 -0.065042 0.016975 0.213054 0.151636
1757579863.085536 -0.052072 -0.007820 0.002098 0.087167 -0.065042 0.016975 0.213054 0.151636
1757579863.087552 -0.052072 -0.007820 0.002098 0.087167 -0.065042 0.016975 0.213054 0.151636
1757579863.089546 -0.052072 -0.007820 0.002098 0.087167 -0.065042 0.016975 0.213054 0.151636
1757579863.091542 -0.052072 -0.007820 0.002098 0.087167 -0.065042 0.016975 0.213054 0.151636
1757579863.093542 -0.052072 -0.007820 0.002098 0.087167 -0.065042 0.016975 0.213054 0.151636
1757579863.095566 -0.052072 -0.007820 0.002098 0.087167 -0.065042 0.016975 0.213054 0.151636
1757579863.097552 -0.052072 -0.007820 0.002098 0.087167 -0.065042 0.016975 0.213054 0.151636
1757579863.099539 -0.052072 -0.007820 0.002098 0.087167 -0.065042 0.016975 0.213054 0.151636
1757579863.101557 -0.052072 -0.007820 0.002098 0.087167 -0.065042 0.017357 0.213054 0.151636
1757579863.103542 -0.052072 -0.007820 0.002098 0.087167 -0.065042 0.017357 0.213054 0.151636
1757579863.105564 -0.052072 -0.007820 0.002098 0.087167 -0.065042 0.017357 0.213054 0.151636
1757579863.107545 -0.052072 -0.007820 0.002098 0.087167 -0.065042 0.017357 0.213054 0.151636
1757579863.109546 -0.052072 -0.007820 0.002098 0.087167 -0.065042 0.017357 0.213054 0.151636
1757579863.111537 -0.052072 -0.007820 0.002098 0.087167 -0.065042 0.017357 0.213054 0.151636
1757579863.113534 -0.052072 -0.007820 0.002098 0.087167 -0.065042 0.017357 0.213054 0.151636
1757579863.115542 -0.052072 -0.007820 0.002098 0.087167 -0.065042 0.017357 0.213054 0.151636
1757579863.117537 -0.052072 -0.007820 0.002098 0.087167 -0.065042 0.017357 0.213054 0.151636
1757579863.119541 -0.052072 -0.007820 0.002098 0.087167 -0.065042 0.017738 0.213054 0.151636
1757579863.121542 -0.052072 -0.007820 0.002098 0.087167 -0.065042 0.017738 0.213054 0.151636
1757579863.123542 -0.052072 -0.007820 0.002098 0.087167 -0.065042 0.017738 0.213054 0.151636
1757579863.125541 -0.052072 -0.007820 0.002098 0.087167 -0.065042 0.017738 0.213054 0.151636
1757579863.127570 -0.052072 -0.007820 0.002098 0.087167 -0.065042 0.017738 0.213054 0.151636
1757579863.129573 -0.052072 -0.007820 0.002098 0.087167 -0.065042 0.017738 0.213054 0.151636
1757579863.131547 -0.052072 -0.007820 0.002098 0.087167 -0.065042 0.017738 0.213054 0.151636
1757579863.133567 -0.052072 -0.007820 0.002098 0.087167 -0.065042 0.017738 0.213054 0.151636
1757579863.135543 -0.052072 -0.007820 0.002098 0.087167 -0.065042 0.017738 0.213054 0.151636
1757579863.137545 -0.052072 -0.007820 0.002098 0.087167 -0.065042 0.017738 0.213054 0.151636
1757579863.139540 -0.052072 -0.007820 0.002098 0.087167 -0.065042 0.018120 0.213054 0.151636
1757579863.141545 -0.052072 -0.007820 0.002098 0.087167 -0.065042 0.018120 0.213054 0.151636
1757579863.143543 -0.052072 -0.007820 0.002098 0.087167 -0.065042 0.018120 0.213054 0.151636
1757579863.145551 -0.052072 -0.007820 0.002098 0.087167 -0.065042 0.018120 0.213054 0.151636
1757579863.147532 -0.052072 -0.007820 0.002098 0.087167 -0.065042 0.018120 0.213054 0.151636
1757579863.149549 -0.052072 -0.007820 0.002098 0.087167 -0.065042 0.018120 0.213054 0.151636
1757579863.151546 -0.052072 -0.007820 0.002098 0.087167 -0.065042 0.018120 0.213054 0.151636
1757579863.153544 -0.052072 -0.007820 0.002098 0.087167 -0.065042 0.018120 0.213054 0.151636
1757579863.155539 -0.052072 -0.007820 0.002098 0.087167 -0.065042 0.018120 0.213054 0.151636
1757579863.157553 -0.052072 -0.007820 0.002098 0.087167 -0.065042 0.018120 0.213054 0.151636
1757579863.159553 -0.052072 -0.007820 0.002098 0.087167 -0.065042 0.018120 0.213054 0.151636
1757579863.161546 -0.052072 -0.007820 0.002098 0.087167 -0.065042 0.018120 0.213054 0.151636
1757579863.163542 -0.052072 -0.007820 0.002098 0.087167 -0.065042 0.018501 0.213054 0.151636
1757579863.165988 -0.052072 -0.007820 0.002098 0.087167 -0.065042 0.018501 0.213054 0.151636
1757579863.167554 -0.052072 -0.007820 0.002098 0.087167 -0.065042 0.018501 0.213054 0.151636
1757579863.169551 -0.052072 -0.007820 0.002098 0.087167 -0.065042 0.018501 0.213054 0.151636
1757579863.171547 -0.052072 -0.007820 0.002098 0.087167 -0.065042 0.018501 0.213054 0.151636
1757579863.173584 -0.052072 -0.007820 0.002098 0.087167 -0.065042 0.018501 0.213054 0.151636
1757579863.175563 -0.052072 -0.007820 0.002098 0.087167 -0.065042 0.018501 0.213054 0.151636
1757579863.177544 -0.052072 -0.007820 0.002098 0.087167 -0.065042 0.018501 0.213054 0.151636
1757579863.179542 -0.052072 -0.007820 0.002098 0.087167 -0.065042 0.018501 0.213054 0.151636
1757579863.181557 -0.052072 -0.007820 0.002098 0.087167 -0.065042 0.018501 0.213054 0.151636
1757579863.183542 -0.052072 -0.007820 0.002098 0.087167 -0.065042 0.018501 0.213054 0.151636
1757579863.185546 -0.052072 -0.007820 0.002098 0.087167 -0.065042 0.018883 0.213054 0.151636
1757579863.187539 -0.052072 -0.007820 0.002098 0.087167 -0.065042 0.018883 0.213054 0.151636
1757579863.189576 -0.052072 -0.007820 0.002098 0.087167 -0.065042 0.018883 0.213054 0.151636
1757579863.191571 -0.052072 -0.007820 0.002098 0.087167 -0.065042 0.018883 0.213054 0.151636
1757579863.193551 -0.052072 -0.007820 0.002098 0.087167 -0.065042 0.018883 0.213054 0.151636
1757579863.195556 -0.052072 -0.007820 0.002098 0.087167 -0.065042 0.018883 0.213054 0.151636
1757579863.197557 -0.052072 -0.007820 0.002098 0.087167 -0.065042 0.018883 0.213054 0.151636
1757579863.199542 -0.052072 -0.007820 0.002098 0.087167 -0.065042 0.018883 0.213054 0.151636
1757579863.201556 -0.052072 -0.007820 0.002098 0.087167 -0.065042 0.018883 0.213054 0.151636
1757579863.203542 -0.052072 -0.007820 0.002098 0.087167 -0.065042 0.018883 0.213054 0.151636
1757579863.205543 -0.052072 -0.007820 0.002098 0.087167 -0.065042 0.018883 0.213054 0.151636
1757579863.207541 -0.052072 -0.007820 0.002098 0.087167 -0.065042 0.019264 0.213054 0.151636
1757579863.209553 -0.052072 -0.007820 0.002098 0.087167 -0.065042 0.019264 0.213054 0.151636
1757579863.211536 -0.052072 -0.007820 0.002098 0.087167 -0.065042 0.019264 0.213054 0.151636
1757579863.213537 -0.052072 -0.007820 0.002098 0.087167 -0.065042 0.019264 0.213054 0.151636
1757579863.215537 -0.052072 -0.007820 0.002098 0.087167 -0.065042 0.019264 0.213054 0.151636
1757579863.217555 -0.052072 -0.007820 0.002098 0.087167 -0.065042 0.019264 0.213054 0.151636
1757579863.219574 -0.052072 -0.007820 0.002098 0.087167 -0.065042 0.019264 0.213054 0.151636
1757579863.221567 -0.052072 -0.007820 0.002098 0.087167 -0.065042 0.019264 0.213054 0.151636
1757579863.223544 -0.052072 -0.007820 0.002098 0.087167 -0.065042 0.019264 0.213054 0.151636
1757579863.225557 -0.052072 -0.007820 0.002098 0.087167 -0.065042 0.019264 0.213054 0.151636
1757579863.227572 -0.052072 -0.007820 0.002098 0.087167 -0.065042 0.019264 0.213054 0.151636
1757579863.229562 -0.052072 -0.007820 0.002098 0.087167 -0.065042 0.019264 0.213054 0.151636
1757579863.231550 -0.052072 -0.007820 0.002098 0.087167 -0.065042 0.019264 0.213054 0.151636
1757579863.233554 -0.052072 -0.007820 0.002098 0.087167 -0.065042 0.019264 0.213054 0.151636
1757579863.235541 -0.052072 -0.007820 0.002098 0.087167 -0.065042 0.019646 0.213054 0.151636
1757579863.237545 -0.052072 -0.007820 0.002098 0.087167 -0.065042 0.019646 0.213054 0.151636
1757579863.239543 -0.052072 -0.007820 0.002098 0.087167 -0.065042 0.019646 0.213054 0.151636
1757579863.241553 -0.052072 -0.007820 0.002098 0.087167 -0.065042 0.019646 0.213054 0.151636
1757579863.243540 -0.052072 -0.007820 0.002098 0.087167 -0.065042 0.019646 0.213054 0.151636
1757579863.245540 -0.052072 -0.007820 0.002098 0.087167 -0.065042 0.019646 0.213054 0.151636
1757579863.247538 -0.052072 -0.007820 0.002098 0.087167 -0.065042 0.019646 0.213054 0.151636
1757579863.249558 -0.052072 -0.007820 0.002098 0.087167 -0.065042 0.019646 0.213054 0.151636
1757579863.251602 -0.052072 -0.007820 0.002098 0.087167 -0.065042 0.019646 0.213054 0.151636
1757579863.253551 -0.052072 -0.007820 0.002098 0.087167 -0.065042 0.019646 0.213054 0.151636
1757579863.255561 -0.052072 -0.007820 0.002098 0.087167 -0.065042 0.019646 0.213054 0.151636
1757579863.257565 -0.052072 -0.007820 0.002098 0.087167 -0.065042 0.019646 0.213054 0.151636
1757579863.259550 -0.052072 -0.007820 0.002098 0.087167 -0.065042 0.019646 0.213054 0.151636
1757579863.261545 -0.052072 -0.007820 0.002098 0.087167 -0.065042 0.019646 0.213054 0.151636
1757579863.263540 -0.052072 -0.007820 0.002098 0.087167 -0.065042 0.019646 0.213054 0.151636
1757579863.265552 -0.052072 -0.007820 0.002098 0.087167 -0.065042 0.020027 0.213054 0.151636
1757579863.267540 -0.052072 -0.007820 0.002098 0.087167 -0.065042 0.020027 0.213054 0.151636
1757579863.269561 -0.052072 -0.007820 0.002098 0.087167 -0.065042 0.020027 0.213054 0.151636
1757579863.271559 -0.052072 -0.007820 0.002098 0.087167 -0.065042 0.020027 0.213054 0.151636
1757579863.273558 -0.052072 -0.007820 0.002098 0.087167 -0.065042 0.020027 0.213054 0.151636
1757579863.275550 -0.052072 -0.007820 0.002098 0.087167 -0.065042 0.020027 0.213054 0.151636
1757579863.277539 -0.052072 -0.007820 0.002098 0.087167 -0.065042 0.020027 0.213054 0.151636
1757579863.279546 -0.052072 -0.007820 0.002098 0.087167 -0.065042 0.020027 0.213054 0.151636
1757579863.281542 -0.052072 -0.007820 0.002098 0.087167 -0.065042 0.020027 0.213054 0.151636
1757579863.283541 -0.052072 -0.007820 0.002098 0.087167 -0.065042 0.020027 0.213054 0.151636
1757579863.285542 -0.052072 -0.007820 0.002098 0.087167 -0.065042 0.020027 0.213054 0.151636
1757579863.287539 -0.052072 -0.007820 0.002098 0.087167 -0.065042 0.020409 0.213054 0.151636
1757579863.289580 -0.052072 -0.007820 0.002098 0.087167 -0.065042 0.020409 0.213054 0.151636
1757579863.291539 -0.052072 -0.007820 0.002098 0.087167 -0.065042 0.020409 0.213054 0.151636
1757579863.293540 -0.052072 -0.007820 0.002098 0.087167 -0.065042 0.020409 0.213054 0.151636
1757579863.295538 -0.052072 -0.007820 0.002098 0.087167 -0.065042 0.020409 0.213054 0.151636
1757579863.297662 -0.052072 -0.007820 0.002098 0.087167 -0.065042 0.020409 0.213054 0.151636
1757579863.299545 -0.052072 -0.007820 0.002098 0.087167 -0.065042 0.020409 0.213054 0.151636
1757579863.301576 -0.052072 -0.007820 0.002098 0.087167 -0.065042 0.020409 0.213054 0.151636
1757579863.303540 -0.052072 -0.007820 0.002098 0.087167 -0.065042 0.020409 0.213054 0.151636
1757579863.305539 -0.052072 -0.007820 0.002098 0.087167 -0.065042 0.020409 0.213054 0.151636
1757579863.307536 -0.052072 -0.007820 0.002098 0.087167 -0.065042 0.020409 0.213054 0.151636
1757579863.309654 -0.052072 -0.007820 0.002098 0.087167 -0.065042 0.020409 0.213054 0.151636
1757579863.311553 -0.052072 -0.007820 0.002098 0.087167 -0.065042 0.020790 0.213054 0.151636
1757579863.313598 -0.052072 -0.007820 0.002098 0.087167 -0.065042 0.020790 0.213054 0.151636
1757579863.315544 -0.052072 -0.007820 0.002098 0.087167 -0.065042 0.020790 0.213054 0.151636
1757579863.317589 -0.052072 -0.007820 0.002098 0.087167 -0.065042 0.020790 0.213054 0.151636
1757579863.319551 -0.052072 -0.007820 0.002098 0.087167 -0.065042 0.020790 0.213054 0.151636
1757579863.321580 -0.052072 -0.007820 0.002098 0.087167 -0.065042 0.020790 0.213054 0.151636
1757579863.323539 -0.052072 -0.007820 0.002098 0.087167 -0.065042 0.020790 0.213054 0.151636
1757579863.325554 -0.052072 -0.007820 0.002098 0.087167 -0.065042 0.020790 0.213054 0.151636
1757579863.327538 -0.052072 -0.007820 0.002098 0.087167 -0.065042 0.020790 0.213054 0.151636
1757579863.329530 -0.052072 -0.007820 0.002098 0.087167 -0.065042 0.020790 0.213054 0.151636
1757579863.331526 -0.052072 -0.007820 0.002098 0.087167 -0.065042 0.020790 0.213054 0.151636
1757579863.333528 -0.052072 -0.007820 0.002098 0.087167 -0.065042 0.020790 0.213054 0.151636
1757579863.335543 -0.052072 -0.007820 0.002098 0.087167 -0.065042 0.020790 0.213054 0.151636
1757579863.337531 -0.052072 -0.007820 0.002098 0.087167 -0.065042 0.021172 0.213054 0.151636
1757579863.339537 -0.052072 -0.007820 0.002098 0.087167 -0.065042 0.021172 0.213054 0.151636
1757579863.341536 -0.052072 -0.007820 0.002098 0.087167 -0.065042 0.021172 0.213054 0.151636
1757579863.343538 -0.052072 -0.007820 0.002098 0.087167 -0.065042 0.021172 0.213054 0.151636
1757579863.345556 -0.052072 -0.007820 0.002098 0.087167 -0.065042 0.021172 0.213054 0.151636
1757579863.347538 -0.052072 -0.007820 0.002098 0.087167 -0.065042 0.021172 0.213054 0.151636
1757579863.349574 -0.052072 -0.007820 0.002098 0.087167 -0.065042 0.021172 0.213054 0.151636
1757579863.351589 -0.052072 -0.007820 0.002098 0.087167 -0.065042 0.021172 0.213054 0.151636
1757579863.353563 -0.052072 -0.007820 0.002098 0.087167 -0.065042 0.021172 0.213054 0.151636
1757579863.355555 -0.052072 -0.007820 0.002098 0.087167 -0.065042 0.021172 0.213054 0.151636
1757579863.357547 -0.052072 -0.007820 0.002098 0.087167 -0.065042 0.021553 0.213054 0.151636
1757579863.359540 -0.052072 -0.007820 0.002098 0.087167 -0.065042 0.021553 0.213054 0.151636
1757579863.361530 -0.052072 -0.007820 0.002098 0.087167 -0.065042 0.021553 0.213054 0.151636
1757579863.363531 -0.052072 -0.007820 0.002098 0.087167 -0.065042 0.021553 0.213054 0.151636
1757579863.365539 -0.052072 -0.007820 0.002098 0.087167 -0.065042 0.021553 0.213054 0.151636
1757579863.367545 -0.052072 -0.007820 0.002098 0.087167 -0.065042 0.021553 0.213054 0.151636
1757579863.369534 -0.052072 -0.007820 0.002098 0.087167 -0.065042 0.021553 0.213054 0.151636
1757579863.371536 -0.052072 -0.007820 0.002098 0.087167 -0.065042 0.021553 0.213054 0.151636
1757579863.373542 -0.052072 -0.007820 0.002098 0.087167 -0.065042 0.021553 0.213054 0.151636
1757579863.375561 -0.052072 -0.007820 0.002098 0.087167 -0.065042 0.021553 0.213054 0.151636
1757579863.377540 -0.052072 -0.007820 0.002098 0.087167 -0.065042 0.021553 0.213054 0.151636
1757579863.379595 -0.052072 -0.007820 0.002098 0.087167 -0.065042 0.021935 0.213054 0.151636
1757579863.381569 -0.052072 -0.007820 0.002098 0.087167 -0.065042 0.021935 0.213054 0.151636
1757579863.383549 -0.052072 -0.007820 0.002098 0.087167 -0.065042 0.021935 0.213054 0.151636
1757579863.385536 -0.052072 -0.007820 0.002098 0.087167 -0.065042 0.021935 0.213054 0.151636
1757579863.387539 -0.052072 -0.007820 0.002098 0.087167 -0.065042 0.021935 0.213054 0.151636
1757579863.389554 -0.052072 -0.007820 0.002098 0.087167 -0.065042 0.021935 0.213054 0.151636
1757579863.391541 -0.052072 -0.007820 0.002098 0.087167 -0.065042 0.021935 0.213054 0.151636
1757579863.393529 -0.052072 -0.007820 0.002098 0.087167 -0.065042 0.021935 0.213054 0.151636
1757579863.395572 -0.052072 -0.007820 0.002098 0.087167 -0.065042 0.022316 0.213054 0.151636
1757579863.397536 -0.052072 -0.007820 0.002098 0.087167 -0.065042 0.022316 0.213054 0.151636
1757579863.399549 -0.052072 -0.007820 0.002098 0.087167 -0.065042 0.022316 0.213054 0.151636
1757579863.401557 -0.052072 -0.007820 0.002098 0.087167 -0.065042 0.022316 0.213054 0.151636
1757579863.403538 -0.052072 -0.007820 0.002098 0.087167 -0.065042 0.022316 0.213054 0.151636
1757579863.405573 -0.052072 -0.007820 0.002098 0.087167 -0.065042 0.022316 0.213054 0.151636
1757579863.407538 -0.052072 -0.007820 0.002098 0.087167 -0.065042 0.022316 0.213054 0.151636
1757579863.409554 -0.052072 -0.007820 0.002098 0.087167 -0.065042 0.022316 0.213054 0.151636
1757579863.411543 -0.052072 -0.007820 0.002098 0.087167 -0.065042 0.022316 0.213054 0.151636
1757579863.413572 -0.052072 -0.007820 0.002098 0.087167 -0.065042 0.022697 0.213054 0.151636
1757579863.415548 -0.052072 -0.007820 0.002098 0.087167 -0.065042 0.022697 0.213054 0.151636
1757579863.417543 -0.052072 -0.007820 0.002098 0.087167 -0.065042 0.022697 0.213054 0.151636
1757579863.419558 -0.052072 -0.007820 0.002098 0.087167 -0.065042 0.022697 0.213054 0.151636
1757579863.421531 -0.052072 -0.007820 0.002098 0.087167 -0.065042 0.022697 0.213054 0.151636
1757579863.423552 -0.052072 -0.007820 0.002098 0.087167 -0.065042 0.022697 0.213054 0.151636
1757579863.425529 -0.052072 -0.007820 0.002098 0.087167 -0.065042 0.022697 0.213054 0.151636
1757579863.427562 -0.052072 -0.007820 0.002098 0.087167 -0.065042 0.022697 0.213054 0.151636
1757579863.429534 -0.052072 -0.007820 0.002098 0.087167 -0.065042 0.023079 0.213054 0.151636
1757579863.431548 -0.052072 -0.007820 0.002098 0.087167 -0.065042 0.023079 0.213054 0.151636
1757579863.433532 -0.052072 -0.007820 0.002098 0.087167 -0.065042 0.023079 0.213054 0.151636
1757579863.435557 -0.052072 -0.007820 0.002098 0.087167 -0.065042 0.023079 0.213054 0.151636
1757579863.437605 -0.052072 -0.007820 0.002098 0.087167 -0.065042 0.023079 0.213054 0.151636
1757579863.439536 -0.052072 -0.007820 0.002098 0.087167 -0.065042 0.023079 0.213054 0.151636
1757579863.441547 -0.052072 -0.007820 0.002098 0.087167 -0.065042 0.023079 0.213054 0.151636
1757579863.443556 -0.052072 -0.007820 0.002098 0.087167 -0.065042 0.023079 0.213054 0.151636
1757579863.445546 -0.052072 -0.007820 0.002098 0.087167 -0.065042 0.023079 0.213054 0.151636
1757579863.447537 -0.052072 -0.007820 0.002098 0.087167 -0.065042 0.023079 0.213054 0.151636
1757579863.449533 -0.052072 -0.007820 0.002098 0.087167 -0.065042 0.023460 0.213054 0.151636
1757579863.451543 -0.052072 -0.007820 0.002098 0.087167 -0.065042 0.023460 0.213054 0.151636
1757579863.453530 -0.052072 -0.007820 0.002098 0.087167 -0.065042 0.023460 0.213054 0.151636
1757579863.455531 -0.052072 -0.007820 0.002098 0.087167 -0.065042 0.023460 0.213054 0.151636
1757579863.457539 -0.052072 -0.007820 0.002098 0.087167 -0.065042 0.023460 0.213054 0.151636
1757579863.459549 -0.052072 -0.007820 0.002098 0.087167 -0.065042 0.023460 0.213054 0.151636
1757579863.461531 -0.052072 -0.007820 0.002098 0.087167 -0.065042 0.023460 0.213054 0.151636
1757579863.463535 -0.052072 -0.007820 0.002098 0.087167 -0.065042 0.023460 0.213054 0.151636
1757579863.465533 -0.052072 -0.007820 0.002098 0.087167 -0.065042 0.023460 0.213054 0.151636
1757579863.467537 -0.052072 -0.007820 0.002098 0.087167 -0.065042 0.023460 0.213054 0.151636
1757579863.469552 -0.052072 -0.007820 0.002098 0.087167 -0.065042 0.023460 0.213054 0.151636
1757579863.471540 -0.052072 -0.007820 0.002098 0.087167 -0.065042 0.023842 0.213054 0.151636
1757579863.473535 -0.052072 -0.007820 0.002098 0.087167 -0.065042 0.023842 0.213054 0.151636
1757579863.475548 -0.052072 -0.007820 0.002098 0.087167 -0.065042 0.023842 0.213054 0.151636
1757579863.477550 -0.052072 -0.007820 0.002098 0.087167 -0.065042 0.023842 0.213054 0.151636
1757579863.479535 -0.052072 -0.007820 0.002098 0.087167 -0.065042 0.023842 0.213054 0.151636
1757579863.481531 -0.052072 -0.007820 0.002098 0.087167 -0.065042 0.023842 0.213054 0.151636
1757579863.483551 -0.052072 -0.007820 0.002098 0.087167 -0.065042 0.023842 0.213054 0.151636
1757579863.485572 -0.052072 -0.007820 0.002098 0.087167 -0.065042 0.023842 0.213054 0.151636
1757579863.487569 -0.052072 -0.007820 0.002098 0.087167 -0.065042 0.023842 0.213054 0.151636
1757579863.489533 -0.052072 -0.007820 0.002098 0.087167 -0.065042 0.023842 0.213054 0.151636
1757579863.491536 -0.052072 -0.007820 0.002098 0.087167 -0.065042 0.024223 0.213054 0.151636
1757579863.493532 -0.052072 -0.007820 0.002098 0.087167 -0.065042 0.024223 0.213054 0.151636
1757579863.495540 -0.052072 -0.007820 0.002098 0.087167 -0.065042 0.024223 0.213054 0.151636
1757579863.497530 -0.052072 -0.007820 0.002098 0.087167 -0.065042 0.024223 0.213054 0.151636
1757579863.499573 -0.052072 -0.007820 0.002098 0.087167 -0.065042 0.024223 0.213054 0.151636
1757579863.501542 -0.052072 -0.007820 0.002098 0.087167 -0.065042 0.024223 0.213054 0.151636
1757579863.503600 -0.052072 -0.007820 0.002098 0.087167 -0.065042 0.024223 0.213054 0.151636
1757579863.505574 -0.052072 -0.007820 0.002098 0.087167 -0.065042 0.024223 0.213054 0.151636
1757579863.507552 -0.052072 -0.007820 0.002098 0.087167 -0.065042 0.024223 0.213054 0.151636
1757579863.509541 -0.052072 -0.007820 0.002098 0.087167 -0.065042 0.024605 0.213054 0.151636
1757579863.511569 -0.052072 -0.007820 0.002098 0.087167 -0.065042 0.024605 0.213054 0.151636
1757579863.513538 -0.052072 -0.007820 0.002098 0.087167 -0.065042 0.024605 0.213054 0.151636
1757579863.515540 -0.052072 -0.007820 0.002098 0.087167 -0.065042 0.024605 0.213054 0.151636
1757579863.517529 -0.052072 -0.007820 0.002098 0.087167 -0.065042 0.024605 0.213054 0.151636
1757579863.519633 -0.052072 -0.007820 0.002098 0.087167 -0.065042 0.024605 0.213054 0.151636
1757579863.521575 -0.052072 -0.007820 0.002098 0.087167 -0.065042 0.024605 0.213054 0.151636
1757579863.523587 -0.052072 -0.007820 0.002098 0.087167 -0.065042 0.024605 0.213054 0.151636
1757579863.525577 -0.052072 -0.007820 0.002098 0.087167 -0.065042 0.024605 0.213054 0.151636
1757579863.527642 -0.052072 -0.007820 0.002098 0.087167 -0.065042 0.024605 0.213054 0.151636
1757579863.529535 -0.052072 -0.007820 0.002098 0.087167 -0.065042 0.024986 0.213054 0.151636
1757579863.531544 -0.052072 -0.007820 0.002098 0.087167 -0.065042 0.024986 0.213054 0.151636
1757579863.533551 -0.052072 -0.007820 0.002098 0.087167 -0.065042 0.024986 0.213054 0.151636
