1757580026.960931 -0.061990 0.001717 0.002480 0.086785 -0.095942 -0.002098 0.210765 0.144770
1757580026.962964 -0.061990 0.001717 0.002480 0.086785 -0.095942 -0.002098 0.210765 0.144770
1757580026.964950 -0.061990 0.001717 0.002480 0.086785 -0.095942 -0.002098 0.210765 0.144770
1757580026.966923 -0.061990 0.001717 0.002480 0.086785 -0.095942 -0.002098 0.210765 0.144770
1757580026.968920 -0.061990 0.001717 0.002480 0.086785 -0.095942 -0.002098 0.210765 0.144770
1757580026.970919 -0.061990 0.001717 0.002480 0.086785 -0.095942 -0.002098 0.210765 0.144770
1757580026.972934 -0.061990 0.001717 0.002480 0.086785 -0.095942 -0.002098 0.210765 0.144770
1757580026.974921 -0.061990 0.001717 0.002480 0.086785 -0.095942 -0.002098 0.210765 0.144770
1757580026.976929 -0.061990 0.001717 0.002480 0.086785 -0.095942 -0.002098 0.210765 0.144770
1757580026.978935 -0.061990 0.001717 0.002480 0.086785 -0.095942 -0.002098 0.210765 0.144770
1757580026.980923 -0.061990 0.001717 0.002480 0.086785 -0.095942 -0.002098 0.210765 0.144770
1757580026.982924 -0.061990 0.001717 0.002480 0.086785 -0.095942 -0.002098 0.210765 0.144770
1757580026.984924 -0.061990 0.001717 0.002480 0.086785 -0.095942 -0.002098 0.210765 0.144770
1757580026.986921 -0.061990 0.001717 0.002480 0.086785 -0.095942 -0.002098 0.210765 0.144770
1757580026.988968 -0.061990 0.001717 0.002480 0.086785 -0.095942 -0.002098 0.210765 0.144770
1757580026.990926 -0.061990 0.001717 0.002480 0.086785 -0.095942 -0.002098 0.210765 0.144770
1757580026.992940 -0.061990 0.001717 0.002480 0.086785 -0.095942 -0.002098 0.210765 0.144770
1757580026.994949 -0.061990 0.001717 0.002480 0.086785 -0.095942 -0.002098 0.210765 0.144770
1757580026.996898 -0.061990 0.001717 0.002480 0.086785 -0.095942 -0.002098 0.210765 0.144770
1757580026.998884 -0.061990 0.001717 0.002480 0.086785 -0.095942 -0.002098 0.210765 0.144770
1757580027.000909 -0.061990 0.001717 0.002480 0.086785 -0.095942 -0.002098 0.210765 0.144770
1757580027.002888 -0.061990 0.001717 0.002480 0.086785 -0.095942 -0.002098 0.210765 0.144770
1757580027.004988 -0.061990 0.001717 0.002480 0.086785 -0.095942 -0.002098 0.210765 0.144770
1757580027.006896 -0.061990 0.001717 0.002480 0.086785 -0.095942 -0.002098 0.210765 0.144770
1757580027.008891 -0.061990 0.001717 0.002480 0.086785 -0.095942 -0.002098 0.210765 0.144770
1757580027.010880 -0.061990 0.001717 0.002480 0.086785 -0.095942 -0.002098 0.210765 0.144770
1757580027.012891 -0.061990 0.001717 0.002480 0.086785 -0.095942 -0.002098 0.210765 0.144770
1757580027.014949 -0.061990 0.001717 0.002480 0.086785 -0.095942 -0.002098 0.210765 0.144770
1757580027.016902 -0.061990 0.001717 0.002480 0.086785 -0.095942 -0.002098 0.210765 0.144770
1757580027.018939 -0.061990 0.001717 0.002480 0.086785 -0.095942 -0.002098 0.210765 0.144770
1757580027.020899 -0.061990 0.001717 0.002480 0.086785 -0.095942 -0.002098 0.210765 0.144770
1757580027.022885 -0.061990 0.001717 0.002480 0.086785 -0.095942 -0.002098 0.210765 0.144770
1757580027.024892 -0.061990 0.001717 0.002480 0.086785 -0.095942 -0.002098 0.210765 0.144770
1757580027.026914 -0.061990 0.001717 0.002480 0.086785 -0.095942 -0.002098 0.210765 0.144770
1757580027.028877 -0.061990 0.001717 0.002480 0.086785 -0.095942 -0.002098 0.210765 0.144770
1757580027.030894 -0.061990 0.001717 0.002480 0.086785 -0.095942 -0.002098 0.210765 0.144770
1757580027.032888 -0.061990 0.001717 0.002480 0.086785 -0.095942 -0.002098 0.210765 0.144770
1757580027.034895 -0.061990 0.001717 0.002480 0.086785 -0.095942 -0.002098 0.210765 0.144770
1757580027.036875 -0.061990 0.001717 0.002480 0.086785 -0.095942 -0.002098 0.210765 0.144770
1757580027.038877 -0.061990 0.001717 0.002480 0.086785 -0.095942 -0.002098 0.210765 0.144770
1757580027.040899 -0.061990 0.001717 0.002480 0.086785 -0.095942 -0.002098 0.210765 0.144770
1757580027.042880 -0.061990 0.001717 0.002480 0.086785 -0.095942 -0.002098 0.210765 0.144770
1757580027.044890 -0.061990 0.001717 0.002480 0.086785 -0.095942 -0.002098 0.210765 0.144770
1757580027.046897 -0.061990 0.001717 0.002480 0.086785 -0.095942 -0.002098 0.210765 0.144770
1757580027.048906 -0.061990 0.001717 0.002480 0.086785 -0.095942 -0.002098 0.210765 0.144770
1757580027.050948 -0.061990 0.001717 0.002480 0.086785 -0.095942 -0.002098 0.210765 0.144770
1757580027.052899 -0.061990 0.001717 0.002480 0.086785 -0.095942 -0.002098 0.210765 0.144770
1757580027.054943 -0.061990 0.001717 0.002480 0.086785 -0.095942 -0.002098 0.210765 0.144770
1757580027.056900 -0.061990 0.001717 0.002480 0.086785 -0.095942 -0.002098 0.210765 0.144770
1757580027.058892 -0.061990 0.001717 0.002480 0.086785 -0.095942 -0.002098 0.210765 0.144770
1757580027.060895 -0.061990 0.001717 0.002480 0.086785 -0.095942 -0.002098 0.210765 0.144770
1757580027.062891 -0.061990 0.001717 0.002480 0.086785 -0.095942 -0.002098 0.210765 0.144770
1757580027.064900 -0.061990 0.001717 0.002480 0.086785 -0.095942 -0.002098 0.210765 0.144770
1757580027.066916 -0.061990 0.001717 0.002480 0.086785 -0.095942 -0.002098 0.210765 0.144770
1757580027.068891 -0.061990 0.001717 0.002480 0.086785 -0.095942 -0.002098 0.210765 0.144770
1757580027.070888 -0.061990 0.001717 0.002480 0.086785 -0.095942 -0.002098 0.210765 0.144770
1757580027.072906 -0.061990 0.001717 0.002480 0.086785 -0.095942 -0.002098 0.210765 0.144770
1757580027.074889 -0.061990 0.001717 0.002480 0.086785 -0.095942 -0.002098 0.210765 0.144770
1757580027.076900 -0.061990 0.001717 0.002480 0.086785 -0.095942 -0.002098 0.210765 0.144770
1757580027.078891 -0.061990 0.001717 0.002480 0.086785 -0.095942 -0.002098 0.210765 0.144770
1757580027.080889 -0.061990 0.001717 0.002480 0.086785 -0.095942 -0.002098 0.210765 0.144770
1757580027.082910 -0.061990 0.001717 0.002480 0.086785 -0.095942 -0.002098 0.210765 0.144770
1757580027.084909 -0.061990 0.001717 0.002480 0.086785 -0.095942 -0.002098 0.210765 0.144770
1757580027.086922 -0.061990 0.001717 0.002480 0.086785 -0.095942 -0.002098 0.210765 0.144770
1757580027.088898 -0.061990 0.001717 0.002480 0.086785 -0.095942 -0.002098 0.210765 0.144770
1757580027.090892 -0.061990 0.001717 0.002480 0.086785 -0.095942 -0.002098 0.210765 0.144770
1757580027.092903 -0.061990 0.001717 0.002480 0.086785 -0.095942 -0.002098 0.210765 0.144770
1757580027.094891 -0.061990 0.001717 0.002480 0.086785 -0.095942 -0.002098 0.210765 0.144770
1757580027.096898 -0.061990 0.001717 0.002480 0.086785 -0.095942 -0.002098 0.210765 0.144770
1757580027.098886 -0.061990 0.001717 0.002480 0.086785 -0.095942 -0.002098 0.210765 0.144770
1757580027.100902 -0.061990 0.001717 0.002480 0.086785 -0.095942 -0.002098 0.210765 0.144770
1757580027.102892 -0.061990 0.001717 0.002480 0.086785 -0.095942 -0.002098 0.210765 0.144770
1757580027.104900 -0.061990 0.001717 0.002480 0.086785 -0.095942 -0.002098 0.210765 0.144770
1757580027.106887 -0.061990 0.001717 0.002480 0.086785 -0.095942 -0.002098 0.210765 0.144770
1757580027.108902 -0.061990 0.001717 0.002480 0.086785 -0.095942 -0.002098 0.210765 0.144770
1757580027.110890 -0.061990 0.001717 0.002480 0.086785 -0.095942 -0.002098 0.210765 0.144770
1757580027.112957 -0.061990 0.001717 0.002480 0.086785 -0.095942 -0.002098 0.210765 0.144770
1757580027.114896 -0.061990 0.001717 0.002480 0.086785 -0.095942 -0.002098 0.210765 0.144770
1757580027.116913 -0.061990 0.001717 0.002480 0.086785 -0.095942 -0.002098 0.210765 0.144770
1757580027.118895 -0.061990 0.001717 0.002480 0.086785 -0.095942 -0.002098 0.210765 0.144770
1757580027.120895 -0.061990 0.001717 0.002480 0.086785 -0.095942 -0.002098 0.210765 0.144770
1757580027.122887 -0.061990 0.001717 0.002480 0.086785 -0.095942 -0.002098 0.210765 0.144770
1757580027.124901 -0.061990 0.001717 0.002480 0.086785 -0.095942 -0.002098 0.210765 0.144770
1757580027.126888 -0.061990 0.001717 0.002480 0.086785 -0.095942 -0.002098 0.210765 0.144770
1757580027.128887 -0.061990 0.001717 0.002480 0.086785 -0.095942 -0.002098 0.210765 0.144770
1757580027.130896 -0.061990 0.001717 0.002480 0.086785 -0.095942 -0.002098 0.210765 0.144770
1757580027.132902 -0.061990 0.001717 0.002480 0.086785 -0.095942 -0.002098 0.210765 0.144770
1757580027.134890 -0.061990 0.001717 0.002480 0.086785 -0.095942 -0.002098 0.210765 0.144770
1757580027.136887 -0.061990 0.001717 0.002480 0.086785 -0.095942 -0.002098 0.210765 0.144770
1757580027.138888 -0.061990 0.001717 0.002480 0.086785 -0.095942 -0.002098 0.210765 0.144770
1757580027.140901 -0.061990 0.001717 0.002480 0.086785 -0.095942 -0.002098 0.210765 0.144770
1757580027.142889 -0.061990 0.001717 0.002480 0.086785 -0.095942 -0.002098 0.210765 0.144770
1757580027.144924 -0.061990 0.001717 0.002480 0.086785 -0.095942 -0.002098 0.210765 0.144770
1757580027.146959 -0.061990 0.001717 0.002480 0.086785 -0.095942 -0.002098 0.210765 0.144770
1757580027.148961 -0.061990 0.001717 0.002480 0.086785 -0.095942 -0.002098 0.210765 0.144770
1757580027.150923 -0.061990 0.001717 0.002480 0.086785 -0.095942 -0.002098 0.210765 0.144770
1757580027.152927 -0.061990 0.001717 0.002480 0.086785 -0.095942 -0.002098 0.210765 0.144770
1757580027.154923 -0.061990 0.001717 0.002480 0.086785 -0.095942 -0.002098 0.210765 0.144770
1757580027.156942 -0.061990 0.001717 0.002480 0.086785 -0.095942 -0.002098 0.210765 0.144770
1757580027.158932 -0.061990 0.001717 0.002480 0.086785 -0.095942 -0.002098 0.210765 0.144770
1757580027.160923 -0.061990 0.001717 0.002480 0.086785 -0.095942 -0.002098 0.210765 0.144770
1757580027.162920 -0.061990 0.001717 0.002480 0.086785 -0.095942 -0.002098 0.210765 0.144770
1757580027.164957 -0.061990 0.001717 0.002480 0.086785 -0.095942 -0.002098 0.210765 0.144770
1757580027.166928 -0.061990 0.001717 0.002480 0.086785 -0.095942 -0.002098 0.210765 0.144770
1757580027.168933 -0.061990 0.001717 0.002480 0.086785 -0.095942 -0.002098 0.210765 0.144770
1757580027.170922 -0.061990 0.001717 0.002480 0.086785 -0.095942 -0.002098 0.210765 0.144770
1757580027.172936 -0.061990 0.001717 0.002480 0.086785 -0.095942 -0.002098 0.210765 0.144770
1757580027.174954 -0.061990 0.001717 0.002480 0.086785 -0.095942 -0.002098 0.210765 0.144770
1757580027.176901 -0.061990 0.001717 0.002480 0.086785 -0.095942 -0.002098 0.210765 0.144770
1757580027.178892 -0.061990 0.001717 0.002480 0.086785 -0.095942 -0.002098 0.210765 0.144770
1757580027.180912 -0.061990 0.001717 0.002480 0.086785 -0.095942 -0.002098 0.210765 0.144770
1757580027.182890 -0.061990 0.001717 0.002480 0.086785 -0.095942 -0.002098 0.210765 0.144770
1757580027.184882 -0.061990 0.001717 0.002480 0.086785 -0.095942 -0.002098 0.210765 0.144770
1757580027.186890 -0.061990 0.001717 0.002480 0.086785 -0.095942 -0.002098 0.210765 0.144770
1757580027.188880 -0.061990 0.001717 0.002480 0.086785 -0.095942 -0.002098 0.210765 0.144770
1757580027.190888 -0.061990 0.001717 0.002480 0.086785 -0.095942 -0.002098 0.210765 0.144770
1757580027.192873 -0.061990 0.001717 0.002480 0.086785 -0.095942 -0.002098 0.210765 0.144770
1757580027.194890 -0.061990 0.001717 0.002480 0.086785 -0.095942 -0.002098 0.210765 0.144770
1757580027.196886 -0.061990 0.001717 0.002480 0.086785 -0.095942 -0.002098 0.210765 0.144770
1757580027.198887 -0.061990 0.001717 0.002480 0.086785 -0.095942 -0.002098 0.210765 0.144770
1757580027.200886 -0.061990 0.001717 0.002480 0.086785 -0.095942 -0.002098 0.210765 0.144770
1757580027.202889 -0.061990 0.001717 0.002480 0.086785 -0.095942 -0.002098 0.210765 0.144770
1757580027.204935 -0.061990 0.001717 0.002480 0.086785 -0.095942 -0.002098 0.210765 0.144770
1757580027.206902 -0.061990 0.001717 0.002480 0.086785 -0.095942 -0.002098 0.210765 0.144770
1757580027.208890 -0.061990 0.001717 0.002480 0.086785 -0.095942 -0.002098 0.210765 0.144770
1757580027.210890 -0.061990 0.001717 0.002480 0.086785 -0.095942 -0.002098 0.210765 0.144770
1757580027.212895 -0.061990 0.001717 0.002480 0.086785 -0.095942 -0.002098 0.210765 0.144770
1757580027.214892 -0.061990 0.001717 0.002480 0.086785 -0.095942 -0.002098 0.210765 0.144770
1757580027.216885 -0.061990 0.001717 0.002480 0.086785 -0.095942 -0.002098 0.210765 0.144770
1757580027.218924 -0.061990 0.001717 0.002480 0.086785 -0.095942 -0.002098 0.210765 0.144770
1757580027.220906 -0.061990 0.001717 0.002480 0.086785 -0.095942 -0.002098 0.210765 0.144770
1757580027.222889 -0.061990 0.001717 0.002480 0.086785 -0.095942 -0.002098 0.210765 0.144770
1757580027.224885 -0.061990 0.001717 0.002480 0.086785 -0.095942 -0.002098 0.210765 0.144770
1757580027.226891 -0.061990 0.001717 0.002480 0.086785 -0.095942 -0.002098 0.210765 0.144770
1757580027.228887 -0.061990 0.001717 0.002480 0.086785 -0.095942 -0.002098 0.210765 0.144770
1757580027.230889 -0.061990 0.001717 0.002480 0.086785 -0.095942 -0.002098 0.210765 0.144770
1757580027.232886 -0.061990 0.001717 0.002480 0.086785 -0.095942 -0.002098 0.210765 0.144770
1757580027.234890 -0.061990 0.001717 0.002480 0.086785 -0.095942 -0.002098 0.210765 0.144770
1757580027.236941 -0.061990 0.001717 0.002480 0.086785 -0.095942 -0.002098 0.210765 0.144770
1757580027.238896 -0.061990 0.001717 0.002480 0.086785 -0.095942 -0.002098 0.210765 0.144770
1757580027.240887 -0.061990 0.001717 0.002480 0.086785 -0.095942 -0.002098 0.210765 0.144770
1757580027.242892 -0.061990 0.001717 0.002480 0.086785 -0.095942 -0.002098 0.210765 0.144770
1757580027.244888 -0.061990 0.001717 0.002480 0.086785 -0.095942 -0.002098 0.210765 0.144770
1757580027.246886 -0.061990 0.001717 0.002480 0.086785 -0.095942 -0.002098 0.210765 0.144770
1757580027.248890 -0.061990 0.001717 0.002480 0.086785 -0.095942 -0.002098 0.210765 0.144770
1757580027.250887 -0.061990 0.001717 0.002480 0.086785 -0.095942 -0.002098 0.210765 0.144770
1757580027.252886 -0.061990 0.001717 0.002480 0.086785 -0.095942 -0.002098 0.210765 0.144770
1757580027.254899 -0.061990 0.001717 0.002480 0.086785 -0.095942 -0.002098 0.210765 0.144770
1757580027.256890 -0.061990 0.001717 0.002480 0.086785 -0.095942 -0.002098 0.210765 0.144770
1757580027.258896 -0.061990 0.001717 0.002480 0.086785 -0.095942 -0.002098 0.210765 0.144770
1757580027.260886 -0.061990 0.001717 0.002480 0.086785 -0.095942 -0.002098 0.210765 0.144770
1757580027.262887 -0.061990 0.001717 0.002480 0.086785 -0.095942 -0.002098 0.210765 0.144770
1757580027.264882 -0.061990 0.001717 0.002480 0.086785 -0.095942 -0.002098 0.210765 0.144770
1757580027.266890 -0.061990 0.001717 0.002480 0.086785 -0.095942 -0.002098 0.210765 0.144770
1757580027.268904 -0.061990 0.001717 0.002480 0.086785 -0.095942 -0.002098 0.210765 0.144770
1757580027.270894 -0.061990 0.001717 0.002480 0.086785 -0.095942 -0.002098 0.210765 0.144770
1757580027.272887 -0.061990 0.001717 0.002480 0.086785 -0.095942 -0.002098 0.210765 0.144770
1757580027.274903 -0.061990 0.001717 0.002480 0.086785 -0.095942 -0.002098 0.210765 0.144770
1757580027.276916 -0.061990 0.001717 0.002480 0.086785 -0.095942 -0.002098 0.210765 0.144770
1757580027.278888 -0.061990 0.001717 0.002480 0.086785 -0.095942 -0.002098 0.210765 0.144770
1757580027.280874 -0.061990 0.001717 0.002480 0.086785 -0.095942 -0.002098 0.210765 0.144770
1757580027.282891 -0.061990 0.001717 0.002480 0.086785 -0.095942 -0.002098 0.210765 0.144770
1757580027.284885 -0.061990 0.001717 0.002480 0.086785 -0.095942 -0.002098 0.210765 0.144770
1757580027.286898 -0.061990 0.001717 0.002480 0.086785 -0.095942 -0.002098 0.210765 0.144770
1757580027.288904 -0.061990 0.001717 0.002480 0.086785 -0.095942 -0.002098 0.210765 0.144770
1757580027.290893 -0.061990 0.001717 0.002480 0.086785 -0.095942 -0.002098 0.210765 0.144770
1757580027.292884 -0.061990 0.001717 0.002480 0.086785 -0.095942 -0.002098 0.210765 0.144770
1757580027.294892 -0.061990 0.001717 0.002480 0.086785 -0.095942 -0.002098 0.210765 0.144770
1757580027.296885 -0.061990 0.001717 0.002480 0.086785 -0.095942 -0.002098 0.210765 0.144770
1757580027.298928 -0.061990 0.001717 0.002480 0.086785 -0.095942 -0.002098 0.210765 0.144770
1757580027.300850 -0.061990 0.001717 0.002480 0.086785 -0.095942 -0.002098 0.210765 0.144770
1757580027.302851 -0.061990 0.001717 0.002480 0.086785 -0.095942 -0.002098 0.210765 0.144770
1757580027.304864 -0.061990 0.001717 0.002480 0.086785 -0.095942 -0.002098 0.210765 0.144770
1757580027.306850 -0.061990 0.001717 0.002480 0.086785 -0.095942 -0.002098 0.210765 0.144770
1757580027.308900 -0.061990 0.001717 0.002480 0.086785 -0.095942 -0.002098 0.210765 0.144770
1757580027.310840 -0.061990 0.001717 0.002480 0.086785 -0.095942 -0.002098 0.210765 0.144770
1757580027.312897 -0.061990 0.001717 0.002480 0.086785 -0.095942 -0.002098 0.210765 0.144770
1757580027.314832 -0.061990 0.001717 0.002480 0.086785 -0.095942 -0.002098 0.210765 0.144770
1757580027.316891 -0.061990 0.001717 0.002480 0.086785 -0.095942 -0.002098 0.210765 0.144770
1757580027.318836 -0.061990 0.001717 0.002480 0.086785 -0.095942 -0.002098 0.210765 0.144770
1757580027.320899 -0.061990 0.001717 0.002480 0.086785 -0.095942 -0.002098 0.210765 0.144770
1757580027.322835 -0.061990 0.001717 0.002480 0.086785 -0.095942 -0.002098 0.210765 0.144770
1757580027.324894 -0.061990 0.001717 0.002480 0.086785 -0.095942 -0.002098 0.210765 0.144770
1757580027.326838 -0.061990 0.001717 0.002480 0.086785 -0.095942 -0.002098 0.210765 0.144770
1757580027.328860 -0.061990 0.001717 0.002480 0.086785 -0.095942 -0.002098 0.210765 0.144770
1757580027.330857 -0.061990 0.001717 0.002480 0.086785 -0.095942 -0.002098 0.210765 0.144770
1757580027.332905 -0.061990 0.001717 0.002480 0.086785 -0.095942 -0.002098 0.210765 0.144770
1757580027.334846 -0.061990 0.001717 0.002480 0.086785 -0.095942 -0.002098 0.210765 0.144770
1757580027.336852 -0.061990 0.001717 0.002480 0.086785 -0.095942 -0.002098 0.210765 0.144770
1757580027.338905 -0.061990 0.001717 0.002480 0.086785 -0.095942 -0.002098 0.210765 0.144770
1757580027.340862 -0.061990 0.001717 0.002480 0.086785 -0.095942 -0.002098 0.210765 0.144770
1757580027.342867 -0.061990 0.001717 0.002480 0.086785 -0.095942 -0.002098 0.210765 0.144770
1757580027.344903 -0.061990 0.001717 0.002480 0.086785 -0.095942 -0.002098 0.210765 0.144770
1757580027.346866 -0.061990 0.001717 0.002480 0.086785 -0.095942 -0.002098 0.210765 0.144770
1757580027.348905 -0.061990 0.001717 0.002480 0.086785 -0.095942 -0.002098 0.210765 0.144770
1757580027.350888 -0.061990 0.001717 0.002480 0.086785 -0.095942 -0.002098 0.210765 0.144770
1757580027.352937 -0.061990 0.001717 0.002480 0.086785 -0.095942 -0.002098 0.210765 0.144770
1757580027.354891 -0.061990 0.001717 0.002480 0.086785 -0.095942 -0.002098 0.210765 0.144770
1757580027.356899 -0.061990 0.001717 0.002480 0.086785 -0.095942 -0.002098 0.210765 0.144770
1757580027.358895 -0.061990 0.001717 0.002480 0.086785 -0.095942 -0.002098 0.210765 0.144770
1757580027.360992 -0.061990 0.001717 0.002480 0.086785 -0.095942 -0.002098 0.210765 0.144770
1757580027.362933 -0.061990 0.001717 0.002480 0.086785 -0.095942 -0.002098 0.210765 0.144770
1757580027.364978 -0.061990 0.001717 0.002480 0.086785 -0.095942 -0.002098 0.210765 0.144770
1757580027.366944 -0.061990 0.001717 0.002480 0.086785 -0.095942 -0.002098 0.210765 0.144770
1757580027.368931 -0.061990 0.001717 0.002480 0.086785 -0.095942 -0.002098 0.210765 0.144770
1757580027.370946 -0.061990 0.001717 0.002480 0.086785 -0.095942 -0.002098 0.210765 0.144770
1757580027.372930 -0.061990 0.001717 0.002480 0.086785 -0.095942 -0.002098 0.210765 0.144770
1757580027.374937 -0.061990 0.001717 0.002480 0.086785 -0.095942 -0.002098 0.210765 0.144770
1757580027.376950 -0.061990 0.001717 0.002480 0.086785 -0.095942 -0.002098 0.210765 0.144770
1757580027.378935 -0.061990 0.001717 0.002480 0.086785 -0.095942 -0.002098 0.210765 0.144770
1757580027.380950 -0.061990 0.001717 0.002480 0.086785 -0.095942 -0.002098 0.210765 0.144770
1757580027.382930 -0.061990 0.001717 0.002480 0.086785 -0.095942 -0.002098 0.210765 0.144770
1757580027.384947 -0.061990 0.001717 0.002480 0.086785 -0.095942 -0.002098 0.210765 0.144770
1757580027.386937 -0.061990 0.001717 0.002480 0.086785 -0.095942 -0.002098 0.210765 0.144770
1757580027.388948 -0.061990 0.001717 0.002480 0.086785 -0.095942 -0.002098 0.210765 0.144770
1757580027.390926 -0.061990 0.001717 0.002480 0.086785 -0.095942 -0.002098 0.210765 0.144770
1757580027.392954 -0.061990 0.001717 0.002480 0.086785 -0.095942 -0.002098 0.210765 0.144770
1757580027.394956 -0.061990 0.001717 0.002480 0.086785 -0.095942 -0.002098 0.210765 0.144770
1757580027.396945 -0.061990 0.001717 0.002480 0.086785 -0.095942 -0.002098 0.210765 0.144770
1757580027.398973 -0.061990 0.001717 0.002480 0.086785 -0.095942 -0.002098 0.210765 0.144770
1757580027.400936 -0.061990 0.001717 0.002480 0.086785 -0.095942 -0.002098 0.210765 0.144770
1757580027.402938 -0.061990 0.001717 0.002480 0.086785 -0.095942 -0.002098 0.210765 0.144770
1757580027.404930 -0.061990 0.001717 0.002480 0.086785 -0.095942 -0.002098 0.210765 0.144770
1757580027.406933 -0.061990 0.001717 0.002480 0.086785 -0.095942 -0.002098 0.210765 0.144770
1757580027.408947 -0.061990 0.001717 0.002480 0.086785 -0.095942 -0.002098 0.210765 0.144770
1757580027.410935 -0.061990 0.001717 0.002480 0.086785 -0.095942 -0.002098 0.210765 0.144770
1757580027.412937 -0.061990 0.001717 0.002480 0.086785 -0.095942 -0.002098 0.210765 0.144770
1757580027.414927 -0.061990 0.001717 0.002480 0.086785 -0.095942 -0.002098 0.210765 0.144770
1757580027.416936 -0.061990 0.001717 0.002480 0.086785 -0.095942 -0.002098 0.210765 0.144770
1757580027.418933 -0.061990 0.001717 0.002480 0.086785 -0.095942 -0.002098 0.210765 0.144770
1757580027.420932 -0.061990 0.001717 0.002480 0.086785 -0.095942 -0.002098 0.210765 0.144770
1757580027.422987 -0.061990 0.001717 0.002480 0.086785 -0.095942 -0.002098 0.210765 0.144770
1757580027.424900 -0.061990 0.001717 0.002480 0.086785 -0.095942 -0.002098 0.210765 0.144770
1757580027.426968 -0.061990 0.001717 0.002480 0.086785 -0.095942 -0.002098 0.210765 0.144770
1757580027.428920 -0.061990 0.001717 0.002480 0.086785 -0.095942 -0.002098 0.210765 0.144770
1757580027.430923 -0.061990 0.001717 0.002480 0.086785 -0.095942 -0.002098 0.210765 0.144770
1757580027.432917 -0.061990 0.001717 0.002480 0.086785 -0.095942 -0.002098 0.210765 0.144770
1757580027.434898 -0.061990 0.001717 0.002480 0.086785 -0.095942 -0.002098 0.210765 0.144770
1757580027.436883 -0.061990 0.001717 0.002480 0.086785 -0.095942 -0.002098 0.210765 0.144770
1757580027.438889 -0.061990 0.001717 0.002480 0.086785 -0.095942 -0.002098 0.210765 0.144770
1757580027.440883 -0.061990 0.001717 0.002480 0.086785 -0.095942 -0.002098 0.210765 0.144770
1757580027.442889 -0.061990 0.001717 0.002480 0.086785 -0.095942 -0.002098 0.210765 0.144770
1757580027.444884 -0.061990 0.001717 0.002480 0.086785 -0.095942 -0.002098 0.210765 0.144770
1757580027.446888 -0.061990 0.001717 0.002480 0.086785 -0.095942 -0.002098 0.210765 0.144770
1757580027.448878 -0.061990 0.001717 0.002480 0.086785 -0.095942 -0.002098 0.210765 0.144770
1757580027.450959 -0.061990 0.001717 0.002480 0.086785 -0.095942 -0.002098 0.210765 0.144770
1757580027.452896 -0.061990 0.001717 0.002480 0.086785 -0.095942 -0.002098 0.210765 0.144770
1757580027.454901 -0.061990 0.001717 0.002480 0.086785 -0.095942 -0.002098 0.210765 0.144770
1757580027.456883 -0.061990 0.001717 0.002480 0.086785 -0.095942 -0.002098 0.210765 0.144770
1757580027.458970 -0.061990 0.001717 0.002480 0.086785 -0.095942 -0.002098 0.210765 0.144770
1757580027.460932 -0.061990 0.001717 0.002480 0.086785 -0.095942 -0.002098 0.210765 0.144770
1757580027.462888 -0.061990 0.001717 0.002480 0.086785 -0.095942 -0.002098 0.210765 0.144770
1757580027.464886 -0.061990 0.001717 0.002480 0.086785 -0.095942 -0.002098 0.210765 0.144770
1757580027.466944 -0.061990 0.001717 0.002480 0.086785 -0.095942 -0.002098 0.210765 0.144770
1757580027.468882 -0.061990 0.001717 0.002480 0.086785 -0.095942 -0.002098 0.210765 0.144770
1757580027.470883 -0.061990 0.001717 0.002480 0.086785 -0.095942 -0.002098 0.210765 0.144770
1757580027.472880 -0.061990 0.001717 0.002480 0.086785 -0.095942 -0.002098 0.210765 0.144770
1757580027.474952 -0.061990 0.001717 0.002480 0.086785 -0.095942 -0.002098 0.210765 0.144770
1757580027.476887 -0.061990 0.001717 0.002480 0.086785 -0.095942 -0.002098 0.210765 0.144770
1757580027.478885 -0.061990 0.001717 0.002480 0.086785 -0.095942 -0.002098 0.210765 0.144770
1757580027.480880 -0.061990 0.001717 0.002480 0.086785 -0.095942 -0.002098 0.210765 0.144770
1757580027.482877 -0.061990 0.001717 0.002480 0.086785 -0.095942 -0.002098 0.210765 0.144770
1757580027.484880 -0.061990 0.001717 0.002480 0.086785 -0.095942 -0.002098 0.210765 0.144770
1757580027.486879 -0.061990 0.001717 0.002480 0.086785 -0.095942 -0.002098 0.210765 0.144770
1757580027.488881 -0.061990 0.001717 0.002480 0.086785 -0.095942 -0.002098 0.210765 0.144770
1757580027.490875 -0.061990 0.001717 0.002480 0.086785 -0.095942 -0.002098 0.210765 0.144770
1757580027.492920 -0.061990 0.001717 0.002480 0.086785 -0.095942 -0.002098 0.210765 0.144770
1757580027.494877 -0.061990 0.001717 0.002480 0.086785 -0.095942 -0.002098 0.210765 0.144770
1757580027.496883 -0.061990 0.001717 0.002480 0.086785 -0.095942 -0.002098 0.210765 0.144770
1757580027.498876 -0.061990 0.001717 0.002480 0.086785 -0.095942 -0.002098 0.210765 0.144770
1757580027.500886 -0.061990 0.001717 0.002480 0.086785 -0.095942 -0.002098 0.210765 0.144770
1757580027.502882 -0.061990 0.001717 0.002480 0.086785 -0.095942 -0.002098 0.210765 0.144770
1757580027.504879 -0.061990 0.001717 0.002480 0.086785 -0.095942 -0.002098 0.210765 0.144770
1757580027.506879 -0.061990 0.001717 0.002480 0.086785 -0.095942 -0.002098 0.210765 0.144770
1757580027.508884 -0.061990 0.001717 0.002480 0.086785 -0.095942 -0.002098 0.210765 0.144770
1757580027.510889 -0.061990 0.001717 0.002480 0.086785 -0.095942 -0.002098 0.210765 0.144770
1757580027.512879 -0.061990 0.001717 0.002480 0.086785 -0.095942 -0.002098 0.210765 0.144770
1757580027.514931 -0.061990 0.001717 0.002480 0.086785 -0.095942 -0.002098 0.210765 0.144770
1757580027.516892 -0.061990 0.001717 0.002480 0.086785 -0.095942 -0.002098 0.210765 0.144770
1757580027.518884 -0.061990 0.001717 0.002480 0.086785 -0.095942 -0.002098 0.210765 0.144770
1757580027.520895 -0.061990 0.001717 0.002480 0.086785 -0.095942 -0.002098 0.210765 0.144770
1757580027.522880 -0.061990 0.001717 0.002480 0.086785 -0.095942 -0.002098 0.210765 0.144770
1757580027.524882 -0.061990 0.001717 0.002480 0.086785 -0.095942 -0.002098 0.210765 0.144770
1757580027.526916 -0.061990 0.001717 0.002480 0.086785 -0.095942 -0.002098 0.210765 0.144770
1757580027.528880 -0.061990 0.001717 0.002480 0.086785 -0.095942 -0.002098 0.210765 0.144770
1757580027.530881 -0.061990 0.001717 0.002480 0.086785 -0.095942 -0.002098 0.210765 0.144770
1757580027.532883 -0.061990 0.001717 0.002480 0.086785 -0.095942 -0.002098 0.210765 0.144770
1757580027.534904 -0.061990 0.001717 0.002480 0.086785 -0.095942 -0.002098 0.210765 0.144770
1757580027.536882 -0.061990 0.001717 0.002480 0.086785 -0.095942 -0.002098 0.210765 0.144770
1757580027.538881 -0.061990 0.001717 0.002480 0.086785 -0.095942 -0.002098 0.210765 0.144770
1757580027.540881 -0.061990 0.001717 0.002480 0.086785 -0.095942 -0.002098 0.210765 0.144770
1757580027.542880 -0.061990 0.001717 0.002480 0.086785 -0.095942 -0.002098 0.210765 0.144770
1757580027.544883 -0.061990 0.001717 0.002480 0.086785 -0.095942 -0.002098 0.210765 0.144770
1757580027.546938 -0.061990 0.001717 0.002480 0.086785 -0.095942 -0.002098 0.210765 0.144770
1757580027.548890 -0.061990 0.001717 0.002480 0.086785 -0.095942 -0.002098 0.210765 0.144770
1757580027.550878 -0.061990 0.001717 0.002480 0.086785 -0.095942 -0.002098 0.210765 0.144770
1757580027.552893 -0.061990 0.001717 0.002480 0.086785 -0.095942 -0.002098 0.210765 0.144770
1757580027.554889 -0.061990 0.001717 0.002480 0.086785 -0.095942 -0.002098 0.210765 0.144770
1757580027.556884 -0.061990 0.001717 0.002480 0.086785 -0.095942 -0.002098 0.210765 0.144770
1757580027.558899 -0.061990 0.001717 0.002480 0.086785 -0.095942 -0.002098 0.210765 0.144770
1757580027.560896 -0.061990 0.001717 0.002480 0.086785 -0.095942 -0.002098 0.210765 0.144770
1757580027.562907 -0.061990 0.001717 0.002480 0.086785 -0.095942 -0.002098 0.210765 0.144770
1757580027.564881 -0.061990 0.001717 0.002480 0.086785 -0.095942 -0.002098 0.210765 0.144770
1757580027.566879 -0.061990 0.001717 0.002480 0.086785 -0.095942 -0.002098 0.210765 0.144770
1757580027.568896 -0.061990 0.001717 0.002480 0.086785 -0.095942 -0.002098 0.210765 0.144770
1757580027.570880 -0.061990 0.001717 0.002480 0.086785 -0.095942 -0.002098 0.210765 0.144770
1757580027.572881 -0.061990 0.001717 0.002480 0.086785 -0.095942 -0.002098 0.210765 0.144770
1757580027.574879 -0.061990 0.001717 0.002480 0.086785 -0.095942 -0.002098 0.210765 0.144770
1757580027.576920 -0.061990 0.001717 0.002480 0.086785 -0.095942 -0.002098 0.210765 0.144770
1757580027.578902 -0.061990 0.001717 0.002480 0.086785 -0.095942 -0.002098 0.210765 0.144770
1757580027.580897 -0.061990 0.001717 0.002480 0.086785 -0.095942 -0.002098 0.210765 0.144770
1757580027.582883 -0.061990 0.001717 0.002480 0.086785 -0.095942 -0.002098 0.210765 0.144770
1757580027.584883 -0.061990 0.001717 0.002480 0.086785 -0.095942 -0.002098 0.210765 0.144770
1757580027.586883 -0.061990 0.001717 0.002480 0.086785 -0.095942 -0.002098 0.210765 0.144770
1757580027.588900 -0.061990 0.001717 0.002480 0.086785 -0.095942 -0.002098 0.210765 0.144770
1757580027.590882 -0.061990 0.001717 0.002480 0.086785 -0.095942 -0.002098 0.210765 0.144770
1757580027.592885 -0.061990 0.001717 0.002480 0.086785 -0.095942 -0.002098 0.210765 0.144770
1757580027.594880 -0.061990 0.001717 0.002480 0.086785 -0.095942 -0.002098 0.210765 0.144770
1757580027.596904 -0.061990 0.001717 0.002480 0.086785 -0.095942 -0.002098 0.210765 0.144770
1757580027.598889 -0.061990 0.001717 0.002480 0.086785 -0.095942 -0.002098 0.210765 0.144770
1757580027.600881 -0.061990 0.001717 0.002480 0.086785 -0.095942 -0.002098 0.210765 0.144770
1757580027.602881 -0.061990 0.001717 0.002480 0.086785 -0.095942 -0.002098 0.210765 0.144770
1757580027.604897 -0.061990 0.001717 0.002480 0.086785 -0.095942 -0.002098 0.210765 0.144770
1757580027.606879 -0.061990 0.001717 0.002480 0.086785 -0.095942 -0.002098 0.210765 0.144770
1757580027.609003 -0.061990 0.001717 0.002480 0.086785 -0.095942 -0.002098 0.210765 0.144770
1757580027.610900 -0.061990 0.001717 0.002480 0.086785 -0.095942 -0.002098 0.210765 0.144770
1757580027.612906 -0.061990 0.001717 0.002480 0.086785 -0.095942 -0.002098 0.210765 0.144770
1757580027.614913 -0.061990 0.001717 0.002480 0.086785 -0.095942 -0.002098 0.210765 0.144770
1757580027.616890 -0.061990 0.001717 0.002480 0.086785 -0.095942 -0.002098 0.210765 0.144770
1757580027.618887 -0.061990 0.001717 0.002480 0.086785 -0.095942 -0.002098 0.210765 0.144770
1757580027.620948 -0.061990 0.001717 0.002480 0.086785 -0.095942 -0.002098 0.210765 0.144770
1757580027.622914 -0.061990 0.001717 0.002480 0.086785 -0.095942 -0.002098 0.210765 0.144770
1757580027.624916 -0.061990 0.001717 0.002480 0.086785 -0.095942 -0.002098 0.210765 0.144770
1757580027.626914 -0.061990 0.001717 0.002480 0.086785 -0.095942 -0.002098 0.210765 0.144770
1757580027.628920 -0.061990 0.001717 0.002480 0.086785 -0.095942 -0.002098 0.210765 0.144770
1757580027.630918 -0.061990 0.001717 0.002480 0.086785 -0.095942 -0.002098 0.210765 0.144770
1757580027.632920 -0.061990 0.001717 0.002480 0.086785 -0.095942 -0.002098 0.210765 0.144770
1757580027.634918 -0.061990 0.001717 0.002480 0.086785 -0.095942 -0.002098 0.210765 0.144770
1757580027.636925 -0.061990 0.001717 0.002480 0.086785 -0.095942 -0.002098 0.210765 0.144770
1757580027.638958 -0.061990 0.001717 0.002480 0.086785 -0.095942 -0.002098 0.210765 0.144770
1757580027.640946 -0.061990 0.001717 0.002480 0.086785 -0.095942 -0.002098 0.210765 0.144770
1757580027.642927 -0.061990 0.001717 0.002480 0.086785 -0.095942 -0.002098 0.210765 0.144770
1757580027.644886 -0.061990 0.001717 0.002480 0.086785 -0.095942 -0.002098 0.210765 0.144770
1757580027.646902 -0.061990 0.001717 0.002480 0.086785 -0.095942 -0.002098 0.210765 0.144770
1757580027.648918 -0.061990 0.001717 0.002480 0.086785 -0.095942 -0.002098 0.210765 0.144770
1757580027.650882 -0.061990 0.001717 0.002480 0.086785 -0.095942 -0.002098 0.210765 0.144770
1757580027.652884 -0.061990 0.001717 0.002480 0.086785 -0.095942 -0.002098 0.210765 0.144770
1757580027.654880 -0.061990 0.001717 0.002480 0.086785 -0.095942 -0.002098 0.210765 0.144770
1757580027.656885 -0.061990 0.001717 0.002480 0.086785 -0.095942 -0.002098 0.210765 0.144770
1757580027.658874 -0.061990 0.001717 0.002480 0.086785 -0.095942 -0.002098 0.210765 0.144770
1757580027.660893 -0.061990 0.001717 0.002480 0.086785 -0.095942 -0.002098 0.210765 0.144770
1757580027.662881 -0.061990 0.001717 0.002480 0.086785 -0.095942 -0.002098 0.210765 0.144770
1757580027.664886 -0.061990 0.001717 0.002480 0.086785 -0.095942 -0.002098 0.210765 0.144770
1757580027.666880 -0.061990 0.001717 0.002480 0.086785 -0.095942 -0.002098 0.210765 0.144770
1757580027.668888 -0.061990 0.001717 0.002480 0.086785 -0.095942 -0.002098 0.210765 0.144770
1757580027.670912 -0.061990 0.001717 0.002480 0.086785 -0.095942 -0.002098 0.210765 0.144770
1757580027.672884 -0.061990 0.001717 0.002480 0.086785 -0.095942 -0.002098 0.210765 0.144770
1757580027.674883 -0.061990 0.001717 0.002480 0.086785 -0.095942 -0.002098 0.210765 0.144770
1757580027.676955 -0.061990 0.001717 0.002480 0.086785 -0.095942 -0.002098 0.210765 0.144770
1757580027.678883 -0.061990 0.001717 0.002480 0.086785 -0.095942 -0.002098 0.210765 0.144770
1757580027.680900 -0.061990 0.001717 0.002480 0.086785 -0.095942 -0.002098 0.210765 0.144770
1757580027.682885 -0.061990 0.001717 0.002480 0.086785 -0.095942 -0.002098 0.210765 0.144770
1757580027.684882 -0.061990 0.001717 0.002480 0.086785 -0.095942 -0.002098 0.210765 0.144770
1757580027.686880 -0.061990 0.001717 0.002480 0.086785 -0.095942 -0.002098 0.210765 0.144770
1757580027.688923 -0.061990 0.001717 0.002480 0.086785 -0.095942 -0.002098 0.210765 0.144770
1757580027.690882 -0.061990 0.001717 0.002480 0.086785 -0.095942 -0.002098 0.210765 0.144770
1757580027.692877 -0.061990 0.001717 0.002480 0.086785 -0.095942 -0.002098 0.210765 0.144770
1757580027.694877 -0.061990 0.001717 0.002480 0.086785 -0.095942 -0.002098 0.210765 0.144770
1757580027.696962 -0.061990 0.001717 0.002480 0.086785 -0.095942 -0.002098 0.210765 0.144770
1757580027.698882 -0.061990 0.001717 0.002480 0.086785 -0.095942 -0.002098 0.210765 0.144770
1757580027.700895 -0.061990 0.001717 0.002480 0.086785 -0.095942 -0.002098 0.210765 0.144770
1757580027.702902 -0.061990 0.001717 0.002480 0.086785 -0.095942 -0.002098 0.210765 0.144770
1757580027.704924 -0.061990 0.001717 0.002480 0.086785 -0.095942 -0.002098 0.210765 0.144770
1757580027.706878 -0.061990 0.001717 0.002480 0.086785 -0.095942 -0.002098 0.210765 0.144770
1757580027.708880 -0.061990 0.001717 0.002480 0.086785 -0.095942 -0.002098 0.210765 0.144770
1757580027.710884 -0.061990 0.001717 0.002480 0.086785 -0.095942 -0.002098 0.210765 0.144770
1757580027.712874 -0.061990 0.001717 0.002480 0.086785 -0.095942 -0.002098 0.210765 0.144770
1757580027.714881 -0.061990 0.001717 0.002480 0.086785 -0.095942 -0.002098 0.210765 0.144770
1757580027.716875 -0.061990 0.001717 0.002480 0.086785 -0.095942 -0.002098 0.210765 0.144770
1757580027.718880 -0.061990 0.001717 0.002480 0.086785 -0.095942 -0.002098 0.210765 0.144770
1757580027.720871 -0.061990 0.001717 0.002480 0.086785 -0.095942 -0.002098 0.210765 0.144770
1757580027.722883 -0.061990 0.001717 0.002480 0.086785 -0.095942 -0.002098 0.210765 0.144770
1757580027.724875 -0.061990 0.001717 0.002480 0.086785 -0.095942 -0.002098 0.210765 0.144770
1757580027.726884 -0.061990 0.001717 0.002480 0.086785 -0.095942 -0.002098 0.210765 0.144770
1757580027.728879 -0.061990 0.001717 0.002480 0.086785 -0.095942 -0.002098 0.210765 0.144770
1757580027.730876 -0.061990 0.001717 0.002480 0.086785 -0.095942 -0.002098 0.210765 0.144770
1757580027.732917 -0.061990 0.001717 0.002480 0.086785 -0.095942 -0.002098 0.210765 0.144770
1757580027.734886 -0.061990 0.001717 0.002480 0.086785 -0.095942 -0.002098 0.210765 0.144770
1757580027.736934 -0.061990 0.001717 0.002480 0.086785 -0.095942 -0.002098 0.210765 0.144770
1757580027.738882 -0.061990 0.001717 0.002480 0.086785 -0.095942 -0.002098 0.210765 0.144770
1757580027.740885 -0.061990 0.001717 0.002480 0.086785 -0.095942 -0.002098 0.210765 0.144770
1757580027.742883 -0.061990 0.001717 0.002480 0.086785 -0.095942 -0.002098 0.210765 0.144770
1757580027.744880 -0.061990 0.001717 0.002480 0.086785 -0.095942 -0.002098 0.210765 0.144770
1757580027.746882 -0.061990 0.001717 0.002480 0.086785 -0.095942 -0.002098 0.210765 0.144770
1757580027.748884 -0.061990 0.001717 0.002480 0.086785 -0.095942 -0.002098 0.210765 0.144770
1757580027.750882 -0.061990 0.001717 0.002480 0.086785 -0.095942 -0.002098 0.210765 0.144770
1757580027.752877 -0.061990 0.001717 0.002480 0.086785 -0.095942 -0.002098 0.210765 0.144770
1757580027.754883 -0.061990 0.001717 0.002480 0.086785 -0.095942 -0.002098 0.210765 0.144770
1757580027.756885 -0.061990 0.001717 0.002480 0.086785 -0.095942 -0.002098 0.210765 0.144770
1757580027.758880 -0.061990 0.001717 0.002480 0.086785 -0.095942 -0.002098 0.210765 0.144770
1757580027.760876 -0.061990 0.001717 0.002480 0.086785 -0.095942 -0.002098 0.210765 0.144770
1757580027.762878 -0.061990 0.001717 0.002480 0.086785 -0.095942 -0.002098 0.210765 0.144770
1757580027.764898 -0.061990 0.001717 0.002480 0.086785 -0.095942 -0.002098 0.210765 0.144770
1757580027.766884 -0.061990 0.001717 0.002480 0.086785 -0.095942 -0.002098 0.210765 0.144770
1757580027.768884 -0.061990 0.001717 0.002480 0.086785 -0.095942 -0.002098 0.210765 0.144770
1757580027.770883 -0.061990 0.001717 0.002480 0.086785 -0.095942 -0.002098 0.210765 0.144770
1757580027.772875 -0.061990 0.001717 0.002480 0.086785 -0.095942 -0.002098 0.210765 0.144770
1757580027.774880 -0.061990 0.001717 0.002480 0.086785 -0.095942 -0.002098 0.210765 0.144770
1757580027.776900 -0.061990 0.001717 0.002480 0.086785 -0.095942 -0.002098 0.210765 0.144770
1757580027.778893 -0.061990 0.001717 0.002480 0.086785 -0.095942 -0.002098 0.210765 0.144770
1757580027.780880 -0.061990 0.001717 0.002480 0.086785 -0.095942 -0.002098 0.210765 0.144770
1757580027.782888 -0.061990 0.001717 0.002480 0.086785 -0.095942 -0.002098 0.210765 0.144770
1757580027.784880 -0.061990 0.001717 0.002480 0.086785 -0.095942 -0.002098 0.210765 0.144770
1757580027.786916 -0.061990 0.001717 0.002480 0.086785 -0.095942 -0.002098 0.210765 0.144770
1757580027.788902 -0.061990 0.001717 0.002480 0.086785 -0.095942 -0.002098 0.210765 0.144770
1757580027.790891 -0.061990 0.001717 0.002480 0.086785 -0.095942 -0.002098 0.210765 0.144770
1757580027.792886 -0.061990 0.001717 0.002480 0.086785 -0.095942 -0.002098 0.210765 0.144770
1757580027.794913 -0.061990 0.001717 0.002480 0.086785 -0.095942 -0.002098 0.210765 0.144770
1757580027.796892 -0.061990 0.001717 0.002480 0.086785 -0.095942 -0.002098 0.210765 0.144770
1757580027.798897 -0.061990 0.001717 0.002480 0.086785 -0.095942 -0.002098 0.210765 0.144770
1757580027.800878 -0.061990 0.001717 0.002480 0.086785 -0.095942 -0.002098 0.210765 0.144770
1757580027.802883 -0.061990 0.001717 0.002480 0.086785 -0.095942 -0.002098 0.210765 0.144770
1757580027.804875 -0.061990 0.001717 0.002480 0.086785 -0.095942 -0.002098 0.210765 0.144770
1757580027.806890 -0.061990 0.001717 0.002480 0.086785 -0.095942 -0.002098 0.210765 0.144770
1757580027.808874 -0.061990 0.001717 0.002480 0.086785 -0.095942 -0.002098 0.210765 0.144770
1757580027.810879 -0.061990 0.001717 0.002480 0.086785 -0.095942 -0.002098 0.210765 0.144770
1757580027.812880 -0.061990 0.001717 0.002480 0.086785 -0.095942 -0.002098 0.210765 0.144770
1757580027.814886 -0.061990 0.001717 0.002480 0.086785 -0.095942 -0.002098 0.210765 0.144770
1757580027.816879 -0.061990 0.001717 0.002480 0.086785 -0.095942 -0.002098 0.210765 0.144770
1757580027.818879 -0.061990 0.001717 0.002480 0.086785 -0.095942 -0.002098 0.210765 0.144770
1757580027.820876 -0.061990 0.001717 0.002480 0.086785 -0.095942 -0.002098 0.210765 0.144770
1757580027.822889 -0.061990 0.001717 0.002480 0.086785 -0.095942 -0.002098 0.210765 0.144770
1757580027.824877 -0.061990 0.001717 0.002480 0.086785 -0.095942 -0.002098 0.210765 0.144770
1757580027.826925 -0.061990 0.001717 0.002480 0.086785 -0.095942 -0.002098 0.210765 0.144770
1757580027.828879 -0.061990 0.001717 0.002480 0.086785 -0.095942 -0.002098 0.210765 0.144770
1757580027.830893 -0.061990 0.001717 0.002480 0.086785 -0.095942 -0.002098 0.210765 0.144770
1757580027.832873 -0.061990 0.001717 0.002480 0.086785 -0.095942 -0.002098 0.210765 0.144770
1757580027.834897 -0.061990 0.001717 0.002480 0.086785 -0.095942 -0.002098 0.210765 0.144770
1757580027.836874 -0.061990 0.001717 0.002480 0.086785 -0.095942 -0.002098 0.210765 0.144770
1757580027.838885 -0.061990 0.001717 0.002480 0.086785 -0.095942 -0.002098 0.210765 0.144770
1757580027.840913 -0.061990 0.001717 0.002480 0.086785 -0.095942 -0.002098 0.210765 0.144770
1757580027.842888 -0.061990 0.001717 0.002480 0.086785 -0.095942 -0.002098 0.210765 0.144770
1757580027.844877 -0.061990 0.001717 0.002480 0.086785 -0.095942 -0.002098 0.210765 0.144770
1757580027.846890 -0.061990 0.001717 0.002480 0.086785 -0.095942 -0.002098 0.210765 0.144770
1757580027.848900 -0.061990 0.001717 0.002480 0.086785 -0.095942 -0.002098 0.210765 0.144770
1757580027.850886 -0.061990 0.001717 0.002480 0.086785 -0.095942 -0.002098 0.210765 0.144770
1757580027.852923 -0.061990 0.001717 0.002480 0.086785 -0.095942 -0.002098 0.210765 0.144770
1757580027.854889 -0.061990 0.001717 0.002480 0.086785 -0.095942 -0.002098 0.210765 0.144770
1757580027.856908 -0.061990 0.001717 0.002480 0.086785 -0.095942 -0.002098 0.210765 0.144770
1757580027.858888 -0.061990 0.001717 0.002480 0.086785 -0.095942 -0.002098 0.210765 0.144770
1757580027.860879 -0.061990 0.001717 0.002480 0.086785 -0.095942 -0.002098 0.210765 0.144770
1757580027.862888 -0.061990 0.001717 0.002480 0.086785 -0.095942 -0.002098 0.210765 0.144770
1757580027.864883 -0.061990 0.001717 0.002480 0.086785 -0.095942 -0.002098 0.210765 0.144770
1757580027.866880 -0.061990 0.001717 0.002480 0.086785 -0.095942 -0.002098 0.210765 0.144770
1757580027.868875 -0.061990 0.001717 0.002480 0.086785 -0.095942 -0.002098 0.210765 0.144770
1757580027.870913 -0.061990 0.001717 0.002480 0.086785 -0.095942 -0.002098 0.210765 0.144770
1757580027.872879 -0.061990 0.001717 0.002480 0.086785 -0.095942 -0.002098 0.210765 0.144770
1757580027.874896 -0.061990 0.001717 0.002480 0.086785 -0.095942 -0.002098 0.210765 0.144770
1757580027.876895 -0.061990 0.001717 0.002480 0.086785 -0.095942 -0.002098 0.210765 0.144770
1757580027.878886 -0.061990 0.001717 0.002480 0.086785 -0.095942 -0.002098 0.210765 0.144770
1757580027.880894 -0.061990 0.001717 0.002480 0.086785 -0.095942 -0.002098 0.210765 0.144770
1757580027.882880 -0.061990 0.001717 0.002480 0.086785 -0.095942 -0.002098 0.210765 0.144770
1757580027.884900 -0.061990 0.001717 0.002480 0.086785 -0.095942 -0.002098 0.210765 0.144770
1757580027.886865 -0.061990 0.001717 0.002480 0.086785 -0.095942 -0.002098 0.210765 0.144770
1757580027.888911 -0.061990 0.001717 0.002480 0.086785 -0.095942 -0.002098 0.210765 0.144770
1757580027.890881 -0.061990 0.001717 0.002480 0.086785 -0.095942 -0.002098 0.210765 0.144770
1757580027.892873 -0.061990 0.001717 0.002480 0.086785 -0.095942 -0.002098 0.210765 0.144770
1757580027.894881 -0.061990 0.001717 0.002480 0.086785 -0.095942 -0.002098 0.210765 0.144770
1757580027.896878 -0.061990 0.001717 0.002480 0.086785 -0.095942 -0.002098 0.210765 0.144770
1757580027.898890 -0.061990 0.001717 0.002480 0.086785 -0.095942 -0.002098 0.210765 0.144770
1757580027.900880 -0.061990 0.001717 0.002480 0.086785 -0.095942 -0.002098 0.210765 0.144770
1757580027.902877 -0.061990 0.001717 0.002480 0.086785 -0.095942 -0.002098 0.210765 0.144770
1757580027.904883 -0.061990 0.001717 0.002480 0.086785 -0.095942 -0.002098 0.210765 0.144770
1757580027.906892 -0.061990 0.001717 0.002480 0.086785 -0.095942 -0.002098 0.210765 0.144770
1757580027.908892 -0.061990 0.001717 0.002480 0.086785 -0.095942 -0.002098 0.210765 0.144770
1757580027.910878 -0.061990 0.001717 0.002480 0.086785 -0.095942 -0.002098 0.210765 0.144770
1757580027.912879 -0.061990 0.001717 0.002480 0.086785 -0.095942 -0.002098 0.210765 0.144770
1757580027.914905 -0.061990 0.001717 0.002480 0.086785 -0.095942 -0.002098 0.210765 0.144770
1757580027.916872 -0.061990 0.001717 0.002480 0.086785 -0.095942 -0.002098 0.210765 0.144770
1757580027.918923 -0.061990 0.001717 0.002480 0.086785 -0.095942 -0.002098 0.210765 0.144770
1757580027.920933 -0.061990 0.001717 0.002480 0.086785 -0.095942 -0.002098 0.210765 0.144770
1757580027.922943 -0.061990 0.001717 0.002480 0.086785 -0.095942 -0.002098 0.210765 0.144770
1757580027.924876 -0.061990 0.001717 0.002480 0.086785 -0.095942 -0.002098 0.210765 0.144770
1757580027.926896 -0.061990 0.001717 0.002480 0.086785 -0.095942 -0.002098 0.210765 0.144770
1757580027.928866 -0.061990 0.001717 0.002480 0.086785 -0.095942 -0.002098 0.210765 0.144770
1757580027.930940 -0.061990 0.001717 0.002480 0.086785 -0.095942 -0.002098 0.210765 0.144770
1757580027.932878 -0.061990 0.001717 0.002480 0.086785 -0.095942 -0.002098 0.210765 0.144770
1757580027.934879 -0.061990 0.001717 0.002480 0.086785 -0.095942 -0.002098 0.210765 0.144770
1757580027.936873 -0.061990 0.001717 0.002480 0.086785 -0.095942 -0.002098 0.210765 0.144770
1757580027.938969 -0.061990 0.001717 0.002480 0.086785 -0.095942 -0.002098 0.210765 0.144770
1757580027.940878 -0.061990 0.001717 0.002480 0.086785 -0.095942 -0.002098 0.210765 0.144770
1757580027.942871 -0.061990 0.001717 0.002480 0.086785 -0.095942 -0.002098 0.210765 0.144770
1757580027.944873 -0.061990 0.001717 0.002480 0.086785 -0.095942 -0.002098 0.210765 0.144770
1757580027.946938 -0.061990 0.001717 0.002480 0.086785 -0.095942 -0.002098 0.210765 0.144770
1757580027.948873 -0.061990 0.001717 0.002480 0.086785 -0.095942 -0.002098 0.210765 0.144770
1757580027.950937 -0.061990 0.001717 0.002480 0.086785 -0.095942 -0.002098 0.210765 0.144770
1757580027.952878 -0.061990 0.001717 0.002480 0.086785 -0.095942 -0.002098 0.210765 0.144770
1757580027.954869 -0.061990 0.001717 0.002480 0.086785 -0.095942 -0.002098 0.210765 0.144770
1757580027.956871 -0.061990 0.001717 0.002480 0.086785 -0.095942 -0.002098 0.210765 0.144770
1757580027.958866 -0.061990 0.001717 0.002480 0.086785 -0.095942 -0.002098 0.210765 0.144770
1757580027.960862 -0.061990 0.001717 0.002480 0.086785 -0.095942 -0.002098 0.210765 0.144770
1757580027.962875 -0.061990 0.001717 0.002480 0.086785 -0.095942 -0.002098 0.210765 0.144770
1757580027.964877 -0.061990 0.001717 0.002480 0.086785 -0.095942 -0.002098 0.210765 0.144770
1757580027.966874 -0.061990 0.001717 0.002480 0.086785 -0.095942 -0.002098 0.210765 0.144770
1757580027.968864 -0.061990 0.001717 0.002480 0.086785 -0.095942 -0.002098 0.210765 0.144770
1757580027.970863 -0.061990 0.001717 0.002480 0.086785 -0.095942 -0.002098 0.210765 0.144770
1757580027.972871 -0.061990 0.001717 0.002480 0.086785 -0.095942 -0.002098 0.210765 0.144770
1757580027.974873 -0.061990 0.001717 0.002480 0.086785 -0.095942 -0.002098 0.210765 0.144770
1757580027.976864 -0.061990 0.001717 0.002480 0.086785 -0.095942 -0.002098 0.210765 0.144770
1757580027.978865 -0.061990 0.001717 0.002480 0.086785 -0.095942 -0.002098 0.210765 0.144770
1757580027.980871 -0.061990 0.001717 0.002480 0.086785 -0.095942 -0.002098 0.210765 0.144770
1757580027.982876 -0.061990 0.001717 0.002480 0.086785 -0.095942 -0.002098 0.210765 0.144770
1757580027.984871 -0.061990 0.001717 0.002480 0.086785 -0.095942 -0.002098 0.210765 0.144770
1757580027.986864 -0.061990 0.001717 0.002480 0.086785 -0.095942 -0.002098 0.210765 0.144770
1757580027.988863 -0.061990 0.001717 0.002480 0.086785 -0.095942 -0.002098 0.210765 0.144770
1757580027.990862 -0.061990 0.001717 0.002480 0.086785 -0.095942 -0.002098 0.210765 0.144770
1757580027.992875 -0.061990 0.001717 0.002480 0.086785 -0.095942 -0.002098 0.210765 0.144770
1757580027.994864 -0.061990 0.001717 0.002480 0.086785 -0.095942 -0.002098 0.210765 0.144770
1757580027.996862 -0.061990 0.001717 0.002480 0.086785 -0.095942 -0.002098 0.210765 0.144770
1757580027.998869 -0.061990 0.001717 0.002480 0.086785 -0.095942 -0.002098 0.210765 0.144770
1757580028.000872 -0.061990 0.001717 0.002480 0.086785 -0.095942 -0.002098 0.210765 0.144770
1757580028.002864 -0.061990 0.001717 0.002480 0.086785 -0.095942 -0.002098 0.210765 0.144770
1757580028.004861 -0.061990 0.001717 0.002480 0.086785 -0.095942 -0.002098 0.210765 0.144770
1757580028.006867 -0.061990 0.001717 0.002480 0.086785 -0.095942 -0.002098 0.210765 0.144770
1757580028.008871 -0.061990 0.001717 0.002480 0.086785 -0.095942 -0.002098 0.210765 0.144770
1757580028.010861 -0.061990 0.001717 0.002480 0.086785 -0.095942 -0.002098 0.210765 0.144770
1757580028.012939 -0.061990 0.001717 0.002480 0.086785 -0.095942 -0.002098 0.210765 0.144770
1757580028.014856 -0.061990 0.001717 0.002480 0.086785 -0.095942 -0.002098 0.210765 0.144770
1757580028.016882 -0.061990 0.001717 0.002480 0.086785 -0.095942 -0.002098 0.210765 0.144770
1757580028.018881 -0.061990 0.001717 0.002480 0.086785 -0.095942 -0.002098 0.210765 0.144770
1757580028.020875 -0.061990 0.001717 0.002480 0.086785 -0.095942 -0.002098 0.210765 0.144770
1757580028.022871 -0.061990 0.001717 0.002480 0.086785 -0.095942 -0.002098 0.210765 0.144770
1757580028.024876 -0.061990 0.001717 0.002480 0.086785 -0.095942 -0.002098 0.210765 0.144770
1757580028.026885 -0.061990 0.001717 0.002480 0.086785 -0.095942 -0.002098 0.210765 0.144770
1757580028.028864 -0.061990 0.001717 0.002480 0.086785 -0.095942 -0.002098 0.210765 0.144770
1757580028.030884 -0.061990 0.001717 0.002480 0.086785 -0.095942 -0.002098 0.210765 0.144770
1757580028.032900 -0.061990 0.001717 0.002480 0.086785 -0.095942 -0.002098 0.210765 0.144770
1757580028.034898 -0.061990 0.001717 0.002480 0.086785 -0.095942 -0.002098 0.210765 0.144770
1757580028.036891 -0.061990 0.001717 0.002480 0.086785 -0.095942 -0.002098 0.210765 0.144770
1757580028.038861 -0.061990 0.001717 0.002480 0.086785 -0.095942 -0.002098 0.210765 0.144770
1757580028.040878 -0.061990 0.001717 0.002480 0.086785 -0.095942 -0.002098 0.210765 0.144770
1757580028.042885 -0.061990 0.001717 0.002480 0.086785 -0.095942 -0.002098 0.210765 0.144770
1757580028.044893 -0.061990 0.001717 0.002480 0.086785 -0.095942 -0.002098 0.210765 0.144770
1757580028.046890 -0.061990 0.001717 0.002480 0.086785 -0.095942 -0.002098 0.210765 0.144770
1757580028.048894 -0.061990 0.001717 0.002480 0.086785 -0.095942 -0.002098 0.210765 0.144770
1757580028.050877 -0.061990 0.001717 0.002480 0.086785 -0.095942 -0.002098 0.210765 0.144770
1757580028.052875 -0.061990 0.001717 0.002480 0.086785 -0.095942 -0.002098 0.210765 0.144770
1757580028.054864 -0.061990 0.001717 0.002480 0.086785 -0.095942 -0.002098 0.210765 0.144770
1757580028.056890 -0.061990 0.001717 0.002480 0.086785 -0.095942 -0.002098 0.210765 0.144770
1757580028.058874 -0.061990 0.001717 0.002480 0.086785 -0.095942 -0.002098 0.210765 0.144770
1757580028.060871 -0.061990 0.001717 0.002480 0.086785 -0.095942 -0.002098 0.210765 0.144770
1757580028.062888 -0.061990 0.001717 0.002480 0.086785 -0.095942 -0.002098 0.210765 0.144770
1757580028.064889 -0.061990 0.001717 0.002480 0.086785 -0.095942 -0.002098 0.210765 0.144770
1757580028.066922 -0.061990 0.001717 0.002480 0.086785 -0.095942 -0.002098 0.210765 0.144770
1757580028.068890 -0.061990 0.001717 0.002480 0.086785 -0.095942 -0.002098 0.210765 0.144770
1757580028.070865 -0.061990 0.001717 0.002480 0.086785 -0.095942 -0.002098 0.210765 0.144770
1757580028.072888 -0.061990 0.001717 0.002480 0.086785 -0.095942 -0.002098 0.210765 0.144770
1757580028.074916 -0.061990 0.001717 0.002480 0.086785 -0.095942 -0.002098 0.210765 0.144770
1757580028.076875 -0.061990 0.001717 0.002480 0.086785 -0.095942 -0.002098 0.210765 0.144770
1757580028.078867 -0.061990 0.001717 0.002480 0.086785 -0.095942 -0.002098 0.210765 0.144770
1757580028.080899 -0.061990 0.001717 0.002480 0.086785 -0.095942 -0.002098 0.210765 0.144770
1757580028.082873 -0.061990 0.001717 0.002480 0.086785 -0.095942 -0.002098 0.210765 0.144770
1757580028.084896 -0.061990 0.001717 0.002480 0.086785 -0.095942 -0.002098 0.210765 0.144770
1757580028.086866 -0.061990 0.001717 0.002480 0.086785 -0.095942 -0.002098 0.210765 0.144770
1757580028.088872 -0.061990 0.001717 0.002480 0.086785 -0.095942 -0.002098 0.210765 0.144770
1757580028.090871 -0.061990 0.001717 0.002480 0.086785 -0.095942 -0.002098 0.210765 0.144770
1757580028.092892 -0.061990 0.001717 0.002480 0.086785 -0.095942 -0.002098 0.210765 0.144770
1757580028.094871 -0.061990 0.001717 0.002480 0.086785 -0.095942 -0.002098 0.210765 0.144770
1757580028.096872 -0.061990 0.001717 0.002480 0.086785 -0.095942 -0.002098 0.210765 0.144770
1757580028.098864 -0.061990 0.001717 0.002480 0.086785 -0.095942 -0.002098 0.210765 0.144770
1757580028.100888 -0.061990 0.001717 0.002480 0.086785 -0.095942 -0.002098 0.210765 0.144770
1757580028.102874 -0.061990 0.001717 0.002480 0.086785 -0.095942 -0.002098 0.210765 0.144770
1757580028.104874 -0.061990 0.001717 0.002480 0.086785 -0.095942 -0.002098 0.210765 0.144770
1757580028.106896 -0.061990 0.001717 0.002480 0.086785 -0.095942 -0.002098 0.210765 0.144770
1757580028.108896 -0.061990 0.001717 0.002480 0.086785 -0.095942 -0.002098 0.210765 0.144770
1757580028.110872 -0.061990 0.001717 0.002480 0.086785 -0.095942 -0.002098 0.210765 0.144770
1757580028.112871 -0.061990 0.001717 0.002480 0.086785 -0.095942 -0.002098 0.210765 0.144770
1757580028.114863 -0.061990 0.001717 0.002480 0.086785 -0.095942 -0.002098 0.210765 0.144770
1757580028.116889 -0.061990 0.001717 0.002480 0.086785 -0.095942 -0.002098 0.210765 0.144770
1757580028.118889 -0.061990 0.001717 0.002480 0.086785 -0.095942 -0.002098 0.210765 0.144770
1757580028.120874 -0.061990 0.001717 0.002480 0.086785 -0.095942 -0.002098 0.210765 0.144770
1757580028.122863 -0.061990 0.001717 0.002480 0.086785 -0.095942 -0.002098 0.210765 0.144770
1757580028.124890 -0.061990 0.001717 0.002480 0.086785 -0.095942 -0.002098 0.210765 0.144770
1757580028.126873 -0.061990 0.001717 0.002480 0.086785 -0.095942 -0.002098 0.210765 0.144770
1757580028.128870 -0.061990 0.001717 0.002480 0.086785 -0.095942 -0.002098 0.210765 0.144770
1757580028.130869 -0.061990 0.001717 0.002480 0.086785 -0.095942 -0.002098 0.210765 0.144770
1757580028.132884 -0.061990 0.001717 0.002480 0.086785 -0.095942 -0.002098 0.210765 0.144770
1757580028.134861 -0.061990 0.001717 0.002480 0.086785 -0.095942 -0.002098 0.210765 0.144770
1757580028.136921 -0.061990 0.001717 0.002480 0.086785 -0.095942 -0.002098 0.210765 0.144770
1757580028.138873 -0.061990 0.001717 0.002480 0.086785 -0.095942 -0.002098 0.210765 0.144770
1757580028.140945 -0.061990 0.001717 0.002480 0.086785 -0.095942 -0.002098 0.210765 0.144770
1757580028.142920 -0.061990 0.001717 0.002480 0.086785 -0.095942 -0.002098 0.210765 0.144770
1757580028.144906 -0.061990 0.001717 0.002480 0.086785 -0.095942 -0.002098 0.210765 0.144770
1757580028.146910 -0.061990 0.001717 0.002480 0.086785 -0.095942 -0.002098 0.210765 0.144770
1757580028.148970 -0.061990 0.001717 0.002480 0.086785 -0.095942 -0.002098 0.210765 0.144770
1757580028.150877 -0.061990 0.001717 0.002480 0.086785 -0.095942 -0.002098 0.210765 0.144770
1757580028.152869 -0.061990 0.001717 0.002480 0.086785 -0.095942 -0.002098 0.210765 0.144770
1757580028.154871 -0.061990 0.001717 0.002480 0.086785 -0.095942 -0.002098 0.210765 0.144770
1757580028.156917 -0.061990 0.001717 0.002480 0.086785 -0.095942 -0.002098 0.210765 0.144770
1757580028.158885 -0.061990 0.001717 0.002480 0.086785 -0.095942 -0.002098 0.210765 0.144770
1757580028.160872 -0.061990 0.001717 0.002480 0.086785 -0.095942 -0.002098 0.210765 0.144770
1757580028.162870 -0.061990 0.001717 0.002480 0.086785 -0.095942 -0.002098 0.210765 0.144770
1757580028.164921 -0.061990 0.001717 0.002480 0.086785 -0.095942 -0.002098 0.210765 0.144770
1757580028.166876 -0.061990 0.001717 0.002480 0.086785 -0.095942 -0.002098 0.210765 0.144770
1757580028.168892 -0.061990 0.001717 0.002480 0.086785 -0.095942 -0.002098 0.210765 0.144770
1757580028.170879 -0.061990 0.001717 0.002480 0.086785 -0.095942 -0.002098 0.210765 0.144770
1757580028.172915 -0.061990 0.001717 0.002480 0.086785 -0.095942 -0.002098 0.210765 0.144770
1757580028.174874 -0.061990 0.001717 0.002480 0.086785 -0.095942 -0.002098 0.210765 0.144770
1757580028.176862 -0.061990 0.001717 0.002480 0.086785 -0.095942 -0.002098 0.210765 0.144770
1757580028.178858 -0.061990 0.001717 0.002480 0.086785 -0.095942 -0.002098 0.210765 0.144770
1757580028.180859 -0.061990 0.001717 0.002480 0.086785 -0.095942 -0.002098 0.210765 0.144770
1757580028.182878 -0.061990 0.001717 0.002480 0.086785 -0.095942 -0.002098 0.210765 0.144770
1757580028.184861 -0.061990 0.001717 0.002480 0.086785 -0.095942 -0.002098 0.210765 0.144770
1757580028.186876 -0.061990 0.001717 0.002480 0.086785 -0.095942 -0.002098 0.210765 0.144770
1757580028.188862 -0.061990 0.001717 0.002480 0.086785 -0.095942 -0.002098 0.210765 0.144770
1757580028.190861 -0.061990 0.001717 0.002480 0.086785 -0.095942 -0.002098 0.210765 0.144770
1757580028.192861 -0.061990 0.001717 0.002480 0.086785 -0.095942 -0.002098 0.210765 0.144770
1757580028.194877 -0.061990 0.001717 0.002480 0.086785 -0.095942 -0.002098 0.210765 0.144770
1757580028.196860 -0.061990 0.001717 0.002480 0.086785 -0.095942 -0.002098 0.210765 0.144770
1757580028.198903 -0.061990 0.001717 0.002480 0.086785 -0.095942 -0.002098 0.210765 0.144770
1757580028.200872 -0.061990 0.001717 0.002480 0.086785 -0.095942 -0.002098 0.210765 0.144770
1757580028.202886 -0.061990 0.001717 0.002480 0.086785 -0.095942 -0.002098 0.210765 0.144770
1757580028.204870 -0.061990 0.001717 0.002480 0.086785 -0.095942 -0.002098 0.210765 0.144770
1757580028.206868 -0.061990 0.001717 0.002480 0.086785 -0.095942 -0.002098 0.210765 0.144770
1757580028.208859 -0.061990 0.001717 0.002480 0.086785 -0.095942 -0.002098 0.210765 0.144770
1757580028.210865 -0.061990 0.001717 0.002480 0.086785 -0.095942 -0.002098 0.210765 0.144770
1757580028.212866 -0.061990 0.001717 0.002480 0.086785 -0.095942 -0.002098 0.210765 0.144770
1757580028.214869 -0.061990 0.001717 0.002480 0.086785 -0.095942 -0.002098 0.210765 0.144770
1757580028.216862 -0.061990 0.001717 0.002480 0.086785 -0.095942 -0.002098 0.210765 0.144770
1757580028.218873 -0.061990 0.001717 0.002480 0.086785 -0.095942 -0.002098 0.210765 0.144770
1757580028.220868 -0.061990 0.001717 0.002480 0.086785 -0.095942 -0.002098 0.210765 0.144770
1757580028.222859 -0.061990 0.001717 0.002480 0.086785 -0.095942 -0.002098 0.210765 0.144770
1757580028.224859 -0.061990 0.001717 0.002480 0.086785 -0.095942 -0.002098 0.210765 0.144770
1757580028.226876 -0.061990 0.001717 0.002480 0.086785 -0.095942 -0.002098 0.210765 0.144770
1757580028.228925 -0.061990 0.001717 0.002480 0.086785 -0.095942 -0.002098 0.210765 0.144770
1757580028.230897 -0.061990 0.001717 0.002480 0.086785 -0.095942 -0.002098 0.210765 0.144770
1757580028.232893 -0.061990 0.001717 0.002480 0.086785 -0.095942 -0.002098 0.210765 0.144770
1757580028.234897 -0.061990 0.001717 0.002480 0.086785 -0.095942 -0.002098 0.210765 0.144770
1757580028.236869 -0.061990 0.001717 0.002480 0.086785 -0.095942 -0.002098 0.210765 0.144770
1757580028.238872 -0.061990 0.001717 0.002480 0.086785 -0.095942 -0.002098 0.210765 0.144770
1757580028.240867 -0.061990 0.001717 0.002480 0.086785 -0.095942 -0.002098 0.210765 0.144770
1757580028.242872 -0.061990 0.001717 0.002480 0.086785 -0.095942 -0.002098 0.210765 0.144770
1757580028.244867 -0.061990 0.001717 0.002480 0.086785 -0.095942 -0.002098 0.210765 0.144770
1757580028.246872 -0.061990 0.001717 0.002480 0.086785 -0.095942 -0.002098 0.210765 0.144770
1757580028.248870 -0.061990 0.001717 0.002480 0.086785 -0.095942 -0.002098 0.210765 0.144770
1757580028.250879 -0.061990 0.001717 0.002480 0.086785 -0.095942 -0.002098 0.210765 0.144770
1757580028.252870 -0.061990 0.001717 0.002480 0.086785 -0.095942 -0.002098 0.210765 0.144770
1757580028.254870 -0.061990 0.001717 0.002480 0.086785 -0.095942 -0.002098 0.210765 0.144770
1757580028.256869 -0.061990 0.001717 0.002480 0.086785 -0.095942 -0.002098 0.210765 0.144770
1757580028.258877 -0.061990 0.001717 0.002480 0.086785 -0.095942 -0.002098 0.210765 0.144770
1757580028.260930 -0.061990 0.001717 0.002480 0.086785 -0.095942 -0.002098 0.210765 0.144770
1757580028.262878 -0.061990 0.001717 0.002480 0.086785 -0.095942 -0.002098 0.210765 0.144770
1757580028.264868 -0.061990 0.001717 0.002480 0.086785 -0.095942 -0.002098 0.210765 0.144770
1757580028.266879 -0.061990 0.001717 0.002480 0.086785 -0.095942 -0.002098 0.210765 0.144770
1757580028.268874 -0.061990 0.001717 0.002480 0.086785 -0.095942 -0.002098 0.210765 0.144770
1757580028.270872 -0.061990 0.001717 0.002480 0.086785 -0.095942 -0.002098 0.210765 0.144770
1757580028.272867 -0.061990 0.001717 0.002480 0.086785 -0.095942 -0.002098 0.210765 0.144770
1757580028.274878 -0.061990 0.001717 0.002480 0.086785 -0.095942 -0.002098 0.210765 0.144770
1757580028.276881 -0.061990 0.001717 0.002480 0.086785 -0.095942 -0.002098 0.210765 0.144770
1757580028.278868 -0.061990 0.001717 0.002480 0.086785 -0.095942 -0.002098 0.210765 0.144770
1757580028.280867 -0.061990 0.001717 0.002480 0.086785 -0.095942 -0.002098 0.210765 0.144770
1757580028.282877 -0.061990 0.001717 0.002480 0.086785 -0.095942 -0.002098 0.210765 0.144770
1757580028.284869 -0.061990 0.001717 0.002480 0.086785 -0.095942 -0.002098 0.210765 0.144770
1757580028.286879 -0.061990 0.001717 0.002480 0.086785 -0.095942 -0.002098 0.210765 0.144770
1757580028.288876 -0.061990 0.001717 0.002480 0.086785 -0.095942 -0.002098 0.210765 0.144770
1757580028.290871 -0.061990 0.001717 0.002480 0.086785 -0.095942 -0.002098 0.210765 0.144770
1757580028.292896 -0.061990 0.001717 0.002480 0.086785 -0.095942 -0.002098 0.210765 0.144770
1757580028.294878 -0.061990 0.001717 0.002480 0.086785 -0.095942 -0.002098 0.210765 0.144770
1757580028.296870 -0.061990 0.001717 0.002480 0.086785 -0.095942 -0.002098 0.210765 0.144770
1757580028.298873 -0.061990 0.001717 0.002480 0.086785 -0.095942 -0.002098 0.210765 0.144770
1757580028.300867 -0.061990 0.001717 0.002480 0.086785 -0.095942 -0.002098 0.210765 0.144770
1757580028.302878 -0.061990 0.001717 0.002480 0.086785 -0.095942 -0.002098 0.210765 0.144770
1757580028.304874 -0.061990 0.001717 0.002480 0.086785 -0.095942 -0.002098 0.210765 0.144770
1757580028.306872 -0.061990 0.001717 0.002480 0.086785 -0.095942 -0.002098 0.210765 0.144770
1757580028.308866 -0.061990 0.001717 0.002480 0.086785 -0.095942 -0.002098 0.210765 0.144770
1757580028.310878 -0.061990 0.001717 0.002480 0.086785 -0.095942 -0.002098 0.210765 0.144770
1757580028.312853 -0.061990 0.001717 0.002480 0.086785 -0.095942 -0.002098 0.210765 0.144770
1757580028.314914 -0.061990 0.001717 0.002480 0.086785 -0.095942 -0.002098 0.210765 0.144770
1757580028.316892 -0.061990 0.001717 0.002480 0.086785 -0.095942 -0.002098 0.210765 0.144770
1757580028.318886 -0.061990 0.001717 0.002480 0.086785 -0.095942 -0.002098 0.210765 0.144770
1757580028.320867 -0.061990 0.001717 0.002480 0.086785 -0.095942 -0.002098 0.210765 0.144770
1757580028.322944 -0.061990 0.001717 0.002480 0.086785 -0.095942 -0.002098 0.210765 0.144770
1757580028.324872 -0.061990 0.001717 0.002480 0.086785 -0.095942 -0.002098 0.210765 0.144770
1757580028.326877 -0.061990 0.001717 0.002480 0.086785 -0.095942 -0.002098 0.210765 0.144770
1757580028.328864 -0.061990 0.001717 0.002480 0.086785 -0.095942 -0.002098 0.210765 0.144770
1757580028.330874 -0.061990 0.001717 0.002480 0.086785 -0.095942 -0.002098 0.210765 0.144770
1757580028.332858 -0.061990 0.001717 0.002480 0.086785 -0.095942 -0.002098 0.210765 0.144770
1757580028.334877 -0.061990 0.001717 0.002480 0.086785 -0.095942 -0.002098 0.210765 0.144770
1757580028.336863 -0.061990 0.001717 0.002480 0.086785 -0.095942 -0.002098 0.210765 0.144770
1757580028.338863 -0.061990 0.001717 0.002480 0.086785 -0.095942 -0.002098 0.210765 0.144770
1757580028.340867 -0.061990 0.001717 0.002480 0.086785 -0.095942 -0.002098 0.210765 0.144770
1757580028.342881 -0.061990 0.001717 0.002480 0.086785 -0.095942 -0.002098 0.210765 0.144770
1757580028.344860 -0.061990 0.001717 0.002480 0.086785 -0.095942 -0.002098 0.210765 0.144770
1757580028.346869 -0.061990 0.001717 0.002480 0.086785 -0.095942 -0.002098 0.210765 0.144770
1757580028.348857 -0.061990 0.001717 0.002480 0.086785 -0.095942 -0.002098 0.210765 0.144770
1757580028.350919 -0.061990 0.001717 0.002480 0.086785 -0.095942 -0.002098 0.210765 0.144770
1757580028.352871 -0.061990 0.001717 0.002480 0.086785 -0.095942 -0.002098 0.210765 0.144770
1757580028.354894 -0.061990 0.001717 0.002480 0.086785 -0.095942 -0.002098 0.210765 0.144770
1757580028.356872 -0.061990 0.001717 0.002480 0.086785 -0.095942 -0.002098 0.210765 0.144770
1757580028.358912 -0.061990 0.001717 0.002480 0.086785 -0.095942 -0.002098 0.210765 0.144770
1757580028.360871 -0.061990 0.001717 0.002480 0.086785 -0.095942 -0.002098 0.210765 0.144770
1757580028.362889 -0.061990 0.001717 0.002480 0.086785 -0.095942 -0.002098 0.210765 0.144770
1757580028.364867 -0.061990 0.001717 0.002480 0.086785 -0.095942 -0.002098 0.210765 0.144770
1757580028.366982 -0.061990 0.001717 0.002480 0.086785 -0.095942 -0.002098 0.210765 0.144770
1757580028.368866 -0.061990 0.001717 0.002480 0.086785 -0.095942 -0.002098 0.210765 0.144770
1757580028.370887 -0.061990 0.001717 0.002480 0.086785 -0.095942 -0.002098 0.210765 0.144770
1757580028.372885 -0.061990 0.001717 0.002480 0.086785 -0.095942 -0.002098 0.210765 0.144770
1757580028.374982 -0.061990 0.001717 0.002480 0.086785 -0.095942 -0.002098 0.210765 0.144770
1757580028.376874 -0.061990 0.001717 0.002480 0.086785 -0.095942 -0.002098 0.210765 0.144770
1757580028.378930 -0.061990 0.001717 0.002480 0.086785 -0.095942 -0.002098 0.210765 0.144770
1757580028.380876 -0.061990 0.001717 0.002480 0.086785 -0.095942 -0.002098 0.210765 0.144770
1757580028.382903 -0.061990 0.001717 0.002480 0.086785 -0.095942 -0.002098 0.210765 0.144770
1757580028.384985 -0.061990 0.001717 0.002480 0.086785 -0.095942 -0.002098 0.210765 0.144770
1757580028.386890 -0.061990 0.001717 0.002480 0.086785 -0.095942 -0.002098 0.210765 0.144770
1757580028.388881 -0.061990 0.001717 0.002480 0.086785 -0.095942 -0.002098 0.210765 0.144770
1757580028.390884 -0.061990 0.001717 0.002480 0.086785 -0.095942 -0.002098 0.210765 0.144770
1757580028.392880 -0.061990 0.001717 0.002480 0.086785 -0.095942 -0.002098 0.210765 0.144770
1757580028.394867 -0.061990 0.001717 0.002480 0.086785 -0.095942 -0.002098 0.210765 0.144770
1757580028.396872 -0.061990 0.001717 0.002480 0.086785 -0.095942 -0.002098 0.210765 0.144770
1757580028.398872 -0.061990 0.001717 0.002480 0.086785 -0.095942 -0.002098 0.210765 0.144770
1757580028.400869 -0.061990 0.001717 0.002480 0.086785 -0.095942 -0.002098 0.210765 0.144770
1757580028.402883 -0.061990 0.001717 0.002480 0.086785 -0.095942 -0.002098 0.210765 0.144770
1757580028.404869 -0.061990 0.001717 0.002480 0.086785 -0.095942 -0.002098 0.210765 0.144770
1757580028.406879 -0.061990 0.001717 0.002480 0.086785 -0.095942 -0.002098 0.210765 0.144770
1757580028.408880 -0.061990 0.001717 0.002480 0.086785 -0.095942 -0.002098 0.210765 0.144770
1757580028.410874 -0.061990 0.001717 0.002480 0.086785 -0.095942 -0.002098 0.210765 0.144770
1757580028.412868 -0.061990 0.001717 0.002480 0.086785 -0.095942 -0.002098 0.210765 0.144770
1757580028.414869 -0.061990 0.001717 0.002480 0.086785 -0.095942 -0.002098 0.210765 0.144770
1757580028.416897 -0.061990 0.001717 0.002480 0.086785 -0.095942 -0.002098 0.210765 0.144770
1757580028.418878 -0.061990 0.001717 0.002480 0.086785 -0.095942 -0.002098 0.210765 0.144770
1757580028.420874 -0.061990 0.001717 0.002480 0.086785 -0.095942 -0.002098 0.210765 0.144770
1757580028.422879 -0.061990 0.001717 0.002480 0.086785 -0.095942 -0.002098 0.210765 0.144770
1757580028.424850 -0.061990 0.001717 0.002480 0.086785 -0.095942 -0.002098 0.210765 0.144770
1757580028.426867 -0.061990 0.001717 0.002480 0.086785 -0.095942 -0.002098 0.210765 0.144770
1757580028.428867 -0.061990 0.001717 0.002480 0.086785 -0.095942 -0.002098 0.210765 0.144770
1757580028.430875 -0.061990 0.001717 0.002480 0.086785 -0.095942 -0.002098 0.210765 0.144770
1757580028.432870 -0.061990 0.001717 0.002480 0.086785 -0.095942 -0.002098 0.210765 0.144770
1757580028.434866 -0.061990 0.001717 0.002480 0.086785 -0.095942 -0.002098 0.210765 0.144770
1757580028.436871 -0.061990 0.001717 0.002480 0.086785 -0.095942 -0.002098 0.210765 0.144770
1757580028.438869 -0.061990 0.001717 0.002480 0.086785 -0.095942 -0.002098 0.210765 0.144770
1757580028.440870 -0.061990 0.001717 0.002480 0.086785 -0.095942 -0.002098 0.210765 0.144770
1757580028.442865 -0.061990 0.001717 0.002480 0.086785 -0.095942 -0.002098 0.210765 0.144770
1757580028.444926 -0.061990 0.001717 0.002480 0.086785 -0.095942 -0.002098 0.210765 0.144770
1757580028.446935 -0.061990 0.001717 0.002480 0.086785 -0.095942 -0.002098 0.210765 0.144770
1757580028.448919 -0.061990 0.001717 0.002480 0.086785 -0.095942 -0.002098 0.210765 0.144770
1757580028.450958 -0.061990 0.001717 0.002480 0.086785 -0.095942 -0.002098 0.210765 0.144770
1757580028.452933 -0.061990 0.001717 0.002480 0.086785 -0.095942 -0.002098 0.210765 0.144770
1757580028.454906 -0.061990 0.001717 0.002480 0.086785 -0.095942 -0.002098 0.210765 0.144770
1757580028.456910 -0.061990 0.001717 0.002480 0.086785 -0.095942 -0.002098 0.210765 0.144770
1757580028.458921 -0.061990 0.001717 0.002480 0.086785 -0.095942 -0.002098 0.210765 0.144770
1757580028.460930 -0.061990 0.001717 0.002480 0.086785 -0.095942 -0.002098 0.210765 0.144770
1757580028.462903 -0.061990 0.001717 0.002480 0.086785 -0.095942 -0.002098 0.210765 0.144770
1757580028.464870 -0.061990 0.001717 0.002480 0.086785 -0.095942 -0.002098 0.210765 0.144770
1757580028.466870 -0.061990 0.001717 0.002480 0.086785 -0.095942 -0.002098 0.210765 0.144770
1757580028.468882 -0.061990 0.001717 0.002480 0.086785 -0.095942 -0.002098 0.210765 0.144770
1757580028.470867 -0.061990 0.001717 0.002480 0.086785 -0.095942 -0.002098 0.210765 0.144770
1757580028.472867 -0.061990 0.001717 0.002480 0.086785 -0.095942 -0.002098 0.210765 0.144770
1757580028.474865 -0.061990 0.001717 0.002480 0.086785 -0.095942 -0.002098 0.210765 0.144770
1757580028.476926 -0.061990 0.001717 0.002480 0.086785 -0.095942 -0.002098 0.210765 0.144770
1757580028.478895 -0.061990 0.001717 0.002480 0.086785 -0.095942 -0.002098 0.210765 0.144770
1757580028.480885 -0.061990 0.001717 0.002480 0.086785 -0.095942 -0.002098 0.210765 0.144770
1757580028.482889 -0.061990 0.001717 0.002480 0.086785 -0.095942 -0.002098 0.210765 0.144770
1757580028.484868 -0.061990 0.001717 0.002480 0.086785 -0.095942 -0.002098 0.210765 0.144770
1757580028.486865 -0.061990 0.001717 0.002480 0.086785 -0.095942 -0.002098 0.210765 0.144770
1757580028.488883 -0.061990 0.001717 0.002480 0.086785 -0.095942 -0.002098 0.210765 0.144770
1757580028.490866 -0.061990 0.001717 0.002480 0.086785 -0.095942 -0.002098 0.210765 0.144770
1757580028.492872 -0.061990 0.001717 0.002480 0.086785 -0.095942 -0.002098 0.210765 0.144770
1757580028.494865 -0.061990 0.001717 0.002480 0.086785 -0.095942 -0.002098 0.210765 0.144770
1757580028.496878 -0.061990 0.001717 0.002480 0.086785 -0.095942 -0.002098 0.210765 0.144770
1757580028.498869 -0.061990 0.001717 0.002480 0.086785 -0.095942 -0.002098 0.210765 0.144770
1757580028.500868 -0.061990 0.001717 0.002480 0.086785 -0.095942 -0.002098 0.210765 0.144770
1757580028.502865 -0.061990 0.001717 0.002480 0.086785 -0.095942 -0.002098 0.210765 0.144770
1757580028.504879 -0.061990 0.001717 0.002480 0.086785 -0.095942 -0.002098 0.210765 0.144770
1757580028.506867 -0.061990 0.001717 0.002480 0.086785 -0.095942 -0.002098 0.210765 0.144770
1757580028.508906 -0.061990 0.001717 0.002480 0.086785 -0.095942 -0.002098 0.210765 0.144770
1757580028.510891 -0.061990 0.001717 0.002480 0.086785 -0.095942 -0.002098 0.210765 0.144770
1757580028.512877 -0.061990 0.001717 0.002480 0.086785 -0.095942 -0.002098 0.210765 0.144770
1757580028.514865 -0.061990 0.001717 0.002480 0.086785 -0.095942 -0.002098 0.210765 0.144770
1757580028.516867 -0.061990 0.001717 0.002480 0.086785 -0.095942 -0.002098 0.210765 0.144770
1757580028.518864 -0.061990 0.001717 0.002480 0.086785 -0.095942 -0.002098 0.210765 0.144770
1757580028.520883 -0.061990 0.001717 0.002480 0.086785 -0.095942 -0.002098 0.210765 0.144770
1757580028.522864 -0.061990 0.001717 0.002480 0.086785 -0.095942 -0.002098 0.210765 0.144770
1757580028.524870 -0.061990 0.001717 0.002480 0.086785 -0.095942 -0.002098 0.210765 0.144770
1757580028.526877 -0.061990 0.001717 0.002480 0.086785 -0.095942 -0.002098 0.210765 0.144770
1757580028.528880 -0.061990 0.001717 0.002480 0.086785 -0.095942 -0.002098 0.210765 0.144770
1757580028.530866 -0.061990 0.001717 0.002480 0.086785 -0.095942 -0.002098 0.210765 0.144770
1757580028.532868 -0.061990 0.001717 0.002480 0.086785 -0.095942 -0.002098 0.210765 0.144770
1757580028.534865 -0.061990 0.001717 0.002480 0.086785 -0.095942 -0.002098 0.210765 0.144770
1757580028.536876 -0.061990 0.001717 0.002480 0.086785 -0.095942 -0.002098 0.210765 0.144770
1757580028.538867 -0.061990 0.001717 0.002480 0.086785 -0.095942 -0.002098 0.210765 0.144770
1757580028.540889 -0.061990 0.001717 0.002480 0.086785 -0.095942 -0.002098 0.210765 0.144770
1757580028.542867 -0.061990 0.001717 0.002480 0.086785 -0.095942 -0.002098 0.210765 0.144770
1757580028.544889 -0.061990 0.001717 0.002480 0.086785 -0.095942 -0.002098 0.210765 0.144770
1757580028.546869 -0.061990 0.001717 0.002480 0.086785 -0.095942 -0.002098 0.210765 0.144770
1757580028.548923 -0.061990 0.001717 0.002480 0.086785 -0.095942 -0.002098 0.210765 0.144770
1757580028.550863 -0.061990 0.001717 0.002480 0.086785 -0.095942 -0.002098 0.210765 0.144770
1757580028.552876 -0.061990 0.001717 0.002480 0.086785 -0.095942 -0.002098 0.210765 0.144770
1757580028.554865 -0.061990 0.001717 0.002480 0.086785 -0.095942 -0.002098 0.210765 0.144770
1757580028.556867 -0.061990 0.001717 0.002480 0.086785 -0.095942 -0.002098 0.210765 0.144770
1757580028.558862 -0.061990 0.001717 0.002480 0.086785 -0.095942 -0.002098 0.210765 0.144770
1757580028.560880 -0.061990 0.001717 0.002480 0.086785 -0.095942 -0.002098 0.210765 0.144770
1757580028.562866 -0.061990 0.001717 0.002480 0.086785 -0.095942 -0.002098 0.210765 0.144770
1757580028.564865 -0.061990 0.001717 0.002480 0.086785 -0.095942 -0.002098 0.210765 0.144388
1757580028.566863 -0.061990 0.001717 0.002480 0.086785 -0.095942 -0.002098 0.210765 0.144388
1757580028.568873 -0.061990 0.001717 0.002480 0.086785 -0.095942 -0.002098 0.210765 0.144388
1757580028.570889 -0.061990 0.001717 0.002480 0.086785 -0.095942 -0.002098 0.210765 0.144388
1757580028.572863 -0.061990 0.001717 0.002480 0.086785 -0.095942 -0.002098 0.210765 0.144388
1757580028.574868 -0.061990 0.001717 0.002480 0.086785 -0.095942 -0.002098 0.210765 0.144388
1757580028.576885 -0.061990 0.001717 0.002480 0.086785 -0.095942 -0.002098 0.210765 0.144388
1757580028.578863 -0.061990 0.001717 0.002480 0.086785 -0.096323 -0.002098 0.210765 0.144388
1757580028.580875 -0.061990 0.001717 0.002480 0.086785 -0.096323 -0.002098 0.210765 0.144007
1757580028.582865 -0.061990 0.001717 0.002480 0.086785 -0.096323 -0.002098 0.210765 0.144007
1757580028.584866 -0.061990 0.001717 0.002480 0.086785 -0.096704 -0.002098 0.210765 0.144007
1757580028.586859 -0.061990 0.001717 0.002480 0.086785 -0.096704 -0.002098 0.210765 0.144007
1757580028.588879 -0.061990 0.001717 0.002480 0.086785 -0.097086 -0.002098 0.210765 0.144007
1757580028.590864 -0.061990 0.001717 0.002480 0.086785 -0.097467 -0.002098 0.210765 0.143625
1757580028.592853 -0.061990 0.001717 0.002480 0.086785 -0.097467 -0.002098 0.210765 0.143625
1757580028.594854 -0.061990 0.001717 0.002480 0.086785 -0.097849 -0.002098 0.210765 0.143625
1757580028.596929 -0.061990 0.001717 0.002480 0.086785 -0.098230 -0.002098 0.210765 0.143625
1757580028.598891 -0.061990 0.001717 0.002480 0.086785 -0.098230 -0.002098 0.210765 0.143244
1757580028.600867 -0.061990 0.001717 0.002480 0.086785 -0.098612 -0.002098 0.210765 0.143244
1757580028.602884 -0.061990 0.001717 0.002480 0.086785 -0.098993 -0.001717 0.210765 0.143244
1757580028.604897 -0.061990 0.001717 0.002480 0.086785 -0.098993 -0.001717 0.210765 0.143244
1757580028.606869 -0.061990 0.001717 0.002480 0.086785 -0.099375 -0.001717 0.210765 0.143244
1757580028.608882 -0.061990 0.001717 0.002480 0.086785 -0.099756 -0.001717 0.210765 0.142862
1757580028.610864 -0.061990 0.001717 0.002480 0.086785 -0.100138 -0.001717 0.210765 0.142862
1757580028.612873 -0.061990 0.001717 0.002480 0.086785 -0.100519 -0.001717 0.210765 0.142862
1757580028.614903 -0.061990 0.001717 0.002480 0.086785 -0.100901 -0.001717 0.210765 0.142481
1757580028.616864 -0.061990 0.001717 0.002480 0.086785 -0.100901 -0.001717 0.210765 0.142481
1757580028.618886 -0.061990 0.001717 0.002480 0.086785 -0.101282 -0.001717 0.210765 0.142481
1757580028.620858 -0.061990 0.001717 0.002480 0.086785 -0.101664 -0.001335 0.210765 0.142099
1757580028.622867 -0.061990 0.001717 0.002480 0.086785 -0.102045 -0.001335 0.210765 0.142099
1757580028.624860 -0.061990 0.001717 0.002480 0.086785 -0.102427 -0.001335 0.210765 0.141718
1757580028.626868 -0.061990 0.001717 0.002480 0.086785 -0.102808 -0.001335 0.210765 0.141718
1757580028.628857 -0.061990 0.001717 0.002480 0.086785 -0.103189 -0.001335 0.210765 0.141336
1757580028.630877 -0.061990 0.001717 0.002480 0.086785 -0.103571 -0.001335 0.210765 0.141336
1757580028.632929 -0.061990 0.001717 0.002480 0.086785 -0.103952 -0.001335 0.210765 0.141336
1757580028.634869 -0.061990 0.001717 0.002480 0.086785 -0.104334 -0.000954 0.210765 0.140955
1757580028.636869 -0.061990 0.001717 0.002480 0.086785 -0.105097 -0.000954 0.210765 0.140955
1757580028.638872 -0.061990 0.001717 0.002480 0.086785 -0.105478 -0.000954 0.210765 0.140574
1757580028.640856 -0.061990 0.001717 0.002480 0.086785 -0.105860 -0.000954 0.210765 0.140574
1757580028.642862 -0.061990 0.001717 0.002480 0.086785 -0.106241 -0.000954 0.210765 0.140192
1757580028.644861 -0.061990 0.001717 0.002480 0.086785 -0.106623 -0.000954 0.210765 0.140192
1757580028.646867 -0.061990 0.001717 0.002480 0.086785 -0.107386 -0.000954 0.210765 0.140192
1757580028.648874 -0.061990 0.001717 0.002480 0.086785 -0.107767 -0.000572 0.210765 0.139811
1757580028.650866 -0.061990 0.001717 0.002480 0.086785 -0.108149 -0.000572 0.210765 0.139811
1757580028.652857 -0.061990 0.001717 0.002480 0.086785 -0.108530 -0.000572 0.210765 0.139429
1757580028.654863 -0.061990 0.001717 0.002480 0.086785 -0.109293 -0.000572 0.210765 0.139429
1757580028.656864 -0.061990 0.001717 0.002480 0.086785 -0.109674 -0.000572 0.210765 0.139048
1757580028.658898 -0.061990 0.001717 0.002480 0.086785 -0.110056 -0.000572 0.210765 0.139048
1757580028.660884 -0.061990 0.001717 0.002480 0.086785 -0.110437 -0.000572 0.210765 0.139048
1757580028.662887 -0.061990 0.001717 0.002480 0.086785 -0.111200 -0.000572 0.210765 0.138666
1757580028.664893 -0.061990 0.001717 0.002480 0.086785 -0.111582 -0.000191 0.210765 0.138666
1757580028.666878 -0.061990 0.001717 0.002480 0.086785 -0.111963 -0.000191 0.210765 0.138285
1757580028.668888 -0.061990 0.001717 0.002480 0.086785 -0.112726 -0.000191 0.210765 0.137903
1757580028.670872 -0.062371 0.001717 0.002480 0.086785 -0.113108 -0.000191 0.210765 0.137903
1757580028.672861 -0.062371 0.001717 0.002480 0.086785 -0.113489 -0.000191 0.210765 0.137522
1757580028.674870 -0.062371 0.001717 0.002480 0.086785 -0.114252 -0.000191 0.210765 0.137522
1757580028.676862 -0.062371 0.001717 0.002480 0.086785 -0.114634 -0.000191 0.210765 0.137140
1757580028.678865 -0.062371 0.001717 0.002480 0.086785 -0.115015 -0.000191 0.210765 0.137140
1757580028.680853 -0.062371 0.001717 0.002480 0.086785 -0.115778 -0.000191 0.210765 0.136759
1757580028.682865 -0.062371 0.001717 0.002480 0.086785 -0.116159 -0.000191 0.210765 0.136377
1757580028.684865 -0.062371 0.001717 0.002480 0.086785 -0.116541 -0.000191 0.210765 0.136377
1757580028.686856 -0.062371 0.001717 0.002480 0.086785 -0.117304 -0.000191 0.210765 0.135996
1757580028.688852 -0.062371 0.001717 0.002480 0.086785 -0.117685 -0.000191 0.210765 0.135614
1757580028.690866 -0.062371 0.001717 0.002480 0.086785 -0.118067 0.000191 0.210765 0.135614
1757580028.692858 -0.062371 0.001717 0.002480 0.086785 -0.118830 0.000191 0.210765 0.135233
1757580028.694932 -0.062371 0.001717 0.002480 0.086785 -0.119211 0.000191 0.210765 0.134851
1757580028.696878 -0.062371 0.001717 0.002480 0.086785 -0.119974 0.000191 0.210765 0.134851
1757580028.698877 -0.062371 0.001717 0.002480 0.086785 -0.120356 0.000191 0.210765 0.134470
1757580028.700854 -0.062371 0.001717 0.002480 0.086785 -0.121119 0.000191 0.210765 0.134089
1757580028.702862 -0.062371 0.001717 0.002480 0.086785 -0.121500 0.000191 0.210765 0.133707
1757580028.704858 -0.062371 0.001717 0.002480 0.086785 -0.122263 0.000191 0.210765 0.133326
1757580028.706870 -0.062371 0.001717 0.002480 0.086785 -0.122644 0.000191 0.210765 0.133326
1757580028.708864 -0.062371 0.001717 0.002480 0.086404 -0.123407 0.000191 0.210765 0.132944
1757580028.710868 -0.062371 0.001717 0.002480 0.086404 -0.124170 0.000191 0.210765 0.132563
1757580028.712858 -0.062753 0.001717 0.002480 0.086404 -0.124552 0.000191 0.210765 0.132563
1757580028.714883 -0.062753 0.001717 0.002480 0.086404 -0.125315 0.000191 0.210765 0.132181
1757580028.716865 -0.062753 0.001717 0.002480 0.086404 -0.126078 0.000191 0.210765 0.131800
1757580028.718863 -0.063134 0.001717 0.002480 0.086022 -0.126841 0.000191 0.210765 0.131800
1757580028.720853 -0.063134 0.001717 0.002480 0.086022 -0.127604 0.000191 0.210765 0.131418
1757580028.722868 -0.063516 0.001717 0.002480 0.086022 -0.127985 -0.000191 0.210765 0.131037
1757580028.724868 -0.063897 0.001717 0.002480 0.085641 -0.128748 -0.000191 0.210765 0.131037
1757580028.726888 -0.064279 0.001717 0.002480 0.085641 -0.129511 -0.000191 0.210765 0.130655
1757580028.728863 -0.064660 0.001717 0.002480 0.085259 -0.130274 -0.000191 0.210765 0.130274
1757580028.730866 -0.065042 0.001717 0.002480 0.085259 -0.131037 -0.000191 0.210765 0.130274
1757580028.732868 -0.065423 0.001717 0.002480 0.084878 -0.132181 -0.000191 0.210765 0.129892
1757580028.734862 -0.065804 0.001717 0.002480 0.084878 -0.132944 -0.000191 0.210765 0.129511
1757580028.736861 -0.066186 0.001717 0.002480 0.084496 -0.133707 -0.000191 0.210765 0.129129
1757580028.738865 -0.066567 0.001717 0.002480 0.084496 -0.134470 -0.000191 0.210765 0.128748
1757580028.740869 -0.067330 0.001717 0.002480 0.084115 -0.135233 -0.000191 0.210765 0.128748
1757580028.742859 -0.067712 0.001717 0.002480 0.083734 -0.135996 -0.000191 0.210765 0.128366
1757580028.744852 -0.068093 0.001717 0.002480 0.083734 -0.137140 -0.000191 0.210765 0.127985
1757580028.746862 -0.068856 0.001717 0.002480 0.083352 -0.137903 -0.000191 0.210765 0.127604
1757580028.748861 -0.069238 0.001717 0.002480 0.083352 -0.138666 -0.000191 0.210765 0.127222
1757580028.750861 -0.070001 0.001717 0.002480 0.082971 -0.139811 -0.000191 0.210765 0.126841
1757580028.752853 -0.070382 0.001717 0.002480 0.082971 -0.140574 -0.000191 0.210765 0.126459
1757580028.754865 -0.070764 0.001717 0.002480 0.082589 -0.141336 -0.000191 0.210765 0.126078
1757580028.756901 -0.071527 0.001717 0.002480 0.082589 -0.142481 -0.000191 0.210765 0.125696
1757580028.758861 -0.071908 0.001717 0.002480 0.082208 -0.143244 -0.000191 0.210765 0.125315
1757580028.760857 -0.072671 0.001717 0.002480 0.082208 -0.144388 -0.000572 0.210765 0.124933
1757580028.762863 -0.073052 0.001717 0.002480 0.081826 -0.145533 -0.000572 0.210765 0.124552
1757580028.764857 -0.073434 0.001717 0.002480 0.081826 -0.146296 -0.000572 0.210765 0.123789
1757580028.766857 -0.074197 0.001717 0.002480 0.081445 -0.147440 -0.000572 0.210765 0.123407
1757580028.768852 -0.074578 0.001717 0.002480 0.081445 -0.148203 -0.000572 0.210765 0.123026
1757580028.770870 -0.074960 0.001717 0.002480 0.081063 -0.149347 -0.000954 0.210765 0.122644
1757580028.772863 -0.075723 0.001717 0.002480 0.081063 -0.150492 -0.000954 0.210765 0.122263
1757580028.774859 -0.076104 0.001717 0.002480 0.080682 -0.151636 -0.000954 0.210765 0.121881
1757580028.776878 -0.076486 0.001717 0.002480 0.080682 -0.152399 -0.000954 0.210765 0.121500
1757580028.778876 -0.076867 0.001717 0.002480 0.080682 -0.153543 -0.001335 0.210765 0.121119
1757580028.780901 -0.077630 0.001717 0.002480 0.080300 -0.154688 -0.001335 0.210765 0.120737
1757580028.782888 -0.078012 0.001717 0.002480 0.080300 -0.155832 -0.001335 0.210765 0.119974
1757580028.784871 -0.078393 0.001717 0.002480 0.079919 -0.156978 -0.001335 0.210765 0.119593
1757580028.786857 -0.078774 0.001717 0.002480 0.079919 -0.158122 -0.001717 0.210765 0.119211
1757580028.788888 -0.079156 0.001717 0.002480 0.079537 -0.159266 -0.001717 0.210765 0.118448
1757580028.790895 -0.079919 0.001717 0.002480 0.079537 -0.160411 -0.001717 0.210765 0.118067
1757580028.792852 -0.080300 0.001717 0.002480 0.079156 -0.161555 -0.001717 0.210765 0.117304
1757580028.794877 -0.080682 0.001717 0.002480 0.079156 -0.163081 -0.001717 0.210765 0.116922
1757580028.796849 -0.081445 0.001717 0.002480 0.078774 -0.164226 -0.002098 0.210765 0.116159
1757580028.798869 -0.081826 0.001717 0.002480 0.078774 -0.165370 -0.002098 0.210765 0.115396
1757580028.800861 -0.082208 0.001717 0.002480 0.078393 -0.166514 -0.002098 0.210765 0.115015
1757580028.802856 -0.082971 0.001717 0.002480 0.078393 -0.168040 -0.002098 0.210765 0.114252
1757580028.804857 -0.083352 0.001717 0.002480 0.078012 -0.169185 -0.002098 0.210765 0.113871
1757580028.806864 -0.083734 0.001717 0.002480 0.078012 -0.170329 -0.002480 0.210765 0.113108
1757580028.808861 -0.084115 0.001717 0.002480 0.077630 -0.171855 -0.002480 0.210765 0.112726
1757580028.810861 -0.084878 0.001717 0.002480 0.077630 -0.172999 -0.002480 0.210765 0.111963
1757580028.812860 -0.085259 0.001717 0.002480 0.077249 -0.174144 -0.002480 0.210765 0.111582
1757580028.814863 -0.085641 0.001717 0.002480 0.077249 -0.175670 -0.002480 0.210765 0.110819
1757580028.816852 -0.086404 0.001717 0.002480 0.076867 -0.176814 -0.002480 0.210765 0.110437
1757580028.818930 -0.086785 0.001717 0.002480 0.076867 -0.178340 -0.002480 0.210765 0.109674
1757580028.820868 -0.087167 0.001717 0.002480 0.076867 -0.179484 -0.002480 0.210765 0.109293
1757580028.822874 -0.087930 0.001717 0.002480 0.076486 -0.181010 -0.002861 0.210765 0.108530
1757580028.824868 -0.088311 0.001717 0.002480 0.076486 -0.182155 -0.002861 0.210765 0.107767
1757580028.826856 -0.088693 0.001717 0.002480 0.076104 -0.183299 -0.002861 0.210765 0.107386
1757580028.828856 -0.089456 0.001717 0.002480 0.076104 -0.184825 -0.002861 0.210765 0.106623
1757580028.830864 -0.089837 0.001717 0.002480 0.076104 -0.185969 -0.002861 0.210765 0.106241
1757580028.832861 -0.090600 0.001717 0.002480 0.075723 -0.187495 -0.002861 0.210765 0.105478
1757580028.834860 -0.090981 0.001335 0.002480 0.075723 -0.188640 -0.002861 0.210765 0.105097
1757580028.836853 -0.091744 0.001335 0.002480 0.075341 -0.189784 -0.002861 0.210765 0.104334
1757580028.838864 -0.092126 0.001335 0.002480 0.075341 -0.190928 -0.002861 0.210765 0.103571
1757580028.840860 -0.092507 0.001335 0.002480 0.074960 -0.192454 -0.002861 0.210765 0.103189
1757580028.842850 -0.093270 0.001335 0.002480 0.074960 -0.193599 -0.002861 0.210765 0.102427
1757580028.844850 -0.093652 0.001335 0.002480 0.074960 -0.194743 -0.002861 0.210765 0.102045
1757580028.846869 -0.094416 0.001335 0.002480 0.074578 -0.195888 -0.002861 0.210765 0.101282
1757580028.848891 -0.094797 0.001335 0.002480 0.074578 -0.197413 -0.002861 0.210765 0.100901
1757580028.850883 -0.095560 0.001335 0.002480 0.074197 -0.198558 -0.002861 0.210765 0.100519
1757580028.852862 -0.096323 0.001335 0.002480 0.074197 -0.199702 -0.002861 0.210765 0.099756
1757580028.854872 -0.096704 0.000954 0.002480 0.073815 -0.200847 -0.002861 0.210765 0.099375
1757580028.856861 -0.097467 0.000954 0.002480 0.073815 -0.201991 -0.002861 0.210765 0.098993
1757580028.858874 -0.097849 0.000954 0.002480 0.073434 -0.203135 -0.002861 0.210765 0.098230
1757580028.860854 -0.098612 0.000954 0.002480 0.073434 -0.204280 -0.002861 0.210765 0.097849
1757580028.862862 -0.099375 0.000954 0.002480 0.073052 -0.205424 -0.002861 0.210765 0.097086
1757580028.864860 -0.099756 0.000954 0.002480 0.073052 -0.206569 -0.002861 0.210765 0.096704
1757580028.866859 -0.100519 0.000954 0.002480 0.072671 -0.207713 -0.002861 0.210765 0.095942
1757580028.868854 -0.101282 0.000572 0.002480 0.072671 -0.208858 -0.002861 0.210765 0.095560
1757580028.870868 -0.101664 0.000572 0.002480 0.072289 -0.210002 -0.002861 0.210765 0.094797
1757580028.872850 -0.102427 0.000572 0.002480 0.072289 -0.211146 -0.002861 0.210765 0.094416
1757580028.874860 -0.103189 0.000572 0.002480 0.071908 -0.212291 -0.002861 0.210765 0.093652
1757580028.876869 -0.103571 0.000572 0.002480 0.071527 -0.213435 -0.002861 0.210765 0.093270
1757580028.878868 -0.104334 0.000191 0.002480 0.071527 -0.214580 -0.002861 0.210765 0.092889
1757580028.880962 -0.105097 0.000191 0.002480 0.071145 -0.215724 -0.002861 0.210765 0.092507
1757580028.882882 -0.105478 0.000191 0.002480 0.070764 -0.216868 -0.002861 0.210765 0.091744
1757580028.884861 -0.106241 0.000191 0.002480 0.070382 -0.218013 -0.002861 0.210765 0.091363
1757580028.886895 -0.107004 0.000191 0.002480 0.070382 -0.219158 -0.002861 0.210765 0.090981
1757580028.888854 -0.107386 0.000191 0.002480 0.070001 -0.220303 -0.002861 0.210765 0.090600
1757580028.890865 -0.108149 0.000191 0.002480 0.069619 -0.221447 -0.002861 0.210765 0.089837
1757580028.892872 -0.108912 -0.000191 0.002480 0.069238 -0.222210 -0.002861 0.210765 0.089456
1757580028.894852 -0.109674 -0.000191 0.002480 0.068856 -0.223354 -0.002861 0.210765 0.089074
1757580028.896870 -0.110056 -0.000191 0.002480 0.068856 -0.224499 -0.002861 0.210765 0.088311
1757580028.898862 -0.110819 -0.000191 0.002480 0.068475 -0.225643 -0.002861 0.210765 0.087930
1757580028.900873 -0.111582 -0.000191 0.002480 0.068093 -0.226788 -0.002861 0.210765 0.087548
1757580028.902852 -0.111963 -0.000191 0.002480 0.067712 -0.227551 -0.002861 0.210765 0.087167
1757580028.904865 -0.112726 -0.000191 0.002480 0.067330 -0.228695 -0.002861 0.210765 0.086404
1757580028.906874 -0.113489 -0.000572 0.002480 0.066949 -0.229839 -0.002861 0.210765 0.086022
1757580028.908882 -0.114252 -0.000572 0.002480 0.066567 -0.230984 -0.002861 0.210765 0.085641
1757580028.910891 -0.115015 -0.000572 0.002480 0.066567 -0.232128 -0.002861 0.210765 0.084878
1757580028.912916 -0.115778 -0.000572 0.002480 0.066186 -0.233273 -0.002861 0.210765 0.084496
1757580028.914911 -0.116159 -0.000572 0.002480 0.065804 -0.234035 -0.002861 0.210765 0.084115
1757580028.916873 -0.116922 -0.000572 0.002480 0.065423 -0.235180 -0.002861 0.210765 0.083734
1757580028.918890 -0.117685 -0.000572 0.002480 0.065042 -0.236324 -0.002861 0.210765 0.082971
1757580028.920879 -0.118448 -0.000572 0.002480 0.064660 -0.237469 -0.002861 0.210765 0.082589
1757580028.922906 -0.119211 -0.000572 0.002480 0.064660 -0.238613 -0.002861 0.210765 0.082208
1757580028.924917 -0.119974 -0.000572 0.002480 0.064279 -0.239758 -0.002861 0.210765 0.081445
1757580028.926916 -0.120737 -0.000954 0.002480 0.063897 -0.240520 -0.002861 0.210765 0.081063
1757580028.928877 -0.121500 -0.000954 0.002480 0.063516 -0.241665 -0.002861 0.210765 0.080682
1757580028.930954 -0.122263 -0.000954 0.002480 0.063134 -0.242809 -0.003242 0.210765 0.080300
1757580028.932867 -0.123026 -0.000954 0.002480 0.062753 -0.243954 -0.003242 0.210765 0.079537
1757580028.934874 -0.123789 -0.000954 0.002480 0.062371 -0.245098 -0.003242 0.210765 0.079156
1757580028.936882 -0.124552 -0.000954 0.002480 0.061990 -0.246243 -0.003242 0.210765 0.078774
1757580028.938897 -0.125315 -0.000954 0.002480 0.061608 -0.247005 -0.003242 0.210765 0.078012
1757580028.940864 -0.126078 -0.000954 0.002480 0.061227 -0.248150 -0.003242 0.210765 0.077630
1757580028.943000 -0.126841 -0.000954 0.002480 0.060845 -0.249294 -0.003242 0.210765 0.077249
1757580028.944860 -0.127604 -0.000954 0.002480 0.060464 -0.250439 -0.003242 0.210765 0.076486
1757580028.946863 -0.128366 -0.000954 0.002480 0.060082 -0.251583 -0.003242 0.210765 0.076104
1757580028.948898 -0.129511 -0.000954 0.002480 0.059319 -0.252346 -0.003242 0.210765 0.075723
1757580028.950898 -0.130274 -0.000954 0.002480 0.058938 -0.253490 -0.003242 0.210765 0.074960
1757580028.952866 -0.131037 -0.000954 0.002480 0.058557 -0.254635 -0.003242 0.210765 0.074578
1757580028.954856 -0.131800 -0.000954 0.002480 0.058175 -0.255398 -0.003242 0.210765 0.074197
1757580028.956862 -0.132563 -0.000954 0.002480 0.057794 -0.256542 -0.003242 0.210765 0.073434
1757580028.958854 -0.133326 -0.000954 0.002480 0.057412 -0.257687 -0.003242 0.210765 0.073052
1757580028.960859 -0.134470 -0.000954 0.002480 0.057031 -0.258831 -0.003242 0.210765 0.072671
1757580028.962856 -0.135233 -0.000954 0.002480 0.056649 -0.259975 -0.003242 0.210765 0.072289
1757580028.964851 -0.135996 -0.000954 0.002480 0.055886 -0.260738 -0.003242 0.210765 0.071908
1757580028.966859 -0.136759 -0.000954 0.002480 0.055505 -0.261883 -0.003242 0.210765 0.071145
1757580028.968855 -0.137522 -0.001335 0.002480 0.055123 -0.263027 -0.003242 0.210765 0.070764
1757580028.970853 -0.138666 -0.001335 0.002480 0.054742 -0.263790 -0.003242 0.210765 0.070382
1757580028.972869 -0.139429 -0.001335 0.002480 0.054360 -0.264935 -0.003242 0.210765 0.070001
1757580028.974895 -0.140574 -0.001335 0.002480 0.053979 -0.266079 -0.003242 0.210765 0.069238
1757580028.976884 -0.141336 -0.001335 0.002480 0.053597 -0.267223 -0.003242 0.210765 0.068856
1757580028.978868 -0.142099 -0.001335 0.002480 0.053216 -0.267986 -0.003242 0.210765 0.068475
1757580028.980860 -0.143244 -0.001335 0.002480 0.052835 -0.269131 -0.003242 0.210765 0.067712
1757580028.982857 -0.144007 -0.001335 0.002480 0.052453 -0.270275 -0.003242 0.210765 0.067330
1757580028.984859 -0.144770 -0.001335 0.002480 0.051690 -0.271038 -0.003242 0.210765 0.066567
1757580028.986854 -0.145914 -0.001335 0.002480 0.051309 -0.272182 -0.003242 0.210765 0.066186
1757580028.988847 -0.146677 -0.001335 0.002480 0.050927 -0.273327 -0.003242 0.210765 0.065804
1757580028.990849 -0.147821 -0.001335 0.002480 0.050546 -0.274090 -0.003242 0.210765 0.065042
1757580028.992854 -0.148584 -0.001335 0.002480 0.049783 -0.275234 -0.003242 0.210765 0.064660
1757580028.994850 -0.149729 -0.001335 0.002480 0.049401 -0.276379 -0.003242 0.210765 0.063897
1757580028.996861 -0.150492 -0.001335 0.002480 0.049020 -0.277523 -0.003242 0.210765 0.063516
1757580028.998847 -0.151255 -0.001335 0.002480 0.048257 -0.278667 -0.003242 0.210765 0.063134
1757580029.000860 -0.152399 -0.001335 0.002480 0.047875 -0.279430 -0.003242 0.210765 0.062371
1757580029.002847 -0.153162 -0.001335 0.002480 0.047494 -0.280575 -0.002861 0.210765 0.061608
1757580029.004951 -0.154306 -0.001335 0.002480 0.047112 -0.281720 -0.002861 0.210765 0.061227
1757580029.006862 -0.155069 -0.001335 0.002480 0.046350 -0.282865 -0.002861 0.210765 0.060464
1757580029.008862 -0.155832 -0.001335 0.002480 0.045968 -0.284009 -0.002861 0.210765 0.060082
1757580029.010876 -0.156978 -0.000954 0.002480 0.045587 -0.284772 -0.002861 0.210765 0.059319
1757580029.012850 -0.157741 -0.000954 0.002480 0.045205 -0.285916 -0.002861 0.210765 0.058938
1757580029.014850 -0.158885 -0.000954 0.002480 0.044442 -0.287061 -0.002861 0.210765 0.058175
1757580029.016892 -0.159648 -0.000954 0.002480 0.044061 -0.288205 -0.002861 0.210765 0.057794
1757580029.018861 -0.160792 -0.000954 0.002480 0.043679 -0.289350 -0.002861 0.210765 0.057031
1757580029.020851 -0.161555 -0.000954 0.002480 0.043298 -0.290494 -0.002861 0.210765 0.056649
1757580029.022849 -0.162700 -0.000954 0.002480 0.042535 -0.291257 -0.002861 0.210765 0.055886
1757580029.024854 -0.163463 -0.000954 0.002480 0.042153 -0.292401 -0.002861 0.210765 0.055505
1757580029.026848 -0.164607 -0.000954 0.002480 0.041772 -0.293546 -0.002861 0.210765 0.054742
1757580029.028850 -0.165370 -0.000954 0.002480 0.041390 -0.294690 -0.002861 0.210765 0.054360
1757580029.030847 -0.166514 -0.000954 0.002480 0.040627 -0.295835 -0.002861 0.210765 0.053597
1757580029.032859 -0.167277 -0.000954 0.002480 0.040246 -0.296979 -0.002861 0.210765 0.053216
1757580029.034895 -0.168422 -0.000954 0.002480 0.039865 -0.298123 -0.002861 0.210765 0.052453
1757580029.036887 -0.169185 -0.000954 0.002480 0.039102 -0.299268 -0.002861 0.210765 0.052072
1757580029.038868 -0.170329 -0.000954 0.002480 0.038720 -0.300412 -0.002861 0.210765 0.051309
1757580029.040853 -0.171092 -0.000954 0.002480 0.038339 -0.301557 -0.002861 0.210765 0.050927
1757580029.042852 -0.172236 -0.000954 0.002480 0.037576 -0.302701 -0.002861 0.210765 0.050164
1757580029.044856 -0.172999 -0.000954 0.002480 0.037194 -0.303845 -0.002861 0.210765 0.049401
1757580029.046850 -0.174144 -0.000954 0.002480 0.036813 -0.304990 -0.002861 0.210765 0.049020
1757580029.048853 -0.174907 -0.000954 0.002480 0.036050 -0.306134 -0.002861 0.210765 0.048257
1757580029.050854 -0.176051 -0.001335 0.002480 0.035668 -0.307279 -0.002861 0.210765 0.047494
1757580029.052855 -0.176814 -0.001335 0.002480 0.034905 -0.308423 -0.002861 0.210765 0.047112
1757580029.054843 -0.177958 -0.001335 0.002480 0.034524 -0.309567 -0.002861 0.210765 0.046350
1757580029.056860 -0.179103 -0.001335 0.002480 0.034142 -0.311093 -0.002861 0.210765 0.045587
1757580029.058850 -0.179866 -0.001335 0.002480 0.033380 -0.312238 -0.002861 0.210765 0.045205
1757580029.060858 -0.181010 -0.001335 0.002480 0.032998 -0.313382 -0.002861 0.210765 0.044442
1757580029.062845 -0.181773 -0.001335 0.002480 0.032617 -0.314527 -0.002861 0.210765 0.043679
1757580029.064899 -0.182918 -0.001335 0.002480 0.031854 -0.315671 -0.002861 0.210765 0.043298
1757580029.066936 -0.183681 -0.001335 0.002480 0.031472 -0.316815 -0.002861 0.210765 0.042535
1757580029.068862 -0.184825 -0.001335 0.002480 0.030708 -0.317960 -0.002861 0.210765 0.042153
1757580029.070856 -0.185588 -0.001335 0.002480 0.030327 -0.319486 -0.002861 0.210765 0.041390
1757580029.072863 -0.186732 -0.001335 0.002480 0.029564 -0.320630 -0.002861 0.210765 0.040627
1757580029.074855 -0.187495 -0.001335 0.002480 0.029182 -0.321774 -0.002861 0.210765 0.040246
1757580029.076856 -0.188640 -0.001335 0.002480 0.028419 -0.322919 -0.002861 0.210765 0.039483
1757580029.078853 -0.189403 -0.001335 0.002480 0.028038 -0.324063 -0.002861 0.210765 0.039102
1757580029.080859 -0.190547 -0.001335 0.002480 0.027657 -0.325208 -0.002861 0.210765 0.038339
1757580029.082852 -0.191691 -0.001335 0.002480 0.026894 -0.326352 -0.002861 0.210765 0.037576
1757580029.084856 -0.192454 -0.001335 0.002480 0.026512 -0.327497 -0.002861 0.210765 0.037194
1757580029.086853 -0.193599 -0.001335 0.002480 0.026131 -0.328641 -0.002861 0.210765 0.036431
1757580029.088870 -0.194362 -0.000954 0.002480 0.025368 -0.329785 -0.002861 0.210765 0.035668
1757580029.090855 -0.195506 -0.000954 0.002480 0.024986 -0.330930 -0.002861 0.210765 0.035287
1757580029.092861 -0.196651 -0.000954 0.002480 0.024223 -0.332074 -0.002861 0.210765 0.034524
1757580029.094853 -0.197413 -0.000954 0.002480 0.023842 -0.333219 -0.002861 0.210765 0.034142
1757580029.096855 -0.198558 -0.000954 0.002480 0.023079 -0.334363 -0.002861 0.210765 0.033380
1757580029.098875 -0.199321 -0.000954 0.002480 0.022697 -0.335507 -0.002861 0.210765 0.032617
1757580029.100880 -0.200465 -0.000954 0.002480 0.021935 -0.336652 -0.002861 0.210765 0.032235
1757580029.102855 -0.201610 -0.000954 0.002480 0.021172 -0.337796 -0.002861 0.210765 0.031472
1757580029.104858 -0.202373 -0.000954 0.002480 0.020790 -0.338941 -0.002861 0.210765 0.030708
1757580029.106846 -0.203517 -0.000954 0.002480 0.020027 -0.340085 -0.002861 0.210765 0.030327
1757580029.108864 -0.204661 -0.000954 0.002480 0.019646 -0.341229 -0.002861 0.210765 0.029564
1757580029.110845 -0.205806 -0.000954 0.002480 0.018883 -0.342374 -0.002861 0.210765 0.028801
1757580029.112847 -0.206569 -0.000954 0.002480 0.018120 -0.343518 -0.002861 0.210765 0.028038
1757580029.114912 -0.207713 -0.000954 0.002480 0.017738 -0.344664 -0.002861 0.210765 0.027275
1757580029.116863 -0.208858 -0.000954 0.002480 0.016975 -0.345808 -0.002861 0.210765 0.026894
1757580029.118850 -0.209620 -0.000954 0.002480 0.016212 -0.346952 -0.002861 0.210765 0.026131
1757580029.120855 -0.210765 -0.000954 0.002480 0.015450 -0.348097 -0.002861 0.210765 0.025368
1757580029.122846 -0.211909 -0.000954 0.002480 0.015068 -0.349241 -0.002861 0.210765 0.024986
1757580029.124875 -0.213054 -0.000954 0.002480 0.014305 -0.350386 -0.002861 0.210765 0.024223
1757580029.126846 -0.213817 -0.000954 0.002480 0.013542 -0.351530 -0.002861 0.210765 0.023460
1757580029.128875 -0.214961 -0.000954 0.002480 0.013161 -0.353056 -0.002861 0.210765 0.023079
1757580029.130848 -0.216105 -0.000954 0.002480 0.012398 -0.354200 -0.002861 0.210765 0.022316
1757580029.132898 -0.217250 -0.000954 0.002480 0.011635 -0.355345 -0.002861 0.210765 0.021553
1757580029.134856 -0.218394 -0.000954 0.002480 0.011253 -0.356489 -0.002861 0.210765 0.020790
1757580029.136858 -0.219540 -0.000954 0.002480 0.010490 -0.357634 -0.002861 0.210765 0.020027
1757580029.138851 -0.220303 -0.000954 0.002480 0.010109 -0.358778 -0.002861 0.210765 0.019646
1757580029.140876 -0.221447 -0.000954 0.002480 0.009346 -0.359922 -0.002861 0.210765 0.018883
1757580029.142855 -0.222591 -0.000954 0.002480 0.008583 -0.360685 -0.002861 0.210765 0.018120
1757580029.144873 -0.223736 -0.000954 0.002480 0.008202 -0.361830 -0.002861 0.210765 0.017357
1757580029.146852 -0.224880 -0.000954 0.002480 0.007439 -0.362974 -0.002861 0.210765 0.016594
1757580029.148882 -0.226025 -0.000954 0.002480 0.006676 -0.364119 -0.002861 0.210765 0.015831
1757580029.150857 -0.226788 -0.000954 0.002480 0.006294 -0.365263 -0.002861 0.210765 0.015450
1757580029.152867 -0.227932 -0.000954 0.002480 0.005531 -0.366407 -0.002861 0.210765 0.014687
1757580029.154854 -0.229076 -0.000954 0.002480 0.004768 -0.367552 -0.002861 0.210765 0.013924
1757580029.156880 -0.230221 -0.000954 0.002480 0.004005 -0.368696 -0.002861 0.210765 0.013161
1757580029.158850 -0.231365 -0.000954 0.002480 0.003624 -0.369841 -0.002861 0.210765 0.012779
1757580029.160887 -0.232128 -0.000954 0.002480 0.002861 -0.370985 -0.002861 0.210765 0.012016
1757580029.162856 -0.233273 -0.000954 0.002480 0.002098 -0.372129 -0.002861 0.210765 0.011253
1757580029.164845 -0.234417 -0.000954 0.002480 0.001717 -0.373274 -0.002861 0.210765 0.010490
1757580029.166860 -0.235561 -0.000954 0.002480 0.000954 -0.374418 -0.002861 0.210765 0.009727
1757580029.168848 -0.236706 -0.000954 0.002480 0.000191 -0.375563 -0.002861 0.210765 0.009346
1757580029.170855 -0.237469 -0.000954 0.002480 -0.000572 -0.376707 -0.002861 0.210765 0.008583
1757580029.172844 -0.238613 -0.000954 0.002480 -0.000954 -0.377851 -0.002861 0.210765 0.007820
1757580029.174860 -0.239758 -0.000954 0.002480 -0.001717 -0.378996 -0.002861 0.210765 0.007057
1757580029.176848 -0.240902 -0.000954 0.002480 -0.002480 -0.380140 -0.002861 0.210765 0.006676
1757580029.178857 -0.242046 -0.000954 0.002480 -0.003242 -0.381285 -0.002861 0.210765 0.005913
1757580029.180851 -0.242809 -0.000954 0.002480 -0.003624 -0.382429 -0.002861 0.210765 0.005150
1757580029.182856 -0.243954 -0.000954 0.002480 -0.004387 -0.383574 -0.002861 0.210765 0.004387
1757580029.184848 -0.245098 -0.000954 0.002480 -0.005150 -0.384718 -0.002861 0.210765 0.003624
1757580029.186855 -0.246243 -0.000954 0.002480 -0.005913 -0.385862 -0.002861 0.210765 0.003242
1757580029.188851 -0.247387 -0.000954 0.002480 -0.006294 -0.387007 -0.002861 0.210765 0.002480
1757580029.190866 -0.248531 -0.000954 0.002480 -0.007057 -0.388151 -0.002861 0.210765 0.001717
1757580029.192857 -0.249294 -0.000954 0.002480 -0.007820 -0.389296 -0.002861 0.210765 0.000954
1757580029.194858 -0.250439 -0.000954 0.002480 -0.008583 -0.390440 -0.002861 0.210765 0.000191
1757580029.196846 -0.251583 -0.000954 0.002480 -0.009346 -0.391584 -0.002861 0.210765 -0.000572
1757580029.198858 -0.252728 -0.000954 0.002480 -0.010109 -0.392729 -0.002861 0.210765 -0.001335
1757580029.200852 -0.253872 -0.000954 0.002480 -0.010490 -0.393873 -0.002861 0.210765 -0.002098
1757580029.202851 -0.255016 -0.000954 0.002480 -0.011253 -0.395018 -0.002861 0.210765 -0.002480
1757580029.204852 -0.256161 -0.000954 0.002480 -0.012016 -0.396162 -0.002861 0.210765 -0.003242
1757580029.206857 -0.256924 -0.000954 0.002480 -0.012779 -0.397306 -0.002861 0.210765 -0.004005
1757580029.208851 -0.258068 -0.000954 0.002480 -0.013542 -0.398451 -0.002861 0.210765 -0.004768
1757580029.210854 -0.259212 -0.000954 0.002480 -0.013924 -0.399595 -0.002861 0.210765 -0.005150
1757580029.212849 -0.260357 -0.000954 0.002480 -0.014687 -0.400740 -0.002861 0.210765 -0.005913
1757580029.214853 -0.261120 -0.000954 0.002480 -0.015450 -0.401884 -0.002861 0.210765 -0.006676
1757580029.216851 -0.262264 -0.000954 0.002480 -0.016212 -0.403028 -0.002861 0.210765 -0.007057
1757580029.218853 -0.263409 -0.000954 0.002480 -0.016975 -0.404173 -0.002861 0.210765 -0.007820
1757580029.220854 -0.264553 -0.000954 0.002480 -0.017738 -0.405317 -0.002861 0.210765 -0.008583
1757580029.222937 -0.265697 -0.000954 0.002480 -0.018501 -0.406463 -0.002861 0.210765 -0.009346
1757580029.224851 -0.266460 -0.000954 0.002480 -0.019264 -0.407607 -0.002861 0.210765 -0.010109
1757580029.226867 -0.267605 -0.000954 0.002480 -0.019646 -0.408751 -0.002861 0.210765 -0.010872
1757580029.228852 -0.268749 -0.000954 0.002480 -0.020409 -0.409896 -0.002861 0.210765 -0.011635
1757580029.230844 -0.269894 -0.000954 0.002480 -0.021172 -0.411040 -0.002861 0.210765 -0.012398
1757580029.232846 -0.271038 -0.000954 0.002480 -0.021935 -0.412185 -0.002861 0.210765 -0.013161
1757580029.234851 -0.272182 -0.000954 0.002480 -0.022697 -0.412948 -0.002861 0.210765 -0.013542
1757580029.236845 -0.273327 -0.000954 0.002480 -0.023460 -0.414092 -0.002861 0.210765 -0.014305
1757580029.238846 -0.274090 -0.000954 0.002480 -0.024223 -0.415236 -0.002861 0.210765 -0.015068
1757580029.240844 -0.275234 -0.000954 0.002480 -0.024605 -0.416381 -0.002861 0.210765 -0.015831
1757580029.242857 -0.276379 -0.000954 0.002480 -0.025368 -0.417525 -0.002861 0.210765 -0.016594
1757580029.244844 -0.277523 -0.000572 0.002480 -0.026131 -0.418670 -0.002861 0.210765 -0.017357
1757580029.246843 -0.278286 -0.000572 0.002480 -0.026894 -0.419814 -0.002861 0.210765 -0.018120
1757580029.248842 -0.279430 -0.000572 0.002480 -0.027657 -0.420959 -0.002861 0.210765 -0.018883
1757580029.250855 -0.280575 -0.000572 0.002480 -0.028419 -0.422484 -0.002861 0.210765 -0.019646
1757580029.252885 -0.281720 -0.000572 0.002480 -0.029182 -0.423629 -0.002861 0.210765 -0.020409
1757580029.254872 -0.282483 -0.000572 0.002480 -0.029945 -0.424773 -0.002861 0.210765 -0.021172
1757580029.256855 -0.283628 -0.000572 0.002480 -0.030708 -0.425918 -0.002861 0.210765 -0.021935
1757580029.258862 -0.284772 -0.000572 0.002480 -0.031472 -0.427062 -0.002861 0.210765 -0.022697
1757580029.260852 -0.285916 -0.000572 0.002480 -0.032235 -0.428206 -0.002861 0.210765 -0.023079
1757580029.262847 -0.287061 -0.000572 0.002480 -0.032998 -0.429351 -0.002861 0.210765 -0.023842
1757580029.264852 -0.287824 -0.000572 0.002480 -0.033761 -0.430495 -0.002861 0.210765 -0.024605
1757580029.266863 -0.288968 -0.000572 0.002480 -0.034142 -0.431640 -0.002861 0.210765 -0.025368
1757580029.268843 -0.290112 -0.000572 0.002480 -0.034905 -0.432784 -0.002861 0.210765 -0.026131
1757580029.270848 -0.290875 -0.000572 0.002480 -0.035668 -0.433928 -0.002861 0.210765 -0.026512
1757580029.272851 -0.292020 -0.000572 0.002480 -0.036431 -0.435073 -0.002861 0.210765 -0.027275
1757580029.274863 -0.293164 -0.000572 0.002480 -0.037194 -0.436217 -0.003242 0.210765 -0.028038
1757580029.276843 -0.294309 -0.000572 0.002480 -0.037957 -0.437362 -0.003242 0.210765 -0.028801
1757580029.278859 -0.295072 -0.000572 0.002480 -0.038720 -0.438506 -0.003242 0.210765 -0.029564
1757580029.280845 -0.296216 -0.000572 0.002480 -0.039483 -0.439651 -0.003242 0.210765 -0.030327
1757580029.282847 -0.296979 -0.000572 0.002480 -0.040246 -0.440795 -0.003242 0.210765 -0.030708
1757580029.284891 -0.298123 -0.000572 0.002480 -0.041009 -0.441558 -0.003242 0.210765 -0.031472
1757580029.286863 -0.299268 -0.000572 0.002480 -0.041772 -0.442702 -0.003242 0.210765 -0.032235
1757580029.288859 -0.300031 -0.000572 0.002480 -0.042535 -0.443847 -0.003242 0.210765 -0.032998
1757580029.290852 -0.301175 -0.000572 0.002480 -0.043298 -0.444991 -0.003242 0.210765 -0.033761
1757580029.292859 -0.301938 -0.000572 0.002480 -0.043679 -0.446136 -0.003242 0.210765 -0.034142
1757580029.294863 -0.303082 -0.000572 0.002480 -0.044442 -0.447280 -0.003242 0.210765 -0.034905
1757580029.296844 -0.304227 -0.000572 0.002480 -0.045205 -0.448424 -0.003242 0.210765 -0.035287
1757580029.298850 -0.304990 -0.000572 0.002480 -0.045968 -0.449569 -0.003242 0.210765 -0.036050
1757580029.300845 -0.306134 -0.000572 0.002480 -0.046731 -0.450713 -0.003242 0.210765 -0.036813
1757580029.302859 -0.306897 -0.000572 0.002480 -0.047494 -0.451858 -0.003242 0.210765 -0.037576
1757580029.304842 -0.308042 -0.000572 0.002480 -0.048257 -0.452621 -0.003242 0.210765 -0.037957
1757580029.306848 -0.308805 -0.000572 0.002480 -0.049020 -0.453765 -0.003242 0.210765 -0.038720
1757580029.308841 -0.309949 -0.000572 0.002480 -0.049783 -0.454909 -0.003242 0.210765 -0.039483
1757580029.310859 -0.310712 -0.000572 0.002480 -0.050546 -0.456054 -0.003242 0.210765 -0.040246
1757580029.312845 -0.311856 -0.000572 0.002480 -0.051309 -0.457198 -0.003242 0.210765 -0.040627
1757580029.314848 -0.312619 -0.000572 0.002480 -0.051690 -0.457961 -0.003242 0.210765 -0.041390
1757580029.316880 -0.313764 -0.000572 0.002480 -0.052453 -0.459105 -0.003242 0.210765 -0.042153
1757580029.318862 -0.314527 -0.000572 0.002480 -0.053216 -0.460250 -0.003242 0.210765 -0.042916
1757580029.320850 -0.315671 -0.000572 0.002480 -0.053979 -0.461013 -0.003242 0.210765 -0.043298
1757580029.322882 -0.316434 -0.000572 0.002480 -0.054742 -0.462157 -0.003242 0.210765 -0.044061
1757580029.324859 -0.317578 -0.000572 0.002480 -0.055505 -0.463302 -0.003242 0.210765 -0.044824
1757580029.326874 -0.318341 -0.000572 0.002480 -0.056268 -0.464446 -0.003242 0.210765 -0.045205
1757580029.328851 -0.319104 -0.000572 0.002480 -0.057031 -0.465209 -0.003242 0.210765 -0.045968
1757580029.330849 -0.320249 -0.000572 0.002480 -0.057794 -0.466353 -0.003242 0.210765 -0.046731
1757580029.332841 -0.321012 -0.000572 0.002480 -0.058557 -0.467498 -0.003242 0.210765 -0.047112
1757580029.334862 -0.322156 -0.000572 0.002480 -0.059319 -0.468261 -0.003242 0.210765 -0.047875
1757580029.336846 -0.322919 -0.000572 0.002480 -0.060082 -0.469406 -0.003242 0.210765 -0.048638
1757580029.338848 -0.323682 -0.000572 0.002480 -0.060845 -0.470169 -0.002861 0.210765 -0.049020
1757580029.340846 -0.324826 -0.000572 0.002480 -0.061608 -0.471313 -0.002861 0.210765 -0.049783
1757580029.342858 -0.325589 -0.000572 0.002480 -0.062371 -0.472458 -0.002861 0.210765 -0.050546
1757580029.344844 -0.326734 -0.000572 0.002480 -0.063134 -0.473221 -0.002861 0.210765 -0.050927
1757580029.346928 -0.327497 -0.000572 0.002480 -0.063516 -0.474365 -0.002861 0.210765 -0.051690
1757580029.348869 -0.328259 -0.000572 0.002480 -0.064279 -0.475128 -0.002861 0.210765 -0.052453
1757580029.350872 -0.329404 -0.000572 0.002480 -0.065042 -0.476273 -0.002861 0.210765 -0.052835
1757580029.352893 -0.330167 -0.000572 0.002480 -0.065804 -0.477417 -0.002861 0.210765 -0.053597
1757580029.354864 -0.331311 -0.000572 0.002480 -0.066567 -0.478180 -0.002861 0.210765 -0.054360
1757580029.356845 -0.332074 -0.000572 0.002480 -0.067330 -0.479324 -0.002861 0.210765 -0.055123
1757580029.358891 -0.332837 -0.000572 0.002480 -0.068093 -0.480087 -0.002861 0.210765 -0.055505
1757580029.360854 -0.333982 -0.000572 0.002480 -0.068856 -0.481232 -0.002861 0.210765 -0.056268
1757580029.362857 -0.334744 -0.000572 0.002480 -0.069619 -0.481995 -0.002861 0.210765 -0.057031
1757580029.364852 -0.335507 -0.000572 0.002480 -0.070382 -0.483139 -0.002861 0.210765 -0.057794
1757580029.366878 -0.336652 -0.000572 0.002480 -0.071145 -0.483902 -0.002861 0.210765 -0.058557
1757580029.382233 -0.337415 -0.000572 0.002480 -0.071908 -0.485046 -0.002861 0.210765 -0.059319
1757580029.383066 -0.338178 -0.000572 0.002480 -0.072671 -0.485809 -0.002861 0.210765 -0.060082
1757580029.383692 -0.339322 -0.000572 0.002480 -0.073434 -0.486572 -0.002861 0.210765 -0.060464
1757580029.384297 -0.340085 -0.000572 0.002480 -0.074197 -0.487717 -0.002861 0.210765 -0.061227
1757580029.384909 -0.340848 -0.000572 0.002480 -0.074960 -0.488480 -0.002861 0.210765 -0.061990
1757580029.385514 -0.341992 -0.000572 0.002480 -0.075723 -0.489624 -0.002861 0.210765 -0.062753
1757580029.386100 -0.342755 -0.000572 0.002480 -0.076486 -0.490768 -0.002861 0.210765 -0.063516
1757580029.386709 -0.343518 -0.000572 0.002480 -0.077249 -0.491531 -0.002861 0.210765 -0.064279
1757580029.387371 -0.344664 -0.000572 0.002480 -0.078012 -0.492676 -0.002861 0.210765 -0.065042
1757580029.387973 -0.345427 -0.000572 0.002480 -0.078774 -0.493439 -0.002861 0.210765 -0.065804
1757580029.388849 -0.346189 -0.000572 0.002480 -0.079537 -0.494583 -0.002861 0.210765 -0.066186
1757580029.390861 -0.346952 -0.000572 0.002480 -0.080300 -0.495346 -0.002861 0.210765 -0.066949
1757580029.392852 -0.348097 -0.000572 0.002480 -0.081063 -0.496490 -0.002861 0.210765 -0.067712
1757580029.394855 -0.348860 -0.000572 0.002480 -0.081826 -0.497253 -0.002861 0.210765 -0.068475
1757580029.396851 -0.349623 -0.000572 0.002480 -0.082589 -0.498398 -0.002861 0.210765 -0.069238
1757580029.398864 -0.350767 -0.000572 0.002480 -0.082971 -0.499161 -0.002861 0.210765 -0.070001
1757580029.400852 -0.351530 -0.000572 0.002480 -0.083734 -0.500305 -0.002861 0.210765 -0.070764
1757580029.402868 -0.352674 -0.000572 0.002480 -0.084496 -0.501068 -0.002861 0.210765 -0.071527
1757580029.404853 -0.353437 -0.000572 0.002480 -0.085259 -0.502213 -0.002861 0.210765 -0.072289
1757580029.406862 -0.354200 -0.000572 0.002480 -0.086022 -0.503357 -0.002861 0.210765 -0.073052
1757580029.408849 -0.355345 -0.000572 0.002480 -0.086785 -0.504120 -0.002861 0.210765 -0.073815
1757580029.410875 -0.356108 -0.000572 0.002480 -0.087548 -0.505264 -0.002861 0.210765 -0.074578
1757580029.412846 -0.356871 -0.000572 0.002480 -0.088311 -0.506027 -0.002861 0.210765 -0.075341
1757580029.414855 -0.357634 -0.000572 0.002480 -0.089074 -0.506790 -0.002861 0.210765 -0.076104
1757580029.416847 -0.358778 -0.000572 0.002480 -0.089837 -0.507935 -0.002861 0.210765 -0.076867
1757580029.418856 -0.359541 -0.000572 0.002480 -0.090600 -0.508698 -0.002861 0.210765 -0.077630
1757580029.420851 -0.360304 -0.000572 0.002480 -0.091363 -0.509842 -0.002861 0.210765 -0.078393
1757580029.422851 -0.361448 -0.000572 0.002480 -0.092126 -0.510605 -0.002861 0.210765 -0.079156
1757580029.424866 -0.362211 -0.000191 0.002480 -0.092889 -0.511749 -0.002861 0.210765 -0.079919
1757580029.426847 -0.363356 -0.000191 0.002480 -0.093652 -0.512512 -0.002861 0.210765 -0.080682
1757580029.428864 -0.364119 -0.000191 0.002480 -0.094416 -0.513657 -0.002861 0.210765 -0.081445
1757580029.430861 -0.364882 -0.000191 0.002480 -0.095179 -0.514420 -0.002861 0.210765 -0.082208
1757580029.432849 -0.366026 -0.000191 0.002480 -0.095942 -0.515564 -0.002861 0.210765 -0.082589
1757580029.434879 -0.366789 -0.000191 0.002480 -0.096704 -0.516327 -0.002861 0.210765 -0.083352
1757580029.436896 -0.367552 -0.000191 0.002480 -0.097467 -0.517471 -0.002861 0.210765 -0.084115
1757580029.438922 -0.368696 -0.000191 0.002480 -0.098230 -0.518234 -0.002861 0.210765 -0.084878
1757580029.440944 -0.369459 -0.000191 0.002480 -0.098993 -0.519379 -0.002861 0.210765 -0.085641
1757580029.442863 -0.370604 -0.000191 0.002480 -0.099756 -0.520142 -0.002861 0.210765 -0.086404
1757580029.444853 -0.371367 -0.000191 0.002480 -0.100519 -0.521286 -0.002861 0.210765 -0.087167
1757580029.446854 -0.372129 -0.000191 0.002480 -0.101282 -0.522049 -0.002861 0.210765 -0.087930
1757580029.448859 -0.373274 -0.000191 0.002480 -0.102427 -0.523193 -0.002861 0.210765 -0.089074
1757580029.450836 -0.374037 -0.000191 0.002480 -0.103189 -0.523956 -0.002861 0.210765 -0.089837
1757580029.452896 -0.374800 -0.000191 0.002480 -0.103952 -0.525101 -0.002861 0.210765 -0.090600
1757580029.454842 -0.375944 -0.000191 0.002480 -0.104715 -0.525864 -0.002861 0.210765 -0.091363
1757580029.456850 -0.376707 -0.000191 0.002480 -0.105478 -0.527008 -0.002861 0.210765 -0.092126
1757580029.458840 -0.377851 -0.000191 0.002480 -0.106241 -0.527771 -0.002861 0.210765 -0.092889
1757580029.460850 -0.378614 -0.000191 0.002480 -0.107386 -0.528915 -0.002861 0.210765 -0.093652
1757580029.462840 -0.379377 -0.000191 0.002480 -0.108149 -0.529678 -0.002861 0.210765 -0.094416
1757580029.464839 -0.380522 -0.000191 0.002480 -0.108912 -0.530823 -0.002861 0.210765 -0.095179
1757580029.466839 -0.381285 -0.000191 0.002480 -0.109674 -0.531587 -0.002861 0.210765 -0.095942
1757580029.468849 -0.382429 -0.000191 0.002480 -0.110437 -0.532731 -0.002861 0.210765 -0.096704
1757580029.470837 -0.383192 -0.000191 0.002480 -0.111200 -0.533875 -0.002861 0.210765 -0.097467
1757580029.472873 -0.384336 -0.000191 0.002480 -0.111963 -0.534638 -0.002861 0.210765 -0.098230
1757580029.474851 -0.385099 -0.000191 0.002480 -0.113108 -0.535783 -0.002861 0.210765 -0.098993
1757580029.476856 -0.386244 -0.000191 0.002480 -0.113871 -0.536546 -0.002861 0.210765 -0.099756
1757580029.478846 -0.387007 -0.000191 0.002480 -0.114634 -0.537690 -0.002861 0.210765 -0.100519
1757580029.480849 -0.388151 -0.000191 0.002480 -0.115396 -0.538453 -0.002861 0.210765 -0.101282
1757580029.482839 -0.388914 -0.000191 0.002480 -0.116159 -0.539598 -0.002861 0.210765 -0.102045
1757580029.484837 -0.390059 -0.000191 0.002480 -0.117304 -0.540360 -0.002861 0.210765 -0.102427
1757580029.486841 -0.390821 -0.000191 0.002480 -0.118067 -0.541505 -0.002861 0.210765 -0.103189
1757580029.488850 -0.391966 -0.000191 0.002480 -0.118830 -0.542268 -0.002861 0.210765 -0.103952
1757580029.490835 -0.392729 -0.000191 0.002480 -0.119593 -0.543412 -0.002861 0.210765 -0.104715
1757580029.492840 -0.393873 -0.000191 0.002480 -0.120737 -0.544175 -0.002861 0.210765 -0.105478
1757580029.494839 -0.394636 -0.000191 0.002480 -0.121500 -0.544938 -0.002861 0.210765 -0.106241
1757580029.496849 -0.395781 -0.000191 0.002480 -0.122263 -0.546082 -0.002861 0.210765 -0.107004
1757580029.498842 -0.396544 -0.000191 0.002480 -0.123026 -0.546845 -0.002861 0.210765 -0.107767
1757580029.500838 -0.397688 -0.000191 0.002480 -0.124170 -0.547608 -0.002861 0.210765 -0.108149
1757580029.502884 -0.398451 -0.000191 0.002480 -0.124933 -0.548753 -0.002861 0.210765 -0.108912
1757580029.504851 -0.399595 -0.000191 0.002480 -0.125696 -0.549516 -0.002861 0.210765 -0.109674
1757580029.506839 -0.400740 -0.000191 0.002480 -0.126459 -0.550279 -0.002861 0.210765 -0.110056
1757580029.508841 -0.401503 -0.000191 0.002480 -0.127222 -0.551042 -0.002861 0.210765 -0.110819
1757580029.510844 -0.402266 -0.000191 0.002480 -0.128366 -0.551805 -0.002861 0.210765 -0.111200
1757580029.512848 -0.403410 -0.000191 0.002480 -0.129129 -0.552567 -0.002861 0.210765 -0.111963
1757580029.514845 -0.404173 -0.000191 0.002480 -0.129892 -0.553330 -0.002861 0.210765 -0.112726
1757580029.516840 -0.405317 -0.000191 0.002480 -0.131037 -0.554093 -0.002861 0.210765 -0.113108
1757580029.518839 -0.406080 -0.000191 0.002480 -0.131800 -0.554856 -0.002861 0.210765 -0.113871
1757580029.520838 -0.407226 -0.000191 0.002480 -0.132563 -0.555619 -0.002861 0.210765 -0.114634
1757580029.522836 -0.407989 -0.000191 0.002480 -0.133707 -0.556382 -0.002861 0.210765 -0.115396
1757580029.524839 -0.408751 -0.000191 0.002480 -0.134470 -0.557145 -0.002861 0.210765 -0.116159
1757580029.526836 -0.409896 -0.000191 0.002480 -0.135614 -0.557527 -0.002861 0.210765 -0.116922
1757580029.528840 -0.410659 -0.000191 0.002480 -0.136377 -0.558290 -0.002861 0.210765 -0.117685
1757580029.530839 -0.411803 -0.000191 0.002480 -0.137140 -0.559052 -0.002861 0.210765 -0.118448
1757580029.532835 -0.412566 -0.000191 0.002480 -0.137903 -0.559815 -0.002861 0.210765 -0.119211
1757580029.534866 -0.413329 -0.000191 0.002480 -0.139048 -0.560578 -0.002861 0.210765 -0.119974
1757580029.536849 -0.414474 -0.000191 0.002480 -0.139811 -0.561341 -0.002861 0.210765 -0.121119
1757580029.538837 -0.415236 -0.000191 0.002480 -0.140574 -0.562104 -0.002861 0.210765 -0.121881
1757580029.540839 -0.415999 -0.000191 0.002480 -0.141336 -0.562867 -0.002861 0.210765 -0.122644
1757580029.542838 -0.417144 -0.000191 0.002480 -0.142099 -0.563630 -0.002861 0.210765 -0.123407
1757580029.544848 -0.417907 -0.000191 0.002480 -0.143244 -0.564775 -0.002861 0.210765 -0.124552
1757580029.546838 -0.419051 -0.000191 0.002480 -0.144007 -0.565537 -0.002861 0.210765 -0.125315
1757580029.548836 -0.419814 -0.000191 0.002480 -0.145151 -0.566300 -0.002861 0.210765 -0.126459
1757580029.550837 -0.420577 -0.000191 0.002480 -0.145914 -0.567063 -0.002861 0.210765 -0.127222
1757580029.552848 -0.421721 -0.000191 0.002480 -0.146677 -0.567826 -0.002861 0.210765 -0.128366
1757580029.554835 -0.422484 -0.000191 0.002480 -0.147821 -0.568971 -0.002861 0.210765 -0.129129
1757580029.556838 -0.423247 -0.000191 0.002480 -0.148584 -0.569734 -0.002861 0.210765 -0.130274
1757580029.558836 -0.424392 -0.000191 0.002480 -0.149729 -0.570878 -0.002861 0.210765 -0.131037
1757580029.560834 -0.425155 -0.000191 0.002480 -0.150492 -0.571641 -0.002861 0.210765 -0.132181
1757580029.562835 -0.425918 -0.000191 0.002480 -0.151255 -0.572404 -0.002861 0.210765 -0.132944
1757580029.564873 -0.427062 -0.000191 0.002480 -0.152399 -0.573548 -0.002861 0.210765 -0.134089
1757580029.566856 -0.427825 -0.000191 0.002480 -0.153162 -0.574311 -0.002480 0.210765 -0.135233
1757580029.568873 -0.428969 -0.000191 0.002480 -0.154306 -0.575456 -0.002480 0.210765 -0.135996
1757580029.570837 -0.429732 -0.000191 0.002480 -0.155069 -0.576219 -0.002480 0.210765 -0.137140
1757580029.572857 -0.430877 -0.000191 0.002480 -0.156214 -0.577363 -0.002480 0.210765 -0.138285
1757580029.574835 -0.431640 -0.000191 0.002480 -0.156978 -0.578126 -0.002480 0.210765 -0.139048
1757580029.576837 -0.432784 -0.000191 0.002480 -0.158122 -0.579270 -0.002480 0.210765 -0.140192
1757580029.578833 -0.433928 -0.000191 0.002480 -0.158885 -0.580415 -0.002480 0.210765 -0.140955
1757580029.580904 -0.434691 -0.000191 0.002480 -0.160029 -0.581178 -0.002480 0.210765 -0.142099
1757580029.582848 -0.435836 -0.000191 0.002480 -0.160792 -0.582322 -0.002480 0.210765 -0.142862
1757580029.584835 -0.436599 -0.000191 0.002480 -0.161937 -0.583085 -0.002480 0.210765 -0.144007
1757580029.586837 -0.437743 -0.000191 0.002480 -0.162700 -0.584229 -0.002480 0.210765 -0.145151
1757580029.588866 -0.438506 -0.000191 0.002480 -0.163844 -0.585374 -0.002480 0.210765 -0.145914
1757580029.590838 -0.439651 -0.000191 0.002480 -0.164607 -0.586137 -0.002480 0.210765 -0.147058
1757580029.592840 -0.440413 -0.000191 0.002480 -0.165751 -0.587281 -0.002480 0.210765 -0.148203
1757580029.594833 -0.441558 -0.000191 0.002480 -0.166514 -0.588426 -0.002480 0.210383 -0.148966
1757580029.596899 -0.442702 -0.000191 0.002480 -0.167659 -0.589189 -0.002480 0.210383 -0.150110
1757580029.598870 -0.443465 -0.000191 0.002480 -0.168422 -0.590333 -0.002480 0.210383 -0.150873
1757580029.600855 -0.444610 -0.000191 0.002480 -0.169185 -0.591477 -0.002480 0.210383 -0.152018
1757580029.602844 -0.445373 -0.000191 0.002480 -0.170329 -0.592622 -0.002480 0.210383 -0.153162
1757580029.604959 -0.446517 -0.000191 0.002480 -0.171092 -0.593385 -0.002480 0.210383 -0.153925
1757580029.606886 -0.447280 -0.000191 0.002480 -0.171855 -0.594530 -0.002480 0.210383 -0.155069
1757580029.608876 -0.448424 -0.000191 0.002480 -0.172999 -0.595675 -0.002480 0.210383 -0.155832
1757580029.610866 -0.449569 -0.000191 0.002480 -0.173762 -0.596819 -0.002480 0.210383 -0.156978
1757580029.612975 -0.450332 -0.000191 0.002480 -0.174907 -0.597963 -0.002480 0.210383 -0.158122
1757580029.614914 -0.451095 -0.000191 0.002480 -0.175670 -0.598726 -0.002480 0.210383 -0.158885
1757580029.616857 -0.452239 -0.000191 0.002480 -0.176814 -0.599871 -0.002480 0.210383 -0.160029
1757580029.618849 -0.453002 -0.000191 0.002480 -0.177577 -0.601015 -0.002480 0.210383 -0.160792
1757580029.620863 -0.454146 -0.000191 0.002480 -0.178721 -0.602160 -0.002480 0.210383 -0.161937
1757580029.622854 -0.454909 -0.000191 0.002480 -0.179484 -0.603304 -0.002480 0.210383 -0.162700
1757580029.624861 -0.456054 -0.000191 0.002480 -0.180629 -0.604448 -0.002480 0.210383 -0.163844
1757580029.626870 -0.456817 -0.000191 0.002480 -0.181773 -0.605593 -0.002480 0.210383 -0.164989
1757580029.628885 -0.457961 -0.000191 0.002480 -0.182536 -0.606356 -0.002480 0.210383 -0.165751
1757580029.630845 -0.458724 -0.000191 0.002480 -0.183681 -0.607500 -0.002480 0.210383 -0.166896
1757580029.632843 -0.459868 -0.000191 0.002480 -0.184443 -0.608644 -0.002480 0.210383 -0.167659
1757580029.634847 -0.460631 -0.000191 0.002480 -0.185588 -0.609789 -0.002480 0.210383 -0.168803
1757580029.636842 -0.461776 -0.000191 0.002480 -0.186732 -0.610933 -0.002861 0.210383 -0.169566
1757580029.638842 -0.462539 -0.000191 0.002480 -0.187495 -0.612078 -0.002861 0.210383 -0.170711
1757580029.640846 -0.463683 -0.000191 0.002480 -0.188640 -0.613222 -0.002861 0.210383 -0.171474
1757580029.642844 -0.464446 -0.000191 0.002480 -0.189784 -0.614367 -0.002861 0.210383 -0.172618
1757580029.644846 -0.465590 -0.000191 0.002480 -0.190547 -0.615129 -0.002861 0.210383 -0.173381
1757580029.646849 -0.466353 -0.000191 0.002480 -0.191691 -0.616274 -0.002861 0.210383 -0.174525
1757580029.648845 -0.467498 -0.000191 0.002480 -0.192836 -0.617418 -0.002861 0.210383 -0.175288
1757580029.650850 -0.468261 -0.000191 0.002480 -0.193980 -0.618563 -0.002861 0.210383 -0.176433
1757580029.652848 -0.469406 -0.000191 0.002480 -0.194743 -0.619707 -0.002861 0.210383 -0.177577
1757580029.654847 -0.470169 -0.000191 0.002480 -0.195888 -0.620852 -0.002861 0.210383 -0.178340
1757580029.656848 -0.471313 -0.000191 0.002480 -0.197032 -0.621996 -0.002861 0.210383 -0.179103
1757580029.658865 -0.472076 -0.000191 0.002480 -0.197795 -0.623140 -0.002861 0.210383 -0.180247
1757580029.660848 -0.473221 -0.000191 0.002480 -0.198939 -0.623903 -0.002861 0.210383 -0.181010
1757580029.662846 -0.473984 -0.000191 0.002480 -0.200084 -0.625048 -0.002861 0.210383 -0.182155
1757580029.664850 -0.475128 -0.000191 0.002480 -0.200847 -0.626192 -0.002861 0.210383 -0.183299
1757580029.666841 -0.475891 -0.000191 0.002480 -0.201991 -0.627337 -0.002861 0.210383 -0.184062
1757580029.668844 -0.477036 -0.000191 0.002480 -0.203135 -0.628481 -0.002861 0.210383 -0.185206
1757580029.670843 -0.477798 -0.000191 0.002480 -0.203898 -0.629244 -0.002861 0.210383 -0.185969
1757580029.672838 -0.478943 -0.000191 0.002480 -0.205043 -0.630388 -0.002861 0.210383 -0.186732
1757580029.674844 -0.479706 -0.000191 0.002480 -0.206187 -0.631533 -0.002861 0.210383 -0.187877
1757580029.676843 -0.480469 -0.000191 0.002480 -0.207332 -0.632677 -0.002861 0.210383 -0.188640
1757580029.678844 -0.481613 -0.000191 0.002480 -0.208476 -0.633440 -0.002861 0.210383 -0.189784
1757580029.680842 -0.482376 -0.000191 0.002480 -0.209620 -0.634584 -0.002861 0.210383 -0.190547
1757580029.682842 -0.483521 -0.000191 0.002480 -0.210383 -0.635729 -0.002861 0.210383 -0.191691
1757580029.684845 -0.484283 -0.000191 0.002480 -0.211528 -0.636492 -0.002861 0.210383 -0.192454
1757580029.686841 -0.485428 -0.000191 0.002480 -0.212672 -0.637636 -0.002861 0.210383 -0.193599
1757580029.688878 -0.486191 -0.000191 0.002480 -0.213817 -0.638781 -0.002861 0.210383 -0.194743
1757580029.690850 -0.487335 -0.000191 0.002480 -0.214961 -0.639544 -0.002861 0.210383 -0.195506
1757580029.692847 -0.488098 -0.000191 0.002480 -0.216105 -0.640688 -0.002861 0.210383 -0.196651
1757580029.694843 -0.489243 -0.000191 0.002480 -0.216868 -0.641451 -0.002861 0.210383 -0.197413
1757580029.696843 -0.490005 -0.000191 0.002480 -0.218013 -0.642595 -0.002861 0.210383 -0.198558
1757580029.698845 -0.491150 -0.000191 0.002480 -0.219158 -0.643358 -0.002861 0.210383 -0.199321
1757580029.700845 -0.491913 -0.000191 0.002861 -0.219921 -0.644503 -0.002861 0.210383 -0.200465
1757580029.702846 -0.493057 -0.000191 0.002861 -0.221066 -0.645647 -0.002861 0.210383 -0.201610
1757580029.704834 -0.494202 0.000191 0.002861 -0.222210 -0.646410 -0.002861 0.210383 -0.202373
1757580029.706842 -0.494965 0.000191 0.002861 -0.223354 -0.647554 -0.002861 0.210383 -0.203517
1757580029.708843 -0.496109 0.000191 0.002861 -0.224499 -0.648699 -0.002861 0.210383 -0.204661
1757580029.710886 -0.496872 0.000191 0.002861 -0.225643 -0.649462 -0.002861 0.210383 -0.205806
1757580029.712885 -0.498016 0.000191 0.002861 -0.226406 -0.650606 -0.002861 0.210383 -0.206950
1757580029.714887 -0.498779 0.000191 0.002861 -0.227551 -0.651751 -0.002861 0.210383 -0.207713
1757580029.716883 -0.499924 0.000191 0.002861 -0.228695 -0.652895 -0.002861 0.210383 -0.208858
1757580029.718901 -0.500687 0.000572 0.002861 -0.229839 -0.653658 -0.002861 0.210383 -0.210002
1757580029.720869 -0.501831 0.000572 0.002861 -0.230602 -0.654802 -0.002861 0.210383 -0.211146
1757580029.722848 -0.502975 0.000572 0.002861 -0.231747 -0.655947 -0.002861 0.210383 -0.212291
1757580029.724843 -0.503738 0.000572 0.002861 -0.232891 -0.657092 -0.002861 0.210383 -0.213435
1757580029.726857 -0.504883 0.000572 0.002861 -0.234035 -0.658237 -0.002861 0.210383 -0.214580
1757580029.728845 -0.505646 0.000572 0.002861 -0.234798 -0.658999 -0.002861 0.210383 -0.215724
1757580029.730843 -0.506790 0.000572 0.002861 -0.235943 -0.660144 -0.002861 0.210383 -0.216868
1757580029.732845 -0.507935 0.000572 0.002861 -0.237087 -0.661288 -0.002861 0.210383 -0.218013
1757580029.734843 -0.508698 0.000572 0.002861 -0.238232 -0.662433 -0.002861 0.210383 -0.219158
1757580029.736844 -0.509842 0.000572 0.002861 -0.239376 -0.663577 -0.002861 0.210383 -0.220303
1757580029.738842 -0.510605 0.000572 0.002861 -0.240520 -0.664721 -0.002861 0.210383 -0.221066
1757580029.740854 -0.511749 0.000572 0.002861 -0.241283 -0.665866 -0.002861 0.210383 -0.222591
1757580029.742848 -0.512512 0.000572 0.002861 -0.242428 -0.667010 -0.002861 0.210383 -0.223736
1757580029.744843 -0.513657 0.000572 0.002861 -0.243572 -0.668155 -0.002861 0.210383 -0.224880
1757580029.746846 -0.514801 0.000572 0.002861 -0.244717 -0.669299 -0.002861 0.210383 -0.226025
1757580029.748839 -0.515564 0.000572 0.002861 -0.245861 -0.670825 -0.002861 0.210383 -0.227169
1757580029.750890 -0.516708 0.000954 0.002861 -0.246624 -0.671969 -0.002861 0.210383 -0.228313
1757580029.752843 -0.517853 0.000954 0.002861 -0.247768 -0.673114 -0.002861 0.210383 -0.229458
1757580029.754848 -0.518616 0.000954 0.002861 -0.248913 -0.674258 -0.003242 0.210383 -0.230602
1757580029.756840 -0.519760 0.000954 0.002861 -0.250057 -0.675784 -0.003242 0.210002 -0.231747
1757580029.758832 -0.520523 0.000954 0.002861 -0.251202 -0.676929 -0.003242 0.210002 -0.232891
1757580029.760841 -0.521667 0.000954 0.002861 -0.251965 -0.678073 -0.003242 0.210002 -0.234035
1757580029.762854 -0.522812 0.000954 0.002861 -0.253109 -0.679599 -0.003242 0.210002 -0.235180
1757580029.764844 -0.523575 0.000954 0.002861 -0.254253 -0.680743 -0.003242 0.210002 -0.236324
1757580029.766841 -0.524719 0.000954 0.002861 -0.255398 -0.682269 -0.003242 0.210002 -0.237469
1757580029.768842 -0.525482 0.000954 0.002861 -0.256542 -0.683414 -0.003624 0.210002 -0.238613
1757580029.770846 -0.526627 0.000954 0.002861 -0.257687 -0.684939 -0.003624 0.210002 -0.239758
1757580029.772840 -0.527771 0.000954 0.002861 -0.258831 -0.686084 -0.003624 0.210002 -0.241283
1757580029.774845 -0.528534 0.000954 0.002861 -0.259594 -0.687610 -0.003624 0.210002 -0.242428
1757580029.776834 -0.529678 0.000954 0.002861 -0.260738 -0.688754 -0.003624 0.210002 -0.243572
1757580029.778842 -0.530823 0.000954 0.002861 -0.261883 -0.689898 -0.003624 0.210002 -0.244717
1757580029.780841 -0.531587 0.000954 0.002861 -0.263027 -0.691424 -0.003624 0.210002 -0.245861
1757580029.782870 -0.532731 0.000954 0.002861 -0.264172 -0.692950 -0.003624 0.210002 -0.247005
1757580029.784890 -0.533875 0.000954 0.002861 -0.264935 -0.694095 -0.004005 0.210002 -0.247768
1757580029.786866 -0.534638 0.000954 0.002861 -0.266079 -0.695621 -0.004005 0.210002 -0.248913
1757580029.788835 -0.535783 0.000954 0.002861 -0.267223 -0.696765 -0.004005 0.210002 -0.250057
1757580029.790884 -0.536546 0.000954 0.002861 -0.268368 -0.698291 -0.004005 0.210002 -0.251202
1757580029.792845 -0.537690 0.000954 0.002861 -0.269512 -0.699435 -0.004005 0.210002 -0.252728
1757580029.794841 -0.538835 0.000954 0.002861 -0.270657 -0.700961 -0.004005 0.210002 -0.253872
1757580029.796842 -0.539598 0.000954 0.002861 -0.271801 -0.702106 -0.004005 0.210002 -0.255016
1757580029.798850 -0.540742 0.000954 0.002861 -0.272945 -0.703631 -0.004005 0.210002 -0.256161
1757580029.800842 -0.541505 0.000954 0.002861 -0.274090 -0.704776 -0.004005 0.210002 -0.257305
1757580029.802841 -0.542649 0.000954 0.002861 -0.275234 -0.706302 -0.004005 0.210002 -0.258450
1757580029.804839 -0.543794 0.000954 0.002861 -0.276379 -0.707446 -0.004005 0.210002 -0.259594
1757580029.806859 -0.544557 0.000954 0.002861 -0.277523 -0.708972 -0.004387 0.210002 -0.260738
1757580029.808841 -0.545701 0.000954 0.002861 -0.278667 -0.710116 -0.004387 0.210002 -0.261883
1757580029.810847 -0.546845 0.000954 0.002861 -0.279812 -0.711642 -0.004387 0.210002 -0.263027
1757580029.812901 -0.547608 0.000954 0.002861 -0.280956 -0.712787 -0.004387 0.210002 -0.264172
1757580029.814858 -0.548753 0.000954 0.002861 -0.282102 -0.714313 -0.004387 0.210002 -0.265316
1757580029.816844 -0.549897 0.000954 0.002861 -0.283246 -0.715457 -0.004387 0.209620 -0.266460
1757580029.818852 -0.550660 0.000954 0.002861 -0.284390 -0.716983 -0.004387 0.209620 -0.267986
1757580029.820844 -0.551805 0.000954 0.002861 -0.285535 -0.718127 -0.004387 0.209620 -0.269131
1757580029.822877 -0.552949 0.000954 0.002861 -0.286679 -0.719654 -0.004387 0.209620 -0.270275
1757580029.824842 -0.554093 0.000954 0.002861 -0.287824 -0.720798 -0.004387 0.209620 -0.271420
1757580029.826846 -0.554856 0.000954 0.002861 -0.288968 -0.721943 -0.004387 0.209620 -0.272564
1757580029.828844 -0.556001 0.000954 0.002861 -0.290112 -0.723469 -0.004387 0.209620 -0.273708
1757580029.830895 -0.557145 0.000954 0.002861 -0.291257 -0.724613 -0.004387 0.209620 -0.275234
1757580029.832844 -0.557908 0.000954 0.002861 -0.292401 -0.725758 -0.004387 0.209620 -0.276379
1757580029.834861 -0.559052 0.000954 0.002861 -0.293546 -0.727283 -0.004387 0.209620 -0.277523
1757580029.836840 -0.560197 0.000954 0.002861 -0.294690 -0.728428 -0.004387 0.209620 -0.278667
1757580029.838881 -0.561341 0.000954 0.002861 -0.295835 -0.729572 -0.004387 0.209620 -0.279812
1757580029.840864 -0.562104 0.000954 0.002861 -0.296597 -0.731098 -0.004387 0.209620 -0.281339
1757580029.842850 -0.563249 0.000954 0.002861 -0.297742 -0.732243 -0.004387 0.209620 -0.282483
1757580029.844888 -0.564393 0.000954 0.002861 -0.298886 -0.733387 -0.004387 0.209620 -0.284009
1757580029.846860 -0.565156 0.000954 0.002861 -0.300031 -0.734913 -0.004387 0.209620 -0.285153
1757580029.848852 -0.566300 0.000954 0.002861 -0.301175 -0.736057 -0.004387 0.209620 -0.286679
1757580029.850853 -0.567445 0.000954 0.002861 -0.302320 -0.737202 -0.004005 0.209620 -0.287824
1757580029.852857 -0.568589 0.000954 0.002861 -0.303464 -0.738728 -0.004005 0.209620 -0.288968
1757580029.854839 -0.569352 0.000954 0.002861 -0.304608 -0.739872 -0.004005 0.209620 -0.290494
1757580029.856849 -0.570497 0.000954 0.002861 -0.305753 -0.741398 -0.004005 0.209620 -0.291638
1757580029.858829 -0.571641 0.000954 0.002861 -0.306516 -0.742542 -0.004005 0.209620 -0.293164
1757580029.860845 -0.572785 0.000954 0.002861 -0.307660 -0.744068 -0.004005 0.209620 -0.294309
1757580029.862840 -0.573548 0.000954 0.002861 -0.308805 -0.745213 -0.004005 0.209620 -0.295835
1757580029.864851 -0.574693 0.000954 0.002861 -0.309949 -0.746357 -0.004005 0.209620 -0.296979
1757580029.866841 -0.575837 0.000954 0.002861 -0.311093 -0.747883 -0.004005 0.209620 -0.298505
1757580029.868848 -0.576600 0.000954 0.002861 -0.312238 -0.749027 -0.004005 0.209620 -0.299649
1757580029.870841 -0.577744 0.000954 0.002861 -0.313382 -0.750553 -0.004005 0.209620 -0.301175
1757580029.872841 -0.578889 0.000954 0.002861 -0.314527 -0.751698 -0.004005 0.209620 -0.302320
1757580029.874876 -0.580033 0.000954 0.002861 -0.315289 -0.753223 -0.004005 0.209620 -0.303845
1757580029.876870 -0.580796 0.000954 0.002861 -0.316434 -0.754749 -0.004005 0.209620 -0.304990
1757580029.878881 -0.581941 0.000954 0.002861 -0.317578 -0.755894 -0.004005 0.209620 -0.306516
1757580029.880858 -0.583085 0.000954 0.002861 -0.318723 -0.757420 -0.004005 0.209620 -0.307660
1757580029.882843 -0.584229 0.000954 0.002861 -0.319867 -0.758564 -0.004005 0.209620 -0.308805
1757580029.884849 -0.584992 0.000954 0.002861 -0.321012 -0.760090 -0.004005 0.209620 -0.310330
1757580029.886837 -0.586137 0.000954 0.002861 -0.321774 -0.761234 -0.004005 0.209620 -0.311475
1757580029.888846 -0.587281 0.000954 0.002861 -0.322919 -0.762760 -0.004005 0.209620 -0.313001
1757580029.890857 -0.588426 0.000954 0.002861 -0.324063 -0.764286 -0.004005 0.209239 -0.314145
1757580029.892849 -0.589189 0.000954 0.002861 -0.325208 -0.765430 -0.004005 0.209239 -0.315671
1757580029.894844 -0.590333 0.000954 0.002861 -0.326352 -0.766956 -0.004005 0.209239 -0.316815
1757580029.896856 -0.591477 0.000954 0.002861 -0.327115 -0.768101 -0.004005 0.209239 -0.317960
1757580029.898839 -0.592240 0.000954 0.002861 -0.328259 -0.769627 -0.004005 0.209239 -0.319486
1757580029.900867 -0.593385 0.000954 0.002861 -0.329404 -0.771152 -0.004005 0.209239 -0.320630
1757580029.902840 -0.594530 0.000954 0.002861 -0.330548 -0.772297 -0.004005 0.209239 -0.321774
1757580029.904854 -0.595293 0.000954 0.002861 -0.331693 -0.773823 -0.004005 0.209239 -0.323300
1757580029.906868 -0.596437 0.000954 0.002861 -0.332837 -0.775349 -0.004005 0.209239 -0.324445
1757580029.908845 -0.597200 0.000954 0.002861 -0.333600 -0.776493 -0.004005 0.209239 -0.325589
1757580029.910858 -0.598345 0.000954 0.002861 -0.334744 -0.778019 -0.004005 0.209239 -0.327115
1757580029.912845 -0.599489 0.000954 0.002861 -0.335889 -0.779545 -0.004005 0.209239 -0.328259
1757580029.914860 -0.600252 0.000954 0.002861 -0.337033 -0.780689 -0.004005 0.209239 -0.329785
1757580029.916853 -0.601397 0.000954 0.002861 -0.338178 -0.782216 -0.004005 0.209239 -0.330930
1757580029.918867 -0.602541 0.000954 0.002861 -0.339322 -0.783742 -0.004387 0.208858 -0.332074
1757580029.920890 -0.603304 0.000954 0.002861 -0.340466 -0.784886 -0.004387 0.208858 -0.333600
1757580029.922863 -0.604448 0.000954 0.002861 -0.341229 -0.786412 -0.004387 0.208858 -0.334744
1757580029.924880 -0.605593 0.000954 0.002861 -0.342374 -0.787938 -0.004387 0.208858 -0.335889
1757580029.926836 -0.606356 0.000954 0.002861 -0.343518 -0.789083 -0.004387 0.208858 -0.337033
1757580029.928845 -0.607500 0.000954 0.002861 -0.344664 -0.790608 -0.004387 0.208858 -0.338559
1757580029.930830 -0.608263 0.000954 0.002861 -0.345808 -0.791753 -0.004387 0.208858 -0.339704
1757580029.932868 -0.609407 0.000572 0.002861 -0.346571 -0.793279 -0.004387 0.208476 -0.340848
1757580029.934831 -0.610170 0.000572 0.002861 -0.347715 -0.794805 -0.004768 0.208476 -0.342374
1757580029.936848 -0.611315 0.000572 0.002861 -0.348860 -0.795949 -0.004768 0.208476 -0.343518
1757580029.938853 -0.612078 0.000572 0.002861 -0.350004 -0.797475 -0.004768 0.208476 -0.344664
1757580029.940867 -0.613222 0.000572 0.002861 -0.351149 -0.798619 -0.004768 0.208476 -0.345808
1757580029.942842 -0.614367 0.000572 0.002861 -0.351912 -0.800145 -0.004768 0.208476 -0.347334
1757580029.944838 -0.615129 0.000572 0.002861 -0.353056 -0.801671 -0.004768 0.208476 -0.348478
1757580029.946837 -0.616274 0.000572 0.002861 -0.354200 -0.802815 -0.004768 0.208095 -0.350004
1757580029.948847 -0.617037 0.000572 0.002861 -0.355345 -0.804341 -0.004768 0.208095 -0.351149
1757580029.950847 -0.618181 0.000572 0.002861 -0.356489 -0.805486 -0.004768 0.208095 -0.352293
1757580029.952834 -0.618944 0.000572 0.002861 -0.357252 -0.807012 -0.004768 0.208095 -0.353437
1757580029.954839 -0.619707 0.000572 0.002861 -0.358397 -0.808156 -0.004768 0.208095 -0.354963
1757580029.956846 -0.620852 0.000572 0.002861 -0.359541 -0.809682 -0.004768 0.208095 -0.356108
1757580029.958838 -0.621996 0.000572 0.002861 -0.360685 -0.810826 -0.004768 0.208095 -0.357634
1757580029.960834 -0.622759 0.000572 0.002861 -0.361830 -0.812352 -0.004387 0.208095 -0.358778
1757580029.962830 -0.623903 0.000572 0.002861 -0.362974 -0.813497 -0.004387 0.208095 -0.359922
1757580029.964845 -0.624666 0.000572 0.002861 -0.363737 -0.814641 -0.004387 0.207713 -0.361448
1757580029.966840 -0.625811 0.000572 0.002861 -0.364882 -0.816167 -0.004387 0.207713 -0.362593
1757580029.968866 -0.626574 0.000572 0.002861 -0.366026 -0.817311 -0.004387 0.207713 -0.363737
1757580029.970843 -0.627718 0.000572 0.002861 -0.367170 -0.818837 -0.004387 0.207713 -0.365263
1757580029.972845 -0.628862 0.000572 0.002861 -0.368315 -0.819982 -0.004387 0.207713 -0.366407
1757580029.974841 -0.629625 0.000572 0.002861 -0.369459 -0.821126 -0.004387 0.207713 -0.367552
1757580029.976857 -0.630770 0.000572 0.002861 -0.370604 -0.822652 -0.004387 0.207713 -0.369078
1757580029.978838 -0.631914 0.000572 0.002861 -0.371367 -0.823796 -0.004387 0.207332 -0.370222
1757580029.980844 -0.632677 0.000572 0.002861 -0.372511 -0.824941 -0.004387 0.207332 -0.371748
1757580029.982841 -0.633821 0.000572 0.002861 -0.373655 -0.826085 -0.004387 0.207332 -0.372892
1757580029.984854 -0.634966 0.000572 0.002861 -0.374800 -0.827611 -0.004387 0.207332 -0.374418
1757580029.986839 -0.635729 0.000572 0.002861 -0.375944 -0.828755 -0.004387 0.207332 -0.375563
1757580029.988842 -0.636873 0.000572 0.002861 -0.377089 -0.829900 -0.004387 0.207332 -0.376707
1757580029.990840 -0.637636 0.000572 0.002861 -0.378233 -0.831044 -0.004387 0.207332 -0.378233
1757580029.992852 -0.638781 0.000572 0.002861 -0.378996 -0.832570 -0.004387 0.207332 -0.379377
1757580029.994841 -0.639925 0.000572 0.002861 -0.380140 -0.833714 -0.004387 0.206950 -0.380522
1757580029.996844 -0.641069 0.000572 0.002861 -0.381285 -0.834859 -0.004387 0.206950 -0.382048
1757580029.998873 -0.641832 0.000572 0.002861 -0.382048 -0.836003 -0.004387 0.206950 -0.383192
1757580030.000875 -0.642977 0.000572 0.002861 -0.383192 -0.837529 -0.004387 0.206950 -0.384336
1757580030.002849 -0.644121 0.000572 0.002861 -0.384336 -0.838674 -0.004387 0.206950 -0.385862
1757580030.004852 -0.644884 0.000572 0.002861 -0.385099 -0.839818 -0.004387 0.206950 -0.387007
1757580030.006845 -0.646029 0.000572 0.002861 -0.386244 -0.840962 -0.004387 0.206950 -0.388151
1757580030.008854 -0.646791 0.000572 0.002861 -0.387388 -0.842107 -0.004387 0.206950 -0.389677
1757580030.010837 -0.647936 0.000572 0.002861 -0.388151 -0.843633 -0.004387 0.206569 -0.390821
1757580030.012847 -0.649080 0.000572 0.002861 -0.389296 -0.844778 -0.004387 0.206569 -0.391966
1757580030.014840 -0.649843 0.000572 0.002861 -0.390440 -0.845922 -0.004387 0.206569 -0.393110
1757580030.016851 -0.650988 0.000572 0.002861 -0.391203 -0.847067 -0.004387 0.206569 -0.394255
1757580030.018840 -0.651751 0.000572 0.002861 -0.392347 -0.848593 -0.004387 0.206569 -0.395399
1757580030.020848 -0.652895 0.000572 0.002861 -0.393110 -0.849737 -0.004387 0.206569 -0.396925
1757580030.022837 -0.653658 0.000572 0.002861 -0.394255 -0.850882 -0.004387 0.206569 -0.398069
1757580030.024849 -0.654802 0.000572 0.002861 -0.395018 -0.852026 -0.004387 0.206569 -0.399214
1757580030.026834 -0.655565 0.000572 0.002861 -0.396162 -0.853170 -0.004387 0.206187 -0.400358
1757580030.028846 -0.656711 0.000572 0.002861 -0.396925 -0.854315 -0.004387 0.206187 -0.401503
1757580030.030965 -0.657474 0.000572 0.002861 -0.397688 -0.855459 -0.004387 0.206187 -0.402647
1757580030.032852 -0.658237 0.000572 0.002861 -0.398832 -0.856604 -0.004387 0.206187 -0.403791
1757580030.034847 -0.659381 0.000572 0.002861 -0.399595 -0.857748 -0.004387 0.206187 -0.404936
1757580030.036839 -0.660144 0.000572 0.002861 -0.400740 -0.858892 -0.004387 0.206187 -0.406463
1757580030.038850 -0.660907 0.000572 0.002861 -0.401503 -0.860037 -0.004387 0.206187 -0.407607
1757580030.040896 -0.662051 0.000572 0.002861 -0.402647 -0.861181 -0.004387 0.206187 -0.408751
1757580030.042840 -0.662814 0.000572 0.002861 -0.403791 -0.862326 -0.004387 0.205806 -0.409896
1757580030.044837 -0.663577 0.000572 0.002861 -0.404554 -0.863470 -0.004387 0.205806 -0.411040
1757580030.046837 -0.664721 0.000572 0.002861 -0.405699 -0.864614 -0.004387 0.205806 -0.412185
1757580030.048916 -0.665484 0.000572 0.002861 -0.406844 -0.865759 -0.004387 0.205806 -0.413329
1757580030.050874 -0.666247 0.000572 0.002861 -0.407607 -0.866903 -0.004387 0.205806 -0.414474
1757580030.052856 -0.667392 0.000572 0.002861 -0.408751 -0.868048 -0.004387 0.205806 -0.415618
1757580030.054837 -0.668155 0.000572 0.002861 -0.409896 -0.869192 -0.004387 0.205806 -0.416762
1757580030.056855 -0.669299 0.000572 0.002861 -0.410659 -0.869955 -0.004387 0.205806 -0.417907
1757580030.058840 -0.670062 0.000572 0.002861 -0.411803 -0.871099 -0.004387 0.205424 -0.419051
1757580030.060835 -0.670825 0.000572 0.002861 -0.412948 -0.872244 -0.004387 0.205424 -0.420196
1757580030.062865 -0.671969 0.000572 0.002861 -0.414092 -0.873388 -0.004387 0.205424 -0.421340
1757580030.064848 -0.672732 0.000572 0.002861 -0.415236 -0.874151 -0.004387 0.205424 -0.422484
1757580030.066860 -0.673877 0.000572 0.002861 -0.416381 -0.875296 -0.004387 0.205424 -0.423629
1757580030.068892 -0.674640 0.000572 0.002861 -0.417525 -0.876440 -0.004387 0.205424 -0.424773
1757580030.070880 -0.675784 0.000572 0.002861 -0.418670 -0.877584 -0.004387 0.205424 -0.425918
1757580030.072861 -0.676547 0.000572 0.002861 -0.419814 -0.878347 -0.004387 0.205424 -0.427062
1757580030.074840 -0.677691 0.000572 0.002861 -0.420959 -0.879492 -0.004387 0.205424 -0.428206
1757580030.076869 -0.678454 0.000572 0.002861 -0.422103 -0.880255 -0.004387 0.205043 -0.428969
1757580030.078840 -0.679599 0.000572 0.002861 -0.423247 -0.881399 -0.004387 0.205043 -0.430114
1757580030.080838 -0.680362 0.000191 0.002861 -0.424392 -0.882162 -0.004387 0.205043 -0.431258
1757580030.082839 -0.681506 0.000191 0.002861 -0.425536 -0.883307 -0.004387 0.205043 -0.432403
1757580030.084847 -0.682269 0.000191 0.002861 -0.426681 -0.884069 -0.004387 0.205043 -0.433547
1757580030.086845 -0.683414 0.000191 0.002861 -0.427444 -0.885214 -0.004387 0.205043 -0.434691
1757580030.088839 -0.684176 0.000191 0.002861 -0.428969 -0.885977 -0.004387 0.205043 -0.435836
1757580030.090837 -0.685321 0.000191 0.002861 -0.430114 -0.886740 -0.004387 0.205043 -0.436980
1757580030.092940 -0.686465 0.000191 0.002861 -0.431258 -0.887884 -0.004387 0.205043 -0.438125
1757580030.094883 -0.687228 0.000191 0.002861 -0.432403 -0.888647 -0.004387 0.205043 -0.439269
1757580030.096905 -0.688373 0.000191 0.002861 -0.433547 -0.889791 -0.004387 0.205043 -0.440032
1757580030.098843 -0.689517 0.000191 0.002861 -0.434691 -0.890554 -0.004387 0.204661 -0.441176
1757580030.100845 -0.690661 0.000572 0.002861 -0.435836 -0.891317 -0.004387 0.204661 -0.442321
1757580030.102815 -0.691424 0.000572 0.002861 -0.436980 -0.892462 -0.004387 0.204661 -0.443465
1757580030.104820 -0.692569 0.000572 0.002861 -0.438125 -0.893225 -0.004387 0.204661 -0.444610
1757580030.106808 -0.693713 0.000572 0.002861 -0.439269 -0.893988 -0.004387 0.204661 -0.445754
1757580030.108824 -0.694858 0.000572 0.002861 -0.440413 -0.894751 -0.004387 0.204661 -0.446898
1757580030.110826 -0.695621 0.000572 0.002861 -0.441558 -0.895514 -0.004387 0.204661 -0.448043
1757580030.112844 -0.696765 0.000572 0.002861 -0.442702 -0.896276 -0.004387 0.204661 -0.449187
1757580030.114827 -0.697909 0.000572 0.002861 -0.443847 -0.897421 -0.004387 0.204661 -0.449950
1757580030.116852 -0.699054 0.000572 0.002861 -0.444991 -0.898184 -0.004387 0.204661 -0.451095
1757580030.118837 -0.700198 0.000572 0.002861 -0.446517 -0.898947 -0.004387 0.204661 -0.452239
1757580030.120836 -0.700961 0.000572 0.002861 -0.447661 -0.899710 -0.004387 0.204661 -0.453383
1757580030.122834 -0.702106 0.000572 0.002861 -0.448806 -0.900473 -0.004387 0.204661 -0.454528
1757580030.124871 -0.703250 0.000572 0.002861 -0.449950 -0.901236 -0.004387 0.204661 -0.455672
1757580030.126843 -0.704013 0.000572 0.002861 -0.451095 -0.901999 -0.004005 0.204661 -0.456435
1757580030.128838 -0.705157 0.000572 0.002861 -0.452239 -0.902761 -0.004005 0.204661 -0.457580
1757580030.130836 -0.706302 0.000572 0.002861 -0.453383 -0.903524 -0.004005 0.204661 -0.458724
1757580030.132856 -0.707065 0.000572 0.002861 -0.454528 -0.904287 -0.004005 0.204661 -0.459868
1757580030.134836 -0.708209 0.000572 0.002861 -0.455672 -0.905050 -0.004005 0.204661 -0.461013
1757580030.136836 -0.709353 0.000572 0.002861 -0.456817 -0.905813 -0.004005 0.204661 -0.462157
1757580030.138835 -0.710116 0.000572 0.002861 -0.457961 -0.906577 -0.004005 0.204661 -0.463302
1757580030.140851 -0.711261 0.000572 0.002861 -0.459105 -0.907340 -0.004005 0.204661 -0.464446
1757580030.142838 -0.712405 0.000572 0.002861 -0.460250 -0.908103 -0.004005 0.204661 -0.465590
1757580030.144837 -0.713168 0.000572 0.002861 -0.461394 -0.908866 -0.004005 0.204661 -0.466735
1757580030.146838 -0.714313 0.000572 0.002861 -0.462539 -0.909629 -0.004005 0.204661 -0.467498
1757580030.148851 -0.715075 0.000572 0.002861 -0.463683 -0.910392 -0.003624 0.204661 -0.468642
1757580030.150835 -0.716220 0.000572 0.002861 -0.464828 -0.911155 -0.003624 0.204661 -0.469788
1757580030.152841 -0.717364 0.000572 0.002861 -0.465972 -0.911918 -0.003624 0.204661 -0.470551
1757580030.154840 -0.718127 0.000572 0.002861 -0.467498 -0.912299 -0.003624 0.204661 -0.471695
1757580030.156859 -0.719273 0.000572 0.002861 -0.468642 -0.913062 -0.003624 0.204661 -0.472839
1757580030.158854 -0.720417 0.000572 0.002861 -0.469788 -0.913825 -0.003624 0.204661 -0.473984
1757580030.160838 -0.721561 0.000572 0.002861 -0.470932 -0.914588 -0.003624 0.204661 -0.474747
1757580030.162830 -0.722706 0.000572 0.002861 -0.472076 -0.915351 -0.003624 0.204661 -0.475891
1757580030.164922 -0.723850 0.000572 0.002861 -0.473602 -0.916114 -0.003624 0.204661 -0.477036
1757580030.166855 -0.724995 0.000572 0.002861 -0.474747 -0.916495 -0.003624 0.204661 -0.477798
1757580030.168849 -0.725758 0.000572 0.002861 -0.475891 -0.917258 -0.003242 0.204661 -0.478943
1757580030.170845 -0.726902 0.000572 0.002861 -0.477417 -0.918021 -0.003242 0.204661 -0.480087
1757580030.172882 -0.728046 0.000572 0.002861 -0.478561 -0.918784 -0.003242 0.204661 -0.480850
1757580030.174887 -0.729572 0.000572 0.002861 -0.480087 -0.919547 -0.003242 0.204661 -0.481995
1757580030.176854 -0.730717 0.000572 0.002861 -0.481232 -0.919929 -0.003242 0.204661 -0.483139
1757580030.178846 -0.731861 0.000572 0.002861 -0.482758 -0.920691 -0.003242 0.204661 -0.483902
1757580030.180852 -0.733006 0.000191 0.002861 -0.483902 -0.921454 -0.003242 0.204661 -0.485046
1757580030.182837 -0.734150 0.000191 0.002861 -0.485428 -0.922217 -0.002861 0.204661 -0.486191
1757580030.184858 -0.735294 0.000191 0.002861 -0.486954 -0.922599 -0.002861 0.204661 -0.487335
1757580030.186913 -0.736439 0.000191 0.002861 -0.488098 -0.923362 -0.002861 0.205043 -0.488098
1757580030.188888 -0.737583 0.000191 0.002861 -0.489624 -0.924125 -0.002480 0.205043 -0.489243
1757580030.190886 -0.739109 0.000191 0.002861 -0.490768 -0.924506 -0.002480 0.205043 -0.490387
1757580030.192885 -0.740253 0.000191 0.002861 -0.492294 -0.925269 -0.002480 0.205043 -0.491531
1757580030.194898 -0.741398 0.000191 0.002861 -0.493439 -0.925651 -0.002098 0.205043 -0.492676
1757580030.196888 -0.742924 0.000191 0.002861 -0.494965 -0.926414 -0.002098 0.205043 -0.493820
1757580030.198888 -0.744068 0.000191 0.002861 -0.496109 -0.926795 -0.002098 0.205043 -0.494965
1757580030.200881 -0.745213 0.000191 0.002861 -0.497635 -0.927558 -0.001717 0.205043 -0.496109
1757580030.202889 -0.746357 0.000191 0.002861 -0.498779 -0.927939 -0.001717 0.205043 -0.496872
1757580030.204883 -0.747883 0.000191 0.002861 -0.500305 -0.928702 -0.001717 0.205043 -0.498016
1757580030.206894 -0.749027 0.000191 0.002861 -0.501450 -0.929084 -0.001717 0.205043 -0.499161
1757580030.208887 -0.750172 0.000191 0.002861 -0.502975 -0.929847 -0.001717 0.205043 -0.500305
1757580030.210886 -0.751698 0.000191 0.002861 -0.504120 -0.930228 -0.001335 0.205043 -0.501450
1757580030.212883 -0.752842 0.000191 0.002861 -0.505646 -0.930610 -0.001335 0.205043 -0.502213
1757580030.214890 -0.753986 0.000191 0.002861 -0.507172 -0.931373 -0.001335 0.205043 -0.503357
1757580030.216934 -0.755512 0.000191 0.002861 -0.508316 -0.931754 -0.001335 0.205043 -0.504501
1757580030.218889 -0.756657 0.000191 0.002861 -0.509842 -0.932517 -0.001335 0.205043 -0.505646
1757580030.220886 -0.757801 0.000191 0.002861 -0.511368 -0.932899 -0.000954 0.205043 -0.506790
1757580030.222886 -0.759327 0.000191 0.002861 -0.512512 -0.933661 -0.000954 0.205043 -0.507935
1757580030.224885 -0.760471 0.000191 0.002861 -0.514038 -0.934043 -0.000954 0.205043 -0.509079
1757580030.226889 -0.761616 0.000191 0.002861 -0.515182 -0.934806 -0.000954 0.205043 -0.509842
1757580030.228890 -0.763142 0.000191 0.002861 -0.516708 -0.935187 -0.000954 0.205043 -0.510986
1757580030.230886 -0.764286 0.000191 0.002861 -0.517853 -0.935569 -0.000954 0.205043 -0.512131
1757580030.232885 -0.765430 0.000191 0.002861 -0.519379 -0.936332 -0.000954 0.205043 -0.513275
1757580030.234889 -0.766956 0.000191 0.002861 -0.520523 -0.936713 -0.000954 0.205043 -0.514038
1757580030.236879 -0.768101 0.000191 0.002861 -0.522049 -0.937476 -0.000954 0.205043 -0.515182
1757580030.238885 -0.769245 0.000572 0.002861 -0.523193 -0.937858 -0.000954 0.205043 -0.516327
1757580030.240886 -0.770771 0.000572 0.002861 -0.524719 -0.938621 -0.000954 0.205043 -0.517090
1757580030.242893 -0.771915 0.000572 0.002861 -0.525864 -0.939002 -0.000954 0.204661 -0.518234
1757580030.244888 -0.773060 0.000572 0.002861 -0.527008 -0.939765 -0.000954 0.204661 -0.518997
1757580030.246887 -0.774204 0.000572 0.002861 -0.528534 -0.940146 -0.000954 0.204661 -0.520142
1757580030.248935 -0.775730 0.000572 0.002861 -0.529678 -0.940909 -0.000954 0.204661 -0.521286
1757580030.250890 -0.776875 0.000572 0.002861 -0.531204 -0.941291 -0.000954 0.204661 -0.522049
1757580030.252876 -0.778019 0.000954 0.003242 -0.532350 -0.942054 -0.000954 0.204661 -0.523193
1757580030.254887 -0.779163 0.000954 0.003242 -0.533494 -0.942435 -0.000954 0.204661 -0.524338
1757580030.256890 -0.780689 0.000954 0.003242 -0.535020 -0.942817 -0.000954 0.204661 -0.525101
1757580030.258919 -0.781835 0.000954 0.003242 -0.536164 -0.943580 -0.000954 0.204661 -0.526245
1757580030.260910 -0.782979 0.000954 0.003242 -0.537690 -0.943961 -0.000954 0.204661 -0.527390
1757580030.262887 -0.784123 0.000954 0.003242 -0.538835 -0.944724 -0.000954 0.204661 -0.528152
1757580030.264885 -0.785268 0.000954 0.003242 -0.539979 -0.945106 -0.000954 0.204661 -0.529297
1757580030.266893 -0.786412 0.000954 0.003242 -0.541505 -0.945868 -0.000954 0.204661 -0.530060
1757580030.268888 -0.787557 0.000954 0.003242 -0.542649 -0.946250 -0.000954 0.204280 -0.531204
1757580030.270893 -0.788701 0.000954 0.003242 -0.544175 -0.947013 -0.000954 0.204280 -0.531968
1757580030.272888 -0.790227 0.000954 0.003242 -0.545320 -0.947776 -0.000954 0.204280 -0.532731
1757580030.274885 -0.791371 0.000954 0.003242 -0.546464 -0.948157 -0.000954 0.204280 -0.533875
1757580030.276898 -0.792516 0.000954 0.003242 -0.547990 -0.948920 -0.000954 0.204280 -0.534638
1757580030.278888 -0.793660 0.000954 0.003242 -0.549134 -0.949683 -0.000954 0.204280 -0.535783
1757580030.280887 -0.794805 0.000954 0.003242 -0.550660 -0.950065 -0.001335 0.203898 -0.536546
1757580030.282887 -0.795949 0.000954 0.003242 -0.552186 -0.950828 -0.001335 0.203898 -0.537309
1757580030.284888 -0.797093 0.000954 0.003242 -0.553712 -0.951591 -0.001335 0.203898 -0.538453
1757580030.286892 -0.798238 0.000954 0.003242 -0.554856 -0.951972 -0.001717 0.203898 -0.539216
1757580030.288897 -0.799382 0.000572 0.003242 -0.556382 -0.952735 -0.001717 0.203898 -0.539979
1757580030.290888 -0.800527 0.000572 0.003242 -0.557908 -0.953498 -0.001717 0.203517 -0.541123
1757580030.292886 -0.801671 0.000572 0.003242 -0.559052 -0.954261 -0.002098 0.203517 -0.541886
1757580030.294893 -0.802815 0.000572 0.003242 -0.560578 -0.955024 -0.002098 0.203517 -0.542649
1757580030.296883 -0.803578 0.000572 0.003242 -0.562104 -0.955405 -0.002098 0.203517 -0.543794
1757580030.298886 -0.804723 0.000572 0.003242 -0.563630 -0.956168 -0.002098 0.203517 -0.544557
1757580030.300885 -0.805867 0.000191 0.003242 -0.565156 -0.956931 -0.002098 0.203517 -0.545320
1757580030.302892 -0.807012 0.000191 0.003242 -0.566682 -0.957694 -0.002480 0.203135 -0.546082
1757580030.304897 -0.808156 0.000191 0.003242 -0.568208 -0.958457 -0.002480 0.203135 -0.546845
1757580030.306888 -0.809300 0.000191 0.003242 -0.569734 -0.959220 -0.002480 0.203135 -0.547990
1757580030.308887 -0.810445 0.000191 0.003242 -0.571259 -0.959601 -0.002480 0.203135 -0.548753
1757580030.310893 -0.811589 0.000191 0.003242 -0.572404 -0.960364 -0.002480 0.203135 -0.549516
1757580030.312893 -0.812352 -0.000191 0.003242 -0.573930 -0.961127 -0.002480 0.202754 -0.550279
1757580030.314885 -0.813497 -0.000191 0.003242 -0.575456 -0.961890 -0.002480 0.202754 -0.551423
1757580030.316899 -0.814641 -0.000191 0.003242 -0.576982 -0.962272 -0.002480 0.202754 -0.552186
1757580030.318896 -0.815785 -0.000191 0.003242 -0.578507 -0.963035 -0.002480 0.202754 -0.552949
1757580030.320888 -0.816930 -0.000191 0.003242 -0.580033 -0.963798 -0.002480 0.202754 -0.554093
1757580030.322886 -0.818074 -0.000191 0.003242 -0.581559 -0.964179 -0.002480 0.202754 -0.554856
1757580030.324884 -0.819219 -0.000191 0.003242 -0.583085 -0.964942 -0.002480 0.202754 -0.555619
1757580030.326891 -0.820363 -0.000572 0.003242 -0.584611 -0.965323 -0.002480 0.202373 -0.556764
1757580030.328884 -0.821507 -0.000572 0.003242 -0.585755 -0.966086 -0.002480 0.202373 -0.557527
1757580030.330883 -0.822270 -0.000572 0.003242 -0.587281 -0.966468 -0.002480 0.202373 -0.558290
1757580030.332888 -0.823796 -0.000572 0.003242 -0.588807 -0.967231 -0.002480 0.202373 -0.559434
1757580030.334893 -0.824559 -0.000572 0.003242 -0.590333 -0.967612 -0.002480 0.202373 -0.560197
1757580030.336884 -0.825704 -0.000572 0.003242 -0.591859 -0.967994 -0.002480 0.202373 -0.560960
1757580030.338886 -0.826848 -0.000572 0.003242 -0.593003 -0.968758 -0.002480 0.202373 -0.562104
1757580030.340881 -0.827992 -0.000572 0.003242 -0.594530 -0.969139 -0.002480 0.202373 -0.562867
1757580030.342945 -0.829137 -0.000572 0.003242 -0.595675 -0.969521 -0.002480 0.202373 -0.564012
1757580030.344879 -0.830281 -0.000572 0.003242 -0.597200 -0.969902 -0.002480 0.201991 -0.564775
1757580030.346892 -0.831426 -0.000572 0.003242 -0.598726 -0.970665 -0.002480 0.201991 -0.565919
1757580030.348882 -0.832189 -0.000572 0.003242 -0.599871 -0.971046 -0.002480 0.201991 -0.566682
1757580030.350892 -0.833333 -0.000572 0.003242 -0.601397 -0.971428 -0.002480 0.201991 -0.567826
1757580030.352884 -0.834477 -0.000572 0.003242 -0.602541 -0.972191 -0.002480 0.201991 -0.568589
1757580030.354889 -0.835622 -0.000572 0.003242 -0.604067 -0.972572 -0.002480 0.201991 -0.569734
1757580030.356885 -0.836766 -0.000572 0.003242 -0.605211 -0.972954 -0.002480 0.201991 -0.570878
1757580030.358890 -0.837911 -0.000572 0.003242 -0.606356 -0.973335 -0.002480 0.201991 -0.571641
1757580030.360887 -0.839055 -0.000572 0.003242 -0.607882 -0.974098 -0.002480 0.201610 -0.572785
1757580030.362882 -0.840199 -0.000572 0.003242 -0.609026 -0.974480 -0.002480 0.201610 -0.573548
1757580030.364884 -0.841344 -0.000191 0.003242 -0.610552 -0.974861 -0.002480 0.201610 -0.574693
1757580030.366894 -0.842488 -0.000191 0.003242 -0.611696 -0.975243 -0.002480 0.201610 -0.575837
1757580030.368885 -0.843251 -0.000191 0.003242 -0.612841 -0.976006 -0.002480 0.201610 -0.576600
1757580030.370891 -0.844397 -0.000191 0.003242 -0.614367 -0.976387 -0.002098 0.201610 -0.577744
1757580030.372882 -0.845541 -0.000191 0.003242 -0.615511 -0.976768 -0.002098 0.201610 -0.578507
1757580030.374897 -0.846685 -0.000191 0.003242 -0.616655 -0.977150 -0.002098 0.201610 -0.579652
1757580030.376887 -0.847830 -0.000191 0.003242 -0.617800 -0.977913 -0.002098 0.201610 -0.580796
1757580030.378843 -0.848974 -0.000191 0.003242 -0.619326 -0.978294 -0.002098 0.201610 -0.581941
1757580030.380851 -0.850119 -0.000191 0.003242 -0.620470 -0.978676 -0.001717 0.201610 -0.582704
1757580030.382823 -0.851263 -0.000191 0.003242 -0.621614 -0.979057 -0.001717 0.201610 -0.583848
1757580030.384838 -0.852407 0.000191 0.003242 -0.622759 -0.979439 -0.001717 0.201610 -0.584611
1757580030.386861 -0.853552 0.000191 0.003242 -0.624285 -0.979820 -0.001717 0.201610 -0.585755
1757580030.388839 -0.855078 0.000191 0.003242 -0.625429 -0.980202 -0.001717 0.201610 -0.586518
1757580030.390851 -0.855841 0.000191 0.003242 -0.626574 -0.980583 -0.001717 0.201228 -0.587663
1757580030.392821 -0.856985 0.000191 0.003242 -0.628099 -0.981346 -0.001717 0.201228 -0.588426
1757580030.394913 -0.858130 0.000191 0.003242 -0.629244 -0.981728 -0.001717 0.201228 -0.589570
1757580030.396859 -0.859274 0.000191 0.003242 -0.630388 -0.982109 -0.001717 0.201228 -0.590333
1757580030.398834 -0.860418 0.000572 0.003242 -0.631914 -0.982491 -0.001717 0.201228 -0.591477
1757580030.400847 -0.861563 0.000572 0.003242 -0.633059 -0.982872 -0.001717 0.201228 -0.592240
1757580030.402852 -0.862707 0.000572 0.003242 -0.634584 -0.983253 -0.001717 0.201228 -0.593385
1757580030.404891 -0.863852 0.000572 0.003242 -0.635729 -0.983635 -0.001717 0.201228 -0.594149
1757580030.406823 -0.864996 0.000572 0.003242 -0.636873 -0.984016 -0.001717 0.200847 -0.594912
1757580030.408875 -0.866140 0.000572 0.003242 -0.638399 -0.984398 -0.001717 0.200847 -0.596056
1757580030.410856 -0.867285 0.000572 0.003242 -0.639544 -0.984779 -0.001717 0.200847 -0.596819
1757580030.412837 -0.868429 0.000572 0.003242 -0.641069 -0.985161 -0.001717 0.200847 -0.597963
1757580030.414860 -0.869574 0.000572 0.003242 -0.642214 -0.985542 -0.001717 0.200847 -0.598726
1757580030.416832 -0.870337 0.000954 0.003242 -0.643740 -0.985924 -0.001717 0.200847 -0.599871
1757580030.418867 -0.871481 0.000954 0.003242 -0.645266 -0.986305 -0.001717 0.200847 -0.600634
1757580030.420840 -0.872625 0.000954 0.003242 -0.646410 -0.986687 -0.002098 0.200465 -0.601778
1757580030.422845 -0.873770 0.000954 0.003242 -0.647936 -0.987068 -0.002098 0.200465 -0.602541
1757580030.424835 -0.874914 0.000954 0.003242 -0.649462 -0.987831 -0.002098 0.200465 -0.603304
1757580030.426845 -0.876059 0.000954 0.003242 -0.650606 -0.988213 -0.002098 0.200465 -0.604448
1757580030.428838 -0.877203 0.000954 0.003242 -0.652132 -0.988594 -0.002098 0.200465 -0.605211
1757580030.430848 -0.878347 0.000954 0.003242 -0.653276 -0.988976 -0.002098 0.200084 -0.605974
1757580030.432833 -0.879492 0.001335 0.003242 -0.654802 -0.989357 -0.002480 0.200084 -0.606737
1757580030.434847 -0.880636 0.001335 0.003242 -0.655947 -0.989738 -0.002480 0.200084 -0.607882
1757580030.436860 -0.881781 0.001335 0.003242 -0.657474 -0.990501 -0.002480 0.200084 -0.608644
1757580030.438855 -0.882925 0.001335 0.003242 -0.658618 -0.990883 -0.002480 0.200084 -0.609789
1757580030.440870 -0.884069 0.001717 0.003624 -0.659762 -0.991264 -0.002480 0.200084 -0.610552
1757580030.442839 -0.885214 0.001717 0.003624 -0.661288 -0.991646 -0.002480 0.199702 -0.611315
1757580030.444834 -0.886358 0.001717 0.003624 -0.662433 -0.992027 -0.002480 0.199702 -0.612459
1757580030.446841 -0.887503 0.001717 0.003624 -0.663577 -0.992409 -0.002480 0.199702 -0.613222
1757580030.448834 -0.888647 0.002098 0.003624 -0.664721 -0.993172 -0.002480 0.199702 -0.614367
1757580030.450842 -0.889791 0.002098 0.003624 -0.665866 -0.993553 -0.002480 0.199702 -0.615129
1757580030.452834 -0.890554 0.002098 0.003624 -0.667010 -0.993935 -0.002480 0.199702 -0.616274
1757580030.454842 -0.891699 0.002480 0.003624 -0.668536 -0.994316 -0.002480 0.199321 -0.617037
1757580030.456837 -0.892843 0.002480 0.003624 -0.669681 -0.994698 -0.002480 0.199321 -0.618181
1757580030.458841 -0.893988 0.002480 0.003624 -0.670825 -0.995079 -0.002480 0.199321 -0.618944
1757580030.460836 -0.895132 0.002480 0.003624 -0.671969 -0.995842 -0.002480 0.199321 -0.620089
1757580030.462840 -0.896276 0.002480 0.003624 -0.673114 -0.996223 -0.002480 0.199321 -0.620852
1757580030.464835 -0.897039 0.002480 0.003624 -0.674640 -0.996605 -0.002480 0.199321 -0.621614
1757580030.466864 -0.898184 0.002480 0.003624 -0.675784 -0.996986 -0.002480 0.198939 -0.622377
1757580030.468832 -0.899328 0.002480 0.003624 -0.676929 -0.997368 -0.002480 0.198939 -0.623522
1757580030.470836 -0.900473 0.002480 0.003624 -0.678454 -0.997749 -0.002480 0.198939 -0.624285
1757580030.472838 -0.901236 0.002480 0.003624 -0.679599 -0.998131 -0.002480 0.198939 -0.625048
1757580030.474836 -0.902380 0.002480 0.003624 -0.680743 -0.998512 -0.002480 0.198939 -0.625811
1757580030.476838 -0.903524 0.002480 0.003624 -0.681888 -0.998894 -0.002480 0.198939 -0.626574
1757580030.478833 -0.904287 0.002480 0.003624 -0.683414 -0.999657 -0.002480 0.198558 -0.627718
1757580030.480848 -0.905432 0.002480 0.003624 -0.684558 -1.000038 -0.002480 0.198558 -0.628481
1757580030.482833 -0.906577 0.002480 0.003624 -0.685702 -1.000420 -0.002480 0.198558 -0.629244
1757580030.484832 -0.907722 0.002480 0.003624 -0.687228 -1.000801 -0.002480 0.198558 -0.630007
1757580030.486828 -0.908484 0.002480 0.003624 -0.688373 -1.001183 -0.002861 0.198558 -0.630770
1757580030.488846 -0.909629 0.002480 0.003624 -0.689517 -1.001183 -0.002861 0.198176 -0.631533
1757580030.490835 -0.910773 0.002480 0.003624 -0.691043 -1.001564 -0.002861 0.198176 -0.632296
1757580030.492838 -0.911536 0.002480 0.003624 -0.692187 -1.001945 -0.002861 0.198176 -0.633059
1757580030.494831 -0.912681 0.002480 0.003624 -0.693332 -1.002327 -0.002861 0.198176 -0.633821
1757580030.496841 -0.913825 0.002480 0.003624 -0.694476 -1.002708 -0.002861 0.198176 -0.634584
1757580030.498841 -0.914588 0.002480 0.003624 -0.696002 -1.003090 -0.002861 0.197795 -0.635729
1757580030.500838 -0.915732 0.002480 0.003624 -0.697146 -1.003471 -0.002861 0.197795 -0.636492
1757580030.502833 -0.916495 0.002480 0.003624 -0.698291 -1.003853 -0.003242 0.197795 -0.637255
1757580030.504845 -0.917640 0.002480 0.003624 -0.699435 -1.004234 -0.003242 0.197795 -0.638018
1757580030.506848 -0.918403 0.002480 0.003624 -0.700961 -1.004616 -0.003242 0.197795 -0.639162
1757580030.508837 -0.919547 0.002480 0.003624 -0.702106 -1.004997 -0.002861 0.197795 -0.639925
1757580030.510836 -0.920310 0.002480 0.003624 -0.703250 -1.005379 -0.002861 0.197795 -0.641069
1757580030.512840 -0.921454 0.002480 0.003624 -0.704776 -1.005760 -0.002861 0.197413 -0.641832
1757580030.514832 -0.922217 0.002480 0.003624 -0.705920 -1.006142 -0.002861 0.197413 -0.642977
1757580030.516836 -0.922980 0.002480 0.003624 -0.707065 -1.006523 -0.002861 0.197413 -0.643740
1757580030.518831 -0.924125 0.002480 0.003624 -0.708209 -1.006905 -0.002861 0.197413 -0.644884
1757580030.520840 -0.924888 0.002480 0.003624 -0.709353 -1.007286 -0.002861 0.197413 -0.645647
1757580030.522827 -0.925651 0.002480 0.003624 -0.710879 -1.008049 -0.002861 0.197413 -0.646791
1757580030.524832 -0.926795 0.002480 0.003624 -0.712024 -1.008430 -0.002861 0.197413 -0.647936
1757580030.526827 -0.927558 0.002480 0.003624 -0.713168 -1.008812 -0.002861 0.197032 -0.648699
1757580030.528942 -0.928321 0.002480 0.003624 -0.714313 -1.009193 -0.002861 0.197032 -0.649843
1757580030.530833 -0.929084 0.002480 0.003624 -0.715457 -1.009575 -0.002861 0.197032 -0.650606
1757580030.532852 -0.929847 0.002480 0.003624 -0.716983 -1.009956 -0.002861 0.197032 -0.651751
1757580030.534849 -0.930610 0.002098 0.003624 -0.718127 -1.010719 -0.002861 0.197032 -0.652514
1757580030.536846 -0.931373 0.002098 0.003624 -0.719273 -1.011101 -0.002861 0.197032 -0.653658
1757580030.538833 -0.932136 0.002098 0.003624 -0.720417 -1.011482 -0.002861 0.196651 -0.654421
1757580030.540833 -0.932899 0.002098 0.003624 -0.721561 -1.011864 -0.002861 0.196651 -0.655565
1757580030.542833 -0.933661 0.002098 0.003624 -0.722706 -1.012627 -0.002861 0.196651 -0.656711
1757580030.544845 -0.934424 0.001717 0.003624 -0.723850 -1.013008 -0.002861 0.196651 -0.657474
1757580030.546831 -0.935187 0.001717 0.003624 -0.725376 -1.013390 -0.002861 0.196651 -0.658618
1757580030.548836 -0.935950 0.001717 0.003624 -0.726521 -1.013771 -0.002861 0.196651 -0.659762
1757580030.550828 -0.936332 0.001717 0.003624 -0.727283 -1.014534 -0.002861 0.196651 -0.660525
1757580030.552853 -0.937095 0.001717 0.003624 -0.728428 -1.014915 -0.002861 0.196269 -0.661670
1757580030.554834 -0.937858 0.001335 0.003624 -0.729572 -1.015297 -0.002861 0.196269 -0.662433
1757580030.556831 -0.938621 0.001335 0.003624 -0.730717 -1.016060 -0.002861 0.196269 -0.663577
1757580030.558827 -0.939002 0.001335 0.003242 -0.731861 -1.016441 -0.002861 0.196269 -0.664340
1757580030.560911 -0.939765 0.001335 0.003242 -0.733006 -1.016823 -0.002861 0.196269 -0.665103
1757580030.562869 -0.940146 0.000954 0.003242 -0.734150 -1.017586 -0.002861 0.196269 -0.666247
1757580030.564873 -0.940909 0.000954 0.003242 -0.735294 -1.017967 -0.002861 0.195888 -0.667010
1757580030.566869 -0.941291 0.000954 0.003242 -0.736439 -1.018730 -0.002861 0.195888 -0.667773
1757580030.568872 -0.942054 0.000954 0.003242 -0.737202 -1.019112 -0.002861 0.195888 -0.668918
1757580030.570868 -0.942435 0.000954 0.003242 -0.738346 -1.019493 -0.002861 0.195888 -0.669681
1757580030.572851 -0.943198 0.000954 0.003242 -0.739491 -1.020256 -0.002861 0.195888 -0.670444
1757580030.574834 -0.943580 0.000572 0.003242 -0.740253 -1.020638 -0.002861 0.195888 -0.671588
1757580030.576830 -0.943961 0.000572 0.003242 -0.741398 -1.021019 -0.002861 0.195888 -0.672351
1757580030.578830 -0.944724 0.000572 0.003242 -0.742542 -1.021782 -0.002861 0.195506 -0.673114
1757580030.580850 -0.945106 0.000572 0.003242 -0.743305 -1.022163 -0.002861 0.195506 -0.674258
1757580030.582835 -0.945487 0.000572 0.003242 -0.744450 -1.022926 -0.002861 0.195506 -0.675021
1757580030.584834 -0.945868 0.000572 0.003242 -0.745213 -1.023308 -0.002861 0.195506 -0.675784
1757580030.586829 -0.946631 0.000572 0.003242 -0.746357 -1.023689 -0.002861 0.195506 -0.676929
1757580030.588845 -0.947013 0.000572 0.003624 -0.747120 -1.024452 -0.002861 0.195506 -0.677691
1757580030.590829 -0.947394 0.000572 0.003624 -0.748264 -1.024834 -0.002861 0.195506 -0.678454
1757580030.592862 -0.947776 0.000191 0.003624 -0.749027 -1.025215 -0.002861 0.195125 -0.679599
1757580030.594848 -0.948157 0.000191 0.003624 -0.750172 -1.025978 -0.002861 0.195125 -0.680362
1757580030.596849 -0.948539 0.000191 0.003624 -0.750935 -1.026360 -0.002861 0.195125 -0.681125
1757580030.598835 -0.948920 0.000191 0.003624 -0.752079 -1.027122 -0.003242 0.195125 -0.681888
1757580030.600833 -0.949302 0.000191 0.003624 -0.752842 -1.027504 -0.003242 0.195125 -0.683032
1757580030.602830 -0.950065 0.000191 0.003624 -0.753986 -1.027885 -0.003242 0.194743 -0.683795
1757580030.604847 -0.950446 0.000572 0.003624 -0.754749 -1.028648 -0.003242 0.194743 -0.684558
1757580030.606878 -0.950828 0.000572 0.003624 -0.755512 -1.029030 -0.003242 0.194743 -0.685702
1757580030.608857 -0.950828 0.000572 0.003624 -0.756657 -1.029411 -0.003242 0.194743 -0.686465
1757580030.610833 -0.951209 0.000572 0.003624 -0.757420 -1.030174 -0.003242 0.194743 -0.687228
1757580030.612843 -0.951591 0.000572 0.003624 -0.758564 -1.030556 -0.003242 0.194362 -0.688373
1757580030.614837 -0.951972 0.000572 0.003624 -0.759327 -1.030937 -0.003242 0.194362 -0.689136
1757580030.616831 -0.952353 0.000572 0.003624 -0.760090 -1.031701 -0.003624 0.194362 -0.690280
1757580030.618830 -0.952735 0.000572 0.003624 -0.761234 -1.032083 -0.003624 0.194362 -0.691043
1757580030.620838 -0.953116 0.000572 0.003624 -0.761997 -1.032845 -0.003624 0.194362 -0.692187
1757580030.622876 -0.953498 0.000572 0.003624 -0.762760 -1.033227 -0.003624 0.193980 -0.692950
1757580030.624851 -0.953498 0.000572 0.003624 -0.763905 -1.033990 -0.003624 0.193980 -0.693713
1757580030.626833 -0.953879 0.000572 0.003624 -0.764668 -1.034371 -0.003624 0.193980 -0.694858
1757580030.628849 -0.954261 0.000572 0.003624 -0.765430 -1.035134 -0.003624 0.193980 -0.695621
1757580030.630826 -0.954642 0.000572 0.003624 -0.766575 -1.035516 -0.003624 0.193980 -0.696765
1757580030.632837 -0.955024 0.000572 0.003624 -0.767338 -1.035897 -0.003624 0.193980 -0.697528
1757580030.634831 -0.955024 0.000572 0.003624 -0.768101 -1.036660 -0.003624 0.193599 -0.698291
1757580030.636845 -0.955405 0.000572 0.003624 -0.768864 -1.037042 -0.003624 0.193599 -0.699435
1757580030.638831 -0.955787 0.000572 0.003624 -0.769627 -1.037805 -0.003624 0.193599 -0.700198
1757580030.640828 -0.955787 0.000572 0.003624 -0.770390 -1.038186 -0.003624 0.193599 -0.701343
1757580030.642828 -0.956168 0.000572 0.003624 -0.771534 -1.038568 -0.003624 0.193599 -0.702106
1757580030.644823 -0.956550 0.000572 0.003624 -0.772297 -1.039330 -0.003624 0.193599 -0.703250
1757580030.646826 -0.956550 0.000572 0.003624 -0.773060 -1.039712 -0.003624 0.193599 -0.704013
1757580030.648834 -0.956931 0.000572 0.003624 -0.773823 -1.040093 -0.003624 0.193217 -0.705157
1757580030.650839 -0.956931 0.000572 0.003624 -0.774967 -1.040856 -0.003624 0.193217 -0.705920
1757580030.652876 -0.957313 0.000191 0.003624 -0.775730 -1.041238 -0.003624 0.193217 -0.707065
1757580030.654866 -0.957313 0.000191 0.003242 -0.776493 -1.042001 -0.003624 0.193217 -0.707828
1757580030.656831 -0.957694 0.000191 0.003242 -0.777256 -1.042382 -0.003624 0.193217 -0.708972
1757580030.658857 -0.957694 0.000191 0.003242 -0.778019 -1.042764 -0.003624 0.193217 -0.710116
1757580030.660832 -0.957694 0.000191 0.003242 -0.778782 -1.043527 -0.003624 0.193217 -0.710879
1757580030.662833 -0.958076 0.000191 0.003242 -0.779926 -1.043908 -0.003624 0.192836 -0.712024
1757580030.664831 -0.958076 0.000191 0.003242 -0.780689 -1.044671 -0.003624 0.192836 -0.713168
1757580030.666829 -0.958457 0.000191 0.003242 -0.781453 -1.045053 -0.003624 0.192836 -0.714313
1757580030.668827 -0.958457 0.000191 0.003242 -0.782216 -1.045815 -0.003624 0.192836 -0.715075
1757580030.670833 -0.958457 -0.000191 0.003242 -0.783360 -1.046197 -0.003624 0.192836 -0.716220
1757580030.672825 -0.958838 -0.000191 0.003242 -0.784123 -1.046960 -0.003624 0.192836 -0.717364
1757580030.674831 -0.958838 -0.000191 0.003624 -0.784886 -1.047341 -0.003624 0.192836 -0.718509
1757580030.676829 -0.959220 -0.000191 0.003624 -0.785649 -1.048104 -0.003624 0.192836 -0.719654
1757580030.678830 -0.959220 -0.000191 0.003624 -0.786412 -1.048486 -0.003624 0.192454 -0.720798
1757580030.680829 -0.959601 -0.000191 0.003624 -0.787557 -1.049249 -0.003624 0.192454 -0.721943
1757580030.682853 -0.959601 -0.000191 0.003624 -0.788320 -1.050012 -0.003624 0.192454 -0.723087
1757580030.684877 -0.959601 -0.000191 0.003624 -0.789464 -1.050393 -0.003624 0.192454 -0.724232
1757580030.686839 -0.959983 -0.000191 0.003624 -0.790227 -1.051156 -0.003624 0.192454 -0.725376
1757580030.688853 -0.959983 -0.000191 0.003242 -0.790990 -1.051919 -0.003242 0.192454 -0.726521
1757580030.690843 -0.960364 -0.000191 0.003242 -0.792134 -1.052300 -0.003242 0.192454 -0.727665
1757580030.692825 -0.960364 -0.000191 0.003242 -0.792897 -1.053063 -0.003242 0.192073 -0.728809
1757580030.694835 -0.960746 -0.000191 0.003242 -0.794042 -1.053826 -0.003242 0.192073 -0.729954
1757580030.696824 -0.960746 -0.000191 0.003242 -0.794805 -1.054208 -0.003242 0.192073 -0.731098
1757580030.698842 -0.961127 -0.000191 0.003242 -0.795568 -1.054971 -0.003242 0.192073 -0.732243
1757580030.700827 -0.961127 -0.000191 0.003242 -0.796712 -1.055734 -0.002861 0.192073 -0.733387
1757580030.702829 -0.961509 -0.000572 0.003242 -0.797475 -1.056115 -0.002861 0.192073 -0.734531
1757580030.704828 -0.961890 -0.000572 0.003242 -0.798238 -1.056878 -0.002861 0.192073 -0.735676
1757580030.706842 -0.961890 -0.000572 0.003242 -0.799001 -1.057641 -0.002861 0.192073 -0.736820
1757580030.708828 -0.962272 -0.000572 0.003242 -0.800145 -1.058022 -0.002861 0.192073 -0.737965
1757580030.710831 -0.962272 -0.000572 0.003242 -0.800908 -1.058785 -0.002861 0.191691 -0.739109
1757580030.712827 -0.962653 -0.000572 0.003242 -0.801671 -1.059548 -0.002861 0.191691 -0.740253
1757580030.714841 -0.962653 -0.000954 0.003242 -0.802815 -1.059930 -0.002480 0.191691 -0.741398
1757580030.716840 -0.962653 -0.000954 0.003242 -0.803578 -1.060693 -0.002480 0.191691 -0.742542
1757580030.718846 -0.963035 -0.000954 0.002861 -0.804341 -1.061456 -0.002480 0.191691 -0.744068
1757580030.720825 -0.963035 -0.000954 0.002861 -0.805104 -1.062219 -0.002480 0.191691 -0.745213
1757580030.722842 -0.963035 -0.000954 0.002861 -0.805867 -1.062982 -0.002480 0.191310 -0.746357
1757580030.724830 -0.963035 -0.001335 0.002861 -0.806630 -1.063363 -0.002480 0.191310 -0.747501
1757580030.726835 -0.963416 -0.001335 0.002861 -0.807775 -1.064126 -0.002480 0.191310 -0.748646
1757580030.728822 -0.963416 -0.001335 0.002861 -0.808537 -1.064889 -0.002480 0.191310 -0.749790
1757580030.730837 -0.963416 -0.001335 0.002861 -0.809300 -1.065652 -0.002480 0.191310 -0.750935
1757580030.732829 -0.963416 -0.001335 0.002861 -0.810063 -1.066415 -0.002480 0.191310 -0.752079
1757580030.734829 -0.963416 -0.001335 0.002861 -0.810826 -1.067178 -0.002098 0.190928 -0.753223
1757580030.736827 -0.963798 -0.001717 0.002480 -0.811971 -1.067941 -0.002098 0.190928 -0.754368
1757580030.738837 -0.963798 -0.001717 0.002480 -0.812734 -1.068322 -0.002098 0.190928 -0.755512
1757580030.740815 -0.963798 -0.001717 0.002480 -0.813497 -1.069085 -0.002098 0.190928 -0.756657
1757580030.742832 -0.963798 -0.001717 0.002480 -0.814260 -1.069848 -0.002098 0.190928 -0.757801
1757580030.744824 -0.963798 -0.001717 0.002480 -0.815022 -1.070611 -0.002098 0.190928 -0.758945
1757580030.746879 -0.964179 -0.001717 0.002480 -0.816167 -1.071374 -0.002098 0.190547 -0.760090
1757580030.748833 -0.964179 -0.001717 0.002480 -0.816930 -1.072137 -0.002098 0.190547 -0.761234
1757580030.750835 -0.964179 -0.001717 0.002480 -0.818074 -1.072900 -0.002098 0.190547 -0.762760
1757580030.752835 -0.964179 -0.002098 0.002480 -0.818837 -1.073663 -0.002098 0.190547 -0.763905
1757580030.754839 -0.964561 -0.002098 0.002480 -0.819982 -1.074426 -0.002098 0.190166 -0.765049
1757580030.756827 -0.964561 -0.002098 0.002480 -0.821126 -1.074807 -0.002480 0.190166 -0.766193
1757580030.758830 -0.964561 -0.002098 0.002480 -0.821889 -1.075570 -0.002480 0.190166 -0.767338
1757580030.760828 -0.964942 -0.002098 0.002480 -0.823033 -1.076333 -0.002480 0.190166 -0.768482
1757580030.762843 -0.964942 -0.002098 0.002480 -0.824178 -1.077096 -0.002480 0.189784 -0.769627
1757580030.764828 -0.965323 -0.002098 0.002098 -0.824941 -1.077859 -0.002480 0.189784 -0.770771
1757580030.766841 -0.965323 -0.002098 0.002098 -0.826085 -1.078622 -0.002480 0.189784 -0.771915
1757580030.768828 -0.965705 -0.002480 0.002098 -0.827229 -1.079385 -0.002480 0.189784 -0.773060
1757580030.770830 -0.966086 -0.002480 0.002098 -0.827992 -1.080148 -0.002480 0.189784 -0.774204
1757580030.772824 -0.966086 -0.002480 0.002098 -0.829137 -1.080911 -0.002480 0.189403 -0.775349
1757580030.774841 -0.966468 -0.002480 0.002098 -0.829900 -1.081674 -0.002480 0.189403 -0.776493
1757580030.776826 -0.966468 -0.002480 0.002098 -0.830663 -1.082437 -0.002480 0.189403 -0.777637
1757580030.778867 -0.966849 -0.002480 0.002098 -0.831807 -1.083200 -0.002480 0.189403 -0.778782
1757580030.780825 -0.967231 -0.002480 0.002098 -0.832570 -1.083962 -0.002480 0.189403 -0.779545
1757580030.782843 -0.967231 -0.002480 0.002098 -0.833714 -1.084725 -0.002480 0.189021 -0.780689
1757580030.784832 -0.967612 -0.002480 0.002098 -0.834477 -1.085870 -0.002480 0.189021 -0.781835
1757580030.786828 -0.967612 -0.002861 0.002098 -0.835240 -1.086633 -0.002480 0.189021 -0.782979
1757580030.788825 -0.967994 -0.002861 0.002098 -0.836385 -1.087396 -0.002480 0.189021 -0.784123
1757580030.790860 -0.967994 -0.002861 0.002098 -0.837148 -1.088159 -0.002480 0.188640 -0.785268
1757580030.792829 -0.968375 -0.002861 0.002098 -0.837911 -1.088922 -0.002480 0.188640 -0.786031
1757580030.794866 -0.968375 -0.002861 0.002098 -0.838674 -1.089684 -0.002480 0.188640 -0.787175
1757580030.796850 -0.968758 -0.002861 0.002098 -0.839437 -1.090447 -0.002480 0.188640 -0.788320
1757580030.798840 -0.968758 -0.002861 0.002098 -0.840199 -1.091210 -0.002480 0.188640 -0.789464
1757580030.800827 -0.969139 -0.003242 0.002098 -0.840962 -1.091973 -0.002480 0.188258 -0.790608
1757580030.802827 -0.969139 -0.003242 0.002098 -0.841725 -1.092736 -0.002480 0.188258 -0.791371
1757580030.804825 -0.969139 -0.003242 0.002098 -0.842488 -1.093882 -0.002480 0.188258 -0.792516
1757580030.806839 -0.969521 -0.003242 0.001717 -0.843251 -1.094645 -0.002480 0.188258 -0.793660
1757580030.808822 -0.969521 -0.003242 0.001717 -0.844015 -1.095407 -0.002480 0.187877 -0.794805
1757580030.811125 -0.969521 -0.003242 0.001717 -0.844778 -1.096170 -0.002480 0.187877 -0.795949
1757580030.812831 -0.969902 -0.003242 0.001717 -0.845541 -1.096933 -0.002480 0.187877 -0.796712
1757580030.814840 -0.969902 -0.003624 0.001717 -0.846304 -1.097696 -0.002480 0.187877 -0.797856
1757580030.816835 -0.969902 -0.003624 0.001717 -0.847448 -1.098459 -0.002480 0.187495 -0.799001
1757580030.818830 -0.969902 -0.003624 0.001717 -0.848211 -1.099222 -0.002480 0.187495 -0.800145
1757580030.820823 -0.969902 -0.003624 0.001335 -0.848974 -1.099985 -0.002480 0.187495 -0.801290
1757580030.822838 -0.970284 -0.003624 0.001335 -0.850119 -1.100748 -0.002480 0.187495 -0.802434
1757580030.824824 -0.970284 -0.004005 0.001335 -0.850882 -1.101511 -0.002480 0.187114 -0.803578
1757580030.826826 -0.970284 -0.004005 0.001335 -0.852026 -1.102274 -0.002480 0.187114 -0.804723
1757580030.828825 -0.970284 -0.004005 0.001335 -0.852789 -1.103418 -0.002480 0.187114 -0.805867
1757580030.830840 -0.970665 -0.004005 0.001335 -0.853933 -1.104181 -0.002480 0.187114 -0.807012
1757580030.832827 -0.970665 -0.004387 0.001335 -0.855078 -1.104944 -0.002480 0.186732 -0.808156
1757580030.834824 -0.970665 -0.004387 0.001335 -0.855841 -1.105707 -0.002480 0.186732 -0.809300
1757580030.836823 -0.970665 -0.004387 0.001335 -0.856985 -1.106470 -0.002480 0.186732 -0.810445
1757580030.838897 -0.971046 -0.004387 0.001335 -0.858130 -1.107233 -0.002861 0.186351 -0.811589
1757580030.840892 -0.971046 -0.004387 0.001335 -0.858892 -1.107996 -0.002861 0.186351 -0.813115
1757580030.842829 -0.971046 -0.004387 0.001335 -0.860037 -1.109140 -0.002861 0.185969 -0.814260
1757580030.844832 -0.971428 -0.004768 0.001335 -0.861181 -1.109903 -0.002861 0.185969 -0.815404
1757580030.846967 -0.971428 -0.004768 0.001335 -0.862326 -1.110666 -0.002861 0.185588 -0.816548
1757580030.848847 -0.971809 -0.004768 0.001335 -0.863089 -1.111429 -0.002861 0.185206 -0.817693
1757580030.850838 -0.971809 -0.004768 0.001335 -0.864233 -1.112574 -0.002861 0.185206 -0.818837
1757580030.852837 -0.971809 -0.004768 0.001335 -0.865377 -1.113337 -0.002861 0.184825 -0.819982
1757580030.854940 -0.972191 -0.004768 0.001335 -0.866522 -1.114100 -0.003242 0.184825 -0.821126
1757580030.856836 -0.972191 -0.004768 0.001335 -0.867666 -1.115244 -0.003242 0.184443 -0.822270
1757580030.858824 -0.972572 -0.004768 0.001335 -0.868429 -1.116007 -0.003242 0.184443 -0.823415
1757580030.860829 -0.972572 -0.004768 0.001335 -0.869574 -1.116770 -0.003242 0.184443 -0.824559
1757580030.862818 -0.972572 -0.005150 0.000954 -0.870718 -1.117914 -0.003242 0.184062 -0.825704
1757580030.864828 -0.972954 -0.005150 0.000954 -0.871862 -1.118677 -0.003242 0.184062 -0.826848
1757580030.866819 -0.972954 -0.005150 0.000954 -0.872625 -1.119440 -0.003242 0.183681 -0.827992
1757580030.868828 -0.973335 -0.005150 0.000954 -0.873770 -1.120584 -0.003242 0.183681 -0.829137
1757580030.870813 -0.973335 -0.005150 0.000954 -0.874533 -1.121347 -0.003624 0.183681 -0.830281
1757580030.872847 -0.973335 -0.005531 0.000954 -0.875677 -1.122492 -0.003624 0.183299 -0.831426
1757580030.874829 -0.973717 -0.005531 0.000572 -0.876822 -1.123255 -0.003624 0.183299 -0.832570
1757580030.876836 -0.973717 -0.005913 0.000572 -0.877584 -1.124018 -0.003624 0.183299 -0.833714
1757580030.878851 -0.973717 -0.005913 0.000572 -0.878729 -1.125162 -0.003624 0.182918 -0.834859
1757580030.880846 -0.974098 -0.005913 0.000572 -0.879873 -1.125925 -0.003624 0.182918 -0.836003
1757580030.882825 -0.974098 -0.006294 0.000572 -0.880636 -1.127069 -0.003624 0.182918 -0.836766
1757580030.884827 -0.974098 -0.006294 0.000572 -0.881781 -1.127832 -0.003624 0.182536 -0.837911
1757580030.886823 -0.974098 -0.006676 0.000191 -0.882544 -1.128595 -0.003624 0.182536 -0.839055
1757580030.888824 -0.974480 -0.006676 0.000191 -0.883688 -1.129740 -0.003624 0.182536 -0.840199
1757580030.890824 -0.974480 -0.007057 0.000191 -0.884451 -1.130503 -0.003624 0.182155 -0.840962
1757580030.892829 -0.974480 -0.007057 0.000191 -0.885595 -1.131647 -0.003624 0.182155 -0.842107
1757580030.894819 -0.974480 -0.007439 0.000191 -0.886740 -1.132410 -0.003624 0.182155 -0.843251
1757580030.896826 -0.974861 -0.007439 0.000191 -0.887503 -1.133554 -0.003624 0.181773 -0.844015
1757580030.898837 -0.974861 -0.007820 -0.000191 -0.888647 -1.134317 -0.003624 0.181773 -0.845160
1757580030.900826 -0.974861 -0.007820 -0.000191 -0.889791 -1.135462 -0.003624 0.181392 -0.845922
1757580030.902872 -0.974861 -0.008202 -0.000191 -0.890554 -1.136225 -0.003624 0.181392 -0.847067
1757580030.904831 -0.975243 -0.008202 -0.000191 -0.891699 -1.137369 -0.003624 0.181010 -0.847830
1757580030.906827 -0.975243 -0.008583 -0.000191 -0.892843 -1.138132 -0.003624 0.181010 -0.848974
1757580030.908892 -0.975243 -0.008583 -0.000572 -0.893988 -1.138895 -0.003624 0.180629 -0.850119
1757580030.910825 -0.975624 -0.008965 -0.000572 -0.894751 -1.140039 -0.003624 0.180629 -0.851263
1757580030.912849 -0.975624 -0.008965 -0.000572 -0.895895 -1.140802 -0.004005 0.180247 -0.852026
1757580030.914821 -0.975624 -0.009346 -0.000572 -0.897039 -1.141947 -0.004005 0.180247 -0.853170
1757580030.916833 -0.975624 -0.009346 -0.000572 -0.898184 -1.142710 -0.004005 0.179866 -0.853933
1757580030.918837 -0.976006 -0.009727 -0.000572 -0.899328 -1.143854 -0.004005 0.179866 -0.855078
1757580030.920825 -0.976006 -0.009727 -0.000572 -0.900473 -1.144617 -0.004005 0.179484 -0.855841
1757580030.922835 -0.976006 -0.010109 -0.000572 -0.901617 -1.145380 -0.004005 0.179103 -0.856604
1757580030.924869 -0.976387 -0.010109 -0.000954 -0.902761 -1.146524 -0.004005 0.179103 -0.857748
1757580030.926847 -0.976387 -0.010109 -0.000954 -0.903906 -1.147287 -0.004005 0.178721 -0.858511
1757580030.928830 -0.976768 -0.010490 -0.000954 -0.905050 -1.148050 -0.004387 0.178340 -0.859655
1757580030.930843 -0.976768 -0.010490 -0.000954 -0.906195 -1.149195 -0.004387 0.178340 -0.860418
1757580030.932827 -0.977150 -0.010490 -0.000954 -0.907340 -1.149958 -0.004387 0.177958 -0.861563
1757580030.934850 -0.977150 -0.010872 -0.000954 -0.908484 -1.150721 -0.004387 0.177577 -0.862326
1757580030.936829 -0.977150 -0.010872 -0.000954 -0.909629 -1.151865 -0.004387 0.177577 -0.863470
1757580030.938841 -0.977531 -0.010872 -0.000954 -0.910773 -1.152628 -0.004387 0.177196 -0.864233
1757580030.940861 -0.977531 -0.011253 -0.000954 -0.911918 -1.153391 -0.004387 0.176814 -0.864996
1757580030.942831 -0.977913 -0.011253 -0.001335 -0.913062 -1.154154 -0.004387 0.176814 -0.865759
1757580030.944832 -0.977913 -0.011253 -0.001335 -0.914207 -1.154917 -0.004387 0.176433 -0.866903
1757580030.946836 -0.977913 -0.011635 -0.001335 -0.915351 -1.155680 -0.004768 0.176051 -0.867666
1757580030.948832 -0.978294 -0.011635 -0.001335 -0.916495 -1.156444 -0.004768 0.176051 -0.868429
1757580030.950845 -0.978294 -0.011635 -0.001335 -0.917640 -1.157207 -0.004768 0.175670 -0.869192
1757580030.952825 -0.978676 -0.011635 -0.001335 -0.918784 -1.157969 -0.004768 0.175670 -0.869955
1757580030.954839 -0.978676 -0.012016 -0.001335 -0.919929 -1.158732 -0.004768 0.175288 -0.870718
1757580030.956832 -0.978676 -0.012016 -0.001335 -0.921073 -1.159495 -0.004768 0.174907 -0.871862
1757580030.958842 -0.979057 -0.012398 -0.001335 -0.922217 -1.160258 -0.004768 0.174907 -0.872625
1757580030.960824 -0.979057 -0.012398 -0.001717 -0.923362 -1.161021 -0.004768 0.174525 -0.873388
1757580030.962831 -0.979057 -0.012398 -0.001717 -0.924506 -1.161784 -0.004768 0.174525 -0.874151
1757580030.964880 -0.979439 -0.012779 -0.001717 -0.925651 -1.162547 -0.004768 0.174144 -0.874914
1757580030.966839 -0.979439 -0.012779 -0.001717 -0.926795 -1.162929 -0.004768 0.174144 -0.875677
1757580030.968840 -0.979820 -0.012779 -0.001717 -0.927939 -1.163692 -0.004768 0.174144 -0.876440
1757580030.970822 -0.979820 -0.013161 -0.001717 -0.929084 -1.164454 -0.004768 0.173762 -0.877203
1757580030.972833 -0.979820 -0.013161 -0.001717 -0.930228 -1.164836 -0.004768 0.173762 -0.878347
1757580030.974828 -0.980202 -0.013542 -0.001717 -0.931373 -1.165599 -0.004768 0.173762 -0.879110
1757580030.976834 -0.980202 -0.013542 -0.002098 -0.932517 -1.166362 -0.004768 0.173381 -0.879873
1757580030.978834 -0.980583 -0.013542 -0.002098 -0.933661 -1.166743 -0.004768 0.173381 -0.881018
1757580030.980831 -0.980583 -0.013924 -0.002098 -0.934806 -1.167506 -0.004768 0.173381 -0.881781
1757580030.982832 -0.980965 -0.013924 -0.002098 -0.935569 -1.167888 -0.004768 0.172999 -0.882544
1757580030.984833 -0.980965 -0.013924 -0.002098 -0.936713 -1.168651 -0.004768 0.172999 -0.883688
1757580030.986831 -0.981346 -0.014305 -0.002098 -0.937858 -1.169032 -0.004768 0.172999 -0.884451
1757580030.988829 -0.981346 -0.014305 -0.002098 -0.939002 -1.169795 -0.004768 0.172999 -0.885214
1757580030.990827 -0.981728 -0.014305 -0.002098 -0.940146 -1.170177 -0.004768 0.172999 -0.886358
1757580030.992836 -0.981728 -0.014305 -0.002098 -0.941291 -1.170939 -0.004768 0.172618 -0.887121
1757580030.994823 -0.982109 -0.014687 -0.002098 -0.942435 -1.171321 -0.004768 0.172618 -0.887884
1757580030.996849 -0.982491 -0.014687 -0.002098 -0.943580 -1.172084 -0.004768 0.172618 -0.888647
1757580030.998832 -0.982491 -0.014687 -0.002098 -0.944343 -1.172465 -0.004768 0.172618 -0.889791
1757580031.000832 -0.982872 -0.014687 -0.002098 -0.945487 -1.173228 -0.004768 0.172618 -0.890554
1757580031.002825 -0.983253 -0.014687 -0.002098 -0.946631 -1.173610 -0.004768 0.172236 -0.891317
1757580031.004832 -0.983635 -0.015068 -0.002098 -0.947394 -1.173991 -0.004768 0.172236 -0.892462
1757580031.006828 -0.984016 -0.015068 -0.002098 -0.948539 -1.174754 -0.004768 0.172236 -0.893225
1757580031.008831 -0.984016 -0.015068 -0.002098 -0.949683 -1.175136 -0.004768 0.172236 -0.893988
1757580031.010823 -0.984398 -0.015068 -0.002098 -0.950446 -1.175899 -0.004387 0.172236 -0.894751
1757580031.012829 -0.984779 -0.015068 -0.002098 -0.951591 -1.176280 -0.004387 0.171855 -0.895514
1757580031.014827 -0.985161 -0.015068 -0.002098 -0.952353 -1.176661 -0.004387 0.171855 -0.896658
1757580031.016836 -0.985161 -0.015450 -0.002098 -0.953498 -1.177424 -0.004387 0.171855 -0.897421
1757580031.018824 -0.985542 -0.015450 -0.002098 -0.954261 -1.177806 -0.004387 0.171855 -0.898565
1757580031.020831 -0.985924 -0.015450 -0.002098 -0.955405 -1.178187 -0.004387 0.171474 -0.899328
1757580031.022825 -0.986305 -0.015450 -0.002098 -0.956168 -1.178950 -0.004387 0.171474 -0.900091
1757580031.024833 -0.986687 -0.015450 -0.002098 -0.957313 -1.179332 -0.004387 0.171474 -0.901236
1757580031.026893 -0.986687 -0.015450 -0.002098 -0.958076 -1.179713 -0.004387 0.171474 -0.901999
1757580031.028834 -0.987068 -0.015831 -0.002098 -0.959220 -1.180476 -0.004387 0.171092 -0.902761
1757580031.030825 -0.987450 -0.015831 -0.002098 -0.959983 -1.180858 -0.004387 0.171092 -0.903906
1757580031.032833 -0.987831 -0.015831 -0.002098 -0.961127 -1.181239 -0.004387 0.171092 -0.904669
1757580031.034832 -0.987831 -0.015831 -0.002098 -0.961890 -1.182002 -0.004387 0.171092 -0.905432
1757580031.036829 -0.988213 -0.015831 -0.002098 -0.962653 -1.182384 -0.004387 0.171092 -0.906577
1757580031.038824 -0.988594 -0.016212 -0.002098 -0.963798 -1.182765 -0.004387 0.170711 -0.907340
1757580031.040854 -0.988976 -0.016212 -0.002098 -0.964561 -1.183528 -0.004387 0.170711 -0.908103
1757580031.042826 -0.988976 -0.016212 -0.002098 -0.965705 -1.183909 -0.004387 0.170711 -0.909247
1757580031.044827 -0.989357 -0.016212 -0.002098 -0.966468 -1.184672 -0.004387 0.170711 -0.910010
1757580031.046826 -0.989738 -0.016212 -0.002098 -0.967612 -1.185054 -0.004387 0.170711 -0.911155
1757580031.048829 -0.990120 -0.016594 -0.002098 -0.968758 -1.185435 -0.004387 0.170329 -0.911918
1757580031.050825 -0.990501 -0.016594 -0.002098 -0.969902 -1.186198 -0.004387 0.170329 -0.913062
1757580031.052826 -0.990501 -0.016594 -0.002098 -0.970665 -1.186580 -0.004387 0.170329 -0.913825
1757580031.054826 -0.990883 -0.016594 -0.002098 -0.971809 -1.187343 -0.004387 0.169948 -0.914588
1757580031.056853 -0.991264 -0.016594 -0.002098 -0.972954 -1.187724 -0.004387 0.169948 -0.915351
1757580031.058851 -0.991646 -0.016594 -0.002098 -0.974098 -1.188487 -0.004387 0.169948 -0.916495
1757580031.060872 -0.992027 -0.016594 -0.002098 -0.974861 -1.189250 -0.004387 0.169566 -0.917258
1757580031.062846 -0.992409 -0.016594 -0.002098 -0.976006 -1.189631 -0.004387 0.169566 -0.918021
1757580031.064883 -0.992790 -0.016975 -0.002098 -0.977150 -1.190394 -0.004387 0.169566 -0.918784
1757580031.066853 -0.993172 -0.016975 -0.002098 -0.978294 -1.190776 -0.004768 0.169185 -0.919929
1757580031.068886 -0.993935 -0.016975 -0.002098 -0.979057 -1.191539 -0.004768 0.169185 -0.920691
1757580031.070853 -0.994316 -0.016975 -0.002098 -0.980202 -1.191920 -0.004768 0.169185 -0.921454
1757580031.072822 -0.994698 -0.016975 -0.001717 -0.981346 -1.192683 -0.004768 0.168803 -0.922217
1757580031.074824 -0.995079 -0.016975 -0.001717 -0.982109 -1.193446 -0.004768 0.168803 -0.922980
1757580031.076928 -0.995842 -0.016975 -0.001717 -0.983253 -1.193828 -0.004768 0.168422 -0.923743
1757580031.078837 -0.996223 -0.016975 -0.001717 -0.984398 -1.194591 -0.004768 0.168040 -0.924506
1757580031.080842 -0.996605 -0.016975 -0.001717 -0.985161 -1.194972 -0.004768 0.168040 -0.925269
1757580031.082888 -0.997368 -0.016975 -0.001717 -0.986305 -1.195735 -0.004768 0.167659 -0.926032
1757580031.084912 -0.997749 -0.016975 -0.001717 -0.987450 -1.196116 -0.005150 0.167659 -0.926795
1757580031.086846 -0.998131 -0.016975 -0.001717 -0.988213 -1.196879 -0.005150 0.167277 -0.927939
1757580031.088884 -0.998894 -0.016975 -0.001717 -0.989357 -1.197261 -0.005150 0.167277 -0.928702
1757580031.090828 -0.999657 -0.016975 -0.001717 -0.990120 -1.198024 -0.005150 0.166896 -0.929465
1757580031.092874 -1.000038 -0.016975 -0.001335 -0.991264 -1.198405 -0.005150 0.166896 -0.930228
1757580031.094833 -1.000801 -0.016975 -0.001335 -0.992027 -1.198787 -0.005150 0.166514 -0.930991
1757580031.096816 -1.001183 -0.016975 -0.001335 -0.993172 -1.199550 -0.005150 0.166514 -0.931754
1757580031.098819 -1.001945 -0.016975 -0.001335 -0.993935 -1.199931 -0.005150 0.166133 -0.932517
1757580031.100813 -1.002327 -0.016975 -0.001335 -0.995079 -1.200694 -0.005150 0.166133 -0.933280
1757580031.102824 -1.003090 -0.016975 -0.001335 -0.995842 -1.201076 -0.005150 0.165751 -0.934043
1757580031.104822 -1.003471 -0.016975 -0.001335 -0.996986 -1.201838 -0.005150 0.165751 -0.934806
1757580031.106812 -1.004234 -0.016975 -0.001335 -0.997749 -1.202220 -0.005150 0.165370 -0.935569
1757580031.108814 -1.004997 -0.016594 -0.001335 -0.998894 -1.202983 -0.005150 0.165370 -0.936332
1757580031.110822 -1.005379 -0.016594 -0.001335 -0.999657 -1.203364 -0.005150 0.164989 -0.937095
1757580031.112811 -1.006142 -0.016594 -0.001335 -1.000801 -1.204127 -0.005150 0.164607 -0.937858
1757580031.114811 -1.006905 -0.016975 -0.001335 -1.001945 -1.204509 -0.005150 0.164607 -0.939002
1757580031.116820 -1.007668 -0.016975 -0.001335 -1.003090 -1.205272 -0.005150 0.164226 -0.939765
1757580031.118822 -1.008049 -0.016975 -0.001335 -1.003853 -1.205653 -0.005150 0.163844 -0.940528
1757580031.120836 -1.008812 -0.016975 -0.001335 -1.004997 -1.206416 -0.005150 0.163844 -0.941291
1757580031.122819 -1.009575 -0.016975 -0.001335 -1.006142 -1.206798 -0.005150 0.163463 -0.942054
1757580031.124802 -1.010338 -0.016975 -0.001335 -1.007286 -1.207561 -0.005150 0.163463 -0.942817
1757580031.126800 -1.011101 -0.016975 -0.001335 -1.008430 -1.207942 -0.005531 0.163081 -0.943961
1757580031.128791 -1.011864 -0.016975 -0.001335 -1.009575 -1.208705 -0.005531 0.162700 -0.944724
1757580031.130797 -1.012627 -0.016975 -0.001335 -1.010338 -1.209086 -0.005531 0.162318 -0.945487
1757580031.132794 -1.013008 -0.016975 -0.000954 -1.011482 -1.209849 -0.005531 0.162318 -0.946250
1757580031.134844 -1.013771 -0.016975 -0.000954 -1.012627 -1.210612 -0.005531 0.161937 -0.947013
1757580031.136829 -1.014534 -0.016975 -0.000954 -1.013771 -1.210994 -0.005531 0.161555 -0.947776
1757580031.138811 -1.015297 -0.016975 -0.000954 -1.014915 -1.211757 -0.005531 0.161555 -0.948539
1757580031.140820 -1.016060 -0.016975 -0.000954 -1.016060 -1.212520 -0.005913 0.161174 -0.949302
1757580031.142824 -1.017204 -0.016975 -0.000954 -1.017204 -1.212901 -0.005913 0.160792 -0.950065
1757580031.144812 -1.017967 -0.016594 -0.000954 -1.018349 -1.213664 -0.005913 0.160411 -0.951209
1757580031.146812 -1.018730 -0.016594 -0.000954 -1.019493 -1.214046 -0.005913 0.160411 -0.951972
1757580031.148812 -1.019493 -0.016594 -0.000572 -1.021019 -1.214808 -0.005913 0.160029 -0.952735
1757580031.150853 -1.020256 -0.016594 -0.000572 -1.022163 -1.215571 -0.005913 0.159648 -0.953498
1757580031.152831 -1.021400 -0.016594 -0.000572 -1.023308 -1.215953 -0.005913 0.159266 -0.954261
1757580031.154819 -1.022163 -0.016594 -0.000572 -1.024452 -1.216716 -0.006294 0.158885 -0.955024
1757580031.156818 -1.022926 -0.016594 -0.000572 -1.025597 -1.217479 -0.006294 0.158504 -0.955787
1757580031.158853 -1.023689 -0.016594 -0.000572 -1.026741 -1.217860 -0.006294 0.158122 -0.956550
1757580031.160813 -1.024834 -0.016594 -0.000572 -1.027885 -1.218623 -0.006294 0.157741 -0.957313
1757580031.162811 -1.025597 -0.016594 -0.000572 -1.029030 -1.219387 -0.006294 0.157359 -0.958076
1757580031.164810 -1.026360 -0.016594 -0.000191 -1.030174 -1.219769 -0.006676 0.156978 -0.958838
1757580031.166831 -1.027504 -0.016594 -0.000191 -1.031320 -1.220531 -0.006676 0.156596 -0.959601
1757580031.168832 -1.028267 -0.016212 -0.000191 -1.032464 -1.220913 -0.006676 0.156214 -0.960364
1757580031.170827 -1.029030 -0.016212 -0.000191 -1.033608 -1.221676 -0.006676 0.155832 -0.961127
1757580031.172832 -1.029793 -0.016212 -0.000191 -1.034753 -1.222439 -0.006676 0.155451 -0.961890
1757580031.174811 -1.030937 -0.016212 -0.000191 -1.035897 -1.222820 -0.006676 0.155069 -0.962653
1757580031.176834 -1.031701 -0.016212 0.000191 -1.037042 -1.223583 -0.007057 0.154688 -0.963416
1757580031.178842 -1.032464 -0.016212 0.000191 -1.038186 -1.223965 -0.007057 0.154306 -0.964179
1757580031.180820 -1.033227 -0.015831 0.000191 -1.039330 -1.224728 -0.007057 0.153925 -0.964942
1757580031.182837 -1.034371 -0.015831 0.000191 -1.040475 -1.225109 -0.007057 0.153543 -0.965705
1757580031.184821 -1.035134 -0.015831 0.000191 -1.041619 -1.225872 -0.007057 0.153162 -0.966468
1757580031.186840 -1.035897 -0.015831 0.000191 -1.042764 -1.226254 -0.007439 0.152781 -0.967231
1757580031.188836 -1.037042 -0.015831 0.000191 -1.043908 -1.226635 -0.007439 0.152399 -0.967994
1757580031.190810 -1.037805 -0.015831 0.000191 -1.045053 -1.227398 -0.007439 0.152018 -0.968758
1757580031.192807 -1.038568 -0.015831 0.000572 -1.046197 -1.227779 -0.007439 0.151636 -0.969521
1757580031.194835 -1.039712 -0.015831 0.000572 -1.047341 -1.228542 -0.007439 0.151636 -0.970284
1757580031.196820 -1.040475 -0.015831 0.000572 -1.048486 -1.228924 -0.007439 0.151255 -0.971046
1757580031.198807 -1.041619 -0.015831 0.000572 -1.050012 -1.229305 -0.007820 0.150873 -0.971428
1757580031.200811 -1.042382 -0.015831 0.000572 -1.051156 -1.230068 -0.007820 0.150492 -0.972191
1757580031.202826 -1.043527 -0.015831 0.000572 -1.052300 -1.230450 -0.007820 0.150110 -0.972954
1757580031.204825 -1.044671 -0.015831 0.000572 -1.053445 -1.230831 -0.007820 0.150110 -0.973717
1757580031.206822 -1.045434 -0.015831 0.000572 -1.054589 -1.231594 -0.007820 0.149729 -0.974480
1757580031.208834 -1.046578 -0.015831 0.000572 -1.055734 -1.231976 -0.007820 0.149347 -0.974861
1757580031.210825 -1.047723 -0.015831 0.000572 -1.056878 -1.232357 -0.007820 0.149347 -0.975624
1757580031.212831 -1.048867 -0.015831 0.000572 -1.058022 -1.233120 -0.007820 0.148966 -0.976387
1757580031.214834 -1.049630 -0.015831 0.000572 -1.059167 -1.233501 -0.007820 0.148584 -0.977150
1757580031.216830 -1.050775 -0.015831 0.000572 -1.060311 -1.233883 -0.008202 0.148584 -0.977913
1757580031.218828 -1.051919 -0.015831 0.000954 -1.061456 -1.234264 -0.008202 0.148203 -0.978294
1757580031.220814 -1.052682 -0.015831 0.000954 -1.062600 -1.234646 -0.008202 0.147821 -0.979057
1757580031.222836 -1.053826 -0.015831 0.000954 -1.064126 -1.235409 -0.008202 0.147821 -0.979820
1757580031.224811 -1.054971 -0.015831 0.000954 -1.065270 -1.235790 -0.008202 0.147440 -0.980583
1757580031.226825 -1.056115 -0.015831 0.000954 -1.066033 -1.236172 -0.008202 0.147440 -0.981346
1757580031.228813 -1.057260 -0.015831 0.000954 -1.067178 -1.236553 -0.008202 0.147058 -0.981728
1757580031.230808 -1.058022 -0.015831 0.000954 -1.068322 -1.237316 -0.008202 0.146677 -0.982491
1757580031.232807 -1.059167 -0.015831 0.000954 -1.069467 -1.237698 -0.008202 0.146677 -0.983253
1757580031.234855 -1.060311 -0.015831 0.000954 -1.070611 -1.238079 -0.008202 0.146296 -0.984016
1757580031.236810 -1.061074 -0.015831 0.000954 -1.071755 -1.238461 -0.008202 0.145914 -0.984779
1757580031.238861 -1.062219 -0.015831 0.000954 -1.072900 -1.238842 -0.008202 0.145533 -0.985542
1757580031.240813 -1.063363 -0.015831 0.000954 -1.074044 -1.239223 -0.008202 0.145533 -0.985924
1757580031.242807 -1.064126 -0.015831 0.000954 -1.075189 -1.239605 -0.008202 0.145151 -0.986687
1757580031.244838 -1.065270 -0.015831 0.000954 -1.076333 -1.240368 -0.008202 0.144770 -0.987450
1757580031.246898 -1.066033 -0.015831 0.000954 -1.077477 -1.240749 -0.008202 0.144388 -0.988213
1757580031.248821 -1.067178 -0.015831 0.000954 -1.078622 -1.241131 -0.008202 0.144388 -0.988976
1757580031.250840 -1.068322 -0.015831 0.000954 -1.079766 -1.241512 -0.008202 0.144007 -0.989738
1757580031.252822 -1.069085 -0.015831 0.000954 -1.080911 -1.241894 -0.008202 0.143625 -0.990501
1757580031.254848 -1.070230 -0.015831 0.000954 -1.082055 -1.242275 -0.008202 0.143244 -0.991264
1757580031.256818 -1.070992 -0.015831 0.000954 -1.083200 -1.242657 -0.008583 0.142862 -0.992027
1757580031.258808 -1.072137 -0.015831 0.000954 -1.084344 -1.243038 -0.008583 0.142481 -0.992790
1757580031.260805 -1.072900 -0.015831 0.000954 -1.085488 -1.243801 -0.008583 0.142481 -0.993553
1757580031.262807 -1.074044 -0.015831 0.000954 -1.086633 -1.244183 -0.008583 0.142099 -0.993935
1757580031.264822 -1.074807 -0.015831 0.000954 -1.087777 -1.244564 -0.008583 0.141718 -0.994698
1757580031.266808 -1.075570 -0.015831 0.000954 -1.089303 -1.244946 -0.008583 0.141336 -0.995461
1757580031.268804 -1.076715 -0.015831 0.000954 -1.090447 -1.245708 -0.008583 0.140955 -0.996223
1757580031.270810 -1.077477 -0.015831 0.000954 -1.091592 -1.246090 -0.008583 0.140955 -0.996986
1757580031.272821 -1.078622 -0.015831 0.000954 -1.092736 -1.246471 -0.008583 0.140574 -0.997749
1757580031.274815 -1.079385 -0.015831 0.000954 -1.093882 -1.246853 -0.008583 0.140192 -0.998512
1757580031.276804 -1.080529 -0.015831 0.000954 -1.095407 -1.247616 -0.008583 0.139811 -0.999275
1757580031.278805 -1.081292 -0.015831 0.000954 -1.096552 -1.247997 -0.008583 0.139429 -1.000038
1757580031.280840 -1.082055 -0.015831 0.000954 -1.097696 -1.248379 -0.008583 0.139048 -1.000801
1757580031.282823 -1.083200 -0.016212 0.000954 -1.098841 -1.249142 -0.008583 0.138666 -1.001564
1757580031.284808 -1.083962 -0.016212 0.000954 -1.099985 -1.249523 -0.008583 0.138285 -1.002327
1757580031.286803 -1.084725 -0.016212 0.000954 -1.101130 -1.249905 -0.008583 0.137903 -1.003090
1757580031.288833 -1.085870 -0.016212 0.000954 -1.102274 -1.250668 -0.008583 0.137522 -1.003853
1757580031.290816 -1.086633 -0.016212 0.000954 -1.103800 -1.251049 -0.008965 0.137140 -1.004616
1757580031.292810 -1.087777 -0.016212 0.000954 -1.104944 -1.251431 -0.008965 0.136759 -1.005379
1757580031.294808 -1.088540 -0.016212 0.000954 -1.106089 -1.252193 -0.008965 0.136377 -1.006142
1757580031.296822 -1.089303 -0.016212 0.000954 -1.107233 -1.252575 -0.008965 0.135996 -1.006905
1757580031.298809 -1.090066 -0.016212 0.000954 -1.108377 -1.252956 -0.008965 0.135614 -1.007668
1757580031.300807 -1.091210 -0.016212 0.000954 -1.109522 -1.253719 -0.008965 0.135233 -1.008430
1757580031.302807 -1.091973 -0.016212 0.000954 -1.110666 -1.254101 -0.008965 0.135233 -1.009193
1757580031.304846 -1.092736 -0.016212 0.000954 -1.111811 -1.254482 -0.008965 0.134851 -1.009956
1757580031.306887 -1.093882 -0.016212 0.000954 -1.112955 -1.255245 -0.008965 0.134470 -1.010719
1757580031.308827 -1.094645 -0.016212 0.000954 -1.114100 -1.255627 -0.008965 0.134089 -1.011482
1757580031.310812 -1.095407 -0.016212 0.000954 -1.115244 -1.256390 -0.008965 0.133707 -1.012245
1757580031.312815 -1.096552 -0.016212 0.000954 -1.116388 -1.256771 -0.008965 0.133326 -1.012627
1757580031.314805 -1.097315 -0.016212 0.000954 -1.117533 -1.257534 -0.009346 0.132944 -1.013390
1757580031.316825 -1.098078 -0.016212 0.000954 -1.118677 -1.257915 -0.009346 0.132563 -1.014153
1757580031.318808 -1.098841 -0.016212 0.000954 -1.119440 -1.258297 -0.009346 0.132181 -1.014915
1757580031.320801 -1.099604 -0.016212 0.000954 -1.120584 -1.259060 -0.009346 0.131800 -1.015678
1757580031.322808 -1.100748 -0.016212 0.000954 -1.121347 -1.259441 -0.009346 0.131800 -1.016441
1757580031.324867 -1.101511 -0.016212 0.000954 -1.122492 -1.260204 -0.009346 0.131418 -1.017204
1757580031.326836 -1.102274 -0.016212 0.000954 -1.123255 -1.260586 -0.009346 0.131037 -1.017586
1757580031.328806 -1.103037 -0.016212 0.000954 -1.124018 -1.260967 -0.009346 0.130655 -1.018349
1757580031.330804 -1.103800 -0.016212 0.001335 -1.124781 -1.261730 -0.009346 0.130274 -1.019112
1757580031.332824 -1.104563 -0.016212 0.001335 -1.125544 -1.262112 -0.009346 0.129892 -1.019875
1757580031.334808 -1.105326 -0.016212 0.001335 -1.125925 -1.262875 -0.009346 0.129892 -1.020638
1757580031.336803 -1.106089 -0.016212 0.001335 -1.126688 -1.263256 -0.009346 0.129511 -1.021019
1757580031.338836 -1.106852 -0.016212 0.001335 -1.127069 -1.263638 -0.009346 0.129129 -1.021782
1757580031.340818 -1.107233 -0.016212 0.001335 -1.127451 -1.264400 -0.009346 0.128748 -1.022545
1757580031.342806 -1.107996 -0.016212 0.001335 -1.127832 -1.264782 -0.009346 0.128366 -1.023308
1757580031.344806 -1.108377 -0.015831 0.001717 -1.128214 -1.265545 -0.009346 0.127985 -1.024071
1757580031.346807 -1.109140 -0.015831 0.001717 -1.128595 -1.265926 -0.009346 0.127604 -1.024452
1757580031.348819 -1.109522 -0.015831 0.001717 -1.128595 -1.266689 -0.009346 0.127222 -1.025215
1757580031.350813 -1.109903 -0.015831 0.001717 -1.128977 -1.267071 -0.009346 0.127222 -1.025978
1757580031.352813 -1.110666 -0.015450 0.002098 -1.129358 -1.267452 -0.009346 0.126841 -1.026741
1757580031.354821 -1.111048 -0.015450 0.002098 -1.129740 -1.267834 -0.009346 0.126459 -1.027504
1757580031.356841 -1.111429 -0.015450 0.002098 -1.130121 -1.268597 -0.009346 0.126078 -1.028648
1757580031.358807 -1.111811 -0.015450 0.002480 -1.130503 -1.268978 -0.009727 0.125315 -1.029411
1757580031.360806 -1.112192 -0.015450 0.002480 -1.130884 -1.269360 -0.009727 0.124933 -1.030174
1757580031.362804 -1.112574 -0.015068 0.002480 -1.131647 -1.270123 -0.009727 0.124552 -1.030937
1757580031.364861 -1.113337 -0.015068 0.002480 -1.132410 -1.270504 -0.009727 0.124170 -1.031701
1757580031.366805 -1.113718 -0.015068 0.002480 -1.133173 -1.271267 -0.009727 0.123789 -1.032464
1757580031.368883 -1.114100 -0.015068 0.002861 -1.133936 -1.271648 -0.009727 0.123407 -1.033227
1757580031.370817 -1.114862 -0.015068 0.002861 -1.134699 -1.272030 -0.009727 0.123026 -1.033990
1757580031.372879 -1.115244 -0.015068 0.002861 -1.135843 -1.272411 -0.009727 0.122263 -1.034371
1757580031.374822 -1.116007 -0.015068 0.002480 -1.136606 -1.273174 -0.010109 0.121881 -1.035134
1757580031.376829 -1.116388 -0.015068 0.002480 -1.137751 -1.273556 -0.010109 0.121500 -1.035897
1757580031.378817 -1.117151 -0.015068 0.002480 -1.138895 -1.274319 -0.010109 0.121119 -1.036660
1757580031.380816 -1.117914 -0.015068 0.002480 -1.140039 -1.274700 -0.010109 0.120356 -1.037423
1757580031.382811 -1.118296 -0.015068 0.002480 -1.141184 -1.275082 -0.010109 0.119974 -1.038186
1757580031.384855 -1.119059 -0.015450 0.002480 -1.142328 -1.275845 -0.010109 0.119593 -1.038568
1757580031.386819 -1.119822 -0.015450 0.002480 -1.143473 -1.276226 -0.010109 0.118830 -1.039330
1757580031.388819 -1.120584 -0.015450 0.002480 -1.144617 -1.276989 -0.010109 0.118448 -1.040093
1757580031.390813 -1.121347 -0.015450 0.002480 -1.146143 -1.277370 -0.010109 0.118067 -1.040856
1757580031.392856 -1.122110 -0.015450 0.002480 -1.147287 -1.277752 -0.010490 0.117685 -1.041238
1757580031.394819 -1.122873 -0.015831 0.002480 -1.148432 -1.278515 -0.010490 0.116922 -1.042001
1757580031.396809 -1.123636 -0.015831 0.002480 -1.149576 -1.278896 -0.010490 0.116541 -1.042382
1757580031.398815 -1.124399 -0.015831 0.002480 -1.150721 -1.279659 -0.010490 0.116159 -1.043145
1757580031.400834 -1.125162 -0.015831 0.002480 -1.152246 -1.280041 -0.010490 0.115778 -1.043908
1757580031.402821 -1.125925 -0.015831 0.002480 -1.153391 -1.280422 -0.010490 0.115396 -1.044671
1757580031.404809 -1.126688 -0.016212 0.002480 -1.154535 -1.281185 -0.010490 0.114634 -1.045053
1757580031.406827 -1.127451 -0.016212 0.002480 -1.155680 -1.281568 -0.010490 0.114252 -1.045815
1757580031.408837 -1.128214 -0.016212 0.002480 -1.156825 -1.281949 -0.010490 0.113871 -1.046578
1757580031.410816 -1.128977 -0.016212 0.002480 -1.157969 -1.282712 -0.010490 0.113489 -1.047341
1757580031.412811 -1.129740 -0.016212 0.002480 -1.159114 -1.283093 -0.010490 0.113108 -1.048104
1757580031.414815 -1.130121 -0.016212 0.002480 -1.160258 -1.283475 -0.010490 0.112726 -1.048486
1757580031.416811 -1.130884 -0.016212 0.002480 -1.161403 -1.284238 -0.010490 0.112345 -1.049249
1757580031.418816 -1.131647 -0.016212 0.002480 -1.162166 -1.284619 -0.010490 0.111963 -1.050012
1757580031.420834 -1.132410 -0.016212 0.002480 -1.163310 -1.285382 -0.010490 0.111200 -1.050393
1757580031.422813 -1.133173 -0.016212 0.002480 -1.164454 -1.285764 -0.010490 0.110819 -1.051156
1757580031.424829 -1.133936 -0.016594 0.002480 -1.165599 -1.286145 -0.010490 0.110437 -1.051919
1757580031.426818 -1.134317 -0.016594 0.002861 -1.166743 -1.286908 -0.010490 0.110056 -1.052300
1757580031.428824 -1.135080 -0.016594 0.002861 -1.167888 -1.287290 -0.010490 0.109674 -1.053063
1757580031.430897 -1.135843 -0.016594 0.002861 -1.169032 -1.287671 -0.010490 0.109293 -1.053445
1757580031.432818 -1.136606 -0.016594 0.002861 -1.170177 -1.288053 -0.010490 0.108912 -1.054208
1757580031.434823 -1.136988 -0.016594 0.002861 -1.171321 -1.288815 -0.010490 0.108530 -1.054971
1757580031.436856 -1.137751 -0.016594 0.002861 -1.172084 -1.289197 -0.010490 0.108149 -1.055352
1757580031.438813 -1.138514 -0.016594 0.002861 -1.173228 -1.289578 -0.010490 0.107767 -1.056115
1757580031.440824 -1.139277 -0.016594 0.002861 -1.174373 -1.289960 -0.010490 0.107386 -1.056878
1757580031.442815 -1.140039 -0.016594 0.002861 -1.175136 -1.290723 -0.010490 0.107004 -1.057260
1757580031.444833 -1.140802 -0.016594 0.002861 -1.176280 -1.291104 -0.010490 0.106623 -1.058022
1757580031.446813 -1.141184 -0.016594 0.003242 -1.177043 -1.291486 -0.010490 0.105860 -1.058404
1757580031.448829 -1.141947 -0.016594 0.003242 -1.177806 -1.291867 -0.010490 0.105478 -1.059167
1757580031.450818 -1.142710 -0.016594 0.003242 -1.178950 -1.292249 -0.010490 0.105097 -1.059930
1757580031.452831 -1.143473 -0.016594 0.003242 -1.179713 -1.293012 -0.010490 0.104715 -1.060311
1757580031.454816 -1.143854 -0.016594 0.003242 -1.180858 -1.293393 -0.010490 0.104334 -1.061074
1757580031.456827 -1.144617 -0.016594 0.003242 -1.181621 -1.293775 -0.010490 0.103952 -1.061456
1757580031.458819 -1.145380 -0.016212 0.003242 -1.182384 -1.294156 -0.010490 0.103571 -1.062219
1757580031.460824 -1.146143 -0.016212 0.003624 -1.183146 -1.294919 -0.010490 0.103189 -1.062600
1757580031.462830 -1.146524 -0.016212 0.003624 -1.184291 -1.295300 -0.010490 0.102808 -1.063363
1757580031.464830 -1.147287 -0.016212 0.003624 -1.184672 -1.295682 -0.010490 0.102427 -1.063745
1757580031.466820 -1.148050 -0.016212 0.003624 -1.185435 -1.296063 -0.010490 0.102045 -1.064507
1757580031.468857 -1.148813 -0.016212 0.003624 -1.186198 -1.296445 -0.010490 0.102045 -1.064889
1757580031.470853 -1.149195 -0.016212 0.003624 -1.186961 -1.296826 -0.010490 0.101664 -1.065652
1757580031.472852 -1.149958 -0.016212 0.004005 -1.187724 -1.297589 -0.010490 0.101282 -1.066033
1757580031.474819 -1.150339 -0.016212 0.004005 -1.188106 -1.297971 -0.010490 0.100901 -1.066796
1757580031.476816 -1.151102 -0.016212 0.004005 -1.188869 -1.298352 -0.010490 0.100519 -1.067178
1757580031.478825 -1.151484 -0.016212 0.004005 -1.189631 -1.298734 -0.010490 0.100138 -1.067941
1757580031.480821 -1.152246 -0.016212 0.004005 -1.190394 -1.299115 -0.010490 0.099756 -1.068322
1757580031.482823 -1.152628 -0.016212 0.004005 -1.191157 -1.299497 -0.010490 0.099375 -1.069085
1757580031.484816 -1.153391 -0.016212 0.004387 -1.191539 -1.299878 -0.010490 0.099375 -1.069848
1757580031.486822 -1.153772 -0.016212 0.004387 -1.192302 -1.300260 -0.010490 0.098993 -1.070230
1757580031.488819 -1.154535 -0.016212 0.004387 -1.193065 -1.300641 -0.010490 0.098612 -1.070992
1757580031.490821 -1.154917 -0.016212 0.004387 -1.193446 -1.301404 -0.010490 0.098612 -1.071755
1757580031.492842 -1.155298 -0.016212 0.004768 -1.194209 -1.301785 -0.010490 0.098230 -1.072518
1757580031.494834 -1.156061 -0.016212 0.004768 -1.194972 -1.302167 -0.010490 0.097849 -1.073281
1757580031.496816 -1.156444 -0.016212 0.004768 -1.195354 -1.302548 -0.010490 0.097849 -1.074044
1757580031.498811 -1.156825 -0.016212 0.004768 -1.196116 -1.302930 -0.010490 0.097467 -1.075189
1757580031.500813 -1.157207 -0.016212 0.004768 -1.196879 -1.303311 -0.010490 0.097086 -1.075952
1757580031.502822 -1.157969 -0.016212 0.005150 -1.197261 -1.304074 -0.010490 0.097086 -1.076715
1757580031.504812 -1.158351 -0.016212 0.005150 -1.198024 -1.304456 -0.010490 0.096704 -1.077477
1757580031.506814 -1.158732 -0.015831 0.005150 -1.198787 -1.304837 -0.010490 0.096704 -1.078622
1757580031.508811 -1.159114 -0.015831 0.005150 -1.199550 -1.305219 -0.010490 0.096704 -1.079385
1757580031.510820 -1.159495 -0.015831 0.005531 -1.199931 -1.305982 -0.010490 0.096323 -1.080148
1757580031.512810 -1.159877 -0.015831 0.005531 -1.200694 -1.306363 -0.010490 0.096323 -1.080911
1757580031.514814 -1.160258 -0.015831 0.005531 -1.201457 -1.306745 -0.010490 0.096323 -1.082055
1757580031.516810 -1.160640 -0.015831 0.005531 -1.201838 -1.307508 -0.010490 0.095942 -1.082818
1757580031.518822 -1.161403 -0.015831 0.005913 -1.202601 -1.307889 -0.010490 0.095942 -1.083581
1757580031.520813 -1.161784 -0.015831 0.005913 -1.203364 -1.308270 -0.010490 0.095942 -1.084344
1757580031.522812 -1.162166 -0.015831 0.005913 -1.203746 -1.309033 -0.010490 0.095560 -1.085107
1757580031.524821 -1.162547 -0.015831 0.005913 -1.204509 -1.309415 -0.010109 0.095560 -1.085870
1757580031.526823 -1.162929 -0.015831 0.005913 -1.204890 -1.309796 -0.010109 0.095179 -1.086633
1757580031.528809 -1.163310 -0.015831 0.006294 -1.205653 -1.310178 -0.010109 0.095179 -1.087396
1757580031.530812 -1.163692 -0.015831 0.006294 -1.206035 -1.310941 -0.010109 0.094797 -1.088159
1757580031.532887 -1.164073 -0.015831 0.006294 -1.206798 -1.311322 -0.010109 0.094797 -1.088922
1757580031.534861 -1.164454 -0.015831 0.006294 -1.207179 -1.311704 -0.010109 0.094416 -1.089684
1757580031.536844 -1.164836 -0.015831 0.006676 -1.207942 -1.312085 -0.010109 0.094416 -1.090447
1757580031.538811 -1.165217 -0.015831 0.006676 -1.208323 -1.312467 -0.010109 0.094034 -1.090829
1757580031.540812 -1.165980 -0.015831 0.006676 -1.209086 -1.312848 -0.010109 0.094034 -1.091592
1757580031.542821 -1.166362 -0.015831 0.006676 -1.209468 -1.313611 -0.010109 0.093652 -1.092355
1757580031.544811 -1.166743 -0.015831 0.006676 -1.209849 -1.313993 -0.010109 0.093270 -1.093118
1757580031.546812 -1.167125 -0.015831 0.007057 -1.210612 -1.314374 -0.010109 0.093270 -1.093882
1757580031.548809 -1.167125 -0.015450 0.007057 -1.210994 -1.314755 -0.010109 0.092889 -1.094645
1757580031.550821 -1.167506 -0.015450 0.007057 -1.211375 -1.315137 -0.010109 0.092889 -1.095026
1757580031.552810 -1.167888 -0.015450 0.007057 -1.211757 -1.315518 -0.010109 0.092507 -1.095789
1757580031.554841 -1.168269 -0.015450 0.007439 -1.212520 -1.316281 -0.010109 0.092126 -1.096552
1757580031.556811 -1.168651 -0.015450 0.007439 -1.212901 -1.316663 -0.010109 0.092126 -1.097315
1757580031.558822 -1.169032 -0.015450 0.007439 -1.213283 -1.317044 -0.010109 0.091744 -1.098078
1757580031.560815 -1.169414 -0.015450 0.007439 -1.213664 -1.317426 -0.010109 0.091363 -1.098459
1757580031.562820 -1.169795 -0.015450 0.007820 -1.214046 -1.317807 -0.010109 0.091363 -1.099222
1757580031.564808 -1.169795 -0.015450 0.007820 -1.214427 -1.318189 -0.010109 0.090981 -1.099985
1757580031.566818 -1.170177 -0.015068 0.007820 -1.214808 -1.318570 -0.010109 0.090981 -1.100748
1757580031.568809 -1.170558 -0.015068 0.008202 -1.215571 -1.318952 -0.010109 0.090600 -1.101511
1757580031.570814 -1.170939 -0.015068 0.008202 -1.215953 -1.319333 -0.010109 0.090219 -1.101892
1757580031.572811 -1.171321 -0.015068 0.008202 -1.216334 -1.319715 -0.010109 0.090219 -1.102655
1757580031.574821 -1.171702 -0.015068 0.008583 -1.216716 -1.320096 -0.010109 0.089837 -1.103418
1757580031.576811 -1.172084 -0.015068 0.008583 -1.217097 -1.320477 -0.010109 0.089456 -1.104181
1757580031.578826 -1.172465 -0.015068 0.008965 -1.217860 -1.320859 -0.010109 0.089456 -1.104563
1757580031.580810 -1.172847 -0.015068 0.008965 -1.218242 -1.321240 -0.010109 0.089074 -1.105326
1757580031.582824 -1.173228 -0.015068 0.008965 -1.218623 -1.322003 -0.010109 0.088693 -1.106089
1757580031.584809 -1.173610 -0.015068 0.009346 -1.219387 -1.322003 -0.010109 0.088311 -1.106470
1757580031.586840 -1.173991 -0.014687 0.009346 -1.219769 -1.322385 -0.010109 0.088311 -1.107233
1757580031.588815 -1.174373 -0.014687 0.009727 -1.220150 -1.322766 -0.010109 0.087930 -1.107615
1757580031.590889 -1.174754 -0.014687 0.009727 -1.220531 -1.323148 -0.010109 0.087548 -1.108377
1757580031.592840 -1.175136 -0.014687 0.010109 -1.220913 -1.323529 -0.010109 0.087548 -1.108759
1757580031.594827 -1.175517 -0.014687 0.010109 -1.221676 -1.323911 -0.010109 0.087167 -1.109522
1757580031.596816 -1.175899 -0.014687 0.010490 -1.222057 -1.324292 -0.010109 0.086785 -1.109903
1757580031.598816 -1.176280 -0.014687 0.010490 -1.222439 -1.324674 -0.010109 0.086785 -1.110666
1757580031.600811 -1.176661 -0.014687 0.010872 -1.222820 -1.325055 -0.010109 0.086404 -1.111429
1757580031.602829 -1.177043 -0.014687 0.010872 -1.223202 -1.325437 -0.010109 0.086022 -1.111811
1757580031.604814 -1.177806 -0.014687 0.011253 -1.223583 -1.325818 -0.010109 0.085641 -1.112574
1757580031.606816 -1.178187 -0.014305 0.011253 -1.223965 -1.326200 -0.010109 0.085259 -1.112955
1757580031.608812 -1.178569 -0.014305 0.011635 -1.224346 -1.326581 -0.010109 0.085259 -1.113337
1757580031.610827 -1.178950 -0.014305 0.011635 -1.224728 -1.326581 -0.010109 0.084878 -1.114100
1757580031.612812 -1.179332 -0.014305 0.012016 -1.225109 -1.326962 -0.010109 0.084496 -1.114481
1757580031.614814 -1.179713 -0.014305 0.012016 -1.225491 -1.327344 -0.010109 0.084115 -1.115244
1757580031.616857 -1.180476 -0.014305 0.012398 -1.225872 -1.327725 -0.010109 0.083734 -1.115625
1757580031.618827 -1.180858 -0.014305 0.012398 -1.226254 -1.328107 -0.010109 0.083352 -1.116388
1757580031.620811 -1.181239 -0.014305 0.012398 -1.226635 -1.328488 -0.010109 0.083352 -1.116770
1757580031.622820 -1.181621 -0.014305 0.012779 -1.227016 -1.328488 -0.010109 0.082971 -1.117151
1757580031.624825 -1.182384 -0.014305 0.012779 -1.227398 -1.328870 -0.010109 0.082589 -1.117914
1757580031.626828 -1.182765 -0.014305 0.012779 -1.227779 -1.329251 -0.010109 0.082208 -1.118296
1757580031.628810 -1.183146 -0.014305 0.013161 -1.228161 -1.329633 -0.010109 0.081826 -1.118677
1757580031.630816 -1.183528 -0.014305 0.013161 -1.228542 -1.330014 -0.010109 0.081445 -1.119440
1757580031.632813 -1.184291 -0.014305 0.013161 -1.228924 -1.330014 -0.010109 0.080682 -1.119822
1757580031.634829 -1.184672 -0.014305 0.013542 -1.229305 -1.330396 -0.010109 0.080300 -1.120203
1757580031.636812 -1.185054 -0.014305 0.013542 -1.229687 -1.330777 -0.010109 0.079919 -1.120966
1757580031.638814 -1.185817 -0.014305 0.013542 -1.230068 -1.331159 -0.010109 0.079537 -1.121347
1757580031.640810 -1.186198 -0.014305 0.013542 -1.230450 -1.331159 -0.010109 0.079156 -1.122110
1757580031.642825 -1.186580 -0.014305 0.013924 -1.230831 -1.331540 -0.010109 0.078774 -1.122492
1757580031.644809 -1.187343 -0.014305 0.013924 -1.231213 -1.331922 -0.010109 0.078393 -1.123255
1757580031.646812 -1.187724 -0.014305 0.013924 -1.231594 -1.332303 -0.010109 0.078012 -1.123636
1757580031.648835 -1.188487 -0.014305 0.013924 -1.231976 -1.332303 -0.010109 0.077630 -1.124018
1757580031.650833 -1.188869 -0.014305 0.013924 -1.232738 -1.332685 -0.010109 0.076867 -1.124781
1757580031.652823 -1.189631 -0.014305 0.014305 -1.233120 -1.333066 -0.010109 0.076486 -1.125162
1757580031.654815 -1.190013 -0.014305 0.014305 -1.233501 -1.333447 -0.010109 0.076104 -1.125544
1757580031.656811 -1.190776 -0.014305 0.014305 -1.233883 -1.333829 -0.010109 0.075723 -1.125925
1757580031.658831 -1.191539 -0.014305 0.014305 -1.234646 -1.334210 -0.010109 0.075341 -1.126688
1757580031.660813 -1.191920 -0.014305 0.014687 -1.235027 -1.334592 -0.010109 0.074960 -1.127069
1757580031.662815 -1.192683 -0.014305 0.014687 -1.235409 -1.334592 -0.010109 0.074578 -1.127451
1757580031.664810 -1.193446 -0.014305 0.014687 -1.235790 -1.334973 -0.010109 0.074197 -1.127832
1757580031.666866 -1.193828 -0.014305 0.014687 -1.236172 -1.335355 -0.010109 0.073815 -1.128595
1757580031.668840 -1.194591 -0.014305 0.015068 -1.236553 -1.335736 -0.010109 0.073434 -1.128977
1757580031.670812 -1.195354 -0.014305 0.015068 -1.236935 -1.336118 -0.010109 0.073052 -1.129358
1757580031.672813 -1.196116 -0.014305 0.015068 -1.237316 -1.336499 -0.010109 0.072671 -1.130121
1757580031.674822 -1.196879 -0.014305 0.015450 -1.238079 -1.336499 -0.010109 0.072289 -1.130503
1757580031.676822 -1.197261 -0.014305 0.015450 -1.238461 -1.336881 -0.010109 0.071527 -1.130884
1757580031.678917 -1.198024 -0.014305 0.015450 -1.238842 -1.337262 -0.010109 0.071145 -1.131266
1757580031.680819 -1.198787 -0.014305 0.015450 -1.239223 -1.337262 -0.010109 0.070764 -1.131647
1757580031.682817 -1.199550 -0.014305 0.015831 -1.239605 -1.337644 -0.010109 0.070382 -1.132410
1757580031.684823 -1.200313 -0.014305 0.015831 -1.239605 -1.338025 -0.010109 0.070001 -1.132792
1757580031.686871 -1.201076 -0.014305 0.015831 -1.239986 -1.338025 -0.010109 0.069619 -1.133173
1757580031.688813 -1.201838 -0.014305 0.015831 -1.240368 -1.338407 -0.010109 0.069238 -1.133554
1757580031.690813 -1.202601 -0.014305 0.016212 -1.240749 -1.338788 -0.010109 0.068856 -1.133936
1757580031.692812 -1.203364 -0.014305 0.016212 -1.241512 -1.338788 -0.010109 0.068475 -1.134317
1757580031.694879 -1.204127 -0.014305 0.016212 -1.241894 -1.339170 -0.010109 0.068093 -1.134699
1757580031.696817 -1.204890 -0.014305 0.016212 -1.242275 -1.339170 -0.010109 0.067330 -1.134699
1757580031.698808 -1.205653 -0.014305 0.016594 -1.242657 -1.339170 -0.010109 0.066949 -1.135080
1757580031.700830 -1.206416 -0.014305 0.016594 -1.243038 -1.339551 -0.010109 0.066567 -1.135462
1757580031.702858 -1.207561 -0.014305 0.016594 -1.243420 -1.339551 -0.010109 0.066186 -1.135462
1757580031.704823 -1.208323 -0.014305 0.016594 -1.243801 -1.339551 -0.010109 0.065804 -1.135843
1757580031.706818 -1.209086 -0.014687 0.016594 -1.244183 -1.339551 -0.010109 0.065423 -1.135843
1757580031.708821 -1.210231 -0.014687 0.016594 -1.244946 -1.339551 -0.010109 0.064660 -1.135843
1757580031.710867 -1.210994 -0.014687 0.016975 -1.245327 -1.339932 -0.010109 0.064279 -1.135843
1757580031.712837 -1.211757 -0.014687 0.016975 -1.245708 -1.339932 -0.010109 0.063897 -1.136225
1757580031.714828 -1.212901 -0.014687 0.016975 -1.246090 -1.339932 -0.010490 0.063516 -1.136225
1757580031.716823 -1.213664 -0.014687 0.016975 -1.246471 -1.339932 -0.010490 0.063134 -1.136225
1757580031.718828 -1.214808 -0.014687 0.016975 -1.247234 -1.339932 -0.010490 0.062753 -1.136225
1757580031.720826 -1.215571 -0.014687 0.017357 -1.247616 -1.339551 -0.010490 0.062371 -1.136606
1757580031.722819 -1.216716 -0.014687 0.017357 -1.247997 -1.339551 -0.010490 0.061990 -1.136606
1757580031.724819 -1.217860 -0.014687 0.017357 -1.248760 -1.339551 -0.010490 0.061608 -1.136606
1757580031.726821 -1.218623 -0.015068 0.017357 -1.249142 -1.339551 -0.010490 0.061227 -1.136606
1757580031.728861 -1.219769 -0.015068 0.017357 -1.249905 -1.339551 -0.010490 0.060845 -1.136606
1757580031.730867 -1.220531 -0.015068 0.017357 -1.250286 -1.339551 -0.010490 0.060464 -1.136988
1757580031.732814 -1.221676 -0.015068 0.017357 -1.251049 -1.339551 -0.010490 0.060082 -1.136988
1757580031.734813 -1.222820 -0.015068 0.017357 -1.251431 -1.339551 -0.010490 0.059701 -1.136988
1757580031.736835 -1.223965 -0.015068 0.017738 -1.252193 -1.339551 -0.010872 0.059319 -1.136988
1757580031.738815 -1.225109 -0.015068 0.017738 -1.252575 -1.339551 -0.010872 0.058938 -1.136988
1757580031.740849 -1.225872 -0.015068 0.017738 -1.253338 -1.339551 -0.010872 0.058557 -1.136988
1757580031.742822 -1.227016 -0.015068 0.017738 -1.253719 -1.339551 -0.010872 0.057794 -1.136988
1757580031.744811 -1.228161 -0.015068 0.017738 -1.254482 -1.339551 -0.010872 0.057412 -1.136988
1757580031.746807 -1.229305 -0.015068 0.017738 -1.254864 -1.339551 -0.010872 0.057031 -1.136988
1757580031.748809 -1.230450 -0.015068 0.017738 -1.255627 -1.339551 -0.010872 0.056268 -1.136988
1757580031.750799 -1.231594 -0.015068 0.018120 -1.256008 -1.339551 -0.010872 0.055886 -1.136988
1757580031.752808 -1.232738 -0.015068 0.018120 -1.256771 -1.339551 -0.010872 0.055505 -1.136988
1757580031.754809 -1.233883 -0.015068 0.018120 -1.257153 -1.339551 -0.010872 0.054742 -1.137369
1757580031.756800 -1.235027 -0.015068 0.018120 -1.257534 -1.339551 -0.011253 0.054360 -1.137369
1757580031.758804 -1.236172 -0.015068 0.018120 -1.258297 -1.339551 -0.011253 0.053979 -1.137369
1757580031.760855 -1.237698 -0.015068 0.018120 -1.258678 -1.339551 -0.011253 0.053216 -1.137369
1757580031.762872 -1.238842 -0.015068 0.018120 -1.259441 -1.339551 -0.011253 0.052835 -1.137369
1757580031.764816 -1.239986 -0.015068 0.018501 -1.259823 -1.339551 -0.011253 0.052453 -1.137369
1757580031.766811 -1.241131 -0.015068 0.018501 -1.260204 -1.339551 -0.011253 0.051690 -1.137369
1757580031.768818 -1.242275 -0.015068 0.018501 -1.260586 -1.339551 -0.011253 0.051309 -1.137369
1757580031.770807 -1.243801 -0.015068 0.018501 -1.261349 -1.339551 -0.011253 0.050546 -1.137369
1757580031.772860 -1.244946 -0.015068 0.018501 -1.261730 -1.339551 -0.011635 0.050164 -1.137751
1757580031.774828 -1.246090 -0.015068 0.018501 -1.262112 -1.339551 -0.011635 0.049401 -1.137751
1757580031.776813 -1.247234 -0.015068 0.018501 -1.262875 -1.339551 -0.011635 0.049020 -1.137751
1757580031.778810 -1.248379 -0.015068 0.018883 -1.263256 -1.339551 -0.011635 0.048257 -1.137751
1757580031.780819 -1.249523 -0.015068 0.018883 -1.263638 -1.339551 -0.011635 0.047494 -1.137751
1757580031.782829 -1.250668 -0.015068 0.018883 -1.264019 -1.339551 -0.011635 0.047112 -1.138132
1757580031.784807 -1.252193 -0.015068 0.018883 -1.264782 -1.339551 -0.011635 0.046350 -1.138132
1757580031.786801 -1.253338 -0.015068 0.018883 -1.265163 -1.339932 -0.012016 0.045587 -1.138132
1757580031.788818 -1.254482 -0.015068 0.018883 -1.265545 -1.339932 -0.012016 0.045205 -1.138132
1757580031.790808 -1.255627 -0.015068 0.018883 -1.265926 -1.339932 -0.012016 0.044442 -1.138514
1757580031.792799 -1.256771 -0.015068 0.018883 -1.266689 -1.339932 -0.012016 0.043679 -1.138514
1757580031.794799 -1.257915 -0.015068 0.019264 -1.267071 -1.339932 -0.012016 0.042916 -1.138514
1757580031.796817 -1.259441 -0.015068 0.019264 -1.267452 -1.339932 -0.012016 0.042153 -1.138514
1757580031.798807 -1.260586 -0.015068 0.019264 -1.267834 -1.339932 -0.012398 0.041390 -1.138895
1757580031.800805 -1.261730 -0.015068 0.019264 -1.268215 -1.339932 -0.012398 0.040627 -1.138895
1757580031.802806 -1.262875 -0.015068 0.019264 -1.268978 -1.339932 -0.012398 0.039865 -1.138895
1757580031.804823 -1.264400 -0.015068 0.019264 -1.269360 -1.339932 -0.012398 0.039102 -1.138895
1757580031.806812 -1.265545 -0.015068 0.019264 -1.269741 -1.339932 -0.012779 0.038339 -1.138895
1757580031.808828 -1.267071 -0.015068 0.019264 -1.270123 -1.339932 -0.012779 0.037576 -1.139277
1757580031.810814 -1.268215 -0.015068 0.019264 -1.270504 -1.339932 -0.012779 0.036813 -1.139277
1757580031.812819 -1.269360 -0.015068 0.019264 -1.270885 -1.340314 -0.012779 0.036050 -1.139277
1757580031.814799 -1.270885 -0.015068 0.019264 -1.271267 -1.340314 -0.012779 0.035287 -1.139277
1757580031.816799 -1.272030 -0.015068 0.019264 -1.271648 -1.340314 -0.013161 0.034524 -1.139658
1757580031.818798 -1.273556 -0.015068 0.019264 -1.272411 -1.340314 -0.013161 0.033761 -1.139658
1757580031.820818 -1.274700 -0.015068 0.019264 -1.272793 -1.340314 -0.013161 0.032998 -1.139658
1757580031.822800 -1.276226 -0.015068 0.019264 -1.273174 -1.340314 -0.013161 0.032235 -1.139658
1757580031.824797 -1.277752 -0.015068 0.019264 -1.273556 -1.340314 -0.013542 0.031090 -1.140039
1757580031.826797 -1.278896 -0.015068 0.019264 -1.273937 -1.340695 -0.013542 0.030327 -1.140039
1757580031.828815 -1.280422 -0.015068 0.019264 -1.274319 -1.340695 -0.013542 0.029564 -1.140039
1757580031.830801 -1.281949 -0.015068 0.019264 -1.274700 -1.340695 -0.013542 0.028419 -1.140039
1757580031.832801 -1.283475 -0.015068 0.019264 -1.275082 -1.340695 -0.013924 0.027657 -1.140039
1757580031.834868 -1.284619 -0.015068 0.019264 -1.275463 -1.340695 -0.013924 0.026894 -1.140039
1757580031.836804 -1.286145 -0.015068 0.019264 -1.275463 -1.340695 -0.013924 0.025749 -1.140421
1757580031.838806 -1.287671 -0.015068 0.019264 -1.275845 -1.340695 -0.013924 0.024986 -1.140421
1757580031.840812 -1.289197 -0.015068 0.019264 -1.276226 -1.341077 -0.013924 0.023842 -1.140421
1757580031.842799 -1.290723 -0.015068 0.019264 -1.276608 -1.341077 -0.014305 0.023079 -1.140421
1757580031.844816 -1.292249 -0.015068 0.019264 -1.276989 -1.341077 -0.014305 0.021935 -1.140421
1757580031.846801 -1.293775 -0.015068 0.019264 -1.277370 -1.341077 -0.014305 0.020790 -1.140421
1757580031.848809 -1.295300 -0.015068 0.019264 -1.277370 -1.341077 -0.014305 0.020027 -1.140421
1757580031.850799 -1.296826 -0.015068 0.019264 -1.277752 -1.341077 -0.014305 0.018883 -1.140421
1757580031.852815 -1.297971 -0.015068 0.018883 -1.278133 -1.341077 -0.014687 0.018120 -1.140421
1757580031.854816 -1.299497 -0.015068 0.018883 -1.278515 -1.341077 -0.014687 0.016975 -1.140802
1757580031.856809 -1.301023 -0.015068 0.018883 -1.278515 -1.341458 -0.014687 0.015831 -1.140802
1757580031.858801 -1.302548 -0.015068 0.018883 -1.278896 -1.341458 -0.014687 0.015068 -1.140802
1757580031.860867 -1.304074 -0.015068 0.018883 -1.279278 -1.341458 -0.015068 0.013924 -1.140802
1757580031.862827 -1.305219 -0.015068 0.018883 -1.279659 -1.341458 -0.015068 0.012779 -1.140802
1757580031.864806 -1.306745 -0.015068 0.018883 -1.280041 -1.341458 -0.015068 0.012016 -1.140802
1757580031.866837 -1.308270 -0.015068 0.018883 -1.280041 -1.341458 -0.015068 0.010872 -1.140802
1757580031.868821 -1.309796 -0.015068 0.018883 -1.280422 -1.341458 -0.015068 0.009727 -1.140802
1757580031.870803 -1.310941 -0.015068 0.018501 -1.280804 -1.341458 -0.015450 0.008583 -1.140802
1757580031.872840 -1.312467 -0.015068 0.018501 -1.281185 -1.341458 -0.015450 0.007439 -1.140802
1757580031.874823 -1.313611 -0.015068 0.018501 -1.281568 -1.341458 -0.015450 0.006294 -1.140802
1757580031.876806 -1.315137 -0.015068 0.018501 -1.281568 -1.341458 -0.015450 0.005531 -1.140802
1757580031.878800 -1.316663 -0.015068 0.018501 -1.281949 -1.341458 -0.015450 0.004387 -1.140802
1757580031.880818 -1.317807 -0.015068 0.018501 -1.282331 -1.341458 -0.015831 0.003242 -1.140802
1757580031.882800 -1.319333 -0.015068 0.018120 -1.282712 -1.341458 -0.015831 0.002098 -1.140802
1757580031.884807 -1.320859 -0.015068 0.018120 -1.282712 -1.341458 -0.015831 0.000954 -1.140802
1757580031.886801 -1.322003 -0.015068 0.018120 -1.283093 -1.341458 -0.015831 0.000191 -1.140802
1757580031.888819 -1.323529 -0.015068 0.018120 -1.283475 -1.341458 -0.015831 -0.000954 -1.140802
1757580031.890799 -1.324674 -0.015068 0.018120 -1.283856 -1.341458 -0.016212 -0.002098 -1.140802
1757580031.892809 -1.326200 -0.015068 0.017738 -1.283856 -1.341458 -0.016212 -0.003242 -1.140802
1757580031.894797 -1.327725 -0.015068 0.017738 -1.284238 -1.341077 -0.016212 -0.004005 -1.140802
1757580031.896845 -1.328870 -0.015068 0.017738 -1.284619 -1.341077 -0.016212 -0.005150 -1.140802
1757580031.898808 -1.330014 -0.015068 0.017738 -1.284619 -1.341077 -0.016212 -0.005913 -1.140802
1757580031.900832 -1.331540 -0.015068 0.017357 -1.285001 -1.341077 -0.016594 -0.007057 -1.140802
1757580031.902807 -1.332685 -0.015068 0.017357 -1.285001 -1.341077 -0.016594 -0.008202 -1.140802
1757580031.904825 -1.333829 -0.015068 0.017357 -1.285382 -1.341077 -0.016594 -0.008965 -1.140802
1757580031.906803 -1.335355 -0.015068 0.017357 -1.285382 -1.340695 -0.016594 -0.010109 -1.140802
1757580031.908812 -1.336499 -0.015068 0.016975 -1.285764 -1.340695 -0.016594 -0.010872 -1.140421
1757580031.910810 -1.338025 -0.015068 0.016975 -1.286145 -1.340695 -0.016975 -0.012016 -1.140421
1757580031.912821 -1.339170 -0.015068 0.016975 -1.286145 -1.340695 -0.016975 -0.013161 -1.140421
1757580031.914808 -1.340314 -0.015068 0.016594 -1.286527 -1.340695 -0.016975 -0.013924 -1.140421
1757580031.916807 -1.341840 -0.015068 0.016594 -1.286527 -1.340314 -0.016975 -0.015068 -1.140421
1757580031.918802 -1.342984 -0.015068 0.016594 -1.286527 -1.340314 -0.016975 -0.015831 -1.140421
1757580031.920827 -1.344511 -0.015068 0.016212 -1.286908 -1.340314 -0.017357 -0.016975 -1.140421
1757580031.922827 -1.345655 -0.015068 0.016212 -1.286908 -1.340314 -0.017357 -0.017738 -1.140421
1757580031.924810 -1.347181 -0.015068 0.015831 -1.286908 -1.339932 -0.017357 -0.018883 -1.140421
1757580031.926796 -1.348326 -0.015068 0.015831 -1.287290 -1.339932 -0.017357 -0.020027 -1.140421
1757580031.928860 -1.349852 -0.015068 0.015831 -1.287290 -1.339932 -0.017357 -0.020790 -1.140421
1757580031.930877 -1.350996 -0.015068 0.015450 -1.287290 -1.339932 -0.017357 -0.021935 -1.140421
1757580031.932844 -1.352140 -0.015068 0.015450 -1.287290 -1.339932 -0.017357 -0.022697 -1.140421
1757580031.934841 -1.353666 -0.015068 0.015068 -1.287290 -1.339551 -0.017738 -0.023842 -1.140421
1757580031.936909 -1.354811 -0.015068 0.015068 -1.287671 -1.339551 -0.017738 -0.024605 -1.140421
1757580031.938889 -1.355955 -0.015068 0.014687 -1.287671 -1.339551 -0.017738 -0.025749 -1.140421
1757580031.940869 -1.357481 -0.015068 0.014305 -1.287671 -1.339551 -0.017738 -0.026512 -1.140421
1757580031.942852 -1.358625 -0.015068 0.013924 -1.287671 -1.339170 -0.017738 -0.027275 -1.140421
1757580031.944843 -1.359770 -0.015068 0.013542 -1.287671 -1.339170 -0.017738 -0.028419 -1.140421
1757580031.946843 -1.360914 -0.015068 0.013161 -1.288053 -1.339170 -0.017738 -0.029182 -1.140421
1757580031.948918 -1.362059 -0.015068 0.012779 -1.288053 -1.339170 -0.018120 -0.030327 -1.140421
1757580031.950829 -1.363203 -0.015068 0.012398 -1.288053 -1.338788 -0.018120 -0.031090 -1.140421
1757580031.952846 -1.364347 -0.015068 0.012016 -1.288053 -1.338788 -0.018120 -0.032235 -1.140421
1757580031.954823 -1.365492 -0.015068 0.011635 -1.288434 -1.338788 -0.018120 -0.032998 -1.140421
1757580031.956953 -1.366636 -0.015068 0.011253 -1.288434 -1.338788 -0.018120 -0.034142 -1.140421
1757580031.958858 -1.367781 -0.015068 0.010872 -1.288434 -1.338407 -0.018120 -0.034905 -1.140421
1757580031.960872 -1.368925 -0.015068 0.010490 -1.288434 -1.338407 -0.018120 -0.036050 -1.140421
1757580031.962863 -1.370070 -0.015068 0.010109 -1.288434 -1.338407 -0.018120 -0.036813 -1.140421
1757580031.964916 -1.371214 -0.015068 0.009346 -1.288815 -1.338407 -0.018501 -0.037957 -1.140421
1757580031.966859 -1.371977 -0.015068 0.008965 -1.288815 -1.338025 -0.018501 -0.038720 -1.140421
1757580031.968898 -1.373121 -0.015068 0.008202 -1.288815 -1.338025 -0.018501 -0.039865 -1.140421
1757580031.970854 -1.374266 -0.015068 0.007820 -1.289197 -1.338025 -0.018501 -0.041009 -1.140421
1757580031.972934 -1.375410 -0.015068 0.007057 -1.289197 -1.338025 -0.018501 -0.041772 -1.140421
1757580031.974862 -1.376173 -0.015068 0.006676 -1.289197 -1.338025 -0.018501 -0.042916 -1.140421
1757580031.976894 -1.377317 -0.015068 0.005913 -1.289197 -1.337644 -0.018501 -0.044061 -1.140421
1757580031.978859 -1.378462 -0.015068 0.005150 -1.289578 -1.337644 -0.018883 -0.045205 -1.140421
1757580031.980872 -1.379225 -0.015068 0.004387 -1.289578 -1.337644 -0.018883 -0.046350 -1.140421
1757580031.982857 -1.380369 -0.015450 0.003624 -1.289578 -1.337644 -0.018883 -0.047494 -1.140421
1757580031.984875 -1.381132 -0.015450 0.002861 -1.289960 -1.337644 -0.018883 -0.048638 -1.140421
1757580031.986854 -1.382277 -0.015450 0.002098 -1.289960 -1.337262 -0.018883 -0.049783 -1.140421
1757580031.988873 -1.383039 -0.015450 0.001335 -1.289960 -1.337262 -0.019264 -0.051309 -1.140421
1757580031.990854 -1.384184 -0.015450 0.000572 -1.289960 -1.337262 -0.019264 -0.052453 -1.140421
1757580031.992823 -1.384947 -0.015450 -0.000191 -1.290341 -1.337262 -0.019264 -0.053979 -1.140421
1757580031.994810 -1.386091 -0.015450 -0.000954 -1.290341 -1.336881 -0.019264 -0.055123 -1.140421
1757580031.996815 -1.386854 -0.015450 -0.002098 -1.290341 -1.336881 -0.019264 -0.056649 -1.140421
1757580031.998809 -1.387617 -0.015450 -0.002861 -1.290723 -1.336881 -0.019646 -0.057794 -1.140421
1757580032.000807 -1.388380 -0.015450 -0.003624 -1.290723 -1.336881 -0.019646 -0.059319 -1.140421
1757580032.002857 -1.389143 -0.015831 -0.004387 -1.290723 -1.336499 -0.019646 -0.060464 -1.140421
1757580032.004849 -1.389906 -0.015831 -0.005531 -1.290723 -1.336499 -0.019646 -0.061990 -1.140421
1757580032.006822 -1.390669 -0.015831 -0.006294 -1.290723 -1.336499 -0.019646 -0.063516 -1.140421
1757580032.008815 -1.391432 -0.015831 -0.007439 -1.291104 -1.336499 -0.020027 -0.064660 -1.140421
1757580032.010814 -1.392195 -0.015831 -0.008202 -1.291104 -1.336118 -0.020027 -0.066186 -1.140421
1757580032.012812 -1.392958 -0.015831 -0.009346 -1.291104 -1.336118 -0.020027 -0.067712 -1.140421
1757580032.014814 -1.393721 -0.015831 -0.010490 -1.291104 -1.336118 -0.020027 -0.069238 -1.140421
1757580032.016806 -1.394484 -0.015831 -0.011253 -1.291104 -1.336118 -0.020027 -0.070382 -1.140421
1757580032.018803 -1.395247 -0.015831 -0.012398 -1.291104 -1.335736 -0.020027 -0.071908 -1.140421
1757580032.020809 -1.395628 -0.015831 -0.013542 -1.291486 -1.335736 -0.020027 -0.073434 -1.140421
1757580032.022831 -1.396391 -0.015831 -0.014687 -1.291486 -1.335736 -0.020027 -0.074960 -1.140421
1757580032.024811 -1.396772 -0.016212 -0.015831 -1.291486 -1.335736 -0.020409 -0.076104 -1.140421
1757580032.026811 -1.397535 -0.016212 -0.016594 -1.291486 -1.335355 -0.020409 -0.077630 -1.140421
1757580032.028807 -1.397917 -0.016212 -0.017738 -1.291486 -1.335355 -0.020409 -0.079156 -1.140421
1757580032.030861 -1.398680 -0.016212 -0.018883 -1.291867 -1.335355 -0.020409 -0.080682 -1.140421
1757580032.032840 -1.399061 -0.016212 -0.020027 -1.291867 -1.334973 -0.020409 -0.081826 -1.140421
1757580032.034813 -1.399443 -0.016212 -0.021172 -1.291867 -1.334973 -0.020409 -0.083352 -1.140421
1757580032.036808 -1.399824 -0.016212 -0.022316 -1.291867 -1.334973 -0.020409 -0.084878 -1.140421
1757580032.038833 -1.400587 -0.016212 -0.023842 -1.291867 -1.334592 -0.020409 -0.086022 -1.140421
1757580032.040816 -1.400969 -0.016212 -0.024986 -1.292249 -1.334592 -0.020409 -0.087548 -1.140421
1757580032.042828 -1.401350 -0.016212 -0.026131 -1.292249 -1.334592 -0.020790 -0.089074 -1.140421
1757580032.044837 -1.401731 -0.016212 -0.027275 -1.292249 -1.334210 -0.020790 -0.090219 -1.140421
1757580032.046810 -1.402113 -0.016212 -0.028419 -1.292249 -1.334210 -0.020790 -0.091744 -1.140421
1757580032.048807 -1.402494 -0.016212 -0.029945 -1.292630 -1.334210 -0.020790 -0.093270 -1.140421
1757580032.050827 -1.402494 -0.016212 -0.031090 -1.292630 -1.334210 -0.020790 -0.094797 -1.140421
1757580032.052842 -1.402876 -0.016212 -0.032235 -1.292630 -1.333829 -0.020790 -0.096323 -1.140421
1757580032.054822 -1.403257 -0.016212 -0.033761 -1.292630 -1.333829 -0.020790 -0.097467 -1.140421
1757580032.056806 -1.403639 -0.016594 -0.034905 -1.293012 -1.333829 -0.020790 -0.098993 -1.140421
1757580032.058823 -1.403639 -0.016594 -0.036431 -1.293012 -1.333447 -0.020790 -0.100519 -1.140421
1757580032.060820 -1.404020 -0.016594 -0.037576 -1.293012 -1.333447 -0.021172 -0.102045 -1.140421
1757580032.062821 -1.404402 -0.016594 -0.039102 -1.293012 -1.333447 -0.021172 -0.103571 -1.140421
1757580032.064807 -1.404402 -0.016594 -0.040246 -1.293393 -1.333447 -0.021172 -0.105097 -1.140421
1757580032.066821 -1.404783 -0.016594 -0.041772 -1.293393 -1.333066 -0.021172 -0.106623 -1.140421
1757580032.068804 -1.404783 -0.016594 -0.043298 -1.293393 -1.333066 -0.021172 -0.108149 -1.140421
1757580032.070810 -1.405165 -0.016594 -0.044824 -1.293393 -1.333066 -0.021172 -0.109674 -1.140421
1757580032.072804 -1.405165 -0.016975 -0.046350 -1.293775 -1.333066 -0.021172 -0.111200 -1.140421
1757580032.074823 -1.405546 -0.016975 -0.047875 -1.293775 -1.333066 -0.021172 -0.112726 -1.140421
1757580032.076807 -1.405546 -0.016975 -0.049401 -1.293775 -1.332685 -0.021172 -0.114252 -1.140421
1757580032.078809 -1.405546 -0.016975 -0.050927 -1.294156 -1.332685 -0.021172 -0.115778 -1.140421
1757580032.080802 -1.405928 -0.016975 -0.052453 -1.294156 -1.332685 -0.021172 -0.117304 -1.140421
1757580032.082824 -1.405928 -0.016975 -0.054360 -1.294156 -1.332685 -0.021172 -0.119211 -1.140421
1757580032.084836 -1.405928 -0.016975 -0.055886 -1.294156 -1.332685 -0.021172 -0.120737 -1.140421
1757580032.086831 -1.406310 -0.017357 -0.057794 -1.294156 -1.332303 -0.021172 -0.122263 -1.140421
1757580032.088809 -1.406310 -0.017357 -0.059319 -1.294538 -1.332303 -0.021172 -0.123789 -1.140421
1757580032.090823 -1.406310 -0.017357 -0.061227 -1.294538 -1.332303 -0.021172 -0.125696 -1.140421
1757580032.092805 -1.406310 -0.017357 -0.063134 -1.294538 -1.332303 -0.021172 -0.127222 -1.140421
1757580032.094805 -1.406310 -0.017738 -0.064660 -1.294538 -1.332303 -0.021172 -0.128748 -1.140421
1757580032.096807 -1.406310 -0.017738 -0.066567 -1.294919 -1.332303 -0.021172 -0.130655 -1.140421
1757580032.098821 -1.406692 -0.017738 -0.068475 -1.294919 -1.332303 -0.021172 -0.132181 -1.140421
1757580032.100805 -1.406310 -0.017738 -0.070382 -1.294919 -1.332303 -0.021172 -0.133707 -1.140421
1757580032.102809 -1.406692 -0.018120 -0.072289 -1.294919 -1.332303 -0.020790 -0.135233 -1.140421
1757580032.104806 -1.406692 -0.018120 -0.073815 -1.294919 -1.332303 -0.020790 -0.137140 -1.140421
1757580032.106827 -1.406692 -0.018120 -0.075723 -1.294919 -1.331922 -0.020790 -0.138666 -1.140802
1757580032.108808 -1.406692 -0.018120 -0.077630 -1.294919 -1.331922 -0.020790 -0.140192 -1.140802
1757580032.110813 -1.406692 -0.018120 -0.079537 -1.295300 -1.331922 -0.020790 -0.141718 -1.140802
1757580032.112803 -1.406310 -0.018501 -0.081445 -1.295300 -1.331922 -0.020790 -0.143625 -1.140802
1757580032.114856 -1.406310 -0.018501 -0.082971 -1.295300 -1.332303 -0.020790 -0.145151 -1.140802
1757580032.116805 -1.406310 -0.018501 -0.084878 -1.295300 -1.332303 -0.020790 -0.146677 -1.141184
1757580032.118814 -1.406310 -0.018501 -0.086785 -1.295300 -1.332303 -0.020790 -0.148203 -1.141184
1757580032.120801 -1.406310 -0.018501 -0.088693 -1.295300 -1.332303 -0.020790 -0.149729 -1.141184
1757580032.122823 -1.406310 -0.018501 -0.090219 -1.295300 -1.332303 -0.020409 -0.151255 -1.141184
1757580032.124806 -1.406310 -0.018883 -0.092126 -1.295300 -1.332303 -0.020409 -0.152781 -1.141184
1757580032.126804 -1.406310 -0.018883 -0.094034 -1.295300 -1.332303 -0.020409 -0.153925 -1.141565
1757580032.128803 -1.406310 -0.018883 -0.095942 -1.295300 -1.332303 -0.020409 -0.155451 -1.141565
1757580032.130816 -1.406310 -0.018883 -0.097467 -1.295300 -1.332303 -0.020027 -0.156978 -1.141565
1757580032.132802 -1.406310 -0.018883 -0.099375 -1.295300 -1.332303 -0.020027 -0.158122 -1.141565
1757580032.134832 -1.406310 -0.018883 -0.101282 -1.295682 -1.332303 -0.020027 -0.159648 -1.141565
1757580032.136794 -1.406310 -0.019264 -0.103571 -1.295682 -1.332685 -0.019646 -0.160792 -1.141947
1757580032.138809 -1.406310 -0.019264 -0.105478 -1.295682 -1.332685 -0.019646 -0.162318 -1.141947
1757580032.140796 -1.406310 -0.019264 -0.107386 -1.295682 -1.332685 -0.019646 -0.163463 -1.141947
1757580032.142834 -1.406310 -0.019264 -0.109293 -1.295682 -1.332685 -0.019264 -0.164989 -1.141947
1757580032.144803 -1.406310 -0.019646 -0.111200 -1.295682 -1.332685 -0.019264 -0.166133 -1.141947
1757580032.146820 -1.406310 -0.019646 -0.113489 -1.295682 -1.332685 -0.018883 -0.167659 -1.142328
1757580032.148802 -1.405928 -0.019646 -0.115396 -1.295682 -1.332685 -0.018883 -0.168803 -1.142328
1757580032.150891 -1.405928 -0.019646 -0.117685 -1.295682 -1.333066 -0.018501 -0.170329 -1.142328
1757580032.152820 -1.405928 -0.019646 -0.119593 -1.295682 -1.333066 -0.018501 -0.171855 -1.142328
1757580032.154805 -1.405928 -0.020027 -0.121881 -1.295682 -1.333066 -0.018120 -0.173381 -1.142710
1757580032.156797 -1.405546 -0.020027 -0.123789 -1.295682 -1.333066 -0.017738 -0.174525 -1.142710
1757580032.158900 -1.405546 -0.020027 -0.126078 -1.295682 -1.333447 -0.017738 -0.176051 -1.142710
1757580032.160827 -1.405546 -0.020409 -0.128366 -1.295682 -1.333447 -0.017357 -0.177577 -1.142710
1757580032.162835 -1.405165 -0.020409 -0.130655 -1.295682 -1.333447 -0.016975 -0.179103 -1.143091
1757580032.164814 -1.405165 -0.020409 -0.132563 -1.295682 -1.333829 -0.016975 -0.180247 -1.143091
1757580032.166937 -1.405165 -0.020790 -0.134851 -1.295682 -1.333829 -0.016594 -0.181773 -1.143091
1757580032.168794 -1.405165 -0.020790 -0.137140 -1.295682 -1.333829 -0.016212 -0.183299 -1.143091
1757580032.170826 -1.404783 -0.020790 -0.139429 -1.295682 -1.334210 -0.015831 -0.184825 -1.143091
1757580032.172807 -1.404783 -0.021172 -0.141718 -1.295682 -1.334210 -0.015831 -0.186351 -1.143473
1757580032.174850 -1.404783 -0.021172 -0.143625 -1.295682 -1.334210 -0.015450 -0.187877 -1.143473
1757580032.176831 -1.404783 -0.021553 -0.145914 -1.295682 -1.334592 -0.015068 -0.189403 -1.143473
1757580032.178800 -1.404783 -0.021553 -0.148203 -1.295682 -1.334592 -0.014687 -0.191310 -1.143854
1757580032.180807 -1.404402 -0.021935 -0.150492 -1.296063 -1.334592 -0.014305 -0.192836 -1.143854
1757580032.182792 -1.404402 -0.021935 -0.152781 -1.295682 -1.334973 -0.014305 -0.194362 -1.143854
1757580032.184824 -1.404402 -0.022316 -0.154688 -1.295682 -1.334973 -0.013924 -0.195888 -1.143854
1757580032.186826 -1.404402 -0.022316 -0.156978 -1.295682 -1.334973 -0.013542 -0.197413 -1.144236
1757580032.188796 -1.404020 -0.022697 -0.159266 -1.295682 -1.335355 -0.013161 -0.198939 -1.144236
1757580032.190791 -1.404020 -0.022697 -0.161555 -1.295682 -1.335355 -0.013161 -0.200465 -1.144236
1757580032.192808 -1.404020 -0.022697 -0.163844 -1.295682 -1.335355 -0.012779 -0.201991 -1.144617
1757580032.194815 -1.404020 -0.023079 -0.165751 -1.295682 -1.335355 -0.012398 -0.203517 -1.144617
1757580032.196840 -1.403639 -0.023079 -0.168040 -1.295682 -1.335736 -0.012398 -0.205043 -1.144617
1757580032.198816 -1.403639 -0.023460 -0.170329 -1.295682 -1.335736 -0.012016 -0.206569 -1.144999
1757580032.200812 -1.403639 -0.023460 -0.172618 -1.295682 -1.335736 -0.011635 -0.208095 -1.144999
1757580032.202799 -1.403257 -0.023842 -0.174907 -1.295682 -1.335736 -0.011635 -0.210002 -1.144999
1757580032.204798 -1.403257 -0.023842 -0.176814 -1.295682 -1.335736 -0.011253 -0.211528 -1.145380
1757580032.206795 -1.402876 -0.024223 -0.179103 -1.295682 -1.336118 -0.010872 -0.213054 -1.145380
1757580032.208822 -1.402876 -0.024223 -0.181392 -1.296063 -1.336118 -0.010872 -0.214580 -1.145761
1757580032.210794 -1.402494 -0.024223 -0.183681 -1.296063 -1.336118 -0.010490 -0.216105 -1.145761
1757580032.212810 -1.402494 -0.024605 -0.185969 -1.296063 -1.336118 -0.010490 -0.217631 -1.145761
1757580032.214795 -1.402113 -0.024605 -0.188258 -1.296063 -1.336118 -0.010109 -0.219540 -1.146143
1757580032.216802 -1.402113 -0.024986 -0.190547 -1.296063 -1.336118 -0.009727 -0.221066 -1.146143
1757580032.218800 -1.401731 -0.024986 -0.192836 -1.296063 -1.336499 -0.009727 -0.222591 -1.146524
1757580032.220803 -1.401731 -0.025368 -0.195125 -1.296063 -1.336499 -0.009346 -0.224117 -1.146524
1757580032.222807 -1.401350 -0.025749 -0.197413 -1.296063 -1.336499 -0.008965 -0.225643 -1.146906
1757580032.224805 -1.400969 -0.025749 -0.199702 -1.296063 -1.336499 -0.008583 -0.227551 -1.146906
1757580032.226791 -1.400969 -0.026131 -0.201991 -1.296063 -1.336499 -0.008583 -0.229076 -1.146906
1757580032.228800 -1.400587 -0.026131 -0.204280 -1.296063 -1.336499 -0.008202 -0.230602 -1.146906
1757580032.230814 -1.400206 -0.026512 -0.206569 -1.296063 -1.336499 -0.007820 -0.232128 -1.147287
1757580032.232804 -1.400206 -0.026894 -0.208858 -1.296063 -1.336881 -0.007439 -0.234035 -1.147287
1757580032.234816 -1.399824 -0.026894 -0.211146 -1.296063 -1.336881 -0.007057 -0.235561 -1.147287
1757580032.236800 -1.399443 -0.027275 -0.213435 -1.296063 -1.336881 -0.007057 -0.237087 -1.147669
1757580032.238787 -1.399443 -0.027275 -0.215724 -1.296063 -1.336881 -0.006676 -0.238613 -1.147669
1757580032.240827 -1.399061 -0.027657 -0.218013 -1.296063 -1.337262 -0.006294 -0.240520 -1.147669
1757580032.242805 -1.398680 -0.027657 -0.219921 -1.296063 -1.337262 -0.005913 -0.242046 -1.148050
1757580032.244805 -1.398680 -0.028038 -0.222210 -1.296063 -1.337262 -0.005531 -0.243572 -1.148050
1757580032.246821 -1.398298 -0.028038 -0.224499 -1.296063 -1.337262 -0.005531 -0.245480 -1.148050
1757580032.248796 -1.397917 -0.028419 -0.226406 -1.296063 -1.337644 -0.005150 -0.247005 -1.148050
1757580032.250799 -1.397917 -0.028419 -0.228695 -1.296063 -1.337644 -0.004768 -0.248531 -1.148432
1757580032.252804 -1.397535 -0.028801 -0.230602 -1.296063 -1.337644 -0.004387 -0.250057 -1.148432
1757580032.254793 -1.397154 -0.028801 -0.232891 -1.296063 -1.337644 -0.004005 -0.251965 -1.148432
1757580032.256791 -1.397154 -0.028801 -0.234798 -1.296063 -1.338025 -0.003624 -0.253490 -1.148432
1757580032.258791 -1.396772 -0.028801 -0.237087 -1.296063 -1.338025 -0.003242 -0.255398 -1.148813
1757580032.260807 -1.396391 -0.029182 -0.238995 -1.296063 -1.338025 -0.003242 -0.256924 -1.148813
1757580032.262800 -1.396391 -0.029182 -0.241283 -1.296063 -1.338025 -0.002861 -0.258450 -1.148813
1757580032.264803 -1.396009 -0.029182 -0.243191 -1.296063 -1.338407 -0.002480 -0.260357 -1.149195
1757580032.266790 -1.395628 -0.029182 -0.245098 -1.296063 -1.338407 -0.002098 -0.262264 -1.149195
1757580032.268802 -1.395628 -0.029182 -0.247005 -1.296063 -1.338407 -0.002098 -0.263790 -1.149195
1757580032.270818 -1.395247 -0.029182 -0.248531 -1.296063 -1.338407 -0.001717 -0.265697 -1.149576
1757580032.272803 -1.394865 -0.029182 -0.250439 -1.296063 -1.338407 -0.001335 -0.267605 -1.149576
1757580032.274806 -1.394484 -0.029182 -0.252346 -1.296063 -1.338407 -0.001335 -0.269131 -1.149576
1757580032.276803 -1.394484 -0.029564 -0.253872 -1.296063 -1.338407 -0.000954 -0.271038 -1.149576
1757580032.278791 -1.394102 -0.029564 -0.255398 -1.296063 -1.338407 -0.000954 -0.272945 -1.149958
1757580032.280802 -1.393721 -0.029564 -0.256924 -1.296063 -1.338407 -0.000954 -0.274853 -1.149958
1757580032.282791 -1.393339 -0.029564 -0.258450 -1.296063 -1.338788 -0.000572 -0.276760 -1.149958
1757580032.284800 -1.392958 -0.029564 -0.259975 -1.296063 -1.338788 -0.000572 -0.278667 -1.149958
1757580032.286791 -1.392576 -0.029564 -0.261501 -1.295682 -1.338788 -0.000572 -0.280575 -1.149958
1757580032.288804 -1.392576 -0.029564 -0.262646 -1.295682 -1.338788 -0.000572 -0.282483 -1.150339
1757580032.290807 -1.392195 -0.029564 -0.264172 -1.295682 -1.338788 -0.000191 -0.284772 -1.150339
1757580032.292806 -1.391813 -0.029564 -0.265316 -1.295682 -1.338788 -0.000191 -0.286679 -1.150339
1757580032.294792 -1.391813 -0.029182 -0.266460 -1.295682 -1.338788 -0.000191 -0.288587 -1.150339
1757580032.296799 -1.391432 -0.029182 -0.267605 -1.295682 -1.338788 -0.000191 -0.290494 -1.150339
1757580032.298788 -1.391432 -0.029182 -0.268749 -1.295682 -1.338788 -0.000191 -0.292783 -1.150721
1757580032.300798 -1.391050 -0.029182 -0.269894 -1.295682 -1.338788 0.000191 -0.294690 -1.150721
1757580032.302819 -1.391050 -0.029182 -0.271038 -1.295682 -1.338788 0.000191 -0.296979 -1.150721
1757580032.304804 -1.390669 -0.029182 -0.271801 -1.295300 -1.338788 0.000191 -0.298886 -1.150721
1757580032.306799 -1.390669 -0.028801 -0.272564 -1.295682 -1.338788 0.000191 -0.301175 -1.150721
1757580032.308803 -1.390287 -0.028801 -0.273708 -1.295300 -1.338788 0.000191 -0.303082 -1.150721
1757580032.310803 -1.390287 -0.028419 -0.274471 -1.295300 -1.338788 0.000191 -0.305371 -1.150721
1757580032.312805 -1.390287 -0.028419 -0.275234 -1.295300 -1.338788 0.000191 -0.307279 -1.150721
1757580032.314801 -1.390287 -0.028038 -0.275997 -1.295300 -1.338407 0.000191 -0.309567 -1.150721
1757580032.316811 -1.390287 -0.028038 -0.276379 -1.295300 -1.338407 0.000191 -0.311856 -1.151102
1757580032.318791 -1.389906 -0.027657 -0.277142 -1.295300 -1.338407 0.000191 -0.313764 -1.151102
1757580032.320804 -1.389906 -0.027657 -0.277523 -1.295300 -1.338407 0.000191 -0.316052 -1.151102
1757580032.322792 -1.389906 -0.027275 -0.277905 -1.295300 -1.338407 0.000191 -0.318341 -1.151102
1757580032.324808 -1.389906 -0.027275 -0.278667 -1.295300 -1.338407 0.000191 -0.320249 -1.151102
1757580032.326793 -1.389906 -0.026894 -0.279049 -1.295300 -1.338407 0.000191 -0.322537 -1.151102
1757580032.328789 -1.389906 -0.026894 -0.279430 -1.295300 -1.338407 0.000191 -0.324826 -1.151102
1757580032.330796 -1.389906 -0.026512 -0.279812 -1.295300 -1.338407 0.000191 -0.327115 -1.151484
1757580032.332864 -1.389906 -0.026131 -0.279812 -1.295300 -1.338788 0.000191 -0.329404 -1.151484
1757580032.334802 -1.389906 -0.026131 -0.280193 -1.295300 -1.338788 0.000191 -0.331311 -1.151484
1757580032.336808 -1.389524 -0.025749 -0.280193 -1.295300 -1.338788 0.000191 -0.333600 -1.151484
1757580032.338801 -1.389524 -0.025368 -0.280193 -1.295300 -1.338788 0.000191 -0.335889 -1.151484
1757580032.340802 -1.389524 -0.024986 -0.280575 -1.294919 -1.338788 0.000191 -0.338178 -1.151484
1757580032.342798 -1.389906 -0.024986 -0.280575 -1.295300 -1.338788 0.000191 -0.340466 -1.151865
1757580032.344804 -1.389906 -0.024605 -0.280575 -1.294919 -1.338788 0.000191 -0.342755 -1.151865
1757580032.346794 -1.389906 -0.024223 -0.280575 -1.294919 -1.338788 -0.000191 -0.345045 -1.151865
1757580032.348790 -1.389906 -0.023842 -0.280575 -1.294919 -1.338788 -0.000191 -0.347334 -1.151865
1757580032.350789 -1.389906 -0.023460 -0.280575 -1.294919 -1.338788 -0.000191 -0.349623 -1.152246
1757580032.352809 -1.389906 -0.023079 -0.280575 -1.294919 -1.339170 -0.000191 -0.351912 -1.152246
1757580032.354803 -1.389906 -0.022697 -0.280575 -1.294919 -1.339170 -0.000191 -0.354200 -1.152246
1757580032.356790 -1.389906 -0.021935 -0.280575 -1.294919 -1.339170 -0.000191 -0.356871 -1.152246
1757580032.358792 -1.389906 -0.021553 -0.280575 -1.294919 -1.339170 -0.000191 -0.359159 -1.152628
1757580032.360808 -1.389906 -0.020790 -0.280575 -1.294919 -1.339170 -0.000191 -0.361448 -1.152628
1757580032.362797 -1.389906 -0.020409 -0.280193 -1.294919 -1.339170 -0.000191 -0.363737 -1.152628
1757580032.364819 -1.389906 -0.019646 -0.280193 -1.294919 -1.339170 -0.000572 -0.366026 -1.152628
1757580032.366799 -1.389906 -0.019264 -0.280193 -1.294919 -1.339170 -0.000572 -0.368315 -1.153009
1757580032.368836 -1.389906 -0.018501 -0.279812 -1.294919 -1.339551 -0.000572 -0.370985 -1.153009
1757580032.370799 -1.390287 -0.017738 -0.279430 -1.294919 -1.339551 -0.000572 -0.373274 -1.153009
1757580032.372806 -1.390287 -0.016975 -0.279049 -1.294919 -1.339551 -0.000572 -0.375563 -1.153009
1757580032.374801 -1.390669 -0.015831 -0.278667 -1.294919 -1.339551 -0.000954 -0.377851 -1.153391
1757580032.376827 -1.390669 -0.015068 -0.278286 -1.294919 -1.339932 -0.000954 -0.380140 -1.153391
1757580032.378804 -1.391050 -0.014305 -0.277905 -1.294919 -1.339932 -0.000954 -0.382429 -1.153391
1757580032.380801 -1.391432 -0.013161 -0.277523 -1.294919 -1.339932 -0.000954 -0.384718 -1.153772
1757580032.382798 -1.391432 -0.012398 -0.277142 -1.294919 -1.339932 -0.000954 -0.387007 -1.153772
1757580032.384821 -1.391813 -0.011253 -0.276379 -1.294919 -1.339932 -0.000954 -0.388914 -1.154154
1757580032.386841 -1.391813 -0.010490 -0.275997 -1.294919 -1.340314 -0.000954 -0.391203 -1.154154
1757580032.388824 -1.392195 -0.009727 -0.275616 -1.294919 -1.340314 -0.000954 -0.393110 -1.154535
1757580032.390800 -1.392576 -0.008583 -0.274853 -1.294919 -1.340314 -0.000954 -0.394636 -1.154535
1757580032.392848 -1.392576 -0.007820 -0.274471 -1.294919 -1.340314 -0.000954 -0.396544 -1.154917
1757580032.394839 -1.392958 -0.007057 -0.274090 -1.294919 -1.340695 -0.000954 -0.398451 -1.155298
1757580032.396803 -1.393339 -0.005913 -0.273327 -1.294919 -1.340695 -0.000954 -0.399977 -1.155298
1757580032.398803 -1.393721 -0.005150 -0.272945 -1.294919 -1.340695 -0.000954 -0.401503 -1.155680
1757580032.400796 -1.393721 -0.004387 -0.272182 -1.294919 -1.340695 -0.000954 -0.403028 -1.156061
1757580032.402806 -1.394102 -0.003242 -0.271801 -1.294919 -1.340695 -0.000954 -0.404173 -1.156444
1757580032.404789 -1.394484 -0.002480 -0.271038 -1.294919 -1.341077 -0.000954 -0.405699 -1.156825
1757580032.406798 -1.394865 -0.001717 -0.270657 -1.294919 -1.341077 -0.000954 -0.406844 -1.157207
1757580032.408809 -1.395247 -0.000954 -0.269894 -1.294919 -1.341077 -0.000954 -0.407989 -1.157588
1757580032.410803 -1.395628 -0.000191 -0.269512 -1.294919 -1.341077 -0.000954 -0.409133 -1.157969
1757580032.412798 -1.396009 0.000572 -0.268749 -1.294919 -1.341077 -0.000954 -0.410277 -1.158351
1757580032.414801 -1.396391 0.000954 -0.268368 -1.294919 -1.341077 -0.000954 -0.411040 -1.158732
1757580032.416800 -1.396772 0.001717 -0.267605 -1.294919 -1.341458 -0.000954 -0.412185 -1.159114
1757580032.418803 -1.397154 0.002480 -0.267223 -1.294919 -1.341458 -0.000954 -0.412948 -1.159495
1757580032.420798 -1.397535 0.003242 -0.266460 -1.294919 -1.341458 -0.000954 -0.413711 -1.159877
1757580032.422803 -1.397917 0.003624 -0.266079 -1.294919 -1.341458 -0.000954 -0.414474 -1.160640
1757580032.424797 -1.398298 0.004387 -0.265316 -1.294919 -1.341458 -0.000954 -0.415236 -1.161021
1757580032.426822 -1.398680 0.004768 -0.264935 -1.294919 -1.341458 -0.000954 -0.415618 -1.161403
1757580032.428806 -1.399061 0.005531 -0.264553 -1.294538 -1.341458 -0.000954 -0.416381 -1.161784
1757580032.430803 -1.399443 0.005913 -0.263790 -1.294538 -1.341458 -0.000954 -0.416762 -1.162166
1757580032.432796 -1.399824 0.006294 -0.263409 -1.294538 -1.341458 -0.000954 -0.417144 -1.162547
1757580032.434809 -1.400206 0.007057 -0.262646 -1.294538 -1.341458 -0.000954 -0.417525 -1.162929
1757580032.436799 -1.400587 0.007439 -0.262264 -1.294538 -1.341458 -0.000954 -0.417907 -1.163310
1757580032.438802 -1.400587 0.007820 -0.261501 -1.294538 -1.341458 -0.000954 -0.418288 -1.163692
1757580032.440808 -1.400969 0.008202 -0.261120 -1.294538 -1.341458 -0.000954 -0.418288 -1.163692
1757580032.442800 -1.401350 0.008965 -0.260357 -1.294538 -1.341458 -0.000954 -0.418670 -1.164073
1757580032.444798 -1.401731 0.009346 -0.259975 -1.294538 -1.341458 -0.001335 -0.419051 -1.164073
1757580032.446804 -1.402113 0.009727 -0.259212 -1.294538 -1.341458 -0.001717 -0.419051 -1.164073
1757580032.448814 -1.402113 0.010109 -0.258450 -1.294538 -1.341458 -0.001717 -0.419051 -1.164454
1757580032.450803 -1.402494 0.010490 -0.258068 -1.294538 -1.341840 -0.002098 -0.419433 -1.164454
1757580032.452814 -1.402876 0.010872 -0.257305 -1.294538 -1.341840 -0.002098 -0.419433 -1.164454
1757580032.454804 -1.403257 0.011253 -0.256542 -1.294538 -1.341840 -0.002480 -0.419433 -1.164454
1757580032.456827 -1.403257 0.011635 -0.256161 -1.294538 -1.341840 -0.002480 -0.419433 -1.164454
1757580032.458806 -1.403639 0.012016 -0.255398 -1.294538 -1.341840 -0.002861 -0.419433 -1.164836
1757580032.460815 -1.404020 0.012398 -0.255016 -1.294538 -1.341840 -0.002861 -0.419433 -1.164836
1757580032.462803 -1.404402 0.012779 -0.254253 -1.294538 -1.341840 -0.002861 -0.419433 -1.164836
1757580032.464819 -1.404783 0.012779 -0.253490 -1.294538 -1.342221 -0.002861 -0.419433 -1.164836
1757580032.466800 -1.405165 0.013161 -0.252728 -1.294538 -1.342221 -0.003242 -0.419433 -1.164836
1757580032.468811 -1.405546 0.013161 -0.252346 -1.294538 -1.342221 -0.003242 -0.419433 -1.164836
1757580032.470804 -1.405928 0.013542 -0.251583 -1.294538 -1.342221 -0.003242 -0.419433 -1.164836
1757580032.472814 -1.405928 0.013542 -0.250820 -1.294538 -1.342603 -0.003242 -0.419433 -1.164836
1757580032.474798 -1.406310 0.013924 -0.250439 -1.294538 -1.342603 -0.003242 -0.419433 -1.164836
1757580032.476812 -1.406692 0.013924 -0.249676 -1.294538 -1.342603 -0.003624 -0.419433 -1.164836
1757580032.478806 -1.407073 0.013924 -0.248913 -1.294156 -1.342984 -0.003624 -0.419051 -1.164836
1757580032.480817 -1.407454 0.014305 -0.248150 -1.294538 -1.342984 -0.003624 -0.419051 -1.165217
1757580032.482799 -1.407836 0.014305 -0.247768 -1.294538 -1.342984 -0.003624 -0.418670 -1.165217
1757580032.484812 -1.408217 0.014305 -0.247005 -1.294156 -1.343366 -0.003624 -0.418670 -1.165217
1757580032.486805 -1.408599 0.014305 -0.246243 -1.294538 -1.343747 -0.003624 -0.418288 -1.165217
1757580032.488821 -1.408980 0.014305 -0.245861 -1.294538 -1.343747 -0.003624 -0.418288 -1.165217
1757580032.490807 -1.409362 0.014305 -0.245098 -1.294538 -1.344130 -0.003624 -0.418288 -1.165217
1757580032.492805 -1.409743 0.014305 -0.244335 -1.294538 -1.344511 -0.003624 -0.417907 -1.165217
1757580032.494815 -1.410125 0.014305 -0.243954 -1.294538 -1.344511 -0.003624 -0.417907 -1.165217
1757580032.496805 -1.410506 0.014305 -0.243191 -1.294538 -1.344893 -0.003624 -0.417907 -1.165217
1757580032.498799 -1.410888 0.014305 -0.242809 -1.294538 -1.344893 -0.003624 -0.417907 -1.165217
1757580032.500810 -1.411269 0.014305 -0.242046 -1.294538 -1.345274 -0.003624 -0.417525 -1.165217
1757580032.502815 -1.411651 0.014305 -0.241665 -1.294538 -1.345274 -0.003624 -0.417525 -1.165217
1757580032.504803 -1.412032 0.014305 -0.240902 -1.294538 -1.345274 -0.003624 -0.417144 -1.165217
1757580032.506804 -1.412414 0.014305 -0.240520 -1.294538 -1.345655 -0.003624 -0.417144 -1.165217
1757580032.508804 -1.412795 0.014305 -0.239758 -1.294538 -1.345655 -0.003624 -0.417144 -1.165217
1757580032.510809 -1.413177 0.014305 -0.239376 -1.294538 -1.346037 -0.003624 -0.416762 -1.165217
1757580032.512812 -1.413939 0.014305 -0.238613 -1.294538 -1.346037 -0.003624 -0.416762 -1.165599
1757580032.514806 -1.414321 0.014305 -0.237850 -1.294538 -1.346037 -0.003624 -0.416381 -1.165599
1757580032.516798 -1.414702 0.014305 -0.237469 -1.294538 -1.346418 -0.003624 -0.415999 -1.165599
1757580032.518888 -1.415084 0.014305 -0.236706 -1.294538 -1.346418 -0.004005 -0.415999 -1.165599
1757580032.520836 -1.415465 0.014305 -0.235943 -1.294538 -1.346418 -0.004005 -0.415618 -1.165599
1757580032.522862 -1.416228 0.014305 -0.235180 -1.294538 -1.346800 -0.004005 -0.415618 -1.165599
1757580032.524831 -1.416610 0.014305 -0.234417 -1.294538 -1.346800 -0.004005 -0.415236 -1.165599
1757580032.526897 -1.416991 0.014305 -0.233654 -1.294538 -1.346800 -0.004005 -0.415236 -1.165599
1757580032.528863 -1.417373 0.014305 -0.232891 -1.294538 -1.346800 -0.004005 -0.414855 -1.165599
1757580032.530856 -1.417754 0.014305 -0.232128 -1.294538 -1.347181 -0.004005 -0.414855 -1.165599
1757580032.532831 -1.418517 0.014305 -0.230984 -1.294538 -1.347181 -0.004387 -0.414474 -1.165599
1757580032.534859 -1.418899 0.014305 -0.230221 -1.294538 -1.347181 -0.004387 -0.414092 -1.165599
1757580032.536839 -1.419280 0.014305 -0.229458 -1.294538 -1.347181 -0.004387 -0.414092 -1.165599
1757580032.538860 -1.419662 0.014305 -0.228695 -1.294156 -1.347563 -0.004387 -0.413711 -1.165599
1757580032.540832 -1.420043 0.014305 -0.227551 -1.294538 -1.347563 -0.004387 -0.413329 -1.165599
1757580032.542847 -1.420806 0.014305 -0.226788 -1.294538 -1.347563 -0.004387 -0.413329 -1.165599
1757580032.544803 -1.421187 0.013924 -0.225643 -1.294156 -1.347563 -0.004387 -0.412948 -1.165599
1757580032.546814 -1.421569 0.013924 -0.224880 -1.294156 -1.347563 -0.004387 -0.412566 -1.165980
1757580032.548837 -1.421950 0.013924 -0.223736 -1.294156 -1.347944 -0.004387 -0.412566 -1.165980
1757580032.550825 -1.422332 0.013924 -0.222973 -1.294156 -1.347944 -0.004387 -0.412185 -1.165980
1757580032.552809 -1.422713 0.013924 -0.221828 -1.294156 -1.347944 -0.004387 -0.411803 -1.165980
1757580032.554822 -1.423095 0.013924 -0.221066 -1.294156 -1.347944 -0.004387 -0.411422 -1.165980
1757580032.556792 -1.423858 0.013924 -0.219921 -1.294156 -1.347944 -0.004387 -0.411040 -1.165980
1757580032.558805 -1.424239 0.013542 -0.219158 -1.294538 -1.347944 -0.004387 -0.410659 -1.165980
1757580032.560798 -1.424621 0.013542 -0.218013 -1.294538 -1.347944 -0.004387 -0.410277 -1.165980
1757580032.562818 -1.425002 0.013542 -0.217250 -1.294538 -1.348326 -0.004387 -0.409896 -1.166362
1757580032.564798 -1.425384 0.013542 -0.216105 -1.294538 -1.348326 -0.004387 -0.409514 -1.166362
1757580032.566797 -1.425765 0.013542 -0.215343 -1.294538 -1.348326 -0.004387 -0.408751 -1.166362
1757580032.568793 -1.426528 0.013542 -0.214198 -1.294538 -1.348326 -0.004387 -0.408370 -1.166362
1757580032.570806 -1.426909 0.013161 -0.213435 -1.294538 -1.348326 -0.004387 -0.407989 -1.166743
1757580032.572796 -1.427291 0.013161 -0.212291 -1.294538 -1.348326 -0.004387 -0.407226 -1.166743
1757580032.574805 -1.427672 0.013161 -0.211146 -1.294538 -1.348326 -0.004387 -0.406844 -1.166743
1757580032.576797 -1.428054 0.013161 -0.210383 -1.294538 -1.348326 -0.004387 -0.406080 -1.166743
1757580032.578810 -1.428817 0.013161 -0.209239 -1.294538 -1.348326 -0.004387 -0.405699 -1.166743
1757580032.580881 -1.429198 0.012779 -0.208095 -1.294538 -1.348707 -0.004387 -0.404936 -1.167125
1757580032.582822 -1.429580 0.012779 -0.207332 -1.294156 -1.348707 -0.004387 -0.404173 -1.167125
1757580032.584814 -1.429961 0.012779 -0.206187 -1.294156 -1.348707 -0.004387 -0.403791 -1.167125
1757580032.586906 -1.430343 0.012779 -0.205043 -1.294156 -1.348707 -0.004387 -0.403028 -1.167125
1757580032.588844 -1.430724 0.012779 -0.203898 -1.294156 -1.348707 -0.004387 -0.402266 -1.167506
1757580032.590833 -1.431487 0.012398 -0.203135 -1.294156 -1.348707 -0.004387 -0.401884 -1.167506
1757580032.592798 -1.431869 0.012398 -0.201991 -1.294156 -1.348707 -0.004387 -0.401121 -1.167506
1757580032.594813 -1.432250 0.012398 -0.200847 -1.294156 -1.349089 -0.004387 -0.400358 -1.167506
1757580032.596785 -1.432631 0.012016 -0.200084 -1.294156 -1.349089 -0.004387 -0.399977 -1.167506
1757580032.598797 -1.433013 0.012016 -0.198939 -1.294156 -1.349089 -0.004387 -0.399214 -1.167888
1757580032.600796 -1.433394 0.012016 -0.197795 -1.294156 -1.349089 -0.004387 -0.398451 -1.167888
1757580032.602827 -1.433776 0.011635 -0.196651 -1.294156 -1.349089 -0.004387 -0.397688 -1.167888
1757580032.604805 -1.434157 0.011635 -0.195506 -1.294156 -1.349089 -0.004387 -0.397306 -1.167888
1757580032.606800 -1.434539 0.011635 -0.194743 -1.294156 -1.349089 -0.004387 -0.396544 -1.167888
1757580032.608785 -1.434920 0.011253 -0.193599 -1.294156 -1.349089 -0.004387 -0.395781 -1.168269
1757580032.610888 -1.435302 0.011253 -0.192454 -1.294156 -1.349089 -0.004387 -0.395399 -1.168269
1757580032.612816 -1.435683 0.010872 -0.191691 -1.294156 -1.349089 -0.004387 -0.394636 -1.168269
1757580032.614855 -1.436065 0.010872 -0.190547 -1.294156 -1.349089 -0.004387 -0.393873 -1.168269
1757580032.616816 -1.436446 0.010872 -0.189403 -1.294156 -1.349089 -0.004387 -0.393492 -1.168269
1757580032.618925 -1.436828 0.010490 -0.188258 -1.294156 -1.349089 -0.004387 -0.392729 -1.168651
1757580032.620811 -1.437209 0.010490 -0.187114 -1.294156 -1.349089 -0.004387 -0.391966 -1.168651
1757580032.622796 -1.437591 0.010490 -0.185969 -1.294156 -1.349089 -0.004387 -0.391584 -1.168651
1757580032.624798 -1.437972 0.010109 -0.184825 -1.294538 -1.349089 -0.004387 -0.390821 -1.168651
1757580032.626794 -1.438354 0.010109 -0.183681 -1.294538 -1.349089 -0.004387 -0.390440 -1.169032
1757580032.628806 -1.438735 0.010109 -0.182536 -1.294538 -1.349089 -0.004768 -0.389677 -1.169032
1757580032.630797 -1.439498 0.009727 -0.181392 -1.294538 -1.349470 -0.004768 -0.388914 -1.169032
1757580032.632799 -1.439879 0.009727 -0.180247 -1.294538 -1.349470 -0.004768 -0.388533 -1.169032
1757580032.634789 -1.440261 0.009727 -0.178721 -1.294538 -1.349470 -0.004768 -0.387770 -1.169414
1757580032.636802 -1.440642 0.009727 -0.177577 -1.294538 -1.349470 -0.004768 -0.387388 -1.169414
1757580032.638804 -1.441024 0.009346 -0.176433 -1.294538 -1.349470 -0.004768 -0.386625 -1.169414
1757580032.640801 -1.441405 0.009346 -0.174907 -1.294538 -1.349470 -0.004768 -0.385862 -1.169414
1757580032.642818 -1.442168 0.008965 -0.173762 -1.294538 -1.349470 -0.005150 -0.385099 -1.169795
1757580032.644798 -1.442550 0.008965 -0.172236 -1.294538 -1.349470 -0.005150 -0.384336 -1.169795
1757580032.646801 -1.442931 0.008965 -0.170711 -1.294538 -1.349470 -0.005150 -0.383574 -1.169795
1757580032.648796 -1.443313 0.008583 -0.169566 -1.294538 -1.349470 -0.005150 -0.382811 -1.169795
1757580032.650833 -1.443694 0.008583 -0.168040 -1.294538 -1.349470 -0.005150 -0.382048 -1.169795
1757580032.652809 -1.444076 0.008202 -0.166896 -1.294538 -1.349470 -0.005150 -0.381285 -1.170177
1757580032.654795 -1.444839 0.008202 -0.165370 -1.294538 -1.349470 -0.005150 -0.380522 -1.170177
1757580032.656796 -1.445220 0.007820 -0.163844 -1.294538 -1.349470 -0.005531 -0.379759 -1.170177
1757580032.658804 -1.445601 0.007820 -0.162318 -1.294538 -1.349470 -0.005531 -0.378996 -1.170177
1757580032.660789 -1.445983 0.007439 -0.160792 -1.294538 -1.349852 -0.005531 -0.378233 -1.170558
1757580032.662783 -1.446364 0.007439 -0.159266 -1.294538 -1.349852 -0.005531 -0.377089 -1.170558
1757580032.664798 -1.446746 0.007057 -0.157741 -1.294538 -1.349852 -0.005531 -0.376326 -1.170558
1757580032.666797 -1.447509 0.007057 -0.156214 -1.294538 -1.349852 -0.005531 -0.375563 -1.170558
1757580032.668786 -1.447890 0.006676 -0.154688 -1.294538 -1.349852 -0.005531 -0.374418 -1.170939
1757580032.670785 -1.448272 0.006676 -0.153162 -1.294538 -1.349852 -0.005531 -0.373655 -1.170939
1757580032.672795 -1.448653 0.006294 -0.151636 -1.294538 -1.349852 -0.005913 -0.372892 -1.170939
1757580032.674819 -1.449035 0.006294 -0.150110 -1.294538 -1.349852 -0.005913 -0.372129 -1.170939
1757580032.676785 -1.449416 0.005913 -0.148584 -1.294538 -1.349852 -0.005913 -0.370985 -1.170939
1757580032.678793 -1.449798 0.005531 -0.147058 -1.294538 -1.349852 -0.005913 -0.370222 -1.171321
1757580032.680798 -1.450179 0.005531 -0.145533 -1.294538 -1.349852 -0.005913 -0.369459 -1.171321
1757580032.682783 -1.450561 0.005150 -0.144007 -1.294538 -1.349852 -0.005913 -0.368696 -1.171321
1757580032.684785 -1.450942 0.005150 -0.142481 -1.294538 -1.349852 -0.005913 -0.367933 -1.171321
1757580032.686784 -1.451324 0.004768 -0.140955 -1.294538 -1.349852 -0.005913 -0.367170 -1.171321
1757580032.688799 -1.451705 0.004768 -0.139429 -1.294538 -1.349852 -0.006294 -0.366407 -1.171321
1757580032.690785 -1.452086 0.004387 -0.137903 -1.294538 -1.349852 -0.006294 -0.365644 -1.171321
1757580032.692784 -1.452468 0.004005 -0.136377 -1.294538 -1.349852 -0.006294 -0.364882 -1.171321
1757580032.694786 -1.452849 0.004005 -0.134851 -1.294538 -1.349852 -0.006294 -0.364500 -1.171702
1757580032.696798 -1.453231 0.003624 -0.133326 -1.294538 -1.349852 -0.006294 -0.363737 -1.171702
1757580032.698780 -1.453612 0.003624 -0.131800 -1.294538 -1.349852 -0.006294 -0.362974 -1.171702
1757580032.700795 -1.453994 0.003242 -0.130274 -1.294538 -1.349852 -0.006676 -0.362211 -1.171702
1757580032.702781 -1.454375 0.003242 -0.128748 -1.294538 -1.349852 -0.006676 -0.361448 -1.171702
1757580032.704803 -1.454757 0.002861 -0.127222 -1.294538 -1.349852 -0.006676 -0.360685 -1.171702
1757580032.706811 -1.455138 0.002861 -0.125315 -1.294538 -1.349852 -0.006676 -0.359922 -1.171702
1757580032.708807 -1.455520 0.002480 -0.123789 -1.294538 -1.349852 -0.006676 -0.359159 -1.171702
1757580032.710786 -1.455901 0.002480 -0.122263 -1.294538 -1.349852 -0.007057 -0.358778 -1.171702
1757580032.712813 -1.456283 0.002098 -0.120737 -1.294538 -1.349852 -0.007057 -0.358015 -1.172084
1757580032.714795 -1.456664 0.002098 -0.118830 -1.294538 -1.349852 -0.007057 -0.357252 -1.172084
1757580032.716803 -1.457046 0.001717 -0.117304 -1.294538 -1.349852 -0.007057 -0.356108 -1.172084
1757580032.718782 -1.457808 0.001717 -0.115396 -1.294538 -1.349852 -0.007439 -0.355345 -1.172084
1757580032.720828 -1.457808 0.001335 -0.113871 -1.294538 -1.349470 -0.007439 -0.354582 -1.172084
1757580032.722810 -1.458190 0.001335 -0.111963 -1.294538 -1.349470 -0.007439 -0.353819 -1.172084
1757580032.724806 -1.458571 0.000954 -0.110437 -1.294538 -1.349470 -0.007439 -0.352674 -1.172084
1757580032.726792 -1.458953 0.000572 -0.108530 -1.294538 -1.349470 -0.007439 -0.351912 -1.172465
1757580032.728793 -1.459334 0.000572 -0.106623 -1.294538 -1.349470 -0.007820 -0.350767 -1.172465
1757580032.730786 -1.459716 0.000191 -0.105097 -1.294538 -1.349470 -0.007820 -0.349623 -1.172465
1757580032.732802 -1.460097 0.000191 -0.103189 -1.294538 -1.349470 -0.007820 -0.348860 -1.172465
1757580032.734782 -1.460479 -0.000191 -0.101282 -1.294538 -1.349470 -0.007820 -0.347715 -1.172465
1757580032.736870 -1.460860 -0.000191 -0.099375 -1.294538 -1.349089 -0.007820 -0.346571 -1.172465
1757580032.738801 -1.461242 -0.000572 -0.097467 -1.294538 -1.349089 -0.007820 -0.345427 -1.172465
1757580032.740805 -1.461623 -0.000954 -0.095560 -1.294538 -1.349089 -0.008202 -0.344282 -1.172465
1757580032.742792 -1.462005 -0.000954 -0.093652 -1.294538 -1.349089 -0.008202 -0.343137 -1.172465
1757580032.744788 -1.462005 -0.001335 -0.092126 -1.294538 -1.348707 -0.008202 -0.341992 -1.172465
1757580032.746784 -1.462386 -0.001717 -0.090219 -1.294538 -1.348707 -0.008202 -0.340848 -1.172465
1757580032.748802 -1.462768 -0.001717 -0.088311 -1.294538 -1.348707 -0.008202 -0.339704 -1.172465
1757580032.750793 -1.463149 -0.002098 -0.086404 -1.294538 -1.348707 -0.008583 -0.338178 -1.172465
1757580032.752810 -1.463531 -0.002098 -0.084496 -1.294156 -1.348707 -0.008583 -0.337033 -1.172465
1757580032.754781 -1.463531 -0.002480 -0.082589 -1.294156 -1.348707 -0.008583 -0.335889 -1.172465
1757580032.756820 -1.463912 -0.002480 -0.080682 -1.294156 -1.348326 -0.008583 -0.334744 -1.172465
1757580032.758791 -1.463912 -0.002861 -0.078774 -1.294156 -1.348326 -0.008583 -0.333219 -1.172465
1757580032.760813 -1.464293 -0.002861 -0.076867 -1.294156 -1.348326 -0.008583 -0.332074 -1.172465
1757580032.762789 -1.464675 -0.003242 -0.074960 -1.294156 -1.348326 -0.008583 -0.330930 -1.172465
1757580032.764852 -1.464675 -0.003242 -0.073052 -1.294156 -1.348326 -0.008965 -0.329404 -1.172465
1757580032.766780 -1.465056 -0.003624 -0.071145 -1.294156 -1.348326 -0.008965 -0.328259 -1.172465
1757580032.768816 -1.465056 -0.003624 -0.069238 -1.294156 -1.348326 -0.008965 -0.327115 -1.172465
1757580032.770797 -1.465438 -0.004005 -0.067330 -1.294156 -1.348326 -0.008965 -0.325971 -1.172465
1757580032.772929 -1.465438 -0.004005 -0.065042 -1.294156 -1.347944 -0.008965 -0.324445 -1.172465
1757580032.774829 -1.465438 -0.004387 -0.063134 -1.294156 -1.347944 -0.009346 -0.323300 -1.172465
1757580032.776930 -1.465819 -0.004387 -0.061227 -1.293775 -1.347944 -0.009346 -0.322156 -1.172465
1757580032.778798 -1.465819 -0.004387 -0.059319 -1.293775 -1.347944 -0.009346 -0.321012 -1.172465
1757580032.780780 -1.466201 -0.004768 -0.057412 -1.293775 -1.347944 -0.009346 -0.319486 -1.172465
1757580032.782782 -1.466201 -0.004768 -0.055505 -1.293775 -1.347944 -0.009346 -0.318341 -1.172465
1757580032.784874 -1.466201 -0.004768 -0.053597 -1.293775 -1.347944 -0.009346 -0.317197 -1.172465
1757580032.786795 -1.466201 -0.004768 -0.051690 -1.293775 -1.347944 -0.009727 -0.315671 -1.172465
1757580032.788782 -1.466582 -0.005150 -0.049401 -1.293775 -1.347944 -0.009727 -0.314527 -1.172465
1757580032.790813 -1.466582 -0.005150 -0.047494 -1.293775 -1.347944 -0.009727 -0.313001 -1.172465
1757580032.792862 -1.466582 -0.005150 -0.045587 -1.293775 -1.347944 -0.009727 -0.311856 -1.172465
1757580032.794798 -1.466582 -0.005150 -0.043679 -1.293393 -1.347944 -0.010109 -0.310330 -1.172847
1757580032.796783 -1.466582 -0.005150 -0.041772 -1.293393 -1.347944 -0.010109 -0.309186 -1.172847
1757580032.798830 -1.466964 -0.005150 -0.039865 -1.293393 -1.347944 -0.010109 -0.307660 -1.172847
1757580032.800810 -1.466964 -0.005531 -0.037576 -1.293393 -1.347944 -0.010490 -0.306516 -1.172847
1757580032.802800 -1.466964 -0.005531 -0.035668 -1.293393 -1.347944 -0.010490 -0.304990 -1.172847
1757580032.804806 -1.466964 -0.005531 -0.033761 -1.293393 -1.347944 -0.010872 -0.303845 -1.172847
1757580032.806783 -1.466964 -0.005531 -0.031472 -1.293393 -1.347944 -0.010872 -0.302320 -1.173228
1757580032.808783 -1.467345 -0.005531 -0.029564 -1.293393 -1.347944 -0.010872 -0.301175 -1.173228
1757580032.810796 -1.467345 -0.005531 -0.027657 -1.293012 -1.347944 -0.011253 -0.299649 -1.173228
1757580032.812782 -1.467345 -0.005913 -0.025368 -1.293012 -1.348326 -0.011253 -0.298505 -1.173228
1757580032.814794 -1.467345 -0.005913 -0.023460 -1.293012 -1.348326 -0.011635 -0.297360 -1.173228
1757580032.816784 -1.467345 -0.005913 -0.021553 -1.293012 -1.348326 -0.011635 -0.295835 -1.173610
1757580032.818794 -1.467345 -0.005913 -0.019264 -1.293012 -1.348326 -0.012016 -0.294690 -1.173610
1757580032.820795 -1.467345 -0.005913 -0.017357 -1.293012 -1.348707 -0.012016 -0.293164 -1.173610
1757580032.822796 -1.467345 -0.005913 -0.015068 -1.293012 -1.348707 -0.012398 -0.292020 -1.173610
1757580032.824791 -1.467345 -0.006294 -0.013161 -1.292630 -1.348707 -0.012398 -0.290875 -1.173991
1757580032.826790 -1.467345 -0.006294 -0.011253 -1.292630 -1.348707 -0.012779 -0.289731 -1.173991
1757580032.828839 -1.467345 -0.006294 -0.009346 -1.292630 -1.348707 -0.012779 -0.288205 -1.173991
1757580032.830844 -1.467345 -0.006294 -0.007439 -1.292630 -1.349089 -0.013161 -0.287061 -1.173991
1757580032.832841 -1.467345 -0.006294 -0.005150 -1.292630 -1.349089 -0.013161 -0.285916 -1.174373
1757580032.834833 -1.467345 -0.006676 -0.003242 -1.292630 -1.349089 -0.013161 -0.284390 -1.174373
1757580032.836880 -1.467345 -0.006676 -0.001335 -1.292630 -1.349089 -0.013542 -0.283246 -1.174373
1757580032.838801 -1.467345 -0.006676 0.000572 -1.292249 -1.349470 -0.013542 -0.281720 -1.174754
1757580032.840793 -1.467345 -0.006676 0.002480 -1.292249 -1.349470 -0.013542 -0.280575 -1.174754
1757580032.842840 -1.467345 -0.006676 0.004387 -1.292249 -1.349470 -0.013542 -0.279049 -1.174754
1757580032.844795 -1.467345 -0.007057 0.006294 -1.292249 -1.349470 -0.013542 -0.277905 -1.175136
1757580032.846800 -1.467345 -0.007057 0.008202 -1.292249 -1.349470 -0.013542 -0.276379 -1.175136
1757580032.848792 -1.467345 -0.007057 0.010109 -1.292249 -1.349852 -0.013924 -0.274853 -1.175136
1757580032.850795 -1.467345 -0.007057 0.012016 -1.291867 -1.349852 -0.013924 -0.273327 -1.175517
1757580032.852791 -1.467345 -0.007057 0.013924 -1.291867 -1.349852 -0.013924 -0.271801 -1.175517
1757580032.854806 -1.467345 -0.007439 0.015831 -1.291867 -1.349852 -0.013924 -0.269894 -1.175899
1757580032.856790 -1.467345 -0.007439 0.017738 -1.291486 -1.349852 -0.013924 -0.268368 -1.175899
1757580032.858792 -1.467345 -0.007439 0.020027 -1.291486 -1.349852 -0.013924 -0.266460 -1.176280
1757580032.860861 -1.467345 -0.007439 0.021935 -1.291486 -1.349852 -0.013924 -0.264553 -1.176280
1757580032.862804 -1.467345 -0.007439 0.023842 -1.291104 -1.350233 -0.013924 -0.263027 -1.176661
1757580032.864829 -1.467345 -0.007820 0.025749 -1.291104 -1.350233 -0.013924 -0.261120 -1.177043
1757580032.866814 -1.467345 -0.007820 0.027657 -1.291104 -1.350233 -0.013924 -0.259212 -1.177424
1757580032.868790 -1.467345 -0.007820 0.029564 -1.290723 -1.350233 -0.013924 -0.256924 -1.177424
1757580032.870798 -1.467345 -0.007820 0.031472 -1.290723 -1.350233 -0.013924 -0.255016 -1.177806
1757580032.872793 -1.467345 -0.007820 0.033380 -1.290341 -1.350615 -0.014305 -0.253109 -1.178187
1757580032.874790 -1.467345 -0.008202 0.035287 -1.290341 -1.350615 -0.014305 -0.250820 -1.178569
1757580032.876790 -1.467345 -0.008202 0.037194 -1.289960 -1.350615 -0.014305 -0.248913 -1.178950
1757580032.878797 -1.467345 -0.008202 0.039102 -1.289960 -1.350996 -0.014305 -0.246624 -1.179332
1757580032.880788 -1.467345 -0.008202 0.041009 -1.289960 -1.350996 -0.014305 -0.244717 -1.179713
1757580032.882794 -1.467345 -0.008202 0.042916 -1.289578 -1.350996 -0.014305 -0.242428 -1.180095
1757580032.884789 -1.467345 -0.008202 0.044824 -1.289578 -1.350996 -0.014305 -0.240139 -1.180476
1757580032.886795 -1.467345 -0.008583 0.046731 -1.289197 -1.351377 -0.014687 -0.238232 -1.180476
1757580032.888788 -1.467345 -0.008583 0.048638 -1.289197 -1.351377 -0.014687 -0.235943 -1.180858
1757580032.890833 -1.466964 -0.008583 0.050546 -1.289197 -1.351759 -0.014687 -0.233654 -1.181239
1757580032.892816 -1.466964 -0.008583 0.052453 -1.288815 -1.351759 -0.014687 -0.231747 -1.181621
1757580032.894806 -1.466964 -0.008583 0.054360 -1.288815 -1.352140 -0.014687 -0.229458 -1.182002
1757580032.896788 -1.466964 -0.008583 0.056268 -1.288815 -1.352140 -0.014687 -0.227169 -1.182384
1757580032.898840 -1.466964 -0.008965 0.058557 -1.288434 -1.352522 -0.014687 -0.225262 -1.182765
1757580032.900810 -1.466582 -0.008965 0.060464 -1.288434 -1.352903 -0.015068 -0.222973 -1.183146
1757580032.902799 -1.466582 -0.008965 0.062371 -1.288434 -1.352903 -0.015068 -0.221066 -1.183146
1757580032.904791 -1.466201 -0.008965 0.064279 -1.288053 -1.353285 -0.015068 -0.218777 -1.183528
1757580032.906790 -1.466201 -0.008965 0.066186 -1.288053 -1.353666 -0.015068 -0.216868 -1.183909
1757580032.908780 -1.465819 -0.008965 0.068093 -1.287671 -1.353666 -0.015068 -0.214961 -1.184291
1757580032.910839 -1.465819 -0.009346 0.070001 -1.287671 -1.354048 -0.015068 -0.212672 -1.184672
1757580032.912814 -1.465438 -0.009346 0.071908 -1.287290 -1.354429 -0.015068 -0.210765 -1.184672
1757580032.914794 -1.465438 -0.009346 0.073434 -1.287290 -1.354429 -0.015068 -0.208858 -1.185054
1757580032.916789 -1.465056 -0.009346 0.075341 -1.287290 -1.354811 -0.015068 -0.206569 -1.185435
1757580032.918799 -1.465056 -0.009346 0.077249 -1.286908 -1.355192 -0.015068 -0.204661 -1.185817
1757580032.920789 -1.464675 -0.009727 0.078774 -1.286908 -1.355574 -0.015068 -0.202754 -1.186198
1757580032.922809 -1.464675 -0.009727 0.080682 -1.286527 -1.355574 -0.015068 -0.200465 -1.186198
1757580032.924796 -1.464293 -0.009727 0.082208 -1.286527 -1.355955 -0.015068 -0.198558 -1.186580
1757580032.926802 -1.464293 -0.009727 0.084115 -1.286145 -1.356337 -0.015068 -0.196651 -1.186961
1757580032.928794 -1.463912 -0.009727 0.085641 -1.286145 -1.356718 -0.015068 -0.194743 -1.186961
1757580032.930789 -1.463912 -0.010109 0.087548 -1.286145 -1.356718 -0.014687 -0.192454 -1.187343
1757580032.932789 -1.463531 -0.010109 0.089074 -1.285764 -1.357100 -0.014687 -0.190547 -1.187724
1757580032.934800 -1.463531 -0.010109 0.090600 -1.285764 -1.357100 -0.014687 -0.188258 -1.188106
1757580032.936789 -1.463149 -0.010109 0.092507 -1.285764 -1.357481 -0.014687 -0.185969 -1.188487
1757580032.938794 -1.463149 -0.010490 0.094034 -1.285382 -1.357481 -0.014687 -0.184062 -1.188487
1757580032.940789 -1.463149 -0.010490 0.095560 -1.285382 -1.357862 -0.014687 -0.181773 -1.188869
1757580032.942800 -1.462768 -0.010490 0.097086 -1.285382 -1.358244 -0.014687 -0.179484 -1.189250
1757580032.944790 -1.462768 -0.010490 0.098993 -1.285001 -1.358244 -0.014687 -0.177196 -1.189631
1757580032.946801 -1.462768 -0.010490 0.100519 -1.285001 -1.358625 -0.014687 -0.174907 -1.190013
1757580032.948790 -1.462386 -0.010872 0.102427 -1.285001 -1.358625 -0.014687 -0.172618 -1.190394
1757580032.950796 -1.462386 -0.010872 0.103952 -1.284619 -1.358625 -0.014687 -0.170329 -1.190776
1757580032.952825 -1.462386 -0.010872 0.105478 -1.284619 -1.359007 -0.014687 -0.167659 -1.191157
1757580032.954830 -1.462386 -0.010872 0.107386 -1.284619 -1.359007 -0.014687 -0.165370 -1.191920
1757580032.956815 -1.462386 -0.010872 0.108912 -1.284238 -1.359388 -0.014687 -0.162700 -1.192302
1757580032.958798 -1.462005 -0.010872 0.110819 -1.284238 -1.359388 -0.014687 -0.160411 -1.192683
1757580032.960793 -1.462005 -0.011253 0.112345 -1.284238 -1.359388 -0.014687 -0.157741 -1.193065
1757580032.962840 -1.462005 -0.011253 0.114252 -1.284238 -1.359770 -0.014687 -0.155451 -1.193446
1757580032.964802 -1.462005 -0.011253 0.116159 -1.283856 -1.359770 -0.014687 -0.152781 -1.193828
1757580032.966800 -1.462005 -0.011253 0.117685 -1.283856 -1.360151 -0.014687 -0.150110 -1.194209
1757580032.968793 -1.462005 -0.011253 0.119593 -1.283856 -1.360151 -0.014687 -0.147440 -1.194591
1757580032.970807 -1.461623 -0.011635 0.121119 -1.283856 -1.360533 -0.014687 -0.145151 -1.194972
1757580032.972794 -1.461623 -0.011635 0.123026 -1.283856 -1.360533 -0.014687 -0.142481 -1.195354
1757580032.974809 -1.461623 -0.011635 0.124933 -1.283856 -1.360533 -0.014687 -0.140192 -1.195735
1757580032.976790 -1.461623 -0.011635 0.126459 -1.283856 -1.360914 -0.014687 -0.137522 -1.196116
1757580032.978799 -1.461623 -0.012016 0.128366 -1.283475 -1.360914 -0.014687 -0.134851 -1.196498
1757580032.980793 -1.461623 -0.012016 0.129892 -1.283475 -1.360914 -0.014687 -0.132563 -1.196879
1757580032.982891 -1.461242 -0.012016 0.131800 -1.283475 -1.360914 -0.014687 -0.129892 -1.197261
1757580032.984843 -1.461242 -0.012016 0.133707 -1.283475 -1.361296 -0.014687 -0.127222 -1.197642
1757580032.986845 -1.461242 -0.012016 0.135233 -1.283475 -1.361296 -0.014687 -0.124933 -1.198024
1757580032.988795 -1.461242 -0.012398 0.137140 -1.283475 -1.361677 -0.014687 -0.122263 -1.198405
1757580032.990810 -1.461242 -0.012398 0.138666 -1.283475 -1.361677 -0.014687 -0.119593 -1.198787
1757580032.992790 -1.461242 -0.012398 0.140574 -1.283475 -1.362059 -0.014687 -0.117304 -1.198787
1757580032.994856 -1.460860 -0.012398 0.142099 -1.283475 -1.362059 -0.014687 -0.115015 -1.199168
1757580032.996791 -1.460860 -0.012398 0.144007 -1.283475 -1.362059 -0.014687 -0.112726 -1.199550
1757580032.998793 -1.460860 -0.012779 0.145533 -1.283475 -1.362440 -0.014687 -0.110437 -1.199931
1757580033.000790 -1.460860 -0.012779 0.147058 -1.283475 -1.362440 -0.014687 -0.108149 -1.199931
1757580033.002800 -1.460479 -0.012779 0.148966 -1.283475 -1.362440 -0.014687 -0.105860 -1.200313
1757580033.004790 -1.460479 -0.012779 0.150492 -1.283475 -1.362822 -0.014687 -0.103571 -1.200694
1757580033.006798 -1.460479 -0.013161 0.152018 -1.283475 -1.362822 -0.014687 -0.101282 -1.201076
1757580033.008790 -1.460479 -0.013161 0.153543 -1.283475 -1.362822 -0.014687 -0.098993 -1.201076
1757580033.010796 -1.460097 -0.013161 0.155069 -1.283475 -1.362822 -0.014687 -0.097086 -1.201457
1757580033.012792 -1.460097 -0.013161 0.156596 -1.283475 -1.363203 -0.014687 -0.094797 -1.201838
1757580033.014845 -1.460097 -0.013161 0.157741 -1.283475 -1.363203 -0.014687 -0.092889 -1.202220
1757580033.016865 -1.459716 -0.013542 0.159266 -1.283475 -1.363203 -0.014687 -0.090600 -1.202601
1757580033.018799 -1.459716 -0.013542 0.160792 -1.283475 -1.363203 -0.014687 -0.088693 -1.202601
1757580033.020796 -1.459716 -0.013542 0.161937 -1.283475 -1.363585 -0.014687 -0.086404 -1.202983
1757580033.022793 -1.459334 -0.013542 0.163463 -1.283475 -1.363585 -0.014687 -0.084496 -1.203364
1757580033.024793 -1.459334 -0.013924 0.164607 -1.283475 -1.363585 -0.014687 -0.082589 -1.203364
1757580033.026791 -1.459334 -0.013924 0.166133 -1.283475 -1.363585 -0.014687 -0.080300 -1.203746
1757580033.028792 -1.458953 -0.013924 0.167277 -1.283475 -1.363585 -0.014687 -0.078393 -1.204127
1757580033.030794 -1.458953 -0.013924 0.168803 -1.283475 -1.363966 -0.014687 -0.076104 -1.204127
1757580033.032791 -1.458953 -0.014305 0.170329 -1.283475 -1.363966 -0.014687 -0.074197 -1.204509
1757580033.034793 -1.458953 -0.014305 0.171474 -1.283475 -1.363966 -0.014687 -0.071908 -1.204890
1757580033.036791 -1.458571 -0.014305 0.172999 -1.283475 -1.363966 -0.014687 -0.070001 -1.204890
1757580033.038791 -1.458571 -0.014305 0.174144 -1.283093 -1.363966 -0.014687 -0.067712 -1.205272
1757580033.040806 -1.458571 -0.014305 0.175670 -1.283475 -1.363966 -0.014687 -0.065804 -1.205653
1757580033.042791 -1.458571 -0.014687 0.176814 -1.283093 -1.363966 -0.014687 -0.063516 -1.206035
1757580033.044791 -1.458190 -0.014687 0.178340 -1.283093 -1.364347 -0.014687 -0.061227 -1.206035
1757580033.046788 -1.458190 -0.014687 0.179866 -1.283093 -1.364347 -0.014687 -0.059319 -1.206416
1757580033.048791 -1.458190 -0.014687 0.181010 -1.283093 -1.364347 -0.014687 -0.057031 -1.206798
1757580033.050792 -1.458190 -0.015068 0.182536 -1.283093 -1.364347 -0.014687 -0.054742 -1.207179
1757580033.052803 -1.457808 -0.015068 0.183681 -1.283093 -1.364347 -0.014687 -0.052835 -1.207561
1757580033.054776 -1.457808 -0.015068 0.185206 -1.283093 -1.364347 -0.014687 -0.050546 -1.207561
1757580033.056830 -1.457808 -0.015068 0.186351 -1.283093 -1.364729 -0.014687 -0.048257 -1.207942
1757580033.058811 -1.457808 -0.015068 0.187877 -1.283093 -1.364729 -0.014687 -0.046350 -1.208323
1757580033.060791 -1.457427 -0.015450 0.189403 -1.283093 -1.364729 -0.014687 -0.044061 -1.208705
1757580033.062792 -1.457427 -0.015450 0.190547 -1.283093 -1.364729 -0.015068 -0.041772 -1.208705
1757580033.064789 -1.457427 -0.015450 0.192073 -1.283093 -1.364729 -0.015068 -0.039865 -1.209086
1757580033.066780 -1.457427 -0.015450 0.193599 -1.283093 -1.365110 -0.015068 -0.037957 -1.209086
1757580033.068792 -1.457046 -0.015831 0.194743 -1.283093 -1.365110 -0.015068 -0.035668 -1.209468
1757580033.070792 -1.457046 -0.015831 0.196269 -1.283093 -1.365110 -0.015068 -0.033761 -1.209468
1757580033.072791 -1.456664 -0.015831 0.197795 -1.283093 -1.365110 -0.015068 -0.031854 -1.209849
1757580033.074781 -1.456664 -0.015831 0.198939 -1.283093 -1.365110 -0.015068 -0.029564 -1.209849
1757580033.076792 -1.456664 -0.015831 0.200465 -1.283093 -1.365492 -0.015068 -0.027657 -1.210231
1757580033.078880 -1.456283 -0.016212 0.201991 -1.283093 -1.365492 -0.015068 -0.025749 -1.210231
1757580033.080793 -1.456283 -0.016212 0.203135 -1.282712 -1.365492 -0.015068 -0.023842 -1.210231
1757580033.082809 -1.455901 -0.016212 0.204661 -1.283093 -1.365492 -0.015068 -0.021935 -1.210612
1757580033.084780 -1.455901 -0.016212 0.205806 -1.282712 -1.365492 -0.015068 -0.020027 -1.210612
1757580033.086852 -1.455520 -0.016594 0.207332 -1.282712 -1.365492 -0.015068 -0.018120 -1.210612
1757580033.088791 -1.455520 -0.016594 0.208476 -1.282712 -1.365873 -0.015068 -0.016212 -1.210612
1757580033.090783 -1.455138 -0.016594 0.210002 -1.282712 -1.365873 -0.015068 -0.014687 -1.210612
1757580033.092783 -1.455138 -0.016594 0.211146 -1.282712 -1.365873 -0.015068 -0.012779 -1.210994
1757580033.094778 -1.454757 -0.016975 0.212291 -1.282712 -1.365873 -0.015068 -0.011253 -1.210994
1757580033.096792 -1.454375 -0.016975 0.213817 -1.282712 -1.365873 -0.015068 -0.009727 -1.210994
1757580033.098780 -1.454375 -0.016975 0.214961 -1.282712 -1.365873 -0.015068 -0.008202 -1.210994
1757580033.100792 -1.453994 -0.017357 0.216105 -1.282712 -1.365873 -0.015068 -0.006676 -1.211375
1757580033.102777 -1.453994 -0.017357 0.217250 -1.282712 -1.365873 -0.015068 -0.005150 -1.211375
1757580033.104801 -1.453612 -0.017357 0.218013 -1.282712 -1.365873 -0.015068 -0.003624 -1.211375
1757580033.106778 -1.453231 -0.017357 0.219158 -1.282712 -1.366255 -0.015068 -0.002098 -1.211375
1757580033.108799 -1.453231 -0.017738 0.220303 -1.282712 -1.365873 -0.015068 -0.000954 -1.211757
1757580033.110792 -1.452849 -0.017738 0.221447 -1.282712 -1.365873 -0.015068 0.000572 -1.211757
1757580033.112792 -1.452468 -0.017738 0.222210 -1.282712 -1.365873 -0.015068 0.001717 -1.211757
1757580033.114780 -1.452468 -0.017738 0.223354 -1.282712 -1.366255 -0.015068 0.002861 -1.211757
1757580033.116776 -1.452086 -0.018120 0.224499 -1.282712 -1.366255 -0.015068 0.004005 -1.211757
1757580033.118779 -1.452086 -0.018120 0.225262 -1.282712 -1.366255 -0.015068 0.005150 -1.211757
1757580033.120784 -1.451705 -0.018120 0.226406 -1.282712 -1.366255 -0.015068 0.006294 -1.212138
1757580033.122782 -1.451705 -0.018120 0.227169 -1.282712 -1.366255 -0.015068 0.007439 -1.212138
1757580033.124781 -1.451324 -0.018120 0.227932 -1.282712 -1.366255 -0.014687 0.008202 -1.212138
1757580033.126780 -1.451324 -0.018501 0.229076 -1.282712 -1.366255 -0.015068 0.009346 -1.212138
1757580033.128793 -1.450942 -0.018501 0.229839 -1.283093 -1.366255 -0.015068 0.010109 -1.212520
1757580033.130789 -1.450942 -0.018501 0.230984 -1.282712 -1.366255 -0.015068 0.010872 -1.212520
1757580033.132782 -1.450561 -0.018501 0.231747 -1.283093 -1.366255 -0.015068 0.011635 -1.212520
1757580033.134778 -1.450561 -0.018501 0.232510 -1.283093 -1.366255 -0.015068 0.012779 -1.212520
1757580033.136783 -1.450561 -0.018883 0.233654 -1.283093 -1.366255 -0.015068 0.013542 -1.212520
1757580033.138805 -1.450179 -0.018883 0.234417 -1.283093 -1.366255 -0.015068 0.014305 -1.212901
1757580033.140814 -1.450179 -0.018883 0.235180 -1.283093 -1.366255 -0.015068 0.014687 -1.212901
1757580033.142811 -1.450179 -0.018883 0.236324 -1.283093 -1.366255 -0.015068 0.015450 -1.212901
1757580033.144793 -1.449798 -0.018883 0.237087 -1.283093 -1.366255 -0.015068 0.016212 -1.212901
1757580033.146778 -1.449798 -0.019264 0.237850 -1.283093 -1.366636 -0.015068 0.016594 -1.212901
1757580033.148793 -1.449798 -0.019264 0.238613 -1.283093 -1.366636 -0.015450 0.017357 -1.213283
1757580033.150778 -1.449798 -0.019264 0.239758 -1.283093 -1.366636 -0.015450 0.017738 -1.213283
1757580033.152782 -1.449798 -0.019264 0.240520 -1.283093 -1.366636 -0.015450 0.018120 -1.213283
1757580033.154779 -1.449416 -0.019264 0.241283 -1.283093 -1.366636 -0.015450 0.018501 -1.213283
1757580033.156793 -1.449416 -0.019264 0.242046 -1.283093 -1.366636 -0.015450 0.018883 -1.213283
1757580033.158793 -1.449416 -0.019264 0.242809 -1.283093 -1.366636 -0.015450 0.019264 -1.213664
1757580033.160781 -1.449416 -0.019264 0.243572 -1.283093 -1.366636 -0.015450 0.019646 -1.213664
1757580033.162775 -1.449416 -0.019264 0.244335 -1.283093 -1.366636 -0.015831 0.020027 -1.213664
1757580033.164788 -1.449035 -0.019646 0.244717 -1.283093 -1.366636 -0.015831 0.020409 -1.213664
1757580033.166782 -1.449035 -0.019646 0.245480 -1.283093 -1.367018 -0.015831 0.020409 -1.213664
1757580033.168777 -1.449035 -0.019646 0.246243 -1.283093 -1.367018 -0.015831 0.020790 -1.213664
1757580033.170774 -1.449035 -0.019646 0.247005 -1.283093 -1.367018 -0.015831 0.020790 -1.213664
1757580033.172802 -1.449035 -0.019646 0.247387 -1.283093 -1.367018 -0.015831 0.020790 -1.214046
1757580033.174782 -1.448653 -0.019646 0.248150 -1.283093 -1.367018 -0.015831 0.021172 -1.214046
1757580033.176779 -1.448653 -0.019646 0.248913 -1.283093 -1.367018 -0.016212 0.021172 -1.214046
1757580033.178771 -1.448653 -0.019646 0.249294 -1.283093 -1.367018 -0.016212 0.021172 -1.214046
1757580033.180794 -1.448653 -0.019646 0.250057 -1.283093 -1.367018 -0.016212 0.021172 -1.214046
1757580033.182771 -1.448653 -0.019646 0.250439 -1.283093 -1.367018 -0.016212 0.021172 -1.214046
1757580033.184774 -1.448272 -0.019646 0.250820 -1.283093 -1.367399 -0.016212 0.021172 -1.214046
1757580033.186775 -1.448272 -0.019646 0.251583 -1.283093 -1.367399 -0.016594 0.021172 -1.214046
1757580033.188794 -1.448272 -0.019646 0.251965 -1.283093 -1.367399 -0.016594 0.021172 -1.214046
1757580033.190777 -1.448272 -0.019646 0.252346 -1.283093 -1.367399 -0.016594 0.021172 -1.214046
1757580033.192781 -1.448272 -0.019646 0.252728 -1.283093 -1.367399 -0.016594 0.021172 -1.214046
1757580033.194780 -1.448272 -0.019646 0.253109 -1.283093 -1.367399 -0.016594 0.021172 -1.214046
1757580033.196794 -1.447890 -0.019646 0.253490 -1.283093 -1.367399 -0.016975 0.021172 -1.214046
1757580033.198776 -1.447890 -0.019646 0.253872 -1.283475 -1.367399 -0.016975 0.021172 -1.214046
1757580033.200779 -1.447890 -0.019646 0.254253 -1.283093 -1.367399 -0.016975 0.021172 -1.214046
1757580033.202872 -1.447890 -0.019646 0.254635 -1.283475 -1.367399 -0.016975 0.021172 -1.214046
1757580033.204822 -1.447890 -0.019646 0.254635 -1.283475 -1.367399 -0.017357 0.021172 -1.214046
1757580033.206780 -1.447890 -0.019646 0.255016 -1.283475 -1.367399 -0.017357 0.020790 -1.214046
1757580033.208781 -1.447890 -0.019646 0.255398 -1.283475 -1.367399 -0.017357 0.020790 -1.214046
1757580033.210770 -1.447509 -0.019646 0.255398 -1.283475 -1.367399 -0.017357 0.020790 -1.214046
1757580033.212794 -1.447509 -0.019646 0.255779 -1.283475 -1.367399 -0.017357 0.020790 -1.214046
1757580033.214769 -1.447509 -0.019646 0.255779 -1.283475 -1.367399 -0.017738 0.020790 -1.214046
1757580033.216784 -1.447509 -0.019646 0.256161 -1.283475 -1.367781 -0.017738 0.020409 -1.214046
1757580033.218770 -1.447509 -0.019646 0.256161 -1.283475 -1.367781 -0.017738 0.020409 -1.214046
1757580033.220771 -1.447509 -0.019646 0.256161 -1.283475 -1.367781 -0.018120 0.020409 -1.214046
1757580033.222781 -1.447509 -0.019264 0.256542 -1.283475 -1.367781 -0.018120 0.020409 -1.214046
1757580033.224818 -1.447509 -0.019264 0.256542 -1.283475 -1.367781 -0.018120 0.020409 -1.214046
1757580033.226782 -1.447509 -0.019264 0.256542 -1.283475 -1.367781 -0.018120 0.020027 -1.214046
1757580033.228807 -1.447509 -0.019264 0.256542 -1.283475 -1.367781 -0.018501 0.020027 -1.214046
1757580033.230778 -1.447509 -0.019264 0.256542 -1.283856 -1.367781 -0.018501 0.020027 -1.214046
1757580033.232805 -1.447509 -0.019264 0.256542 -1.283856 -1.367781 -0.018501 0.020027 -1.214046
1757580033.234807 -1.447509 -0.019264 0.256542 -1.283856 -1.367781 -0.018501 0.020027 -1.214046
1757580033.236784 -1.447509 -0.019264 0.256542 -1.283856 -1.367781 -0.018501 0.020027 -1.214046
1757580033.238781 -1.447509 -0.019264 0.256542 -1.283856 -1.367781 -0.018883 0.019646 -1.214046
1757580033.240811 -1.447509 -0.019264 0.256542 -1.284238 -1.367781 -0.018883 0.019646 -1.214046
1757580033.242786 -1.447509 -0.019264 0.256542 -1.284238 -1.367781 -0.018883 0.019646 -1.214046
1757580033.244781 -1.447509 -0.019646 0.256542 -1.284238 -1.367781 -0.018883 0.019264 -1.214046
1757580033.246777 -1.447509 -0.019646 0.256542 -1.284238 -1.367781 -0.018883 0.019264 -1.213664
1757580033.248798 -1.447509 -0.019646 0.256542 -1.284238 -1.367781 -0.019264 0.019264 -1.213664
1757580033.250828 -1.447890 -0.019646 0.256542 -1.284238 -1.367781 -0.019264 0.019264 -1.213664
1757580033.252813 -1.447890 -0.019646 0.256542 -1.284238 -1.367781 -0.019264 0.018883 -1.213664
1757580033.254795 -1.448272 -0.019646 0.256542 -1.284238 -1.367781 -0.019264 0.018883 -1.213664
1757580033.256820 -1.448272 -0.019646 0.256542 -1.284238 -1.367781 -0.019264 0.018883 -1.213664
1757580033.258794 -1.448653 -0.019646 0.256542 -1.284238 -1.368162 -0.019264 0.018883 -1.213664
1757580033.260799 -1.448653 -0.019646 0.256542 -1.284619 -1.368162 -0.019646 0.018501 -1.213664
1757580033.262781 -1.449035 -0.019646 0.256542 -1.284619 -1.368162 -0.019646 0.018501 -1.213664
1757580033.264921 -1.449035 -0.019646 0.256542 -1.284619 -1.368162 -0.019646 0.018120 -1.213664
1757580033.266784 -1.449416 -0.019646 0.256161 -1.284619 -1.368162 -0.019646 0.018120 -1.213664
1757580033.268773 -1.449416 -0.019646 0.256161 -1.284619 -1.368162 -0.019646 0.018120 -1.213664
1757580033.270779 -1.449798 -0.019646 0.256161 -1.285001 -1.368162 -0.019646 0.017738 -1.213283
1757580033.272774 -1.449798 -0.019646 0.255779 -1.285001 -1.368162 -0.020027 0.017738 -1.213283
1757580033.274796 -1.450179 -0.019646 0.255779 -1.285001 -1.368162 -0.020027 0.017357 -1.213283
1757580033.276774 -1.450179 -0.019646 0.255779 -1.285001 -1.368162 -0.020027 0.016975 -1.213283
1757580033.278777 -1.450561 -0.019646 0.255779 -1.285382 -1.368544 -0.020027 0.016594 -1.213283
1757580033.280802 -1.450561 -0.019646 0.255779 -1.285382 -1.368544 -0.020027 0.016212 -1.213283
1757580033.282809 -1.450942 -0.020027 0.255398 -1.285382 -1.368544 -0.020027 0.015450 -1.213283
1757580033.284807 -1.450942 -0.020027 0.255398 -1.285382 -1.368544 -0.020027 0.015068 -1.213283
1757580033.286777 -1.451324 -0.020027 0.255398 -1.285382 -1.368544 -0.020027 0.014687 -1.213283
1757580033.288784 -1.451324 -0.020027 0.255016 -1.285764 -1.368544 -0.020027 0.014305 -1.213283
1757580033.290790 -1.451705 -0.020027 0.255016 -1.285764 -1.368544 -0.020027 0.013924 -1.213283
1757580033.292772 -1.451705 -0.020027 0.254635 -1.285764 -1.368544 -0.020027 0.013161 -1.213283
1757580033.294768 -1.452086 -0.020027 0.254635 -1.285764 -1.368925 -0.020409 0.012779 -1.213283
1757580033.296817 -1.452086 -0.020027 0.254253 -1.286145 -1.368925 -0.020409 0.012398 -1.213283
1757580033.298783 -1.452468 -0.020027 0.253872 -1.286145 -1.368925 -0.020409 0.011635 -1.213283
1757580033.300774 -1.452468 -0.020027 0.253872 -1.286145 -1.368925 -0.020409 0.010872 -1.213283
1757580033.302779 -1.452849 -0.020027 0.253490 -1.286145 -1.369307 -0.020409 0.010490 -1.213283
1757580033.304795 -1.452849 -0.020027 0.253109 -1.286145 -1.369307 -0.020409 0.009727 -1.213283
1757580033.306776 -1.453231 -0.020027 0.252728 -1.286527 -1.369307 -0.020409 0.008965 -1.213283
1757580033.308774 -1.453231 -0.020027 0.252728 -1.286527 -1.369307 -0.020409 0.008583 -1.213283
1757580033.310776 -1.453612 -0.020027 0.252346 -1.286527 -1.369688 -0.020409 0.007820 -1.213283
1757580033.312797 -1.453612 -0.020027 0.251965 -1.286527 -1.369688 -0.020409 0.007057 -1.213283
1757580033.314776 -1.453994 -0.020027 0.251583 -1.286527 -1.369688 -0.020409 0.006294 -1.213283
1757580033.316775 -1.454375 -0.020027 0.251202 -1.286908 -1.369688 -0.020409 0.005531 -1.213283
1757580033.318793 -1.454375 -0.020027 0.250820 -1.286908 -1.370070 -0.020409 0.004768 -1.213283
1757580033.320797 -1.454757 -0.020027 0.250057 -1.286908 -1.370070 -0.020409 0.004005 -1.213283
1757580033.322775 -1.454757 -0.020027 0.249676 -1.286908 -1.370070 -0.020409 0.003242 -1.213283
1757580033.324777 -1.455138 -0.020027 0.249294 -1.286908 -1.370451 -0.020409 0.002480 -1.213283
1757580033.326813 -1.455138 -0.020027 0.248913 -1.286908 -1.370451 -0.020409 0.001717 -1.213283
1757580033.328797 -1.455520 -0.020027 0.248150 -1.286908 -1.370832 -0.020409 0.000954 -1.213283
1757580033.330775 -1.455520 -0.020027 0.247768 -1.287290 -1.370832 -0.020409 0.000191 -1.213283
1757580033.332786 -1.455901 -0.020027 0.247387 -1.287290 -1.370832 -0.020409 -0.000572 -1.213283
1757580033.334778 -1.456283 -0.020027 0.246624 -1.287290 -1.371214 -0.020409 -0.001335 -1.213283
1757580033.336798 -1.456283 -0.020027 0.246243 -1.287290 -1.371214 -0.020409 -0.002098 -1.213283
1757580033.338784 -1.456664 -0.020027 0.245480 -1.287290 -1.371214 -0.020409 -0.002861 -1.213283
1757580033.340787 -1.456664 -0.020027 0.245098 -1.287290 -1.371595 -0.020409 -0.003624 -1.213283
1757580033.342821 -1.457046 -0.020027 0.244335 -1.287290 -1.371595 -0.020027 -0.004768 -1.213283
1757580033.344819 -1.457427 -0.019646 0.243954 -1.287671 -1.371977 -0.020027 -0.005531 -1.213283
1757580033.346784 -1.457427 -0.019646 0.243191 -1.287671 -1.371977 -0.020027 -0.006294 -1.213283
1757580033.348852 -1.457808 -0.019646 0.242428 -1.287671 -1.371977 -0.020027 -0.007057 -1.213283
1757580033.350807 -1.457808 -0.019646 0.241665 -1.287671 -1.372358 -0.020027 -0.007820 -1.213283
1757580033.352774 -1.458190 -0.019646 0.241283 -1.287671 -1.372358 -0.020027 -0.008583 -1.213283
1757580033.354782 -1.458190 -0.019646 0.240520 -1.287671 -1.372740 -0.020027 -0.009346 -1.213283
1757580033.356786 -1.458571 -0.019646 0.239758 -1.287671 -1.372740 -0.020027 -0.010109 -1.213283
1757580033.358802 -1.458953 -0.019646 0.238995 -1.288053 -1.372740 -0.020027 -0.011253 -1.213283
1757580033.360786 -1.458953 -0.019646 0.238232 -1.288053 -1.373121 -0.020027 -0.012016 -1.213283
1757580033.362776 -1.459334 -0.019646 0.237469 -1.288053 -1.373121 -0.020027 -0.012779 -1.213283
1757580033.364789 -1.459334 -0.019646 0.236706 -1.288053 -1.373503 -0.020027 -0.013924 -1.213283
1757580033.366803 -1.459716 -0.019646 0.235561 -1.288053 -1.373503 -0.020027 -0.014687 -1.213283
1757580033.368784 -1.459716 -0.019646 0.234798 -1.288434 -1.373884 -0.020027 -0.015831 -1.213283
1757580033.370773 -1.460097 -0.019646 0.234035 -1.288434 -1.373884 -0.020027 -0.016594 -1.213283
1757580033.372798 -1.460479 -0.019264 0.233273 -1.288434 -1.374266 -0.020027 -0.017738 -1.213283
1757580033.374777 -1.460479 -0.019264 0.232510 -1.288434 -1.374266 -0.020027 -0.018501 -1.213283
1757580033.376774 -1.460860 -0.019264 0.231747 -1.288434 -1.374647 -0.020027 -0.019646 -1.213283
1757580033.378773 -1.460860 -0.019264 0.230602 -1.288815 -1.374647 -0.020027 -0.020790 -1.213283
1757580033.380797 -1.461242 -0.019264 0.229839 -1.288815 -1.374647 -0.020027 -0.021935 -1.213283
1757580033.382776 -1.461623 -0.019264 0.229076 -1.288815 -1.375029 -0.020027 -0.023079 -1.213283
1757580033.384773 -1.461623 -0.019264 0.228313 -1.288815 -1.375029 -0.020027 -0.023842 -1.213283
1757580033.386774 -1.462005 -0.019264 0.227169 -1.288815 -1.375410 -0.020027 -0.024986 -1.213283
1757580033.388788 -1.462005 -0.019264 0.226406 -1.289197 -1.375410 -0.020027 -0.026131 -1.213283
1757580033.390804 -1.462386 -0.019264 0.225262 -1.289197 -1.375410 -0.020027 -0.027275 -1.213283
1757580033.392798 -1.462768 -0.019264 0.224499 -1.289197 -1.375792 -0.020027 -0.028419 -1.213283
1757580033.394802 -1.462768 -0.018883 0.223354 -1.289197 -1.375792 -0.020027 -0.029564 -1.213283
1757580033.396823 -1.463149 -0.018883 0.222591 -1.289578 -1.376173 -0.020027 -0.030708 -1.213283
1757580033.398774 -1.463149 -0.018883 0.221447 -1.289578 -1.376173 -0.020027 -0.031854 -1.213283
1757580033.400773 -1.463531 -0.018883 0.220684 -1.289578 -1.376173 -0.020027 -0.033380 -1.213283
1757580033.402775 -1.463912 -0.018883 0.219540 -1.289578 -1.376173 -0.020027 -0.034524 -1.213283
1757580033.404832 -1.463912 -0.018883 0.218777 -1.289960 -1.376554 -0.020027 -0.035668 -1.213283
1757580033.406776 -1.464293 -0.018883 0.217631 -1.289960 -1.376554 -0.020027 -0.036813 -1.213283
1757580033.408793 -1.464293 -0.018883 0.216487 -1.289960 -1.376554 -0.020027 -0.037957 -1.213283
1757580033.410774 -1.464675 -0.018883 0.215724 -1.289960 -1.376554 -0.020027 -0.039483 -1.213283
1757580033.412899 -1.464675 -0.018883 0.214580 -1.290341 -1.376936 -0.020027 -0.040627 -1.213283
1757580033.414832 -1.465056 -0.018883 0.213435 -1.290341 -1.376936 -0.020027 -0.041772 -1.213283
1757580033.416911 -1.465056 -0.018883 0.212291 -1.290341 -1.376936 -0.020027 -0.043298 -1.213283
1757580033.418861 -1.465438 -0.018883 0.211146 -1.290341 -1.376936 -0.020027 -0.044442 -1.213283
1757580033.420898 -1.465438 -0.018883 0.210002 -1.290341 -1.376936 -0.020027 -0.045587 -1.213283
1757580033.422783 -1.465819 -0.018883 0.208858 -1.290723 -1.377317 -0.020027 -0.047112 -1.213283
1757580033.424826 -1.465819 -0.018883 0.207713 -1.290723 -1.377317 -0.020027 -0.048257 -1.213283
1757580033.426785 -1.466201 -0.018883 0.206569 -1.290723 -1.377317 -0.020027 -0.049401 -1.213283
1757580033.428777 -1.466201 -0.018883 0.205424 -1.290723 -1.377317 -0.020027 -0.050927 -1.213283
1757580033.430778 -1.466582 -0.018883 0.203898 -1.291104 -1.377317 -0.020027 -0.052072 -1.213283
1757580033.432772 -1.466582 -0.018883 0.202754 -1.291104 -1.377699 -0.020409 -0.053597 -1.213283
1757580033.434780 -1.466582 -0.018883 0.201610 -1.291104 -1.377699 -0.020409 -0.055123 -1.213283
1757580033.436777 -1.466964 -0.018883 0.200084 -1.291104 -1.377699 -0.020409 -0.056649 -1.213283
1757580033.438778 -1.466964 -0.018883 0.198558 -1.291104 -1.377699 -0.020409 -0.057794 -1.213283
1757580033.440774 -1.467345 -0.018883 0.197413 -1.291104 -1.377699 -0.020409 -0.059319 -1.213283
1757580033.442782 -1.467345 -0.018883 0.195888 -1.291486 -1.377699 -0.020409 -0.060845 -1.213283
1757580033.444775 -1.467345 -0.018883 0.194362 -1.291486 -1.377699 -0.020409 -0.062371 -1.213283
1757580033.446779 -1.467727 -0.018883 0.192836 -1.291486 -1.377699 -0.020409 -0.063897 -1.213283
1757580033.448772 -1.467727 -0.018883 0.191310 -1.291486 -1.377699 -0.020409 -0.065423 -1.213283
1757580033.450783 -1.467727 -0.018883 0.189784 -1.291867 -1.377699 -0.020409 -0.066949 -1.213283
1757580033.452808 -1.467727 -0.018883 0.188258 -1.291867 -1.377699 -0.020409 -0.068856 -1.213283
1757580033.454777 -1.468108 -0.018883 0.186732 -1.291867 -1.377699 -0.020409 -0.070382 -1.212901
1757580033.456789 -1.468108 -0.018883 0.185206 -1.291867 -1.377699 -0.020409 -0.072289 -1.212901
1757580033.458783 -1.468108 -0.018883 0.183681 -1.291867 -1.377699 -0.020409 -0.073815 -1.212901
1757580033.460788 -1.468108 -0.018883 0.181773 -1.292249 -1.377699 -0.020409 -0.075341 -1.212901
1757580033.462778 -1.468490 -0.018883 0.180247 -1.292249 -1.377699 -0.020409 -0.077249 -1.212901
1757580033.464788 -1.468490 -0.018883 0.178721 -1.292249 -1.377699 -0.020409 -0.078774 -1.212901
1757580033.466785 -1.468490 -0.018883 0.176814 -1.292249 -1.377699 -0.020409 -0.080682 -1.212901
1757580033.468787 -1.468490 -0.018883 0.175288 -1.292249 -1.377699 -0.020409 -0.082589 -1.212520
1757580033.470779 -1.468490 -0.018883 0.173381 -1.292630 -1.377699 -0.020409 -0.084115 -1.212520
1757580033.472789 -1.468872 -0.018883 0.171855 -1.292630 -1.377699 -0.020027 -0.086022 -1.212520
1757580033.474782 -1.468872 -0.018883 0.169948 -1.292630 -1.377699 -0.020027 -0.087548 -1.212520
1757580033.476788 -1.468872 -0.018883 0.168422 -1.292630 -1.377699 -0.020027 -0.089456 -1.212520
1757580033.478782 -1.468872 -0.018883 0.166896 -1.292630 -1.377699 -0.020027 -0.091363 -1.212520
1757580033.480786 -1.468872 -0.018883 0.164989 -1.292630 -1.377699 -0.020027 -0.092889 -1.212520
1757580033.482859 -1.469254 -0.018883 0.163081 -1.292630 -1.377699 -0.020027 -0.094797 -1.212520
1757580033.484780 -1.469254 -0.018883 0.161555 -1.293012 -1.377699 -0.020027 -0.096323 -1.212520
1757580033.486807 -1.469254 -0.018883 0.160029 -1.293012 -1.377699 -0.020027 -0.098230 -1.212138
1757580033.488774 -1.469254 -0.018883 0.158122 -1.293012 -1.377699 -0.020027 -0.100138 -1.212138
1757580033.490801 -1.469254 -0.018883 0.156596 -1.293012 -1.377699 -0.020027 -0.101664 -1.212138
1757580033.492776 -1.469254 -0.018883 0.154688 -1.293012 -1.377699 -0.020027 -0.103571 -1.212138
1757580033.494792 -1.469254 -0.018883 0.153162 -1.293012 -1.378080 -0.020027 -0.105097 -1.212138
1757580033.496773 -1.469254 -0.018883 0.151255 -1.293012 -1.378080 -0.020027 -0.107004 -1.212138
1757580033.498790 -1.469635 -0.018883 0.149729 -1.293393 -1.378080 -0.020027 -0.108912 -1.212138
1757580033.500792 -1.469635 -0.018883 0.147821 -1.293393 -1.378080 -0.020027 -0.110437 -1.212138
1757580033.502823 -1.469635 -0.018883 0.146296 -1.293393 -1.378462 -0.020027 -0.112345 -1.212138
1757580033.504820 -1.469635 -0.018883 0.144388 -1.293393 -1.378462 -0.020027 -0.113871 -1.212138
1757580033.506783 -1.469635 -0.018883 0.142862 -1.293393 -1.378462 -0.020027 -0.115778 -1.212138
1757580033.508793 -1.469635 -0.018501 0.140955 -1.293393 -1.378462 -0.020027 -0.117304 -1.212138
1757580033.510774 -1.470016 -0.018501 0.139429 -1.293393 -1.378843 -0.020027 -0.119211 -1.212138
1757580033.512793 -1.470016 -0.018501 0.137522 -1.293775 -1.378843 -0.020027 -0.120737 -1.212138
1757580033.514800 -1.470016 -0.018501 0.135614 -1.293775 -1.378843 -0.020027 -0.122644 -1.212138
1757580033.516790 -1.470016 -0.018501 0.134089 -1.293775 -1.378843 -0.020027 -0.124170 -1.212138
1757580033.518788 -1.470016 -0.018501 0.132181 -1.293775 -1.378843 -0.020027 -0.126078 -1.212138
1757580033.520782 -1.470016 -0.018501 0.130274 -1.293775 -1.379225 -0.019646 -0.127985 -1.212138
1757580033.522777 -1.470016 -0.018501 0.128366 -1.293775 -1.379225 -0.019646 -0.129511 -1.212138
1757580033.524780 -1.470016 -0.018501 0.126459 -1.293775 -1.379225 -0.019646 -0.131418 -1.212138
1757580033.526784 -1.470398 -0.018120 0.124552 -1.294156 -1.379225 -0.019646 -0.133326 -1.212138
1757580033.528789 -1.470398 -0.018120 0.122644 -1.294156 -1.379225 -0.019646 -0.134851 -1.212138
1757580033.530787 -1.470398 -0.018120 0.120737 -1.294156 -1.379606 -0.019646 -0.136759 -1.212138
1757580033.532784 -1.470398 -0.018120 0.118448 -1.294156 -1.379606 -0.019646 -0.138666 -1.212138
1757580033.534789 -1.470398 -0.018120 0.116541 -1.294156 -1.379606 -0.019646 -0.140574 -1.212138
1757580033.536783 -1.470398 -0.018120 0.114634 -1.294156 -1.379606 -0.019646 -0.142481 -1.212138
1757580033.538785 -1.470398 -0.018120 0.112726 -1.294156 -1.379606 -0.019646 -0.144388 -1.212138
1757580033.540803 -1.470398 -0.018120 0.110437 -1.294538 -1.379606 -0.019646 -0.146296 -1.212138
1757580033.542784 -1.470398 -0.018120 0.108530 -1.294538 -1.379988 -0.019646 -0.148203 -1.212138
1757580033.544826 -1.470398 -0.018120 0.106241 -1.294538 -1.379988 -0.019264 -0.150110 -1.212138
1757580033.546780 -1.470779 -0.018120 0.104334 -1.294538 -1.379988 -0.019264 -0.152018 -1.212138
1757580033.548780 -1.470779 -0.018120 0.102045 -1.294538 -1.379988 -0.019264 -0.153925 -1.212138
1757580033.550785 -1.470779 -0.018120 0.100138 -1.294538 -1.379988 -0.019264 -0.155832 -1.212138
1757580033.552775 -1.470779 -0.018120 0.097849 -1.294538 -1.379988 -0.019264 -0.157741 -1.212138
1757580033.554786 -1.470779 -0.018120 0.095560 -1.294919 -1.379988 -0.019264 -0.159648 -1.212138
1757580033.556773 -1.470779 -0.018120 0.093652 -1.294919 -1.379988 -0.019264 -0.161555 -1.212138
1757580033.558778 -1.470779 -0.018120 0.091363 -1.294919 -1.379988 -0.019264 -0.163081 -1.212138
1757580033.560760 -1.470779 -0.018120 0.089074 -1.294919 -1.380369 -0.019264 -0.164989 -1.212138
1757580033.562775 -1.471161 -0.018120 0.086785 -1.294919 -1.380369 -0.019264 -0.166896 -1.212138
1757580033.564767 -1.471161 -0.018120 0.084878 -1.294919 -1.380369 -0.019264 -0.168803 -1.212138
1757580033.566786 -1.471161 -0.018120 0.082589 -1.294919 -1.380369 -0.019264 -0.170711 -1.212138
1757580033.568773 -1.471161 -0.018120 0.080300 -1.294919 -1.380369 -0.019264 -0.172618 -1.212138
1757580033.570772 -1.471161 -0.017738 0.078012 -1.294919 -1.380369 -0.019264 -0.174144 -1.212138
1757580033.572781 -1.471161 -0.017738 0.076104 -1.294919 -1.380369 -0.019264 -0.176051 -1.212138
1757580033.574787 -1.471161 -0.017738 0.073815 -1.295300 -1.380369 -0.019264 -0.177958 -1.211757
1757580033.576807 -1.471161 -0.017738 0.071527 -1.295300 -1.380369 -0.018883 -0.179484 -1.212138
1757580033.578778 -1.471161 -0.017738 0.069238 -1.295300 -1.380369 -0.018883 -0.181392 -1.211757
1757580033.580780 -1.471161 -0.017738 0.067330 -1.295300 -1.380369 -0.018883 -0.183299 -1.211757
1757580033.582788 -1.471161 -0.017738 0.065042 -1.295300 -1.380369 -0.018883 -0.185206 -1.211757
1757580033.584776 -1.471542 -0.017738 0.062753 -1.295300 -1.380369 -0.018883 -0.186732 -1.211757
1757580033.586776 -1.471542 -0.017738 0.060464 -1.295300 -1.380369 -0.018883 -0.188640 -1.211757
1757580033.588773 -1.471542 -0.017738 0.058175 -1.295300 -1.380369 -0.018883 -0.190547 -1.211757
1757580033.590782 -1.471542 -0.017738 0.055886 -1.295300 -1.380369 -0.018883 -0.192454 -1.211757
1757580033.592773 -1.471542 -0.017738 0.053597 -1.295300 -1.380369 -0.018883 -0.194362 -1.211757
1757580033.594773 -1.471542 -0.017738 0.051309 -1.295300 -1.380369 -0.018883 -0.196269 -1.211757
1757580033.596777 -1.471542 -0.017738 0.049020 -1.295300 -1.380369 -0.018883 -0.198176 -1.211757
1757580033.598785 -1.471542 -0.017357 0.046350 -1.295682 -1.380369 -0.018883 -0.200084 -1.211757
1757580033.600773 -1.471542 -0.017357 0.044061 -1.295300 -1.380369 -0.018883 -0.201991 -1.211757
1757580033.602776 -1.471542 -0.017357 0.041772 -1.295682 -1.380369 -0.018883 -0.203898 -1.211757
1757580033.604776 -1.471542 -0.017357 0.039483 -1.295682 -1.380369 -0.018883 -0.205806 -1.211375
1757580033.606845 -1.471542 -0.017357 0.037194 -1.295682 -1.380369 -0.018883 -0.207713 -1.211375
1757580033.608777 -1.471542 -0.017357 0.034524 -1.295682 -1.380369 -0.018883 -0.209620 -1.211375
1757580033.610830 -1.471542 -0.017357 0.032235 -1.295682 -1.380369 -0.018883 -0.211528 -1.211375
1757580033.612772 -1.471542 -0.017357 0.029945 -1.295682 -1.379988 -0.018883 -0.213817 -1.211375
1757580033.614809 -1.471542 -0.017357 0.027275 -1.295682 -1.379988 -0.018501 -0.215724 -1.211375
1757580033.616767 -1.471542 -0.017357 0.024986 -1.295682 -1.379988 -0.018501 -0.217631 -1.211375
1757580033.618854 -1.471542 -0.017357 0.022316 -1.295682 -1.379988 -0.018501 -0.219540 -1.211375
1757580033.620773 -1.471542 -0.017357 0.020027 -1.295682 -1.379988 -0.018501 -0.221447 -1.210994
1757580033.622774 -1.471542 -0.017357 0.017738 -1.295682 -1.379988 -0.018501 -0.223736 -1.210994
1757580033.624773 -1.471542 -0.017357 0.015068 -1.295682 -1.379988 -0.018501 -0.225643 -1.210994
1757580033.626817 -1.471542 -0.017357 0.012779 -1.295682 -1.379988 -0.018501 -0.227551 -1.210994
1757580033.628775 -1.471542 -0.017357 0.010109 -1.295682 -1.379988 -0.018120 -0.229458 -1.210994
1757580033.630790 -1.471542 -0.017357 0.007820 -1.295682 -1.379988 -0.018120 -0.231365 -1.210994
1757580033.632773 -1.471542 -0.017357 0.005150 -1.295682 -1.379988 -0.018120 -0.233654 -1.210994
1757580033.634889 -1.471542 -0.017357 0.002480 -1.295682 -1.379988 -0.018120 -0.235561 -1.210612
1757580033.636775 -1.471542 -0.017357 0.000191 -1.295682 -1.379988 -0.018120 -0.237469 -1.210612
1757580033.638867 -1.471542 -0.017738 -0.002480 -1.295682 -1.379988 -0.018120 -0.239376 -1.210612
1757580033.640775 -1.471542 -0.017738 -0.005150 -1.295682 -1.379988 -0.017738 -0.241283 -1.210612
1757580033.642890 -1.471542 -0.017738 -0.007439 -1.295682 -1.379988 -0.017738 -0.243191 -1.210612
1757580033.644806 -1.471542 -0.017738 -0.010109 -1.295682 -1.379606 -0.017738 -0.245098 -1.210612
1757580033.646770 -1.471542 -0.017738 -0.012779 -1.295682 -1.379606 -0.017738 -0.246624 -1.210231
1757580033.648779 -1.471542 -0.017738 -0.015450 -1.295682 -1.379606 -0.017738 -0.248531 -1.210231
1757580033.650771 -1.471161 -0.017738 -0.018120 -1.295682 -1.379606 -0.017738 -0.250439 -1.210231
1757580033.652771 -1.471161 -0.017738 -0.020790 -1.295682 -1.379606 -0.017738 -0.252346 -1.210231
1757580033.654765 -1.471161 -0.017738 -0.023460 -1.295682 -1.379606 -0.017357 -0.254253 -1.210231
1757580033.656758 -1.471161 -0.017738 -0.026131 -1.295682 -1.379225 -0.017357 -0.256161 -1.210231
1757580033.658760 -1.471161 -0.017738 -0.028801 -1.295682 -1.379225 -0.017357 -0.258068 -1.209849
1757580033.660769 -1.470779 -0.017738 -0.031472 -1.295682 -1.379225 -0.017357 -0.259975 -1.209849
1757580033.662764 -1.470779 -0.017738 -0.034142 -1.295682 -1.378843 -0.017357 -0.261883 -1.209849
1757580033.664770 -1.470779 -0.017738 -0.037194 -1.295682 -1.378843 -0.016975 -0.263790 -1.209849
1757580033.666773 -1.470398 -0.017738 -0.039865 -1.295682 -1.378843 -0.016975 -0.265697 -1.209468
1757580033.668783 -1.470398 -0.017738 -0.042535 -1.295682 -1.378462 -0.016975 -0.267605 -1.209468
1757580033.670799 -1.470398 -0.017738 -0.045205 -1.295682 -1.378462 -0.016975 -0.269512 -1.209468
1757580033.672781 -1.470398 -0.017738 -0.047875 -1.295682 -1.378462 -0.016975 -0.271420 -1.209468
1757580033.674768 -1.470016 -0.017738 -0.050546 -1.295682 -1.378462 -0.016975 -0.273708 -1.209468
1757580033.676828 -1.470016 -0.017738 -0.053216 -1.295682 -1.378080 -0.016594 -0.275616 -1.209086
1757580033.678766 -1.470016 -0.017738 -0.056268 -1.295682 -1.378080 -0.016594 -0.277523 -1.209086
1757580033.680776 -1.469635 -0.017738 -0.058938 -1.295682 -1.378080 -0.016594 -0.279812 -1.209086
1757580033.682768 -1.469635 -0.017738 -0.061608 -1.295682 -1.377699 -0.016594 -0.281720 -1.209086
1757580033.684774 -1.469635 -0.017738 -0.064279 -1.295682 -1.377699 -0.016594 -0.284009 -1.208705
1757580033.686769 -1.469635 -0.017738 -0.066949 -1.295682 -1.377317 -0.016212 -0.285916 -1.208705
1757580033.688771 -1.469254 -0.017738 -0.069619 -1.295682 -1.377317 -0.016212 -0.287824 -1.208705
1757580033.690766 -1.469254 -0.017738 -0.072289 -1.295682 -1.377317 -0.016212 -0.290112 -1.208705
1757580033.692773 -1.469254 -0.017738 -0.075341 -1.295682 -1.376936 -0.016212 -0.292401 -1.208705
1757580033.694774 -1.469254 -0.017738 -0.078012 -1.295682 -1.376936 -0.015831 -0.294309 -1.208323
1757580033.696773 -1.469254 -0.017738 -0.080682 -1.295682 -1.376936 -0.015831 -0.296597 -1.208323
1757580033.698765 -1.468872 -0.017738 -0.082971 -1.295682 -1.376554 -0.015831 -0.298505 -1.208323
1757580033.700819 -1.468872 -0.017738 -0.085641 -1.295682 -1.376554 -0.015450 -0.300412 -1.208323
1757580033.702780 -1.468872 -0.017738 -0.088693 -1.295682 -1.376554 -0.015450 -0.302701 -1.207942
1757580033.704784 -1.468872 -0.017738 -0.091363 -1.295682 -1.376173 -0.015450 -0.304608 -1.207942
1757580033.706767 -1.468490 -0.017738 -0.094034 -1.295682 -1.376173 -0.015068 -0.306897 -1.207942
1757580033.708779 -1.468490 -0.017738 -0.096704 -1.295682 -1.376173 -0.015068 -0.308805 -1.207942
1757580033.710770 -1.468490 -0.017738 -0.098993 -1.295682 -1.375792 -0.014687 -0.311093 -1.207942
1757580033.712784 -1.468490 -0.017738 -0.101664 -1.295682 -1.375792 -0.014687 -0.313001 -1.207942
1757580033.714775 -1.468108 -0.017738 -0.104334 -1.295682 -1.375792 -0.014305 -0.314908 -1.207561
1757580033.716777 -1.468108 -0.017738 -0.107004 -1.295682 -1.375410 -0.014305 -0.317197 -1.207561
1757580033.718773 -1.468108 -0.017738 -0.109674 -1.295682 -1.375410 -0.014305 -0.319104 -1.207561
1757580033.720790 -1.467727 -0.017738 -0.112345 -1.295682 -1.375410 -0.013924 -0.321012 -1.207561
1757580033.722773 -1.467727 -0.017738 -0.115015 -1.295682 -1.375410 -0.013924 -0.323300 -1.207561
1757580033.724776 -1.467727 -0.017738 -0.117685 -1.295682 -1.375029 -0.013542 -0.325208 -1.207179
1757580033.726774 -1.467345 -0.017738 -0.120356 -1.295682 -1.375029 -0.013161 -0.327115 -1.207179
1757580033.728786 -1.467345 -0.017738 -0.123026 -1.295682 -1.375029 -0.013161 -0.329404 -1.207179
1757580033.730776 -1.467345 -0.017738 -0.125696 -1.295682 -1.374647 -0.012779 -0.331311 -1.207179
1757580033.732823 -1.467345 -0.017738 -0.128366 -1.295682 -1.374647 -0.012779 -0.333219 -1.207179
1757580033.734772 -1.466964 -0.017738 -0.131037 -1.295682 -1.374266 -0.012398 -0.335126 -1.206798
1757580033.736785 -1.466964 -0.017738 -0.133707 -1.295682 -1.374266 -0.012398 -0.337415 -1.206798
1757580033.738774 -1.466964 -0.017738 -0.136377 -1.295682 -1.374266 -0.012016 -0.339322 -1.206798
1757580033.740777 -1.466582 -0.017738 -0.139048 -1.295682 -1.373884 -0.011635 -0.341611 -1.206798
1757580033.742771 -1.466582 -0.017738 -0.141718 -1.295682 -1.373884 -0.011253 -0.343518 -1.206416
1757580033.744792 -1.466201 -0.017738 -0.144388 -1.295682 -1.373503 -0.011253 -0.345427 -1.206416
1757580033.746772 -1.466201 -0.017738 -0.147058 -1.295682 -1.373503 -0.010872 -0.347715 -1.206416
1757580033.748773 -1.466201 -0.017738 -0.149729 -1.295682 -1.373503 -0.010490 -0.349623 -1.206416
1757580033.750769 -1.466201 -0.017738 -0.152399 -1.295682 -1.373121 -0.010109 -0.351912 -1.206035
1757580033.752791 -1.465819 -0.017738 -0.155069 -1.295682 -1.373121 -0.010109 -0.353819 -1.206035
1757580033.754772 -1.465819 -0.017738 -0.157741 -1.295682 -1.372740 -0.009727 -0.356108 -1.206035
1757580033.756778 -1.465819 -0.017738 -0.160029 -1.295682 -1.372740 -0.009346 -0.358397 -1.206035
1757580033.758774 -1.465819 -0.017738 -0.162700 -1.295682 -1.372358 -0.008965 -0.360304 -1.205653
1757580033.760787 -1.465438 -0.017738 -0.165370 -1.295682 -1.372358 -0.008583 -0.362593 -1.205653
1757580033.762802 -1.465438 -0.017738 -0.168040 -1.295682 -1.372358 -0.008202 -0.364500 -1.205653
1757580033.764771 -1.465438 -0.017738 -0.170711 -1.295682 -1.371977 -0.007820 -0.366789 -1.205653
1757580033.766781 -1.465438 -0.017738 -0.173381 -1.295682 -1.371977 -0.007439 -0.368696 -1.205653
1757580033.768786 -1.465056 -0.017738 -0.176051 -1.295682 -1.371595 -0.007057 -0.370985 -1.205272
1757580033.770773 -1.465056 -0.017738 -0.178721 -1.295682 -1.371595 -0.006676 -0.372892 -1.205272
1757580033.772775 -1.465056 -0.017738 -0.181010 -1.295682 -1.371214 -0.006294 -0.375181 -1.205272
1757580033.774772 -1.465056 -0.017738 -0.183681 -1.295682 -1.371214 -0.005913 -0.377089 -1.205272
1757580033.776790 -1.464675 -0.017738 -0.186351 -1.295682 -1.370832 -0.005531 -0.379377 -1.204890
1757580033.778771 -1.464675 -0.017738 -0.189021 -1.295682 -1.370451 -0.005150 -0.381285 -1.204890
1757580033.780774 -1.464675 -0.017738 -0.191310 -1.295682 -1.370451 -0.004768 -0.383574 -1.204890
1757580033.782769 -1.464293 -0.017738 -0.193980 -1.295682 -1.370070 -0.004387 -0.385481 -1.204890
1757580033.784786 -1.464293 -0.017738 -0.196651 -1.295682 -1.370070 -0.004005 -0.387770 -1.204890
1757580033.786768 -1.464293 -0.017738 -0.198939 -1.295682 -1.369688 -0.003624 -0.389677 -1.204509
1757580033.788770 -1.463912 -0.017738 -0.201610 -1.295682 -1.369307 -0.003242 -0.391966 -1.204509
1757580033.790795 -1.463912 -0.017738 -0.204280 -1.295682 -1.368925 -0.002861 -0.393873 -1.204509
1757580033.792790 -1.463531 -0.017738 -0.206569 -1.295682 -1.368925 -0.002480 -0.396162 -1.204509
1757580033.794793 -1.463531 -0.017738 -0.209239 -1.295682 -1.368544 -0.002480 -0.398069 -1.204127
1757580033.796781 -1.463531 -0.017738 -0.211528 -1.295682 -1.368162 -0.002098 -0.400358 -1.204127
1757580033.798774 -1.463149 -0.017738 -0.214198 -1.295682 -1.367781 -0.001717 -0.402266 -1.204127
1757580033.800787 -1.463149 -0.017738 -0.216487 -1.295682 -1.367399 -0.001335 -0.404173 -1.204127
1757580033.802771 -1.462768 -0.017738 -0.218777 -1.295682 -1.367018 -0.000954 -0.406463 -1.204127
1757580033.804783 -1.462768 -0.017738 -0.221066 -1.295682 -1.367018 -0.000954 -0.408370 -1.203746
1757580033.806835 -1.462768 -0.017738 -0.223736 -1.295682 -1.366636 -0.000572 -0.410659 -1.203746
1757580033.808772 -1.462386 -0.017738 -0.226025 -1.295682 -1.366255 -0.000191 -0.412566 -1.203746
1757580033.810769 -1.462386 -0.017738 -0.228313 -1.295682 -1.365873 0.000191 -0.414855 -1.203746
1757580033.812783 -1.462005 -0.017738 -0.230602 -1.295682 -1.365110 0.000191 -0.416762 -1.203364
1757580033.814817 -1.462005 -0.017738 -0.233273 -1.295682 -1.364729 0.000572 -0.419051 -1.203364
1757580033.816792 -1.461623 -0.017738 -0.235561 -1.295682 -1.364347 0.000954 -0.420959 -1.203364
1757580033.818766 -1.461623 -0.017738 -0.237850 -1.295682 -1.363966 0.001335 -0.423247 -1.203364
1757580033.820800 -1.461242 -0.017738 -0.240139 -1.295682 -1.363585 0.001335 -0.425536 -1.202983
1757580033.822766 -1.461242 -0.017738 -0.242428 -1.295682 -1.363203 0.001717 -0.427444 -1.202983
1757580033.824828 -1.460860 -0.017738 -0.245098 -1.295682 -1.362440 0.002098 -0.429732 -1.202983
1757580033.826771 -1.460479 -0.017738 -0.247387 -1.295682 -1.362059 0.002480 -0.432021 -1.202983
1757580033.828782 -1.460479 -0.017738 -0.249676 -1.295682 -1.361677 0.002480 -0.433928 -1.202601
1757580033.830779 -1.460097 -0.017738 -0.251965 -1.295682 -1.360914 0.002861 -0.436217 -1.202601
1757580033.832772 -1.460097 -0.017738 -0.254253 -1.295682 -1.360533 0.003242 -0.438506 -1.202601
1757580033.834765 -1.459716 -0.017738 -0.256542 -1.295682 -1.360151 0.003624 -0.440413 -1.202601
1757580033.836854 -1.459334 -0.017738 -0.259212 -1.295682 -1.359388 0.003624 -0.442702 -1.202601
1757580033.838782 -1.459334 -0.017738 -0.261501 -1.295682 -1.359007 0.004005 -0.444991 -1.202220
1757580033.840774 -1.458953 -0.017738 -0.263790 -1.295682 -1.358244 0.004387 -0.447280 -1.202220
1757580033.842770 -1.458571 -0.017738 -0.266079 -1.295682 -1.357862 0.004768 -0.449187 -1.202220
1757580033.844759 -1.458571 -0.017738 -0.268368 -1.295682 -1.357481 0.005150 -0.451476 -1.202220
1757580033.846769 -1.458190 -0.017738 -0.270657 -1.296063 -1.356718 0.005150 -0.453765 -1.202220
1757580033.848768 -1.457808 -0.017738 -0.272945 -1.296063 -1.356337 0.005531 -0.455672 -1.201838
1757580033.850769 -1.457427 -0.017738 -0.274853 -1.296063 -1.355574 0.005913 -0.457961 -1.201838
1757580033.852772 -1.457046 -0.017738 -0.277142 -1.296063 -1.355192 0.006294 -0.460250 -1.201838
1757580033.854822 -1.457046 -0.017738 -0.279430 -1.296063 -1.354429 0.006294 -0.462157 -1.201838
1757580033.856800 -1.456664 -0.017738 -0.281720 -1.296063 -1.354048 0.006676 -0.464065 -1.201457
1757580033.858775 -1.456283 -0.017738 -0.284009 -1.296063 -1.353285 0.007057 -0.466353 -1.201457
1757580033.860772 -1.455901 -0.017738 -0.286298 -1.296063 -1.352903 0.007439 -0.468261 -1.201457
1757580033.862778 -1.455520 -0.017738 -0.288205 -1.296063 -1.352140 0.007820 -0.470169 -1.201457
1757580033.864763 -1.455138 -0.017738 -0.290494 -1.296063 -1.351759 0.007820 -0.472076 -1.201457
1757580033.866769 -1.454757 -0.017738 -0.292401 -1.296063 -1.350996 0.008202 -0.473984 -1.201457
1757580033.868764 -1.454375 -0.017738 -0.294690 -1.296063 -1.350615 0.008583 -0.476273 -1.201457
1757580033.870769 -1.453994 -0.017738 -0.296597 -1.296063 -1.349852 0.008965 -0.478180 -1.201076
1757580033.872766 -1.453994 -0.017738 -0.298886 -1.296063 -1.349470 0.009346 -0.479706 -1.201076
1757580033.874767 -1.453612 -0.017738 -0.301175 -1.296063 -1.348707 0.009727 -0.481613 -1.201076
1757580033.876762 -1.453231 -0.017738 -0.303082 -1.296063 -1.348326 0.010109 -0.483521 -1.201076
1757580033.878816 -1.452468 -0.017738 -0.304990 -1.296063 -1.347563 0.010490 -0.485428 -1.201076
1757580033.880807 -1.452086 -0.017738 -0.307279 -1.296063 -1.347181 0.010872 -0.487335 -1.201076
1757580033.882819 -1.451705 -0.017738 -0.309186 -1.296063 -1.346418 0.011253 -0.489243 -1.200694
1757580033.884813 -1.451324 -0.017738 -0.311475 -1.296063 -1.346037 0.011635 -0.491150 -1.200694
1757580033.886800 -1.450942 -0.017738 -0.313382 -1.296063 -1.345274 0.012016 -0.492676 -1.200694
1757580033.888779 -1.450561 -0.017738 -0.315671 -1.296063 -1.344893 0.012398 -0.494583 -1.200694
1757580033.890773 -1.450179 -0.017738 -0.317578 -1.296063 -1.344130 0.012779 -0.496490 -1.200694
1757580033.892776 -1.449798 -0.017738 -0.319486 -1.296063 -1.343747 0.013542 -0.498016 -1.200694
1757580033.894776 -1.449416 -0.017738 -0.321774 -1.296063 -1.343366 0.013924 -0.499924 -1.200694
1757580033.896770 -1.449035 -0.017738 -0.323682 -1.296063 -1.342603 0.014305 -0.501450 -1.200313
1757580033.898775 -1.448653 -0.017738 -0.325589 -1.296063 -1.342221 0.014687 -0.503357 -1.200313
1757580033.900767 -1.447890 -0.017738 -0.327497 -1.296063 -1.341458 0.015450 -0.504883 -1.200313
1757580033.902771 -1.447509 -0.017738 -0.329785 -1.295682 -1.341077 0.015831 -0.506790 -1.200313
1757580033.904766 -1.447127 -0.017738 -0.331693 -1.295682 -1.340695 0.016594 -0.508316 -1.200313
1757580033.906769 -1.446746 -0.017738 -0.333600 -1.295682 -1.340314 0.016975 -0.509842 -1.200313
1757580033.908763 -1.446364 -0.017738 -0.335507 -1.295682 -1.339551 0.017738 -0.511749 -1.200313
1757580033.910768 -1.445983 -0.017738 -0.337415 -1.295682 -1.339170 0.018120 -0.513275 -1.199931
1757580033.912766 -1.445601 -0.017738 -0.339322 -1.295682 -1.338788 0.018883 -0.514801 -1.199931
1757580033.914816 -1.445220 -0.017738 -0.341229 -1.295682 -1.338407 0.019264 -0.516708 -1.199931
1757580033.916773 -1.444839 -0.017738 -0.343137 -1.295682 -1.338025 0.020027 -0.518234 -1.199931
1757580033.918794 -1.444457 -0.017738 -0.345045 -1.295682 -1.337262 0.020409 -0.519760 -1.199931
1757580033.920782 -1.443694 -0.017738 -0.346952 -1.295682 -1.336881 0.021172 -0.521286 -1.199931
1757580033.922772 -1.443313 -0.017738 -0.348860 -1.295682 -1.336499 0.021553 -0.522430 -1.199931
1757580033.924772 -1.442931 -0.017738 -0.350386 -1.295682 -1.336118 0.022316 -0.523956 -1.199931
1757580033.926775 -1.442550 -0.017738 -0.352293 -1.295682 -1.335736 0.023079 -0.525482 -1.199931
1757580033.928766 -1.442168 -0.017738 -0.354200 -1.295682 -1.335355 0.023460 -0.526627 -1.199931
1757580033.930770 -1.441787 -0.017738 -0.355726 -1.295682 -1.335355 0.024223 -0.528152 -1.199931
1757580033.932762 -1.441405 -0.017738 -0.357634 -1.295682 -1.334973 0.024986 -0.529297 -1.199931
1757580033.934768 -1.441024 -0.017738 -0.359159 -1.295682 -1.334592 0.025368 -0.530823 -1.199931
1757580033.936763 -1.440642 -0.017738 -0.360685 -1.295682 -1.334210 0.026131 -0.531968 -1.199931
1757580033.938766 -1.440261 -0.017738 -0.362593 -1.295682 -1.333829 0.026894 -0.533113 -1.199931
1757580033.940766 -1.439879 -0.017738 -0.364119 -1.295682 -1.333447 0.027275 -0.534257 -1.199931
1757580033.942816 -1.439116 -0.017738 -0.365644 -1.295682 -1.333447 0.028038 -0.535401 -1.199931
1757580033.944813 -1.438735 -0.017738 -0.367170 -1.295682 -1.333066 0.028801 -0.536164 -1.199931
1757580033.946813 -1.438354 -0.017738 -0.368696 -1.295682 -1.332685 0.029182 -0.537309 -1.199931
1757580033.948814 -1.437972 -0.017738 -0.370222 -1.295682 -1.332685 0.029945 -0.538453 -1.199931
1757580033.950795 -1.437591 -0.017738 -0.371367 -1.295682 -1.332303 0.030327 -0.539216 -1.199931
1757580033.952814 -1.437209 -0.017738 -0.372892 -1.295682 -1.331922 0.031090 -0.539979 -1.199931
1757580033.954815 -1.436828 -0.017738 -0.374418 -1.295682 -1.331922 0.031472 -0.540742 -1.199931
1757580033.956814 -1.436446 -0.017738 -0.375563 -1.295682 -1.331540 0.032235 -0.541505 -1.199931
1757580033.958815 -1.436065 -0.017738 -0.377089 -1.295682 -1.331540 0.032617 -0.542268 -1.199931
1757580033.960814 -1.435683 -0.018120 -0.378233 -1.295682 -1.331159 0.033380 -0.543031 -1.199931
1757580033.962814 -1.435683 -0.018120 -0.379759 -1.295682 -1.331159 0.033761 -0.543794 -1.199931
1757580033.964803 -1.435302 -0.018120 -0.380903 -1.295682 -1.330777 0.034142 -0.544175 -1.199931
1757580033.966814 -1.434920 -0.018120 -0.382048 -1.295682 -1.330777 0.034905 -0.544938 -1.199931
1757580033.968814 -1.434539 -0.018120 -0.383192 -1.295682 -1.330777 0.035287 -0.545320 -1.199931
1757580033.970814 -1.434157 -0.018120 -0.384336 -1.295682 -1.330396 0.035668 -0.546082 -1.199931
1757580033.972814 -1.434157 -0.018120 -0.385481 -1.295682 -1.330396 0.036050 -0.546464 -1.199931
1757580033.974814 -1.433776 -0.018120 -0.386625 -1.295682 -1.330396 0.036813 -0.546845 -1.199931
1757580033.976805 -1.433394 -0.018120 -0.387770 -1.295682 -1.330396 0.037194 -0.547227 -1.199931
1757580033.978814 -1.433394 -0.018120 -0.388914 -1.295682 -1.330014 0.037576 -0.547608 -1.199931
1757580033.980814 -1.433013 -0.018120 -0.389677 -1.295682 -1.330014 0.037957 -0.547990 -1.199931
1757580033.982817 -1.433013 -0.018120 -0.390821 -1.295682 -1.330014 0.038339 -0.548371 -1.199931
1757580033.984818 -1.432631 -0.018120 -0.391584 -1.295682 -1.330014 0.038339 -0.548753 -1.199931
1757580033.986774 -1.432631 -0.018501 -0.392729 -1.295682 -1.330014 0.038720 -0.549134 -1.199931
1757580033.988768 -1.432250 -0.018501 -0.393492 -1.295682 -1.330014 0.039102 -0.549134 -1.199931
1757580033.990786 -1.432250 -0.018501 -0.394255 -1.295682 -1.330014 0.039483 -0.549516 -1.199931
1757580033.992766 -1.432250 -0.018501 -0.395018 -1.295682 -1.330014 0.039483 -0.549516 -1.199931
1757580033.994800 -1.431869 -0.018501 -0.395781 -1.295682 -1.330014 0.039865 -0.549897 -1.199931
1757580033.996767 -1.431869 -0.018501 -0.396544 -1.295682 -1.330014 0.040246 -0.549897 -1.199931
1757580033.998790 -1.431869 -0.018501 -0.397306 -1.295682 -1.330014 0.040246 -0.549897 -1.199931
1757580034.000765 -1.431869 -0.018883 -0.398069 -1.295682 -1.330014 0.040627 -0.550279 -1.199931
1757580034.002793 -1.431487 -0.018883 -0.398451 -1.295682 -1.330014 0.040627 -0.550279 -1.199931
1757580034.004766 -1.431487 -0.018883 -0.399214 -1.295682 -1.330014 0.041009 -0.550279 -1.199931
1757580034.006790 -1.431487 -0.018883 -0.399595 -1.295682 -1.330014 0.041009 -0.550279 -1.199931
1757580034.008762 -1.431487 -0.018883 -0.400358 -1.295682 -1.330014 0.041390 -0.550279 -1.199931
1757580034.010785 -1.431487 -0.018883 -0.400740 -1.295682 -1.330014 0.041390 -0.550279 -1.199931
1757580034.012764 -1.431487 -0.018883 -0.401503 -1.295682 -1.330014 0.041772 -0.550660 -1.199931
1757580034.014790 -1.431487 -0.018883 -0.401884 -1.295682 -1.330396 0.041772 -0.550660 -1.200313
1757580034.016789 -1.431487 -0.018883 -0.402266 -1.295682 -1.330396 0.042153 -0.550660 -1.200313
1757580034.018789 -1.431487 -0.019264 -0.402647 -1.295682 -1.330396 0.042153 -0.550660 -1.200313
1757580034.020773 -1.431487 -0.019264 -0.403028 -1.295682 -1.330777 0.042153 -0.550660 -1.200694
1757580034.022793 -1.431106 -0.019264 -0.403410 -1.295682 -1.330777 0.042535 -0.550660 -1.200694
1757580034.024767 -1.431106 -0.019264 -0.403791 -1.295300 -1.330777 0.042535 -0.550279 -1.200694
1757580034.026781 -1.431106 -0.019264 -0.404173 -1.295300 -1.331159 0.042916 -0.550660 -1.201076
1757580034.028764 -1.431106 -0.019264 -0.404554 -1.295300 -1.331540 0.042916 -0.550279 -1.201076
1757580034.030794 -1.431106 -0.019264 -0.404936 -1.295300 -1.331540 0.042916 -0.550279 -1.201076
1757580034.032813 -1.431106 -0.019264 -0.404936 -1.295300 -1.331922 0.043298 -0.550279 -1.201076
1757580034.034782 -1.431106 -0.019264 -0.405317 -1.295300 -1.331922 0.043298 -0.550279 -1.201457
1757580034.036764 -1.431106 -0.019264 -0.405317 -1.295300 -1.332303 0.043298 -0.550279 -1.201457
1757580034.038780 -1.431106 -0.019264 -0.405317 -1.295300 -1.332685 0.043679 -0.549897 -1.201457
1757580034.040760 -1.431106 -0.019646 -0.405699 -1.295300 -1.333066 0.043679 -0.549897 -1.201457
1757580034.042787 -1.431106 -0.019646 -0.405699 -1.294919 -1.333447 0.043679 -0.549897 -1.201457
1757580034.044763 -1.431106 -0.019646 -0.405699 -1.294919 -1.333829 0.044061 -0.549897 -1.201838
1757580034.046857 -1.431106 -0.019646 -0.405699 -1.294919 -1.334210 0.044061 -0.549516 -1.201838
1757580034.048772 -1.431106 -0.019646 -0.405699 -1.294919 -1.334592 0.044442 -0.549516 -1.201838
1757580034.050786 -1.431106 -0.019646 -0.405699 -1.294538 -1.334973 0.044824 -0.549134 -1.202220
1757580034.052770 -1.431106 -0.019646 -0.405699 -1.294538 -1.335355 0.044824 -0.549134 -1.202220
1757580034.054867 -1.431106 -0.019646 -0.405699 -1.294538 -1.335736 0.045205 -0.548753 -1.202220
1757580034.056802 -1.431106 -0.019646 -0.405699 -1.294538 -1.336118 0.045205 -0.548753 -1.202220
1757580034.058828 -1.431106 -0.019646 -0.405699 -1.294538 -1.336499 0.045587 -0.548371 -1.202601
1757580034.060806 -1.431106 -0.019646 -0.405699 -1.294156 -1.336881 0.045587 -0.547990 -1.202601
1757580034.062823 -1.431106 -0.019646 -0.405699 -1.294156 -1.337262 0.045587 -0.547608 -1.202983
1757580034.064782 -1.431106 -0.019646 -0.405699 -1.294156 -1.338025 0.045968 -0.547227 -1.202983
1757580034.066798 -1.431106 -0.019646 -0.405699 -1.294156 -1.338407 0.045968 -0.546845 -1.202983
1757580034.068782 -1.431106 -0.019646 -0.405699 -1.294156 -1.338788 0.045968 -0.546464 -1.203364
1757580034.070859 -1.431106 -0.019646 -0.405699 -1.294156 -1.339551 0.046350 -0.546082 -1.203364
1757580034.072771 -1.431106 -0.019646 -0.405699 -1.293775 -1.339932 0.046350 -0.545701 -1.203364
1757580034.074830 -1.431106 -0.019646 -0.405699 -1.293775 -1.340314 0.046350 -0.545320 -1.203746
1757580034.076793 -1.431106 -0.019646 -0.405317 -1.293775 -1.341077 0.046350 -0.544938 -1.203746
1757580034.078867 -1.431106 -0.019646 -0.405317 -1.293775 -1.341458 0.046350 -0.544175 -1.204127
1757580034.080795 -1.431106 -0.019646 -0.405317 -1.293775 -1.342221 0.046350 -0.543794 -1.204127
1757580034.082796 -1.431106 -0.019646 -0.404936 -1.293393 -1.342984 0.046731 -0.543412 -1.204509
1757580034.084768 -1.431106 -0.019646 -0.404936 -1.293393 -1.343366 0.046731 -0.543031 -1.204509
1757580034.086850 -1.431106 -0.019646 -0.404554 -1.293393 -1.344130 0.046731 -0.542649 -1.204890
1757580034.088780 -1.431106 -0.019264 -0.404173 -1.293393 -1.344511 0.046731 -0.541886 -1.204890
1757580034.090767 -1.431106 -0.019264 -0.404173 -1.293393 -1.345274 0.046731 -0.541505 -1.204890
1757580034.092767 -1.431106 -0.019264 -0.403791 -1.293012 -1.346037 0.046731 -0.541123 -1.205272
1757580034.094763 -1.431106 -0.019264 -0.403410 -1.293012 -1.346800 0.046731 -0.540360 -1.205272
1757580034.096774 -1.431106 -0.019264 -0.403028 -1.293012 -1.347181 0.046731 -0.539979 -1.205653
1757580034.098764 -1.431487 -0.019264 -0.402647 -1.293012 -1.347944 0.046731 -0.539598 -1.205653
1757580034.100764 -1.431487 -0.019264 -0.402266 -1.292630 -1.348707 0.046731 -0.538835 -1.205653
1757580034.102764 -1.431487 -0.019264 -0.401884 -1.292630 -1.349470 0.046731 -0.538453 -1.206035
1757580034.104776 -1.431869 -0.018883 -0.401503 -1.292630 -1.349852 0.046731 -0.537690 -1.206035
1757580034.106763 -1.431869 -0.018883 -0.401121 -1.292630 -1.350615 0.046731 -0.537309 -1.206035
1757580034.108789 -1.432250 -0.018883 -0.400358 -1.292249 -1.351377 0.046731 -0.536546 -1.206416
1757580034.110775 -1.432250 -0.018883 -0.399977 -1.292249 -1.352140 0.046731 -0.535783 -1.206416
1757580034.112764 -1.432631 -0.018883 -0.399214 -1.292249 -1.352903 0.046731 -0.535401 -1.206416
1757580034.114805 -1.432631 -0.018883 -0.398832 -1.292249 -1.353666 0.046731 -0.534638 -1.206798
1757580034.116767 -1.433013 -0.018883 -0.398069 -1.292249 -1.354048 0.046731 -0.533875 -1.206798
1757580034.118766 -1.433013 -0.018883 -0.397306 -1.291867 -1.354811 0.046731 -0.533113 -1.206798
1757580034.120762 -1.433013 -0.018883 -0.396544 -1.291867 -1.355574 0.046731 -0.532731 -1.207179
1757580034.122761 -1.433394 -0.018883 -0.395781 -1.291867 -1.356337 0.046731 -0.531968 -1.207179
1757580034.124768 -1.433394 -0.018883 -0.395018 -1.291867 -1.357100 0.046731 -0.531204 -1.207179
1757580034.126761 -1.433776 -0.018883 -0.393873 -1.291867 -1.357481 0.046731 -0.530441 -1.207561
1757580034.128760 -1.433776 -0.018883 -0.393110 -1.291486 -1.358244 0.046731 -0.529297 -1.207561
1757580034.130768 -1.434157 -0.018883 -0.392347 -1.291486 -1.359007 0.046731 -0.528534 -1.207561
1757580034.132767 -1.434157 -0.018883 -0.391584 -1.291486 -1.359770 0.046731 -0.527771 -1.207942
1757580034.134764 -1.434539 -0.018883 -0.390440 -1.291486 -1.360533 0.046731 -0.526627 -1.207942
1757580034.136764 -1.434539 -0.018883 -0.389677 -1.291104 -1.360914 0.046731 -0.525864 -1.208323
1757580034.138762 -1.434920 -0.018883 -0.388533 -1.291104 -1.361677 0.046731 -0.525101 -1.208323
1757580034.140829 -1.434920 -0.018883 -0.387388 -1.291104 -1.362440 0.046731 -0.523956 -1.208323
1757580034.142784 -1.435302 -0.018883 -0.386244 -1.291104 -1.363203 0.046731 -0.522812 -1.208705
1757580034.144773 -1.435302 -0.018883 -0.385481 -1.290723 -1.363966 0.046731 -0.522049 -1.208705
1757580034.146764 -1.435683 -0.018883 -0.384336 -1.290723 -1.364729 0.046731 -0.520905 -1.209086
1757580034.148771 -1.435683 -0.018883 -0.382811 -1.290723 -1.365110 0.046731 -0.520142 -1.209086
1757580034.150768 -1.435683 -0.018883 -0.381666 -1.290723 -1.365873 0.046731 -0.518997 -1.209086
1757580034.152767 -1.436065 -0.018883 -0.380522 -1.290341 -1.366636 0.046731 -0.517853 -1.209468
1757580034.154763 -1.436065 -0.018883 -0.379377 -1.290341 -1.367399 0.046731 -0.516708 -1.209468
1757580034.156765 -1.436446 -0.018883 -0.377851 -1.290341 -1.368162 0.046731 -0.515945 -1.209468
1757580034.158762 -1.436446 -0.018883 -0.376707 -1.290341 -1.368925 0.046731 -0.514801 -1.209468
1757580034.160768 -1.436446 -0.018883 -0.375181 -1.290341 -1.369688 0.046731 -0.513657 -1.209849
1757580034.162764 -1.436828 -0.018883 -0.374037 -1.289960 -1.370451 0.046731 -0.512512 -1.209849
1757580034.164772 -1.436828 -0.018883 -0.372511 -1.289960 -1.371214 0.046731 -0.511368 -1.209849
1757580034.166770 -1.437209 -0.018883 -0.370985 -1.289960 -1.371977 0.046731 -0.510223 -1.209849
1757580034.168769 -1.437209 -0.018883 -0.369459 -1.289960 -1.372740 0.046731 -0.509079 -1.209849
1757580034.170769 -1.437591 -0.018883 -0.367933 -1.289578 -1.373503 0.046350 -0.507935 -1.210231
1757580034.172839 -1.437591 -0.018883 -0.366407 -1.289578 -1.374266 0.046350 -0.506790 -1.210231
1757580034.174767 -1.437591 -0.018883 -0.364882 -1.289578 -1.375029 0.046350 -0.505646 -1.210231
1757580034.176832 -1.437972 -0.018883 -0.363356 -1.289578 -1.375792 0.046350 -0.504120 -1.210231
1757580034.178760 -1.437972 -0.018883 -0.361830 -1.289578 -1.376173 0.046350 -0.502975 -1.210231
1757580034.180785 -1.437972 -0.018883 -0.360304 -1.289197 -1.376936 0.046350 -0.501831 -1.210612
1757580034.182762 -1.438354 -0.018883 -0.358778 -1.289197 -1.377699 0.046350 -0.500687 -1.210612
1757580034.184767 -1.438354 -0.018883 -0.356871 -1.289197 -1.378462 0.046350 -0.499161 -1.210612
1757580034.186766 -1.438735 -0.018883 -0.355345 -1.289197 -1.379225 0.046350 -0.498016 -1.210612
1757580034.188783 -1.438735 -0.019264 -0.353437 -1.289197 -1.379988 0.046350 -0.496490 -1.210994
1757580034.190765 -1.438735 -0.019264 -0.351912 -1.288815 -1.380751 0.046350 -0.495346 -1.210994
1757580034.192770 -1.439116 -0.019264 -0.350004 -1.288815 -1.381132 0.046350 -0.493820 -1.210994
1757580034.194765 -1.439116 -0.019264 -0.348478 -1.288815 -1.381895 0.046350 -0.492294 -1.210994
1757580034.196781 -1.439116 -0.019264 -0.346571 -1.288815 -1.382658 0.046350 -0.490768 -1.210994
1757580034.198760 -1.439498 -0.019264 -0.344664 -1.288434 -1.383421 0.046350 -0.489624 -1.211375
1757580034.200783 -1.439498 -0.019264 -0.343137 -1.288434 -1.384184 0.046350 -0.488098 -1.211375
1757580034.202856 -1.439879 -0.019264 -0.341229 -1.288434 -1.384565 0.046350 -0.486572 -1.211375
1757580034.204804 -1.439879 -0.019264 -0.339322 -1.288053 -1.385328 0.046350 -0.485046 -1.211375
1757580034.206774 -1.439879 -0.019264 -0.337415 -1.288053 -1.386091 0.046350 -0.483521 -1.211375
1757580034.208787 -1.440261 -0.019264 -0.335507 -1.288053 -1.386854 0.046350 -0.481613 -1.211757
1757580034.210762 -1.440261 -0.019264 -0.333600 -1.288053 -1.387236 0.045968 -0.480087 -1.211757
1757580034.212766 -1.440642 -0.019264 -0.331693 -1.287671 -1.387999 0.045968 -0.478561 -1.211757
1757580034.214764 -1.440642 -0.019264 -0.329785 -1.287671 -1.388762 0.045968 -0.477036 -1.211757
1757580034.216779 -1.440642 -0.019264 -0.327878 -1.287671 -1.389143 0.045968 -0.475510 -1.212138
1757580034.218761 -1.441024 -0.019264 -0.325971 -1.287290 -1.389906 0.045968 -0.473984 -1.212138
1757580034.220765 -1.441024 -0.019264 -0.324063 -1.287290 -1.390669 0.045968 -0.472458 -1.212138
1757580034.222759 -1.441024 -0.019264 -0.322156 -1.287290 -1.391050 0.045968 -0.470551 -1.212138
1757580034.224782 -1.441405 -0.019264 -0.320249 -1.287290 -1.391813 0.045968 -0.469025 -1.212520
1757580034.226761 -1.441405 -0.019264 -0.318341 -1.287290 -1.392195 0.045968 -0.467116 -1.212520
1757580034.228763 -1.441405 -0.019646 -0.316052 -1.286908 -1.392958 0.045968 -0.465590 -1.212520
1757580034.230760 -1.441405 -0.019646 -0.314145 -1.286908 -1.393721 0.045968 -0.464065 -1.212520
1757580034.232776 -1.441787 -0.019646 -0.312238 -1.286908 -1.394102 0.045968 -0.462157 -1.212520
1757580034.234787 -1.441787 -0.019646 -0.309949 -1.286908 -1.394865 0.045968 -0.460631 -1.212901
1757580034.236768 -1.441787 -0.019646 -0.308042 -1.286527 -1.395247 0.045968 -0.458724 -1.212901
1757580034.238762 -1.442168 -0.019646 -0.305753 -1.286527 -1.396009 0.045968 -0.457198 -1.212901
1757580034.240777 -1.442168 -0.019646 -0.303845 -1.286527 -1.396391 0.045968 -0.455291 -1.212901
1757580034.242771 -1.442168 -0.019646 -0.301557 -1.286527 -1.397154 0.045968 -0.453383 -1.213283
1757580034.244761 -1.442168 -0.019646 -0.299649 -1.286527 -1.397535 0.045968 -0.451858 -1.213283
1757580034.246762 -1.442550 -0.019646 -0.297360 -1.286145 -1.397917 0.045968 -0.449950 -1.213283
1757580034.248873 -1.442550 -0.019646 -0.295072 -1.286145 -1.398680 0.045968 -0.448043 -1.213283
1757580034.250808 -1.442550 -0.019646 -0.293164 -1.286145 -1.399061 0.045587 -0.446517 -1.213283
1757580034.252805 -1.442550 -0.019646 -0.290875 -1.286145 -1.399824 0.045587 -0.444610 -1.213664
1757580034.254786 -1.442931 -0.019646 -0.288587 -1.286145 -1.400206 0.045587 -0.442702 -1.213664
1757580034.256885 -1.442931 -0.020027 -0.286298 -1.285764 -1.400587 0.045587 -0.440795 -1.213664
1757580034.258776 -1.442931 -0.020027 -0.284009 -1.285764 -1.401350 0.045587 -0.438888 -1.213664
1757580034.260766 -1.442931 -0.020027 -0.282102 -1.285764 -1.401731 0.045587 -0.437362 -1.213664
1757580034.262769 -1.443313 -0.020027 -0.279812 -1.285764 -1.402113 0.045587 -0.435454 -1.214046
1757580034.264794 -1.443313 -0.020027 -0.277523 -1.285382 -1.402494 0.045587 -0.433547 -1.214046
1757580034.266791 -1.443313 -0.020027 -0.275234 -1.285382 -1.403257 0.045587 -0.431640 -1.214046
1757580034.268844 -1.443313 -0.020027 -0.272945 -1.285382 -1.403639 0.045587 -0.429732 -1.214046
1757580034.270774 -1.443313 -0.020027 -0.270657 -1.285382 -1.404020 0.045587 -0.427825 -1.214046
1757580034.272773 -1.443694 -0.020027 -0.268368 -1.285382 -1.404402 0.045205 -0.425918 -1.214427
1757580034.274762 -1.443694 -0.020027 -0.266079 -1.285001 -1.405165 0.045205 -0.423629 -1.214427
1757580034.276786 -1.443694 -0.020027 -0.263790 -1.285001 -1.405546 0.045205 -0.421721 -1.214427
1757580034.278773 -1.443694 -0.020409 -0.261501 -1.285001 -1.405928 0.045205 -0.419814 -1.214427
1757580034.280760 -1.443694 -0.020409 -0.259212 -1.285001 -1.406310 0.045205 -0.417907 -1.214427
1757580034.282762 -1.444076 -0.020409 -0.256924 -1.284619 -1.406692 0.045205 -0.415999 -1.214808
1757580034.284765 -1.444076 -0.020409 -0.254253 -1.284619 -1.407073 0.045205 -0.413711 -1.214808
1757580034.286772 -1.444076 -0.020409 -0.251965 -1.284619 -1.407454 0.045205 -0.411803 -1.214808
1757580034.288767 -1.444076 -0.020409 -0.249676 -1.284619 -1.407836 0.044824 -0.409896 -1.214808
1757580034.290786 -1.444457 -0.020409 -0.247387 -1.284619 -1.408217 0.044824 -0.407607 -1.214808
1757580034.292762 -1.444457 -0.020409 -0.244717 -1.284238 -1.408980 0.044824 -0.405699 -1.214808
1757580034.294764 -1.444457 -0.020409 -0.242428 -1.284238 -1.409362 0.044824 -0.403410 -1.215190
1757580034.296829 -1.444457 -0.020409 -0.240139 -1.284238 -1.409743 0.044824 -0.401503 -1.215190
1757580034.298771 -1.444457 -0.020790 -0.237469 -1.284238 -1.410125 0.044824 -0.399595 -1.215190
1757580034.300763 -1.444457 -0.020790 -0.235180 -1.284238 -1.410506 0.044824 -0.397306 -1.215190
1757580034.302778 -1.444457 -0.020790 -0.232891 -1.284238 -1.410888 0.044442 -0.395399 -1.215571
1757580034.304780 -1.444839 -0.020790 -0.230221 -1.283856 -1.411269 0.044442 -0.393110 -1.215571
1757580034.306766 -1.444839 -0.020790 -0.227932 -1.283856 -1.411651 0.044442 -0.391203 -1.215571
1757580034.308763 -1.444839 -0.020790 -0.225262 -1.283856 -1.412032 0.044442 -0.388914 -1.215571
1757580034.310768 -1.444839 -0.020790 -0.222591 -1.283856 -1.412032 0.044442 -0.386625 -1.215571
1757580034.312762 -1.444839 -0.020790 -0.220303 -1.283856 -1.412414 0.044442 -0.384718 -1.215571
1757580034.314764 -1.444839 -0.021172 -0.217631 -1.283856 -1.412795 0.044442 -0.382429 -1.215953
1757580034.316760 -1.445220 -0.021172 -0.215343 -1.283475 -1.413177 0.044442 -0.380522 -1.215953
1757580034.318769 -1.445220 -0.021172 -0.212672 -1.283475 -1.413558 0.044442 -0.378233 -1.215953
1757580034.320764 -1.445220 -0.021172 -0.210002 -1.283475 -1.413939 0.044442 -0.376326 -1.215953
1757580034.322762 -1.445220 -0.021172 -0.207713 -1.283475 -1.413939 0.044442 -0.374037 -1.215953
1757580034.324756 -1.445220 -0.021172 -0.205043 -1.283475 -1.414321 0.044061 -0.371748 -1.215953
1757580034.326764 -1.445601 -0.021172 -0.202754 -1.283475 -1.414702 0.044061 -0.369459 -1.216334
1757580034.328761 -1.445601 -0.021553 -0.200084 -1.283475 -1.415084 0.044061 -0.367552 -1.216334
1757580034.330764 -1.445601 -0.021553 -0.197413 -1.283093 -1.415084 0.044061 -0.365263 -1.216334
1757580034.332768 -1.445601 -0.021553 -0.194743 -1.283093 -1.415465 0.044061 -0.362974 -1.216334
1757580034.334764 -1.445601 -0.021553 -0.192454 -1.283093 -1.415847 0.044061 -0.360685 -1.216334
1757580034.336758 -1.445601 -0.021553 -0.189784 -1.283093 -1.415847 0.044061 -0.358397 -1.216334
1757580034.338760 -1.445983 -0.021553 -0.187114 -1.283093 -1.416228 0.044061 -0.356108 -1.216334
1757580034.340758 -1.445983 -0.021553 -0.184825 -1.283093 -1.416228 0.044061 -0.353819 -1.216716
1757580034.342771 -1.445983 -0.021553 -0.182155 -1.282712 -1.416610 0.044061 -0.351530 -1.216716
1757580034.344759 -1.445983 -0.021553 -0.179484 -1.282712 -1.416610 0.043679 -0.348860 -1.216716
1757580034.346802 -1.445983 -0.021553 -0.176814 -1.282712 -1.416991 0.043679 -0.346571 -1.216716
1757580034.348783 -1.446364 -0.021553 -0.174525 -1.282712 -1.417373 0.043679 -0.344282 -1.216716
1757580034.350771 -1.446364 -0.021553 -0.171855 -1.282712 -1.417373 0.043679 -0.341611 -1.216716
1757580034.352762 -1.446364 -0.021935 -0.169185 -1.282712 -1.417373 0.043679 -0.338941 -1.216716
1757580034.354767 -1.446364 -0.021935 -0.166514 -1.282331 -1.417754 0.043679 -0.336652 -1.216716
1757580034.356759 -1.446364 -0.021935 -0.163844 -1.282331 -1.417754 0.043679 -0.333982 -1.217097
1757580034.358835 -1.446364 -0.021935 -0.161174 -1.282331 -1.418136 0.043679 -0.331311 -1.217097
1757580034.360769 -1.446364 -0.021935 -0.158504 -1.282331 -1.418136 0.043679 -0.328641 -1.217097
1757580034.362767 -1.446746 -0.021935 -0.155832 -1.281949 -1.418136 0.043679 -0.325971 -1.217097
1757580034.364804 -1.446746 -0.021935 -0.152781 -1.281949 -1.418517 0.043679 -0.323300 -1.217097
1757580034.366778 -1.446746 -0.022316 -0.150110 -1.281949 -1.418517 0.043679 -0.320249 -1.217097
1757580034.368766 -1.446746 -0.022316 -0.147440 -1.281949 -1.418899 0.043679 -0.317578 -1.217097
1757580034.370822 -1.446746 -0.022316 -0.144770 -1.281568 -1.418899 0.043679 -0.314908 -1.217097
1757580034.372784 -1.446746 -0.022316 -0.142099 -1.281568 -1.418899 0.043679 -0.311856 -1.217097
1757580034.374763 -1.446746 -0.022316 -0.139429 -1.281568 -1.419280 0.043679 -0.309186 -1.217097
1757580034.376758 -1.446746 -0.022316 -0.136759 -1.281568 -1.419280 0.043679 -0.306516 -1.217097
1757580034.378779 -1.446746 -0.022697 -0.133707 -1.281568 -1.419280 0.043679 -0.303845 -1.217479
1757580034.380764 -1.446746 -0.022697 -0.131037 -1.281185 -1.419662 0.043679 -0.300794 -1.217479
1757580034.382757 -1.446746 -0.022697 -0.128366 -1.281185 -1.419662 0.043679 -0.298123 -1.217479
1757580034.384754 -1.446746 -0.022697 -0.125696 -1.281185 -1.419662 0.043679 -0.295072 -1.217479
1757580034.386776 -1.446746 -0.022697 -0.123026 -1.281185 -1.420043 0.043679 -0.292401 -1.217479
1757580034.388800 -1.446746 -0.022697 -0.120356 -1.280804 -1.420043 0.043679 -0.289731 -1.217479
1757580034.390769 -1.446746 -0.022697 -0.117685 -1.280804 -1.420043 0.043679 -0.287061 -1.217479
1757580034.392759 -1.446746 -0.023079 -0.115015 -1.280804 -1.420043 0.043679 -0.284009 -1.217479
1757580034.394767 -1.446746 -0.023079 -0.112345 -1.280422 -1.420424 0.043679 -0.281339 -1.217479
1757580034.396757 -1.446746 -0.023079 -0.109674 -1.280422 -1.420424 0.043679 -0.278667 -1.217479
1757580034.398762 -1.446746 -0.023079 -0.107004 -1.280422 -1.420424 0.043679 -0.275616 -1.217479
1757580034.400756 -1.446746 -0.023079 -0.104334 -1.280422 -1.420424 0.043679 -0.272945 -1.217479
1757580034.402774 -1.446746 -0.023079 -0.101664 -1.280041 -1.420424 0.043679 -0.270275 -1.217479
1757580034.404759 -1.446746 -0.023460 -0.098993 -1.280041 -1.420424 0.043679 -0.267223 -1.217479
1757580034.406762 -1.446746 -0.023460 -0.096323 -1.280041 -1.420424 0.043679 -0.264553 -1.217479
1757580034.408755 -1.446746 -0.023460 -0.093652 -1.280041 -1.420806 0.043679 -0.261501 -1.217479
1757580034.410770 -1.446364 -0.023460 -0.090981 -1.280041 -1.420806 0.043679 -0.258450 -1.217479
1757580034.412759 -1.446364 -0.023460 -0.088693 -1.279659 -1.420806 0.043679 -0.255779 -1.217479
1757580034.414761 -1.446364 -0.023460 -0.086022 -1.279659 -1.420806 0.043679 -0.252728 -1.217479
1757580034.416759 -1.446364 -0.023460 -0.083352 -1.279659 -1.420806 0.043679 -0.249676 -1.217479
1757580034.418768 -1.446364 -0.023842 -0.080682 -1.279659 -1.420806 0.043679 -0.247005 -1.217479
1757580034.420824 -1.446364 -0.023842 -0.078012 -1.279659 -1.420806 0.043679 -0.243954 -1.217479
1757580034.422783 -1.446364 -0.023842 -0.075341 -1.279278 -1.421187 0.043679 -0.240902 -1.217479
1757580034.424757 -1.446364 -0.023842 -0.072671 -1.279278 -1.421187 0.043679 -0.238232 -1.217479
1757580034.426794 -1.446364 -0.023842 -0.070001 -1.279278 -1.421187 0.043679 -0.235180 -1.217479
1757580034.428754 -1.446364 -0.023842 -0.067330 -1.279278 -1.421187 0.043679 -0.232128 -1.217479
1757580034.430761 -1.446364 -0.023842 -0.064660 -1.278896 -1.421187 0.043298 -0.229076 -1.217479
1757580034.432755 -1.446364 -0.024223 -0.061990 -1.278896 -1.421187 0.043298 -0.226406 -1.217479
1757580034.434767 -1.446364 -0.024223 -0.059319 -1.278896 -1.421569 0.043298 -0.223354 -1.217479
1757580034.436756 -1.446364 -0.024223 -0.056649 -1.278896 -1.421569 0.043298 -0.220303 -1.217479
1757580034.438761 -1.446364 -0.024223 -0.053979 -1.278896 -1.421569 0.043298 -0.217631 -1.217479
1757580034.440754 -1.446364 -0.024223 -0.051309 -1.278896 -1.421569 0.043298 -0.214580 -1.217479
1757580034.442771 -1.446364 -0.024223 -0.048638 -1.278515 -1.421569 0.043298 -0.211528 -1.217479
1757580034.444761 -1.446364 -0.024223 -0.045968 -1.278515 -1.421569 0.043298 -0.208858 -1.217479
1757580034.446761 -1.446364 -0.024605 -0.043298 -1.278515 -1.421569 0.043298 -0.205806 -1.217479
1757580034.448753 -1.446364 -0.024605 -0.040627 -1.278515 -1.421950 0.043298 -0.203135 -1.217479
1757580034.450805 -1.446364 -0.024605 -0.037957 -1.278133 -1.421950 0.043298 -0.200084 -1.217479
1757580034.452770 -1.446364 -0.024605 -0.035287 -1.278133 -1.421950 0.043298 -0.197413 -1.217479
1757580034.454787 -1.446364 -0.024605 -0.032617 -1.278133 -1.421950 0.043298 -0.194362 -1.217479
1757580034.456775 -1.446364 -0.024605 -0.029945 -1.278133 -1.421950 0.042916 -0.191310 -1.217479
1757580034.458775 -1.446364 -0.024605 -0.027275 -1.277752 -1.421950 0.042916 -0.188640 -1.217479
1757580034.460756 -1.446364 -0.024605 -0.024605 -1.277752 -1.421950 0.042916 -0.185588 -1.217479
1757580034.462753 -1.446364 -0.024986 -0.021935 -1.277752 -1.421950 0.042916 -0.182918 -1.217479
1757580034.464755 -1.446364 -0.024986 -0.019264 -1.277370 -1.421950 0.042916 -0.179866 -1.217479
1757580034.466773 -1.446364 -0.024986 -0.016594 -1.277370 -1.422332 0.042916 -0.176814 -1.217479
1757580034.468757 -1.445983 -0.024986 -0.013924 -1.277370 -1.422332 0.042916 -0.174144 -1.217479
1757580034.470771 -1.445983 -0.025368 -0.011253 -1.276989 -1.422332 0.042916 -0.171092 -1.217097
1757580034.472759 -1.445983 -0.025368 -0.008583 -1.276989 -1.422332 0.042535 -0.168422 -1.217479
1757580034.474764 -1.445983 -0.025368 -0.005913 -1.276989 -1.422332 0.042535 -0.165370 -1.217097
1757580034.476759 -1.445983 -0.025368 -0.003242 -1.276608 -1.422713 0.042535 -0.162318 -1.217479
1757580034.478852 -1.445983 -0.025368 -0.000572 -1.276608 -1.422713 0.042535 -0.159648 -1.217097
1757580034.480777 -1.445983 -0.025749 0.002098 -1.276608 -1.422713 0.042535 -0.156596 -1.217479
1757580034.482846 -1.445601 -0.025749 0.004768 -1.276226 -1.422713 0.042535 -0.153543 -1.217097
1757580034.484804 -1.445601 -0.025749 0.007439 -1.276226 -1.422713 0.042535 -0.150492 -1.217479
1757580034.486765 -1.445601 -0.025749 0.010109 -1.276226 -1.422713 0.042153 -0.147821 -1.217479
1757580034.488768 -1.445601 -0.025749 0.012779 -1.276226 -1.423095 0.042153 -0.144770 -1.217097
1757580034.490825 -1.445601 -0.026131 0.015831 -1.275845 -1.423095 0.042153 -0.141718 -1.217097
1757580034.492793 -1.445220 -0.026131 0.018501 -1.275845 -1.423095 0.042153 -0.139048 -1.217097
1757580034.494886 -1.445220 -0.026131 0.021172 -1.275845 -1.423095 0.042153 -0.135996 -1.217097
1757580034.496789 -1.445220 -0.026131 0.023842 -1.275845 -1.423095 0.042153 -0.132944 -1.217479
1757580034.498782 -1.445220 -0.026131 0.026512 -1.275463 -1.423095 0.041772 -0.129892 -1.217479
1757580034.500808 -1.445220 -0.026512 0.029182 -1.275463 -1.423095 0.041772 -0.127222 -1.217097
1757580034.502774 -1.445220 -0.026512 0.031854 -1.275463 -1.423095 0.041772 -0.124170 -1.217097
1757580034.504766 -1.444839 -0.026512 0.034524 -1.275463 -1.423476 0.041772 -0.121119 -1.217097
1757580034.506773 -1.444839 -0.026512 0.037194 -1.275082 -1.423476 0.041772 -0.118067 -1.217479
1757580034.508755 -1.444839 -0.026512 0.039865 -1.275082 -1.423476 0.041772 -0.115015 -1.217479
1757580034.510771 -1.444839 -0.026512 0.042535 -1.275082 -1.423476 0.041390 -0.111963 -1.217097
1757580034.512755 -1.444839 -0.026512 0.045587 -1.275082 -1.423476 0.041390 -0.108912 -1.217097
1757580034.514779 -1.444839 -0.026894 0.048257 -1.275082 -1.423476 0.041390 -0.105860 -1.217097
1757580034.516758 -1.444457 -0.026894 0.050927 -1.274700 -1.423476 0.041390 -0.102808 -1.217097
1757580034.518762 -1.444457 -0.026894 0.053597 -1.274700 -1.423476 0.041390 -0.100138 -1.217097
1757580034.520770 -1.444457 -0.026894 0.056268 -1.274700 -1.423476 0.041390 -0.097086 -1.217097
1757580034.522753 -1.444457 -0.026894 0.058938 -1.274700 -1.423858 0.041390 -0.094034 -1.217097
1757580034.524770 -1.444457 -0.026894 0.061608 -1.274700 -1.423858 0.041390 -0.090981 -1.217097
1757580034.526751 -1.444457 -0.026894 0.064660 -1.274319 -1.423858 0.041009 -0.087930 -1.217097
1757580034.528775 -1.444457 -0.027275 0.067330 -1.274319 -1.423858 0.041009 -0.084878 -1.217097
1757580034.530754 -1.444457 -0.027275 0.070001 -1.274319 -1.423858 0.041009 -0.081826 -1.217097
1757580034.532773 -1.444457 -0.027275 0.073052 -1.274319 -1.423858 0.041009 -0.079156 -1.217097
1757580034.534755 -1.444076 -0.027275 0.075723 -1.274319 -1.424239 0.041009 -0.076104 -1.217097
1757580034.536775 -1.444076 -0.027275 0.078393 -1.273937 -1.424239 0.041009 -0.073052 -1.217097
1757580034.538757 -1.444076 -0.027275 0.081063 -1.273937 -1.424239 0.041009 -0.070382 -1.217097
1757580034.540758 -1.444076 -0.027657 0.084115 -1.273937 -1.424239 0.041009 -0.067330 -1.217097
1757580034.542756 -1.444076 -0.027657 0.086785 -1.273937 -1.424239 0.040627 -0.064279 -1.217097
1757580034.544826 -1.444076 -0.027657 0.089456 -1.273556 -1.424239 0.040627 -0.061608 -1.217097
1757580034.546752 -1.443694 -0.027657 0.092507 -1.273556 -1.424239 0.040627 -0.058557 -1.217097
1757580034.548779 -1.443694 -0.027657 0.095179 -1.273556 -1.424239 0.040627 -0.055505 -1.217097
1757580034.550756 -1.443694 -0.028038 0.097849 -1.273556 -1.424239 0.040627 -0.052835 -1.217097
1757580034.552774 -1.443694 -0.028038 0.100519 -1.273556 -1.424239 0.040627 -0.050164 -1.217097
1757580034.554751 -1.443313 -0.028038 0.103571 -1.273174 -1.424239 0.040627 -0.047112 -1.217097
1757580034.556746 -1.443313 -0.028038 0.106241 -1.273174 -1.424239 0.040627 -0.044442 -1.217097
1757580034.558759 -1.443313 -0.028038 0.108912 -1.273174 -1.424239 0.040246 -0.041390 -1.217097
1757580034.560767 -1.443313 -0.028419 0.111582 -1.273174 -1.424239 0.040246 -0.038720 -1.217097
1757580034.562753 -1.442931 -0.028419 0.114252 -1.272793 -1.424239 0.040246 -0.035668 -1.217097
1757580034.564769 -1.442931 -0.028419 0.116922 -1.272793 -1.424239 0.040246 -0.032998 -1.217097
1757580034.566756 -1.442550 -0.028419 0.119593 -1.272793 -1.424239 0.040246 -0.030327 -1.217097
1757580034.568761 -1.442550 -0.028419 0.122263 -1.272793 -1.424239 0.040246 -0.027275 -1.217097
1757580034.570757 -1.442550 -0.028801 0.124933 -1.272793 -1.424239 0.039865 -0.024605 -1.217097
1757580034.572770 -1.442168 -0.028801 0.127604 -1.272411 -1.424239 0.039865 -0.021935 -1.217097
1757580034.574751 -1.442168 -0.028801 0.130274 -1.272411 -1.424239 0.039865 -0.019264 -1.217097
1757580034.576797 -1.442168 -0.028801 0.132944 -1.272411 -1.424239 0.039865 -0.016212 -1.217097
1757580034.578758 -1.441787 -0.029182 0.135614 -1.272411 -1.424239 0.039865 -0.013542 -1.217097
1757580034.580788 -1.441787 -0.029182 0.138285 -1.272411 -1.424239 0.039483 -0.010872 -1.217097
1757580034.582768 -1.441405 -0.029182 0.140955 -1.272030 -1.424239 0.039483 -0.008202 -1.217097
1757580034.584749 -1.441405 -0.029182 0.143625 -1.272030 -1.424239 0.039483 -0.005531 -1.217097
1757580034.586759 -1.441405 -0.029182 0.146296 -1.272030 -1.424239 0.039483 -0.002480 -1.217097
1757580034.588764 -1.441024 -0.029564 0.148966 -1.272030 -1.424239 0.039102 0.000191 -1.217097
1757580034.590755 -1.441024 -0.029564 0.151636 -1.271648 -1.424239 0.039102 0.002861 -1.217097
1757580034.592757 -1.441024 -0.029564 0.154688 -1.271648 -1.424239 0.039102 0.005913 -1.217097
1757580034.594743 -1.440642 -0.029564 0.157359 -1.271648 -1.424239 0.039102 0.008583 -1.217097
1757580034.596767 -1.440642 -0.029945 0.160029 -1.271648 -1.424239 0.038720 0.011253 -1.217097
1757580034.598759 -1.440261 -0.029945 0.162700 -1.271267 -1.424239 0.038720 0.013924 -1.217097
1757580034.600757 -1.440261 -0.029945 0.165370 -1.271267 -1.424239 0.038720 0.016594 -1.217097
1757580034.602754 -1.440261 -0.029945 0.168040 -1.271267 -1.424239 0.038720 0.019264 -1.217097
1757580034.604764 -1.439879 -0.030327 0.170711 -1.271267 -1.424239 0.038339 0.022316 -1.217097
1757580034.606747 -1.439879 -0.030327 0.173381 -1.270885 -1.424239 0.038339 0.024986 -1.217097
1757580034.608783 -1.439498 -0.030327 0.176051 -1.270885 -1.424239 0.038339 0.027657 -1.217097
1757580034.610756 -1.439498 -0.030327 0.178721 -1.270885 -1.424239 0.037957 0.030327 -1.217097
1757580034.612763 -1.439116 -0.030327 0.181392 -1.270885 -1.424239 0.037957 0.033380 -1.217097
1757580034.614837 -1.439116 -0.030708 0.184062 -1.270885 -1.424239 0.037957 0.036050 -1.217097
1757580034.616826 -1.438735 -0.030708 0.186732 -1.270504 -1.424239 0.037957 0.038720 -1.217097
1757580034.618791 -1.438354 -0.030708 0.189403 -1.270504 -1.424239 0.037576 0.041390 -1.216716
1757580034.620796 -1.438354 -0.030708 0.192073 -1.270504 -1.424239 0.037576 0.044061 -1.216716
1757580034.622789 -1.437972 -0.031090 0.194743 -1.270504 -1.424239 0.037576 0.046731 -1.216716
1757580034.624835 -1.437591 -0.031090 0.197032 -1.270504 -1.423858 0.037194 0.049401 -1.216716
1757580034.626827 -1.437591 -0.031090 0.199702 -1.270123 -1.423858 0.037194 0.052453 -1.216716
1757580034.628797 -1.437209 -0.031090 0.202373 -1.270123 -1.423858 0.037194 0.055123 -1.216716
1757580034.630791 -1.436828 -0.031090 0.205043 -1.270123 -1.423858 0.036813 0.057794 -1.216716
1757580034.632790 -1.436828 -0.031472 0.207332 -1.270123 -1.423858 0.036813 0.060464 -1.216716
1757580034.634757 -1.436446 -0.031472 0.210002 -1.270123 -1.423858 0.036813 0.063134 -1.216716
1757580034.636769 -1.436065 -0.031472 0.212672 -1.270123 -1.423858 0.036813 0.065804 -1.216716
1757580034.638780 -1.436065 -0.031472 0.214961 -1.270123 -1.423858 0.036431 0.068475 -1.216334
1757580034.640760 -1.435683 -0.031472 0.217631 -1.270123 -1.423858 0.036431 0.071145 -1.216334
1757580034.642776 -1.435302 -0.031854 0.220303 -1.269741 -1.423858 0.036431 0.073815 -1.216334
1757580034.644770 -1.435302 -0.031854 0.222591 -1.269741 -1.423476 0.036431 0.076486 -1.216334
1757580034.646757 -1.434920 -0.031854 0.225262 -1.269741 -1.423476 0.036050 0.079156 -1.216334
1757580034.648755 -1.434539 -0.031854 0.227932 -1.269741 -1.423476 0.036050 0.081826 -1.216334
1757580034.650753 -1.434539 -0.031854 0.230602 -1.269741 -1.423476 0.036050 0.084115 -1.216334
1757580034.652768 -1.434157 -0.032235 0.232891 -1.269741 -1.423476 0.036050 0.086785 -1.216334
1757580034.654755 -1.433776 -0.032235 0.235561 -1.269741 -1.423476 0.035668 0.089456 -1.216334
1757580034.656751 -1.433776 -0.032235 0.238232 -1.269360 -1.423476 0.035668 0.092126 -1.215953
1757580034.658751 -1.433394 -0.032235 0.240520 -1.269360 -1.423095 0.035668 0.094797 -1.215953
1757580034.660769 -1.433013 -0.032617 0.243191 -1.269360 -1.423095 0.035668 0.097467 -1.215953
1757580034.662755 -1.432631 -0.032617 0.245861 -1.269360 -1.423095 0.035287 0.100138 -1.215953
1757580034.664787 -1.432631 -0.032617 0.248150 -1.269360 -1.423095 0.035287 0.103189 -1.215953
1757580034.666784 -1.432250 -0.032617 0.250820 -1.269360 -1.422713 0.035287 0.105860 -1.215953
1757580034.668754 -1.431869 -0.032998 0.253490 -1.268978 -1.422713 0.034905 0.108530 -1.215953
1757580034.670776 -1.431487 -0.032998 0.255779 -1.268978 -1.422713 0.034905 0.111200 -1.215953
1757580034.672778 -1.431106 -0.032998 0.258068 -1.268978 -1.422713 0.034524 0.113871 -1.215571
1757580034.674754 -1.430724 -0.033380 0.260738 -1.268978 -1.422713 0.034524 0.116922 -1.215571
1757580034.676789 -1.430343 -0.033380 0.263027 -1.268978 -1.422713 0.034524 0.119593 -1.215571
1757580034.678751 -1.429961 -0.033380 0.265697 -1.268978 -1.422332 0.034142 0.122263 -1.215571
1757580034.680777 -1.429961 -0.033761 0.267986 -1.268597 -1.422332 0.034142 0.124933 -1.215571
1757580034.682756 -1.429580 -0.033761 0.270275 -1.268597 -1.422332 0.033761 0.127985 -1.215190
1757580034.684751 -1.429198 -0.033761 0.272945 -1.268597 -1.422332 0.033761 0.130655 -1.215190
1757580034.686753 -1.428817 -0.034142 0.275234 -1.268597 -1.421950 0.033380 0.133326 -1.215190
1757580034.688781 -1.428435 -0.034142 0.277523 -1.268597 -1.421950 0.033380 0.135996 -1.215190
1757580034.690760 -1.428054 -0.034524 0.279812 -1.268597 -1.421950 0.032998 0.138666 -1.215190
1757580034.692762 -1.427672 -0.034524 0.282483 -1.268215 -1.421950 0.032998 0.141336 -1.215190
1757580034.694758 -1.427291 -0.034905 0.284772 -1.268215 -1.421569 0.032617 0.144007 -1.214808
1757580034.696807 -1.426909 -0.034905 0.287061 -1.268215 -1.421569 0.032617 0.146677 -1.214808
1757580034.698755 -1.426528 -0.035287 0.289350 -1.268215 -1.421569 0.032235 0.149347 -1.214808
1757580034.700816 -1.426147 -0.035287 0.292020 -1.268215 -1.421569 0.031854 0.152018 -1.214808
1757580034.702763 -1.425765 -0.035668 0.294309 -1.268215 -1.421569 0.031854 0.154688 -1.214808
1757580034.704892 -1.425384 -0.036050 0.296597 -1.268215 -1.421187 0.031472 0.156978 -1.214427
1757580034.706778 -1.425002 -0.036050 0.298886 -1.267834 -1.421187 0.031472 0.159648 -1.214427
1757580034.708769 -1.424239 -0.036431 0.301175 -1.267834 -1.421187 0.031090 0.161937 -1.214427
1757580034.710758 -1.423858 -0.036813 0.303464 -1.267834 -1.421187 0.030708 0.164607 -1.214427
1757580034.712766 -1.423476 -0.036813 0.305753 -1.267834 -1.421187 0.030708 0.166896 -1.214427
1757580034.714759 -1.423095 -0.037194 0.308042 -1.267834 -1.420806 0.030327 0.169566 -1.214427
1757580034.716776 -1.422713 -0.037576 0.310330 -1.267834 -1.420806 0.029945 0.171855 -1.214046
1757580034.718752 -1.422332 -0.037576 0.312619 -1.267834 -1.420806 0.029945 0.174144 -1.214046
1757580034.720752 -1.421569 -0.037957 0.314908 -1.267834 -1.420806 0.029564 0.176433 -1.214046
1757580034.722759 -1.421187 -0.037957 0.317197 -1.267834 -1.420806 0.029564 0.178721 -1.214046
1757580034.724754 -1.420806 -0.038339 0.319104 -1.267834 -1.420806 0.029182 0.180629 -1.214046
1757580034.726751 -1.420424 -0.038720 0.321393 -1.267834 -1.420424 0.028801 0.182918 -1.214046
1757580034.728750 -1.419662 -0.038720 0.323300 -1.267834 -1.420424 0.028801 0.185206 -1.213664
1757580034.730753 -1.419280 -0.039102 0.325589 -1.267834 -1.420424 0.028419 0.187114 -1.213664
1757580034.732786 -1.418899 -0.039483 0.327497 -1.267834 -1.420424 0.028038 0.189403 -1.213664
1757580034.734756 -1.418517 -0.039483 0.329785 -1.267834 -1.420424 0.028038 0.191310 -1.213664
1757580034.736754 -1.418136 -0.039865 0.331693 -1.267834 -1.420043 0.027657 0.193217 -1.213283
1757580034.738759 -1.417754 -0.039865 0.333600 -1.267834 -1.420043 0.027657 0.195506 -1.213283
1757580034.740802 -1.416991 -0.040246 0.335507 -1.267834 -1.420043 0.027275 0.197413 -1.213283
1757580034.742754 -1.416610 -0.040627 0.337415 -1.267834 -1.420043 0.026894 0.199321 -1.213283
1757580034.744741 -1.416228 -0.040627 0.339704 -1.267834 -1.419662 0.026894 0.201228 -1.212901
1757580034.746763 -1.415847 -0.041009 0.341611 -1.267834 -1.419662 0.026512 0.203135 -1.212901
1757580034.748760 -1.415465 -0.041009 0.343518 -1.267834 -1.419662 0.026131 0.205043 -1.212901
1757580034.750752 -1.415084 -0.041390 0.345427 -1.267834 -1.419662 0.026131 0.207332 -1.212901
1757580034.752753 -1.414702 -0.041390 0.346952 -1.267452 -1.419662 0.025749 0.209239 -1.212520
1757580034.754755 -1.413939 -0.041772 0.348860 -1.267452 -1.419280 0.025368 0.211146 -1.212520
1757580034.756755 -1.413558 -0.041772 0.350767 -1.267452 -1.419280 0.025368 0.213054 -1.212520
1757580034.758758 -1.413177 -0.042153 0.352674 -1.267452 -1.419280 0.024986 0.214961 -1.212520
1757580034.760753 -1.412795 -0.042153 0.354582 -1.267452 -1.418899 0.024605 0.216868 -1.212520
1757580034.762799 -1.412414 -0.042153 0.356489 -1.267452 -1.418899 0.024605 0.218777 -1.212138
1757580034.764807 -1.412032 -0.042535 0.358397 -1.267452 -1.418899 0.024223 0.220303 -1.212138
1757580034.766778 -1.411651 -0.042535 0.360304 -1.267452 -1.418899 0.023842 0.222210 -1.212138
1757580034.768782 -1.411269 -0.042916 0.361830 -1.267452 -1.418517 0.023842 0.224117 -1.212138
1757580034.770768 -1.410888 -0.042916 0.363737 -1.267452 -1.418517 0.023460 0.226025 -1.211757
1757580034.772756 -1.410506 -0.042916 0.365644 -1.267452 -1.418517 0.023079 0.227932 -1.211757
1757580034.774770 -1.410125 -0.043298 0.367552 -1.267452 -1.418517 0.023079 0.229839 -1.211757
1757580034.776757 -1.409743 -0.043298 0.369459 -1.267452 -1.418517 0.022697 0.231365 -1.211757
1757580034.778760 -1.409362 -0.043298 0.371367 -1.267071 -1.418136 0.022316 0.233273 -1.211757
1757580034.780756 -1.409362 -0.043298 0.372892 -1.267071 -1.418136 0.021935 0.234798 -1.211375
1757580034.782768 -1.408980 -0.043679 0.374800 -1.267071 -1.418136 0.021935 0.236706 -1.211375
1757580034.784769 -1.408599 -0.043679 0.376707 -1.267071 -1.418136 0.021553 0.238232 -1.211375
1757580034.786756 -1.408217 -0.043679 0.378233 -1.267071 -1.418136 0.021172 0.239758 -1.211375
1757580034.788768 -1.407836 -0.043679 0.380140 -1.267071 -1.417754 0.020790 0.241665 -1.211375
1757580034.790772 -1.407454 -0.044061 0.382048 -1.267071 -1.417754 0.020790 0.243191 -1.210994
1757580034.792754 -1.407073 -0.044061 0.383574 -1.267071 -1.417754 0.020409 0.244717 -1.210994
1757580034.794827 -1.406692 -0.044061 0.385481 -1.267071 -1.417754 0.020027 0.246243 -1.210994
1757580034.796817 -1.406310 -0.044061 0.387007 -1.267071 -1.417754 0.019646 0.247768 -1.210994
1757580034.798758 -1.406310 -0.044442 0.388914 -1.266689 -1.417754 0.019646 0.249294 -1.210994
1757580034.800753 -1.405928 -0.044442 0.390440 -1.266689 -1.417373 0.019264 0.250439 -1.210612
1757580034.802771 -1.405546 -0.044442 0.391966 -1.266689 -1.417373 0.018883 0.251965 -1.210612
1757580034.804768 -1.405165 -0.044442 0.393492 -1.266689 -1.417373 0.018501 0.253490 -1.210612
1757580034.806754 -1.404783 -0.044442 0.395018 -1.266689 -1.417373 0.018501 0.254635 -1.210612
1757580034.808759 -1.404402 -0.044824 0.396544 -1.266689 -1.417373 0.018120 0.256161 -1.210612
1757580034.810757 -1.404402 -0.044824 0.398069 -1.266689 -1.417373 0.018120 0.257305 -1.210231
1757580034.812768 -1.404020 -0.044824 0.399214 -1.266689 -1.417373 0.017738 0.258450 -1.210231
1757580034.814760 -1.403639 -0.044824 0.400740 -1.266689 -1.417373 0.017357 0.259594 -1.210231
1757580034.816760 -1.403257 -0.045205 0.401884 -1.266689 -1.416991 0.017357 0.260738 -1.210231
1757580034.818754 -1.403257 -0.045205 0.403410 -1.266689 -1.416991 0.016975 0.261883 -1.209849
1757580034.820767 -1.402876 -0.045205 0.404554 -1.266689 -1.416991 0.016975 0.263027 -1.209849
1757580034.822753 -1.402494 -0.045205 0.405699 -1.266689 -1.416991 0.016594 0.263790 -1.209849
1757580034.824769 -1.402494 -0.045205 0.406844 -1.266689 -1.416991 0.016594 0.264935 -1.209849
1757580034.826771 -1.402113 -0.045587 0.407989 -1.266689 -1.416991 0.016212 0.266079 -1.209849
1757580034.828766 -1.401731 -0.045587 0.409133 -1.266689 -1.416610 0.016212 0.266842 -1.209468
1757580034.830762 -1.401731 -0.045587 0.410277 -1.266689 -1.416610 0.015831 0.267605 -1.209468
1757580034.832765 -1.401350 -0.045587 0.411422 -1.266689 -1.416610 0.015831 0.268749 -1.209468
1757580034.834754 -1.400969 -0.045587 0.412566 -1.266689 -1.416610 0.015831 0.269512 -1.209468
1757580034.836767 -1.400969 -0.045968 0.413329 -1.266689 -1.416610 0.015450 0.270275 -1.209086
1757580034.838754 -1.400587 -0.045968 0.414474 -1.266689 -1.416610 0.015450 0.271038 -1.209086
1757580034.840756 -1.400587 -0.045968 0.415236 -1.266689 -1.416228 0.015068 0.272182 -1.209086
1757580034.842767 -1.400206 -0.045968 0.415999 -1.266689 -1.416228 0.015068 0.272945 -1.209086
1757580034.844769 -1.400206 -0.045968 0.417144 -1.266689 -1.416228 0.015068 0.273708 -1.209086
1757580034.846755 -1.400206 -0.045968 0.417907 -1.266689 -1.416228 0.014687 0.274471 -1.208705
1757580034.848759 -1.399824 -0.046350 0.418670 -1.266689 -1.416228 0.014687 0.274853 -1.208705
1757580034.850753 -1.399824 -0.046350 0.419433 -1.266689 -1.415847 0.014687 0.275616 -1.208705
1757580034.852770 -1.399443 -0.046350 0.420196 -1.266689 -1.415847 0.014687 0.276379 -1.208323
1757580034.854760 -1.399443 -0.046350 0.420959 -1.266689 -1.415847 0.014305 0.277142 -1.208323
1757580034.856791 -1.399443 -0.046350 0.421721 -1.266689 -1.415847 0.014305 0.277523 -1.208323
1757580034.858759 -1.399061 -0.046350 0.422103 -1.266689 -1.415847 0.014305 0.278286 -1.208323
1757580034.860811 -1.399061 -0.046731 0.422866 -1.266689 -1.415465 0.014305 0.279049 -1.207942
1757580034.862772 -1.399061 -0.046731 0.423629 -1.266689 -1.415465 0.013924 0.279430 -1.207942
1757580034.864814 -1.399061 -0.046731 0.424010 -1.266689 -1.415465 0.013924 0.279812 -1.207942
1757580034.866765 -1.399061 -0.046731 0.424773 -1.266689 -1.415465 0.013924 0.280575 -1.207942
1757580034.868767 -1.398680 -0.046731 0.425155 -1.266689 -1.415465 0.013542 0.280956 -1.207561
1757580034.870752 -1.398680 -0.046731 0.425536 -1.266689 -1.415084 0.013542 0.281339 -1.207561
1757580034.872770 -1.398680 -0.046731 0.426299 -1.266689 -1.415084 0.013542 0.282102 -1.207561
1757580034.874752 -1.398680 -0.047112 0.426681 -1.266689 -1.415084 0.013161 0.282483 -1.207179
1757580034.876770 -1.398680 -0.047112 0.427062 -1.266689 -1.415084 0.013161 0.282865 -1.207179
1757580034.878752 -1.398680 -0.047112 0.427444 -1.266689 -1.415084 0.013161 0.283246 -1.206798
1757580034.880759 -1.398298 -0.047112 0.427444 -1.266689 -1.414702 0.012779 0.283628 -1.206798
1757580034.882751 -1.398298 -0.047112 0.427825 -1.266689 -1.414702 0.012779 0.284009 -1.206798
1757580034.884751 -1.398298 -0.047112 0.428206 -1.266689 -1.414702 0.012398 0.284009 -1.206416
1757580034.886752 -1.398298 -0.047112 0.428206 -1.266689 -1.414702 0.012398 0.284390 -1.206416
1757580034.888792 -1.398298 -0.047112 0.428588 -1.266689 -1.414702 0.012398 0.284772 -1.206416
1757580034.890757 -1.398298 -0.047112 0.428588 -1.266689 -1.414702 0.012016 0.285153 -1.206035
1757580034.892776 -1.398298 -0.047112 0.428588 -1.266689 -1.414321 0.012016 0.285153 -1.206035
1757580034.894751 -1.398298 -0.047112 0.428588 -1.266689 -1.414321 0.011635 0.285535 -1.206035
1757580034.896750 -1.398298 -0.047112 0.428969 -1.266689 -1.414321 0.011635 0.285535 -1.205653
1757580034.898752 -1.398298 -0.047112 0.428969 -1.266689 -1.414321 0.011253 0.285535 -1.205653
1757580034.900750 -1.397917 -0.047112 0.428969 -1.266689 -1.414321 0.011253 0.285916 -1.205653
1757580034.902749 -1.397917 -0.047112 0.428969 -1.266689 -1.414321 0.010872 0.285916 -1.205272
1757580034.904750 -1.397917 -0.047112 0.428969 -1.266689 -1.414321 0.010872 0.285916 -1.205272
1757580034.906756 -1.397917 -0.047112 0.428969 -1.266689 -1.414321 0.010490 0.285916 -1.205272
1757580034.908749 -1.397917 -0.047112 0.428969 -1.266689 -1.413939 0.010490 0.285916 -1.205272
1757580034.910752 -1.398298 -0.047494 0.428969 -1.266689 -1.413939 0.010490 0.285916 -1.204890
1757580034.912748 -1.398298 -0.047494 0.428969 -1.266689 -1.413939 0.010109 0.285916 -1.204890
1757580034.914752 -1.398298 -0.047494 0.428969 -1.266689 -1.413939 0.010109 0.285916 -1.204890
1757580034.916746 -1.398298 -0.047494 0.428969 -1.266689 -1.413939 0.009727 0.285916 -1.204890
1757580034.918801 -1.398298 -0.047494 0.428588 -1.266689 -1.413939 0.009727 0.285916 -1.204509
1757580034.920760 -1.398298 -0.047494 0.428588 -1.266689 -1.413939 0.009346 0.285916 -1.204509
1757580034.922764 -1.398298 -0.047494 0.428588 -1.266689 -1.413939 0.009346 0.285916 -1.204509
1757580034.924752 -1.398298 -0.047494 0.428588 -1.266689 -1.413939 0.008965 0.285916 -1.204127
1757580034.926752 -1.398298 -0.047494 0.428588 -1.266689 -1.413939 0.008965 0.285535 -1.204127
1757580034.928749 -1.398298 -0.047494 0.428588 -1.266689 -1.413939 0.008583 0.285535 -1.204127
1757580034.930799 -1.398298 -0.047494 0.428588 -1.266689 -1.414321 0.008583 0.285535 -1.203746
1757580034.932775 -1.398298 -0.047494 0.428588 -1.266689 -1.414321 0.008202 0.285535 -1.203746
1757580034.934752 -1.398298 -0.047494 0.428206 -1.266689 -1.414321 0.007820 0.285153 -1.203746
1757580034.936748 -1.398298 -0.047494 0.428206 -1.266689 -1.414321 0.007820 0.285153 -1.203746
1757580034.938751 -1.398298 -0.047494 0.428206 -1.266689 -1.414321 0.007439 0.285153 -1.203364
1757580034.940749 -1.398298 -0.047494 0.428206 -1.266689 -1.414321 0.007439 0.284772 -1.203364
1757580034.942756 -1.398298 -0.047494 0.427825 -1.266689 -1.414321 0.007057 0.284772 -1.203364
1757580034.944748 -1.398298 -0.047494 0.427825 -1.266689 -1.414321 0.007057 0.284390 -1.203364
1757580034.946750 -1.398298 -0.047494 0.427825 -1.266689 -1.414321 0.006676 0.284390 -1.202983
1757580034.948750 -1.398298 -0.047494 0.427825 -1.266689 -1.414321 0.006676 0.284390 -1.202983
1757580034.950778 -1.398298 -0.047494 0.427825 -1.266689 -1.414321 0.006294 0.284009 -1.202983
1757580034.952751 -1.398298 -0.047494 0.427444 -1.266689 -1.414702 0.006294 0.284009 -1.202601
1757580034.954761 -1.398298 -0.047494 0.427444 -1.266689 -1.414702 0.005913 0.284009 -1.202601
1757580034.956749 -1.398680 -0.047494 0.427444 -1.266689 -1.414702 0.005913 0.284009 -1.202601
1757580034.958752 -1.398680 -0.047494 0.427444 -1.267071 -1.414702 0.005913 0.283628 -1.202220
1757580034.960749 -1.398680 -0.047494 0.427062 -1.267071 -1.414702 0.005913 0.283628 -1.202220
1757580034.962751 -1.398680 -0.047494 0.427062 -1.267071 -1.414702 0.005531 0.283628 -1.201838
1757580034.964747 -1.398680 -0.047494 0.426681 -1.267071 -1.414321 0.005531 0.283246 -1.201838
1757580034.966747 -1.398680 -0.047494 0.426681 -1.267071 -1.414321 0.005531 0.283246 -1.201457
1757580034.968746 -1.398680 -0.047494 0.426299 -1.267071 -1.414321 0.005531 0.283246 -1.201076
1757580034.970749 -1.398680 -0.047494 0.426299 -1.267071 -1.414321 0.005531 0.282865 -1.201076
1757580034.972748 -1.399061 -0.047494 0.425918 -1.267071 -1.414321 0.005150 0.282865 -1.200694
1757580034.974751 -1.399061 -0.047494 0.425918 -1.267071 -1.414321 0.005150 0.282865 -1.200313
1757580034.976749 -1.399061 -0.047494 0.425536 -1.267452 -1.414321 0.005150 0.282483 -1.200313
1757580034.978751 -1.399443 -0.047494 0.425155 -1.267452 -1.414321 0.005150 0.282483 -1.199931
1757580034.980778 -1.399443 -0.047494 0.424773 -1.267452 -1.414321 0.005150 0.282483 -1.199550
1757580034.982756 -1.399443 -0.047494 0.424773 -1.267452 -1.414321 0.005150 0.282102 -1.199168
1757580034.984765 -1.399443 -0.047494 0.424392 -1.267452 -1.414321 0.004768 0.282102 -1.199168
1757580034.986752 -1.399824 -0.047494 0.424010 -1.267452 -1.414321 0.004768 0.281720 -1.198787
1757580034.988747 -1.399824 -0.047494 0.423629 -1.267452 -1.413939 0.004768 0.281720 -1.198405
1757580034.990749 -1.399824 -0.047494 0.423247 -1.267834 -1.413939 0.004768 0.281339 -1.198024
1757580034.992747 -1.399824 -0.047494 0.422484 -1.267834 -1.413939 0.004768 0.280956 -1.197642
1757580034.994750 -1.399824 -0.047494 0.422103 -1.267834 -1.413939 0.004387 0.280956 -1.197261
1757580034.996744 -1.400206 -0.047112 0.421340 -1.267834 -1.413939 0.004387 0.280575 -1.196879
1757580034.998749 -1.400206 -0.047112 0.420959 -1.267834 -1.413939 0.004387 0.280193 -1.196498
1757580035.000747 -1.400206 -0.047112 0.420577 -1.268215 -1.413939 0.004387 0.279812 -1.196116
1757580035.002749 -1.400206 -0.047112 0.419814 -1.268215 -1.413939 0.004387 0.279430 -1.195735
1757580035.004766 -1.400587 -0.047112 0.419433 -1.268215 -1.413939 0.004005 0.279049 -1.195354
1757580035.006751 -1.400587 -0.047112 0.418670 -1.268215 -1.413939 0.004005 0.278286 -1.194972
1757580035.008764 -1.400587 -0.047112 0.418288 -1.268215 -1.413939 0.004005 0.277905 -1.194972
1757580035.010749 -1.400587 -0.047112 0.417525 -1.268597 -1.413939 0.004005 0.277523 -1.194591
1757580035.012774 -1.400969 -0.047112 0.417144 -1.268597 -1.413939 0.004005 0.277142 -1.194209
1757580035.014751 -1.400969 -0.047112 0.416381 -1.268597 -1.413939 0.004005 0.276379 -1.193828
1757580035.016766 -1.400969 -0.047112 0.415618 -1.268597 -1.414321 0.003624 0.275616 -1.193446
1757580035.018767 -1.400969 -0.047112 0.415236 -1.268597 -1.414321 0.003624 0.275234 -1.193446
1757580035.020749 -1.401350 -0.047112 0.414474 -1.268978 -1.414321 0.003624 0.274471 -1.193065
1757580035.022776 -1.401350 -0.047112 0.413711 -1.268978 -1.414321 0.003624 0.273708 -1.192683
1757580035.024748 -1.401350 -0.047112 0.413329 -1.268978 -1.414321 0.003624 0.272945 -1.192683
1757580035.026766 -1.401350 -0.047112 0.412566 -1.268978 -1.414321 0.003242 0.272182 -1.192302
1757580035.028745 -1.401350 -0.047112 0.411803 -1.268978 -1.414321 0.003242 0.271420 -1.192302
1757580035.030772 -1.401731 -0.047112 0.411422 -1.269360 -1.414321 0.003242 0.270657 -1.192302
1757580035.032748 -1.401731 -0.047112 0.410659 -1.269360 -1.414321 0.003242 0.269512 -1.191920
1757580035.034770 -1.401731 -0.047112 0.409896 -1.269360 -1.414321 0.002861 0.268749 -1.191920
1757580035.036750 -1.401731 -0.047112 0.409133 -1.269360 -1.414321 0.002861 0.267986 -1.191920
1757580035.038775 -1.402113 -0.047112 0.408370 -1.269360 -1.414321 0.002861 0.267223 -1.191920
1757580035.040747 -1.402113 -0.047112 0.407989 -1.269741 -1.414321 0.002861 0.266460 -1.191920
1757580035.042805 -1.402113 -0.047112 0.407226 -1.269741 -1.414321 0.002480 0.265316 -1.191539
1757580035.044754 -1.402113 -0.047112 0.406463 -1.269741 -1.414321 0.002480 0.264553 -1.191539
1757580035.046777 -1.402113 -0.047112 0.405699 -1.269741 -1.414321 0.002480 0.263790 -1.191539
1757580035.048759 -1.402494 -0.047112 0.404936 -1.269741 -1.414321 0.002480 0.262646 -1.191539
1757580035.050772 -1.402494 -0.047112 0.403791 -1.270123 -1.414321 0.002480 0.261883 -1.191157
1757580035.052753 -1.402494 -0.047112 0.403028 -1.270123 -1.414321 0.002098 0.261120 -1.191157
1757580035.054770 -1.402494 -0.047112 0.402266 -1.270123 -1.413939 0.002098 0.259975 -1.191157
1757580035.056769 -1.402876 -0.047112 0.401503 -1.270123 -1.413939 0.002098 0.259212 -1.191157
1757580035.058753 -1.402876 -0.047112 0.400740 -1.270123 -1.413939 0.002098 0.258068 -1.191157
1757580035.060764 -1.402876 -0.047112 0.399595 -1.270504 -1.413939 0.002098 0.256924 -1.190776
1757580035.062771 -1.402876 -0.047112 0.398832 -1.270504 -1.413939 0.001717 0.256161 -1.190776
1757580035.064764 -1.403257 -0.047112 0.397688 -1.270504 -1.413939 0.001717 0.255016 -1.190776
1757580035.066753 -1.403257 -0.047112 0.396925 -1.270504 -1.413939 0.001717 0.253872 -1.190776
1757580035.068762 -1.403257 -0.047112 0.395781 -1.270885 -1.413939 0.001717 0.253109 -1.190776
1757580035.070770 -1.403257 -0.047112 0.395018 -1.270885 -1.413939 0.001717 0.251965 -1.190394
1757580035.072762 -1.403639 -0.046731 0.393873 -1.270885 -1.413939 0.001335 0.250820 -1.190394
1757580035.074775 -1.403639 -0.046731 0.392729 -1.270885 -1.413939 0.001335 0.249676 -1.190394
1757580035.076767 -1.404020 -0.046731 0.391966 -1.271267 -1.413939 0.001335 0.248531 -1.190394
1757580035.078805 -1.404020 -0.046731 0.390821 -1.271267 -1.413939 0.001335 0.247387 -1.190013
1757580035.080772 -1.404020 -0.046731 0.389677 -1.271267 -1.413939 0.001335 0.246243 -1.190013
1757580035.082754 -1.404402 -0.046731 0.388533 -1.271648 -1.413558 0.000954 0.245098 -1.190013
1757580035.084746 -1.404402 -0.046350 0.387388 -1.271648 -1.413558 0.000954 0.243954 -1.189631
1757580035.086800 -1.404783 -0.046350 0.386625 -1.271648 -1.413558 0.000954 0.242809 -1.189631
1757580035.088753 -1.404783 -0.046350 0.385481 -1.272030 -1.413939 0.000954 0.241665 -1.189631
1757580035.090841 -1.404783 -0.046350 0.384336 -1.272030 -1.413939 0.000954 0.240520 -1.189250
1757580035.092750 -1.405165 -0.046350 0.383574 -1.272030 -1.413939 0.000954 0.238995 -1.189250
1757580035.094768 -1.405165 -0.046350 0.382429 -1.272411 -1.413939 0.000572 0.237850 -1.189250
1757580035.096754 -1.405165 -0.045968 0.381285 -1.272411 -1.413939 0.000572 0.236706 -1.188869
1757580035.098823 -1.405546 -0.045968 0.380140 -1.272411 -1.413939 0.000572 0.235180 -1.188869
1757580035.100755 -1.405546 -0.045968 0.379377 -1.272793 -1.413939 0.000572 0.234035 -1.188869
1757580035.102782 -1.405928 -0.045968 0.378233 -1.272793 -1.413939 0.000572 0.232510 -1.188869
1757580035.104755 -1.405928 -0.045968 0.377089 -1.272793 -1.413939 0.000572 0.230984 -1.188869
1757580035.106887 -1.405928 -0.045968 0.375944 -1.273174 -1.413939 0.000572 0.229839 -1.188487
1757580035.108771 -1.405928 -0.045587 0.374800 -1.273174 -1.413939 0.000572 0.228313 -1.188487
1757580035.110765 -1.406310 -0.045587 0.373655 -1.273174 -1.413939 0.000191 0.226788 -1.188487
1757580035.112753 -1.406310 -0.045587 0.372511 -1.273174 -1.413939 0.000191 0.225262 -1.188487
1757580035.114785 -1.406310 -0.045587 0.371367 -1.273556 -1.414321 0.000191 0.224117 -1.188106
1757580035.116755 -1.406692 -0.045587 0.370222 -1.273556 -1.414321 0.000191 0.222591 -1.188106
1757580035.118745 -1.406692 -0.045587 0.369078 -1.273556 -1.414321 0.000191 0.221066 -1.188106
1757580035.120750 -1.406692 -0.045587 0.367933 -1.273556 -1.414321 0.000191 0.219540 -1.188106
1757580035.122746 -1.407073 -0.045205 0.366789 -1.273937 -1.414321 0.000191 0.218013 -1.187724
1757580035.124752 -1.407073 -0.045205 0.365644 -1.273937 -1.414321 0.000191 0.216487 -1.187724
1757580035.126751 -1.407073 -0.045205 0.364500 -1.273937 -1.414321 -0.000191 0.214580 -1.187724
1757580035.128750 -1.407454 -0.045205 0.362974 -1.273937 -1.414321 -0.000191 0.213054 -1.187724
1757580035.130754 -1.407454 -0.045205 0.361830 -1.273937 -1.414702 -0.000191 0.211528 -1.187724
1757580035.132753 -1.407454 -0.045205 0.360685 -1.274319 -1.414702 -0.000191 0.210002 -1.187343
1757580035.134748 -1.407836 -0.045205 0.359159 -1.274319 -1.414702 -0.000191 0.208476 -1.187343
1757580035.136791 -1.407836 -0.045205 0.358015 -1.274319 -1.414702 -0.000191 0.206950 -1.187343
1757580035.138755 -1.407836 -0.045205 0.356489 -1.274319 -1.414702 -0.000191 0.205043 -1.187343
1757580035.140751 -1.408217 -0.044824 0.354963 -1.274700 -1.414702 -0.000191 0.203517 -1.186961
1757580035.142795 -1.408217 -0.044824 0.353819 -1.274700 -1.414702 -0.000191 0.201991 -1.186961
1757580035.144752 -1.408217 -0.044824 0.352293 -1.274700 -1.414702 -0.000191 0.200465 -1.186961
1757580035.146750 -1.408217 -0.044824 0.350767 -1.274700 -1.414702 -0.000191 0.198558 -1.186961
1757580035.148752 -1.408599 -0.044824 0.349623 -1.274700 -1.415084 -0.000191 0.197032 -1.186580
1757580035.150746 -1.408599 -0.044824 0.348097 -1.275082 -1.415084 -0.000191 0.195506 -1.186580
1757580035.152751 -1.408599 -0.044824 0.346571 -1.275082 -1.415084 -0.000191 0.193599 -1.186580
1757580035.154790 -1.408980 -0.044824 0.345045 -1.275082 -1.415084 -0.000191 0.192073 -1.186580
1757580035.156776 -1.408980 -0.044824 0.343518 -1.275082 -1.415084 -0.000191 0.190547 -1.186198
1757580035.158746 -1.408980 -0.044824 0.341992 -1.275463 -1.415084 -0.000191 0.188640 -1.186198
1757580035.160748 -1.408980 -0.044442 0.340466 -1.275463 -1.415084 -0.000191 0.187114 -1.186198
1757580035.162746 -1.409362 -0.044442 0.338941 -1.275463 -1.415084 -0.000191 0.185206 -1.186198
1757580035.164751 -1.409362 -0.044442 0.337415 -1.275463 -1.414702 -0.000191 0.183681 -1.186198
1757580035.166764 -1.409362 -0.044442 0.335889 -1.275845 -1.414702 -0.000191 0.181773 -1.185817
1757580035.168763 -1.409362 -0.044442 0.334363 -1.275845 -1.414702 -0.000191 0.180247 -1.185817
1757580035.170756 -1.409743 -0.044442 0.332837 -1.275845 -1.414702 -0.000191 0.178340 -1.185817
1757580035.172802 -1.409743 -0.044442 0.330930 -1.275845 -1.414702 -0.000191 0.176814 -1.185817
1757580035.174747 -1.409743 -0.044442 0.329404 -1.275845 -1.414702 -0.000191 0.174907 -1.185435
1757580035.176745 -1.409743 -0.044061 0.327878 -1.276226 -1.414702 -0.000191 0.173381 -1.185435
1757580035.178745 -1.410125 -0.044061 0.326352 -1.276226 -1.414702 -0.000191 0.171474 -1.185435
1757580035.180754 -1.410125 -0.044061 0.324826 -1.276226 -1.414702 -0.000191 0.169948 -1.185435
1757580035.182748 -1.410125 -0.044061 0.323300 -1.276226 -1.414702 -0.000191 0.168040 -1.185054
1757580035.184752 -1.410125 -0.044061 0.321393 -1.276608 -1.414702 -0.000191 0.166133 -1.185054
1757580035.186747 -1.410506 -0.044061 0.319867 -1.276608 -1.414702 -0.000191 0.164226 -1.185054
1757580035.188745 -1.410506 -0.044061 0.318341 -1.276608 -1.414702 -0.000191 0.162700 -1.184672
1757580035.190749 -1.410506 -0.044061 0.316815 -1.276608 -1.414702 -0.000191 0.160792 -1.184672
1757580035.192762 -1.410506 -0.043679 0.314908 -1.276989 -1.414702 -0.000191 0.158885 -1.184672
1757580035.194749 -1.410506 -0.043679 0.313382 -1.276989 -1.414702 -0.000191 0.156978 -1.184291
1757580035.196752 -1.410888 -0.043679 0.311856 -1.276989 -1.414702 -0.000191 0.155069 -1.184291
1757580035.198798 -1.410888 -0.043679 0.309949 -1.276989 -1.414702 -0.000191 0.153162 -1.184291
1757580035.200767 -1.410888 -0.043679 0.308423 -1.277370 -1.414702 -0.000191 0.151255 -1.184291
1757580035.202751 -1.410888 -0.043679 0.306897 -1.277370 -1.414702 -0.000191 0.149347 -1.183909
1757580035.204770 -1.410888 -0.043679 0.304990 -1.277370 -1.414702 -0.000191 0.147440 -1.183909
1757580035.206750 -1.411269 -0.043679 0.303464 -1.277752 -1.414321 -0.000191 0.145533 -1.183909
1757580035.208763 -1.411269 -0.043298 0.301557 -1.277752 -1.414321 -0.000191 0.143625 -1.183528
1757580035.210753 -1.411269 -0.043298 0.300031 -1.277752 -1.414321 0.000191 0.141718 -1.183528
1757580035.212754 -1.411269 -0.043298 0.298123 -1.277752 -1.414321 0.000191 0.139429 -1.183528
1757580035.214750 -1.411651 -0.043298 0.296216 -1.278133 -1.414321 0.000191 0.137522 -1.183146
1757580035.216765 -1.411651 -0.043298 0.294690 -1.278133 -1.414321 0.000191 0.135614 -1.183146
1757580035.218747 -1.411651 -0.043298 0.292783 -1.278133 -1.414321 0.000191 0.133326 -1.183146
1757580035.220752 -1.411651 -0.043298 0.290875 -1.278515 -1.414321 0.000191 0.131418 -1.182765
1757580035.222746 -1.411651 -0.042916 0.288968 -1.278515 -1.414321 0.000191 0.129511 -1.182765
1757580035.224764 -1.412032 -0.042916 0.287061 -1.278515 -1.414321 0.000191 0.127222 -1.182384
1757580035.226746 -1.412032 -0.042916 0.285153 -1.278896 -1.414321 0.000191 0.125315 -1.182384
1757580035.228755 -1.412032 -0.042916 0.283246 -1.278896 -1.414321 0.000191 0.123026 -1.182002
1757580035.230771 -1.412032 -0.042916 0.281339 -1.278896 -1.414321 0.000191 0.120737 -1.182002
1757580035.232827 -1.412414 -0.042916 0.279430 -1.279278 -1.414321 0.000191 0.118830 -1.182002
1757580035.234753 -1.412414 -0.042916 0.277523 -1.279278 -1.414321 0.000191 0.116541 -1.181621
1757580035.236753 -1.412414 -0.042916 0.275234 -1.279278 -1.414321 0.000191 0.114252 -1.181621
1757580035.238748 -1.412414 -0.042535 0.273327 -1.279659 -1.414321 0.000191 0.112345 -1.181621
1757580035.240765 -1.412414 -0.042535 0.271038 -1.279659 -1.414321 0.000191 0.110056 -1.181239
1757580035.242751 -1.412795 -0.042535 0.269131 -1.279659 -1.414321 0.000572 0.107767 -1.181239
1757580035.244750 -1.412795 -0.042535 0.266842 -1.279659 -1.414321 0.000572 0.105478 -1.181239
1757580035.246744 -1.412795 -0.042535 0.264935 -1.280041 -1.414321 0.000572 0.103571 -1.181239
1757580035.248765 -1.412795 -0.042535 0.262646 -1.280041 -1.414321 0.000572 0.101282 -1.181239
1757580035.250747 -1.413177 -0.042535 0.260738 -1.280041 -1.414321 0.000572 0.098993 -1.180858
1757580035.252784 -1.413177 -0.042535 0.258450 -1.280041 -1.414321 0.000572 0.096704 -1.180858
1757580035.254746 -1.413177 -0.042535 0.256161 -1.280422 -1.414321 0.000572 0.094416 -1.180858
1757580035.256745 -1.413177 -0.042535 0.253872 -1.280422 -1.414321 0.000572 0.092126 -1.180858
1757580035.258751 -1.413177 -0.042535 0.251965 -1.280422 -1.414321 0.000572 0.089837 -1.180476
1757580035.260877 -1.413558 -0.042535 0.249676 -1.280804 -1.414321 0.000572 0.087930 -1.180476
1757580035.262842 -1.413558 -0.042535 0.247387 -1.280804 -1.414702 0.000954 0.085641 -1.180476
1757580035.264841 -1.413558 -0.042535 0.245098 -1.280804 -1.414702 0.000954 0.083352 -1.180476
1757580035.266840 -1.413558 -0.042535 0.243191 -1.280804 -1.414702 0.000954 0.081063 -1.180476
1757580035.268867 -1.413558 -0.042535 0.240902 -1.281185 -1.414702 0.000954 0.078774 -1.180476
1757580035.270771 -1.413558 -0.042535 0.238613 -1.281185 -1.414702 0.000954 0.076486 -1.180095
1757580035.272766 -1.413939 -0.042535 0.236324 -1.281185 -1.414702 0.000954 0.074578 -1.180095
1757580035.274762 -1.413939 -0.042535 0.234035 -1.281185 -1.414702 0.000954 0.072289 -1.180095
1757580035.276904 -1.413939 -0.042535 0.232128 -1.281568 -1.414702 0.001335 0.070001 -1.180095
1757580035.278754 -1.413939 -0.042535 0.229839 -1.281568 -1.414702 0.001335 0.067712 -1.180095
1757580035.280749 -1.413939 -0.042535 0.227551 -1.281568 -1.414702 0.001335 0.065423 -1.180095
1757580035.282747 -1.413939 -0.042535 0.225643 -1.281949 -1.414702 0.001335 0.063516 -1.179713
1757580035.284787 -1.413939 -0.042535 0.223354 -1.281949 -1.414702 0.001335 0.061227 -1.179713
1757580035.286754 -1.414321 -0.042535 0.221066 -1.281949 -1.414702 0.001335 0.058938 -1.179713
1757580035.288817 -1.414321 -0.042535 0.218777 -1.281949 -1.415084 0.001717 0.056649 -1.179713
1757580035.290771 -1.414321 -0.042535 0.216487 -1.282331 -1.415084 0.001717 0.054742 -1.179713
1757580035.292785 -1.414321 -0.042535 0.214580 -1.282331 -1.415084 0.001717 0.052453 -1.179713
1757580035.294753 -1.414321 -0.042535 0.212291 -1.282331 -1.415084 0.001717 0.050164 -1.179332
1757580035.296761 -1.414321 -0.042535 0.210002 -1.282331 -1.415084 0.002098 0.047875 -1.179332
1757580035.298758 -1.414321 -0.042535 0.207713 -1.282712 -1.415084 0.002098 0.045587 -1.179332
1757580035.300745 -1.414321 -0.042535 0.205424 -1.282712 -1.415084 0.002098 0.043679 -1.179332
1757580035.302752 -1.414321 -0.042535 0.202754 -1.282712 -1.415084 0.002098 0.041390 -1.179332
1757580035.304742 -1.414321 -0.042535 0.200465 -1.282712 -1.415084 0.002480 0.039102 -1.178950
1757580035.306750 -1.414321 -0.042535 0.198176 -1.283093 -1.415084 0.002480 0.036813 -1.178950
1757580035.308744 -1.414321 -0.042535 0.195888 -1.283093 -1.415084 0.002480 0.034524 -1.178950
1757580035.310747 -1.414321 -0.042535 0.193217 -1.283093 -1.415084 0.002861 0.032235 -1.178950
1757580035.312750 -1.414321 -0.042535 0.190928 -1.283093 -1.415084 0.002861 0.030327 -1.178950
1757580035.314746 -1.414321 -0.042535 0.188640 -1.283093 -1.415084 0.003242 0.028038 -1.178950
1757580035.316742 -1.414321 -0.042916 0.185969 -1.283475 -1.415084 0.003242 0.025749 -1.178569
1757580035.318750 -1.414321 -0.042916 0.183681 -1.283475 -1.415084 0.003242 0.023460 -1.178569
1757580035.320742 -1.414321 -0.042916 0.181010 -1.283475 -1.415084 0.003624 0.021172 -1.178569
1757580035.322802 -1.414321 -0.042916 0.178721 -1.283475 -1.415084 0.003624 0.018883 -1.178569
1757580035.324749 -1.414321 -0.042916 0.176051 -1.283475 -1.415084 0.004005 0.016212 -1.178187
1757580035.326792 -1.414702 -0.042916 0.173762 -1.283856 -1.415084 0.004005 0.014305 -1.178187
1757580035.328770 -1.414702 -0.042916 0.171092 -1.283856 -1.415084 0.004387 0.012016 -1.178187
1757580035.330770 -1.414702 -0.042916 0.168422 -1.283856 -1.415084 0.004387 0.009727 -1.178187
1757580035.332752 -1.414702 -0.042916 0.166133 -1.283856 -1.415084 0.004387 0.007439 -1.177806
1757580035.334754 -1.414702 -0.042916 0.163463 -1.283856 -1.415084 0.004768 0.004768 -1.177806
1757580035.336745 -1.414702 -0.043298 0.161174 -1.284238 -1.415084 0.004768 0.002861 -1.177806
1757580035.338746 -1.414702 -0.043298 0.158504 -1.284238 -1.415084 0.005150 0.000572 -1.177806
1757580035.340742 -1.414702 -0.043298 0.156214 -1.284238 -1.414702 0.005150 -0.001717 -1.177424
1757580035.342748 -1.414702 -0.043298 0.153543 -1.284238 -1.414702 0.005531 -0.004005 -1.177424
1757580035.344744 -1.414702 -0.043298 0.150873 -1.284619 -1.414702 0.005531 -0.006294 -1.177424
1757580035.346748 -1.414702 -0.043298 0.148584 -1.284619 -1.414702 0.005913 -0.008202 -1.177424
1757580035.348740 -1.414702 -0.043298 0.145914 -1.284619 -1.414702 0.005913 -0.010490 -1.177043
1757580035.350748 -1.414702 -0.043298 0.143625 -1.284619 -1.414702 0.006294 -0.012779 -1.177043
1757580035.352742 -1.414702 -0.043679 0.140955 -1.284619 -1.414702 0.006294 -0.014687 -1.177043
1757580035.354768 -1.414702 -0.043679 0.138666 -1.285001 -1.414702 0.006294 -0.016594 -1.177043
1757580035.356754 -1.414702 -0.043679 0.135996 -1.285001 -1.414321 0.006676 -0.018883 -1.176661
1757580035.358771 -1.414702 -0.043679 0.133326 -1.285001 -1.414321 0.006676 -0.020790 -1.176661
1757580035.360759 -1.414702 -0.043679 0.131037 -1.285001 -1.414321 0.007057 -0.022697 -1.176661
1757580035.362766 -1.414702 -0.043679 0.128366 -1.285001 -1.414321 0.007057 -0.024605 -1.176661
1757580035.364756 -1.414702 -0.043679 0.126078 -1.285382 -1.414321 0.007439 -0.026512 -1.176280
1757580035.366752 -1.414702 -0.043679 0.123407 -1.285382 -1.413939 0.007439 -0.028801 -1.176280
1757580035.368764 -1.414702 -0.044061 0.121119 -1.285382 -1.413939 0.007820 -0.030708 -1.176280
1757580035.370762 -1.414702 -0.044061 0.118448 -1.285382 -1.413939 0.007820 -0.032617 -1.175899
1757580035.372754 -1.414702 -0.044061 0.116159 -1.285382 -1.413558 0.008202 -0.034524 -1.175899
1757580035.374753 -1.414702 -0.044061 0.113489 -1.285764 -1.413558 0.008202 -0.036431 -1.175517
1757580035.376748 -1.414702 -0.044061 0.111200 -1.285764 -1.413558 0.008583 -0.038339 -1.175517
1757580035.378765 -1.414702 -0.044061 0.108912 -1.285764 -1.413558 0.008583 -0.040246 -1.175517
1757580035.380762 -1.414702 -0.044061 0.106241 -1.285764 -1.413177 0.008965 -0.042153 -1.175136
1757580035.382753 -1.414702 -0.044061 0.103952 -1.285764 -1.413177 0.009346 -0.044061 -1.174754
1757580035.384788 -1.414702 -0.044442 0.101282 -1.286145 -1.413177 0.009346 -0.045968 -1.174754
1757580035.386769 -1.414702 -0.044442 0.098993 -1.286145 -1.413177 0.009727 -0.048257 -1.174373
1757580035.388756 -1.414702 -0.044442 0.096704 -1.286145 -1.412795 0.010109 -0.050164 -1.174373
1757580035.390750 -1.414702 -0.044442 0.094416 -1.286145 -1.412795 0.010109 -0.052072 -1.173991
1757580035.392785 -1.414702 -0.044442 0.092126 -1.286145 -1.412795 0.010490 -0.054360 -1.173610
1757580035.394762 -1.414702 -0.044442 0.089837 -1.286145 -1.412795 0.010872 -0.056268 -1.173610
1757580035.396753 -1.414321 -0.044442 0.087548 -1.286145 -1.412414 0.011253 -0.058175 -1.173228
1757580035.398760 -1.414321 -0.044824 0.085259 -1.286145 -1.412414 0.011253 -0.060082 -1.173228
1757580035.400749 -1.414321 -0.044824 0.082971 -1.286527 -1.412414 0.011635 -0.061990 -1.172847
1757580035.402765 -1.414321 -0.044824 0.080682 -1.286527 -1.412414 0.012016 -0.064279 -1.172465
1757580035.404749 -1.414321 -0.044824 0.078393 -1.286527 -1.412032 0.012398 -0.066186 -1.172465
1757580035.406751 -1.414321 -0.044824 0.076104 -1.286527 -1.412032 0.012779 -0.068093 -1.172084
1757580035.408746 -1.414321 -0.044824 0.073815 -1.286527 -1.412032 0.013161 -0.070382 -1.171702
1757580035.410764 -1.413939 -0.045205 0.071527 -1.286527 -1.412032 0.013161 -0.072289 -1.171702
1757580035.412747 -1.413939 -0.045205 0.069238 -1.286527 -1.411651 0.013542 -0.074197 -1.171321
1757580035.415135 -1.413939 -0.045205 0.066949 -1.286527 -1.411651 0.013924 -0.076104 -1.171321
1757580035.416808 -1.413939 -0.045205 0.065042 -1.286527 -1.411651 0.014305 -0.078012 -1.170939
1757580035.418777 -1.413558 -0.045205 0.062753 -1.286527 -1.411651 0.014687 -0.079919 -1.170939
1757580035.420770 -1.413558 -0.045205 0.060464 -1.286527 -1.411651 0.015068 -0.081445 -1.170939
1757580035.422787 -1.413558 -0.045205 0.058175 -1.286908 -1.411269 0.015450 -0.083352 -1.170558
1757580035.424758 -1.413558 -0.045205 0.055886 -1.286908 -1.411269 0.015450 -0.085259 -1.170558
1757580035.426766 -1.413177 -0.045205 0.053979 -1.286908 -1.411269 0.015831 -0.086785 -1.170558
1757580035.428753 -1.413177 -0.045587 0.051690 -1.286908 -1.411269 0.016212 -0.088693 -1.170177
1757580035.430752 -1.413177 -0.045587 0.049401 -1.286908 -1.411269 0.016594 -0.090219 -1.170177
1757580035.432746 -1.413177 -0.045587 0.047112 -1.286908 -1.410888 0.016975 -0.091744 -1.170177
1757580035.434763 -1.413177 -0.045587 0.045205 -1.286908 -1.410888 0.017357 -0.093270 -1.169795
1757580035.436753 -1.413177 -0.045587 0.042916 -1.286908 -1.410888 0.017738 -0.094797 -1.169795
1757580035.438752 -1.412795 -0.045587 0.041009 -1.286908 -1.410888 0.018120 -0.096323 -1.169795
1757580035.440748 -1.412795 -0.045587 0.038720 -1.287290 -1.410506 0.018501 -0.097849 -1.169795
1757580035.442810 -1.412795 -0.045587 0.036813 -1.287290 -1.410506 0.018883 -0.099375 -1.169414
1757580035.444774 -1.412795 -0.045587 0.034524 -1.287290 -1.410506 0.019264 -0.100519 -1.169414
1757580035.446778 -1.412795 -0.045587 0.032617 -1.287290 -1.410506 0.019646 -0.102045 -1.169414
1757580035.448747 -1.412795 -0.045587 0.030708 -1.287290 -1.410506 0.019646 -0.103571 -1.169414
1757580035.450760 -1.412795 -0.045587 0.028801 -1.287290 -1.410125 0.020027 -0.104715 -1.169414
1757580035.452748 -1.412795 -0.045587 0.026512 -1.287290 -1.410125 0.020409 -0.106241 -1.169032
1757580035.454758 -1.412795 -0.045587 0.024605 -1.287290 -1.410125 0.020790 -0.107767 -1.169032
1757580035.456746 -1.412414 -0.045587 0.023079 -1.287290 -1.410125 0.021172 -0.109293 -1.169032
1757580035.458744 -1.412414 -0.045968 0.021172 -1.287290 -1.410125 0.021553 -0.110437 -1.169032
1757580035.460741 -1.412414 -0.045968 0.019264 -1.287290 -1.410125 0.021935 -0.111963 -1.168651
1757580035.462758 -1.412414 -0.045968 0.017357 -1.287290 -1.410125 0.022316 -0.113489 -1.168651
1757580035.464748 -1.412414 -0.045968 0.015450 -1.287290 -1.410125 0.022697 -0.115015 -1.168651
1757580035.466747 -1.412414 -0.045968 0.013542 -1.287290 -1.410125 0.023079 -0.116541 -1.168651
1757580035.468752 -1.412414 -0.045968 0.012016 -1.287290 -1.410125 0.023460 -0.118067 -1.168651
1757580035.470755 -1.412414 -0.045968 0.010109 -1.287290 -1.410125 0.023842 -0.119593 -1.168269
1757580035.472745 -1.412414 -0.045968 0.008583 -1.287290 -1.410125 0.024223 -0.121119 -1.168269
1757580035.474738 -1.412414 -0.045968 0.006676 -1.287290 -1.410125 0.024605 -0.122644 -1.168269
1757580035.476785 -1.412414 -0.046350 0.005150 -1.287290 -1.410125 0.024986 -0.124170 -1.168269
1757580035.478774 -1.412414 -0.046350 0.003624 -1.287671 -1.410125 0.025368 -0.125696 -1.168269
1757580035.480746 -1.412414 -0.046350 0.002098 -1.287671 -1.410125 0.025749 -0.127604 -1.168269
1757580035.482784 -1.412414 -0.046350 0.000191 -1.287671 -1.410125 0.026131 -0.129129 -1.167888
1757580035.484759 -1.412414 -0.046350 -0.001335 -1.287671 -1.410125 0.026131 -0.130655 -1.167888
1757580035.486833 -1.412414 -0.046350 -0.002480 -1.287671 -1.410125 0.026512 -0.132181 -1.167888
1757580035.488783 -1.412414 -0.046350 -0.004005 -1.287671 -1.410125 0.026894 -0.133707 -1.167888
1757580035.490777 -1.412414 -0.046350 -0.005531 -1.287671 -1.410506 0.027275 -0.135614 -1.167888
1757580035.492779 -1.412414 -0.046350 -0.006676 -1.287671 -1.410506 0.027657 -0.137140 -1.167888
1757580035.494839 -1.412032 -0.046350 -0.007820 -1.287671 -1.410506 0.028038 -0.138666 -1.167888
1757580035.496789 -1.412032 -0.046350 -0.008965 -1.287671 -1.410506 0.028419 -0.140192 -1.167506
1757580035.498796 -1.412032 -0.046350 -0.010490 -1.287671 -1.410506 0.028801 -0.141718 -1.167506
1757580035.500785 -1.412032 -0.046350 -0.011253 -1.287671 -1.410506 0.028801 -0.143244 -1.167506
1757580035.502874 -1.412032 -0.046350 -0.012398 -1.287671 -1.410506 0.029182 -0.144388 -1.167506
1757580035.504766 -1.412032 -0.046350 -0.013542 -1.287671 -1.410506 0.029564 -0.145914 -1.167506
1757580035.506804 -1.412032 -0.046350 -0.014305 -1.287671 -1.410506 0.029945 -0.147440 -1.167506
1757580035.508816 -1.412032 -0.046350 -0.015450 -1.287671 -1.410506 0.030327 -0.148584 -1.167506
1757580035.510879 -1.412032 -0.046350 -0.016212 -1.287671 -1.410506 0.030327 -0.150110 -1.167506
1757580035.512802 -1.412032 -0.046350 -0.016975 -1.287671 -1.410506 0.030708 -0.151255 -1.167506
1757580035.514782 -1.412032 -0.046350 -0.017738 -1.287671 -1.410506 0.031090 -0.152399 -1.167506
1757580035.516744 -1.412032 -0.046350 -0.018501 -1.287671 -1.410506 0.031472 -0.153543 -1.167506
1757580035.518767 -1.412032 -0.046350 -0.018883 -1.287671 -1.410506 0.031472 -0.154688 -1.167506
1757580035.520791 -1.412032 -0.046350 -0.019646 -1.287671 -1.410506 0.031854 -0.155832 -1.167888
1757580035.522753 -1.412032 -0.046350 -0.020027 -1.287671 -1.410506 0.032235 -0.156978 -1.167888
1757580035.524740 -1.412032 -0.046350 -0.020790 -1.287671 -1.410506 0.032235 -0.158122 -1.167888
1757580035.526750 -1.412032 -0.046350 -0.021172 -1.287290 -1.410506 0.032617 -0.158885 -1.167888
1757580035.528787 -1.412032 -0.046350 -0.021553 -1.287290 -1.410506 0.032998 -0.159648 -1.167888
1757580035.530782 -1.412032 -0.046350 -0.022316 -1.287290 -1.410506 0.032998 -0.160792 -1.167888
1757580035.532776 -1.412032 -0.046350 -0.022697 -1.287290 -1.410506 0.033380 -0.161555 -1.167888
1757580035.534777 -1.412032 -0.046350 -0.023079 -1.287290 -1.410125 0.033380 -0.162318 -1.167888
1757580035.536785 -1.412032 -0.046350 -0.023460 -1.287290 -1.410125 0.033761 -0.163081 -1.167888
1757580035.538774 -1.412032 -0.046350 -0.023842 -1.287290 -1.410125 0.034142 -0.163844 -1.167888
1757580035.540806 -1.412032 -0.046350 -0.023842 -1.287290 -1.410125 0.034142 -0.164607 -1.167888
1757580035.542777 -1.412032 -0.046350 -0.024223 -1.287290 -1.410125 0.034142 -0.164989 -1.167506
1757580035.544785 -1.412032 -0.046350 -0.024605 -1.287290 -1.410125 0.034524 -0.165751 -1.167506
1757580035.546782 -1.412032 -0.046350 -0.024986 -1.287290 -1.410125 0.034524 -0.166514 -1.167506
1757580035.548782 -1.412032 -0.046350 -0.024986 -1.287290 -1.409743 0.034905 -0.166896 -1.167506
1757580035.550784 -1.412032 -0.046350 -0.025368 -1.287290 -1.409743 0.034905 -0.167659 -1.167506
1757580035.552782 -1.411651 -0.046350 -0.025368 -1.287290 -1.409743 0.035287 -0.168040 -1.167506
1757580035.554776 -1.411651 -0.046350 -0.025749 -1.287290 -1.409743 0.035287 -0.168803 -1.167506
1757580035.556783 -1.411651 -0.046350 -0.025749 -1.287290 -1.409743 0.035287 -0.169185 -1.167506
1757580035.558833 -1.411651 -0.046350 -0.026131 -1.287290 -1.409743 0.035668 -0.169948 -1.167506
1757580035.560782 -1.411651 -0.046350 -0.026131 -1.287290 -1.409362 0.035668 -0.170711 -1.167506
1757580035.563220 -1.411651 -0.046350 -0.026131 -1.286908 -1.409362 0.035668 -0.171092 -1.167506
1757580035.564786 -1.411651 -0.046350 -0.026512 -1.286908 -1.409362 0.035668 -0.171855 -1.167506
1757580035.566780 -1.411651 -0.046350 -0.026512 -1.286908 -1.409362 0.036050 -0.172618 -1.167506
1757580035.568780 -1.411269 -0.046350 -0.026512 -1.286908 -1.409362 0.036050 -0.172999 -1.167506
1757580035.570810 -1.411269 -0.046350 -0.026894 -1.286908 -1.409362 0.036050 -0.173762 -1.167506
1757580035.572825 -1.411269 -0.046350 -0.026894 -1.286908 -1.408980 0.036050 -0.174144 -1.167506
1757580035.574788 -1.411269 -0.046350 -0.026894 -1.286908 -1.408980 0.036050 -0.174907 -1.167506
1757580035.576801 -1.411269 -0.046350 -0.026894 -1.286908 -1.408980 0.036431 -0.175288 -1.167506
1757580035.578775 -1.410888 -0.046350 -0.026894 -1.286908 -1.408980 0.036431 -0.176051 -1.167506
1757580035.580805 -1.410888 -0.046350 -0.027275 -1.286908 -1.408980 0.036431 -0.176433 -1.167506
1757580035.582789 -1.410888 -0.046350 -0.027275 -1.286908 -1.408599 0.036431 -0.177196 -1.167506
1757580035.584775 -1.410888 -0.046350 -0.027275 -1.286908 -1.408599 0.036431 -0.177577 -1.167506
1757580035.586791 -1.410506 -0.046350 -0.027275 -1.286908 -1.408599 0.036431 -0.178340 -1.167506
1757580035.588779 -1.410506 -0.046350 -0.027275 -1.286908 -1.408599 0.036431 -0.178721 -1.167506
1757580035.590798 -1.410506 -0.046350 -0.027657 -1.286908 -1.408599 0.036431 -0.179103 -1.167125
1757580035.592779 -1.410506 -0.046350 -0.027657 -1.286908 -1.408217 0.036431 -0.179866 -1.167125
1757580035.594803 -1.410506 -0.046350 -0.027657 -1.286908 -1.408217 0.036813 -0.180247 -1.167125
1757580035.596783 -1.410125 -0.046350 -0.027657 -1.286908 -1.408217 0.036813 -0.181010 -1.167125
1757580035.598801 -1.410125 -0.046350 -0.027657 -1.286908 -1.408217 0.036813 -0.181392 -1.167125
1757580035.600780 -1.410125 -0.046350 -0.028038 -1.286908 -1.407836 0.036813 -0.181773 -1.167125
1757580035.602795 -1.409743 -0.046350 -0.028038 -1.286908 -1.407836 0.036813 -0.182536 -1.167125
1757580035.604807 -1.409743 -0.046350 -0.028038 -1.286908 -1.407836 0.036813 -0.182918 -1.167125
1757580035.606781 -1.409743 -0.046350 -0.028038 -1.286908 -1.407836 0.036813 -0.183299 -1.167125
1757580035.608783 -1.409362 -0.046350 -0.028038 -1.286527 -1.407836 0.036813 -0.184062 -1.167125
1757580035.610789 -1.409362 -0.046350 -0.028038 -1.286527 -1.407454 0.036813 -0.184443 -1.167125
1757580035.612852 -1.409362 -0.046350 -0.028038 -1.286527 -1.407454 0.036813 -0.184825 -1.167125
1757580035.614793 -1.408980 -0.046350 -0.028419 -1.286527 -1.407454 0.036813 -0.185206 -1.167125
1757580035.616830 -1.408980 -0.046350 -0.028419 -1.286527 -1.407073 0.036813 -0.185969 -1.167125
1757580035.618835 -1.408980 -0.046350 -0.028419 -1.286527 -1.407073 0.036813 -0.186351 -1.167125
1757580035.620781 -1.408599 -0.046350 -0.028419 -1.286527 -1.407073 0.036813 -0.186732 -1.167125
1757580035.622790 -1.408599 -0.046350 -0.028419 -1.286527 -1.406692 0.036813 -0.187114 -1.167125
1757580035.624787 -1.408217 -0.046350 -0.028419 -1.286527 -1.406692 0.036813 -0.187495 -1.167125
1757580035.626784 -1.408217 -0.046350 -0.028419 -1.286527 -1.406692 0.036813 -0.187877 -1.167125
1757580035.628783 -1.408217 -0.046350 -0.028419 -1.286145 -1.406310 0.036813 -0.188640 -1.167125
1757580035.630792 -1.407836 -0.046350 -0.028419 -1.286145 -1.406310 0.036813 -0.189021 -1.166743
1757580035.632796 -1.407836 -0.046350 -0.028801 -1.286145 -1.406310 0.036813 -0.189403 -1.166743
1757580035.634794 -1.407454 -0.046350 -0.028801 -1.286145 -1.405928 0.036813 -0.189784 -1.166743
1757580035.636744 -1.407454 -0.046350 -0.028801 -1.286145 -1.405928 0.036813 -0.190166 -1.166743
1757580035.638742 -1.407073 -0.046350 -0.028801 -1.286145 -1.405928 0.036813 -0.190547 -1.166743
1757580035.640747 -1.407073 -0.046350 -0.028801 -1.286145 -1.405546 0.036813 -0.190928 -1.166743
1757580035.642736 -1.406692 -0.046350 -0.028801 -1.286145 -1.405546 0.036813 -0.191310 -1.166743
1757580035.644737 -1.406692 -0.046350 -0.028801 -1.286145 -1.405546 0.036813 -0.191310 -1.166743
1757580035.646734 -1.406692 -0.046350 -0.028801 -1.286145 -1.405165 0.036813 -0.191691 -1.166743
1757580035.648743 -1.406310 -0.046350 -0.028801 -1.286145 -1.405165 0.036813 -0.192073 -1.166743
1757580035.650736 -1.406310 -0.046350 -0.029182 -1.286145 -1.404783 0.036813 -0.192454 -1.166743
1757580035.652743 -1.405928 -0.046350 -0.029182 -1.286145 -1.404783 0.036813 -0.192454 -1.166743
1757580035.654738 -1.405928 -0.046350 -0.029182 -1.285764 -1.404783 0.036813 -0.192836 -1.166743
1757580035.656751 -1.405546 -0.046350 -0.029182 -1.285764 -1.404402 0.036813 -0.193217 -1.166362
1757580035.658740 -1.405165 -0.046350 -0.029182 -1.285764 -1.404402 0.036813 -0.193217 -1.166362
1757580035.660744 -1.405165 -0.046350 -0.029182 -1.285764 -1.404020 0.036813 -0.193599 -1.166362
1757580035.662737 -1.404783 -0.046350 -0.029182 -1.285764 -1.404020 0.036813 -0.193599 -1.166362
1757580035.664778 -1.404783 -0.046350 -0.029182 -1.285764 -1.403639 0.036813 -0.193980 -1.166362
1757580035.666764 -1.404402 -0.046350 -0.029564 -1.285764 -1.403639 0.036813 -0.193980 -1.166362
1757580035.668749 -1.404020 -0.046350 -0.029564 -1.285382 -1.403257 0.036813 -0.194362 -1.166362
1757580035.670738 -1.404020 -0.046350 -0.029564 -1.285382 -1.403257 0.036813 -0.194362 -1.165980
1757580035.672749 -1.403639 -0.046350 -0.029564 -1.285382 -1.402876 0.036813 -0.194743 -1.165980
1757580035.674741 -1.403257 -0.046350 -0.029564 -1.285382 -1.402876 0.036813 -0.194743 -1.165980
1757580035.676744 -1.402876 -0.046350 -0.029564 -1.285382 -1.402494 0.036813 -0.194743 -1.165980
1757580035.678737 -1.402876 -0.046350 -0.029564 -1.285382 -1.402494 0.036813 -0.195125 -1.165980
1757580035.680753 -1.402494 -0.046350 -0.029564 -1.285382 -1.402113 0.036813 -0.195125 -1.165980
1757580035.682744 -1.402113 -0.046350 -0.029564 -1.285382 -1.401731 0.036813 -0.195125 -1.165980
1757580035.684748 -1.401731 -0.046350 -0.029945 -1.285382 -1.401731 0.036813 -0.195506 -1.165599
1757580035.686743 -1.401731 -0.046350 -0.029945 -1.285001 -1.401350 0.036813 -0.195506 -1.165599
1757580035.688764 -1.401350 -0.046350 -0.029945 -1.285001 -1.400969 0.036813 -0.195506 -1.165599
1757580035.690747 -1.400969 -0.046350 -0.029945 -1.285001 -1.400969 0.036813 -0.195888 -1.165599
1757580035.692746 -1.400587 -0.046350 -0.029945 -1.285001 -1.400587 0.036813 -0.195888 -1.165599
1757580035.694743 -1.400206 -0.046350 -0.029945 -1.285001 -1.400206 0.036813 -0.195888 -1.165599
1757580035.696915 -1.399824 -0.046350 -0.029945 -1.285001 -1.400206 0.036813 -0.195888 -1.165217
1757580035.698765 -1.399824 -0.046350 -0.029945 -1.285001 -1.399824 0.036813 -0.196269 -1.165217
1757580035.700774 -1.399443 -0.046350 -0.029945 -1.285001 -1.399443 0.036813 -0.196269 -1.165217
1757580035.702742 -1.399061 -0.046350 -0.029945 -1.284619 -1.399061 0.036813 -0.196269 -1.165217
1757580035.704750 -1.398680 -0.046350 -0.029945 -1.284619 -1.398680 0.036813 -0.196269 -1.165217
1757580035.706743 -1.398298 -0.046350 -0.029945 -1.284619 -1.398298 0.036813 -0.196269 -1.165217
1757580035.708742 -1.397917 -0.046350 -0.029945 -1.284619 -1.398298 0.036813 -0.196651 -1.164836
1757580035.710742 -1.397535 -0.046350 -0.029945 -1.284619 -1.397917 0.036813 -0.196651 -1.164836
1757580035.712738 -1.397535 -0.046350 -0.029945 -1.284619 -1.397535 0.036813 -0.196651 -1.164836
1757580035.714744 -1.397154 -0.046350 -0.029945 -1.284619 -1.397154 0.036813 -0.196651 -1.164836
1757580035.716739 -1.396772 -0.046350 -0.029945 -1.284619 -1.396772 0.036813 -0.197032 -1.164836
1757580035.718740 -1.396391 -0.046350 -0.029945 -1.284238 -1.396391 0.036813 -0.197032 -1.164454
1757580035.720736 -1.396009 -0.046350 -0.029945 -1.284238 -1.396009 0.036813 -0.197032 -1.164454
1757580035.722801 -1.395628 -0.046350 -0.029945 -1.284238 -1.395628 0.036813 -0.197032 -1.164454
1757580035.724757 -1.395247 -0.045968 -0.029564 -1.284238 -1.395247 0.036813 -0.197032 -1.164454
1757580035.726757 -1.394865 -0.045968 -0.029564 -1.284238 -1.394865 0.036813 -0.197032 -1.164454
1757580035.728765 -1.394484 -0.045968 -0.029564 -1.284238 -1.394484 0.036813 -0.197032 -1.164073
1757580035.730744 -1.394484 -0.045968 -0.029564 -1.284238 -1.394102 0.036813 -0.197413 -1.164073
1757580035.732829 -1.394102 -0.045968 -0.029564 -1.283856 -1.393721 0.036813 -0.197413 -1.164073
1757580035.734778 -1.393721 -0.045968 -0.029564 -1.283856 -1.393339 0.036813 -0.197413 -1.164073
1757580035.736779 -1.393339 -0.045968 -0.029564 -1.283856 -1.392958 0.036813 -0.197413 -1.164073
1757580035.738775 -1.392958 -0.045968 -0.029564 -1.283856 -1.392576 0.036813 -0.197413 -1.164073
1757580035.740837 -1.392576 -0.045968 -0.029564 -1.283856 -1.392195 0.036813 -0.197413 -1.164073
1757580035.742781 -1.392195 -0.045968 -0.029564 -1.283856 -1.391813 0.036813 -0.197413 -1.163692
1757580035.744779 -1.391813 -0.045968 -0.029564 -1.283856 -1.391432 0.036813 -0.197413 -1.163692
1757580035.746779 -1.391432 -0.045968 -0.029564 -1.283856 -1.390669 0.036813 -0.197413 -1.163692
1757580035.748771 -1.391050 -0.045968 -0.029564 -1.283475 -1.390287 0.036813 -0.197795 -1.163692
1757580035.750780 -1.390669 -0.045968 -0.029564 -1.283475 -1.389906 0.036813 -0.197795 -1.163692
1757580035.752840 -1.389906 -0.045968 -0.029564 -1.283475 -1.389524 0.036813 -0.197795 -1.163692
1757580035.754778 -1.389524 -0.045968 -0.029564 -1.283475 -1.389143 0.036813 -0.197795 -1.163692
1757580035.756839 -1.389143 -0.045968 -0.029564 -1.283475 -1.388762 0.036813 -0.197795 -1.163692
1757580035.758822 -1.388762 -0.045968 -0.029564 -1.283475 -1.388380 0.036813 -0.197795 -1.163310
1757580035.760746 -1.388380 -0.045968 -0.029564 -1.283093 -1.387999 0.036813 -0.197795 -1.163310
1757580035.762771 -1.387999 -0.045968 -0.029564 -1.283093 -1.387617 0.036813 -0.197795 -1.163310
1757580035.764772 -1.387617 -0.045968 -0.029564 -1.283093 -1.387236 0.036813 -0.198176 -1.163310
1757580035.766780 -1.386854 -0.045968 -0.029564 -1.283093 -1.386854 0.036813 -0.198176 -1.162929
1757580035.768745 -1.386473 -0.046350 -0.029564 -1.282712 -1.386091 0.036813 -0.198176 -1.162929
1757580035.770743 -1.386091 -0.046350 -0.029564 -1.282712 -1.385710 0.036813 -0.198176 -1.162929
1757580035.772738 -1.385328 -0.046350 -0.029564 -1.282712 -1.385328 0.036813 -0.198176 -1.162929
1757580035.774744 -1.384947 -0.046350 -0.029564 -1.282331 -1.384947 0.036813 -0.198176 -1.162929
1757580035.776731 -1.384184 -0.046350 -0.029564 -1.282331 -1.384184 0.036813 -0.198176 -1.162547
1757580035.778733 -1.383802 -0.046350 -0.029564 -1.282331 -1.383802 0.037194 -0.198176 -1.162547
1757580035.780731 -1.383039 -0.046350 -0.029564 -1.281949 -1.383039 0.037194 -0.198176 -1.162547
1757580035.782741 -1.382658 -0.046350 -0.029564 -1.281949 -1.382658 0.037194 -0.198176 -1.162547
1757580035.784775 -1.381895 -0.046350 -0.029564 -1.281949 -1.381895 0.037194 -0.198176 -1.162166
1757580035.786763 -1.381132 -0.046350 -0.029564 -1.281568 -1.381514 0.037194 -0.198176 -1.162166
1757580035.788738 -1.380751 -0.046350 -0.029564 -1.281568 -1.380751 0.037194 -0.198176 -1.162166
1757580035.790806 -1.379988 -0.046350 -0.029564 -1.281185 -1.380369 0.037194 -0.198176 -1.162166
1757580035.792766 -1.379225 -0.046350 -0.029564 -1.281185 -1.379606 0.037194 -0.198176 -1.161784
1757580035.794775 -1.378462 -0.046350 -0.029564 -1.280804 -1.378843 0.037194 -0.198176 -1.161784
1757580035.796730 -1.377699 -0.046350 -0.029564 -1.280804 -1.378080 0.037194 -0.198176 -1.161784
1757580035.798741 -1.377317 -0.046350 -0.029564 -1.280422 -1.377317 0.037194 -0.198558 -1.161784
1757580035.800780 -1.376554 -0.046350 -0.029564 -1.280422 -1.376936 0.037194 -0.198558 -1.161403
1757580035.802736 -1.375792 -0.046350 -0.029564 -1.280041 -1.376173 0.037194 -0.198558 -1.161403
1757580035.804734 -1.375029 -0.046350 -0.029564 -1.280041 -1.375410 0.037194 -0.198176 -1.161403
1757580035.806780 -1.374266 -0.046350 -0.029564 -1.279659 -1.374647 0.037194 -0.198176 -1.161403
1757580035.808774 -1.373503 -0.046350 -0.029564 -1.279278 -1.373503 0.037194 -0.198176 -1.161021
1757580035.810779 -1.372740 -0.046350 -0.029564 -1.279278 -1.372740 0.037194 -0.198176 -1.161021
1757580035.812774 -1.371977 -0.046350 -0.029564 -1.278896 -1.371977 0.037194 -0.198176 -1.161021
1757580035.814778 -1.371214 -0.046350 -0.029564 -1.278896 -1.371214 0.037194 -0.198176 -1.160640
1757580035.816774 -1.370070 -0.046350 -0.029564 -1.278515 -1.370451 0.037576 -0.198176 -1.160640
1757580035.818779 -1.369307 -0.046350 -0.029564 -1.278133 -1.369307 0.037576 -0.198176 -1.160640
1757580035.820792 -1.368544 -0.046350 -0.029564 -1.278133 -1.368544 0.037576 -0.198176 -1.160258
1757580035.822744 -1.367781 -0.046350 -0.029564 -1.277752 -1.367399 0.037576 -0.198176 -1.160258
1757580035.824770 -1.367018 -0.046350 -0.029564 -1.277370 -1.366636 0.037576 -0.198176 -1.160258
1757580035.826779 -1.366255 -0.046350 -0.029564 -1.276989 -1.365873 0.037576 -0.198176 -1.160258
1757580035.828775 -1.365492 -0.046350 -0.029564 -1.276989 -1.364729 0.037576 -0.198176 -1.159877
1757580035.830775 -1.364729 -0.046350 -0.029564 -1.276608 -1.363585 0.037957 -0.198176 -1.159877
1757580035.832773 -1.363966 -0.046350 -0.029564 -1.276226 -1.362822 0.037957 -0.198176 -1.159877
1757580035.834774 -1.363203 -0.046350 -0.029564 -1.275845 -1.361677 0.037957 -0.198176 -1.159495
1757580035.836774 -1.362440 -0.046350 -0.029564 -1.275845 -1.360533 0.037957 -0.198176 -1.159495
1757580035.838773 -1.361677 -0.046350 -0.029564 -1.275463 -1.359770 0.037957 -0.198176 -1.159114
1757580035.840772 -1.360533 -0.046350 -0.029564 -1.275082 -1.358625 0.037957 -0.198176 -1.159114
1757580035.842780 -1.359770 -0.046350 -0.029564 -1.274700 -1.357481 0.037957 -0.198176 -1.159114
1757580035.844774 -1.359007 -0.046350 -0.029564 -1.274319 -1.356337 0.037957 -0.198176 -1.158732
1757580035.846775 -1.358244 -0.046350 -0.029564 -1.274319 -1.355192 0.037957 -0.198176 -1.158732
1757580035.848771 -1.357481 -0.046350 -0.029564 -1.273937 -1.354429 0.037957 -0.198176 -1.158732
1757580035.850778 -1.356718 -0.046350 -0.029564 -1.273556 -1.353285 0.037957 -0.198176 -1.158732
1757580035.852781 -1.355574 -0.046350 -0.029564 -1.273174 -1.352140 0.037957 -0.198176 -1.158351
1757580035.854783 -1.354811 -0.046350 -0.029564 -1.273174 -1.350996 0.037957 -0.198176 -1.158351
1757580035.856775 -1.354048 -0.046350 -0.029564 -1.272793 -1.349852 0.037957 -0.198176 -1.158351
1757580035.858785 -1.352903 -0.046350 -0.029564 -1.272411 -1.349089 0.037957 -0.198176 -1.157969
1757580035.860776 -1.352140 -0.046350 -0.029564 -1.272030 -1.347944 0.037957 -0.198176 -1.157969
1757580035.862772 -1.351377 -0.046350 -0.029182 -1.272030 -1.346800 0.037957 -0.198176 -1.157969
1757580035.864771 -1.350233 -0.046350 -0.029182 -1.271648 -1.345655 0.037957 -0.198176 -1.157969
1757580035.866779 -1.349470 -0.046350 -0.029182 -1.271267 -1.344511 0.037957 -0.198558 -1.157588
1757580035.868765 -1.348326 -0.046350 -0.029182 -1.270885 -1.343366 0.037957 -0.198558 -1.157588
1757580035.870775 -1.347563 -0.046350 -0.029182 -1.270504 -1.342221 0.037957 -0.198558 -1.157588
1757580035.872772 -1.346418 -0.046350 -0.029182 -1.270123 -1.341077 0.037957 -0.198558 -1.157588
1757580035.874779 -1.345655 -0.045968 -0.028801 -1.269741 -1.339932 0.037957 -0.198558 -1.157207
1757580035.876773 -1.344511 -0.045968 -0.028801 -1.269360 -1.338788 0.037957 -0.198558 -1.157207
1757580035.878776 -1.343747 -0.045968 -0.028801 -1.268978 -1.337644 0.037957 -0.198558 -1.157207
1757580035.880772 -1.342603 -0.045968 -0.028801 -1.268597 -1.336499 0.037957 -0.198558 -1.156825
1757580035.882768 -1.341458 -0.045968 -0.028801 -1.268215 -1.335355 0.037957 -0.198558 -1.156825
1757580035.884775 -1.340695 -0.045968 -0.028801 -1.267834 -1.333829 0.037957 -0.198558 -1.156825
1757580035.886775 -1.339551 -0.045968 -0.028419 -1.267452 -1.332685 0.037957 -0.198939 -1.156444
1757580035.888773 -1.338407 -0.045587 -0.028419 -1.267071 -1.331540 0.037957 -0.198939 -1.156444
1757580035.890775 -1.337262 -0.045587 -0.028419 -1.266689 -1.330396 0.037957 -0.198939 -1.156444
1757580035.892773 -1.336118 -0.045587 -0.028419 -1.266308 -1.328870 0.037957 -0.198939 -1.156061
1757580035.894773 -1.334973 -0.045587 -0.028419 -1.265926 -1.327725 0.037957 -0.198939 -1.156061
1757580035.896771 -1.334210 -0.045587 -0.028038 -1.265545 -1.326581 0.037957 -0.198939 -1.155680
1757580035.898780 -1.332685 -0.045587 -0.028038 -1.265163 -1.325055 0.037957 -0.198939 -1.155680
1757580035.900774 -1.331540 -0.045587 -0.028038 -1.264782 -1.323911 0.037957 -0.198939 -1.155680
1757580035.902771 -1.330396 -0.045587 -0.028038 -1.264019 -1.322766 0.037957 -0.199321 -1.155298
1757580035.904772 -1.329251 -0.045587 -0.028038 -1.263638 -1.321240 0.037576 -0.199321 -1.155298
1757580035.906795 -1.328107 -0.045587 -0.028038 -1.263256 -1.320096 0.037576 -0.199321 -1.154917
1757580035.908777 -1.326962 -0.045587 -0.027657 -1.262875 -1.318570 0.037576 -0.199321 -1.154917
1757580035.910804 -1.325818 -0.045587 -0.027657 -1.262493 -1.317426 0.037576 -0.199321 -1.154535
1757580035.912775 -1.324292 -0.045587 -0.027657 -1.262112 -1.315900 0.037576 -0.199321 -1.154535
1757580035.914786 -1.323148 -0.045587 -0.027657 -1.261730 -1.314755 0.037576 -0.199321 -1.154154
1757580035.916777 -1.322003 -0.045587 -0.027657 -1.261349 -1.313230 0.037576 -0.199702 -1.154154
1757580035.918858 -1.320477 -0.045587 -0.027657 -1.260586 -1.312085 0.037576 -0.199702 -1.153772
1757580035.920771 -1.319333 -0.045205 -0.027275 -1.260204 -1.310559 0.037576 -0.199702 -1.153772
1757580035.922774 -1.318189 -0.045205 -0.027275 -1.259823 -1.309415 0.037576 -0.199702 -1.153391
1757580035.924770 -1.316663 -0.045205 -0.027275 -1.259441 -1.307889 0.037576 -0.199702 -1.153391
1757580035.926811 -1.315518 -0.045205 -0.027275 -1.259060 -1.306363 0.037576 -0.199702 -1.153391
1757580035.928784 -1.313993 -0.045205 -0.027275 -1.258678 -1.305219 0.037576 -0.199702 -1.153009
1757580035.930821 -1.312848 -0.045205 -0.027275 -1.258297 -1.303693 0.037576 -0.200084 -1.153009
1757580035.932823 -1.311322 -0.045205 -0.026894 -1.257915 -1.302167 0.037576 -0.200084 -1.153009
1757580035.934799 -1.310178 -0.045205 -0.026894 -1.257534 -1.301023 0.037576 -0.200084 -1.152628
1757580035.936781 -1.308652 -0.045205 -0.026894 -1.257153 -1.299497 0.037576 -0.200084 -1.152628
1757580035.938775 -1.307508 -0.045205 -0.026894 -1.256771 -1.297971 0.037576 -0.200084 -1.152628
1757580035.940778 -1.305982 -0.045205 -0.026894 -1.256390 -1.296826 0.037576 -0.200084 -1.152246
1757580035.942778 -1.304837 -0.045205 -0.026894 -1.256008 -1.295300 0.037576 -0.200084 -1.152246
1757580035.944806 -1.303311 -0.045205 -0.026512 -1.255627 -1.294156 0.037576 -0.200084 -1.152246
1757580035.946776 -1.302167 -0.045205 -0.026512 -1.255245 -1.292630 0.037576 -0.200465 -1.152246
1757580035.948780 -1.300641 -0.045205 -0.026512 -1.254864 -1.291104 0.037576 -0.200465 -1.151865
1757580035.950786 -1.299497 -0.045205 -0.026512 -1.254864 -1.289960 0.037576 -0.200465 -1.151865
1757580035.952781 -1.297971 -0.045205 -0.026512 -1.254482 -1.288434 0.037576 -0.200465 -1.151865
1757580035.954775 -1.296826 -0.045205 -0.026131 -1.254101 -1.287290 0.037576 -0.200465 -1.151484
1757580035.956778 -1.295300 -0.045205 -0.026131 -1.253719 -1.285764 0.037576 -0.200465 -1.151484
1757580035.958774 -1.293775 -0.045205 -0.026131 -1.253338 -1.284238 0.037576 -0.200465 -1.151484
1757580035.960782 -1.292630 -0.045205 -0.026131 -1.252956 -1.283093 0.037576 -0.200847 -1.151484
1757580035.962767 -1.291486 -0.044824 -0.026131 -1.252575 -1.281568 0.037576 -0.200847 -1.151102
1757580035.964777 -1.289960 -0.044824 -0.026131 -1.252193 -1.280041 0.037194 -0.200847 -1.151102
1757580035.966771 -1.288815 -0.044824 -0.026131 -1.251812 -1.278896 0.037194 -0.200847 -1.151102
1757580035.968783 -1.287290 -0.044824 -0.025749 -1.251812 -1.277370 0.037194 -0.200847 -1.151102
1757580035.970774 -1.285764 -0.044824 -0.025749 -1.251431 -1.275845 0.037194 -0.200847 -1.150721
1757580035.972777 -1.284619 -0.044824 -0.025749 -1.251049 -1.274700 0.037194 -0.200847 -1.150721
1757580035.974773 -1.283475 -0.044824 -0.025749 -1.250668 -1.273174 0.037194 -0.201228 -1.150721
1757580035.976784 -1.281949 -0.044824 -0.025749 -1.250668 -1.271648 0.037194 -0.201228 -1.150339
1757580035.978776 -1.280804 -0.044824 -0.025749 -1.250286 -1.270504 0.037194 -0.201228 -1.150339
1757580035.980780 -1.279278 -0.044824 -0.025368 -1.249905 -1.268978 0.036813 -0.201228 -1.149958
1757580035.982774 -1.278133 -0.044824 -0.025368 -1.249523 -1.267452 0.036813 -0.201228 -1.149958
1757580035.984775 -1.276989 -0.044824 -0.025368 -1.249142 -1.265926 0.036813 -0.201228 -1.149958
1757580035.986774 -1.275463 -0.044824 -0.025368 -1.249142 -1.264782 0.036813 -0.201610 -1.149576
1757580035.988777 -1.274319 -0.044824 -0.025368 -1.248760 -1.263256 0.036813 -0.201610 -1.149576
1757580035.990775 -1.272793 -0.044824 -0.024986 -1.248379 -1.261730 0.036813 -0.201610 -1.149195
1757580035.992773 -1.271648 -0.044824 -0.024986 -1.247997 -1.260204 0.036813 -0.201610 -1.149195
1757580035.994775 -1.270504 -0.044442 -0.024986 -1.247616 -1.259060 0.036813 -0.201610 -1.148813
1757580035.996778 -1.268978 -0.044442 -0.024986 -1.247616 -1.257534 0.036431 -0.201610 -1.148813
1757580035.998775 -1.267834 -0.044442 -0.024986 -1.247234 -1.256008 0.036431 -0.201991 -1.148813
1757580036.000777 -1.266308 -0.044442 -0.024986 -1.246853 -1.254482 0.036431 -0.201991 -1.148432
1757580036.002775 -1.265163 -0.044442 -0.024605 -1.246471 -1.252956 0.036431 -0.201991 -1.148432
1757580036.004781 -1.264019 -0.044442 -0.024605 -1.246090 -1.251812 0.036431 -0.201991 -1.148050
1757580036.006797 -1.262493 -0.044442 -0.024605 -1.245708 -1.250286 0.036431 -0.202373 -1.148050
1757580036.008784 -1.261349 -0.044442 -0.024605 -1.245708 -1.248760 0.036431 -0.202373 -1.148050
1757580036.010796 -1.260204 -0.044442 -0.024605 -1.245327 -1.247234 0.036431 -0.202373 -1.147669
1757580036.012776 -1.258678 -0.044442 -0.024223 -1.244946 -1.245708 0.036050 -0.202373 -1.147669
1757580036.014774 -1.257534 -0.044442 -0.024223 -1.244564 -1.244564 0.036050 -0.202373 -1.147669
1757580036.016782 -1.256008 -0.044442 -0.024223 -1.244183 -1.243038 0.036050 -0.202373 -1.147287
1757580036.018770 -1.254864 -0.044442 -0.024223 -1.244183 -1.241512 0.036050 -0.202754 -1.147287
1757580036.020777 -1.253719 -0.044442 -0.024223 -1.243801 -1.239986 0.036050 -0.202754 -1.146906
1757580036.022774 -1.252193 -0.044442 -0.024223 -1.243420 -1.238842 0.036050 -0.202754 -1.146906
1757580036.024801 -1.251049 -0.044061 -0.023842 -1.243038 -1.237316 0.036050 -0.202754 -1.146906
1757580036.026772 -1.249905 -0.044061 -0.023842 -1.243038 -1.236172 0.036050 -0.203135 -1.146524
1757580036.028798 -1.248379 -0.044061 -0.023842 -1.242657 -1.234646 0.035668 -0.203135 -1.146524
1757580036.030744 -1.247234 -0.044061 -0.023842 -1.242275 -1.233120 0.035668 -0.203135 -1.146524
1757580036.032743 -1.245708 -0.044061 -0.023842 -1.242275 -1.231594 0.035668 -0.203135 -1.146143
1757580036.034746 -1.244564 -0.044061 -0.023460 -1.241894 -1.230450 0.035668 -0.203135 -1.146143
1757580036.036750 -1.243420 -0.044061 -0.023460 -1.241512 -1.228924 0.035668 -0.203517 -1.146143
1757580036.038768 -1.241894 -0.044061 -0.023460 -1.241512 -1.227779 0.035668 -0.203517 -1.145761
1757580036.040770 -1.240749 -0.044061 -0.023460 -1.241131 -1.226254 0.035287 -0.203517 -1.145761
1757580036.042752 -1.239605 -0.044061 -0.023460 -1.241131 -1.225109 0.035287 -0.203517 -1.145380
1757580036.044751 -1.238461 -0.044061 -0.023079 -1.240749 -1.223583 0.035287 -0.203517 -1.145380
1757580036.046792 -1.236935 -0.044061 -0.023079 -1.240749 -1.222439 0.035287 -0.203898 -1.145380
1757580036.048751 -1.235790 -0.043679 -0.023079 -1.240368 -1.220913 0.035287 -0.203898 -1.144999
1757580036.050766 -1.234646 -0.043679 -0.023079 -1.239986 -1.219769 0.035287 -0.203898 -1.144999
1757580036.052757 -1.233120 -0.043679 -0.022697 -1.239986 -1.218242 0.035287 -0.203898 -1.144617
1757580036.054767 -1.231976 -0.043679 -0.022697 -1.239605 -1.217097 0.035287 -0.203898 -1.144617
1757580036.056752 -1.230831 -0.043679 -0.022697 -1.239605 -1.215571 0.034905 -0.204280 -1.144617
1757580036.058766 -1.229687 -0.043679 -0.022697 -1.239223 -1.214427 0.034905 -0.204280 -1.144236
1757580036.060782 -1.228161 -0.043679 -0.022697 -1.239223 -1.212901 0.034905 -0.204280 -1.144236
1757580036.062776 -1.227016 -0.043679 -0.022316 -1.238842 -1.211757 0.034905 -0.204280 -1.143854
1757580036.064777 -1.225872 -0.043679 -0.022316 -1.238842 -1.210231 0.034905 -0.204280 -1.143854
1757580036.066769 -1.224728 -0.043679 -0.022316 -1.238461 -1.209086 0.034905 -0.204661 -1.143473
1757580036.068781 -1.223202 -0.043679 -0.022316 -1.238461 -1.207561 0.034905 -0.204661 -1.143473
1757580036.070801 -1.222057 -0.043679 -0.022316 -1.238079 -1.206416 0.034905 -0.204661 -1.143091
1757580036.072822 -1.220913 -0.043679 -0.021935 -1.238079 -1.205272 0.034524 -0.204661 -1.143091
1757580036.074769 -1.219769 -0.043679 -0.021935 -1.237698 -1.203746 0.034524 -0.204661 -1.143091
1757580036.076783 -1.218623 -0.043679 -0.021935 -1.237698 -1.202601 0.034524 -0.205043 -1.142710
1757580036.078810 -1.217097 -0.043679 -0.021935 -1.237316 -1.201076 0.034524 -0.205043 -1.142710
1757580036.080777 -1.215953 -0.043679 -0.021553 -1.237316 -1.199931 0.034524 -0.205043 -1.142328
1757580036.082803 -1.214808 -0.043679 -0.021553 -1.236935 -1.198405 0.034524 -0.205043 -1.142328
1757580036.084768 -1.213664 -0.043679 -0.021553 -1.236935 -1.196879 0.034524 -0.205043 -1.142328
1757580036.086772 -1.212138 -0.043679 -0.021553 -1.236553 -1.195735 0.034524 -0.205424 -1.141947
1757580036.088779 -1.210994 -0.043679 -0.021553 -1.236553 -1.194209 0.034142 -0.205424 -1.141947
1757580036.090763 -1.209849 -0.043679 -0.021172 -1.236172 -1.193065 0.034142 -0.205424 -1.141947
1757580036.092766 -1.208705 -0.043679 -0.021172 -1.236172 -1.191539 0.034142 -0.205424 -1.141565
1757580036.094747 -1.207179 -0.043679 -0.021172 -1.235790 -1.190013 0.034142 -0.205424 -1.141565
1757580036.096812 -1.206035 -0.043679 -0.021172 -1.235409 -1.188869 0.034142 -0.205806 -1.141565
1757580036.098764 -1.204890 -0.043679 -0.021172 -1.235409 -1.187343 0.034142 -0.205806 -1.141565
1757580036.100770 -1.203746 -0.043679 -0.020790 -1.235027 -1.186198 0.034142 -0.205806 -1.141184
1757580036.102751 -1.202220 -0.043679 -0.020790 -1.235027 -1.184672 0.034142 -0.205806 -1.141184
1757580036.104747 -1.201076 -0.043679 -0.020790 -1.234646 -1.183146 0.033761 -0.206187 -1.141184
1757580036.106748 -1.199931 -0.043679 -0.020790 -1.234264 -1.182002 0.033761 -0.206187 -1.140802
1757580036.108736 -1.198787 -0.043679 -0.020790 -1.234264 -1.180476 0.033761 -0.206187 -1.140802
1757580036.110742 -1.197261 -0.043679 -0.020409 -1.233883 -1.178950 0.033761 -0.206187 -1.140802
1757580036.112736 -1.196116 -0.043679 -0.020409 -1.233501 -1.177424 0.033761 -0.206187 -1.140421
1757580036.114763 -1.194972 -0.043679 -0.020409 -1.233501 -1.176280 0.033761 -0.206569 -1.140421
1757580036.116733 -1.193828 -0.043679 -0.020409 -1.233120 -1.174754 0.033761 -0.206569 -1.140421
1757580036.118742 -1.192302 -0.043679 -0.020027 -1.232738 -1.173228 0.033761 -0.206569 -1.140039
1757580036.120739 -1.191157 -0.043679 -0.020027 -1.232738 -1.171702 0.033761 -0.206569 -1.140039
1757580036.122763 -1.190013 -0.043679 -0.020027 -1.232357 -1.170177 0.033380 -0.206569 -1.139658
1757580036.124738 -1.188869 -0.043679 -0.020027 -1.231976 -1.169032 0.033380 -0.206569 -1.139658
1757580036.126737 -1.187343 -0.043679 -0.020027 -1.231594 -1.167506 0.033380 -0.206950 -1.139658
1757580036.128735 -1.186198 -0.043679 -0.019646 -1.231213 -1.165980 0.033380 -0.206950 -1.139277
1757580036.130917 -1.185054 -0.043679 -0.019646 -1.231213 -1.164454 0.033380 -0.206950 -1.139277
1757580036.132782 -1.183528 -0.043679 -0.019646 -1.230831 -1.162929 0.033380 -0.206950 -1.139277
1757580036.134802 -1.182384 -0.043679 -0.019646 -1.230450 -1.161784 0.033380 -0.206950 -1.139277
1757580036.136800 -1.181239 -0.043679 -0.019646 -1.230450 -1.160258 0.033380 -0.206950 -1.138895
1757580036.138803 -1.179713 -0.043679 -0.019264 -1.230068 -1.158732 0.033380 -0.207332 -1.138895
1757580036.140773 -1.178569 -0.043679 -0.019264 -1.229687 -1.157207 0.033380 -0.207332 -1.138895
1757580036.142791 -1.177424 -0.043679 -0.019264 -1.229305 -1.156061 0.033380 -0.207332 -1.138514
1757580036.144770 -1.175899 -0.043679 -0.019264 -1.229305 -1.154535 0.033380 -0.207332 -1.138514
1757580036.146792 -1.174754 -0.043679 -0.019264 -1.228924 -1.153009 0.033380 -0.207332 -1.138514
1757580036.148773 -1.173228 -0.043679 -0.018883 -1.228542 -1.151484 0.033380 -0.207332 -1.138132
1757580036.150778 -1.172084 -0.043679 -0.018883 -1.228161 -1.150339 0.033380 -0.207713 -1.138132
1757580036.152774 -1.170558 -0.043679 -0.018883 -1.227779 -1.148813 0.033380 -0.207713 -1.137751
1757580036.154772 -1.169414 -0.043679 -0.018883 -1.227398 -1.147287 0.033380 -0.207713 -1.137751
1757580036.156773 -1.167888 -0.043679 -0.018883 -1.227398 -1.146143 0.033380 -0.207713 -1.137751
1757580036.158769 -1.166743 -0.043679 -0.018501 -1.227016 -1.144617 0.032998 -0.207713 -1.137369
1757580036.160773 -1.165217 -0.043679 -0.018501 -1.226635 -1.143091 0.032998 -0.208095 -1.137369
1757580036.162770 -1.164073 -0.043679 -0.018501 -1.226254 -1.141565 0.032998 -0.208095 -1.136988
1757580036.164779 -1.162547 -0.043679 -0.018501 -1.225872 -1.140421 0.032998 -0.208095 -1.136988
1757580036.166771 -1.161021 -0.043679 -0.018501 -1.225491 -1.138895 0.032998 -0.208095 -1.136606
1757580036.168788 -1.159877 -0.043679 -0.018120 -1.225491 -1.137369 0.032998 -0.208095 -1.136225
1757580036.170778 -1.158351 -0.043679 -0.018120 -1.225109 -1.135843 0.032998 -0.208095 -1.136225
1757580036.172770 -1.156825 -0.043679 -0.018120 -1.224728 -1.134699 0.032998 -0.208476 -1.135843
1757580036.174772 -1.155680 -0.043679 -0.018120 -1.224346 -1.133173 0.032998 -0.208476 -1.135843
1757580036.176779 -1.154154 -0.043679 -0.018120 -1.223965 -1.131647 0.032998 -0.208476 -1.135462
1757580036.178773 -1.152628 -0.043679 -0.018120 -1.223583 -1.130503 0.032998 -0.208476 -1.135080
1757580036.180773 -1.151484 -0.043679 -0.017738 -1.223202 -1.128977 0.032998 -0.208476 -1.135080
1757580036.182765 -1.149958 -0.043679 -0.017738 -1.222820 -1.127451 0.032998 -0.208476 -1.134699
1757580036.184774 -1.148432 -0.043679 -0.017738 -1.222439 -1.125925 0.032998 -0.208858 -1.134317
1757580036.186769 -1.146906 -0.043679 -0.017738 -1.222057 -1.124399 0.032998 -0.208858 -1.133936
1757580036.188770 -1.145761 -0.043679 -0.017738 -1.221294 -1.122873 0.032998 -0.208858 -1.133936
1757580036.190772 -1.144236 -0.043679 -0.017738 -1.220913 -1.121347 0.032998 -0.208858 -1.133554
1757580036.192771 -1.142710 -0.043679 -0.017357 -1.220531 -1.120203 0.033380 -0.208858 -1.133554
1757580036.194815 -1.141184 -0.043679 -0.017357 -1.220150 -1.118677 0.033380 -0.208858 -1.133173
1757580036.196772 -1.139658 -0.043679 -0.017357 -1.219769 -1.117151 0.033380 -0.208858 -1.132792
1757580036.198772 -1.138132 -0.043679 -0.017357 -1.219387 -1.115625 0.033380 -0.208858 -1.132792
1757580036.200802 -1.136606 -0.043679 -0.017357 -1.219006 -1.114100 0.033380 -0.208858 -1.132410
1757580036.202769 -1.135462 -0.043679 -0.017357 -1.218623 -1.112574 0.033380 -0.209239 -1.132410
1757580036.204769 -1.133936 -0.043679 -0.016975 -1.218242 -1.111048 0.033380 -0.209239 -1.132029
1757580036.206763 -1.132410 -0.043679 -0.016975 -1.217860 -1.109903 0.033380 -0.209239 -1.132029
1757580036.208773 -1.130884 -0.043679 -0.016975 -1.217479 -1.108377 0.033380 -0.209239 -1.131647
1757580036.210769 -1.129358 -0.043679 -0.016975 -1.216716 -1.106852 0.033380 -0.209239 -1.131647
1757580036.212765 -1.127832 -0.043679 -0.016975 -1.216716 -1.105326 0.033380 -0.209239 -1.131266
1757580036.214766 -1.126307 -0.043679 -0.016975 -1.216334 -1.103800 0.033380 -0.209239 -1.131266
1757580036.216768 -1.124781 -0.043679 -0.016975 -1.215953 -1.102655 0.033380 -0.209239 -1.130884
1757580036.218767 -1.123255 -0.044061 -0.016975 -1.215571 -1.101130 0.033380 -0.209620 -1.130884
1757580036.220772 -1.121729 -0.044061 -0.016594 -1.215190 -1.099604 0.033380 -0.209620 -1.130503
1757580036.222769 -1.120203 -0.044061 -0.016594 -1.214808 -1.098078 0.033380 -0.209620 -1.130121
1757580036.224770 -1.118677 -0.044061 -0.016594 -1.214427 -1.096552 0.033380 -0.209620 -1.130121
1757580036.226782 -1.117533 -0.044061 -0.016594 -1.214046 -1.095026 0.033380 -0.209620 -1.129740
1757580036.228829 -1.116007 -0.044061 -0.016594 -1.213664 -1.093499 0.033380 -0.209620 -1.129740
1757580036.230761 -1.114481 -0.044061 -0.016594 -1.213283 -1.091973 0.033380 -0.209620 -1.129358
1757580036.232782 -1.112955 -0.044061 -0.016594 -1.213283 -1.090829 0.033380 -0.210002 -1.128977
1757580036.234765 -1.111429 -0.044061 -0.016212 -1.212901 -1.089303 0.033380 -0.210002 -1.128977
1757580036.236771 -1.109903 -0.044061 -0.016212 -1.212520 -1.087777 0.033380 -0.210002 -1.128595
1757580036.238766 -1.108377 -0.044061 -0.016212 -1.212138 -1.086251 0.033380 -0.210002 -1.128595
1757580036.240769 -1.106852 -0.044061 -0.016212 -1.212138 -1.084725 0.033380 -0.210002 -1.128214
1757580036.242767 -1.105326 -0.044061 -0.016212 -1.211757 -1.083200 0.033380 -0.210002 -1.127832
1757580036.244826 -1.103800 -0.044061 -0.016212 -1.211375 -1.081674 0.033380 -0.210002 -1.127832
1757580036.246766 -1.102274 -0.044061 -0.015831 -1.211375 -1.080148 0.033380 -0.210002 -1.127451
1757580036.248767 -1.100748 -0.044061 -0.015831 -1.210994 -1.078622 0.033380 -0.210002 -1.127451
1757580036.250769 -1.099222 -0.044061 -0.015831 -1.210612 -1.077096 0.033380 -0.210383 -1.127069
1757580036.252766 -1.097696 -0.044061 -0.015831 -1.210231 -1.075570 0.033380 -0.210383 -1.127069
1757580036.254825 -1.096170 -0.044061 -0.015831 -1.210231 -1.074426 0.033380 -0.210383 -1.126688
1757580036.256793 -1.094645 -0.044061 -0.015831 -1.209849 -1.072900 0.033380 -0.210383 -1.126307
1757580036.258779 -1.093118 -0.044061 -0.015450 -1.209849 -1.071374 0.033380 -0.210383 -1.126307
1757580036.260798 -1.091592 -0.044061 -0.015450 -1.209468 -1.069848 0.033380 -0.210383 -1.125925
1757580036.262773 -1.090066 -0.044061 -0.015450 -1.209086 -1.068322 0.033380 -0.210383 -1.125925
1757580036.264764 -1.088540 -0.044061 -0.015450 -1.209086 -1.066796 0.033380 -0.210383 -1.125544
1757580036.266750 -1.087014 -0.044061 -0.015450 -1.208705 -1.065270 0.033380 -0.210765 -1.125544
1757580036.268789 -1.085488 -0.044061 -0.015450 -1.208323 -1.064126 0.033380 -0.210765 -1.125162
1757580036.270737 -1.083962 -0.044061 -0.015068 -1.208323 -1.062600 0.033380 -0.210765 -1.124781
1757580036.272719 -1.082818 -0.044061 -0.015068 -1.207942 -1.061074 0.033380 -0.210765 -1.124781
1757580036.274755 -1.081292 -0.044061 -0.015068 -1.207942 -1.059548 0.033380 -0.210765 -1.124399
1757580036.276762 -1.079766 -0.044061 -0.015068 -1.207561 -1.058022 0.033380 -0.210765 -1.124399
1757580036.278759 -1.078240 -0.044061 -0.015068 -1.207179 -1.056878 0.033380 -0.210765 -1.124018
1757580036.280760 -1.076715 -0.044061 -0.015068 -1.207179 -1.055352 0.033380 -0.210765 -1.124018
1757580036.282764 -1.075189 -0.044061 -0.015068 -1.206798 -1.053826 0.033380 -0.210765 -1.123636
1757580036.284769 -1.073663 -0.044061 -0.014687 -1.206798 -1.052682 0.033380 -0.211146 -1.123636
1757580036.286747 -1.072137 -0.044061 -0.014687 -1.206416 -1.051156 0.033380 -0.211146 -1.123255
1757580036.288753 -1.070611 -0.044061 -0.014687 -1.206416 -1.049630 0.033380 -0.211146 -1.123255
1757580036.290724 -1.069085 -0.044061 -0.014687 -1.206035 -1.048104 0.033380 -0.211146 -1.122873
1757580036.292722 -1.067941 -0.044061 -0.014687 -1.205653 -1.046960 0.033380 -0.211146 -1.122492
1757580036.294717 -1.066415 -0.044061 -0.014687 -1.205653 -1.045434 0.033380 -0.211146 -1.122492
1757580036.296767 -1.064889 -0.044061 -0.014687 -1.205272 -1.043908 0.033380 -0.211146 -1.122110
1757580036.298771 -1.063363 -0.044061 -0.014305 -1.205272 -1.042382 0.033380 -0.211146 -1.122110
1757580036.300767 -1.061837 -0.044061 -0.014305 -1.204890 -1.041238 0.033380 -0.211528 -1.121729
1757580036.302732 -1.060311 -0.044061 -0.014305 -1.204890 -1.039712 0.033380 -0.211528 -1.121729
1757580036.304762 -1.058785 -0.044061 -0.014305 -1.204509 -1.038186 0.033380 -0.211528 -1.121347
1757580036.306771 -1.057260 -0.044061 -0.014305 -1.204127 -1.036660 0.033380 -0.211528 -1.121347
1757580036.308769 -1.055734 -0.044061 -0.014305 -1.204127 -1.035134 0.033380 -0.211528 -1.120966
1757580036.310731 -1.054208 -0.044061 -0.014305 -1.203746 -1.033990 0.033380 -0.211528 -1.120966
1757580036.312762 -1.052682 -0.044061 -0.014305 -1.203364 -1.032464 0.033380 -0.211528 -1.120584
1757580036.314765 -1.051538 -0.044061 -0.013924 -1.203364 -1.030937 0.033380 -0.211528 -1.120584
1757580036.316769 -1.050012 -0.044061 -0.013924 -1.202983 -1.029411 0.033380 -0.211909 -1.120203
1757580036.318773 -1.048486 -0.044061 -0.013924 -1.202601 -1.028267 0.033380 -0.211909 -1.120203
1757580036.320751 -1.046960 -0.044061 -0.013924 -1.202220 -1.026741 0.033380 -0.211909 -1.120203
1757580036.322749 -1.045434 -0.044061 -0.013924 -1.202220 -1.025215 0.033380 -0.211909 -1.119822
1757580036.324733 -1.043908 -0.044061 -0.013924 -1.201838 -1.024071 0.033380 -0.211909 -1.119822
1757580036.326818 -1.042382 -0.044061 -0.013924 -1.201457 -1.022545 0.033380 -0.211909 -1.119440
1757580036.328792 -1.041238 -0.044061 -0.013924 -1.201457 -1.021019 0.033380 -0.211909 -1.119440
1757580036.330764 -1.039712 -0.044061 -0.013542 -1.201076 -1.019875 0.033380 -0.211909 -1.119440
1757580036.332795 -1.038186 -0.044061 -0.013542 -1.200694 -1.018349 0.033380 -0.212291 -1.119059
1757580036.334735 -1.036660 -0.044061 -0.013542 -1.200694 -1.016823 0.033380 -0.212291 -1.119059
1757580036.336736 -1.035516 -0.044061 -0.013542 -1.200313 -1.015678 0.033380 -0.212291 -1.119059
1757580036.338766 -1.033990 -0.044061 -0.013542 -1.200313 -1.014153 0.033380 -0.212291 -1.118677
1757580036.340755 -1.032464 -0.044061 -0.013542 -1.199931 -1.013008 0.033380 -0.212291 -1.118677
1757580036.342765 -1.030937 -0.044061 -0.013542 -1.199550 -1.011482 0.033380 -0.212291 -1.118677
1757580036.344750 -1.029793 -0.044061 -0.013542 -1.199550 -1.010338 0.033380 -0.212291 -1.118677
1757580036.346732 -1.028267 -0.044061 -0.013161 -1.199168 -1.008812 0.033380 -0.212291 -1.118296
1757580036.348770 -1.026741 -0.044061 -0.013161 -1.199168 -1.007668 0.033380 -0.212672 -1.118296
1757580036.350755 -1.025215 -0.044061 -0.013161 -1.198787 -1.006142 0.033380 -0.212672 -1.118296
1757580036.352739 -1.024071 -0.044061 -0.013161 -1.198787 -1.004997 0.033380 -0.212672 -1.118296
1757580036.354736 -1.022545 -0.044061 -0.013161 -1.198787 -1.003853 0.033380 -0.212672 -1.117914
1757580036.356745 -1.021019 -0.044061 -0.013161 -1.198405 -1.002327 0.033380 -0.212672 -1.117914
1757580036.358735 -1.019493 -0.044061 -0.013161 -1.198405 -1.001183 0.033380 -0.212672 -1.117914
1757580036.360755 -1.018349 -0.044061 -0.013161 -1.198405 -1.000038 0.033380 -0.212672 -1.117914
1757580036.362738 -1.016823 -0.044061 -0.012779 -1.198024 -0.998512 0.033380 -0.212672 -1.117533
1757580036.364736 -1.015297 -0.044061 -0.012779 -1.198024 -0.997368 0.033380 -0.212672 -1.117533
1757580036.366732 -1.014153 -0.044061 -0.012779 -1.198024 -0.996223 0.033380 -0.213054 -1.117533
1757580036.368746 -1.012627 -0.044061 -0.012779 -1.198024 -0.995079 0.033380 -0.213054 -1.117533
1757580036.370736 -1.011101 -0.044061 -0.012779 -1.197642 -0.993553 0.033380 -0.213054 -1.117151
1757580036.372784 -1.009956 -0.044061 -0.012779 -1.197642 -0.992409 0.033380 -0.213054 -1.117151
1757580036.374769 -1.008430 -0.044061 -0.012779 -1.197642 -0.991264 0.033380 -0.213054 -1.117151
1757580036.376761 -1.007286 -0.044061 -0.012398 -1.197642 -0.990120 0.033380 -0.213054 -1.117151
1757580036.378734 -1.005760 -0.044061 -0.012398 -1.197261 -0.988976 0.033380 -0.213054 -1.117151
1757580036.380775 -1.004616 -0.044061 -0.012398 -1.197261 -0.987831 0.033380 -0.213054 -1.116770
1757580036.382741 -1.003090 -0.044061 -0.012398 -1.197261 -0.986305 0.033380 -0.213054 -1.116770
1757580036.384775 -1.001564 -0.044061 -0.012398 -1.196879 -0.985161 0.033380 -0.213054 -1.116770
1757580036.386740 -1.000420 -0.044061 -0.012016 -1.196879 -0.984016 0.033380 -0.213054 -1.116770
1757580036.388732 -0.998894 -0.044061 -0.012016 -1.196879 -0.982872 0.033380 -0.213435 -1.116388
1757580036.390740 -0.997749 -0.043679 -0.012016 -1.196498 -0.981728 0.033380 -0.213435 -1.116388
1757580036.392727 -0.996223 -0.043679 -0.012016 -1.196498 -0.980583 0.033380 -0.213435 -1.116388
1757580036.394731 -0.995079 -0.043679 -0.012016 -1.196498 -0.979439 0.033380 -0.213435 -1.116388
1757580036.396724 -0.993553 -0.043679 -0.011635 -1.196116 -0.978294 0.033380 -0.213435 -1.116388
1757580036.398733 -0.992409 -0.043679 -0.011635 -1.196116 -0.977150 0.033380 -0.213435 -1.116007
1757580036.400731 -0.990883 -0.043679 -0.011635 -1.195735 -0.976006 0.033380 -0.213435 -1.116007
1757580036.402732 -0.989738 -0.043679 -0.011635 -1.195735 -0.974861 0.033380 -0.213435 -1.116007
1757580036.404741 -0.988213 -0.043679 -0.011635 -1.195735 -0.973717 0.033380 -0.213817 -1.116007
1757580036.406733 -0.987068 -0.043679 -0.011635 -1.195354 -0.972572 0.033380 -0.213817 -1.116007
1757580036.408728 -0.985542 -0.043679 -0.011253 -1.195354 -0.971428 0.033380 -0.213817 -1.115625
1757580036.410732 -0.984398 -0.043679 -0.011253 -1.195354 -0.970284 0.033380 -0.213817 -1.115625
1757580036.412754 -0.982872 -0.043679 -0.011253 -1.194972 -0.969139 0.033380 -0.213817 -1.115625
1757580036.414739 -0.981728 -0.043679 -0.011253 -1.194972 -0.967994 0.033380 -0.213817 -1.115625
1757580036.416721 -0.980202 -0.043679 -0.011253 -1.194972 -0.967231 0.033380 -0.213817 -1.115244
1757580036.418733 -0.979057 -0.043679 -0.011253 -1.194591 -0.966086 0.033380 -0.213817 -1.115244
1757580036.420729 -0.977531 -0.043679 -0.010872 -1.194591 -0.964942 0.033380 -0.213817 -1.115244
1757580036.422725 -0.976387 -0.043679 -0.010872 -1.194591 -0.963798 0.033380 -0.214198 -1.115244
1757580036.424731 -0.975243 -0.043679 -0.010872 -1.194209 -0.962653 0.033380 -0.214198 -1.115244
1757580036.426732 -0.973717 -0.043679 -0.010872 -1.194209 -0.961890 0.033380 -0.214198 -1.114862
1757580036.428730 -0.972572 -0.043679 -0.010872 -1.194209 -0.960746 0.033380 -0.214198 -1.114862
1757580036.430768 -0.971046 -0.043679 -0.010872 -1.194209 -0.959601 0.033380 -0.214198 -1.114862
1757580036.432766 -0.969902 -0.043679 -0.010872 -1.194209 -0.958838 0.033380 -0.214198 -1.114862
1757580036.434743 -0.968758 -0.043679 -0.010872 -1.193828 -0.957694 0.033380 -0.214580 -1.114862
1757580036.436740 -0.967231 -0.043679 -0.010872 -1.193828 -0.956550 0.033380 -0.214580 -1.114862
1757580036.438738 -0.966086 -0.043679 -0.010490 -1.193828 -0.955787 0.032998 -0.214580 -1.114862
1757580036.440727 -0.964561 -0.043679 -0.010490 -1.193828 -0.954642 0.032998 -0.214580 -1.114481
1757580036.442831 -0.963416 -0.043679 -0.010490 -1.193446 -0.953879 0.032998 -0.214961 -1.114481
1757580036.444735 -0.962272 -0.043679 -0.010490 -1.193446 -0.952735 0.032998 -0.214961 -1.114481
1757580036.446729 -0.960746 -0.043679 -0.010490 -1.193446 -0.951591 0.032998 -0.214961 -1.114481
1757580036.448740 -0.959601 -0.043679 -0.010490 -1.193446 -0.950828 0.032998 -0.214961 -1.114481
1757580036.450741 -0.958457 -0.043679 -0.010109 -1.193446 -0.949683 0.032617 -0.215343 -1.114100
1757580036.452729 -0.956931 -0.043679 -0.010109 -1.193446 -0.948539 0.032617 -0.215343 -1.114100
1757580036.454723 -0.955787 -0.043679 -0.010109 -1.193065 -0.947776 0.032617 -0.215343 -1.114100
1757580036.456721 -0.954642 -0.043679 -0.010109 -1.193065 -0.946631 0.032617 -0.215343 -1.114100
1757580036.458741 -0.953116 -0.043679 -0.010109 -1.193065 -0.945487 0.032617 -0.215343 -1.114100
1757580036.460746 -0.951972 -0.043679 -0.010109 -1.193065 -0.944343 0.032235 -0.215343 -1.114100
1757580036.462755 -0.950828 -0.043679 -0.009727 -1.193065 -0.943580 0.032235 -0.215343 -1.113718
1757580036.464732 -0.949683 -0.043679 -0.009727 -1.192683 -0.942435 0.032235 -0.215724 -1.113718
1757580036.466724 -0.948539 -0.043679 -0.009727 -1.192683 -0.941291 0.032235 -0.215724 -1.113718
1757580036.468761 -0.947394 -0.043679 -0.009727 -1.192683 -0.940528 0.032235 -0.215724 -1.113718
1757580036.470762 -0.945868 -0.043679 -0.009727 -1.192683 -0.939384 0.032235 -0.215724 -1.113718
1757580036.472763 -0.944724 -0.043679 -0.009346 -1.192683 -0.938239 0.032235 -0.215724 -1.113718
1757580036.474808 -0.943580 -0.043679 -0.009346 -1.192302 -0.937476 0.032235 -0.215724 -1.113718
1757580036.476736 -0.942435 -0.043679 -0.009346 -1.192302 -0.936332 0.032235 -0.215724 -1.113337
1757580036.478758 -0.941291 -0.043679 -0.009346 -1.192302 -0.935187 0.032235 -0.215724 -1.113337
1757580036.480731 -0.940146 -0.043679 -0.008965 -1.192302 -0.934424 0.032235 -0.215724 -1.113337
1757580036.482720 -0.939002 -0.043679 -0.008965 -1.191920 -0.933280 0.032235 -0.215724 -1.113337
1757580036.484721 -0.937858 -0.043679 -0.008965 -1.191920 -0.932517 0.032235 -0.215724 -1.113337
1757580036.486742 -0.936713 -0.043679 -0.008965 -1.191920 -0.931373 0.032235 -0.215724 -1.113337
1757580036.488728 -0.935950 -0.043679 -0.008965 -1.191920 -0.930610 0.032235 -0.215724 -1.112955
1757580036.490721 -0.934806 -0.043679 -0.008583 -1.191920 -0.929465 0.032235 -0.215724 -1.112955
1757580036.492730 -0.933661 -0.043679 -0.008583 -1.191539 -0.928321 0.032235 -0.215724 -1.112955
1757580036.494755 -0.932517 -0.043298 -0.008583 -1.191539 -0.927558 0.032235 -0.215724 -1.112955
1757580036.496723 -0.931373 -0.043298 -0.008583 -1.191539 -0.926414 0.032235 -0.215724 -1.112955
1757580036.498719 -0.930228 -0.043298 -0.008202 -1.191539 -0.925651 0.032235 -0.215724 -1.112955
1757580036.500719 -0.929465 -0.043298 -0.008202 -1.191539 -0.924506 0.032235 -0.215724 -1.112574
1757580036.502776 -0.928321 -0.043298 -0.008202 -1.191539 -0.923743 0.032235 -0.215724 -1.112574
1757580036.504721 -0.927176 -0.043298 -0.008202 -1.191539 -0.922599 0.032235 -0.215724 -1.112574
1757580036.506750 -0.926414 -0.043298 -0.007820 -1.191157 -0.921836 0.032235 -0.216105 -1.112574
1757580036.508729 -0.925269 -0.043298 -0.007820 -1.191157 -0.920691 0.032235 -0.216105 -1.112574
1757580036.510888 -0.924125 -0.043298 -0.007820 -1.191157 -0.919929 0.032235 -0.216105 -1.112574
1757580036.512730 -0.923362 -0.043298 -0.007820 -1.191157 -0.918784 0.032235 -0.216105 -1.112574
1757580036.514739 -0.922217 -0.043298 -0.007820 -1.191157 -0.918021 0.032235 -0.216105 -1.112192
1757580036.516730 -0.921454 -0.043298 -0.007439 -1.191157 -0.916877 0.032235 -0.216105 -1.112192
1757580036.518854 -0.920310 -0.042916 -0.007439 -1.190776 -0.916114 0.032235 -0.216105 -1.112192
1757580036.520777 -0.919547 -0.042916 -0.007439 -1.190776 -0.914969 0.032235 -0.216105 -1.112192
1757580036.522769 -0.918403 -0.042916 -0.007439 -1.190776 -0.914207 0.032235 -0.216487 -1.112192
1757580036.524720 -0.917258 -0.042916 -0.007057 -1.190776 -0.913062 0.032235 -0.216487 -1.112192
1757580036.526830 -0.916495 -0.042916 -0.007057 -1.190776 -0.912299 0.032235 -0.216487 -1.112192
1757580036.528737 -0.915351 -0.042916 -0.007057 -1.190776 -0.911536 0.032235 -0.216487 -1.112192
1757580036.530798 -0.914588 -0.042916 -0.007057 -1.190776 -0.910392 0.032235 -0.216487 -1.112192
1757580036.532736 -0.913444 -0.042916 -0.007057 -1.190776 -0.909629 0.031854 -0.216487 -1.112192
1757580036.534720 -0.912681 -0.042916 -0.006676 -1.190776 -0.908866 0.031854 -0.216487 -1.112192
1757580036.536757 -0.911536 -0.042535 -0.006676 -1.190394 -0.907722 0.031854 -0.216487 -1.112192
1757580036.538737 -0.910392 -0.042535 -0.006676 -1.190394 -0.906959 0.031854 -0.216868 -1.112192
1757580036.540769 -0.909629 -0.042535 -0.006294 -1.190394 -0.906195 0.031854 -0.216868 -1.111811
1757580036.542738 -0.908484 -0.042535 -0.006294 -1.190394 -0.905050 0.031854 -0.216868 -1.111811
1757580036.544729 -0.907722 -0.042535 -0.006294 -1.190394 -0.904287 0.031854 -0.216868 -1.111811
1757580036.546718 -0.906577 -0.042535 -0.006294 -1.190394 -0.903524 0.031854 -0.216868 -1.111811
1757580036.548739 -0.905813 -0.042535 -0.006294 -1.190394 -0.902761 0.031854 -0.216868 -1.111811
1757580036.550737 -0.904669 -0.042535 -0.005913 -1.190394 -0.901617 0.031854 -0.216868 -1.111811
1757580036.552730 -0.903524 -0.042535 -0.005913 -1.190013 -0.900854 0.031472 -0.216868 -1.111811
1757580036.554733 -0.902761 -0.042535 -0.005913 -1.190013 -0.899710 0.031472 -0.216868 -1.111811
1757580036.556758 -0.901617 -0.042535 -0.005913 -1.190013 -0.898947 0.031472 -0.216868 -1.111811
1757580036.558740 -0.900854 -0.042535 -0.005913 -1.190013 -0.898184 0.031472 -0.216868 -1.111811
1757580036.560719 -0.899710 -0.042535 -0.005531 -1.190013 -0.897039 0.031472 -0.216868 -1.111811
1757580036.562742 -0.898947 -0.042535 -0.005531 -1.190013 -0.896276 0.031854 -0.216868 -1.111429
1757580036.564736 -0.897802 -0.042535 -0.005531 -1.190013 -0.895132 0.031854 -0.216868 -1.111429
1757580036.566762 -0.897039 -0.042535 -0.005531 -1.190013 -0.894369 0.031854 -0.216868 -1.111429
1757580036.568745 -0.895895 -0.042535 -0.005531 -1.190013 -0.893225 0.031854 -0.216868 -1.111429
1757580036.570755 -0.895132 -0.042535 -0.005531 -1.190013 -0.892462 0.031854 -0.216868 -1.111429
1757580036.572757 -0.894369 -0.042535 -0.005150 -1.190013 -0.891317 0.031854 -0.216868 -1.111429
1757580036.574742 -0.893225 -0.042535 -0.005150 -1.190013 -0.890554 0.031854 -0.216868 -1.111429
1757580036.576734 -0.892462 -0.042535 -0.005150 -1.190013 -0.889410 0.031854 -0.216868 -1.111429
1757580036.578730 -0.891699 -0.042535 -0.005150 -1.190013 -0.888647 0.031854 -0.216868 -1.111429
1757580036.580733 -0.890554 -0.042535 -0.005150 -1.190013 -0.887503 0.031854 -0.216868 -1.111048
1757580036.582738 -0.889791 -0.042535 -0.005150 -1.190013 -0.886740 0.031854 -0.216868 -1.111048
1757580036.584745 -0.889029 -0.042535 -0.004768 -1.190013 -0.885595 0.031854 -0.216868 -1.111048
1757580036.586737 -0.888266 -0.042535 -0.004768 -1.190013 -0.884832 0.031854 -0.216868 -1.111048
1757580036.588736 -0.887503 -0.042535 -0.004768 -1.190013 -0.883688 0.031854 -0.216868 -1.111048
1757580036.590739 -0.886358 -0.042535 -0.004768 -1.190013 -0.882544 0.031854 -0.216868 -1.111048
1757580036.592719 -0.885595 -0.042535 -0.004768 -1.190013 -0.881781 0.031854 -0.216868 -1.111048
1757580036.594726 -0.884832 -0.042535 -0.004387 -1.190013 -0.880636 0.031854 -0.216868 -1.111048
1757580036.596737 -0.884069 -0.042535 -0.004387 -1.190013 -0.879873 0.031854 -0.216868 -1.110666
1757580036.598767 -0.882925 -0.042535 -0.004387 -1.190013 -0.878729 0.031854 -0.216868 -1.110666
1757580036.600729 -0.882162 -0.042535 -0.004387 -1.190013 -0.877584 0.031854 -0.216868 -1.110666
1757580036.602725 -0.881399 -0.042535 -0.004005 -1.190013 -0.876822 0.031854 -0.216868 -1.110666
1757580036.604750 -0.880636 -0.042153 -0.004005 -1.190013 -0.875677 0.031854 -0.216868 -1.110666
1757580036.606735 -0.879873 -0.042153 -0.004005 -1.190013 -0.874533 0.031854 -0.216868 -1.110666
1757580036.608729 -0.878729 -0.042153 -0.004005 -1.190013 -0.873770 0.031854 -0.216868 -1.110666
1757580036.610741 -0.877966 -0.042153 -0.004005 -1.190013 -0.872625 0.031854 -0.216868 -1.110666
1757580036.612751 -0.877203 -0.042153 -0.003624 -1.190013 -0.871862 0.031854 -0.216868 -1.111048
1757580036.614727 -0.876059 -0.042153 -0.003624 -1.189631 -0.870718 0.031854 -0.216868 -1.111048
1757580036.616735 -0.875296 -0.042153 -0.003624 -1.189631 -0.869955 0.031854 -0.216868 -1.111048
1757580036.618719 -0.874533 -0.042153 -0.003624 -1.189631 -0.868811 0.031854 -0.216868 -1.111048
1757580036.620742 -0.873388 -0.042153 -0.003624 -1.189631 -0.867666 0.031854 -0.216868 -1.111048
1757580036.622718 -0.872625 -0.042153 -0.003242 -1.189631 -0.866903 0.031854 -0.216487 -1.111048
1757580036.624728 -0.871481 -0.041772 -0.003242 -1.189631 -0.865759 0.031854 -0.216487 -1.111048
1757580036.626716 -0.870718 -0.041772 -0.003242 -1.189631 -0.864996 0.031854 -0.216487 -1.111048
1757580036.628763 -0.869574 -0.041772 -0.003242 -1.189631 -0.863852 0.031854 -0.216487 -1.111048
1757580036.630806 -0.868811 -0.041772 -0.003242 -1.189250 -0.862707 0.031854 -0.216487 -1.111048
1757580036.632795 -0.867666 -0.041772 -0.002861 -1.189250 -0.861944 0.031854 -0.216487 -1.111048
1757580036.634754 -0.866522 -0.041772 -0.002861 -1.189250 -0.860800 0.031854 -0.216487 -1.111048
1757580036.636745 -0.865759 -0.041772 -0.002861 -1.189250 -0.859655 0.031854 -0.216487 -1.111048
1757580036.638749 -0.864614 -0.041772 -0.002861 -1.189250 -0.858511 0.031854 -0.216487 -1.111048
1757580036.640750 -0.863470 -0.041772 -0.002861 -1.189250 -0.857748 0.031854 -0.216487 -1.111048
1757580036.642749 -0.862707 -0.041772 -0.002861 -1.189250 -0.856604 0.031854 -0.216487 -1.111048
1757580036.644744 -0.861563 -0.041772 -0.002861 -1.189250 -0.855459 0.031854 -0.216487 -1.111048
1757580036.646745 -0.860418 -0.041772 -0.002861 -1.189250 -0.854315 0.031854 -0.216487 -1.111048
1757580036.648754 -0.859655 -0.041772 -0.002861 -1.189250 -0.853552 0.031854 -0.216487 -1.111048
1757580036.650750 -0.858511 -0.041772 -0.002480 -1.189250 -0.852407 0.032235 -0.216487 -1.111048
1757580036.652745 -0.857367 -0.041772 -0.002480 -1.189250 -0.851263 0.032235 -0.216487 -1.111048
1757580036.654778 -0.856222 -0.041772 -0.002480 -1.188869 -0.850119 0.032235 -0.216487 -1.111048
1757580036.656759 -0.855078 -0.041772 -0.002480 -1.188869 -0.848974 0.032235 -0.216487 -1.111048
1757580036.658729 -0.854315 -0.041772 -0.002480 -1.188869 -0.847830 0.032235 -0.216105 -1.111048
1757580036.660831 -0.853170 -0.041772 -0.002480 -1.188869 -0.846685 0.032235 -0.216105 -1.111048
1757580036.662835 -0.852026 -0.041772 -0.002480 -1.188869 -0.845541 0.032235 -0.216105 -1.111048
1757580036.664782 -0.850882 -0.041772 -0.002480 -1.188869 -0.844778 0.032235 -0.216105 -1.110666
1757580036.666764 -0.849737 -0.041772 -0.002480 -1.188869 -0.843633 0.032617 -0.216105 -1.110666
1757580036.668763 -0.848974 -0.042153 -0.002480 -1.188869 -0.842488 0.032617 -0.216105 -1.110666
1757580036.670764 -0.847830 -0.042153 -0.002480 -1.188869 -0.841344 0.032617 -0.216105 -1.110666
1757580036.672783 -0.846685 -0.042153 -0.002480 -1.188869 -0.840199 0.032617 -0.216105 -1.110666
1757580036.674770 -0.845922 -0.042153 -0.002480 -1.188869 -0.839055 0.032617 -0.216105 -1.110666
1757580036.676744 -0.844778 -0.042153 -0.002480 -1.188869 -0.837911 0.032617 -0.216105 -1.110666
1757580036.678742 -0.843633 -0.042153 -0.002480 -1.188869 -0.836766 0.032617 -0.216105 -1.110666
1757580036.680815 -0.842488 -0.042153 -0.002480 -1.188869 -0.835622 0.032617 -0.216105 -1.110666
1757580036.682743 -0.841725 -0.042153 -0.002098 -1.188869 -0.834477 0.032617 -0.216105 -1.110666
1757580036.684742 -0.840581 -0.042153 -0.002098 -1.188869 -0.833333 0.032617 -0.216105 -1.110285
1757580036.686735 -0.839437 -0.042153 -0.002098 -1.188487 -0.832570 0.032617 -0.216105 -1.110285
1757580036.688784 -0.838292 -0.042153 -0.002098 -1.188487 -0.831426 0.032617 -0.216105 -1.110285
1757580036.690763 -0.837148 -0.042153 -0.002098 -1.188487 -0.830281 0.032617 -0.216105 -1.110285
1757580036.692745 -0.836003 -0.042153 -0.002098 -1.188487 -0.829137 0.032617 -0.216105 -1.110285
1757580036.694731 -0.834859 -0.042153 -0.002098 -1.188487 -0.827992 0.032998 -0.216105 -1.110285
1757580036.696758 -0.834096 -0.042153 -0.002098 -1.188487 -0.826848 0.032998 -0.216105 -1.109903
1757580036.698756 -0.832952 -0.042153 -0.002098 -1.188487 -0.825322 0.032998 -0.216105 -1.109903
1757580036.700778 -0.831807 -0.042153 -0.002098 -1.188487 -0.824178 0.032998 -0.216105 -1.109903
1757580036.702709 -0.830663 -0.042153 -0.002098 -1.188487 -0.823033 0.032998 -0.216105 -1.109903
1757580036.704722 -0.829518 -0.042153 -0.002098 -1.188106 -0.821889 0.032998 -0.216105 -1.109903
1757580036.706711 -0.828374 -0.042153 -0.002098 -1.188106 -0.820745 0.032998 -0.216105 -1.109903
1757580036.708746 -0.827229 -0.042153 -0.002098 -1.188106 -0.819600 0.032998 -0.216105 -1.109522
1757580036.710715 -0.826085 -0.042153 -0.002098 -1.188106 -0.818456 0.032998 -0.216105 -1.109522
1757580036.712710 -0.825322 -0.042153 -0.002098 -1.188106 -0.817311 0.032998 -0.216105 -1.109522
1757580036.714725 -0.824178 -0.042153 -0.002098 -1.188106 -0.815785 0.032998 -0.216105 -1.109522
1757580036.716724 -0.823033 -0.042535 -0.002098 -1.188106 -0.814641 0.032998 -0.216105 -1.109140
1757580036.718726 -0.821889 -0.042535 -0.002098 -1.188106 -0.813497 0.032998 -0.216105 -1.109140
1757580036.720715 -0.821126 -0.042535 -0.002098 -1.188106 -0.811971 0.032998 -0.216105 -1.109140
1757580036.722763 -0.819982 -0.042535 -0.002098 -1.188106 -0.810826 0.032998 -0.216105 -1.109140
1757580036.724722 -0.818837 -0.042535 -0.002098 -1.188106 -0.809682 0.032998 -0.216105 -1.109140
1757580036.726754 -0.817693 -0.042535 -0.002098 -1.188106 -0.808156 0.032998 -0.216105 -1.108759
1757580036.728725 -0.816930 -0.042535 -0.002098 -1.188106 -0.807012 0.032998 -0.216105 -1.108759
1757580036.730710 -0.815785 -0.042535 -0.002098 -1.188106 -0.805867 0.032998 -0.216105 -1.108759
1757580036.732702 -0.814641 -0.042535 -0.002098 -1.188106 -0.804341 0.032998 -0.216105 -1.108759
1757580036.734706 -0.813878 -0.042916 -0.002098 -1.188106 -0.803197 0.032998 -0.216105 -1.108377
1757580036.736714 -0.812734 -0.042916 -0.002098 -1.188106 -0.801671 0.032998 -0.216105 -1.108377
1757580036.738716 -0.811589 -0.042916 -0.002098 -1.188106 -0.800527 0.033380 -0.216105 -1.108377
1757580036.740713 -0.810826 -0.042916 -0.002098 -1.188106 -0.799001 0.033380 -0.216105 -1.108377
1757580036.742729 -0.809682 -0.042916 -0.002098 -1.188106 -0.797856 0.033380 -0.216105 -1.107996
1757580036.744720 -0.808919 -0.042916 -0.002098 -1.188106 -0.796712 0.033380 -0.216105 -1.107996
1757580036.746721 -0.807775 -0.042916 -0.002098 -1.188106 -0.795186 0.033380 -0.216105 -1.107996
1757580036.748720 -0.806630 -0.042916 -0.002098 -1.188106 -0.794042 0.033380 -0.216105 -1.107996
1757580036.750738 -0.805867 -0.042916 -0.001717 -1.187724 -0.792516 0.033380 -0.216105 -1.107615
1757580036.752758 -0.804723 -0.042916 -0.001717 -1.187724 -0.790990 0.033380 -0.216105 -1.107615
1757580036.754761 -0.803578 -0.042916 -0.001717 -1.187724 -0.789845 0.033380 -0.216105 -1.107615
1757580036.756768 -0.802434 -0.042916 -0.001717 -1.187724 -0.788320 0.033380 -0.216105 -1.107615
1757580036.758761 -0.801671 -0.042916 -0.001717 -1.187724 -0.787175 0.033761 -0.215724 -1.107233
1757580036.760742 -0.800527 -0.042916 -0.001717 -1.187724 -0.785649 0.033761 -0.215724 -1.107233
1757580036.762713 -0.799382 -0.042916 -0.001717 -1.187724 -0.784505 0.033761 -0.215724 -1.107233
1757580036.764705 -0.798619 -0.042916 -0.001335 -1.187343 -0.782979 0.033761 -0.215724 -1.106852
1757580036.766735 -0.797475 -0.042916 -0.001335 -1.187343 -0.781835 0.033761 -0.215724 -1.106852
1757580036.768717 -0.796330 -0.042916 -0.001335 -1.187343 -0.780308 0.033761 -0.215724 -1.106852
1757580036.770740 -0.795186 -0.042916 -0.001335 -1.187343 -0.778782 0.033761 -0.215724 -1.106470
1757580036.772719 -0.794042 -0.042916 -0.001335 -1.187343 -0.777637 0.033761 -0.215724 -1.106470
1757580036.774719 -0.792897 -0.042916 -0.001335 -1.187343 -0.776112 0.034142 -0.215724 -1.106470
1757580036.776715 -0.792134 -0.042916 -0.001335 -1.187343 -0.774967 0.034142 -0.215724 -1.106089
1757580036.778732 -0.790990 -0.042916 -0.001335 -1.187343 -0.773441 0.034142 -0.215724 -1.106089
1757580036.780717 -0.789845 -0.042916 -0.000954 -1.187343 -0.772297 0.034142 -0.215724 -1.106089
1757580036.782710 -0.788701 -0.042535 -0.000954 -1.187343 -0.770771 0.034142 -0.215724 -1.105707
1757580036.784819 -0.787557 -0.042535 -0.000954 -1.187343 -0.769245 0.034142 -0.215724 -1.105707
1757580036.786738 -0.786412 -0.042535 -0.000954 -1.186961 -0.768101 0.034142 -0.215724 -1.105707
1757580036.788740 -0.785649 -0.042535 -0.000954 -1.186961 -0.766575 0.034142 -0.215724 -1.105326
1757580036.790765 -0.784505 -0.042535 -0.000572 -1.186961 -0.765430 0.034142 -0.215724 -1.105326
1757580036.792731 -0.783360 -0.042535 -0.000572 -1.186961 -0.763905 0.034142 -0.215724 -1.105326
1757580036.794736 -0.782216 -0.042535 -0.000572 -1.186961 -0.762760 0.034142 -0.215724 -1.105326
1757580036.796725 -0.781071 -0.042153 -0.000572 -1.187343 -0.761234 0.034142 -0.215724 -1.104944
1757580036.798727 -0.780308 -0.042153 -0.000572 -1.187343 -0.760090 0.034142 -0.215724 -1.104944
1757580036.800723 -0.779163 -0.042153 -0.000572 -1.187343 -0.758564 0.034142 -0.215724 -1.104944
1757580036.802734 -0.778019 -0.042153 -0.000572 -1.187343 -0.757038 0.034142 -0.215724 -1.104944
1757580036.804725 -0.776875 -0.042153 -0.000572 -1.187343 -0.755894 0.034142 -0.215724 -1.104944
1757580036.806727 -0.776112 -0.042153 -0.000191 -1.187343 -0.754368 0.034142 -0.215724 -1.104563
1757580036.808722 -0.774967 -0.042153 -0.000191 -1.187343 -0.753223 0.034142 -0.215724 -1.104563
1757580036.810730 -0.773823 -0.042153 -0.000191 -1.187343 -0.752079 0.034142 -0.215724 -1.104563
1757580036.812725 -0.773060 -0.042153 -0.000191 -1.187343 -0.750553 0.034142 -0.215724 -1.104563
1757580036.814724 -0.771915 -0.042153 -0.000191 -1.187343 -0.749409 0.034142 -0.215724 -1.104181
1757580036.816750 -0.771152 -0.042153 -0.000191 -1.187343 -0.747883 0.034142 -0.215724 -1.104181
1757580036.818761 -0.770008 -0.042153 -0.000191 -1.187343 -0.746738 0.034142 -0.215724 -1.104181
1757580036.820725 -0.769245 -0.042153 0.000191 -1.187343 -0.745594 0.034142 -0.215724 -1.104181
1757580036.822739 -0.768101 -0.042153 0.000191 -1.187343 -0.744450 0.034142 -0.215724 -1.104181
1757580036.824725 -0.767338 -0.042153 0.000191 -1.187343 -0.742924 0.034142 -0.215724 -1.103800
1757580036.826773 -0.766193 -0.042153 0.000191 -1.187343 -0.741779 0.034142 -0.215724 -1.103800
1757580036.828727 -0.765430 -0.042535 0.000191 -1.187343 -0.740635 0.034142 -0.215724 -1.103800
1757580036.830727 -0.764286 -0.042535 0.000191 -1.187343 -0.739491 0.034142 -0.215724 -1.103800
1757580036.832717 -0.763523 -0.042535 0.000191 -1.187343 -0.737965 0.034142 -0.215724 -1.103800
1757580036.834769 -0.762379 -0.042535 0.000191 -1.187343 -0.736820 0.034142 -0.215724 -1.103800
1757580036.836726 -0.761616 -0.042535 0.000191 -1.187343 -0.735676 0.034142 -0.215724 -1.103418
1757580036.838746 -0.760471 -0.042535 0.000191 -1.187343 -0.734531 0.034142 -0.215724 -1.103418
1757580036.840731 -0.759708 -0.042535 0.000572 -1.187343 -0.733387 0.034142 -0.215724 -1.103418
1757580036.842790 -0.758564 -0.042535 0.000572 -1.187343 -0.732243 0.034142 -0.215724 -1.103418
1757580036.844724 -0.757801 -0.042535 0.000572 -1.187343 -0.731098 0.034142 -0.215724 -1.103418
1757580036.846797 -0.756657 -0.042535 0.000572 -1.187343 -0.729954 0.034142 -0.215724 -1.103418
1757580036.848725 -0.755894 -0.042535 0.000572 -1.187343 -0.728809 0.034142 -0.215724 -1.103418
1757580036.850774 -0.754749 -0.042535 0.000572 -1.187343 -0.728046 0.034142 -0.215343 -1.103418
1757580036.852733 -0.753986 -0.042535 0.000191 -1.187343 -0.726902 0.034142 -0.215343 -1.103418
1757580036.854742 -0.752842 -0.042535 0.000191 -1.186961 -0.725758 0.034524 -0.215343 -1.103418
1757580036.856766 -0.752079 -0.042535 0.000191 -1.186961 -0.724995 0.034524 -0.215343 -1.103037
1757580036.858762 -0.750935 -0.042535 0.000191 -1.186961 -0.723850 0.034524 -0.215343 -1.103037
1757580036.860736 -0.750172 -0.042535 0.000191 -1.186961 -0.722706 0.034524 -0.215343 -1.103037
1757580036.862717 -0.749027 -0.042916 0.000191 -1.186961 -0.721561 0.034524 -0.215343 -1.103037
1757580036.864714 -0.748264 -0.042916 0.000191 -1.186961 -0.720798 0.034524 -0.215343 -1.103037
1757580036.866713 -0.747120 -0.042916 0.000191 -1.186961 -0.719654 0.034524 -0.214961 -1.103037
1757580036.868726 -0.745975 -0.042916 0.000191 -1.186961 -0.718509 0.034524 -0.214961 -1.103037
1757580036.870724 -0.744831 -0.042916 0.000191 -1.186961 -0.717746 0.034905 -0.214961 -1.103037
1757580036.872732 -0.744068 -0.042916 0.000191 -1.186961 -0.716601 0.034905 -0.214961 -1.103037
1757580036.874715 -0.742924 -0.043298 0.000191 -1.186961 -0.715838 0.034905 -0.214961 -1.103037
1757580036.876715 -0.741779 -0.043298 0.000191 -1.186580 -0.714694 0.034905 -0.214961 -1.103037
1757580036.878747 -0.740635 -0.043298 0.000191 -1.186580 -0.713931 0.034905 -0.214961 -1.103037
1757580036.880729 -0.739872 -0.043298 0.000191 -1.186580 -0.713168 0.034905 -0.214961 -1.103037
1757580036.882717 -0.738728 -0.043298 -0.000191 -1.186580 -0.712024 0.034905 -0.214580 -1.103037
1757580036.884722 -0.737583 -0.043679 -0.000191 -1.186580 -0.711261 0.035287 -0.214580 -1.103037
1757580036.886744 -0.736439 -0.043679 -0.000191 -1.186580 -0.710498 0.035287 -0.214580 -1.103037
1757580036.888733 -0.735294 -0.043679 -0.000191 -1.186580 -0.709735 0.035287 -0.214580 -1.103037
1757580036.890723 -0.734531 -0.043679 -0.000191 -1.186580 -0.708972 0.035287 -0.214580 -1.103037
1757580036.892721 -0.733387 -0.043679 -0.000191 -1.186580 -0.708209 0.035287 -0.214580 -1.103037
1757580036.894725 -0.732243 -0.044061 -0.000191 -1.186580 -0.707828 0.035668 -0.214580 -1.103037
1757580036.896725 -0.731098 -0.044061 -0.000191 -1.186580 -0.707065 0.035668 -0.214580 -1.103037
1757580036.898722 -0.729954 -0.044061 -0.000191 -1.186198 -0.706302 0.035668 -0.214580 -1.103037
1757580036.900722 -0.729191 -0.044061 -0.000572 -1.186198 -0.705539 0.035668 -0.214198 -1.103037
1757580036.902717 -0.728046 -0.044061 -0.000572 -1.186198 -0.705157 0.035668 -0.214198 -1.103037
1757580036.904732 -0.726902 -0.044442 -0.000572 -1.186198 -0.704394 0.035668 -0.214198 -1.103037
1757580036.906714 -0.725758 -0.044442 -0.000572 -1.186198 -0.703631 0.035668 -0.214198 -1.103037
1757580036.908839 -0.724995 -0.044442 -0.000572 -1.186198 -0.703250 0.036050 -0.214198 -1.103037
1757580036.910749 -0.723850 -0.044442 -0.000572 -1.186198 -0.702487 0.036050 -0.214198 -1.103037
1757580036.912735 -0.722706 -0.044442 -0.000572 -1.186198 -0.702106 0.036050 -0.214198 -1.103037
1757580036.914734 -0.721561 -0.044824 -0.000572 -1.186198 -0.701343 0.036050 -0.214198 -1.103037
1757580036.916736 -0.720417 -0.044824 -0.000572 -1.186198 -0.700961 0.036050 -0.214580 -1.103037
1757580036.918717 -0.719654 -0.044824 -0.000572 -1.186198 -0.700198 0.036050 -0.214580 -1.103037
1757580036.920741 -0.718509 -0.044824 -0.000572 -1.185817 -0.699817 0.036050 -0.214580 -1.103037
1757580036.922733 -0.717364 -0.044824 -0.000572 -1.185817 -0.699435 0.036050 -0.214580 -1.103037
1757580036.924722 -0.716220 -0.044824 -0.000572 -1.185817 -0.698672 0.036050 -0.214580 -1.103037
1757580036.926712 -0.715075 -0.044824 -0.000572 -1.185817 -0.698291 0.036050 -0.214580 -1.103037
1757580036.928736 -0.713931 -0.045205 -0.000572 -1.185817 -0.697909 0.036050 -0.214580 -1.103037
1757580036.930715 -0.712787 -0.045205 -0.000572 -1.185817 -0.697528 0.036050 -0.214580 -1.103037
1757580036.932725 -0.711642 -0.045205 -0.000572 -1.185817 -0.697146 0.036050 -0.214580 -1.103037
1757580036.934714 -0.710498 -0.045205 -0.000572 -1.185817 -0.696765 0.036050 -0.214580 -1.103418
1757580036.936736 -0.709353 -0.045205 -0.000954 -1.185817 -0.696383 0.036050 -0.214580 -1.103418
1757580036.938721 -0.708209 -0.045205 -0.000954 -1.185817 -0.696002 0.036050 -0.214580 -1.103418
1757580036.940764 -0.707446 -0.045205 -0.000572 -1.185817 -0.695621 0.036050 -0.214580 -1.103418
1757580036.942734 -0.706302 -0.045587 -0.000572 -1.185817 -0.695239 0.036050 -0.214580 -1.103418
1757580036.944724 -0.705157 -0.045587 -0.000572 -1.185817 -0.695239 0.036050 -0.214580 -1.103418
1757580036.946719 -0.704394 -0.045587 -0.000954 -1.185817 -0.694858 0.036050 -0.214580 -1.103418
1757580036.948751 -0.703250 -0.045587 -0.000954 -1.185817 -0.694476 0.036050 -0.214580 -1.103800
1757580036.950742 -0.702487 -0.045587 -0.000954 -1.185817 -0.694476 0.036050 -0.214580 -1.103800
1757580036.952732 -0.701724 -0.045587 -0.000954 -1.185817 -0.694095 0.036050 -0.214580 -1.103800
1757580036.954721 -0.700580 -0.045587 -0.000954 -1.186198 -0.693713 0.036050 -0.214580 -1.103800
1757580036.956748 -0.699817 -0.045968 -0.000954 -1.186198 -0.693713 0.036050 -0.214580 -1.103800
1757580036.958721 -0.699054 -0.045968 -0.000954 -1.186198 -0.693332 0.036050 -0.214580 -1.103800
1757580036.960723 -0.698291 -0.045968 -0.000954 -1.186198 -0.693332 0.036050 -0.214580 -1.103800
1757580036.962719 -0.697528 -0.045968 -0.000954 -1.186198 -0.692950 0.036050 -0.214580 -1.103800
1757580036.964778 -0.697146 -0.045968 -0.000954 -1.186198 -0.692950 0.036050 -0.214580 -1.104181
1757580036.966722 -0.696383 -0.045968 -0.000954 -1.186198 -0.692569 0.036050 -0.214580 -1.104181
1757580036.968724 -0.695621 -0.046350 -0.000954 -1.186198 -0.692569 0.036050 -0.214580 -1.104181
1757580036.970719 -0.694858 -0.046350 -0.000954 -1.186198 -0.692569 0.036050 -0.214580 -1.104181
1757580036.972769 -0.694095 -0.046350 -0.000954 -1.186198 -0.692187 0.036050 -0.214580 -1.104181
1757580036.974728 -0.693332 -0.046350 -0.000954 -1.186198 -0.692187 0.036050 -0.214580 -1.104181
1757580036.976731 -0.692569 -0.046350 -0.000954 -1.186198 -0.691806 0.036050 -0.214580 -1.104181
1757580036.978711 -0.691806 -0.046350 -0.000954 -1.186580 -0.691806 0.036050 -0.214580 -1.104563
1757580036.980722 -0.691424 -0.046350 -0.000954 -1.186580 -0.691424 0.036050 -0.214580 -1.104563
1757580036.982725 -0.690661 -0.046350 -0.000954 -1.186580 -0.691424 0.036050 -0.214580 -1.104563
1757580036.984713 -0.689898 -0.046350 -0.000954 -1.186580 -0.691043 0.036050 -0.214580 -1.104563
1757580036.986724 -0.689136 -0.046350 -0.000954 -1.186580 -0.691043 0.036050 -0.214580 -1.104563
1757580036.988718 -0.688754 -0.046350 -0.000954 -1.186961 -0.691043 0.036050 -0.214580 -1.104944
1757580036.990750 -0.687991 -0.046731 -0.000954 -1.186961 -0.690661 0.036050 -0.214580 -1.104944
1757580036.992723 -0.687610 -0.046731 -0.000954 -1.186961 -0.690661 0.036050 -0.214580 -1.104944
1757580036.994724 -0.686847 -0.046731 -0.000954 -1.186961 -0.690280 0.036050 -0.214580 -1.104944
1757580036.996756 -0.686465 -0.046731 -0.000954 -1.186961 -0.690280 0.036050 -0.214580 -1.104944
1757580036.998751 -0.685702 -0.046731 -0.000954 -1.187343 -0.689898 0.036050 -0.214580 -1.104944
1757580037.000754 -0.685321 -0.046731 -0.000954 -1.187343 -0.689898 0.036050 -0.214580 -1.104944
1757580037.002791 -0.684939 -0.046731 -0.000954 -1.187343 -0.689517 0.036050 -0.214580 -1.105326
1757580037.004723 -0.684558 -0.046731 -0.000954 -1.187343 -0.689517 0.036050 -0.214580 -1.105326
1757580037.006727 -0.683795 -0.046731 -0.000954 -1.187724 -0.689136 0.036050 -0.214580 -1.105326
1757580037.008720 -0.683414 -0.046731 -0.000954 -1.187724 -0.689136 0.036050 -0.214580 -1.105326
1757580037.010763 -0.683032 -0.046731 -0.000954 -1.187724 -0.688754 0.036050 -0.214580 -1.105326
1757580037.012753 -0.682651 -0.046731 -0.000954 -1.187724 -0.688373 0.036050 -0.214580 -1.105326
1757580037.014766 -0.682269 -0.046731 -0.000954 -1.187724 -0.688373 0.036050 -0.214580 -1.105326
1757580037.016757 -0.681888 -0.046731 -0.000954 -1.188106 -0.687991 0.036050 -0.214580 -1.105326
1757580037.018763 -0.681506 -0.046731 -0.000954 -1.188106 -0.687610 0.036050 -0.214580 -1.105326
1757580037.020753 -0.681125 -0.046731 -0.000954 -1.188106 -0.687610 0.036050 -0.214580 -1.105326
1757580037.022763 -0.680743 -0.046731 -0.000954 -1.188106 -0.687228 0.036050 -0.214580 -1.105707
1757580037.024761 -0.680362 -0.046731 -0.000954 -1.188106 -0.686847 0.036050 -0.214580 -1.105707
1757580037.026760 -0.679980 -0.046731 -0.000954 -1.188487 -0.686465 0.036050 -0.214580 -1.105707
1757580037.028758 -0.679599 -0.046731 -0.000954 -1.188487 -0.686465 0.036050 -0.214580 -1.105707
1757580037.030765 -0.679217 -0.046731 -0.000954 -1.188487 -0.686084 0.036050 -0.214580 -1.105707
1757580037.032754 -0.678836 -0.046731 -0.000954 -1.188487 -0.685702 0.036050 -0.214580 -1.105707
1757580037.034768 -0.678454 -0.046731 -0.000954 -1.188487 -0.685321 0.036050 -0.214580 -1.105707
1757580037.036758 -0.678073 -0.046731 -0.000954 -1.188869 -0.684939 0.036050 -0.214580 -1.105707
1757580037.038875 -0.677691 -0.046731 -0.000954 -1.188869 -0.684558 0.036050 -0.214580 -1.105707
1757580037.040733 -0.677310 -0.046731 -0.000954 -1.188869 -0.684176 0.036050 -0.214580 -1.105707
1757580037.042717 -0.676929 -0.047112 -0.000954 -1.188869 -0.683795 0.036050 -0.214580 -1.105707
1757580037.044724 -0.676547 -0.047112 -0.000954 -1.188869 -0.683795 0.036050 -0.214580 -1.105707
1757580037.046721 -0.676166 -0.047112 -0.000954 -1.188869 -0.683414 0.036050 -0.214580 -1.106089
1757580037.048766 -0.675784 -0.047112 -0.000954 -1.189250 -0.683032 0.036050 -0.214580 -1.106089
1757580037.050746 -0.675403 -0.047112 -0.000954 -1.189250 -0.682651 0.036050 -0.214580 -1.106089
1757580037.052734 -0.675021 -0.047112 -0.000954 -1.189250 -0.682269 0.036050 -0.214580 -1.106089
1757580037.054730 -0.674640 -0.047112 -0.000954 -1.189250 -0.681888 0.036050 -0.214580 -1.106089
1757580037.056711 -0.674258 -0.047112 -0.000954 -1.189250 -0.681506 0.036050 -0.214580 -1.106089
1757580037.058724 -0.673877 -0.047112 -0.000954 -1.189631 -0.681125 0.036050 -0.214580 -1.106089
1757580037.060711 -0.673495 -0.047112 -0.000954 -1.189631 -0.680743 0.036050 -0.214580 -1.106089
1757580037.062738 -0.673114 -0.047112 -0.000954 -1.189631 -0.679980 0.036050 -0.214580 -1.106089
1757580037.064791 -0.672732 -0.047112 -0.000954 -1.189631 -0.679599 0.036050 -0.214580 -1.106089
1757580037.066736 -0.672351 -0.047494 -0.000954 -1.190013 -0.679217 0.036050 -0.214580 -1.106089
1757580037.068723 -0.672351 -0.047494 -0.000954 -1.190013 -0.678836 0.036050 -0.214580 -1.106089
1757580037.070749 -0.671969 -0.047494 -0.000954 -1.190013 -0.678454 0.036050 -0.214580 -1.106089
1757580037.072718 -0.671588 -0.047494 -0.000954 -1.190013 -0.678073 0.036050 -0.214580 -1.105707
1757580037.074744 -0.671588 -0.047494 -0.000954 -1.190013 -0.677310 0.036050 -0.214580 -1.105707
1757580037.076764 -0.671206 -0.047494 -0.000954 -1.190394 -0.676929 0.036050 -0.214580 -1.105707
1757580037.078725 -0.670825 -0.047494 -0.000954 -1.190394 -0.676547 0.036050 -0.214580 -1.105707
1757580037.080729 -0.670825 -0.047494 -0.000954 -1.190394 -0.676166 0.036050 -0.214580 -1.105707
1757580037.082731 -0.670444 -0.047494 -0.000954 -1.190394 -0.675403 0.036050 -0.214580 -1.105707
1757580037.084730 -0.670444 -0.047494 -0.000954 -1.190776 -0.675021 0.036050 -0.214580 -1.105707
1757580037.086728 -0.670062 -0.047494 -0.000954 -1.190776 -0.674640 0.036050 -0.214580 -1.105707
1757580037.088737 -0.670062 -0.047494 -0.000954 -1.190776 -0.673877 0.036050 -0.214198 -1.105707
1757580037.090734 -0.669681 -0.047494 -0.000954 -1.190776 -0.673495 0.036050 -0.214198 -1.105707
1757580037.092736 -0.669681 -0.047494 -0.000954 -1.190776 -0.672732 0.036050 -0.214198 -1.105707
1757580037.094794 -0.669299 -0.047494 -0.000954 -1.191157 -0.672351 0.036050 -0.214198 -1.105707
1757580037.096769 -0.669299 -0.047875 -0.000954 -1.191157 -0.671588 0.036431 -0.214198 -1.105707
1757580037.098794 -0.668918 -0.047875 -0.000954 -1.191157 -0.671206 0.036431 -0.214198 -1.105707
1757580037.100775 -0.668918 -0.047875 -0.000954 -1.191157 -0.670444 0.036431 -0.214198 -1.105707
1757580037.102742 -0.668536 -0.047875 -0.000954 -1.191157 -0.670062 0.036431 -0.214198 -1.105326
1757580037.104721 -0.668155 -0.047875 -0.000954 -1.191157 -0.669299 0.036431 -0.214198 -1.105326
1757580037.106735 -0.668155 -0.047875 -0.000954 -1.191539 -0.668918 0.036431 -0.214198 -1.105326
1757580037.108725 -0.667773 -0.047875 -0.000954 -1.191539 -0.668155 0.036431 -0.214198 -1.105326
1757580037.110729 -0.667392 -0.048257 -0.000954 -1.191539 -0.667392 0.036431 -0.214198 -1.105326
1757580037.112723 -0.667392 -0.048257 -0.000954 -1.191539 -0.667010 0.036431 -0.214198 -1.105326
1757580037.114733 -0.667010 -0.048257 -0.000954 -1.191539 -0.666247 0.036431 -0.214198 -1.105326
1757580037.116724 -0.666629 -0.048257 -0.000954 -1.191539 -0.665484 0.036813 -0.214198 -1.105326
1757580037.118726 -0.666247 -0.048257 -0.000954 -1.191539 -0.664721 0.036813 -0.214198 -1.104944
1757580037.120721 -0.665866 -0.048257 -0.000954 -1.191920 -0.663959 0.036813 -0.214198 -1.104944
1757580037.122730 -0.665484 -0.048257 -0.000954 -1.191920 -0.663577 0.036813 -0.214198 -1.104944
1757580037.124717 -0.665484 -0.048257 -0.000954 -1.191920 -0.662814 0.036813 -0.214198 -1.104944
1757580037.126781 -0.665103 -0.048257 -0.000954 -1.191920 -0.662051 0.036813 -0.214198 -1.104944
1757580037.128729 -0.664721 -0.048638 -0.000954 -1.191920 -0.661288 0.036813 -0.214198 -1.104944
1757580037.130733 -0.664340 -0.048638 -0.000954 -1.191920 -0.660525 0.036813 -0.214198 -1.104944
1757580037.132726 -0.663959 -0.048638 -0.000954 -1.192302 -0.659762 0.036813 -0.214198 -1.104944
1757580037.134736 -0.663577 -0.048638 -0.000954 -1.192302 -0.658999 0.037194 -0.214198 -1.104944
1757580037.136711 -0.663196 -0.048638 -0.000954 -1.192302 -0.658237 0.037194 -0.214198 -1.104944
1757580037.138727 -0.662814 -0.048638 -0.000954 -1.192302 -0.657474 0.037194 -0.214198 -1.104944
1757580037.140713 -0.662433 -0.048638 -0.000954 -1.192302 -0.656711 0.037194 -0.214198 -1.104563
1757580037.142731 -0.662051 -0.048638 -0.000954 -1.192302 -0.655947 0.037194 -0.214198 -1.104563
1757580037.144709 -0.661670 -0.048638 -0.000954 -1.192302 -0.655184 0.037194 -0.214198 -1.104563
1757580037.146726 -0.661288 -0.048638 -0.000954 -1.192683 -0.654421 0.037194 -0.213817 -1.104563
1757580037.148712 -0.660907 -0.048638 -0.000954 -1.192683 -0.653658 0.037194 -0.213817 -1.104563
1757580037.150736 -0.660525 -0.048638 -0.000954 -1.192683 -0.652895 0.037194 -0.213817 -1.104563
1757580037.152721 -0.660144 -0.048638 -0.000954 -1.192683 -0.652132 0.037194 -0.213817 -1.104563
1757580037.154723 -0.659762 -0.048638 -0.000954 -1.192683 -0.651369 0.037194 -0.213817 -1.104181
1757580037.156707 -0.659381 -0.048638 -0.000954 -1.192683 -0.650606 0.037194 -0.213817 -1.104181
1757580037.158739 -0.658999 -0.048638 -0.000954 -1.192683 -0.649843 0.037194 -0.213817 -1.104181
1757580037.160719 -0.658618 -0.048638 -0.000954 -1.192683 -0.649080 0.037194 -0.213817 -1.104181
1757580037.162747 -0.658237 -0.048638 -0.000954 -1.192683 -0.648317 0.037194 -0.213817 -1.104181
1757580037.164717 -0.657855 -0.048638 -0.000954 -1.193065 -0.647554 0.037194 -0.213435 -1.104181
1757580037.166736 -0.657474 -0.048638 -0.000954 -1.193065 -0.646410 0.037194 -0.213435 -1.103800
1757580037.168717 -0.657092 -0.048638 -0.000954 -1.193065 -0.645647 0.037194 -0.213435 -1.103800
1757580037.170729 -0.656711 -0.048638 -0.000954 -1.193065 -0.644884 0.037576 -0.213435 -1.103800
1757580037.172712 -0.656329 -0.048638 -0.000954 -1.193065 -0.644121 0.037576 -0.213435 -1.103800
1757580037.174802 -0.655947 -0.048638 -0.000954 -1.193065 -0.643358 0.037576 -0.213435 -1.103800
1757580037.176759 -0.655565 -0.048638 -0.000954 -1.193065 -0.642214 0.037576 -0.213435 -1.103800
1757580037.178723 -0.655184 -0.048638 -0.000954 -1.193065 -0.641451 0.037576 -0.213054 -1.103418
1757580037.180723 -0.654421 -0.048638 -0.000954 -1.193065 -0.640688 0.037576 -0.213054 -1.103418
1757580037.182729 -0.654039 -0.049020 -0.000954 -1.193446 -0.639925 0.037957 -0.213054 -1.103418
1757580037.184719 -0.653658 -0.049020 -0.000954 -1.193446 -0.638781 0.037957 -0.213054 -1.103418
1757580037.186719 -0.653276 -0.049020 -0.000954 -1.193446 -0.638018 0.037957 -0.213054 -1.103418
1757580037.188747 -0.652895 -0.049020 -0.000954 -1.193446 -0.637255 0.037957 -0.213054 -1.103418
1757580037.190752 -0.652132 -0.049020 -0.000954 -1.193446 -0.636492 0.037957 -0.213054 -1.103418
1757580037.192760 -0.651751 -0.049020 -0.000954 -1.193446 -0.635347 0.037957 -0.213054 -1.103037
1757580037.194731 -0.651369 -0.049020 -0.000954 -1.193446 -0.634584 0.037957 -0.212672 -1.103037
1757580037.196720 -0.650988 -0.049020 -0.000954 -1.193446 -0.633821 0.038339 -0.212672 -1.103037
1757580037.198739 -0.650606 -0.049020 -0.000954 -1.193446 -0.633059 0.038339 -0.212672 -1.103037
1757580037.200723 -0.650225 -0.049401 -0.000954 -1.193828 -0.631914 0.038339 -0.212672 -1.103037
1757580037.202715 -0.649843 -0.049401 -0.000954 -1.193828 -0.631151 0.038339 -0.212672 -1.103037
1757580037.204718 -0.649080 -0.049401 -0.000954 -1.193828 -0.630388 0.038339 -0.212672 -1.103037
1757580037.206725 -0.648699 -0.049401 -0.000954 -1.193828 -0.629625 0.038339 -0.212672 -1.102655
1757580037.208721 -0.648317 -0.049401 -0.000954 -1.193828 -0.628481 0.038339 -0.212672 -1.102655
1757580037.210710 -0.647936 -0.049401 -0.000954 -1.193828 -0.627718 0.038720 -0.212291 -1.102655
1757580037.212720 -0.647554 -0.049401 -0.000954 -1.193828 -0.626955 0.038720 -0.212291 -1.102655
1757580037.214715 -0.646791 -0.049401 -0.000954 -1.193828 -0.626192 0.038720 -0.212291 -1.102655
1757580037.216721 -0.646410 -0.049401 -0.000954 -1.193828 -0.625048 0.038720 -0.212291 -1.102274
1757580037.218708 -0.646029 -0.049401 -0.000954 -1.193828 -0.624285 0.038720 -0.212291 -1.102274
1757580037.220740 -0.645266 -0.049401 -0.000954 -1.193828 -0.623522 0.038720 -0.212291 -1.102274
1757580037.222721 -0.644884 -0.049783 -0.000954 -1.193828 -0.622759 0.039102 -0.212291 -1.102274
1757580037.224720 -0.644503 -0.049783 -0.000954 -1.193828 -0.621996 0.039102 -0.212291 -1.102274
1757580037.226720 -0.643740 -0.049783 -0.000954 -1.193828 -0.620852 0.039102 -0.211909 -1.101892
1757580037.228724 -0.643358 -0.049783 -0.000954 -1.193828 -0.620089 0.039102 -0.211909 -1.101892
1757580037.230717 -0.642595 -0.049783 -0.000954 -1.193828 -0.619326 0.039102 -0.211909 -1.101892
1757580037.232720 -0.642214 -0.049783 -0.001335 -1.193828 -0.618563 0.039102 -0.211909 -1.101892
1757580037.234718 -0.641451 -0.049783 -0.001335 -1.193828 -0.617800 0.039102 -0.211909 -1.101892
1757580037.236719 -0.641069 -0.050164 -0.001335 -1.193828 -0.617037 0.039483 -0.211909 -1.101511
1757580037.238718 -0.640306 -0.050164 -0.001335 -1.193828 -0.616274 0.039483 -0.211909 -1.101511
1757580037.240718 -0.639544 -0.050164 -0.001335 -1.193446 -0.615129 0.039483 -0.211909 -1.101511
1757580037.242722 -0.639162 -0.050164 -0.001335 -1.193446 -0.614367 0.039483 -0.211909 -1.101511
1757580037.244720 -0.638399 -0.050164 -0.001335 -1.193446 -0.613604 0.039483 -0.211528 -1.101511
1757580037.246718 -0.637636 -0.050164 -0.001335 -1.193446 -0.612841 0.039483 -0.211528 -1.101130
1757580037.248721 -0.636873 -0.050164 -0.001335 -1.193446 -0.612078 0.039483 -0.211528 -1.101130
1757580037.250753 -0.636492 -0.050164 -0.001335 -1.193446 -0.611315 0.039865 -0.211528 -1.101130
1757580037.252725 -0.635729 -0.050546 -0.001335 -1.193065 -0.610552 0.039865 -0.211528 -1.101130
1757580037.254729 -0.634966 -0.050546 -0.001335 -1.192683 -0.609789 0.039865 -0.211528 -1.101130
1757580037.256727 -0.633821 -0.050546 -0.001335 -1.192683 -0.609026 0.039865 -0.211146 -1.100748
1757580037.258722 -0.633059 -0.050546 -0.001335 -1.192302 -0.608263 0.039865 -0.211146 -1.100748
1757580037.260726 -0.631914 -0.050546 -0.001335 -1.192302 -0.607500 0.040246 -0.211146 -1.100748
1757580037.262726 -0.631151 -0.050546 -0.001335 -1.192302 -0.606737 0.040246 -0.211146 -1.100748
1757580037.264721 -0.630007 -0.050546 -0.001717 -1.192302 -0.606356 0.040246 -0.211146 -1.100748
1757580037.266716 -0.629244 -0.050546 -0.001717 -1.191920 -0.605593 0.040246 -0.211146 -1.100748
1757580037.268721 -0.628099 -0.050546 -0.001717 -1.191920 -0.604830 0.040627 -0.210765 -1.100748
1757580037.270721 -0.627337 -0.050546 -0.001717 -1.191920 -0.604067 0.040627 -0.210765 -1.100367
1757580037.272721 -0.626192 -0.050927 -0.001717 -1.191920 -0.603304 0.040627 -0.210765 -1.100367
1757580037.274718 -0.625048 -0.050927 -0.001717 -1.191539 -0.602922 0.040627 -0.210765 -1.100367
1757580037.276721 -0.624285 -0.050927 -0.001717 -1.191539 -0.602160 0.040627 -0.210765 -1.100367
1757580037.278717 -0.623140 -0.050927 -0.001717 -1.191539 -0.601397 0.041009 -0.210383 -1.100367
1757580037.280715 -0.622377 -0.050927 -0.001717 -1.191539 -0.601015 0.041009 -0.210383 -1.100367
1757580037.282739 -0.621233 -0.050927 -0.001717 -1.191539 -0.600252 0.041009 -0.210383 -1.100367
1757580037.284725 -0.620470 -0.050927 -0.001717 -1.191157 -0.599489 0.041009 -0.210383 -1.099985
1757580037.286716 -0.619326 -0.051309 -0.001717 -1.191157 -0.599108 0.041009 -0.210383 -1.099985
1757580037.288759 -0.618563 -0.051309 -0.001717 -1.191157 -0.598345 0.041390 -0.210002 -1.099985
1757580037.290748 -0.617418 -0.051309 -0.001717 -1.191157 -0.597963 0.041390 -0.210002 -1.099985
1757580037.292727 -0.616655 -0.051309 -0.001717 -1.191157 -0.597200 0.041390 -0.210002 -1.099985
1757580037.294716 -0.615511 -0.051309 -0.001717 -1.191157 -0.596819 0.041390 -0.210002 -1.099604
1757580037.296717 -0.614748 -0.051309 -0.002098 -1.190776 -0.596056 0.041390 -0.210002 -1.099604
1757580037.298717 -0.613604 -0.051309 -0.002098 -1.190776 -0.595293 0.041390 -0.210002 -1.099604
1757580037.300738 -0.612841 -0.051690 -0.002098 -1.190776 -0.594912 0.041772 -0.210002 -1.099604
1757580037.302720 -0.612078 -0.051690 -0.002098 -1.190776 -0.594149 0.041772 -0.209620 -1.099604
1757580037.304731 -0.611315 -0.051690 -0.002098 -1.190776 -0.593767 0.041772 -0.209620 -1.099222
1757580037.306716 -0.610170 -0.051690 -0.002098 -1.190776 -0.593003 0.041772 -0.209620 -1.099222
1757580037.308733 -0.609407 -0.051690 -0.002098 -1.190776 -0.592622 0.041772 -0.209620 -1.099222
1757580037.310716 -0.608644 -0.051690 -0.002098 -1.190776 -0.591859 0.042153 -0.209620 -1.099222
1757580037.312752 -0.607882 -0.051690 -0.002098 -1.190394 -0.591477 0.042153 -0.209620 -1.099222
1757580037.314718 -0.607119 -0.051690 -0.002098 -1.190394 -0.590714 0.042153 -0.209620 -1.098841
1757580037.316728 -0.605974 -0.052072 -0.002480 -1.190394 -0.590333 0.042153 -0.209239 -1.098841
1757580037.318724 -0.605211 -0.052072 -0.002480 -1.190394 -0.589570 0.042153 -0.209239 -1.098841
1757580037.320713 -0.604448 -0.052072 -0.002480 -1.190394 -0.589189 0.042153 -0.209239 -1.098841
1757580037.322708 -0.603685 -0.052072 -0.002480 -1.190394 -0.588426 0.042535 -0.209239 -1.098459
1757580037.324730 -0.602922 -0.052072 -0.002480 -1.190394 -0.587663 0.042535 -0.209239 -1.098459
1757580037.326712 -0.602160 -0.052072 -0.002480 -1.190394 -0.587281 0.042535 -0.209239 -1.098459
1757580037.328706 -0.601397 -0.052072 -0.002480 -1.190013 -0.586518 0.042535 -0.209239 -1.098459
1757580037.330717 -0.600634 -0.052072 -0.002480 -1.190013 -0.585755 0.042535 -0.209239 -1.098459
1757580037.332729 -0.599871 -0.052072 -0.002480 -1.190013 -0.585374 0.042535 -0.209239 -1.098078
1757580037.334709 -0.599108 -0.052453 -0.002480 -1.190013 -0.584611 0.042535 -0.209239 -1.098078
1757580037.336729 -0.598345 -0.052453 -0.002480 -1.190013 -0.583848 0.042535 -0.208858 -1.098078
1757580037.338714 -0.597200 -0.052453 -0.002480 -1.190013 -0.583467 0.042916 -0.208858 -1.098078
1757580037.340708 -0.596437 -0.052453 -0.002480 -1.190013 -0.582704 0.042916 -0.208858 -1.097696
1757580037.342704 -0.595675 -0.052453 -0.002480 -1.190013 -0.581941 0.042916 -0.208858 -1.097696
1757580037.344736 -0.594912 -0.052453 -0.002480 -1.190013 -0.581178 0.042916 -0.208858 -1.097696
1757580037.346717 -0.594149 -0.052453 -0.002480 -1.189631 -0.580796 0.042916 -0.208858 -1.097696
1757580037.348716 -0.593385 -0.052453 -0.002480 -1.189631 -0.580033 0.042916 -0.208858 -1.097696
1757580037.350767 -0.592622 -0.052453 -0.002480 -1.189631 -0.579270 0.042916 -0.208858 -1.097315
1757580037.352735 -0.591477 -0.052453 -0.002480 -1.189631 -0.578507 0.042916 -0.208858 -1.097315
1757580037.354726 -0.590714 -0.052453 -0.002480 -1.189631 -0.577744 0.043298 -0.208858 -1.097315
1757580037.356720 -0.589952 -0.052453 -0.002480 -1.189631 -0.576982 0.043298 -0.208858 -1.097315
1757580037.358716 -0.588807 -0.052453 -0.002480 -1.189250 -0.576600 0.043298 -0.208858 -1.096933
1757580037.360729 -0.588044 -0.052453 -0.002480 -1.189250 -0.575837 0.043298 -0.208858 -1.096933
1757580037.362713 -0.586900 -0.052835 -0.002480 -1.189250 -0.575074 0.043298 -0.208858 -1.096933
1757580037.364717 -0.586137 -0.052835 -0.002480 -1.189250 -0.574311 0.043298 -0.208858 -1.096933
1757580037.366713 -0.584992 -0.052835 -0.002480 -1.189250 -0.573548 0.043679 -0.208858 -1.096552
1757580037.368727 -0.583848 -0.052835 -0.002480 -1.189250 -0.572785 0.043679 -0.208858 -1.096552
1757580037.370710 -0.583085 -0.052835 -0.002480 -1.188869 -0.572022 0.043679 -0.208858 -1.096552
1757580037.372716 -0.581941 -0.052835 -0.002480 -1.188869 -0.571259 0.043679 -0.208858 -1.096552
1757580037.374777 -0.580796 -0.052835 -0.002480 -1.188869 -0.570497 0.043679 -0.208858 -1.096170
1757580037.376735 -0.579652 -0.052835 -0.002480 -1.188869 -0.569734 0.043679 -0.208858 -1.096170
1757580037.378720 -0.578507 -0.053216 -0.002480 -1.188869 -0.568971 0.044061 -0.208858 -1.096170
1757580037.380715 -0.577363 -0.053216 -0.002480 -1.188487 -0.568208 0.044061 -0.208858 -1.096170
1757580037.382717 -0.576219 -0.053216 -0.002480 -1.188487 -0.567445 0.044061 -0.208858 -1.096170
1757580037.384731 -0.575074 -0.053216 -0.002480 -1.188487 -0.566682 0.044061 -0.208858 -1.095789
1757580037.386717 -0.573930 -0.053216 -0.002480 -1.188487 -0.565919 0.044061 -0.208858 -1.095789
1757580037.388714 -0.572785 -0.053216 -0.002480 -1.188487 -0.565156 0.044061 -0.208858 -1.095789
1757580037.390716 -0.571641 -0.053216 -0.002480 -1.188106 -0.564393 0.044061 -0.208858 -1.095789
1757580037.392803 -0.570497 -0.053597 -0.002480 -1.188106 -0.563630 0.044442 -0.208858 -1.095789
1757580037.394773 -0.569352 -0.053597 -0.002480 -1.188106 -0.562486 0.044442 -0.208858 -1.095789
1757580037.396718 -0.568208 -0.053597 -0.002480 -1.188106 -0.561723 0.044442 -0.208858 -1.095407
1757580037.398715 -0.566682 -0.053597 -0.002480 -1.188106 -0.560960 0.044442 -0.208858 -1.095407
1757580037.400737 -0.565537 -0.053597 -0.002480 -1.188106 -0.560197 0.044442 -0.208858 -1.095407
1757580037.402724 -0.564393 -0.053597 -0.002480 -1.187724 -0.559434 0.044442 -0.208858 -1.095407
1757580037.404786 -0.563249 -0.053597 -0.002480 -1.187724 -0.558671 0.044824 -0.208476 -1.095407
1757580037.406740 -0.561723 -0.053597 -0.002480 -1.187724 -0.557908 0.044824 -0.208476 -1.095407
1757580037.408735 -0.560578 -0.053979 -0.002480 -1.187724 -0.557145 0.044824 -0.208476 -1.095026
1757580037.410724 -0.559434 -0.053979 -0.002861 -1.187724 -0.556382 0.044824 -0.208476 -1.095026
1757580037.412738 -0.557908 -0.053979 -0.002861 -1.187343 -0.555619 0.044824 -0.208476 -1.095026
1757580037.414748 -0.556764 -0.053979 -0.002861 -1.187343 -0.554856 0.045205 -0.208476 -1.095026
1757580037.416753 -0.555238 -0.053979 -0.002861 -1.187343 -0.554093 0.045205 -0.208476 -1.095026
1757580037.418728 -0.554093 -0.053979 -0.002861 -1.187343 -0.553330 0.045205 -0.208476 -1.095026
1757580037.420707 -0.552567 -0.054360 -0.002861 -1.186961 -0.552567 0.045205 -0.208476 -1.094645
1757580037.422722 -0.551423 -0.054360 -0.002861 -1.186961 -0.551805 0.045587 -0.208476 -1.094645
1757580037.424709 -0.549897 -0.054360 -0.002861 -1.186961 -0.551042 0.045587 -0.208476 -1.094645
1757580037.426723 -0.548753 -0.054360 -0.002861 -1.186961 -0.550279 0.045587 -0.208476 -1.094645
1757580037.428715 -0.547227 -0.054360 -0.002861 -1.186580 -0.549516 0.045587 -0.208095 -1.094645
1757580037.430724 -0.546082 -0.054360 -0.003242 -1.186580 -0.548753 0.045968 -0.208095 -1.094263
1757580037.432713 -0.544557 -0.054742 -0.003242 -1.186580 -0.547990 0.045968 -0.208095 -1.094263
1757580037.434708 -0.543412 -0.054742 -0.003242 -1.186198 -0.547227 0.045968 -0.208095 -1.094263
1757580037.436846 -0.541886 -0.054742 -0.003242 -1.186198 -0.546464 0.045968 -0.208095 -1.094263
1757580037.438726 -0.540360 -0.054742 -0.003242 -1.185817 -0.545701 0.046350 -0.208095 -1.094263
1757580037.440751 -0.539216 -0.054742 -0.003242 -1.185817 -0.545320 0.046350 -0.208095 -1.094263
1757580037.442774 -0.537690 -0.054742 -0.003242 -1.185817 -0.544557 0.046350 -0.207713 -1.093882
1757580037.444716 -0.536164 -0.054742 -0.003242 -1.185435 -0.543794 0.046350 -0.207713 -1.093882
1757580037.446716 -0.535020 -0.054742 -0.003242 -1.185435 -0.543031 0.046350 -0.207713 -1.093882
1757580037.448713 -0.533494 -0.054742 -0.002861 -1.185054 -0.542268 0.046731 -0.207713 -1.093882
1757580037.450708 -0.532350 -0.055123 -0.002861 -1.185054 -0.541505 0.046731 -0.207713 -1.093882
1757580037.452715 -0.530823 -0.055123 -0.002861 -1.185054 -0.540742 0.046731 -0.207713 -1.093882
1757580037.454742 -0.529678 -0.055123 -0.002861 -1.184672 -0.539979 0.046731 -0.207713 -1.093499
1757580037.456713 -0.528152 -0.055123 -0.002861 -1.184672 -0.539216 0.047112 -0.207332 -1.093499
1757580037.458712 -0.527008 -0.055123 -0.002861 -1.184672 -0.538453 0.047112 -0.207332 -1.093499
1757580037.460706 -0.525482 -0.055123 -0.002861 -1.184291 -0.538072 0.047112 -0.207332 -1.093499
1757580037.462717 -0.524338 -0.055123 -0.002861 -1.184291 -0.537309 0.047112 -0.207332 -1.093499
1757580037.464705 -0.523193 -0.055123 -0.002861 -1.184291 -0.536546 0.047112 -0.207332 -1.093499
1757580037.466701 -0.521667 -0.055123 -0.002861 -1.184291 -0.535783 0.047494 -0.207332 -1.093118
1757580037.468746 -0.520523 -0.055123 -0.002861 -1.183909 -0.535020 0.047494 -0.207332 -1.093118
1757580037.470720 -0.519379 -0.055123 -0.002861 -1.183909 -0.534638 0.047494 -0.206950 -1.093118
1757580037.472717 -0.518234 -0.055123 -0.002861 -1.183909 -0.533875 0.047494 -0.206950 -1.093118
1757580037.474713 -0.516708 -0.055123 -0.002861 -1.183909 -0.533113 0.047494 -0.206950 -1.093118
1757580037.476725 -0.515564 -0.055123 -0.002861 -1.183528 -0.532350 0.047875 -0.206950 -1.093118
1757580037.478738 -0.514420 -0.055123 -0.002861 -1.183528 -0.531968 0.047875 -0.206950 -1.092736
1757580037.480714 -0.513275 -0.055123 -0.002861 -1.183528 -0.531204 0.047875 -0.206950 -1.092736
1757580037.482714 -0.512131 -0.055123 -0.002480 -1.183528 -0.530441 0.047875 -0.206950 -1.092736
1757580037.484704 -0.510986 -0.055123 -0.002480 -1.183528 -0.530060 0.047875 -0.206950 -1.092736
1757580037.486715 -0.509842 -0.055123 -0.002480 -1.183146 -0.529297 0.047875 -0.206950 -1.092736
1757580037.488733 -0.508698 -0.055123 -0.002480 -1.183146 -0.528915 0.047875 -0.206950 -1.092736
1757580037.490704 -0.507935 -0.055123 -0.002480 -1.183146 -0.528152 0.048257 -0.206950 -1.092355
1757580037.492735 -0.506790 -0.055123 -0.002480 -1.183146 -0.527390 0.048257 -0.206950 -1.092355
1757580037.494724 -0.505646 -0.055123 -0.002480 -1.183146 -0.527008 0.048257 -0.206950 -1.092355
1757580037.496712 -0.504501 -0.055123 -0.002480 -1.182765 -0.526245 0.048257 -0.206950 -1.092355
1757580037.498736 -0.503357 -0.055123 -0.002480 -1.182765 -0.525864 0.048257 -0.206950 -1.092355
1757580037.500730 -0.502213 -0.055123 -0.002480 -1.182765 -0.525101 0.048257 -0.206950 -1.092355
1757580037.502758 -0.501450 -0.055123 -0.002480 -1.182765 -0.524719 0.048257 -0.206950 -1.091973
1757580037.504733 -0.500305 -0.055123 -0.002480 -1.182765 -0.523956 0.048257 -0.206950 -1.091973
1757580037.506707 -0.499161 -0.055123 -0.002480 -1.182384 -0.523575 0.048257 -0.206950 -1.091973
1757580037.508703 -0.498398 -0.055123 -0.002480 -1.182384 -0.523193 0.048257 -0.206950 -1.091973
1757580037.510720 -0.497253 -0.055123 -0.002480 -1.182384 -0.522430 0.048257 -0.206950 -1.091592
1757580037.512737 -0.496109 -0.055123 -0.002480 -1.182384 -0.522049 0.048257 -0.206950 -1.091592
1757580037.514714 -0.495346 -0.055123 -0.002480 -1.182384 -0.521667 0.048257 -0.206950 -1.091592
1757580037.516704 -0.494202 -0.055123 -0.002480 -1.182002 -0.521286 0.048257 -0.206950 -1.091592
1757580037.518717 -0.493057 -0.055123 -0.002480 -1.182002 -0.520523 0.048257 -0.206950 -1.091592
1757580037.520714 -0.492294 -0.055123 -0.002480 -1.182002 -0.520142 0.048257 -0.206950 -1.091210
1757580037.522704 -0.491150 -0.055123 -0.002480 -1.182002 -0.519760 0.048257 -0.206950 -1.091210
1757580037.524703 -0.490005 -0.055123 -0.002480 -1.182002 -0.519379 0.048257 -0.206950 -1.091210
1757580037.526717 -0.489243 -0.055123 -0.002480 -1.181621 -0.518997 0.048257 -0.206950 -1.091210
1757580037.528712 -0.488098 -0.055123 -0.002480 -1.181621 -0.518234 0.048257 -0.206950 -1.091210
1757580037.530749 -0.487335 -0.055123 -0.002480 -1.181621 -0.517853 0.048257 -0.206950 -1.090829
1757580037.532713 -0.486191 -0.055123 -0.002480 -1.181621 -0.517471 0.048257 -0.206950 -1.090829
1757580037.534714 -0.485428 -0.055123 -0.002480 -1.181621 -0.517090 0.048257 -0.206950 -1.090829
1757580037.536705 -0.484283 -0.055123 -0.002480 -1.181239 -0.516708 0.048257 -0.206950 -1.090829
1757580037.538787 -0.483521 -0.055123 -0.002480 -1.181239 -0.516327 0.048257 -0.206950 -1.090829
1757580037.540746 -0.482376 -0.055123 -0.002480 -1.181239 -0.515945 0.048257 -0.206950 -1.090447
1757580037.542751 -0.481613 -0.055123 -0.002480 -1.181239 -0.515564 0.048257 -0.206950 -1.090447
1757580037.544757 -0.480469 -0.055123 -0.002480 -1.181239 -0.515182 0.048257 -0.207332 -1.090447
1757580037.546757 -0.479706 -0.055123 -0.002480 -1.181239 -0.514801 0.048257 -0.207332 -1.090447
1757580037.548755 -0.478561 -0.055123 -0.002480 -1.180858 -0.514420 0.048257 -0.207332 -1.090447
1757580037.550756 -0.477798 -0.055123 -0.002480 -1.180858 -0.514038 0.048257 -0.207332 -1.090447
1757580037.552754 -0.477036 -0.055123 -0.002480 -1.180858 -0.513657 0.048257 -0.207332 -1.090447
1757580037.554758 -0.475891 -0.055123 -0.002480 -1.180858 -0.513275 0.048257 -0.207332 -1.090447
1757580037.556753 -0.475128 -0.055123 -0.002480 -1.180858 -0.512894 0.048257 -0.207332 -1.090066
1757580037.558750 -0.473984 -0.055123 -0.002480 -1.180476 -0.512512 0.048257 -0.207332 -1.090066
1757580037.560785 -0.473221 -0.055123 -0.002480 -1.180476 -0.512131 0.048257 -0.207332 -1.090066
1757580037.562755 -0.472458 -0.055123 -0.002480 -1.180476 -0.511749 0.048257 -0.207332 -1.090066
1757580037.564754 -0.471313 -0.055123 -0.002480 -1.180476 -0.511749 0.048257 -0.207332 -1.090066
1757580037.566751 -0.470551 -0.055123 -0.002480 -1.180476 -0.511368 0.048257 -0.207713 -1.090066
1757580037.568741 -0.469788 -0.055123 -0.002098 -1.180476 -0.510986 0.048257 -0.207713 -1.090066
1757580037.570752 -0.468642 -0.055123 -0.002098 -1.180476 -0.510605 0.048257 -0.207713 -1.090066
1757580037.572699 -0.467879 -0.055123 -0.002098 -1.180476 -0.510223 0.048257 -0.207713 -1.090066
1757580037.574719 -0.467116 -0.055123 -0.002098 -1.180095 -0.509842 0.047875 -0.207713 -1.090066
1757580037.576697 -0.466353 -0.055123 -0.002098 -1.180095 -0.509460 0.047875 -0.207713 -1.089684
1757580037.578725 -0.465209 -0.055123 -0.002098 -1.180095 -0.509079 0.047875 -0.207713 -1.089684
1757580037.580754 -0.464446 -0.055123 -0.002098 -1.180095 -0.508698 0.047875 -0.207713 -1.089684
1757580037.582745 -0.463683 -0.055123 -0.002098 -1.180095 -0.508698 0.047875 -0.208095 -1.089684
1757580037.584717 -0.462539 -0.055123 -0.002098 -1.180095 -0.508316 0.047875 -0.208095 -1.089684
1757580037.586764 -0.461776 -0.055123 -0.002098 -1.180095 -0.507935 0.047875 -0.208095 -1.089684
1757580037.588712 -0.461013 -0.055123 -0.002098 -1.179713 -0.507553 0.047875 -0.208095 -1.089684
1757580037.590734 -0.460250 -0.055123 -0.002098 -1.179713 -0.507172 0.047875 -0.208095 -1.089684
1757580037.592750 -0.459105 -0.055123 -0.002098 -1.179713 -0.506790 0.047875 -0.208095 -1.089684
1757580037.594726 -0.458343 -0.055123 -0.002098 -1.179713 -0.506409 0.047875 -0.208095 -1.089303
1757580037.596729 -0.457580 -0.055123 -0.002098 -1.179713 -0.506027 0.047875 -0.208095 -1.089303
1757580037.598715 -0.456435 -0.055123 -0.001717 -1.179713 -0.505646 0.047875 -0.208095 -1.089303
1757580037.600724 -0.455672 -0.055123 -0.001717 -1.179713 -0.505264 0.047875 -0.208095 -1.089303
1757580037.602797 -0.454909 -0.055123 -0.001717 -1.179713 -0.504501 0.047875 -0.208095 -1.089303
1757580037.604725 -0.454146 -0.055123 -0.001717 -1.179332 -0.504120 0.047875 -0.208095 -1.088922
1757580037.606762 -0.453002 -0.055123 -0.001717 -1.179332 -0.503738 0.047875 -0.208095 -1.088922
1757580037.608711 -0.452239 -0.055123 -0.002098 -1.179332 -0.502975 0.047875 -0.208095 -1.088922
1757580037.610760 -0.451476 -0.055123 -0.002098 -1.179332 -0.502594 0.047875 -0.208095 -1.088922
1757580037.612711 -0.450332 -0.055123 -0.002098 -1.179332 -0.501831 0.047875 -0.208095 -1.088540
1757580037.614746 -0.449569 -0.055123 -0.002098 -1.179332 -0.501068 0.047875 -0.208095 -1.088540
1757580037.616701 -0.448806 -0.055123 -0.002098 -1.179332 -0.500305 0.047875 -0.208095 -1.088540
1757580037.618780 -0.448043 -0.055123 -0.002098 -1.179332 -0.499924 0.047875 -0.207713 -1.088540
1757580037.620707 -0.446898 -0.055123 -0.002098 -1.178950 -0.499161 0.047875 -0.207713 -1.088159
1757580037.622762 -0.446136 -0.055123 -0.002098 -1.178950 -0.498398 0.047875 -0.207713 -1.088159
1757580037.624725 -0.444991 -0.055123 -0.002098 -1.178950 -0.497635 0.048257 -0.207713 -1.088159
1757580037.626742 -0.444228 -0.055123 -0.002480 -1.178950 -0.496872 0.048638 -0.207332 -1.088159
1757580037.628712 -0.443084 -0.055505 -0.002480 -1.178569 -0.496490 0.048638 -0.207332 -1.088159
1757580037.630710 -0.441939 -0.055505 -0.002861 -1.178569 -0.495728 0.049020 -0.207332 -1.087777
1757580037.632709 -0.441176 -0.055505 -0.002861 -1.178569 -0.494965 0.049401 -0.206950 -1.087777
1757580037.634758 -0.440032 -0.055886 -0.002861 -1.178569 -0.493820 0.049783 -0.206569 -1.087777
1757580037.636746 -0.438888 -0.056268 -0.002861 -1.178569 -0.493057 0.050164 -0.206569 -1.087777
1757580037.638767 -0.438125 -0.056268 -0.003242 -1.178187 -0.492294 0.050546 -0.206187 -1.087396
1757580037.640750 -0.436980 -0.056649 -0.003242 -1.178187 -0.491531 0.050927 -0.205806 -1.087396
1757580037.642769 -0.435836 -0.057031 -0.003242 -1.178187 -0.490768 0.051309 -0.205806 -1.087396
1757580037.644746 -0.434691 -0.057031 -0.003242 -1.178187 -0.490005 0.051690 -0.205424 -1.087396
1757580037.646768 -0.433547 -0.057031 -0.003242 -1.177806 -0.489243 0.052072 -0.205043 -1.087014
1757580037.648751 -0.432403 -0.057412 -0.003242 -1.177806 -0.488098 0.052453 -0.205043 -1.087014
1757580037.650772 -0.431258 -0.057412 -0.003624 -1.177806 -0.487335 0.052835 -0.204661 -1.087014
1757580037.652748 -0.430114 -0.057794 -0.003624 -1.177806 -0.486572 0.053216 -0.204280 -1.087014
1757580037.654794 -0.428969 -0.057794 -0.003624 -1.177806 -0.485428 0.053597 -0.203898 -1.086633
1757580037.656744 -0.427825 -0.057794 -0.003624 -1.177424 -0.484665 0.053979 -0.203517 -1.086633
1757580037.658746 -0.426681 -0.057794 -0.003624 -1.177424 -0.483521 0.054360 -0.203517 -1.086633
1757580037.660750 -0.425918 -0.057794 -0.003624 -1.177424 -0.482758 0.054742 -0.203135 -1.086251
1757580037.662750 -0.424773 -0.057794 -0.003624 -1.177043 -0.481613 0.055123 -0.202754 -1.086251
1757580037.664747 -0.423629 -0.058175 -0.003624 -1.177043 -0.480469 0.055505 -0.202373 -1.085870
1757580037.666758 -0.422484 -0.058175 -0.003624 -1.177043 -0.479706 0.056268 -0.202373 -1.085870
1757580037.668747 -0.421340 -0.058175 -0.003624 -1.176661 -0.478561 0.056649 -0.201991 -1.085488
1757580037.670768 -0.420196 -0.058175 -0.003624 -1.176661 -0.477417 0.057031 -0.201991 -1.085488
1757580037.672747 -0.419051 -0.058175 -0.003624 -1.176661 -0.476273 0.057412 -0.201610 -1.085107
1757580037.674752 -0.417907 -0.058175 -0.003624 -1.176280 -0.475510 0.057794 -0.201228 -1.085107
1757580037.676747 -0.417144 -0.058175 -0.003624 -1.176280 -0.474365 0.058175 -0.201228 -1.084725
1757580037.678748 -0.415999 -0.058175 -0.003624 -1.175899 -0.473221 0.058938 -0.200847 -1.084344
1757580037.680751 -0.414855 -0.058175 -0.003624 -1.175899 -0.472076 0.059319 -0.200847 -1.084344
1757580037.682748 -0.413711 -0.058175 -0.003624 -1.175899 -0.470932 0.059701 -0.200465 -1.083962
1757580037.684743 -0.412948 -0.058175 -0.003624 -1.175517 -0.469788 0.060082 -0.200465 -1.083581
1757580037.686762 -0.411803 -0.058175 -0.003624 -1.175136 -0.468642 0.060464 -0.200465 -1.083581
1757580037.688754 -0.411040 -0.058175 -0.003624 -1.175136 -0.467116 0.060845 -0.200084 -1.083200
1757580037.690829 -0.409896 -0.058175 -0.003242 -1.174754 -0.465972 0.061227 -0.200084 -1.082818
1757580037.692745 -0.409133 -0.058175 -0.003242 -1.174754 -0.464828 0.061608 -0.200084 -1.082437
1757580037.694776 -0.407989 -0.058175 -0.003242 -1.174373 -0.463683 0.061990 -0.200084 -1.082437
1757580037.696754 -0.407226 -0.058175 -0.003242 -1.174373 -0.462539 0.062371 -0.199702 -1.082055
1757580037.698748 -0.406463 -0.058175 -0.002861 -1.173991 -0.461013 0.062753 -0.199702 -1.081674
1757580037.700743 -0.405317 -0.058175 -0.002861 -1.173991 -0.459868 0.063134 -0.199702 -1.081292
1757580037.702746 -0.404554 -0.058175 -0.002861 -1.173610 -0.458724 0.063516 -0.199702 -1.080911
1757580037.704751 -0.403791 -0.057794 -0.002861 -1.173228 -0.457580 0.063897 -0.199702 -1.080529
1757580037.706748 -0.403028 -0.057794 -0.002861 -1.173228 -0.456054 0.064279 -0.199321 -1.080148
1757580037.708753 -0.401884 -0.057794 -0.002480 -1.172847 -0.454909 0.064279 -0.199321 -1.079766
1757580037.710749 -0.401121 -0.057794 -0.002480 -1.172465 -0.453765 0.064660 -0.199321 -1.079385
1757580037.712748 -0.400358 -0.057794 -0.002480 -1.172465 -0.452621 0.065042 -0.199321 -1.079003
1757580037.714745 -0.399595 -0.057412 -0.002098 -1.172084 -0.451095 0.065042 -0.199321 -1.078622
1757580037.716869 -0.398832 -0.057412 -0.002098 -1.171702 -0.449950 0.065423 -0.199321 -1.078240
1757580037.718745 -0.398069 -0.057412 -0.001717 -1.171321 -0.448424 0.065423 -0.199321 -1.077859
1757580037.720726 -0.397306 -0.057031 -0.001335 -1.170939 -0.447280 0.065804 -0.198939 -1.077477
1757580037.722720 -0.396925 -0.057031 -0.001335 -1.170558 -0.446136 0.065804 -0.198939 -1.076715
1757580037.724727 -0.396162 -0.057031 -0.000954 -1.170177 -0.444610 0.065804 -0.198939 -1.076333
1757580037.726723 -0.395399 -0.057031 -0.000572 -1.169795 -0.443465 0.065804 -0.198939 -1.075952
1757580037.728761 -0.394636 -0.057031 -0.000191 -1.169414 -0.442321 0.065804 -0.198939 -1.075570
1757580037.730741 -0.393873 -0.056649 -0.000191 -1.169032 -0.440795 0.066186 -0.198939 -1.074807
1757580037.732725 -0.393110 -0.056649 0.000191 -1.168651 -0.439651 0.066186 -0.198939 -1.074426
1757580037.734717 -0.392729 -0.056649 0.000572 -1.168269 -0.438506 0.066186 -0.198939 -1.074044
1757580037.736720 -0.391966 -0.056649 0.000572 -1.167888 -0.436980 0.066186 -0.198939 -1.073281
1757580037.738722 -0.391203 -0.056649 0.000954 -1.167506 -0.435836 0.066186 -0.198939 -1.072900
1757580037.740730 -0.390440 -0.056268 0.000954 -1.167125 -0.434691 0.066186 -0.198939 -1.072518
1757580037.742721 -0.389677 -0.056268 0.001335 -1.166743 -0.433547 0.066186 -0.198939 -1.071755
1757580037.744721 -0.389296 -0.056268 0.001717 -1.165980 -0.432403 0.066186 -0.198939 -1.071374
1757580037.746722 -0.388533 -0.056268 0.002098 -1.165599 -0.431258 0.066186 -0.198939 -1.070611
1757580037.748730 -0.387770 -0.056268 0.002861 -1.164836 -0.430114 0.066186 -0.199321 -1.069848
1757580037.750722 -0.387007 -0.055886 0.003242 -1.164454 -0.428588 0.066186 -0.199321 -1.069467
1757580037.752725 -0.386244 -0.055886 0.003624 -1.163692 -0.427444 0.066186 -0.199321 -1.068704
1757580037.754724 -0.385862 -0.055886 0.004005 -1.163310 -0.426299 0.066186 -0.199321 -1.067941
1757580037.756706 -0.385099 -0.055886 0.004387 -1.162547 -0.425155 0.066186 -0.199702 -1.067178
1757580037.758683 -0.384336 -0.055505 0.004768 -1.162166 -0.424010 0.066186 -0.199702 -1.066796
1757580037.760725 -0.383574 -0.055505 0.005531 -1.161403 -0.423247 0.066186 -0.199702 -1.066033
1757580037.762721 -0.382811 -0.055123 0.005913 -1.160640 -0.422103 0.066186 -0.199702 -1.065270
1757580037.764731 -0.382048 -0.055123 0.006294 -1.160258 -0.420959 0.066186 -0.199702 -1.064889
1757580037.766725 -0.381666 -0.055123 0.006676 -1.159495 -0.419814 0.066186 -0.200084 -1.064126
1757580037.768725 -0.380903 -0.054742 0.007057 -1.159114 -0.418670 0.065804 -0.200084 -1.063363
1757580037.770709 -0.380140 -0.054742 0.007820 -1.158351 -0.417525 0.065804 -0.200084 -1.062982
1757580037.772754 -0.379377 -0.054742 0.008202 -1.157588 -0.416762 0.065423 -0.200465 -1.062219
1757580037.774723 -0.378614 -0.054360 0.008583 -1.157207 -0.415618 0.065423 -0.200847 -1.061837
1757580037.776720 -0.377851 -0.054360 0.008965 -1.156825 -0.414474 0.065042 -0.200847 -1.061456
1757580037.778742 -0.377089 -0.054360 0.009346 -1.156061 -0.413711 0.065042 -0.201228 -1.060693
1757580037.780689 -0.376326 -0.053979 0.009727 -1.155680 -0.412566 0.064660 -0.201610 -1.060311
1757580037.782682 -0.375563 -0.053979 0.010109 -1.155298 -0.411803 0.064660 -0.201610 -1.059548
1757580037.784751 -0.374800 -0.053979 0.010490 -1.154535 -0.410659 0.064660 -0.201991 -1.059167
1757580037.786685 -0.374037 -0.053597 0.010872 -1.154154 -0.409896 0.064279 -0.202373 -1.058785
1757580037.788685 -0.373274 -0.053597 0.011253 -1.153772 -0.408751 0.064279 -0.202373 -1.058022
1757580037.790688 -0.372511 -0.053597 0.011635 -1.153391 -0.407989 0.064279 -0.202754 -1.057641
1757580037.792746 -0.371748 -0.053216 0.011635 -1.153009 -0.406844 0.063897 -0.203135 -1.057260
1757580037.794741 -0.370985 -0.053216 0.012016 -1.152246 -0.406080 0.063897 -0.203135 -1.056878
1757580037.796730 -0.370222 -0.053216 0.012398 -1.151865 -0.404936 0.063897 -0.203517 -1.056497
1757580037.798696 -0.369459 -0.053216 0.012779 -1.151484 -0.404173 0.063897 -0.203517 -1.056115
1757580037.800691 -0.368696 -0.052835 0.012779 -1.151102 -0.403410 0.063516 -0.203517 -1.055734
1757580037.802691 -0.367933 -0.052835 0.013161 -1.150721 -0.402266 0.063516 -0.203898 -1.055352
1757580037.804688 -0.367170 -0.052835 0.013542 -1.149958 -0.401503 0.063516 -0.203898 -1.054971
1757580037.806690 -0.366789 -0.052835 0.013542 -1.149576 -0.400358 0.063516 -0.203898 -1.054589
1757580037.808688 -0.366026 -0.052835 0.013924 -1.149195 -0.399595 0.063516 -0.203898 -1.054208
1757580037.810725 -0.365263 -0.052453 0.013924 -1.148813 -0.398832 0.063134 -0.204280 -1.053826
1757580037.812694 -0.364500 -0.052453 0.014305 -1.148432 -0.398069 0.063134 -0.204280 -1.053445
1757580037.814695 -0.363737 -0.052453 0.014305 -1.148050 -0.396925 0.063134 -0.204280 -1.053063
1757580037.816713 -0.362974 -0.052453 0.014687 -1.147669 -0.396162 0.063134 -0.204280 -1.052300
1757580037.818729 -0.362211 -0.052453 0.014687 -1.147287 -0.395399 0.063134 -0.204280 -1.051919
1757580037.820708 -0.361448 -0.052453 0.015068 -1.146906 -0.394636 0.063134 -0.204280 -1.051538
1757580037.822707 -0.361067 -0.052453 0.015068 -1.146524 -0.393873 0.063134 -0.204661 -1.051156
1757580037.824704 -0.360304 -0.052072 0.015450 -1.146143 -0.393110 0.062753 -0.204661 -1.050775
1757580037.826710 -0.359541 -0.052072 0.015450 -1.145761 -0.391966 0.062753 -0.204661 -1.050393
1757580037.828705 -0.358778 -0.052072 0.015450 -1.145761 -0.391203 0.062753 -0.204661 -1.050012
1757580037.830701 -0.358015 -0.052072 0.015831 -1.145380 -0.390440 0.062753 -0.204661 -1.049630
1757580037.832703 -0.357252 -0.052072 0.015831 -1.144999 -0.389677 0.062753 -0.204661 -1.049249
1757580037.834707 -0.356871 -0.052072 0.015831 -1.144617 -0.388914 0.062753 -0.205043 -1.048867
1757580037.836705 -0.356108 -0.051690 0.016212 -1.144236 -0.388151 0.062753 -0.205043 -1.048104
1757580037.838705 -0.355345 -0.051690 0.016212 -1.143854 -0.387388 0.062753 -0.205043 -1.047723
1757580037.840803 -0.354582 -0.051690 0.016212 -1.143854 -0.386625 0.062753 -0.205043 -1.047341
1757580037.842706 -0.354200 -0.051690 0.016594 -1.143473 -0.386244 0.062371 -0.205043 -1.046960
1757580037.844800 -0.353437 -0.051690 0.016594 -1.143091 -0.385481 0.062371 -0.205043 -1.046578
1757580037.846729 -0.352674 -0.051690 0.016594 -1.142710 -0.384718 0.062371 -0.205043 -1.046197
1757580037.848711 -0.352293 -0.051690 0.016975 -1.142328 -0.383955 0.062371 -0.205424 -1.045815
1757580037.850705 -0.351530 -0.051690 0.016975 -1.142328 -0.383192 0.062371 -0.205424 -1.045815
1757580037.852706 -0.351149 -0.051309 0.016975 -1.141947 -0.382429 0.062371 -0.205424 -1.045434
1757580037.854710 -0.350386 -0.051309 0.017357 -1.141565 -0.382048 0.062371 -0.205424 -1.045053
1757580037.856693 -0.350004 -0.051309 0.017357 -1.141184 -0.381285 0.062371 -0.205424 -1.044671
1757580037.858707 -0.349623 -0.051309 0.017738 -1.140802 -0.380522 0.061990 -0.205424 -1.044290
1757580037.860708 -0.348860 -0.051309 0.017738 -1.140421 -0.379759 0.061990 -0.205424 -1.044290
1757580037.862700 -0.348478 -0.051309 0.017738 -1.140039 -0.379377 0.061990 -0.205806 -1.043908
1757580037.864703 -0.348097 -0.051309 0.018120 -1.140039 -0.378614 0.061990 -0.205806 -1.043527
1757580037.866712 -0.347715 -0.050927 0.018120 -1.139658 -0.377851 0.061990 -0.205806 -1.043527
1757580037.868691 -0.346952 -0.050927 0.018501 -1.139277 -0.377470 0.061990 -0.205806 -1.043145
1757580037.870703 -0.346571 -0.050927 0.018501 -1.139277 -0.376707 0.061990 -0.205806 -1.042764
1757580037.872734 -0.346189 -0.050927 0.018883 -1.138895 -0.376326 0.061990 -0.205806 -1.042764
1757580037.874723 -0.345808 -0.050927 0.018883 -1.138895 -0.375563 0.061990 -0.205806 -1.042382
1757580037.876706 -0.345427 -0.050546 0.018883 -1.138514 -0.375181 0.061990 -0.205806 -1.042001
1757580037.878738 -0.345045 -0.050546 0.019264 -1.138132 -0.374800 0.061990 -0.205806 -1.042001
1757580037.880708 -0.344664 -0.050546 0.019264 -1.138132 -0.374037 0.061990 -0.206187 -1.041619
1757580037.882712 -0.344282 -0.050546 0.019646 -1.137751 -0.373655 0.061608 -0.206187 -1.041619
1757580037.884710 -0.344282 -0.050164 0.019646 -1.137751 -0.373274 0.061608 -0.206187 -1.041238
1757580037.886722 -0.343901 -0.050164 0.020027 -1.137751 -0.372892 0.061608 -0.206187 -1.041238
1757580037.888707 -0.343518 -0.050164 0.020027 -1.137369 -0.372511 0.061608 -0.206187 -1.040856
1757580037.890714 -0.343518 -0.050164 0.020409 -1.137369 -0.371748 0.061608 -0.206187 -1.040475
1757580037.892753 -0.343137 -0.049783 0.020409 -1.136988 -0.371367 0.061608 -0.206187 -1.040475
1757580037.894722 -0.342755 -0.049783 0.020790 -1.136988 -0.370985 0.061608 -0.206187 -1.040093
1757580037.896748 -0.342755 -0.049783 0.020790 -1.136988 -0.370604 0.061608 -0.206187 -1.040093
1757580037.898742 -0.342374 -0.049783 0.021172 -1.136988 -0.370222 0.061608 -0.206187 -1.039712
1757580037.900745 -0.342374 -0.049783 0.021172 -1.136606 -0.369841 0.061608 -0.206569 -1.039712
1757580037.902766 -0.342374 -0.049401 0.021553 -1.136606 -0.369459 0.061608 -0.206569 -1.039330
1757580037.904716 -0.341992 -0.049401 0.021553 -1.136606 -0.369459 0.061608 -0.206569 -1.039330
1757580037.906714 -0.341992 -0.049401 0.021935 -1.136606 -0.369078 0.061608 -0.206569 -1.038949
1757580037.908698 -0.341992 -0.049401 0.021935 -1.136606 -0.368696 0.061608 -0.206569 -1.038949
1757580037.910715 -0.341992 -0.049020 0.022316 -1.136225 -0.368315 0.061608 -0.206569 -1.038568
1757580037.912700 -0.341611 -0.049020 0.022316 -1.136225 -0.368315 0.061608 -0.206569 -1.038568
1757580037.914708 -0.341611 -0.049020 0.022316 -1.136225 -0.367933 0.061608 -0.206569 -1.038568
1757580037.916695 -0.341611 -0.049020 0.022697 -1.136225 -0.367552 0.061608 -0.206950 -1.038186
1757580037.918712 -0.341611 -0.049020 0.022697 -1.136225 -0.367552 0.061608 -0.206950 -1.038186
1757580037.920697 -0.341611 -0.048638 0.023079 -1.135843 -0.367170 0.061608 -0.206950 -1.038186
1757580037.922701 -0.341611 -0.048638 0.023079 -1.135843 -0.367170 0.061608 -0.206950 -1.037805
1757580037.924691 -0.341229 -0.048638 0.023079 -1.135843 -0.366789 0.061608 -0.206950 -1.037805
1757580037.926719 -0.341229 -0.048638 0.023460 -1.135843 -0.366789 0.061608 -0.206950 -1.037805
1757580037.928695 -0.341229 -0.048638 0.023460 -1.135843 -0.366407 0.061608 -0.206950 -1.037805
1757580037.930707 -0.341229 -0.048257 0.023460 -1.135462 -0.366407 0.061608 -0.206950 -1.037805
1757580037.932693 -0.341229 -0.048257 0.023460 -1.135462 -0.366026 0.061608 -0.206950 -1.037423
1757580037.934804 -0.341229 -0.048257 0.023842 -1.135462 -0.366026 0.061608 -0.207332 -1.037423
1757580037.936761 -0.341229 -0.048257 0.023842 -1.135462 -0.366026 0.061608 -0.207332 -1.037423
1757580037.938752 -0.341229 -0.048257 0.023842 -1.135462 -0.366026 0.061608 -0.207332 -1.037423
1757580037.940770 -0.341229 -0.047875 0.023842 -1.135462 -0.366026 0.061608 -0.207332 -1.037423
1757580037.942729 -0.341229 -0.047875 0.024223 -1.135462 -0.365644 0.061608 -0.207332 -1.037423
1757580037.944713 -0.341229 -0.047875 0.024223 -1.135080 -0.365644 0.061608 -0.207332 -1.037042
1757580037.946718 -0.341229 -0.047875 0.024223 -1.135080 -0.365644 0.061608 -0.207332 -1.037042
1757580037.948703 -0.341229 -0.047875 0.024223 -1.135080 -0.365644 0.061608 -0.207332 -1.037042
1757580037.950700 -0.341229 -0.047494 0.024605 -1.135080 -0.365644 0.061608 -0.207713 -1.037042
1757580037.952704 -0.341229 -0.047494 0.024605 -1.135080 -0.365644 0.061608 -0.207713 -1.037042
1757580037.954718 -0.341229 -0.047494 0.024605 -1.135080 -0.365644 0.061608 -0.207713 -1.037042
1757580037.956705 -0.341229 -0.047494 0.024605 -1.135080 -0.365644 0.061608 -0.207713 -1.037042
1757580037.958706 -0.341229 -0.047494 0.024986 -1.135080 -0.365644 0.061608 -0.207713 -1.037042
1757580037.960710 -0.341229 -0.047112 0.024986 -1.135080 -0.365644 0.061608 -0.207713 -1.037042
1757580037.962717 -0.341229 -0.047112 0.024986 -1.134699 -0.365644 0.061227 -0.207713 -1.037042
1757580037.964702 -0.341229 -0.047112 0.024986 -1.135080 -0.365644 0.061227 -0.208095 -1.037042
1757580037.966727 -0.341229 -0.047112 0.024986 -1.134699 -0.365644 0.061227 -0.208095 -1.037042
1757580037.968730 -0.341229 -0.047112 0.025368 -1.134699 -0.365644 0.061227 -0.208095 -1.037042
1757580037.970718 -0.341229 -0.047112 0.025368 -1.134699 -0.365644 0.061227 -0.208095 -1.037042
1757580037.972707 -0.341229 -0.046731 0.025368 -1.134699 -0.365644 0.061227 -0.208095 -1.037042
1757580037.974711 -0.341229 -0.046731 0.025368 -1.134699 -0.365644 0.061227 -0.208095 -1.037042
1757580037.976704 -0.341229 -0.046731 0.025749 -1.134699 -0.366026 0.061227 -0.208095 -1.037042
1757580037.978709 -0.341229 -0.046731 0.025749 -1.134699 -0.366026 0.060845 -0.208095 -1.037042
1757580037.980705 -0.341229 -0.046731 0.025749 -1.134699 -0.366026 0.060845 -0.208476 -1.037042
1757580037.982713 -0.341229 -0.046350 0.025749 -1.134699 -0.366026 0.060845 -0.208476 -1.037042
1757580037.984703 -0.341611 -0.046350 0.026131 -1.134699 -0.366407 0.060845 -0.208476 -1.037042
1757580037.986736 -0.341611 -0.046350 0.026131 -1.134699 -0.366407 0.060845 -0.208476 -1.037042
1757580037.988706 -0.341611 -0.046350 0.026131 -1.134699 -0.366789 0.060845 -0.208476 -1.037042
1757580037.990710 -0.341611 -0.046350 0.026131 -1.134699 -0.366789 0.060845 -0.208476 -1.037423
1757580037.992727 -0.341611 -0.046350 0.026131 -1.134317 -0.367170 0.060845 -0.208476 -1.037423
1757580037.994738 -0.341611 -0.045968 0.026512 -1.134317 -0.367170 0.060845 -0.208476 -1.037805
1757580037.996742 -0.341611 -0.045968 0.026512 -1.134317 -0.367552 0.060464 -0.208858 -1.037805
1757580037.998710 -0.341611 -0.045968 0.026512 -1.134317 -0.367933 0.060464 -0.208858 -1.037805
1757580038.000704 -0.341611 -0.045968 0.026512 -1.134317 -0.368315 0.060464 -0.208858 -1.037805
1757580038.002714 -0.341611 -0.045968 0.026894 -1.134317 -0.368696 0.060464 -0.208858 -1.038186
1757580038.004709 -0.341611 -0.045968 0.026894 -1.134317 -0.369078 0.060464 -0.208858 -1.038186
1757580038.006707 -0.341611 -0.045968 0.026894 -1.134317 -0.369459 0.060464 -0.208858 -1.038186
1757580038.008705 -0.341611 -0.045968 0.026894 -1.134317 -0.369841 0.060464 -0.208858 -1.038186
1757580038.010708 -0.341611 -0.045968 0.026894 -1.134317 -0.370222 0.060464 -0.208858 -1.038186
1757580038.012703 -0.341611 -0.045587 0.027275 -1.134317 -0.370604 0.060464 -0.208858 -1.038568
1757580038.014711 -0.341992 -0.045587 0.027275 -1.133936 -0.370985 0.060464 -0.208858 -1.038568
1757580038.016728 -0.341992 -0.045587 0.027275 -1.133936 -0.370985 0.060464 -0.208858 -1.038568
1757580038.018693 -0.341992 -0.045587 0.027275 -1.133936 -0.371367 0.060082 -0.208858 -1.038568
1757580038.020708 -0.341992 -0.045587 0.027275 -1.133936 -0.371748 0.060082 -0.208858 -1.038949
1757580038.022696 -0.341992 -0.045587 0.027275 -1.133936 -0.372511 0.060082 -0.208858 -1.038949
1757580038.024691 -0.341992 -0.045587 0.027657 -1.133936 -0.372892 0.060464 -0.208858 -1.038949
1757580038.026691 -0.341992 -0.045587 0.027657 -1.133936 -0.373274 0.060464 -0.208858 -1.038949
1757580038.028734 -0.341992 -0.045587 0.027657 -1.133936 -0.373655 0.060464 -0.208858 -1.039330
1757580038.030706 -0.341992 -0.045587 0.027657 -1.133936 -0.374037 0.060464 -0.208858 -1.039330
1757580038.032722 -0.341992 -0.045587 0.027657 -1.133936 -0.374418 0.060464 -0.208858 -1.039330
1757580038.034745 -0.341992 -0.045587 0.027657 -1.133936 -0.374800 0.060464 -0.208858 -1.039712
1757580038.036735 -0.341992 -0.045587 0.027657 -1.133936 -0.375181 0.060464 -0.208858 -1.039712
1757580038.038761 -0.342374 -0.045587 0.028038 -1.133936 -0.375563 0.060464 -0.208858 -1.039712
1757580038.040698 -0.342374 -0.045587 0.028038 -1.133936 -0.375944 0.060464 -0.208858 -1.039712
1757580038.042693 -0.342374 -0.045587 0.028038 -1.133936 -0.376326 0.060464 -0.208858 -1.040093
1757580038.044711 -0.342374 -0.045587 0.028038 -1.134317 -0.377089 0.060082 -0.208858 -1.040093
1757580038.046705 -0.342374 -0.045587 0.028038 -1.134317 -0.377470 0.060082 -0.208858 -1.040093
1757580038.048712 -0.342374 -0.045587 0.028038 -1.134317 -0.377851 0.060082 -0.208858 -1.040475
1757580038.050696 -0.342374 -0.045587 0.028038 -1.134317 -0.378233 0.060082 -0.208858 -1.040475
1757580038.052702 -0.342374 -0.045587 0.028038 -1.134317 -0.378614 0.060082 -0.208858 -1.040856
1757580038.054696 -0.342374 -0.045587 0.028419 -1.134317 -0.378996 0.060082 -0.208858 -1.040856
1757580038.056707 -0.342374 -0.045587 0.028419 -1.134317 -0.379377 0.060082 -0.208858 -1.040856
1757580038.058743 -0.342374 -0.045587 0.028419 -1.134317 -0.379759 0.060082 -0.208858 -1.041238
1757580038.060717 -0.342374 -0.045587 0.028419 -1.134317 -0.379759 0.060082 -0.208858 -1.041238
1757580038.062706 -0.342374 -0.045587 0.028419 -1.134317 -0.380140 0.060082 -0.208858 -1.041238
1757580038.064710 -0.342374 -0.045587 0.028419 -1.134317 -0.380522 0.060082 -0.208858 -1.041619
1757580038.066714 -0.342374 -0.045587 0.028419 -1.134317 -0.380903 0.060082 -0.208858 -1.041619
1757580038.068723 -0.342374 -0.045587 0.028801 -1.134317 -0.381285 0.060082 -0.208858 -1.041619
1757580038.070703 -0.342374 -0.045587 0.028801 -1.134317 -0.381666 0.060082 -0.208858 -1.041619
1757580038.072722 -0.342374 -0.045587 0.028801 -1.134317 -0.381666 0.060082 -0.208858 -1.042001
1757580038.074704 -0.342374 -0.045587 0.028801 -1.134317 -0.382048 0.060082 -0.209239 -1.042001
1757580038.076707 -0.342374 -0.045587 0.028801 -1.134317 -0.382429 0.060082 -0.209239 -1.042001
1757580038.078702 -0.342374 -0.045587 0.028801 -1.134317 -0.382811 0.060082 -0.209239 -1.042001
1757580038.080703 -0.342374 -0.045587 0.028801 -1.134317 -0.382811 0.060082 -0.209239 -1.042001
1757580038.082700 -0.342374 -0.045587 0.028801 -1.134317 -0.383192 0.060082 -0.209239 -1.042001
1757580038.084706 -0.342374 -0.045587 0.028801 -1.134317 -0.383192 0.060082 -0.209239 -1.042382
1757580038.086701 -0.342374 -0.045587 0.029182 -1.134317 -0.383574 0.060082 -0.209239 -1.042382
1757580038.088750 -0.342374 -0.045587 0.029182 -1.134317 -0.383574 0.060082 -0.209239 -1.042382
1757580038.090728 -0.342374 -0.045587 0.029182 -1.134317 -0.383574 0.060082 -0.209239 -1.042382
1757580038.092710 -0.342374 -0.045587 0.029182 -1.134317 -0.383574 0.060082 -0.209239 -1.042382
1757580038.094719 -0.342374 -0.045587 0.029182 -1.134317 -0.383574 0.060082 -0.209239 -1.042382
1757580038.096699 -0.342374 -0.045587 0.029182 -1.134317 -0.383955 0.060082 -0.209239 -1.042382
1757580038.098711 -0.342374 -0.045968 0.029182 -1.134317 -0.383955 0.060082 -0.208858 -1.042764
1757580038.100710 -0.342374 -0.045968 0.029182 -1.134317 -0.383955 0.060082 -0.208858 -1.042764
1757580038.102719 -0.342374 -0.045968 0.029564 -1.134317 -0.383955 0.060082 -0.208858 -1.042764
1757580038.104713 -0.342374 -0.045968 0.029564 -1.134317 -0.383955 0.060082 -0.208858 -1.042764
1757580038.106721 -0.342374 -0.045968 0.029564 -1.134317 -0.383955 0.060082 -0.208858 -1.042764
1757580038.108705 -0.342374 -0.045968 0.029564 -1.134317 -0.383955 0.060082 -0.208858 -1.042764
1757580038.110727 -0.342374 -0.045968 0.029564 -1.134317 -0.383955 0.060082 -0.208858 -1.042764
1757580038.112709 -0.342374 -0.045968 0.029945 -1.134317 -0.383955 0.060082 -0.208858 -1.042764
1757580038.114718 -0.342374 -0.045968 0.029945 -1.134317 -0.383955 0.060082 -0.208858 -1.042764
1757580038.116705 -0.342755 -0.045968 0.029945 -1.134317 -0.383955 0.060082 -0.208858 -1.042764
1757580038.118722 -0.342755 -0.045968 0.029945 -1.134317 -0.383955 0.060082 -0.208858 -1.042764
1757580038.120728 -0.342755 -0.045968 0.029945 -1.134317 -0.383955 0.060082 -0.208858 -1.042764
1757580038.122731 -0.342755 -0.045968 0.029945 -1.134317 -0.383955 0.060464 -0.208858 -1.042764
1757580038.124710 -0.342755 -0.045968 0.029945 -1.134317 -0.383955 0.060464 -0.208858 -1.042764
1757580038.126714 -0.342755 -0.045968 0.030327 -1.133936 -0.383955 0.060464 -0.208858 -1.042764
1757580038.128717 -0.342755 -0.045968 0.030327 -1.133936 -0.383574 0.060464 -0.208858 -1.042764
1757580038.130717 -0.342755 -0.045968 0.030327 -1.133936 -0.383574 0.060845 -0.208858 -1.042764
1757580038.132707 -0.342755 -0.045968 0.030327 -1.133936 -0.383574 0.060845 -0.208476 -1.042764
1757580038.134713 -0.343137 -0.045968 0.030327 -1.133936 -0.383574 0.060845 -0.208476 -1.042764
1757580038.136711 -0.343137 -0.045968 0.030327 -1.133936 -0.383574 0.061227 -0.208476 -1.042764
1757580038.138710 -0.343137 -0.045968 0.030708 -1.133936 -0.383192 0.061227 -0.208476 -1.042764
1757580038.140720 -0.343137 -0.045968 0.030708 -1.133936 -0.383192 0.061227 -0.208476 -1.042764
1757580038.142703 -0.343137 -0.045968 0.030708 -1.133936 -0.383192 0.061227 -0.208476 -1.042764
1757580038.144712 -0.343137 -0.045968 0.030708 -1.133936 -0.382811 0.061608 -0.208476 -1.042764
1757580038.146711 -0.343137 -0.045968 0.031090 -1.133936 -0.382811 0.061608 -0.208476 -1.042764
1757580038.148708 -0.343137 -0.045968 0.031090 -1.133936 -0.382429 0.061608 -0.208095 -1.042764
1757580038.150762 -0.343137 -0.045968 0.031090 -1.133936 -0.382429 0.061608 -0.208095 -1.042382
1757580038.152733 -0.343137 -0.045968 0.031090 -1.133936 -0.382429 0.061990 -0.208095 -1.042382
1757580038.154714 -0.343137 -0.045968 0.031090 -1.133936 -0.382048 0.061990 -0.208095 -1.042382
1757580038.156727 -0.343137 -0.045968 0.031472 -1.133936 -0.382048 0.061990 -0.208095 -1.042382
1757580038.158702 -0.343137 -0.045968 0.031472 -1.133936 -0.382048 0.061990 -0.208095 -1.042382
1757580038.160710 -0.343137 -0.045968 0.031472 -1.133936 -0.382048 0.061990 -0.208095 -1.042382
1757580038.162707 -0.343137 -0.045968 0.031472 -1.133936 -0.381666 0.061990 -0.208095 -1.042382
1757580038.164710 -0.343137 -0.045968 0.031854 -1.133936 -0.381666 0.062371 -0.207713 -1.042382
1757580038.166704 -0.343137 -0.045968 0.031854 -1.133936 -0.381666 0.062371 -0.207713 -1.042382
1757580038.168703 -0.343137 -0.045968 0.031854 -1.133936 -0.381285 0.062371 -0.207713 -1.042382
1757580038.170702 -0.343137 -0.045968 0.031854 -1.133936 -0.381285 0.062371 -0.207713 -1.042382
1757580038.172704 -0.343518 -0.045968 0.031854 -1.133936 -0.380903 0.062371 -0.207713 -1.042001
1757580038.174703 -0.343518 -0.045968 0.032235 -1.133936 -0.380903 0.062371 -0.207713 -1.042001
1757580038.176763 -0.343518 -0.045968 0.032235 -1.133936 -0.380903 0.062371 -0.207713 -1.042001
1757580038.178725 -0.343518 -0.045968 0.032235 -1.133936 -0.380903 0.062371 -0.207713 -1.042001
1757580038.180725 -0.343518 -0.045968 0.032235 -1.133936 -0.380903 0.062753 -0.207713 -1.042001
1757580038.182833 -0.343518 -0.045968 0.032617 -1.133936 -0.380522 0.062753 -0.207713 -1.042001
1757580038.184723 -0.343518 -0.045968 0.032617 -1.133936 -0.380522 0.062753 -0.207713 -1.042001
1757580038.186700 -0.343518 -0.045968 0.032617 -1.133936 -0.380522 0.062753 -0.207713 -1.042001
1757580038.188731 -0.343518 -0.045968 0.032617 -1.133936 -0.380522 0.062753 -0.207713 -1.042382
1757580038.190702 -0.343518 -0.045968 0.032617 -1.134317 -0.380522 0.062753 -0.207332 -1.042382
1757580038.192713 -0.343518 -0.045968 0.032998 -1.134317 -0.380522 0.062753 -0.207332 -1.042382
1757580038.194707 -0.343518 -0.045968 0.032998 -1.134317 -0.380522 0.062753 -0.207332 -1.042382
1757580038.196718 -0.343518 -0.045968 0.032998 -1.134317 -0.380522 0.062753 -0.207332 -1.042382
1757580038.198702 -0.343518 -0.045968 0.032998 -1.134317 -0.380522 0.062753 -0.207332 -1.042382
1757580038.200703 -0.343518 -0.045968 0.032998 -1.134317 -0.380522 0.062753 -0.207332 -1.042382
1757580038.202700 -0.343518 -0.045968 0.032998 -1.134317 -0.380522 0.062753 -0.207332 -1.042382
1757580038.204718 -0.343518 -0.045968 0.033380 -1.134317 -0.380140 0.062753 -0.207332 -1.042382
1757580038.206700 -0.343518 -0.045968 0.033380 -1.134317 -0.380140 0.062753 -0.206950 -1.042382
1757580038.208701 -0.343518 -0.045968 0.033380 -1.134317 -0.380140 0.062753 -0.206950 -1.042382
1757580038.210702 -0.343518 -0.045968 0.033380 -1.134317 -0.380140 0.062753 -0.206950 -1.042382
1757580038.212722 -0.343518 -0.046350 0.033380 -1.134317 -0.380140 0.062753 -0.206950 -1.042382
1757580038.214716 -0.343518 -0.046350 0.033761 -1.134317 -0.380140 0.062753 -0.206950 -1.042764
1757580038.216703 -0.343518 -0.046350 0.033761 -1.134317 -0.380522 0.062753 -0.206950 -1.042764
1757580038.218728 -0.343518 -0.046350 0.033761 -1.134317 -0.380522 0.062753 -0.206569 -1.042764
1757580038.220700 -0.343518 -0.046350 0.033761 -1.134317 -0.380522 0.062753 -0.206569 -1.042764
1757580038.222703 -0.343137 -0.046350 0.033761 -1.134317 -0.380522 0.062753 -0.206569 -1.042764
1757580038.224696 -0.343518 -0.046350 0.034142 -1.134317 -0.380522 0.062753 -0.206569 -1.042764
1757580038.226703 -0.343137 -0.046350 0.034142 -1.134317 -0.380522 0.062753 -0.206569 -1.042764
1757580038.228691 -0.343518 -0.046350 0.034142 -1.134317 -0.380522 0.062753 -0.206569 -1.042764
1757580038.230702 -0.343137 -0.046350 0.034142 -1.133936 -0.380522 0.062753 -0.206187 -1.042764
1757580038.232688 -0.343137 -0.046731 0.034142 -1.133936 -0.380522 0.062753 -0.206187 -1.042764
1757580038.234702 -0.343137 -0.046731 0.034142 -1.133936 -0.380522 0.062753 -0.206187 -1.042764
1757580038.236692 -0.343137 -0.046731 0.034524 -1.133936 -0.380522 0.063134 -0.206187 -1.042764
1757580038.238702 -0.343137 -0.046731 0.034524 -1.133936 -0.380522 0.063134 -0.205806 -1.042764
1757580038.240699 -0.343137 -0.046731 0.034524 -1.133554 -0.380522 0.063134 -0.205806 -1.042764
1757580038.242701 -0.342755 -0.046731 0.034524 -1.133554 -0.380522 0.063134 -0.205806 -1.042764
1757580038.244774 -0.342755 -0.046731 0.034524 -1.133554 -0.380140 0.063134 -0.205806 -1.042764
1757580038.246702 -0.342374 -0.047112 0.034905 -1.133554 -0.380140 0.063134 -0.205424 -1.042764
1757580038.248701 -0.341992 -0.047112 0.034905 -1.133554 -0.380140 0.063134 -0.205424 -1.042764
1757580038.250701 -0.341992 -0.047112 0.034905 -1.133173 -0.380140 0.063516 -0.205424 -1.042764
1757580038.252705 -0.341611 -0.047112 0.034905 -1.133173 -0.380140 0.063516 -0.205424 -1.042764
1757580038.254703 -0.341229 -0.047112 0.034905 -1.133173 -0.380140 0.063516 -0.205424 -1.042764
1757580038.256699 -0.341229 -0.047112 0.034905 -1.133173 -0.380140 0.063516 -0.205043 -1.042764
1757580038.258701 -0.340848 -0.047112 0.035287 -1.132792 -0.379759 0.063516 -0.205043 -1.042764
1757580038.260699 -0.340466 -0.047494 0.035287 -1.132792 -0.379759 0.063516 -0.205043 -1.042764
1757580038.262697 -0.340466 -0.047494 0.035287 -1.132792 -0.379759 0.063516 -0.205043 -1.042764
1757580038.264698 -0.340085 -0.047494 0.035287 -1.132792 -0.379759 0.063516 -0.204661 -1.042764
1757580038.266701 -0.340085 -0.047494 0.035287 -1.132792 -0.379759 0.063897 -0.204661 -1.042764
1757580038.268698 -0.339704 -0.047494 0.035287 -1.132792 -0.379759 0.063897 -0.204661 -1.042764
1757580038.270702 -0.339704 -0.047494 0.035287 -1.132410 -0.379759 0.063897 -0.204661 -1.042764
1757580038.272698 -0.339322 -0.047494 0.035668 -1.132410 -0.379759 0.063897 -0.204280 -1.042764
1757580038.274700 -0.339322 -0.047875 0.035668 -1.132410 -0.379377 0.063897 -0.204280 -1.042764
1757580038.276713 -0.339322 -0.047875 0.035668 -1.132410 -0.379759 0.063897 -0.204280 -1.042764
1757580038.278704 -0.338941 -0.047875 0.035668 -1.132410 -0.379377 0.063897 -0.204280 -1.042764
1757580038.280700 -0.338941 -0.047875 0.036050 -1.132029 -0.379377 0.063897 -0.203898 -1.042764
1757580038.282716 -0.338941 -0.047875 0.036050 -1.132029 -0.379377 0.063897 -0.203898 -1.042764
1757580038.284703 -0.338559 -0.047875 0.036050 -1.132029 -0.379377 0.063897 -0.203898 -1.042764
1757580038.286700 -0.338559 -0.047875 0.036050 -1.132029 -0.379377 0.063897 -0.203898 -1.042764
1757580038.288702 -0.338559 -0.047875 0.036050 -1.132029 -0.379377 0.063897 -0.203517 -1.042764
1757580038.290702 -0.338559 -0.047875 0.036050 -1.132029 -0.379377 0.063897 -0.203517 -1.042764
1757580038.292698 -0.338559 -0.047875 0.036431 -1.132029 -0.379377 0.063897 -0.203517 -1.042764
1757580038.294702 -0.338178 -0.047875 0.036431 -1.132029 -0.379377 0.063897 -0.203517 -1.042764
1757580038.296698 -0.338178 -0.047875 0.036431 -1.132029 -0.379377 0.063897 -0.203517 -1.043145
1757580038.298701 -0.338178 -0.047875 0.036431 -1.131647 -0.379377 0.063897 -0.203135 -1.043145
1757580038.300699 -0.338178 -0.048257 0.036431 -1.131647 -0.379377 0.063897 -0.203135 -1.043145
1757580038.302700 -0.338178 -0.048257 0.036813 -1.131647 -0.379759 0.063897 -0.203135 -1.043145
1757580038.304689 -0.337796 -0.048257 0.036813 -1.131647 -0.379759 0.063897 -0.203135 -1.043145
1757580038.306831 -0.337796 -0.048257 0.036813 -1.131647 -0.379759 0.063897 -0.203135 -1.043145
1757580038.308759 -0.337796 -0.048257 0.036813 -1.131647 -0.379759 0.063897 -0.202754 -1.043145
1757580038.310791 -0.337796 -0.048257 0.036813 -1.131647 -0.379759 0.063897 -0.202754 -1.043527
1757580038.312768 -0.337796 -0.048257 0.037194 -1.131647 -0.379759 0.063897 -0.202754 -1.043527
1757580038.314754 -0.337796 -0.047875 0.037194 -1.131647 -0.379759 0.063897 -0.202754 -1.043527
1757580038.316753 -0.337796 -0.047875 0.037194 -1.132029 -0.380140 0.063897 -0.202373 -1.043527
1757580038.318749 -0.337796 -0.047875 0.037194 -1.132029 -0.380140 0.063897 -0.202373 -1.043908
1757580038.320753 -0.337796 -0.047875 0.037194 -1.132029 -0.380140 0.063897 -0.202373 -1.043908
1757580038.322752 -0.337796 -0.047875 0.037576 -1.132029 -0.380522 0.063897 -0.202373 -1.044290
1757580038.324751 -0.337796 -0.047875 0.037576 -1.132029 -0.380522 0.063897 -0.201991 -1.044290
1757580038.326749 -0.337796 -0.047875 0.037576 -1.132029 -0.380522 0.063897 -0.201991 -1.044290
1757580038.328746 -0.337796 -0.047875 0.037576 -1.132029 -0.380903 0.063516 -0.201991 -1.044671
1757580038.330761 -0.337796 -0.047875 0.037576 -1.132029 -0.380903 0.063516 -0.201991 -1.044671
1757580038.332749 -0.337796 -0.047875 0.037576 -1.132029 -0.380903 0.063516 -0.201610 -1.044671
1757580038.334750 -0.337796 -0.047875 0.037957 -1.132029 -0.380903 0.063516 -0.201610 -1.045053
1757580038.336784 -0.337796 -0.047875 0.037957 -1.132029 -0.380903 0.063516 -0.201610 -1.045053
1757580038.338766 -0.337796 -0.047875 0.037957 -1.132029 -0.381285 0.063516 -0.201610 -1.045053
1757580038.340791 -0.337796 -0.047875 0.037957 -1.132029 -0.381285 0.063516 -0.201610 -1.045434
1757580038.342782 -0.337796 -0.047875 0.037957 -1.132410 -0.381285 0.063516 -0.201228 -1.045434
1757580038.344762 -0.337796 -0.047875 0.037957 -1.132410 -0.381285 0.063134 -0.201228 -1.045434
1757580038.346759 -0.337796 -0.047875 0.037957 -1.132410 -0.381285 0.063134 -0.201228 -1.045815
1757580038.348749 -0.337796 -0.047875 0.037957 -1.132410 -0.381285 0.063134 -0.201228 -1.045815
1757580038.350760 -0.337796 -0.047875 0.037957 -1.132410 -0.381666 0.063134 -0.200847 -1.045815
1757580038.352746 -0.337796 -0.047494 0.038339 -1.132410 -0.381666 0.063134 -0.200847 -1.045815
1757580038.354759 -0.337796 -0.047494 0.038339 -1.132410 -0.381666 0.063134 -0.200847 -1.045815
1757580038.356749 -0.337796 -0.047494 0.038339 -1.132792 -0.381666 0.063134 -0.200847 -1.046197
1757580038.358757 -0.337796 -0.047494 0.038339 -1.132792 -0.381666 0.063134 -0.200465 -1.046197
1757580038.360749 -0.337796 -0.047494 0.038339 -1.132792 -0.381666 0.063134 -0.200465 -1.046197
1757580038.362753 -0.338178 -0.047494 0.038339 -1.132792 -0.381666 0.063134 -0.200465 -1.046197
1757580038.364747 -0.338178 -0.047494 0.038339 -1.132792 -0.381666 0.063134 -0.200084 -1.046197
1757580038.366753 -0.338178 -0.047494 0.038339 -1.133173 -0.381666 0.063134 -0.200084 -1.046197
1757580038.368840 -0.338559 -0.047494 0.038339 -1.133173 -0.382048 0.063134 -0.200084 -1.046578
1757580038.370761 -0.338559 -0.047494 0.038339 -1.133554 -0.382048 0.063134 -0.199702 -1.046578
1757580038.372789 -0.338559 -0.047494 0.037957 -1.133554 -0.382048 0.063134 -0.199702 -1.046578
1757580038.374772 -0.338941 -0.047112 0.037957 -1.133936 -0.382048 0.063134 -0.199702 -1.046578
1757580038.376754 -0.339322 -0.047112 0.037957 -1.133936 -0.382048 0.063134 -0.199321 -1.046578
1757580038.378758 -0.339322 -0.047112 0.037957 -1.134317 -0.382048 0.063134 -0.199321 -1.046578
1757580038.380743 -0.339704 -0.047112 0.037957 -1.134317 -0.382429 0.063134 -0.198939 -1.046578
1757580038.382766 -0.339704 -0.047112 0.037957 -1.134699 -0.382429 0.063134 -0.198939 -1.046960
1757580038.384747 -0.340085 -0.047112 0.037957 -1.134699 -0.382429 0.063134 -0.198558 -1.046960
1757580038.386754 -0.340466 -0.047112 0.037957 -1.135080 -0.382429 0.063134 -0.198558 -1.046960
1757580038.388751 -0.340848 -0.047112 0.037957 -1.135080 -0.382429 0.063134 -0.198176 -1.046960
1757580038.390748 -0.340848 -0.047112 0.037957 -1.135462 -0.382811 0.063134 -0.197795 -1.046960
1757580038.392751 -0.341229 -0.047112 0.037576 -1.135462 -0.382811 0.063134 -0.197795 -1.046960
1757580038.394751 -0.341611 -0.047112 0.037576 -1.135462 -0.382811 0.063134 -0.197413 -1.046960
1757580038.396751 -0.341611 -0.047112 0.037576 -1.135462 -0.382811 0.063134 -0.197032 -1.046960
1757580038.398779 -0.341992 -0.047112 0.037576 -1.135843 -0.382811 0.063134 -0.196651 -1.046960
1757580038.400774 -0.341992 -0.047112 0.037576 -1.135843 -0.383192 0.063134 -0.196651 -1.047341
1757580038.402741 -0.342374 -0.047112 0.037576 -1.135843 -0.383192 0.063134 -0.196269 -1.047341
1757580038.404754 -0.342374 -0.047112 0.037576 -1.135843 -0.383192 0.062753 -0.195888 -1.047341
1757580038.406764 -0.342755 -0.047112 0.037194 -1.135843 -0.383192 0.062753 -0.195506 -1.047341
1757580038.408750 -0.342755 -0.047112 0.037194 -1.136225 -0.383574 0.062753 -0.195125 -1.047341
1757580038.410747 -0.343137 -0.047112 0.037194 -1.136225 -0.383574 0.063134 -0.194743 -1.047723
1757580038.412754 -0.343137 -0.047112 0.037194 -1.136225 -0.383574 0.063134 -0.194362 -1.047723
1757580038.414743 -0.343137 -0.047112 0.037194 -1.136225 -0.383574 0.063134 -0.193980 -1.047723
1757580038.416747 -0.343137 -0.047112 0.036813 -1.136225 -0.383955 0.063134 -0.193217 -1.047723
1757580038.418741 -0.343518 -0.047112 0.036813 -1.136225 -0.383955 0.063134 -0.192836 -1.047723
1757580038.420745 -0.343518 -0.047112 0.036431 -1.136225 -0.384336 0.062753 -0.192073 -1.047723
1757580038.422741 -0.343518 -0.047112 0.036431 -1.136225 -0.384336 0.062753 -0.191691 -1.047723
1757580038.424747 -0.343518 -0.047112 0.036431 -1.136606 -0.384336 0.062753 -0.190928 -1.047723
1757580038.426745 -0.343518 -0.047112 0.036050 -1.136606 -0.384336 0.062753 -0.190166 -1.047723
1757580038.428783 -0.343901 -0.047112 0.035668 -1.136606 -0.384718 0.062753 -0.189403 -1.048104
1757580038.430824 -0.343901 -0.047112 0.035287 -1.136606 -0.384718 0.063134 -0.189021 -1.048104
1757580038.432758 -0.343901 -0.047112 0.035287 -1.136606 -0.384718 0.063134 -0.188258 -1.048104
1757580038.434763 -0.343901 -0.047112 0.034905 -1.136606 -0.385099 0.063134 -0.187495 -1.048104
1757580038.436747 -0.343901 -0.047112 0.034524 -1.136606 -0.385099 0.063134 -0.186732 -1.048104
1757580038.438740 -0.343901 -0.047112 0.033761 -1.136606 -0.385099 0.063134 -0.185969 -1.048104
1757580038.440750 -0.343901 -0.047112 0.033380 -1.136606 -0.385481 0.063134 -0.185206 -1.048104
1757580038.442745 -0.344282 -0.047112 0.032998 -1.136606 -0.385481 0.063134 -0.184062 -1.048104
1757580038.444748 -0.344282 -0.047112 0.032235 -1.136606 -0.385481 0.063134 -0.183299 -1.048104
1757580038.446744 -0.344282 -0.047112 0.031854 -1.136606 -0.385862 0.063134 -0.182536 -1.048104
1757580038.448746 -0.344282 -0.047112 0.031090 -1.136606 -0.385862 0.063134 -0.181773 -1.048104
1757580038.450784 -0.344282 -0.047112 0.030327 -1.136606 -0.385862 0.063134 -0.180629 -1.048104
1757580038.452785 -0.344282 -0.047112 0.029564 -1.136606 -0.385862 0.063134 -0.179866 -1.048104
1757580038.454785 -0.344282 -0.047112 0.029182 -1.136606 -0.386244 0.063134 -0.178721 -1.048104
1757580038.456778 -0.344282 -0.047112 0.028419 -1.136606 -0.386244 0.063134 -0.177577 -1.048104
1757580038.458784 -0.344282 -0.047112 0.027657 -1.136606 -0.386244 0.063134 -0.176814 -1.048486
1757580038.460803 -0.344664 -0.047112 0.026894 -1.136606 -0.386625 0.063134 -0.175670 -1.048486
1757580038.462772 -0.344664 -0.047112 0.026131 -1.136606 -0.386625 0.063134 -0.174525 -1.048486
1757580038.464755 -0.344664 -0.047112 0.025368 -1.136606 -0.386625 0.063134 -0.173381 -1.048486
1757580038.466747 -0.344664 -0.047112 0.024223 -1.136606 -0.387007 0.063134 -0.172236 -1.048486
1757580038.468768 -0.344664 -0.047112 0.023460 -1.136606 -0.387007 0.063516 -0.171092 -1.048486
1757580038.470783 -0.344664 -0.047112 0.022697 -1.136606 -0.387007 0.063516 -0.169948 -1.048486
1757580038.472753 -0.345045 -0.047112 0.021935 -1.136606 -0.387007 0.063516 -0.168803 -1.048486
1757580038.474748 -0.345045 -0.047112 0.020790 -1.136606 -0.387388 0.063516 -0.167659 -1.048486
1757580038.476752 -0.345045 -0.047112 0.020027 -1.136606 -0.387388 0.063516 -0.166514 -1.048486
1757580038.478744 -0.345045 -0.047112 0.018883 -1.136606 -0.387388 0.063516 -0.164989 -1.048486
1757580038.480745 -0.345045 -0.047112 0.018120 -1.136606 -0.387770 0.063516 -0.163844 -1.048486
1757580038.482746 -0.345427 -0.047112 0.016975 -1.136606 -0.387770 0.063897 -0.162318 -1.048486
1757580038.484747 -0.345427 -0.047112 0.015831 -1.136606 -0.387770 0.063897 -0.161174 -1.048486
1757580038.486743 -0.345427 -0.047494 0.015068 -1.136606 -0.387770 0.063897 -0.159648 -1.048486
1757580038.488751 -0.345427 -0.047494 0.013924 -1.136606 -0.388151 0.063897 -0.158504 -1.048486
1757580038.490747 -0.345808 -0.047494 0.012779 -1.136606 -0.388151 0.063897 -0.156978 -1.048486
1757580038.492753 -0.345808 -0.047494 0.011635 -1.136606 -0.388151 0.063897 -0.155451 -1.048486
1757580038.494746 -0.345808 -0.047494 0.010872 -1.136606 -0.388151 0.063897 -0.154306 -1.048486
1757580038.496756 -0.345808 -0.047494 0.009727 -1.136606 -0.388151 0.064279 -0.152781 -1.048486
1757580038.498763 -0.346189 -0.047494 0.008583 -1.136606 -0.388533 0.064279 -0.151255 -1.048486
1757580038.500756 -0.346189 -0.047494 0.007439 -1.136606 -0.388533 0.064279 -0.149729 -1.048104
1757580038.502742 -0.346189 -0.047494 0.006294 -1.136225 -0.388533 0.064279 -0.148203 -1.048104
1757580038.504757 -0.346189 -0.047494 0.004768 -1.136225 -0.388533 0.064279 -0.146677 -1.048104
1757580038.506757 -0.346189 -0.047494 0.003624 -1.136225 -0.388533 0.064279 -0.145533 -1.048104
1757580038.508767 -0.346571 -0.047494 0.002480 -1.136225 -0.388914 0.064279 -0.144007 -1.048104
1757580038.510745 -0.346571 -0.047494 0.001335 -1.136225 -0.388914 0.064660 -0.142481 -1.048104
1757580038.512748 -0.346571 -0.047494 -0.000191 -1.136225 -0.388914 0.064660 -0.140955 -1.048104
1757580038.514747 -0.346571 -0.047494 -0.001335 -1.136225 -0.388914 0.064660 -0.139048 -1.048104
1757580038.516748 -0.346571 -0.047494 -0.002861 -1.136225 -0.389296 0.064660 -0.137522 -1.048104
1757580038.518746 -0.346952 -0.047494 -0.004005 -1.136225 -0.389296 0.064660 -0.135996 -1.048104
1757580038.520749 -0.346952 -0.047494 -0.005150 -1.136225 -0.389296 0.064660 -0.134470 -1.048104
1757580038.522749 -0.346952 -0.047494 -0.006676 -1.136225 -0.389296 0.065042 -0.132563 -1.048104
1757580038.524776 -0.346952 -0.047494 -0.007820 -1.136225 -0.389296 0.065042 -0.131037 -1.048104
1757580038.526706 -0.346952 -0.047494 -0.009346 -1.136225 -0.389677 0.065042 -0.129129 -1.048104
1757580038.528707 -0.346952 -0.047494 -0.010872 -1.135843 -0.389677 0.065042 -0.127604 -1.048104
1757580038.530689 -0.347334 -0.047494 -0.012016 -1.135843 -0.389677 0.065042 -0.125696 -1.048104
1757580038.532715 -0.347334 -0.047494 -0.013542 -1.135843 -0.389677 0.065042 -0.124170 -1.048104
1757580038.534690 -0.347334 -0.047494 -0.014687 -1.135843 -0.390059 0.065423 -0.122263 -1.048104
1757580038.536710 -0.347334 -0.047494 -0.016212 -1.135843 -0.390059 0.065423 -0.120356 -1.048104
1757580038.538684 -0.347334 -0.047494 -0.017738 -1.135843 -0.390059 0.065423 -0.118448 -1.048104
1757580038.540691 -0.347334 -0.047494 -0.018883 -1.135843 -0.390059 0.065423 -0.116922 -1.048104
1757580038.542687 -0.347715 -0.047494 -0.020409 -1.135843 -0.390440 0.065423 -0.115015 -1.048104
1757580038.544705 -0.347715 -0.047494 -0.021935 -1.135843 -0.390440 0.065804 -0.113108 -1.048104
1757580038.546695 -0.347715 -0.047494 -0.023079 -1.135843 -0.390440 0.065804 -0.111200 -1.048104
1757580038.548698 -0.347715 -0.047494 -0.024605 -1.135843 -0.390440 0.065804 -0.109674 -1.048104
1757580038.550685 -0.347715 -0.047875 -0.026131 -1.135462 -0.390440 0.065804 -0.107767 -1.048104
1757580038.552702 -0.348097 -0.047875 -0.027657 -1.135462 -0.390821 0.065804 -0.105860 -1.048104
1757580038.554724 -0.348097 -0.047875 -0.028801 -1.135462 -0.390821 0.066186 -0.103952 -1.048104
1757580038.556719 -0.348097 -0.047875 -0.030327 -1.135462 -0.390821 0.066186 -0.102045 -1.048104
1757580038.558741 -0.348097 -0.047875 -0.031854 -1.135462 -0.390821 0.066186 -0.100138 -1.048104
1757580038.560732 -0.348097 -0.047875 -0.033380 -1.135462 -0.391203 0.066186 -0.098230 -1.048104
1757580038.562714 -0.348478 -0.047875 -0.034905 -1.135462 -0.391203 0.066186 -0.096323 -1.048104
1757580038.564696 -0.348478 -0.047494 -0.036431 -1.135462 -0.391203 0.066186 -0.094034 -1.048104
1757580038.566738 -0.348478 -0.047494 -0.037957 -1.135462 -0.391203 0.066567 -0.092126 -1.048486
1757580038.568792 -0.348478 -0.047494 -0.039483 -1.135462 -0.391584 0.066567 -0.090219 -1.048486
1757580038.570748 -0.348860 -0.047494 -0.041009 -1.135462 -0.391584 0.066567 -0.088311 -1.048486
1757580038.572755 -0.348860 -0.047494 -0.042535 -1.135080 -0.391584 0.066567 -0.086022 -1.048486
1757580038.574744 -0.348860 -0.047494 -0.044061 -1.135080 -0.391584 0.066567 -0.084115 -1.048486
1757580038.576739 -0.348860 -0.047494 -0.045587 -1.135080 -0.391966 0.066567 -0.081826 -1.048486
1757580038.578743 -0.348860 -0.047494 -0.047112 -1.135080 -0.391966 0.066567 -0.079919 -1.048486
1757580038.580728 -0.349241 -0.047494 -0.048638 -1.135080 -0.391966 0.066949 -0.077630 -1.048486
1757580038.582741 -0.349241 -0.047494 -0.050546 -1.135080 -0.392347 0.066949 -0.075723 -1.048486
1757580038.584726 -0.349241 -0.047494 -0.052072 -1.135080 -0.392347 0.066949 -0.073434 -1.048486
1757580038.586768 -0.349241 -0.047494 -0.053597 -1.134699 -0.392729 0.066949 -0.071527 -1.048486
1757580038.588698 -0.349623 -0.047494 -0.055123 -1.134699 -0.392729 0.066949 -0.069238 -1.048486
1757580038.590706 -0.349623 -0.047494 -0.056649 -1.134699 -0.393110 0.067330 -0.066949 -1.048486
1757580038.592682 -0.349623 -0.047494 -0.058557 -1.134699 -0.393110 0.067330 -0.065042 -1.048486
1757580038.594712 -0.350004 -0.047494 -0.060082 -1.134699 -0.393492 0.067330 -0.062753 -1.048486
1757580038.596690 -0.350004 -0.047494 -0.061608 -1.134699 -0.393492 0.067330 -0.060464 -1.048486
1757580038.598699 -0.350004 -0.047494 -0.063516 -1.134317 -0.393873 0.067330 -0.058175 -1.048486
1757580038.600692 -0.350004 -0.047494 -0.065042 -1.134317 -0.394255 0.067712 -0.055886 -1.048486
1757580038.602715 -0.350386 -0.047494 -0.066567 -1.134317 -0.394255 0.067712 -0.053979 -1.048486
1757580038.604699 -0.350386 -0.047494 -0.068475 -1.134317 -0.394636 0.067712 -0.051690 -1.048486
1757580038.606717 -0.350386 -0.047494 -0.070001 -1.134317 -0.395018 0.067712 -0.049401 -1.048486
1757580038.608692 -0.350386 -0.047494 -0.071908 -1.133936 -0.395018 0.068093 -0.047494 -1.048486
1757580038.610714 -0.350767 -0.047494 -0.073434 -1.133936 -0.395399 0.068093 -0.045205 -1.048486
1757580038.612695 -0.350767 -0.047494 -0.075341 -1.133936 -0.395781 0.068093 -0.042916 -1.048486
1757580038.614714 -0.350767 -0.047875 -0.076867 -1.133936 -0.395781 0.068093 -0.040627 -1.048486
1757580038.616738 -0.350767 -0.047875 -0.078774 -1.133936 -0.396162 0.068093 -0.038339 -1.048486
1757580038.618722 -0.351149 -0.047875 -0.080300 -1.133554 -0.396162 0.068475 -0.036050 -1.048486
1757580038.620698 -0.351149 -0.047875 -0.082208 -1.133554 -0.396544 0.068475 -0.033761 -1.048486
1757580038.622724 -0.351149 -0.047875 -0.084115 -1.133554 -0.396544 0.068475 -0.031472 -1.048486
1757580038.624704 -0.351149 -0.047875 -0.085641 -1.133554 -0.396925 0.068475 -0.029182 -1.048486
1757580038.626701 -0.351149 -0.047875 -0.087548 -1.133554 -0.396925 0.068856 -0.026894 -1.048486
1757580038.628708 -0.351530 -0.047875 -0.089456 -1.133173 -0.397306 0.068856 -0.024605 -1.048486
1757580038.630698 -0.351530 -0.047875 -0.091363 -1.133173 -0.397306 0.068856 -0.022316 -1.048486
1757580038.632713 -0.351530 -0.047875 -0.093270 -1.133173 -0.397688 0.068856 -0.020027 -1.048486
1757580038.634698 -0.351530 -0.047875 -0.095179 -1.133173 -0.397688 0.068856 -0.017738 -1.048486
1757580038.636707 -0.351530 -0.048257 -0.097086 -1.132792 -0.398069 0.068856 -0.015450 -1.048486
1757580038.638687 -0.351530 -0.048257 -0.098993 -1.132792 -0.398069 0.069238 -0.013161 -1.048486
1757580038.640708 -0.351912 -0.048257 -0.100519 -1.132792 -0.398069 0.069238 -0.010872 -1.048486
1757580038.642695 -0.351912 -0.048257 -0.102427 -1.132410 -0.398451 0.069238 -0.008583 -1.048486
1757580038.644701 -0.351912 -0.048257 -0.104334 -1.132410 -0.398451 0.069238 -0.006294 -1.048486
1757580038.646694 -0.351912 -0.048257 -0.106623 -1.132410 -0.398832 0.069238 -0.004005 -1.048486
1757580038.648747 -0.351912 -0.048257 -0.108530 -1.132410 -0.398832 0.069619 -0.001717 -1.048104
1757580038.650707 -0.352293 -0.048257 -0.110437 -1.132029 -0.398832 0.069619 0.000572 -1.048104
1757580038.652697 -0.352293 -0.048257 -0.112345 -1.132029 -0.399214 0.069619 0.002861 -1.048104
1757580038.654705 -0.352293 -0.048257 -0.114252 -1.132029 -0.399214 0.069619 0.005150 -1.048104
1757580038.656693 -0.352293 -0.048257 -0.116159 -1.131647 -0.399214 0.070001 0.007820 -1.048104
1757580038.658697 -0.352674 -0.048257 -0.118067 -1.131647 -0.399595 0.070001 0.010109 -1.048104
1757580038.660700 -0.352674 -0.048257 -0.119974 -1.131647 -0.399595 0.070001 0.012398 -1.048104
1757580038.662698 -0.352674 -0.048257 -0.122263 -1.131647 -0.399595 0.070001 0.014687 -1.048104
1757580038.664701 -0.352674 -0.048257 -0.124170 -1.131647 -0.399977 0.070382 0.017357 -1.048104
1757580038.666692 -0.352674 -0.048257 -0.126078 -1.131266 -0.399977 0.070382 0.019646 -1.048104
1757580038.668698 -0.352674 -0.048257 -0.127985 -1.131266 -0.399977 0.070382 0.021935 -1.048104
1757580038.670699 -0.353056 -0.048257 -0.129892 -1.131266 -0.400358 0.070382 0.024223 -1.048104
1757580038.672691 -0.353056 -0.048638 -0.132181 -1.131266 -0.400358 0.070382 0.026894 -1.048104
1757580038.674697 -0.353056 -0.048638 -0.134089 -1.131266 -0.400358 0.070764 0.029182 -1.048104
1757580038.676691 -0.353056 -0.048638 -0.135996 -1.130884 -0.400358 0.070764 0.031854 -1.048104
1757580038.678734 -0.353437 -0.048638 -0.137903 -1.130884 -0.400740 0.070764 0.034142 -1.048104
1757580038.680712 -0.353437 -0.048638 -0.139811 -1.130884 -0.400740 0.070764 0.036813 -1.048104
1757580038.682702 -0.353437 -0.048638 -0.142099 -1.130884 -0.400740 0.071145 0.039102 -1.048104
1757580038.684709 -0.353437 -0.049020 -0.144007 -1.130884 -0.400740 0.071145 0.041390 -1.048104
1757580038.686697 -0.353819 -0.049020 -0.145914 -1.130884 -0.401121 0.071145 0.044061 -1.048104
1757580038.688695 -0.353819 -0.049020 -0.147821 -1.130503 -0.401121 0.071527 0.046350 -1.048104
1757580038.690696 -0.353819 -0.049020 -0.150110 -1.130503 -0.401121 0.071527 0.049020 -1.048104
1757580038.692691 -0.353819 -0.049020 -0.152018 -1.130503 -0.401121 0.071527 0.051309 -1.048104
1757580038.694694 -0.353819 -0.049401 -0.153925 -1.130503 -0.401121 0.071908 0.053597 -1.048104
1757580038.696692 -0.354200 -0.049401 -0.155832 -1.130503 -0.401503 0.071908 0.056268 -1.048104
1757580038.698698 -0.354200 -0.049401 -0.157741 -1.130503 -0.401503 0.072289 0.058557 -1.048104
1757580038.700692 -0.354200 -0.049401 -0.159648 -1.130121 -0.401503 0.072289 0.060845 -1.048104
1757580038.702692 -0.354200 -0.049401 -0.161555 -1.130121 -0.401503 0.072289 0.063516 -1.048104
1757580038.704689 -0.354582 -0.049783 -0.163463 -1.130121 -0.401503 0.072671 0.065804 -1.048104
1757580038.706738 -0.354582 -0.049783 -0.165751 -1.130121 -0.401884 0.072671 0.068093 -1.048104
1757580038.708714 -0.354582 -0.049783 -0.167659 -1.130121 -0.401884 0.073052 0.070382 -1.048104
1757580038.710719 -0.354582 -0.049783 -0.169566 -1.130121 -0.401884 0.073052 0.073052 -1.048486
1757580038.712709 -0.354963 -0.049783 -0.171474 -1.130121 -0.401884 0.073052 0.075341 -1.048104
1757580038.714706 -0.354963 -0.049783 -0.173381 -1.130121 -0.402266 0.073434 0.077630 -1.048104
1757580038.716693 -0.354963 -0.049783 -0.175288 -1.130121 -0.402266 0.073434 0.080300 -1.048104
1757580038.718698 -0.354963 -0.049783 -0.177196 -1.130121 -0.402266 0.073815 0.082589 -1.048104
1757580038.720695 -0.355345 -0.050164 -0.179484 -1.130121 -0.402266 0.073815 0.084878 -1.048104
1757580038.722698 -0.355345 -0.050164 -0.181392 -1.129740 -0.402647 0.073815 0.087167 -1.048104
1757580038.724683 -0.355726 -0.050164 -0.183299 -1.129740 -0.402647 0.074197 0.089837 -1.048104
1757580038.726691 -0.355726 -0.050164 -0.185588 -1.129740 -0.402647 0.074197 0.092126 -1.048104
1757580038.728686 -0.355726 -0.050164 -0.187495 -1.129740 -0.403028 0.074197 0.094797 -1.048104
1757580038.730697 -0.356108 -0.050164 -0.189403 -1.129740 -0.403028 0.074197 0.097086 -1.048104
1757580038.732679 -0.356108 -0.050164 -0.191691 -1.129740 -0.403028 0.074578 0.099756 -1.048104
1757580038.734692 -0.356489 -0.050164 -0.193599 -1.129740 -0.403410 0.074578 0.102045 -1.048104
1757580038.736683 -0.356871 -0.050164 -0.195888 -1.129740 -0.403410 0.074578 0.104715 -1.048104
1757580038.738695 -0.356871 -0.050546 -0.197795 -1.129740 -0.403410 0.074960 0.107386 -1.048486
1757580038.740741 -0.357252 -0.050546 -0.200084 -1.129740 -0.403791 0.074960 0.110056 -1.048486
1757580038.742728 -0.357252 -0.050546 -0.202373 -1.129740 -0.403791 0.074960 0.112726 -1.048486
1757580038.744694 -0.357634 -0.050546 -0.204280 -1.129740 -0.404173 0.074960 0.115396 -1.048486
1757580038.746683 -0.357634 -0.050546 -0.206569 -1.129740 -0.404173 0.075341 0.118067 -1.048486
1757580038.748693 -0.358015 -0.050546 -0.208858 -1.129740 -0.404554 0.075341 0.120737 -1.048486
1757580038.750692 -0.358397 -0.050927 -0.211146 -1.129740 -0.404936 0.075341 0.123407 -1.048486
1757580038.752690 -0.358397 -0.050927 -0.213435 -1.129740 -0.404936 0.075723 0.126078 -1.048486
1757580038.754682 -0.358778 -0.050927 -0.215343 -1.129740 -0.405317 0.075723 0.128748 -1.048486
1757580038.756683 -0.358778 -0.050927 -0.217631 -1.129740 -0.405699 0.076104 0.131418 -1.048486
1757580038.758692 -0.359159 -0.050927 -0.219921 -1.129740 -0.405699 0.076104 0.134089 -1.048486
1757580038.760681 -0.359541 -0.051309 -0.222210 -1.129740 -0.406080 0.076486 0.137140 -1.048486
1757580038.762684 -0.359541 -0.051309 -0.224499 -1.129740 -0.406463 0.076486 0.139811 -1.048486
1757580038.764680 -0.359922 -0.051309 -0.226788 -1.129740 -0.406463 0.076867 0.142481 -1.048486
1757580038.766701 -0.359922 -0.051309 -0.229076 -1.129740 -0.406844 0.077249 0.145151 -1.048486
1757580038.768680 -0.360304 -0.051690 -0.231365 -1.129740 -0.407226 0.077249 0.147821 -1.048486
1757580038.770689 -0.360685 -0.051690 -0.233654 -1.129740 -0.407607 0.077630 0.150873 -1.048486
1757580038.772710 -0.360685 -0.051690 -0.235561 -1.129740 -0.407607 0.077630 0.153543 -1.048486
1757580038.774729 -0.361067 -0.052072 -0.237850 -1.129740 -0.407989 0.078012 0.156214 -1.048867
1757580038.776697 -0.361067 -0.052072 -0.240139 -1.129740 -0.408370 0.078393 0.158885 -1.048867
1757580038.778700 -0.361448 -0.052072 -0.242428 -1.129740 -0.408751 0.078774 0.161937 -1.048867
1757580038.780694 -0.361830 -0.052453 -0.244717 -1.129358 -0.409133 0.078774 0.164607 -1.048867
1757580038.782683 -0.361830 -0.052453 -0.247005 -1.129358 -0.409514 0.079156 0.167659 -1.048867
1757580038.784693 -0.362211 -0.052835 -0.248913 -1.129358 -0.409514 0.079537 0.170329 -1.048867
1757580038.786694 -0.362211 -0.052835 -0.251202 -1.129358 -0.409896 0.079919 0.172999 -1.048867
1757580038.788690 -0.362593 -0.052835 -0.253490 -1.129358 -0.410277 0.080300 0.175670 -1.048867
1757580038.790683 -0.362593 -0.053216 -0.255398 -1.129358 -0.410659 0.080682 0.178340 -1.048867
1757580038.792692 -0.362974 -0.053216 -0.257687 -1.129358 -0.411040 0.081063 0.181392 -1.048867
1757580038.794691 -0.362974 -0.053597 -0.259975 -1.129358 -0.411040 0.081445 0.184062 -1.048867
1757580038.796692 -0.363356 -0.053597 -0.261883 -1.129358 -0.411422 0.081826 0.186732 -1.048867
1757580038.798683 -0.363356 -0.053979 -0.264172 -1.129358 -0.411803 0.082208 0.189403 -1.049249
1757580038.800690 -0.363737 -0.053979 -0.266079 -1.129358 -0.412185 0.082589 0.192073 -1.049249
1757580038.802727 -0.363737 -0.053979 -0.267986 -1.128977 -0.412566 0.082971 0.194743 -1.049249
1757580038.804718 -0.364119 -0.054360 -0.270275 -1.128977 -0.412566 0.083352 0.197413 -1.049249
1757580038.806690 -0.364119 -0.054360 -0.272182 -1.128977 -0.412948 0.084115 0.200084 -1.049249
1757580038.808710 -0.364119 -0.054742 -0.274471 -1.128977 -0.413329 0.084496 0.202754 -1.049249
1757580038.810690 -0.364500 -0.054742 -0.276379 -1.128977 -0.413711 0.084878 0.205424 -1.049249
1757580038.812693 -0.364882 -0.054742 -0.278286 -1.128977 -0.413711 0.085259 0.208095 -1.049249
1757580038.814691 -0.364882 -0.055123 -0.280575 -1.128977 -0.414092 0.085641 0.210765 -1.049249
1757580038.816693 -0.365263 -0.055123 -0.282483 -1.128977 -0.414474 0.086022 0.213435 -1.049249
1757580038.818689 -0.365263 -0.055123 -0.284772 -1.128977 -0.414474 0.086404 0.216105 -1.049249
1757580038.820691 -0.365644 -0.055505 -0.286679 -1.128977 -0.414855 0.086785 0.218394 -1.049249
1757580038.822689 -0.366026 -0.055505 -0.288968 -1.128595 -0.415236 0.087167 0.221066 -1.049249
1757580038.824695 -0.366026 -0.055505 -0.290875 -1.128595 -0.415618 0.087930 0.223736 -1.049249
1757580038.826685 -0.366407 -0.055886 -0.293164 -1.128595 -0.415618 0.088311 0.226788 -1.049630
1757580038.828691 -0.366407 -0.055886 -0.295072 -1.128595 -0.415999 0.088693 0.229458 -1.049630
1757580038.830688 -0.366789 -0.055886 -0.297360 -1.128595 -0.416381 0.089074 0.232128 -1.049630
1757580038.832690 -0.367170 -0.055886 -0.299649 -1.128595 -0.416762 0.089456 0.234798 -1.049630
1757580038.834757 -0.367552 -0.056268 -0.301557 -1.128595 -0.417144 0.089837 0.237469 -1.049630
1757580038.836701 -0.367552 -0.056268 -0.303845 -1.128595 -0.417144 0.090219 0.240139 -1.049630
1757580038.838695 -0.367933 -0.056268 -0.306134 -1.128595 -0.417525 0.090600 0.242809 -1.049630
1757580038.840697 -0.368315 -0.056268 -0.308042 -1.128595 -0.417907 0.090981 0.245480 -1.049630
1757580038.842690 -0.368696 -0.056649 -0.310330 -1.128214 -0.418288 0.091363 0.248150 -1.049630
1757580038.844687 -0.369078 -0.056649 -0.312619 -1.128214 -0.418670 0.092126 0.251202 -1.050012
1757580038.846689 -0.369078 -0.056649 -0.314908 -1.128214 -0.419051 0.092507 0.253872 -1.050012
1757580038.848690 -0.369459 -0.056649 -0.317197 -1.128214 -0.419433 0.092889 0.256542 -1.050012
1757580038.850685 -0.369841 -0.057031 -0.319104 -1.128214 -0.419814 0.093270 0.259212 -1.050012
1757580038.852691 -0.370222 -0.057031 -0.321393 -1.128214 -0.420196 0.094034 0.261883 -1.050012
1757580038.854695 -0.370604 -0.057031 -0.323682 -1.128214 -0.420577 0.094416 0.264935 -1.050012
1757580038.856695 -0.370985 -0.057412 -0.325589 -1.127832 -0.420959 0.094797 0.267605 -1.050012
1757580038.858728 -0.371367 -0.057412 -0.327878 -1.127832 -0.421340 0.095560 0.270275 -1.050012
1757580038.860713 -0.371748 -0.057412 -0.330167 -1.127832 -0.421721 0.095942 0.272945 -1.050393
1757580038.862707 -0.371748 -0.057794 -0.332456 -1.127832 -0.422103 0.096323 0.275616 -1.050393
1757580038.864707 -0.372129 -0.057794 -0.334363 -1.127832 -0.422103 0.097086 0.278286 -1.050393
1757580038.866801 -0.372511 -0.057794 -0.336270 -1.127832 -0.422866 0.097467 0.280956 -1.050393
1757580038.868749 -0.372892 -0.058175 -0.338559 -1.127832 -0.423247 0.098230 0.283628 -1.050393
1757580038.870718 -0.373274 -0.058175 -0.340466 -1.127451 -0.423629 0.098612 0.286298 -1.050393
1757580038.872721 -0.373274 -0.058557 -0.342755 -1.127451 -0.424010 0.098993 0.288587 -1.050775
1757580038.874709 -0.373655 -0.058557 -0.344664 -1.127451 -0.424392 0.099756 0.291257 -1.050775
1757580038.876716 -0.374037 -0.058557 -0.346571 -1.127451 -0.424773 0.100519 0.293927 -1.050775
1757580038.878714 -0.374418 -0.058938 -0.348478 -1.127451 -0.425155 0.100901 0.296216 -1.050775
1757580038.880711 -0.374418 -0.058938 -0.350386 -1.127451 -0.425536 0.101664 0.298886 -1.050775
1757580038.882710 -0.374800 -0.059319 -0.352293 -1.127451 -0.425536 0.102045 0.301175 -1.051156
1757580038.884716 -0.375181 -0.059319 -0.354200 -1.127451 -0.425918 0.102808 0.303464 -1.051156
1757580038.886713 -0.375181 -0.059701 -0.356108 -1.127451 -0.426299 0.103571 0.306134 -1.051156
1757580038.888711 -0.375563 -0.059701 -0.358015 -1.127069 -0.426681 0.103952 0.308423 -1.051156
1757580038.890711 -0.375944 -0.060082 -0.359922 -1.127069 -0.427062 0.104715 0.310712 -1.051156
1757580038.892716 -0.375944 -0.060082 -0.361830 -1.127069 -0.427444 0.105478 0.312619 -1.051538
1757580038.894704 -0.376326 -0.060082 -0.363356 -1.127069 -0.427444 0.106241 0.314908 -1.051538
1757580038.896708 -0.376326 -0.060464 -0.365263 -1.127069 -0.427825 0.107004 0.316815 -1.051538
1757580038.898756 -0.376707 -0.060464 -0.367170 -1.127069 -0.428206 0.107386 0.318723 -1.051538
1757580038.900712 -0.376707 -0.060845 -0.368696 -1.127069 -0.428206 0.108149 0.321012 -1.051919
1757580038.902709 -0.377089 -0.060845 -0.370604 -1.127069 -0.428588 0.108912 0.322919 -1.051919
1757580038.904706 -0.377089 -0.060845 -0.372129 -1.126688 -0.428969 0.109674 0.324826 -1.051919
1757580038.906746 -0.377089 -0.061227 -0.374037 -1.126688 -0.428969 0.110056 0.326734 -1.051919
1757580038.908710 -0.377470 -0.061227 -0.375563 -1.126688 -0.429351 0.110819 0.328641 -1.051919
1757580038.910714 -0.377470 -0.061227 -0.377089 -1.126688 -0.429732 0.111582 0.330548 -1.052300
1757580038.912709 -0.377851 -0.061608 -0.378996 -1.126688 -0.429732 0.111963 0.332456 -1.052300
1757580038.914709 -0.377851 -0.061608 -0.380522 -1.126688 -0.430114 0.112726 0.333982 -1.052300
1757580038.916707 -0.378233 -0.061608 -0.382048 -1.126688 -0.430114 0.113489 0.335889 -1.052300
1757580038.918710 -0.378233 -0.061608 -0.383574 -1.126688 -0.430495 0.113871 0.337796 -1.052682
1757580038.920707 -0.378233 -0.061990 -0.385099 -1.126688 -0.430495 0.114634 0.339322 -1.052682
1757580038.922705 -0.378614 -0.061990 -0.386625 -1.126307 -0.430877 0.115015 0.341229 -1.052682
1757580038.924711 -0.378614 -0.061990 -0.388151 -1.126307 -0.431258 0.115396 0.342755 -1.052682
1757580038.926709 -0.378996 -0.062371 -0.389677 -1.126307 -0.431258 0.116159 0.344664 -1.052682
1757580038.928709 -0.378996 -0.062371 -0.390821 -1.126307 -0.431640 0.116541 0.346189 -1.053063
1757580038.930721 -0.378996 -0.062371 -0.392347 -1.126307 -0.431640 0.117304 0.347715 -1.053063
1757580038.932706 -0.379377 -0.062753 -0.393873 -1.126307 -0.432021 0.117685 0.349241 -1.053063
1757580038.934711 -0.379377 -0.062753 -0.395018 -1.126307 -0.432021 0.118067 0.350767 -1.053063
1757580038.936703 -0.379377 -0.062753 -0.396162 -1.126307 -0.432021 0.118448 0.352293 -1.053445
1757580038.938712 -0.379377 -0.063134 -0.397306 -1.125925 -0.432403 0.119211 0.353819 -1.053445
1757580038.940705 -0.379759 -0.063134 -0.398832 -1.125925 -0.432403 0.119593 0.355345 -1.053445
1757580038.942703 -0.379759 -0.063134 -0.399595 -1.125925 -0.432784 0.119974 0.356489 -1.053445
1757580038.944746 -0.379759 -0.063516 -0.400740 -1.125925 -0.432784 0.120737 0.358015 -1.053445
1757580038.946708 -0.379759 -0.063516 -0.401884 -1.125925 -0.433166 0.121119 0.359159 -1.053826
1757580038.948703 -0.379759 -0.063516 -0.402647 -1.125925 -0.433166 0.121500 0.360304 -1.053826
1757580038.950705 -0.380140 -0.063897 -0.403791 -1.125925 -0.433166 0.121881 0.361448 -1.053826
1757580038.952812 -0.380140 -0.063897 -0.404554 -1.125925 -0.433547 0.122644 0.362593 -1.053826
1757580038.954703 -0.380140 -0.063897 -0.405317 -1.125925 -0.433547 0.123026 0.363737 -1.054208
1757580038.956703 -0.380140 -0.063897 -0.406463 -1.125925 -0.433547 0.123407 0.364500 -1.054208
1757580038.958698 -0.380522 -0.063897 -0.407226 -1.125925 -0.433928 0.123789 0.365644 -1.054208
1757580038.960876 -0.380522 -0.063897 -0.407989 -1.125925 -0.433928 0.124170 0.366407 -1.054208
1757580038.962740 -0.380522 -0.064279 -0.408751 -1.125544 -0.433928 0.124552 0.367170 -1.054208
1757580038.964723 -0.380522 -0.064279 -0.409514 -1.125544 -0.433928 0.124933 0.367933 -1.054589
1757580038.966747 -0.380522 -0.064279 -0.410659 -1.125544 -0.434310 0.125315 0.368696 -1.054589
1757580038.968839 -0.380903 -0.064279 -0.411422 -1.125544 -0.434310 0.125696 0.369459 -1.054589
1757580038.970699 -0.380903 -0.064279 -0.412185 -1.125544 -0.434310 0.125696 0.370222 -1.054589
1757580038.972732 -0.380903 -0.064279 -0.412948 -1.125544 -0.434310 0.126078 0.370985 -1.054589
1757580038.974698 -0.380903 -0.064279 -0.413711 -1.125544 -0.434691 0.126078 0.371748 -1.054971
1757580038.976691 -0.381285 -0.064279 -0.414474 -1.125544 -0.434691 0.126459 0.372129 -1.054971
1757580038.978705 -0.381285 -0.064279 -0.414855 -1.125544 -0.434691 0.126459 0.372892 -1.054971
1757580038.980689 -0.381285 -0.064279 -0.415618 -1.125544 -0.435073 0.126841 0.373655 -1.054971
1757580038.982692 -0.381285 -0.064279 -0.416381 -1.125162 -0.435073 0.126841 0.374037 -1.055352
1757580038.984687 -0.381666 -0.064660 -0.416762 -1.125162 -0.435073 0.126841 0.374800 -1.055352
1757580038.986696 -0.381666 -0.064660 -0.417525 -1.125162 -0.435454 0.126841 0.375181 -1.055352
1757580038.988674 -0.381666 -0.064660 -0.418288 -1.125162 -0.435454 0.127222 0.375944 -1.055352
1757580038.990687 -0.381666 -0.064660 -0.418670 -1.125162 -0.435454 0.127222 0.376326 -1.055352
1757580038.992717 -0.381666 -0.064660 -0.419051 -1.125162 -0.435836 0.127222 0.376707 -1.055734
1757580038.994701 -0.381666 -0.064660 -0.419814 -1.124781 -0.435836 0.127222 0.377470 -1.055734
1757580038.996709 -0.381666 -0.064660 -0.420196 -1.124781 -0.435836 0.127222 0.377851 -1.055734
1757580038.998697 -0.382048 -0.064660 -0.420959 -1.124781 -0.436217 0.127604 0.378233 -1.055734
1757580039.000690 -0.382048 -0.064660 -0.421340 -1.124781 -0.436217 0.127604 0.378614 -1.056115
1757580039.002688 -0.382048 -0.065042 -0.421721 -1.124781 -0.436217 0.127604 0.378996 -1.056115
1757580039.004685 -0.382048 -0.065042 -0.422103 -1.124781 -0.436217 0.127604 0.379377 -1.056115
1757580039.006692 -0.382048 -0.065042 -0.422484 -1.124781 -0.436599 0.127604 0.379377 -1.056115
1757580039.008686 -0.382048 -0.065042 -0.422866 -1.124781 -0.436599 0.127604 0.379759 -1.056115
1757580039.010690 -0.382048 -0.065042 -0.422866 -1.124781 -0.436599 0.127604 0.379759 -1.056497
1757580039.012686 -0.382048 -0.065042 -0.423247 -1.124399 -0.436980 0.127604 0.380140 -1.056497
1757580039.014696 -0.382048 -0.065042 -0.423629 -1.124399 -0.436980 0.127604 0.380140 -1.056497
1757580039.016686 -0.382048 -0.065423 -0.423629 -1.124399 -0.436980 0.127604 0.380522 -1.056497
1757580039.018688 -0.382048 -0.065423 -0.424010 -1.124399 -0.437362 0.127985 0.380522 -1.056497
1757580039.020691 -0.382048 -0.065423 -0.424010 -1.124399 -0.437362 0.127985 0.380522 -1.056878
1757580039.022757 -0.382048 -0.065423 -0.424010 -1.124399 -0.437362 0.127985 0.380522 -1.056878
1757580039.024704 -0.382048 -0.065423 -0.424010 -1.124399 -0.437743 0.127985 0.380522 -1.056878
1757580039.026696 -0.382048 -0.065423 -0.424010 -1.124399 -0.437743 0.127604 0.380522 -1.056878
1757580039.028698 -0.382048 -0.065423 -0.424392 -1.124399 -0.437743 0.127604 0.380903 -1.057260
1757580039.030738 -0.382048 -0.065423 -0.424392 -1.124399 -0.438125 0.127604 0.380903 -1.057260
1757580039.032706 -0.381666 -0.065423 -0.424392 -1.124399 -0.438125 0.127604 0.380903 -1.057260
1757580039.034697 -0.381666 -0.065804 -0.424392 -1.124399 -0.438125 0.127604 0.380903 -1.057260
1757580039.036694 -0.381666 -0.065804 -0.424010 -1.124399 -0.438125 0.127604 0.380903 -1.057641
1757580039.038751 -0.381666 -0.065804 -0.424010 -1.124399 -0.438506 0.127604 0.380903 -1.057641
1757580039.040735 -0.381666 -0.065804 -0.424010 -1.124399 -0.438506 0.127604 0.380903 -1.057641
1757580039.042689 -0.381666 -0.065804 -0.424010 -1.124399 -0.438506 0.127604 0.380522 -1.058022
1757580039.044678 -0.381666 -0.065804 -0.424010 -1.124399 -0.438888 0.127604 0.380522 -1.058022
1757580039.046690 -0.381666 -0.065423 -0.424010 -1.124399 -0.438888 0.127222 0.380522 -1.058022
1757580039.048681 -0.381666 -0.065423 -0.424010 -1.124399 -0.438888 0.127222 0.380522 -1.058022
1757580039.050704 -0.381666 -0.065423 -0.424010 -1.124399 -0.438888 0.127222 0.380522 -1.058022
1757580039.052674 -0.381666 -0.065423 -0.423629 -1.124399 -0.439269 0.126841 0.380522 -1.058404
1757580039.054739 -0.381666 -0.065423 -0.423629 -1.124018 -0.439269 0.126459 0.380522 -1.058404
1757580039.056688 -0.381666 -0.065423 -0.423629 -1.124018 -0.439269 0.126459 0.380140 -1.058404
1757580039.058737 -0.381666 -0.065042 -0.423247 -1.124018 -0.439269 0.126078 0.380140 -1.058404
1757580039.060684 -0.381666 -0.065042 -0.423247 -1.124018 -0.439651 0.125696 0.380140 -1.058785
1757580039.062711 -0.381666 -0.064660 -0.422866 -1.124018 -0.439651 0.125696 0.379759 -1.058785
1757580039.064688 -0.381666 -0.064279 -0.422866 -1.124018 -0.439651 0.125315 0.379759 -1.058785
1757580039.066689 -0.381666 -0.063897 -0.422484 -1.124018 -0.439651 0.124933 0.379377 -1.058785
1757580039.068704 -0.381666 -0.063516 -0.422103 -1.124018 -0.439651 0.124933 0.379377 -1.059167
1757580039.070703 -0.381666 -0.063516 -0.422103 -1.124018 -0.440032 0.124552 0.378996 -1.059167
1757580039.072715 -0.381666 -0.063134 -0.421721 -1.124018 -0.440032 0.124170 0.378614 -1.059167
1757580039.074709 -0.381666 -0.062753 -0.421340 -1.124018 -0.440032 0.124170 0.378233 -1.059167
1757580039.076713 -0.381666 -0.062371 -0.420959 -1.124018 -0.440032 0.123789 0.378233 -1.059548
1757580039.078728 -0.381666 -0.062371 -0.420959 -1.124018 -0.440413 0.123407 0.377851 -1.059548
1757580039.080711 -0.381666 -0.061990 -0.420577 -1.123636 -0.440413 0.123407 0.377470 -1.059548
1757580039.082705 -0.381666 -0.061608 -0.420196 -1.123636 -0.440413 0.123026 0.377470 -1.059548
1757580039.084731 -0.381666 -0.061608 -0.419814 -1.123636 -0.440413 0.122644 0.377089 -1.059548
1757580039.086722 -0.381666 -0.061227 -0.419433 -1.123636 -0.440795 0.122644 0.376707 -1.059930
1757580039.088724 -0.381666 -0.060845 -0.419051 -1.123636 -0.440795 0.122263 0.376326 -1.059930
1757580039.090714 -0.381666 -0.060464 -0.419051 -1.123636 -0.440795 0.122263 0.375944 -1.059930
1757580039.092700 -0.382048 -0.060464 -0.418670 -1.123636 -0.440795 0.121881 0.375563 -1.059930
1757580039.094708 -0.382048 -0.060082 -0.418288 -1.123636 -0.440795 0.121881 0.375563 -1.059930
1757580039.096719 -0.382048 -0.060082 -0.417907 -1.123636 -0.441176 0.121500 0.375181 -1.060311
1757580039.098735 -0.382048 -0.059701 -0.417525 -1.123636 -0.441176 0.121500 0.374800 -1.060311
1757580039.100709 -0.382429 -0.059319 -0.416762 -1.123636 -0.441176 0.121119 0.374418 -1.060311
1757580039.102733 -0.382429 -0.059319 -0.416381 -1.123636 -0.441176 0.121119 0.373655 -1.060311
1757580039.104724 -0.382429 -0.058938 -0.415999 -1.123636 -0.441558 0.120737 0.373274 -1.060693
1757580039.106739 -0.382429 -0.058938 -0.415618 -1.123636 -0.441558 0.120737 0.372892 -1.060693
1757580039.108722 -0.382429 -0.058557 -0.414855 -1.123636 -0.441558 0.120356 0.372129 -1.060693
1757580039.110719 -0.382429 -0.058557 -0.414474 -1.123636 -0.441558 0.120356 0.371748 -1.060693
1757580039.112723 -0.382811 -0.058175 -0.413711 -1.123636 -0.441939 0.119974 0.370985 -1.060693
1757580039.114726 -0.382811 -0.058175 -0.413329 -1.123636 -0.441939 0.119593 0.370222 -1.061074
1757580039.116731 -0.382811 -0.057794 -0.412566 -1.123636 -0.441939 0.119593 0.369841 -1.061074
1757580039.118726 -0.382811 -0.057794 -0.412185 -1.123636 -0.442321 0.119211 0.369078 -1.061074
1757580039.120725 -0.382811 -0.057412 -0.411422 -1.124018 -0.442321 0.118830 0.368696 -1.061456
1757580039.122727 -0.382811 -0.057412 -0.411040 -1.124018 -0.442321 0.118830 0.367933 -1.061456
1757580039.124719 -0.383192 -0.057412 -0.410659 -1.124018 -0.442321 0.118448 0.367170 -1.061456
1757580039.126725 -0.383192 -0.057031 -0.409896 -1.124018 -0.442702 0.118067 0.366407 -1.061837
1757580039.128727 -0.383192 -0.057031 -0.409514 -1.124018 -0.442702 0.117685 0.366026 -1.061837
1757580039.130726 -0.383192 -0.057031 -0.408370 -1.124018 -0.442702 0.117304 0.365263 -1.061837
1757580039.132727 -0.383574 -0.056649 -0.407607 -1.124399 -0.442702 0.116922 0.364500 -1.062219
1757580039.134725 -0.383574 -0.056649 -0.406463 -1.124399 -0.443084 0.116922 0.363737 -1.062219
1757580039.136722 -0.383574 -0.056268 -0.405699 -1.124399 -0.443084 0.116541 0.362974 -1.062600
1757580039.138722 -0.383574 -0.056268 -0.404936 -1.124399 -0.443084 0.116159 0.362211 -1.062600
1757580039.140721 -0.383955 -0.056268 -0.403791 -1.124399 -0.443084 0.115778 0.361448 -1.062600
1757580039.142722 -0.383955 -0.055886 -0.403028 -1.124399 -0.443084 0.115396 0.360685 -1.062982
1757580039.144716 -0.383955 -0.055505 -0.401884 -1.124781 -0.443465 0.115015 0.359922 -1.062982
1757580039.146796 -0.384336 -0.055505 -0.400740 -1.124781 -0.443465 0.114634 0.358778 -1.063363
1757580039.148722 -0.384336 -0.055123 -0.399977 -1.124781 -0.443465 0.114634 0.358015 -1.063363
1757580039.150726 -0.384336 -0.054742 -0.398832 -1.124781 -0.443465 0.114252 0.357252 -1.063363
1757580039.152724 -0.384718 -0.054360 -0.397688 -1.124781 -0.443465 0.113871 0.356108 -1.063745
1757580039.154747 -0.384718 -0.054360 -0.396544 -1.124781 -0.443847 0.113489 0.355345 -1.063745
1757580039.156715 -0.384718 -0.053979 -0.395399 -1.124781 -0.443847 0.113108 0.354200 -1.063745
1757580039.158745 -0.384718 -0.053597 -0.394255 -1.124781 -0.443847 0.112726 0.353056 -1.063745
1757580039.160720 -0.384718 -0.053216 -0.393110 -1.124781 -0.443847 0.111963 0.352293 -1.063745
1757580039.162748 -0.385099 -0.052835 -0.391966 -1.124781 -0.443847 0.111582 0.351149 -1.064126
1757580039.164732 -0.385099 -0.052453 -0.390821 -1.124781 -0.443847 0.111200 0.350004 -1.064126
1757580039.166756 -0.385099 -0.052072 -0.389677 -1.124781 -0.444228 0.110819 0.348860 -1.064126
1757580039.168721 -0.385099 -0.051690 -0.388533 -1.124781 -0.443847 0.110437 0.348097 -1.064126
1757580039.170726 -0.385099 -0.051309 -0.387388 -1.125162 -0.444228 0.109674 0.346952 -1.064126
1757580039.173207 -0.385481 -0.050927 -0.386244 -1.125162 -0.444228 0.109293 0.345808 -1.064126
1757580039.174758 -0.385481 -0.050546 -0.385099 -1.125162 -0.444228 0.108912 0.345045 -1.064507
1757580039.176727 -0.385481 -0.050164 -0.383955 -1.125162 -0.444228 0.108149 0.343901 -1.064507
1757580039.178730 -0.385481 -0.049783 -0.382811 -1.125162 -0.444228 0.107767 0.342755 -1.064507
1757580039.181224 -0.385481 -0.049401 -0.381285 -1.125162 -0.444228 0.107004 0.341992 -1.064507
1757580039.182727 -0.385481 -0.049020 -0.380140 -1.125162 -0.444228 0.106623 0.340848 -1.064507
1757580039.184728 -0.385481 -0.048257 -0.378996 -1.125162 -0.444228 0.106241 0.339704 -1.064507
1757580039.186727 -0.385862 -0.047875 -0.377851 -1.125162 -0.444228 0.105478 0.338559 -1.064507
1757580039.188721 -0.385862 -0.047494 -0.376326 -1.125162 -0.444228 0.105097 0.337796 -1.064507
1757580039.190734 -0.385862 -0.047112 -0.375181 -1.125162 -0.444228 0.104334 0.336652 -1.064507
1757580039.192722 -0.385862 -0.046731 -0.373655 -1.125162 -0.444228 0.103952 0.335507 -1.064889
1757580039.194721 -0.385862 -0.046350 -0.372511 -1.125162 -0.444228 0.103571 0.334363 -1.064889
1757580039.196721 -0.385862 -0.045587 -0.370985 -1.125162 -0.444228 0.102808 0.333219 -1.064889
1757580039.198760 -0.386244 -0.045205 -0.369841 -1.125162 -0.444228 0.102427 0.332074 -1.064889
1757580039.200719 -0.386244 -0.044824 -0.368315 -1.124781 -0.444228 0.101664 0.330930 -1.064889
1757580039.202739 -0.386244 -0.044442 -0.367170 -1.125162 -0.444228 0.101282 0.329785 -1.064889
1757580039.204725 -0.386244 -0.044061 -0.365644 -1.125162 -0.444228 0.100519 0.328641 -1.064889
1757580039.206789 -0.386244 -0.043679 -0.364119 -1.124781 -0.444228 0.100138 0.327497 -1.065270
1757580039.208773 -0.386244 -0.043298 -0.362974 -1.124781 -0.444228 0.099756 0.326352 -1.065270
1757580039.210723 -0.386625 -0.042535 -0.361448 -1.124781 -0.444228 0.098993 0.324826 -1.065270
1757580039.212724 -0.386625 -0.042153 -0.359922 -1.124781 -0.444228 0.098612 0.323682 -1.065270
1757580039.214877 -0.386625 -0.041772 -0.358397 -1.124781 -0.444228 0.097849 0.322537 -1.065270
1757580039.216742 -0.386625 -0.041390 -0.356871 -1.124781 -0.444228 0.097467 0.321393 -1.065270
1757580039.218724 -0.386625 -0.040627 -0.355345 -1.124781 -0.444228 0.096704 0.319867 -1.065270
1757580039.220735 -0.386625 -0.040246 -0.353819 -1.124781 -0.444228 0.096323 0.318341 -1.065270
1757580039.222867 -0.386625 -0.039865 -0.352293 -1.124781 -0.444228 0.095560 0.317197 -1.065652
1757580039.224766 -0.386625 -0.039483 -0.350767 -1.124781 -0.444228 0.095179 0.315671 -1.065652
1757580039.226755 -0.386625 -0.038720 -0.349241 -1.124781 -0.444228 0.094416 0.314527 -1.065652
1757580039.228735 -0.386625 -0.038339 -0.347334 -1.124781 -0.444228 0.094034 0.312619 -1.065652
1757580039.230821 -0.386625 -0.037957 -0.345808 -1.124781 -0.444228 0.093270 0.311475 -1.065652
1757580039.232748 -0.386625 -0.037194 -0.344282 -1.124781 -0.444228 0.092889 0.309949 -1.065652
1757580039.234739 -0.386625 -0.036431 -0.342374 -1.124399 -0.444228 0.092126 0.308423 -1.065652
1757580039.236732 -0.386625 -0.036050 -0.340848 -1.124399 -0.444228 0.091363 0.306516 -1.065652
1757580039.238796 -0.386625 -0.035287 -0.338941 -1.124399 -0.444228 0.090981 0.304990 -1.066033
1757580039.240734 -0.386625 -0.034905 -0.337415 -1.124399 -0.444228 0.090219 0.303464 -1.066033
1757580039.242744 -0.386625 -0.034142 -0.335507 -1.124399 -0.444228 0.089456 0.301938 -1.066033
1757580039.244728 -0.386625 -0.033761 -0.333600 -1.124399 -0.444228 0.088693 0.300412 -1.066033
1757580039.246747 -0.386625 -0.032998 -0.331693 -1.124018 -0.444228 0.087930 0.298886 -1.066033
1757580039.248723 -0.386625 -0.032235 -0.329785 -1.124018 -0.444228 0.087167 0.296979 -1.066033
1757580039.250718 -0.386625 -0.031472 -0.327878 -1.124018 -0.444228 0.086404 0.295453 -1.066033
1757580039.252706 -0.386625 -0.030708 -0.325971 -1.124018 -0.444228 0.085641 0.293927 -1.066033
1757580039.254710 -0.386625 -0.029945 -0.324445 -1.124018 -0.444228 0.084878 0.292020 -1.066033
1757580039.256722 -0.386625 -0.029182 -0.322537 -1.124018 -0.443847 0.084115 0.290494 -1.066033
1757580039.258720 -0.386625 -0.028801 -0.320630 -1.124018 -0.443847 0.083352 0.288587 -1.066033
1757580039.260719 -0.386625 -0.028038 -0.318723 -1.123636 -0.443847 0.082208 0.287061 -1.066415
1757580039.262728 -0.386625 -0.027275 -0.316815 -1.123636 -0.443847 0.081445 0.285153 -1.066415
1757580039.264735 -0.386625 -0.026512 -0.314908 -1.123636 -0.443847 0.080682 0.283628 -1.066415
1757580039.266732 -0.386625 -0.025749 -0.313001 -1.123636 -0.443847 0.079537 0.281720 -1.066415
1757580039.268722 -0.386625 -0.024986 -0.311093 -1.123636 -0.443847 0.078774 0.280193 -1.066415
1757580039.270734 -0.386625 -0.024223 -0.309186 -1.123636 -0.443847 0.078012 0.278286 -1.066415
1757580039.272690 -0.386625 -0.023460 -0.307279 -1.123636 -0.443847 0.076867 0.276379 -1.066415
1757580039.274693 -0.386625 -0.022697 -0.305371 -1.123636 -0.443465 0.076104 0.274853 -1.066415
1757580039.276683 -0.386625 -0.021935 -0.303464 -1.123636 -0.443465 0.075341 0.272945 -1.066415
1757580039.278680 -0.386625 -0.021172 -0.301557 -1.123255 -0.443465 0.074197 0.271420 -1.066415
1757580039.280668 -0.386625 -0.020409 -0.299649 -1.123255 -0.443465 0.073434 0.269512 -1.066415
1757580039.282671 -0.386625 -0.019646 -0.297742 -1.123255 -0.443465 0.072671 0.267605 -1.066415
1757580039.284683 -0.386625 -0.018883 -0.295835 -1.123255 -0.443465 0.071527 0.266079 -1.066415
1757580039.286682 -0.386625 -0.018120 -0.293927 -1.123255 -0.443465 0.070764 0.264172 -1.066415
1757580039.288675 -0.386625 -0.017357 -0.292020 -1.123255 -0.443465 0.070001 0.262264 -1.066415
1757580039.290718 -0.386625 -0.016594 -0.290112 -1.123255 -0.443465 0.068856 0.260357 -1.066415
1757580039.292685 -0.386625 -0.016212 -0.288205 -1.123255 -0.443465 0.068093 0.258450 -1.066415
1757580039.294675 -0.386625 -0.015450 -0.286298 -1.123255 -0.443465 0.066949 0.256542 -1.066415
1757580039.296684 -0.386625 -0.014687 -0.284009 -1.122873 -0.443465 0.066186 0.255016 -1.066415
1757580039.298701 -0.386625 -0.013924 -0.282102 -1.122873 -0.443465 0.065423 0.253109 -1.066415
1757580039.300685 -0.386625 -0.013161 -0.280193 -1.122873 -0.443084 0.064279 0.251202 -1.066415
1757580039.302711 -0.386625 -0.012398 -0.278286 -1.122873 -0.443084 0.063516 0.248913 -1.066415
1757580039.304697 -0.386625 -0.011635 -0.275997 -1.122873 -0.443084 0.062753 0.247005 -1.066415
1757580039.306693 -0.386625 -0.010872 -0.274090 -1.122873 -0.443084 0.061608 0.245098 -1.066415
1757580039.308719 -0.386625 -0.010490 -0.271801 -1.122873 -0.443084 0.060845 0.243191 -1.066415
1757580039.310719 -0.386625 -0.009727 -0.269894 -1.122873 -0.443084 0.060082 0.241283 -1.066415
1757580039.312670 -0.386625 -0.008965 -0.267605 -1.122873 -0.443084 0.058938 0.238995 -1.066415
1757580039.314680 -0.386625 -0.008202 -0.265697 -1.122873 -0.442702 0.058175 0.237087 -1.066415
1757580039.316660 -0.386625 -0.007439 -0.263409 -1.122492 -0.442702 0.057412 0.235180 -1.066415
1757580039.318655 -0.386625 -0.006676 -0.261501 -1.122492 -0.442702 0.056268 0.232891 -1.066415
1757580039.320658 -0.386625 -0.005913 -0.259212 -1.122492 -0.442702 0.055505 0.230984 -1.066415
1757580039.322687 -0.386625 -0.005150 -0.256924 -1.122492 -0.442702 0.054742 0.228695 -1.066415
1757580039.324671 -0.386625 -0.004005 -0.255016 -1.122492 -0.442321 0.053597 0.226788 -1.066415
1757580039.326679 -0.386625 -0.003242 -0.252728 -1.122492 -0.442321 0.052835 0.224499 -1.066415
1757580039.328716 -0.386625 -0.002480 -0.250820 -1.122492 -0.442321 0.051690 0.222591 -1.066415
1757580039.330744 -0.386625 -0.001717 -0.248531 -1.122492 -0.442321 0.050927 0.220303 -1.066415
1757580039.332683 -0.386625 -0.000954 -0.246243 -1.122492 -0.442321 0.049783 0.218394 -1.066415
1757580039.334707 -0.386625 -0.000191 -0.243954 -1.122110 -0.442321 0.048638 0.216105 -1.066415
1757580039.336785 -0.386625 0.000572 -0.242046 -1.122110 -0.442321 0.047875 0.213817 -1.066415
1757580039.338765 -0.386625 0.001335 -0.239758 -1.122110 -0.442321 0.046731 0.211528 -1.066415
1757580039.340727 -0.386625 0.002098 -0.237469 -1.122110 -0.442321 0.045587 0.209620 -1.066415
1757580039.342731 -0.386625 0.003242 -0.235561 -1.122110 -0.442321 0.044824 0.207332 -1.066415
1757580039.344732 -0.387007 0.004005 -0.233273 -1.122110 -0.442321 0.043679 0.205424 -1.066415
1757580039.346820 -0.387007 0.004768 -0.230984 -1.122110 -0.442321 0.042535 0.203135 -1.066415
1757580039.348736 -0.387007 0.005531 -0.228695 -1.122110 -0.442321 0.041390 0.200847 -1.066415
1757580039.350727 -0.387007 0.006294 -0.226406 -1.122110 -0.442321 0.040627 0.198558 -1.066415
1757580039.352729 -0.387007 0.007057 -0.224117 -1.122110 -0.442321 0.039483 0.196269 -1.066415
1757580039.354783 -0.387007 0.007820 -0.221828 -1.122110 -0.442321 0.038339 0.194362 -1.066415
1757580039.356687 -0.387007 0.008583 -0.219540 -1.122110 -0.441939 0.037194 0.192073 -1.066415
1757580039.358747 -0.387007 0.009346 -0.217250 -1.122110 -0.441939 0.036050 0.189784 -1.066415
1757580039.360689 -0.387007 0.010109 -0.214961 -1.122110 -0.441939 0.034905 0.187877 -1.066415
1757580039.362676 -0.387388 0.010872 -0.212672 -1.122110 -0.441939 0.033761 0.185588 -1.066415
1757580039.364789 -0.387388 0.011635 -0.210002 -1.122110 -0.441939 0.032998 0.183299 -1.066415
1757580039.366684 -0.387388 0.012779 -0.207713 -1.122110 -0.441939 0.031854 0.181010 -1.066415
1757580039.368687 -0.387388 0.013542 -0.205424 -1.122110 -0.441939 0.030708 0.178721 -1.066415
1757580039.370674 -0.387388 0.014305 -0.203135 -1.122110 -0.441939 0.029564 0.176433 -1.066415
1757580039.372731 -0.387388 0.015068 -0.200847 -1.122110 -0.441939 0.028419 0.174144 -1.066415
1757580039.374690 -0.387388 0.015831 -0.198558 -1.122110 -0.441939 0.027275 0.171855 -1.066415
1757580039.376685 -0.387388 0.016594 -0.195888 -1.122110 -0.441939 0.026131 0.169566 -1.066415
1757580039.378673 -0.387388 0.017738 -0.193599 -1.122110 -0.441939 0.024986 0.167277 -1.066415
1757580039.380672 -0.387388 0.018501 -0.191310 -1.122110 -0.441939 0.023842 0.164989 -1.066415
1757580039.382672 -0.387388 0.019264 -0.189021 -1.122110 -0.441939 0.022697 0.162700 -1.066415
1757580039.384684 -0.387770 0.020409 -0.186732 -1.122110 -0.441939 0.021553 0.160411 -1.066415
1757580039.386673 -0.387770 0.021172 -0.184443 -1.122110 -0.441939 0.020409 0.157741 -1.066415
1757580039.388673 -0.387770 0.021935 -0.182155 -1.122110 -0.441939 0.019264 0.155451 -1.066415
1757580039.390674 -0.387770 0.023079 -0.179484 -1.122110 -0.441939 0.018120 0.153162 -1.066415
1757580039.392677 -0.387770 0.023842 -0.177196 -1.122110 -0.441939 0.016975 0.150873 -1.066415
1757580039.394681 -0.387770 0.024605 -0.174907 -1.121729 -0.441939 0.015831 0.148584 -1.066415
1757580039.396694 -0.387770 0.025749 -0.172618 -1.121729 -0.441939 0.014687 0.146296 -1.066415
1757580039.398741 -0.387770 0.026512 -0.170329 -1.121729 -0.441939 0.013542 0.143625 -1.066415
1757580039.400683 -0.387770 0.027275 -0.167659 -1.121729 -0.441939 0.012398 0.141336 -1.066415
1757580039.402699 -0.387770 0.028419 -0.165370 -1.121729 -0.441939 0.010872 0.139048 -1.066415
1757580039.404673 -0.387770 0.029182 -0.162700 -1.121729 -0.441939 0.009727 0.136377 -1.066415
1757580039.406674 -0.387770 0.030327 -0.160411 -1.121729 -0.441939 0.008583 0.134089 -1.066415
1757580039.408699 -0.388151 0.031090 -0.157741 -1.122110 -0.441939 0.007439 0.131800 -1.066415
1757580039.410697 -0.388151 0.031854 -0.155451 -1.121729 -0.441939 0.005913 0.129511 -1.066415
1757580039.412682 -0.388151 0.032998 -0.152781 -1.121729 -0.441939 0.004768 0.126841 -1.066415
1757580039.414680 -0.388151 0.033761 -0.150492 -1.121729 -0.441939 0.003624 0.124552 -1.066415
1757580039.416692 -0.388151 0.034905 -0.148203 -1.121729 -0.441939 0.002098 0.121881 -1.066415
1757580039.418681 -0.388533 0.035668 -0.145533 -1.121729 -0.441939 0.000954 0.119593 -1.066415
1757580039.420672 -0.388533 0.036813 -0.142862 -1.121729 -0.441939 -0.000191 0.116922 -1.066415
1757580039.422691 -0.388533 0.037576 -0.140574 -1.121729 -0.441939 -0.001717 0.114634 -1.066415
1757580039.424688 -0.388533 0.038720 -0.137903 -1.121729 -0.441939 -0.002861 0.111963 -1.066415
1757580039.426816 -0.388533 0.039483 -0.135233 -1.121729 -0.441939 -0.004005 0.109674 -1.066415
1757580039.428692 -0.388914 0.040627 -0.132563 -1.121729 -0.441939 -0.005531 0.107004 -1.066415
1757580039.430681 -0.388914 0.041390 -0.130274 -1.121729 -0.441939 -0.006676 0.104334 -1.066415
1757580039.432673 -0.388914 0.042535 -0.127604 -1.121729 -0.441939 -0.007820 0.102045 -1.066415
1757580039.434699 -0.388914 0.043679 -0.124933 -1.121729 -0.441939 -0.009346 0.099375 -1.066415
1757580039.436737 -0.388914 0.044442 -0.122263 -1.121729 -0.441939 -0.010490 0.097086 -1.066415
1757580039.438687 -0.388914 0.045587 -0.119593 -1.121729 -0.441939 -0.012016 0.094416 -1.066796
1757580039.440664 -0.388914 0.046731 -0.116922 -1.121729 -0.441939 -0.013161 0.091744 -1.066796
1757580039.442668 -0.388914 0.047875 -0.114252 -1.121729 -0.441939 -0.014687 0.089074 -1.066796
1757580039.444690 -0.388914 0.048638 -0.111582 -1.121729 -0.441939 -0.015831 0.086404 -1.066796
1757580039.446673 -0.388914 0.049783 -0.108912 -1.121729 -0.441939 -0.017357 0.084115 -1.066796
1757580039.448682 -0.388914 0.050927 -0.106241 -1.121729 -0.441939 -0.018883 0.081445 -1.066796
1757580039.450672 -0.388914 0.052072 -0.103952 -1.121729 -0.441939 -0.020027 0.078774 -1.066796
1757580039.452682 -0.388914 0.053216 -0.101282 -1.121729 -0.441939 -0.021553 0.076104 -1.066796
1757580039.454673 -0.388914 0.054360 -0.098612 -1.121347 -0.441939 -0.022697 0.073434 -1.066796
1757580039.456677 -0.388914 0.055505 -0.095942 -1.121347 -0.441558 -0.024223 0.070764 -1.066796
1757580039.458710 -0.388914 0.056649 -0.093270 -1.121347 -0.441558 -0.025749 0.068093 -1.066796
1757580039.460691 -0.388914 0.057794 -0.090600 -1.121347 -0.441558 -0.026894 0.065423 -1.066796
1757580039.462696 -0.388914 0.058938 -0.087930 -1.121347 -0.441558 -0.028419 0.063134 -1.066796
1757580039.464681 -0.388914 0.060082 -0.085259 -1.121347 -0.441558 -0.029945 0.060464 -1.066796
1757580039.466674 -0.388914 0.061227 -0.082589 -1.120966 -0.441939 -0.031090 0.057794 -1.066796
1757580039.468690 -0.388914 0.061990 -0.079919 -1.120966 -0.441939 -0.032617 0.055123 -1.066796
1757580039.470673 -0.388914 0.063134 -0.077249 -1.120966 -0.441939 -0.034142 0.052453 -1.066796
1757580039.472681 -0.388914 0.064279 -0.074578 -1.120966 -0.441939 -0.035668 0.049783 -1.066796
1757580039.474671 -0.388914 0.065423 -0.071908 -1.120966 -0.441939 -0.036813 0.047112 -1.066796
1757580039.476686 -0.388914 0.066567 -0.069238 -1.120584 -0.441939 -0.038339 0.044442 -1.066796
1757580039.478671 -0.388914 0.067712 -0.066567 -1.120584 -0.441939 -0.039865 0.041772 -1.066796
1757580039.480680 -0.388914 0.068856 -0.063897 -1.120584 -0.441939 -0.041390 0.039102 -1.066796
1757580039.482670 -0.388533 0.070001 -0.060845 -1.120584 -0.441939 -0.042916 0.036050 -1.066796
1757580039.484687 -0.388533 0.071145 -0.058175 -1.120203 -0.441939 -0.044442 0.033761 -1.066796
1757580039.486670 -0.388533 0.072289 -0.055505 -1.120203 -0.441939 -0.045968 0.031090 -1.066796
1757580039.488756 -0.388533 0.073434 -0.052835 -1.120203 -0.441939 -0.047494 0.028038 -1.067178
1757580039.490692 -0.388533 0.074197 -0.049783 -1.119822 -0.441939 -0.049020 0.025368 -1.067178
1757580039.492712 -0.388533 0.075341 -0.047112 -1.119822 -0.441939 -0.050546 0.022697 -1.067178
1757580039.494719 -0.388151 0.076486 -0.044061 -1.119822 -0.441939 -0.052072 0.020027 -1.067178
1757580039.496716 -0.388151 0.077630 -0.041390 -1.119440 -0.442321 -0.053216 0.017357 -1.067178
1757580039.498676 -0.388151 0.078774 -0.038720 -1.119440 -0.442321 -0.054742 0.014305 -1.067178
1757580039.500668 -0.388151 0.079919 -0.035668 -1.119440 -0.442321 -0.056268 0.011635 -1.067178
1757580039.502670 -0.388151 0.081063 -0.032998 -1.119059 -0.442321 -0.057794 0.008965 -1.067178
1757580039.504705 -0.388151 0.082208 -0.029945 -1.119059 -0.442321 -0.059701 0.005913 -1.067178
1757580039.506672 -0.388151 0.083352 -0.027275 -1.119059 -0.442321 -0.061227 0.003242 -1.067178
1757580039.508671 -0.387770 0.084496 -0.024223 -1.118677 -0.442321 -0.062753 0.000572 -1.067178
1757580039.510669 -0.387770 0.085641 -0.021553 -1.118677 -0.442321 -0.064279 -0.002098 -1.067559
1757580039.512818 -0.387770 0.086785 -0.018501 -1.118677 -0.442321 -0.065804 -0.005150 -1.067559
1757580039.514685 -0.387770 0.087930 -0.015831 -1.118677 -0.442321 -0.067330 -0.007820 -1.067559
1757580039.516673 -0.387770 0.089074 -0.013161 -1.118296 -0.442321 -0.068856 -0.010490 -1.067559
1757580039.518670 -0.387770 0.090219 -0.010109 -1.118296 -0.442321 -0.070764 -0.012779 -1.067559
1757580039.520788 -0.387770 0.091363 -0.007439 -1.118296 -0.442321 -0.072289 -0.015450 -1.067178
1757580039.522686 -0.387770 0.092507 -0.004768 -1.118296 -0.442321 -0.073815 -0.018120 -1.067178
1757580039.524727 -0.387770 0.093652 -0.002098 -1.118296 -0.442321 -0.075341 -0.020409 -1.067178
1757580039.526689 -0.387770 0.094797 0.000572 -1.117914 -0.442321 -0.076867 -0.023079 -1.067178
1757580039.528723 -0.387770 0.095942 0.003242 -1.117914 -0.442321 -0.078774 -0.025368 -1.067178
1757580039.530682 -0.387770 0.097086 0.005913 -1.117914 -0.442321 -0.080300 -0.027657 -1.067178
1757580039.532671 -0.387770 0.098230 0.008583 -1.117914 -0.442321 -0.081826 -0.029945 -1.067178
1757580039.534684 -0.387770 0.099375 0.010872 -1.117914 -0.442321 -0.083352 -0.032235 -1.067178
1757580039.536670 -0.387770 0.100519 0.013542 -1.117914 -0.442321 -0.084878 -0.034524 -1.067178
1757580039.538682 -0.387770 0.101664 0.016212 -1.117533 -0.442321 -0.086404 -0.036813 -1.067178
1757580039.540680 -0.387770 0.102427 0.018501 -1.117533 -0.442321 -0.088311 -0.039102 -1.067178
1757580039.542691 -0.387770 0.103571 0.021172 -1.117533 -0.442321 -0.089837 -0.041390 -1.067178
1757580039.544669 -0.387770 0.104715 0.023460 -1.117533 -0.442321 -0.090981 -0.043679 -1.067178
1757580039.546681 -0.387770 0.105860 0.025749 -1.117533 -0.442321 -0.092507 -0.045968 -1.067178
1757580039.548693 -0.387770 0.107004 0.028038 -1.117533 -0.442321 -0.094034 -0.047875 -1.067178
1757580039.550786 -0.387770 0.108149 0.030327 -1.117533 -0.442321 -0.095560 -0.050164 -1.066796
1757580039.552680 -0.387770 0.108912 0.032617 -1.117533 -0.442321 -0.096704 -0.052453 -1.066796
1757580039.554754 -0.387770 0.110056 0.034905 -1.117533 -0.442321 -0.098230 -0.054742 -1.066796
1757580039.556679 -0.387770 0.111200 0.037194 -1.117533 -0.442321 -0.099756 -0.056649 -1.066796
1757580039.558672 -0.388151 0.111963 0.039483 -1.117533 -0.442321 -0.100901 -0.058938 -1.066796
1757580039.560676 -0.388151 0.113108 0.041390 -1.117533 -0.442321 -0.102045 -0.060845 -1.066796
1757580039.562682 -0.388533 0.113871 0.043679 -1.117533 -0.442321 -0.103571 -0.063134 -1.066415
1757580039.564672 -0.388533 0.115015 0.045587 -1.117533 -0.442321 -0.104715 -0.065042 -1.066415
1757580039.566680 -0.388914 0.115778 0.047494 -1.117533 -0.442321 -0.106241 -0.067330 -1.066415
1757580039.568678 -0.388914 0.116922 0.049783 -1.117533 -0.442321 -0.107386 -0.069238 -1.066415
1757580039.570671 -0.388914 0.117685 0.051690 -1.117533 -0.442321 -0.108530 -0.071145 -1.066415
1757580039.572670 -0.388914 0.118830 0.053597 -1.117533 -0.442321 -0.109674 -0.073052 -1.066415
1757580039.574686 -0.389296 0.119593 0.055505 -1.117533 -0.442321 -0.110819 -0.074960 -1.066415
1757580039.576679 -0.389296 0.120737 0.057412 -1.117533 -0.442321 -0.111963 -0.076867 -1.066415
1757580039.578670 -0.389296 0.121500 0.058938 -1.117914 -0.442321 -0.113108 -0.078774 -1.066415
1757580039.580697 -0.389677 0.122263 0.060845 -1.117914 -0.442321 -0.114252 -0.080682 -1.066033
1757580039.582700 -0.389677 0.123026 0.062371 -1.117914 -0.442321 -0.115396 -0.082208 -1.066033
1757580039.584678 -0.390059 0.123789 0.063897 -1.118296 -0.441939 -0.116541 -0.084115 -1.066033
1757580039.586717 -0.390059 0.124552 0.065423 -1.118296 -0.441939 -0.117304 -0.085641 -1.066033
1757580039.588694 -0.390440 0.125315 0.066949 -1.118296 -0.441939 -0.118448 -0.087167 -1.066033
1757580039.590691 -0.390821 0.126078 0.068475 -1.118296 -0.441939 -0.119593 -0.088693 -1.066033
1757580039.592673 -0.390821 0.126841 0.070001 -1.118296 -0.441939 -0.120356 -0.090219 -1.066033
1757580039.594685 -0.391203 0.127604 0.071145 -1.118677 -0.441939 -0.121500 -0.091744 -1.066033
1757580039.596700 -0.391203 0.128366 0.072289 -1.118677 -0.441939 -0.122263 -0.092889 -1.066033
1757580039.598687 -0.391584 0.128748 0.073815 -1.118677 -0.441939 -0.123407 -0.094416 -1.066033
1757580039.600698 -0.391584 0.129511 0.074960 -1.118677 -0.441939 -0.124170 -0.095560 -1.066033
1757580039.602706 -0.391966 0.129892 0.076104 -1.119059 -0.441939 -0.124933 -0.096704 -1.066033
1757580039.604697 -0.392347 0.130655 0.077249 -1.119059 -0.441939 -0.125696 -0.097849 -1.066033
1757580039.606690 -0.392347 0.131037 0.078393 -1.119059 -0.441939 -0.126459 -0.098993 -1.066033
1757580039.608693 -0.392729 0.131418 0.079156 -1.119059 -0.441939 -0.127222 -0.100138 -1.066033
1757580039.610683 -0.392729 0.131800 0.080300 -1.119440 -0.441939 -0.127985 -0.100901 -1.066033
1757580039.612786 -0.393110 0.132181 0.081063 -1.119440 -0.441939 -0.128748 -0.102045 -1.066033
1757580039.614716 -0.393110 0.132563 0.082208 -1.119440 -0.441558 -0.129511 -0.102808 -1.066033
1757580039.616695 -0.393110 0.132944 0.082971 -1.119440 -0.441558 -0.129892 -0.103571 -1.066033
1757580039.618685 -0.393492 0.133326 0.083734 -1.119822 -0.441558 -0.130655 -0.104334 -1.066033
1757580039.620670 -0.393492 0.133707 0.084496 -1.119822 -0.441558 -0.131037 -0.105097 -1.066033
1757580039.622686 -0.393492 0.134089 0.085259 -1.119822 -0.441558 -0.131418 -0.105860 -1.066033
1757580039.624679 -0.393873 0.134089 0.085641 -1.119822 -0.441558 -0.131800 -0.106241 -1.066033
1757580039.626685 -0.393873 0.134470 0.086404 -1.119822 -0.441558 -0.132181 -0.107004 -1.066033
1757580039.628666 -0.393873 0.134470 0.086785 -1.120203 -0.441176 -0.132563 -0.107386 -1.066033
1757580039.630685 -0.393873 0.134851 0.087548 -1.120203 -0.441176 -0.132944 -0.107767 -1.066033
1757580039.632678 -0.394255 0.134851 0.087930 -1.120203 -0.441176 -0.133326 -0.108149 -1.066033
1757580039.634686 -0.394255 0.134851 0.088311 -1.120203 -0.441176 -0.133707 -0.108530 -1.066033
1757580039.636686 -0.394255 0.134851 0.088693 -1.120203 -0.440795 -0.133707 -0.108912 -1.066033
1757580039.638678 -0.394255 0.134851 0.089074 -1.120203 -0.440795 -0.133707 -0.109293 -1.066033
1757580039.640693 -0.394255 0.135233 0.089456 -1.120584 -0.440795 -0.134089 -0.109674 -1.066033
1757580039.642751 -0.394636 0.135233 0.089837 -1.120584 -0.440795 -0.134089 -0.109674 -1.066033
1757580039.644719 -0.394636 0.135233 0.089837 -1.120584 -0.440413 -0.134089 -0.110056 -1.066033
1757580039.646679 -0.394636 0.135233 0.090219 -1.120584 -0.440413 -0.134089 -0.110437 -1.066033
1757580039.648750 -0.394636 0.135233 0.090219 -1.120584 -0.440413 -0.134470 -0.110437 -1.065652
1757580039.650733 -0.394636 0.135233 0.090219 -1.120584 -0.440413 -0.134470 -0.110437 -1.065652
1757580039.652695 -0.394636 0.135233 0.090219 -1.120584 -0.440413 -0.134470 -0.110819 -1.065652
1757580039.654682 -0.394636 0.135233 0.090600 -1.120966 -0.440032 -0.134470 -0.110819 -1.065652
1757580039.656670 -0.394636 0.135233 0.090600 -1.120966 -0.440032 -0.134470 -0.110819 -1.065652
1757580039.658767 -0.394636 0.135233 0.090600 -1.120966 -0.440032 -0.134470 -0.110819 -1.065652
1757580039.660677 -0.394636 0.135233 0.090600 -1.120966 -0.440032 -0.134470 -0.111200 -1.065652
1757580039.662681 -0.394636 0.135233 0.090600 -1.120966 -0.440032 -0.134470 -0.111200 -1.065652
1757580039.664681 -0.394636 0.135233 0.090600 -1.120966 -0.439651 -0.134089 -0.111200 -1.065652
1757580039.666757 -0.394636 0.134851 0.090600 -1.120966 -0.439651 -0.134089 -0.111200 -1.065652
1757580039.668684 -0.394636 0.134851 0.090600 -1.121347 -0.439651 -0.134089 -0.111200 -1.065652
1757580039.670750 -0.394636 0.134851 0.090600 -1.121347 -0.439651 -0.134089 -0.111200 -1.065652
1757580039.672669 -0.394636 0.134470 0.090600 -1.121347 -0.439269 -0.134089 -0.111582 -1.065652
1757580039.674728 -0.394636 0.134470 0.090600 -1.121347 -0.439269 -0.134089 -0.111582 -1.065652
1757580039.676754 -0.394636 0.134089 0.090600 -1.121347 -0.439269 -0.133707 -0.111582 -1.065652
1757580039.678698 -0.394636 0.134089 0.090600 -1.121347 -0.439269 -0.133707 -0.111582 -1.065652
1757580039.680696 -0.394636 0.134089 0.090600 -1.121347 -0.438888 -0.133707 -0.111582 -1.065652
1757580039.682675 -0.394636 0.133707 0.090600 -1.121347 -0.438888 -0.133707 -0.111582 -1.065652
1757580039.684676 -0.394636 0.133707 0.090600 -1.121729 -0.438888 -0.133707 -0.111582 -1.065652
1757580039.686671 -0.394636 0.133707 0.090219 -1.121729 -0.438506 -0.133326 -0.111582 -1.065652
1757580039.688676 -0.394636 0.133707 0.090219 -1.121729 -0.438506 -0.133326 -0.111582 -1.065652
1757580039.690670 -0.394636 0.133326 0.090219 -1.121729 -0.438125 -0.133326 -0.111582 -1.065652
1757580039.692680 -0.394636 0.133326 0.090219 -1.121729 -0.438125 -0.133326 -0.111582 -1.065652
1757580039.694679 -0.394636 0.133326 0.090219 -1.121729 -0.438125 -0.133326 -0.111582 -1.065652
1757580039.696677 -0.394636 0.132944 0.090219 -1.121729 -0.437743 -0.133326 -0.111582 -1.065652
1757580039.698667 -0.394636 0.132944 0.090219 -1.122110 -0.437743 -0.132944 -0.111582 -1.065652
1757580039.700729 -0.394636 0.132944 0.090219 -1.122110 -0.437743 -0.132944 -0.111582 -1.065652
1757580039.702698 -0.394636 0.132944 0.090219 -1.122110 -0.437362 -0.132944 -0.111582 -1.065652
1757580039.704682 -0.395018 0.132563 0.090219 -1.122110 -0.437362 -0.132944 -0.111582 -1.065652
1757580039.706717 -0.395018 0.132563 0.089837 -1.122492 -0.437362 -0.132944 -0.111582 -1.065652
1757580039.708679 -0.395018 0.132563 0.089837 -1.122492 -0.436980 -0.132944 -0.111582 -1.065652
1757580039.710668 -0.395018 0.132563 0.089837 -1.122492 -0.436980 -0.132944 -0.111582 -1.065652
1757580039.712693 -0.395018 0.132181 0.089837 -1.122492 -0.436980 -0.132944 -0.111582 -1.065652
1757580039.714681 -0.395018 0.132181 0.089837 -1.122873 -0.436980 -0.132563 -0.111582 -1.065652
1757580039.716672 -0.395018 0.132181 0.089837 -1.122873 -0.436599 -0.132563 -0.111582 -1.065652
1757580039.718665 -0.395018 0.132181 0.089837 -1.122873 -0.436599 -0.132563 -0.111582 -1.065652
1757580039.720688 -0.395018 0.132181 0.089837 -1.122873 -0.436599 -0.132563 -0.111582 -1.065652
1757580039.722670 -0.395018 0.131800 0.089837 -1.123255 -0.436217 -0.132563 -0.111582 -1.065652
1757580039.724663 -0.395399 0.131800 0.089837 -1.123255 -0.436217 -0.132563 -0.111582 -1.065652
1757580039.726666 -0.395399 0.131800 0.089837 -1.123255 -0.436217 -0.132563 -0.111582 -1.065652
1757580039.728686 -0.395399 0.131800 0.089837 -1.123255 -0.435836 -0.132563 -0.111582 -1.065652
1757580039.730669 -0.395399 0.131800 0.089837 -1.123255 -0.435836 -0.132181 -0.111582 -1.065652
1757580039.732664 -0.395399 0.131418 0.089837 -1.123636 -0.435836 -0.132181 -0.111582 -1.065652
1757580039.734665 -0.395399 0.131418 0.089837 -1.123636 -0.435454 -0.132181 -0.111582 -1.065652
1757580039.736686 -0.395399 0.131418 0.089837 -1.123636 -0.435454 -0.132181 -0.111582 -1.065652
1757580039.738708 -0.395399 0.131418 0.089837 -1.123636 -0.435073 -0.132181 -0.111582 -1.065652
1757580039.740699 -0.395399 0.131418 0.089837 -1.123636 -0.435073 -0.132181 -0.111582 -1.065652
1757580039.742686 -0.395399 0.131418 0.089837 -1.124018 -0.434691 -0.132181 -0.111582 -1.065652
1757580039.744700 -0.395399 0.131037 0.089837 -1.124018 -0.434310 -0.132181 -0.111582 -1.065652
1757580039.746670 -0.395399 0.131037 0.089837 -1.124018 -0.434310 -0.131800 -0.111582 -1.065652
1757580039.748670 -0.395399 0.131037 0.089837 -1.124018 -0.433928 -0.131800 -0.111582 -1.065652
1757580039.750667 -0.395399 0.131037 0.089837 -1.124399 -0.433547 -0.131800 -0.111582 -1.065652
1757580039.752706 -0.395399 0.131037 0.089837 -1.124399 -0.433547 -0.131800 -0.111582 -1.065652
1757580039.754670 -0.395399 0.131037 0.089837 -1.124399 -0.433166 -0.131800 -0.111582 -1.065652
1757580039.756673 -0.395399 0.131037 0.089837 -1.124399 -0.432784 -0.131800 -0.111200 -1.065652
1757580039.758674 -0.395399 0.131037 0.089837 -1.124399 -0.432784 -0.131800 -0.111200 -1.065652
1757580039.760762 -0.395399 0.130655 0.089837 -1.124781 -0.432403 -0.131800 -0.111200 -1.065652
1757580039.762729 -0.395399 0.130655 0.089837 -1.124781 -0.432021 -0.131418 -0.111200 -1.065652
1757580039.764729 -0.395399 0.130655 0.089837 -1.124781 -0.432021 -0.131418 -0.111200 -1.065652
1757580039.766722 -0.395399 0.130655 0.089837 -1.124781 -0.431640 -0.131418 -0.111200 -1.065652
1757580039.768845 -0.395399 0.130655 0.089837 -1.124781 -0.431258 -0.131418 -0.111200 -1.065652
1757580039.770726 -0.395399 0.130655 0.089837 -1.124781 -0.430877 -0.131418 -0.111200 -1.065652
1757580039.772725 -0.395018 0.130655 0.089837 -1.125162 -0.430877 -0.131418 -0.111200 -1.065652
1757580039.774729 -0.395018 0.130655 0.089837 -1.125162 -0.430495 -0.131418 -0.111200 -1.065652
1757580039.776709 -0.395018 0.130655 0.089837 -1.125162 -0.430114 -0.131037 -0.111200 -1.065652
1757580039.778713 -0.395018 0.130274 0.089837 -1.125162 -0.429732 -0.131037 -0.111200 -1.065652
1757580039.780693 -0.395018 0.130274 0.089837 -1.125162 -0.429732 -0.131037 -0.111200 -1.065652
1757580039.782680 -0.395018 0.130274 0.089837 -1.125162 -0.429351 -0.131037 -0.111200 -1.065652
1757580039.784673 -0.395018 0.130274 0.089837 -1.125162 -0.428969 -0.131037 -0.111200 -1.065652
1757580039.786671 -0.395018 0.130274 0.089837 -1.125162 -0.428588 -0.131037 -0.111200 -1.065652
1757580039.788664 -0.395018 0.130274 0.089837 -1.125162 -0.428206 -0.131037 -0.111200 -1.065652
1757580039.790674 -0.395018 0.130274 0.089837 -1.125544 -0.428206 -0.131037 -0.111200 -1.065652
1757580039.792667 -0.395018 0.129892 0.089837 -1.125544 -0.427825 -0.131037 -0.111200 -1.065652
1757580039.794664 -0.395018 0.129892 0.089837 -1.125544 -0.427444 -0.130655 -0.111200 -1.065652
1757580039.796663 -0.395018 0.129892 0.089837 -1.125544 -0.427062 -0.130655 -0.111200 -1.065652
1757580039.798672 -0.394636 0.129892 0.089837 -1.125544 -0.426681 -0.130655 -0.111200 -1.065652
1757580039.800731 -0.394255 0.129892 0.090219 -1.125544 -0.426299 -0.130655 -0.111200 -1.065270
1757580039.802690 -0.394255 0.129892 0.089837 -1.125544 -0.425536 -0.130655 -0.111200 -1.065270
1757580039.804686 -0.393873 0.129892 0.090219 -1.125544 -0.425155 -0.130655 -0.111200 -1.065270
1757580039.806692 -0.393873 0.129892 0.089837 -1.125544 -0.424773 -0.130655 -0.111582 -1.065270
1757580039.808667 -0.393492 0.129511 0.089837 -1.125544 -0.424392 -0.130655 -0.111582 -1.065270
1757580039.810664 -0.393110 0.129511 0.089837 -1.125544 -0.424010 -0.130655 -0.111582 -1.065270
1757580039.812675 -0.393110 0.129511 0.089837 -1.125544 -0.423247 -0.130655 -0.111582 -1.065270
1757580039.814676 -0.392729 0.129511 0.089837 -1.125544 -0.422866 -0.130655 -0.111582 -1.064889
1757580039.816666 -0.392347 0.129511 0.089837 -1.125544 -0.422103 -0.130655 -0.111582 -1.064889
1757580039.818666 -0.392347 0.129129 0.089837 -1.125544 -0.421721 -0.130655 -0.111582 -1.064889
1757580039.820662 -0.391966 0.129129 0.089837 -1.125544 -0.420959 -0.130655 -0.111582 -1.064889
1757580039.822676 -0.391584 0.129129 0.089837 -1.125544 -0.420577 -0.130655 -0.111582 -1.064889
1757580039.824664 -0.391584 0.129129 0.089837 -1.125544 -0.419814 -0.130655 -0.111582 -1.064889
1757580039.826667 -0.391203 0.129129 0.089837 -1.125544 -0.419051 -0.130655 -0.111582 -1.064889
1757580039.828666 -0.390821 0.129129 0.089837 -1.125544 -0.418670 -0.130655 -0.111582 -1.064507
1757580039.830673 -0.390440 0.128748 0.089837 -1.125162 -0.417907 -0.130655 -0.111582 -1.064507
1757580039.832688 -0.390059 0.128748 0.089837 -1.125162 -0.417144 -0.130655 -0.111582 -1.064507
1757580039.834672 -0.390059 0.128748 0.089837 -1.125162 -0.416762 -0.130655 -0.111963 -1.064507
1757580039.836709 -0.389677 0.128748 0.089837 -1.125162 -0.415999 -0.130655 -0.111963 -1.064507
1757580039.838677 -0.389296 0.128748 0.089837 -1.125162 -0.415236 -0.130655 -0.111963 -1.064507
1757580039.840690 -0.388914 0.128366 0.089837 -1.125162 -0.414474 -0.130655 -0.111963 -1.064507
1757580039.842685 -0.388151 0.128366 0.089837 -1.125162 -0.414092 -0.130655 -0.111582 -1.064507
1757580039.844672 -0.387770 0.128366 0.089837 -1.125162 -0.413329 -0.130655 -0.111582 -1.064126
1757580039.846673 -0.387388 0.128366 0.089837 -1.125162 -0.412566 -0.130655 -0.111582 -1.064126
1757580039.848663 -0.387007 0.128366 0.089837 -1.125162 -0.412185 -0.130274 -0.111582 -1.064126
1757580039.850678 -0.386625 0.127985 0.089837 -1.125162 -0.411422 -0.130274 -0.111582 -1.064126
1757580039.852665 -0.386244 0.127985 0.089837 -1.124781 -0.410659 -0.130274 -0.111582 -1.064126
1757580039.854674 -0.385862 0.127985 0.089837 -1.124781 -0.409896 -0.130274 -0.111582 -1.064126
1757580039.856660 -0.385099 0.127985 0.089837 -1.124781 -0.409514 -0.130274 -0.111582 -1.064126
1757580039.858678 -0.384718 0.127604 0.089837 -1.124781 -0.408751 -0.130274 -0.111582 -1.064126
1757580039.860706 -0.384336 0.127604 0.089837 -1.124781 -0.407989 -0.129892 -0.111582 -1.064126
1757580039.862778 -0.383574 0.127604 0.089837 -1.124399 -0.407226 -0.129892 -0.111582 -1.064126
1757580039.864697 -0.383192 0.127222 0.089837 -1.124399 -0.406844 -0.129892 -0.111582 -1.064126
1757580039.866685 -0.382429 0.127222 0.089837 -1.124399 -0.406080 -0.129892 -0.111582 -1.064126
1757580039.868695 -0.382048 0.127222 0.089837 -1.124399 -0.405317 -0.129892 -0.111582 -1.064126
1757580039.870669 -0.381285 0.127222 0.089837 -1.124399 -0.404936 -0.129892 -0.111582 -1.064126
1757580039.872674 -0.380903 0.126841 0.089837 -1.124018 -0.404173 -0.129892 -0.111582 -1.064126
1757580039.874703 -0.380140 0.126841 0.089837 -1.124018 -0.403791 -0.129511 -0.111582 -1.064126
1757580039.876674 -0.379759 0.126841 0.089837 -1.124018 -0.403028 -0.129511 -0.111200 -1.064507
1757580039.878670 -0.378996 0.126841 0.089837 -1.124018 -0.402647 -0.129511 -0.111200 -1.064507
1757580039.880666 -0.378614 0.126841 0.089837 -1.123636 -0.401884 -0.129511 -0.111200 -1.064507
1757580039.882745 -0.377851 0.126459 0.089837 -1.123636 -0.401503 -0.129511 -0.111200 -1.064507
1757580039.884674 -0.377470 0.126459 0.089837 -1.123636 -0.400740 -0.129129 -0.111200 -1.064507
1757580039.886689 -0.376707 0.126459 0.089837 -1.123636 -0.400358 -0.129129 -0.111200 -1.064507
1757580039.888663 -0.375944 0.126459 0.089837 -1.123255 -0.399977 -0.129129 -0.111200 -1.064507
1757580039.890816 -0.375563 0.126459 0.089837 -1.123255 -0.399214 -0.129129 -0.111200 -1.064507
1757580039.892725 -0.374800 0.126078 0.089837 -1.123255 -0.398832 -0.128748 -0.110819 -1.064507
1757580039.894762 -0.374418 0.126078 0.089837 -1.122873 -0.398451 -0.128748 -0.110819 -1.064507
1757580039.896704 -0.373655 0.126078 0.090219 -1.122873 -0.397688 -0.128748 -0.110819 -1.064507
1757580039.898794 -0.372892 0.126078 0.090219 -1.122873 -0.397306 -0.128748 -0.110819 -1.064507
1757580039.900686 -0.372511 0.126078 0.090219 -1.122492 -0.396925 -0.128748 -0.110819 -1.064507
1757580039.902685 -0.371748 0.125696 0.090219 -1.122492 -0.396162 -0.128366 -0.110819 -1.064507
1757580039.904673 -0.371367 0.125696 0.090219 -1.122492 -0.395781 -0.128366 -0.110819 -1.064507
1757580039.906692 -0.370604 0.125696 0.090219 -1.122110 -0.395018 -0.128366 -0.110819 -1.064507
1757580039.908676 -0.370222 0.125696 0.090219 -1.122110 -0.394636 -0.128366 -0.110819 -1.064507
1757580039.910673 -0.369459 0.125696 0.090219 -1.122110 -0.393873 -0.128366 -0.110819 -1.064507
1757580039.912683 -0.368696 0.125696 0.090219 -1.121729 -0.393110 -0.128366 -0.110819 -1.064507
1757580039.914666 -0.368315 0.125696 0.090219 -1.121729 -0.392729 -0.128366 -0.110819 -1.064507
1757580039.916678 -0.367552 0.125696 0.090219 -1.121729 -0.391966 -0.127985 -0.110819 -1.064507
1757580039.918709 -0.367170 0.125315 0.090219 -1.121347 -0.391584 -0.127985 -0.110819 -1.064126
1757580039.920679 -0.366407 0.125315 0.090219 -1.121347 -0.390821 -0.127985 -0.110819 -1.064126
1757580039.922688 -0.365644 0.125315 0.090219 -1.121347 -0.390059 -0.127985 -0.110819 -1.064126
1757580039.924756 -0.365263 0.125315 0.090219 -1.120966 -0.389296 -0.127985 -0.110819 -1.064126
1757580039.926673 -0.364500 0.125315 0.090219 -1.120966 -0.388533 -0.127985 -0.110819 -1.064126
1757580039.928695 -0.363737 0.124933 0.090219 -1.120966 -0.387770 -0.127985 -0.110819 -1.064126
1757580039.930691 -0.363356 0.124933 0.090219 -1.120966 -0.387007 -0.127985 -0.110819 -1.064126
1757580039.932675 -0.362593 0.124933 0.090219 -1.120966 -0.386244 -0.127604 -0.110819 -1.064126
1757580039.934659 -0.361830 0.124933 0.090219 -1.120966 -0.385481 -0.127604 -0.110819 -1.063745
1757580039.936677 -0.361448 0.124552 0.090219 -1.120584 -0.384718 -0.127604 -0.110437 -1.063745
1757580039.938662 -0.360685 0.124552 0.090219 -1.120584 -0.383955 -0.127604 -0.110437 -1.063745
1757580039.940659 -0.360304 0.124552 0.090219 -1.120584 -0.383192 -0.127604 -0.110437 -1.063745
1757580039.942659 -0.359541 0.124552 0.089837 -1.120584 -0.382048 -0.127222 -0.110437 -1.063745
1757580039.944675 -0.359159 0.124552 0.089837 -1.120584 -0.381285 -0.127222 -0.110437 -1.063363
1757580039.946662 -0.358397 0.124170 0.089837 -1.120584 -0.380522 -0.127222 -0.110437 -1.063363
1757580039.948659 -0.358015 0.124170 0.089837 -1.120584 -0.379759 -0.127222 -0.110437 -1.063363
1757580039.950661 -0.357634 0.123789 0.089837 -1.120584 -0.378996 -0.126841 -0.110437 -1.063363
1757580039.952679 -0.356871 0.123789 0.089456 -1.120584 -0.377851 -0.126841 -0.110056 -1.063363
1757580039.954661 -0.356489 0.123407 0.089456 -1.120584 -0.377089 -0.126841 -0.110056 -1.062982
1757580039.956692 -0.356108 0.123026 0.089456 -1.120584 -0.376326 -0.126459 -0.110056 -1.062982
1757580039.958671 -0.355726 0.123026 0.089456 -1.120584 -0.375181 -0.126459 -0.110056 -1.062982
1757580039.960669 -0.355345 0.122644 0.089456 -1.120584 -0.374418 -0.126459 -0.110056 -1.062982
1757580039.962685 -0.354582 0.122644 0.089456 -1.120584 -0.373655 -0.126078 -0.110056 -1.062600
1757580039.964682 -0.354200 0.122263 0.089074 -1.120584 -0.372511 -0.126078 -0.110056 -1.062600
1757580039.966666 -0.353819 0.121881 0.089074 -1.120584 -0.371748 -0.126078 -0.110056 -1.062600
1757580039.968673 -0.353437 0.121881 0.089074 -1.120584 -0.370985 -0.125696 -0.109674 -1.062600
1757580039.970664 -0.352674 0.121500 0.089074 -1.120584 -0.370222 -0.125696 -0.109674 -1.062600
1757580039.972669 -0.352293 0.121119 0.089074 -1.120584 -0.369459 -0.125696 -0.109674 -1.062600
1757580039.974661 -0.351912 0.120737 0.089074 -1.120584 -0.368696 -0.125696 -0.109674 -1.062600
1757580039.976694 -0.351530 0.120737 0.088693 -1.120203 -0.367933 -0.125315 -0.109674 -1.062219
1757580039.978673 -0.350767 0.120356 0.088693 -1.120203 -0.367170 -0.125315 -0.109674 -1.062219
1757580039.980687 -0.350386 0.119974 0.088693 -1.120203 -0.366407 -0.125315 -0.109674 -1.062219
1757580039.982666 -0.349623 0.119593 0.088693 -1.120203 -0.365644 -0.125315 -0.109674 -1.062219
1757580039.984663 -0.349241 0.119211 0.088693 -1.120203 -0.364882 -0.124933 -0.109293 -1.062219
1757580039.986812 -0.348478 0.119211 0.088693 -1.120203 -0.364119 -0.124933 -0.109293 -1.062219
1757580039.988701 -0.348097 0.118830 0.088693 -1.120203 -0.363356 -0.124933 -0.109293 -1.062219
1757580039.990678 -0.347334 0.118448 0.088311 -1.120203 -0.362593 -0.124933 -0.109293 -1.062219
1757580039.992682 -0.346571 0.118067 0.088311 -1.120203 -0.361830 -0.124933 -0.109293 -1.062219
1757580039.994691 -0.345808 0.117685 0.088311 -1.119822 -0.361448 -0.124552 -0.109293 -1.062219
1757580039.996693 -0.345427 0.117304 0.088311 -1.119822 -0.360685 -0.124552 -0.109293 -1.062219
1757580039.998667 -0.344664 0.117304 0.088311 -1.119822 -0.359922 -0.124552 -0.109293 -1.062219
1757580040.000674 -0.343901 0.116922 0.088311 -1.119822 -0.359541 -0.124552 -0.108912 -1.062219
1757580040.002678 -0.343137 0.116541 0.088311 -1.119822 -0.358778 -0.124552 -0.108912 -1.062219
1757580040.004689 -0.342374 0.116159 0.088311 -1.119822 -0.358015 -0.124170 -0.108912 -1.062219
1757580040.006670 -0.341611 0.115778 0.088311 -1.119822 -0.357634 -0.124170 -0.108912 -1.062219
1757580040.008675 -0.340848 0.115778 0.087930 -1.119440 -0.356871 -0.124170 -0.108912 -1.062219
1757580040.010671 -0.340085 0.115396 0.087930 -1.119440 -0.356489 -0.124170 -0.108912 -1.062219
1757580040.012680 -0.339322 0.115015 0.087930 -1.119440 -0.355726 -0.123789 -0.108530 -1.062219
1757580040.014673 -0.338559 0.115015 0.087930 -1.119440 -0.355345 -0.123789 -0.108530 -1.062219
1757580040.016673 -0.337796 0.114634 0.087930 -1.119440 -0.354963 -0.123789 -0.108530 -1.062219
1757580040.018698 -0.337033 0.114252 0.087930 -1.119059 -0.354200 -0.123789 -0.108530 -1.062219
1757580040.020691 -0.336270 0.114252 0.087930 -1.119059 -0.353819 -0.123407 -0.108530 -1.062219
1757580040.022675 -0.335507 0.113871 0.087930 -1.119059 -0.353437 -0.123407 -0.108149 -1.062219
1757580040.024727 -0.334744 0.113489 0.087930 -1.119059 -0.352674 -0.123407 -0.108149 -1.062219
1757580040.026683 -0.333982 0.113489 0.087930 -1.119059 -0.352293 -0.123407 -0.108149 -1.062219
1757580040.028693 -0.333219 0.113108 0.087930 -1.118677 -0.351530 -0.123407 -0.108149 -1.061837
1757580040.030714 -0.332074 0.113108 0.087930 -1.118677 -0.350767 -0.123026 -0.108149 -1.061837
1757580040.032700 -0.331311 0.112726 0.087930 -1.118677 -0.350004 -0.123026 -0.108149 -1.061837
1757580040.034672 -0.330548 0.112345 0.087930 -1.118677 -0.349241 -0.123026 -0.108149 -1.061837
1757580040.036709 -0.329785 0.112345 0.087930 -1.118677 -0.348478 -0.123026 -0.107767 -1.061837
1757580040.038665 -0.329022 0.111963 0.087930 -1.118296 -0.348097 -0.123026 -0.107767 -1.061837
1757580040.040683 -0.328259 0.111963 0.087930 -1.118296 -0.347334 -0.122644 -0.107767 -1.061456
1757580040.042670 -0.327497 0.111582 0.087930 -1.118296 -0.346571 -0.122644 -0.107767 -1.061456
1757580040.044790 -0.326734 0.111582 0.087930 -1.118296 -0.345808 -0.122644 -0.107767 -1.061456
1757580040.046712 -0.325971 0.111200 0.087930 -1.118296 -0.344664 -0.122644 -0.107767 -1.061456
1757580040.048795 -0.325208 0.111200 0.087930 -1.118296 -0.343901 -0.122644 -0.107767 -1.061456
1757580040.050729 -0.324445 0.110819 0.087930 -1.117914 -0.343137 -0.122644 -0.107767 -1.061074
1757580040.052820 -0.323682 0.110819 0.087930 -1.117914 -0.342374 -0.122644 -0.107767 -1.061074
1757580040.054732 -0.322919 0.110819 0.087930 -1.117914 -0.341611 -0.122644 -0.107767 -1.061074
1757580040.056683 -0.322156 0.110437 0.087930 -1.117914 -0.340848 -0.122644 -0.107767 -1.061074
1757580040.058688 -0.321393 0.110437 0.087930 -1.117533 -0.339704 -0.122644 -0.107767 -1.060693
1757580040.060770 -0.320630 0.110437 0.087930 -1.117533 -0.338941 -0.122644 -0.107767 -1.060693
1757580040.062733 -0.319867 0.110437 0.087930 -1.117533 -0.338178 -0.122644 -0.107767 -1.060693
1757580040.064715 -0.319104 0.110056 0.087930 -1.117533 -0.337415 -0.122644 -0.107767 -1.060693
1757580040.066715 -0.318341 0.110056 0.087930 -1.117533 -0.336652 -0.122644 -0.107767 -1.060311
1757580040.068781 -0.317578 0.110056 0.087930 -1.117151 -0.335889 -0.122644 -0.107767 -1.060311
1757580040.070718 -0.316815 0.110056 0.087930 -1.117151 -0.334744 -0.122644 -0.107767 -1.060311
1757580040.072728 -0.316052 0.110056 0.087930 -1.117151 -0.333982 -0.122263 -0.107386 -1.060311
1757580040.074720 -0.315289 0.109674 0.087930 -1.116770 -0.333219 -0.122263 -0.107386 -1.059930
1757580040.076738 -0.314527 0.109674 0.087930 -1.116770 -0.332456 -0.122263 -0.107386 -1.059930
1757580040.078693 -0.314145 0.109674 0.087930 -1.116388 -0.331693 -0.122263 -0.107004 -1.059930
1757580040.080702 -0.313382 0.109674 0.087930 -1.116388 -0.330930 -0.122263 -0.107004 -1.059548
1757580040.082690 -0.312619 0.109293 0.087548 -1.116007 -0.330167 -0.122263 -0.107004 -1.059548
1757580040.084686 -0.311856 0.109293 0.087548 -1.116007 -0.329404 -0.121881 -0.106623 -1.059548
1757580040.086722 -0.311093 0.108912 0.087548 -1.115625 -0.328641 -0.121881 -0.106623 -1.059167
1757580040.088729 -0.310712 0.108912 0.087548 -1.115625 -0.328259 -0.121881 -0.106241 -1.059167
1757580040.090680 -0.309949 0.108530 0.087548 -1.115244 -0.327497 -0.121881 -0.105860 -1.058785
1757580040.092669 -0.309186 0.108530 0.087167 -1.115244 -0.326734 -0.121500 -0.105860 -1.058404
1757580040.094671 -0.308423 0.108149 0.087167 -1.114862 -0.325971 -0.121500 -0.105478 -1.058404
1757580040.096667 -0.308042 0.108149 0.087167 -1.114862 -0.325208 -0.121500 -0.105478 -1.058404
1757580040.098676 -0.307279 0.107767 0.087167 -1.114481 -0.324445 -0.121500 -0.105478 -1.058022
1757580040.100666 -0.306516 0.107386 0.086785 -1.114100 -0.324063 -0.121119 -0.105097 -1.058022
1757580040.102664 -0.305753 0.107386 0.086785 -1.114100 -0.323300 -0.121119 -0.105097 -1.057641
1757580040.104674 -0.305371 0.107004 0.086785 -1.113718 -0.322537 -0.121119 -0.104715 -1.056878
1757580040.106686 -0.304608 0.106623 0.086404 -1.113718 -0.321774 -0.121119 -0.104334 -1.056497
1757580040.108665 -0.304227 0.106623 0.086404 -1.113337 -0.321393 -0.121119 -0.103952 -1.056115
1757580040.110670 -0.303464 0.106241 0.086022 -1.112955 -0.320630 -0.121119 -0.103571 -1.055734
1757580040.112664 -0.303082 0.105860 0.086022 -1.112955 -0.319867 -0.120737 -0.103571 -1.055352
1757580040.114680 -0.302320 0.105478 0.085641 -1.112574 -0.319104 -0.120737 -0.103189 -1.054971
1757580040.116665 -0.301938 0.105478 0.085641 -1.112192 -0.318723 -0.120737 -0.102808 -1.054208
1757580040.118668 -0.301557 0.105097 0.085259 -1.112192 -0.317960 -0.120737 -0.102808 -1.053826
1757580040.120679 -0.300794 0.104715 0.085259 -1.111811 -0.317197 -0.120737 -0.102427 -1.053445
1757580040.122671 -0.300412 0.104715 0.084878 -1.111429 -0.316434 -0.120737 -0.102045 -1.053063
1757580040.124665 -0.300031 0.104334 0.084878 -1.111429 -0.315671 -0.120737 -0.101664 -1.052682
1757580040.126669 -0.299649 0.103952 0.084496 -1.111048 -0.314908 -0.120356 -0.101282 -1.052300
1757580040.128704 -0.299268 0.103571 0.084496 -1.110666 -0.314527 -0.120356 -0.100901 -1.051919
1757580040.130667 -0.298505 0.103571 0.084115 -1.110666 -0.313764 -0.120356 -0.100519 -1.051538
1757580040.132679 -0.298123 0.103189 0.084115 -1.110285 -0.313001 -0.120356 -0.100138 -1.050775
1757580040.134668 -0.297742 0.102808 0.083734 -1.109903 -0.312238 -0.120356 -0.099756 -1.050393
1757580040.136708 -0.297360 0.102808 0.083734 -1.109522 -0.311475 -0.119974 -0.099375 -1.050012
1757580040.138680 -0.296979 0.102427 0.083352 -1.109522 -0.310712 -0.119974 -0.098993 -1.049630
1757580040.140670 -0.296597 0.102045 0.082971 -1.109140 -0.310330 -0.119974 -0.098612 -1.048867
1757580040.142771 -0.296597 0.102045 0.082971 -1.108759 -0.309567 -0.119974 -0.098230 -1.048486
1757580040.144701 -0.296216 0.101664 0.082589 -1.108377 -0.308805 -0.119974 -0.097849 -1.048104
1757580040.146773 -0.295835 0.101282 0.082589 -1.108377 -0.308423 -0.119593 -0.097849 -1.047341
1757580040.148715 -0.295453 0.101282 0.082208 -1.107996 -0.307660 -0.119593 -0.097467 -1.046960
1757580040.150717 -0.295072 0.100901 0.081826 -1.107615 -0.306897 -0.119593 -0.097086 -1.046197
1757580040.152714 -0.294690 0.100519 0.081826 -1.107233 -0.306134 -0.119593 -0.096704 -1.045815
1757580040.154715 -0.294690 0.100519 0.081445 -1.106852 -0.305371 -0.119211 -0.096704 -1.045053
1757580040.156709 -0.294309 0.100138 0.081063 -1.106470 -0.304990 -0.119211 -0.096323 -1.044671
1757580040.158711 -0.293927 0.099756 0.081063 -1.106089 -0.304227 -0.119211 -0.095942 -1.044290
1757580040.160716 -0.293546 0.099756 0.080682 -1.106089 -0.303464 -0.119211 -0.095942 -1.043527
1757580040.162722 -0.293546 0.099375 0.080300 -1.105707 -0.302701 -0.118830 -0.095560 -1.042764
1757580040.164710 -0.293164 0.098993 0.079919 -1.105326 -0.302320 -0.118830 -0.095560 -1.042382
1757580040.166716 -0.292783 0.098993 0.079919 -1.104944 -0.301557 -0.118830 -0.095179 -1.041619
1757580040.168754 -0.292783 0.098612 0.079537 -1.104563 -0.300794 -0.118830 -0.095179 -1.040856
1757580040.170756 -0.292401 0.098612 0.079156 -1.104181 -0.300031 -0.118830 -0.094797 -1.040093
1757580040.172745 -0.292020 0.098230 0.078774 -1.103800 -0.299268 -0.118830 -0.094797 -1.039330
1757580040.174719 -0.292020 0.097849 0.078774 -1.103418 -0.298505 -0.118448 -0.094416 -1.038568
1757580040.176764 -0.291638 0.097849 0.078393 -1.103037 -0.297742 -0.118448 -0.094416 -1.037805
1757580040.178704 -0.291257 0.097467 0.078012 -1.102655 -0.296979 -0.118448 -0.094416 -1.037042
1757580040.180700 -0.290875 0.097467 0.078012 -1.102274 -0.296597 -0.118448 -0.094034 -1.036279
1757580040.182689 -0.290875 0.097086 0.077630 -1.101892 -0.295835 -0.118448 -0.094034 -1.035516
1757580040.184704 -0.290494 0.096704 0.077630 -1.101511 -0.295072 -0.118448 -0.094034 -1.034753
1757580040.186717 -0.290112 0.096704 0.077249 -1.101130 -0.294309 -0.118448 -0.093652 -1.033990
1757580040.188690 -0.289731 0.096323 0.076867 -1.100748 -0.293546 -0.118448 -0.093652 -1.033227
1757580040.190684 -0.289731 0.096323 0.076867 -1.100367 -0.292783 -0.118448 -0.093652 -1.032464
1757580040.192687 -0.289350 0.095942 0.076486 -1.099985 -0.292020 -0.118448 -0.093652 -1.031320
1757580040.194690 -0.288968 0.095942 0.076486 -1.099222 -0.291257 -0.118067 -0.093270 -1.030556
1757580040.196687 -0.288587 0.095560 0.076486 -1.098841 -0.290494 -0.118067 -0.093270 -1.029793
1757580040.198687 -0.288205 0.095560 0.076104 -1.098459 -0.289731 -0.118067 -0.093270 -1.028648
1757580040.200691 -0.287824 0.095179 0.076104 -1.097696 -0.288968 -0.118067 -0.093270 -1.027885
1757580040.202685 -0.287824 0.095179 0.076104 -1.097315 -0.288205 -0.118067 -0.093270 -1.027122
1757580040.204678 -0.287442 0.095179 0.075723 -1.096933 -0.287442 -0.118067 -0.092889 -1.025978
1757580040.206694 -0.287061 0.094797 0.075723 -1.096170 -0.286679 -0.118067 -0.092889 -1.025215
1757580040.208853 -0.286679 0.094797 0.075723 -1.095407 -0.285916 -0.118067 -0.092889 -1.024071
1757580040.210717 -0.286298 0.094416 0.075723 -1.095026 -0.285153 -0.118067 -0.092889 -1.023308
1757580040.212693 -0.285916 0.094416 0.075341 -1.094263 -0.284390 -0.118067 -0.092507 -1.022163
1757580040.214682 -0.285535 0.094416 0.075341 -1.093882 -0.283628 -0.118067 -0.092507 -1.021400
1757580040.216659 -0.285153 0.094416 0.075341 -1.093118 -0.282865 -0.118067 -0.092507 -1.020256
1757580040.218666 -0.284772 0.094034 0.075341 -1.092355 -0.282102 -0.118067 -0.092507 -1.019112
1757580040.220653 -0.284390 0.094034 0.074960 -1.091973 -0.281339 -0.118067 -0.092126 -1.017967
1757580040.222670 -0.284009 0.094034 0.074960 -1.091210 -0.280575 -0.118067 -0.092126 -1.017204
1757580040.224655 -0.283628 0.094034 0.074960 -1.090447 -0.279812 -0.118067 -0.092126 -1.016060
1757580040.226665 -0.282865 0.093652 0.074960 -1.090066 -0.278667 -0.118067 -0.092126 -1.014915
1757580040.228714 -0.282483 0.093652 0.074960 -1.089303 -0.277905 -0.118448 -0.092126 -1.013771
1757580040.230685 -0.282102 0.093652 0.074578 -1.088540 -0.277142 -0.118448 -0.091744 -1.012627
1757580040.232658 -0.281720 0.093652 0.074578 -1.087777 -0.276379 -0.118448 -0.091744 -1.011482
1757580040.234664 -0.281339 0.093652 0.074578 -1.087014 -0.275616 -0.118448 -0.091744 -1.010338
1757580040.236649 -0.280956 0.093270 0.074578 -1.086251 -0.274853 -0.118448 -0.091744 -1.009193
1757580040.238715 -0.280575 0.093270 0.074578 -1.085488 -0.274090 -0.118448 -0.091744 -1.008049
1757580040.240675 -0.279812 0.093270 0.074197 -1.084725 -0.273327 -0.118448 -0.091363 -1.006905
1757580040.242651 -0.279430 0.093270 0.074197 -1.083962 -0.272564 -0.118448 -0.091363 -1.005760
1757580040.244644 -0.279049 0.093270 0.074197 -1.083200 -0.271801 -0.118448 -0.091363 -1.004616
1757580040.246639 -0.278667 0.092889 0.074197 -1.082437 -0.271420 -0.118448 -0.091363 -1.003471
1757580040.248637 -0.278286 0.092889 0.073815 -1.081674 -0.270657 -0.118448 -0.090981 -1.002327
1757580040.250641 -0.277523 0.092889 0.073815 -1.080911 -0.269894 -0.118448 -0.090981 -1.001183
1757580040.252642 -0.277142 0.092889 0.073815 -1.080148 -0.269131 -0.118448 -0.090981 -1.000038
1757580040.254645 -0.276760 0.092889 0.073815 -1.079385 -0.268368 -0.118448 -0.090981 -0.998894
1757580040.256652 -0.276379 0.092889 0.073815 -1.078622 -0.267605 -0.118448 -0.090981 -0.997749
1757580040.258654 -0.275997 0.092507 0.073434 -1.077859 -0.266842 -0.118448 -0.090600 -0.996605
1757580040.260672 -0.275234 0.092507 0.073434 -1.076715 -0.266079 -0.118448 -0.090600 -0.995461
1757580040.262667 -0.274853 0.092507 0.073434 -1.075952 -0.265316 -0.118448 -0.090600 -0.994316
1757580040.264673 -0.274471 0.092507 0.073434 -1.075189 -0.264553 -0.118448 -0.090600 -0.993172
1757580040.266668 -0.274090 0.092126 0.073052 -1.074044 -0.263790 -0.118448 -0.090219 -0.992027
1757580040.268674 -0.273708 0.092126 0.073052 -1.073281 -0.263027 -0.118448 -0.090219 -0.990501
1757580040.270668 -0.273327 0.092126 0.073052 -1.072518 -0.262264 -0.118448 -0.090219 -0.989357
1757580040.272689 -0.272564 0.092126 0.073052 -1.071374 -0.261501 -0.118448 -0.090219 -0.988213
1757580040.274695 -0.272182 0.091744 0.073052 -1.070230 -0.260738 -0.118448 -0.089837 -0.987068
1757580040.276677 -0.271801 0.091744 0.072671 -1.069467 -0.259975 -0.118448 -0.089837 -0.985924
1757580040.278686 -0.271420 0.091744 0.072671 -1.068322 -0.259212 -0.118448 -0.089837 -0.984779
1757580040.280676 -0.271038 0.091744 0.072671 -1.067559 -0.258450 -0.118448 -0.089837 -0.983635
1757580040.282682 -0.270275 0.091744 0.072671 -1.066415 -0.257687 -0.118448 -0.089837 -0.982109
1757580040.284674 -0.269894 0.091744 0.072671 -1.065270 -0.256924 -0.118448 -0.089456 -0.980965
1757580040.286672 -0.269512 0.091363 0.072671 -1.064126 -0.256161 -0.118448 -0.089456 -0.979820
1757580040.288677 -0.269131 0.091363 0.072671 -1.063363 -0.255398 -0.118448 -0.089456 -0.978676
1757580040.290673 -0.268749 0.091363 0.072289 -1.062219 -0.254635 -0.118448 -0.089456 -0.977150
1757580040.292673 -0.268368 0.091363 0.072289 -1.061074 -0.253872 -0.118448 -0.089074 -0.976006
1757580040.294673 -0.267605 0.091363 0.072289 -1.059930 -0.253490 -0.118448 -0.089074 -0.974861
1757580040.296674 -0.267223 0.091363 0.072289 -1.058785 -0.252728 -0.118448 -0.089074 -0.973717
1757580040.298670 -0.266842 0.091363 0.072289 -1.058022 -0.251965 -0.118448 -0.089074 -0.972191
1757580040.300672 -0.266460 0.090981 0.072289 -1.056878 -0.251202 -0.118448 -0.088693 -0.971046
1757580040.302681 -0.266079 0.090981 0.071908 -1.055734 -0.250439 -0.118448 -0.088693 -0.969902
1757580040.304673 -0.265697 0.090981 0.071908 -1.054589 -0.249676 -0.118448 -0.088693 -0.968375
1757580040.306675 -0.265316 0.090981 0.071908 -1.053445 -0.248913 -0.118448 -0.088693 -0.967231
1757580040.308703 -0.264935 0.090981 0.071908 -1.052682 -0.248150 -0.118448 -0.088693 -0.966086
1757580040.310680 -0.264172 0.090981 0.071908 -1.051538 -0.247387 -0.118448 -0.088311 -0.964561
1757580040.312677 -0.263790 0.090981 0.071908 -1.050393 -0.246624 -0.118448 -0.088311 -0.963416
1757580040.314692 -0.263409 0.090981 0.071527 -1.049249 -0.245861 -0.118448 -0.088311 -0.961890
1757580040.316676 -0.263027 0.090600 0.071527 -1.048104 -0.245480 -0.118448 -0.088311 -0.960746
1757580040.318673 -0.262646 0.090600 0.071527 -1.046960 -0.244717 -0.118448 -0.087930 -0.959601
1757580040.320675 -0.262264 0.090600 0.071527 -1.046197 -0.243954 -0.118448 -0.087930 -0.958076
1757580040.322672 -0.261501 0.090600 0.071527 -1.045053 -0.243191 -0.118448 -0.087930 -0.956931
1757580040.324675 -0.261120 0.090600 0.071145 -1.043908 -0.242428 -0.118448 -0.087930 -0.955787
1757580040.326675 -0.260738 0.090600 0.071145 -1.042764 -0.241665 -0.118448 -0.087548 -0.954261
1757580040.328675 -0.260357 0.090600 0.071145 -1.041619 -0.240902 -0.118448 -0.087548 -0.953116
1757580040.330671 -0.259594 0.090219 0.071145 -1.040475 -0.240520 -0.118448 -0.087548 -0.951591
1757580040.332675 -0.259212 0.090219 0.070764 -1.039330 -0.239758 -0.118448 -0.087548 -0.950446
1757580040.334739 -0.258450 0.090219 0.070764 -1.038186 -0.238995 -0.118448 -0.087167 -0.949302
1757580040.336720 -0.258068 0.090219 0.070764 -1.037423 -0.238232 -0.118448 -0.087167 -0.947776
1757580040.338676 -0.257687 0.089837 0.070764 -1.035897 -0.237469 -0.118448 -0.087167 -0.946631
1757580040.340696 -0.256924 0.089837 0.070764 -1.034753 -0.236706 -0.118448 -0.087167 -0.945106
1757580040.342676 -0.256542 0.089837 0.070382 -1.033608 -0.235943 -0.118448 -0.087167 -0.943961
1757580040.344675 -0.255779 0.089837 0.070382 -1.032464 -0.235561 -0.118448 -0.086785 -0.942435
1757580040.346674 -0.255398 0.089456 0.070382 -1.031320 -0.234798 -0.118448 -0.086785 -0.941291
1757580040.348673 -0.254635 0.089456 0.070382 -1.030174 -0.234035 -0.118448 -0.086785 -0.939765
1757580040.350671 -0.254253 0.089456 0.070382 -1.028648 -0.233273 -0.118448 -0.086785 -0.938621
1757580040.352673 -0.253490 0.089456 0.070001 -1.027504 -0.232510 -0.118448 -0.086404 -0.937095
1757580040.354678 -0.252728 0.089456 0.070001 -1.025978 -0.231747 -0.118067 -0.086404 -0.935950
1757580040.356672 -0.251965 0.089456 0.070001 -1.024834 -0.230984 -0.118067 -0.086404 -0.934424
1757580040.358670 -0.251583 0.089074 0.070001 -1.023308 -0.230221 -0.118067 -0.086404 -0.933280
1757580040.360683 -0.250820 0.089074 0.070001 -1.022163 -0.229458 -0.118067 -0.086404 -0.931754
1757580040.362672 -0.250057 0.089074 0.070001 -1.020638 -0.228695 -0.118067 -0.086022 -0.930228
1757580040.364721 -0.249676 0.089074 0.070001 -1.019112 -0.227932 -0.118067 -0.086022 -0.928702
1757580040.366666 -0.248913 0.089074 0.070001 -1.017967 -0.227169 -0.118067 -0.086022 -0.927558
1757580040.368666 -0.248150 0.089074 0.069619 -1.016441 -0.226406 -0.118067 -0.086022 -0.926032
1757580040.370666 -0.247387 0.089074 0.069619 -1.014915 -0.225643 -0.118067 -0.086022 -0.924506
1757580040.372669 -0.246624 0.089074 0.069619 -1.013771 -0.224880 -0.118067 -0.086022 -0.922980
1757580040.374674 -0.245861 0.089074 0.069619 -1.012245 -0.224117 -0.118067 -0.086022 -0.921454
1757580040.376668 -0.245480 0.089074 0.069619 -1.010719 -0.223354 -0.118067 -0.085641 -0.919929
1757580040.378676 -0.244717 0.089074 0.069619 -1.009575 -0.222591 -0.118067 -0.085641 -0.918403
1757580040.380678 -0.243954 0.089074 0.069619 -1.008049 -0.221828 -0.118067 -0.085641 -0.916877
1757580040.382650 -0.243191 0.089074 0.069619 -1.006523 -0.221447 -0.118067 -0.085641 -0.915351
1757580040.384678 -0.242428 0.089074 0.069619 -1.004997 -0.220684 -0.118067 -0.085641 -0.913825
1757580040.386662 -0.241283 0.089074 0.069238 -1.003853 -0.219921 -0.118067 -0.085641 -0.912299
1757580040.388655 -0.240520 0.089074 0.069238 -1.002327 -0.219158 -0.118067 -0.085641 -0.910773
1757580040.390699 -0.239758 0.089074 0.069238 -1.000801 -0.218394 -0.118067 -0.085259 -0.909247
1757580040.392705 -0.238995 0.089074 0.069238 -0.999657 -0.217631 -0.118448 -0.085259 -0.907722
1757580040.394694 -0.238232 0.089074 0.069238 -0.998131 -0.216487 -0.118448 -0.085259 -0.906195
1757580040.396695 -0.237469 0.089074 0.069238 -0.996605 -0.215724 -0.118448 -0.085259 -0.905050
1757580040.398702 -0.236706 0.089074 0.069238 -0.995461 -0.214961 -0.118448 -0.085259 -0.903524
1757580040.400739 -0.235943 0.089074 0.069238 -0.993935 -0.214198 -0.118448 -0.085259 -0.901999
1757580040.402665 -0.235180 0.089074 0.068856 -0.992409 -0.213435 -0.118448 -0.085259 -0.900473
1757580040.404710 -0.234417 0.089074 0.068856 -0.990883 -0.212672 -0.118448 -0.085259 -0.899328
1757580040.406703 -0.233273 0.089074 0.068856 -0.989357 -0.211909 -0.118448 -0.085259 -0.897802
1757580040.408719 -0.232510 0.089074 0.068856 -0.988213 -0.211146 -0.118448 -0.084878 -0.896658
1757580040.410683 -0.231747 0.089074 0.068856 -0.986687 -0.210383 -0.118830 -0.084878 -0.895132
1757580040.412661 -0.230984 0.089074 0.068856 -0.985161 -0.209620 -0.118830 -0.084878 -0.893606
1757580040.414652 -0.230221 0.089074 0.068856 -0.983635 -0.208858 -0.118830 -0.084878 -0.892462
1757580040.416668 -0.229458 0.089074 0.068856 -0.982491 -0.208095 -0.118830 -0.084878 -0.890936
1757580040.418705 -0.228313 0.089074 0.068856 -0.980965 -0.207713 -0.118830 -0.084878 -0.889791
1757580040.420697 -0.227551 0.089074 0.068475 -0.979439 -0.206950 -0.118830 -0.084878 -0.888266
1757580040.422694 -0.226788 0.089074 0.068475 -0.977913 -0.206187 -0.118830 -0.084878 -0.887121
1757580040.424706 -0.226025 0.089074 0.068475 -0.976387 -0.205424 -0.118830 -0.084496 -0.885595
1757580040.426780 -0.225262 0.089074 0.068475 -0.974861 -0.204661 -0.118830 -0.084496 -0.884451
1757580040.428701 -0.224117 0.089074 0.068475 -0.973335 -0.204280 -0.118830 -0.084496 -0.882925
1757580040.430699 -0.223354 0.089074 0.068475 -0.971809 -0.203517 -0.118830 -0.084496 -0.881781
1757580040.432697 -0.222591 0.089074 0.068475 -0.970284 -0.202754 -0.118830 -0.084496 -0.880255
1757580040.434709 -0.221447 0.089074 0.068475 -0.968758 -0.201991 -0.118830 -0.084496 -0.878729
1757580040.436737 -0.220684 0.089074 0.068475 -0.967612 -0.201610 -0.118830 -0.084496 -0.877584
1757580040.438711 -0.219921 0.088693 0.068475 -0.966086 -0.200847 -0.118830 -0.084496 -0.876059
1757580040.440703 -0.218777 0.088693 0.068093 -0.964561 -0.200084 -0.118830 -0.084115 -0.874533
1757580040.442725 -0.218013 0.088693 0.068093 -0.963035 -0.199321 -0.118830 -0.084115 -0.873007
1757580040.444723 -0.216868 0.088693 0.068093 -0.961509 -0.198939 -0.118830 -0.084115 -0.871481
1757580040.446703 -0.216105 0.088693 0.068093 -0.959601 -0.198176 -0.118830 -0.084115 -0.870337
1757580040.448701 -0.215343 0.088693 0.068093 -0.958076 -0.197413 -0.118830 -0.084115 -0.868811
1757580040.450697 -0.214198 0.088693 0.068093 -0.956550 -0.197032 -0.118448 -0.084115 -0.867285
1757580040.452717 -0.213435 0.088693 0.068093 -0.955024 -0.196269 -0.118448 -0.084115 -0.865759
1757580040.454700 -0.212291 0.088693 0.068093 -0.953498 -0.195506 -0.118448 -0.084115 -0.864233
1757580040.456713 -0.211528 0.088693 0.068093 -0.951972 -0.195125 -0.118448 -0.084115 -0.862707
1757580040.458710 -0.210765 0.088693 0.068093 -0.950446 -0.194362 -0.118448 -0.084115 -0.861181
1757580040.460702 -0.209620 0.088693 0.068093 -0.948920 -0.193599 -0.118448 -0.084115 -0.859655
1757580040.462696 -0.208858 0.088693 0.068093 -0.947394 -0.193217 -0.118830 -0.084115 -0.858130
1757580040.464723 -0.207713 0.088693 0.068093 -0.945868 -0.192454 -0.118830 -0.084115 -0.856604
1757580040.466708 -0.206950 0.088693 0.068093 -0.944343 -0.192073 -0.118830 -0.084115 -0.855078
1757580040.468739 -0.206187 0.088693 0.068093 -0.942817 -0.191310 -0.118830 -0.084115 -0.853552
1757580040.470716 -0.205043 0.088693 0.067712 -0.941672 -0.190928 -0.118830 -0.084115 -0.852026
1757580040.472714 -0.204280 0.088693 0.067712 -0.940146 -0.190166 -0.118830 -0.084115 -0.850500
1757580040.474701 -0.203135 0.088693 0.067712 -0.938621 -0.189784 -0.118830 -0.084115 -0.848974
1757580040.476711 -0.202373 0.088693 0.067712 -0.937095 -0.189021 -0.118830 -0.084496 -0.847830
1757580040.478710 -0.201610 0.088693 0.067712 -0.935950 -0.188640 -0.118830 -0.084496 -0.846304
1757580040.480716 -0.200465 0.088693 0.067712 -0.934424 -0.187877 -0.118830 -0.084496 -0.844778
1757580040.482701 -0.199702 0.088693 0.067712 -0.932899 -0.187495 -0.118830 -0.084496 -0.843251
1757580040.484715 -0.198939 0.088693 0.067712 -0.931754 -0.187114 -0.119211 -0.084496 -0.842107
1757580040.486702 -0.197795 0.088693 0.067330 -0.930228 -0.186351 -0.119211 -0.084496 -0.840581
1757580040.488763 -0.197032 0.088693 0.067330 -0.929084 -0.185969 -0.119211 -0.084496 -0.839055
1757580040.490709 -0.196269 0.088693 0.067330 -0.927558 -0.185206 -0.119211 -0.084496 -0.837529
1757580040.492702 -0.195125 0.088693 0.067330 -0.926414 -0.184825 -0.119211 -0.084496 -0.836385
1757580040.494715 -0.194362 0.088693 0.067330 -0.924888 -0.184443 -0.119211 -0.084496 -0.834859
1757580040.496697 -0.193599 0.088693 0.067330 -0.923743 -0.183681 -0.119211 -0.084496 -0.833333
1757580040.498698 -0.192454 0.088693 0.067330 -0.922217 -0.183299 -0.119211 -0.084496 -0.831807
1757580040.500697 -0.191691 0.088693 0.067330 -0.921073 -0.182918 -0.119211 -0.084496 -0.830663
1757580040.502708 -0.190547 0.088693 0.066949 -0.919547 -0.182536 -0.119593 -0.084496 -0.829137
1757580040.504696 -0.189784 0.088693 0.066949 -0.918021 -0.181773 -0.119593 -0.084496 -0.827611
1757580040.506701 -0.189021 0.088693 0.066949 -0.916877 -0.181392 -0.119593 -0.084496 -0.826085
1757580040.508697 -0.188258 0.088693 0.066949 -0.915351 -0.181010 -0.119593 -0.084496 -0.824559
1757580040.510747 -0.187114 0.088693 0.066949 -0.913825 -0.180629 -0.119593 -0.084496 -0.823033
1757580040.512720 -0.186351 0.088693 0.066949 -0.912681 -0.179866 -0.119593 -0.084496 -0.821507
1757580040.514701 -0.185588 0.088693 0.066949 -0.911155 -0.179484 -0.119593 -0.084496 -0.819982
1757580040.516698 -0.184443 0.088693 0.066949 -0.909629 -0.179103 -0.119593 -0.084496 -0.818456
1757580040.518706 -0.183681 0.088693 0.066567 -0.908103 -0.178721 -0.119593 -0.084496 -0.816930
1757580040.520697 -0.182918 0.088693 0.066567 -0.906959 -0.178340 -0.119974 -0.084496 -0.815404
1757580040.522668 -0.182155 0.088693 0.066567 -0.905432 -0.177577 -0.119974 -0.084496 -0.813878
1757580040.524729 -0.181392 0.088693 0.066567 -0.903906 -0.177196 -0.119974 -0.084496 -0.812352
1757580040.526675 -0.180247 0.088693 0.066567 -0.902380 -0.176814 -0.119974 -0.084496 -0.810826
1757580040.528673 -0.179484 0.088693 0.066567 -0.901236 -0.176433 -0.119974 -0.084496 -0.808919
1757580040.530660 -0.178721 0.088693 0.066567 -0.899710 -0.176051 -0.119974 -0.084496 -0.807393
1757580040.532660 -0.177958 0.088693 0.066567 -0.898184 -0.175670 -0.119974 -0.084496 -0.805867
1757580040.534663 -0.177196 0.088693 0.066567 -0.896658 -0.174907 -0.119974 -0.084496 -0.804341
1757580040.536681 -0.176433 0.088693 0.066186 -0.895132 -0.174525 -0.120356 -0.084496 -0.802434
1757580040.538663 -0.175670 0.088693 0.066186 -0.893606 -0.174144 -0.120356 -0.084496 -0.800908
1757580040.540657 -0.174525 0.089074 0.066186 -0.892462 -0.173762 -0.120356 -0.084496 -0.799382
1757580040.542660 -0.173762 0.089074 0.066186 -0.890936 -0.173381 -0.120356 -0.084496 -0.797856
1757580040.544666 -0.172999 0.089074 0.066186 -0.889410 -0.172999 -0.120356 -0.084496 -0.795949
1757580040.546705 -0.172236 0.089074 0.066186 -0.887884 -0.172236 -0.120356 -0.084496 -0.794423
1757580040.548701 -0.171474 0.089074 0.066186 -0.886358 -0.171855 -0.120356 -0.084496 -0.792897
1757580040.550735 -0.170711 0.089074 0.066186 -0.885214 -0.171474 -0.120356 -0.084496 -0.791371
1757580040.552674 -0.169948 0.089074 0.065804 -0.883688 -0.171092 -0.120737 -0.084496 -0.789845
1757580040.554663 -0.169185 0.089074 0.065804 -0.882162 -0.170711 -0.120737 -0.084496 -0.788320
1757580040.556666 -0.168422 0.089074 0.065804 -0.880636 -0.170329 -0.120737 -0.084496 -0.786412
1757580040.558650 -0.167277 0.089074 0.065804 -0.879492 -0.169948 -0.120737 -0.084496 -0.784886
1757580040.560652 -0.166514 0.089074 0.065804 -0.877966 -0.169566 -0.120737 -0.084496 -0.783360
1757580040.562655 -0.165751 0.089074 0.065804 -0.876440 -0.169185 -0.120737 -0.084496 -0.781835
1757580040.564696 -0.164989 0.089074 0.065804 -0.874914 -0.168803 -0.120737 -0.084496 -0.780308
1757580040.566694 -0.164226 0.089074 0.065804 -0.873770 -0.168040 -0.120737 -0.084496 -0.778782
1757580040.568696 -0.163081 0.089074 0.065804 -0.872244 -0.167659 -0.120737 -0.084496 -0.776875
1757580040.570704 -0.162318 0.089074 0.065423 -0.870718 -0.167277 -0.121119 -0.084496 -0.775349
1757580040.572697 -0.161555 0.089074 0.065423 -0.869192 -0.166896 -0.121119 -0.084496 -0.773823
1757580040.574696 -0.160792 0.089074 0.065423 -0.867666 -0.166514 -0.121119 -0.084496 -0.772297
1757580040.576691 -0.160029 0.089074 0.065423 -0.866140 -0.166133 -0.121119 -0.084496 -0.770771
1757580040.578702 -0.159266 0.089074 0.065423 -0.864614 -0.165751 -0.121119 -0.084496 -0.768864
1757580040.580694 -0.158504 0.089074 0.065423 -0.863470 -0.165370 -0.121119 -0.084496 -0.767338
1757580040.582712 -0.157741 0.089074 0.065423 -0.861944 -0.164989 -0.121119 -0.084496 -0.765812
1757580040.584697 -0.156596 0.089074 0.065423 -0.860418 -0.164607 -0.121119 -0.084496 -0.764286
1757580040.586740 -0.155832 0.089074 0.065423 -0.858892 -0.164226 -0.121119 -0.084496 -0.762760
1757580040.588704 -0.155069 0.089074 0.065423 -0.856985 -0.163844 -0.121500 -0.084496 -0.760853
1757580040.590716 -0.154306 0.089074 0.065423 -0.855459 -0.163463 -0.121500 -0.084496 -0.759327
1757580040.592700 -0.153543 0.089074 0.065423 -0.853933 -0.163081 -0.121500 -0.084496 -0.757801
1757580040.594711 -0.152781 0.089074 0.065423 -0.852407 -0.162700 -0.121500 -0.084496 -0.755894
1757580040.596697 -0.152018 0.089074 0.065423 -0.850882 -0.162318 -0.121500 -0.084496 -0.754368
1757580040.598701 -0.151255 0.089074 0.065423 -0.849356 -0.161937 -0.121500 -0.084496 -0.752842
1757580040.600698 -0.150492 0.089074 0.065423 -0.847830 -0.161555 -0.121500 -0.084496 -0.750935
1757580040.602702 -0.149729 0.089074 0.065423 -0.846304 -0.161174 -0.121881 -0.084496 -0.749409
1757580040.604699 -0.148966 0.089074 0.065423 -0.844778 -0.160792 -0.121881 -0.084496 -0.747883
1757580040.606702 -0.148203 0.089074 0.065423 -0.843251 -0.160029 -0.121881 -0.084496 -0.745975
1757580040.608697 -0.147440 0.089074 0.065423 -0.841725 -0.159648 -0.121881 -0.084496 -0.744450
1757580040.610715 -0.146677 0.089074 0.065423 -0.839818 -0.159266 -0.121881 -0.084496 -0.742924
1757580040.612713 -0.145914 0.089074 0.065423 -0.838292 -0.158885 -0.122263 -0.084496 -0.741016
1757580040.614700 -0.145151 0.089074 0.065423 -0.836766 -0.158504 -0.122263 -0.084496 -0.739491
1757580040.616757 -0.144388 0.089074 0.065423 -0.835240 -0.158122 -0.122263 -0.084115 -0.737583
1757580040.618723 -0.143625 0.089074 0.065423 -0.833714 -0.157741 -0.122263 -0.084115 -0.736057
1757580040.620698 -0.142862 0.089456 0.065423 -0.831807 -0.156978 -0.122644 -0.084115 -0.734531
1757580040.622696 -0.142099 0.089456 0.065042 -0.830281 -0.156596 -0.122644 -0.084115 -0.732624
1757580040.624697 -0.141336 0.089456 0.065042 -0.828755 -0.156214 -0.122644 -0.084115 -0.731098
1757580040.626703 -0.140574 0.089456 0.065042 -0.827229 -0.155832 -0.122644 -0.084115 -0.729572
1757580040.628695 -0.139811 0.089456 0.065042 -0.825704 -0.155451 -0.122644 -0.084115 -0.728046
1757580040.630701 -0.139048 0.089456 0.065042 -0.824178 -0.155069 -0.123026 -0.083734 -0.726139
1757580040.632696 -0.138285 0.089456 0.065042 -0.822270 -0.154688 -0.123026 -0.083734 -0.724613
1757580040.634704 -0.137522 0.089456 0.065042 -0.820745 -0.154306 -0.123026 -0.083734 -0.723087
1757580040.636693 -0.136759 0.089456 0.065042 -0.819219 -0.153925 -0.123026 -0.083734 -0.721561
1757580040.638698 -0.135996 0.089456 0.064660 -0.817693 -0.153543 -0.123026 -0.083734 -0.719654
1757580040.640733 -0.135233 0.089456 0.064660 -0.816167 -0.153162 -0.123026 -0.083352 -0.718127
1757580040.642718 -0.134470 0.089456 0.064660 -0.814260 -0.152781 -0.123026 -0.083352 -0.716601
1757580040.644702 -0.133707 0.089456 0.064660 -0.812734 -0.152399 -0.123026 -0.083352 -0.714694
1757580040.646726 -0.132944 0.089456 0.064660 -0.811208 -0.152018 -0.123026 -0.083352 -0.713168
1757580040.648697 -0.132181 0.089456 0.064660 -0.809682 -0.151636 -0.123026 -0.083352 -0.711642
1757580040.650702 -0.131418 0.089456 0.064660 -0.808156 -0.151255 -0.123026 -0.082971 -0.710116
1757580040.652698 -0.130655 0.089456 0.064660 -0.806630 -0.150873 -0.123026 -0.082971 -0.708209
1757580040.654722 -0.129892 0.089456 0.064279 -0.804723 -0.150492 -0.123026 -0.082971 -0.706683
1757580040.656694 -0.129129 0.089456 0.064279 -0.803197 -0.150110 -0.123026 -0.082971 -0.704776
1757580040.658695 -0.128366 0.089456 0.064279 -0.801671 -0.149729 -0.123026 -0.082589 -0.703250
1757580040.660695 -0.127604 0.089456 0.064279 -0.800145 -0.149347 -0.123026 -0.082589 -0.701343
1757580040.662743 -0.126841 0.089456 0.064279 -0.798238 -0.148966 -0.123026 -0.082589 -0.699817
1757580040.664697 -0.126459 0.089456 0.064279 -0.796712 -0.148584 -0.123026 -0.082589 -0.697909
1757580040.666695 -0.125696 0.089456 0.064279 -0.795186 -0.148584 -0.123026 -0.082208 -0.696383
1757580040.668693 -0.124933 0.089456 0.064279 -0.793279 -0.148203 -0.123026 -0.082208 -0.694476
1757580040.670727 -0.124170 0.089456 0.063897 -0.791753 -0.147821 -0.123026 -0.082208 -0.692569
1757580040.672699 -0.123407 0.089456 0.063897 -0.790227 -0.147440 -0.123026 -0.082208 -0.690661
1757580040.674742 -0.122644 0.089456 0.063897 -0.788701 -0.147058 -0.123026 -0.082208 -0.689136
1757580040.676689 -0.121881 0.089456 0.063897 -0.787175 -0.146677 -0.123026 -0.081826 -0.687228
1757580040.678758 -0.121119 0.089456 0.063897 -0.785649 -0.146296 -0.123026 -0.081826 -0.685321
1757580040.680709 -0.120356 0.089456 0.063897 -0.783742 -0.145914 -0.123026 -0.081826 -0.683414
1757580040.682715 -0.119593 0.089456 0.063897 -0.782216 -0.145533 -0.123026 -0.081826 -0.681506
1757580040.684695 -0.118830 0.089456 0.063897 -0.780689 -0.145151 -0.123026 -0.081445 -0.679980
1757580040.686762 -0.118448 0.089456 0.063516 -0.778782 -0.144770 -0.123026 -0.081445 -0.678073
1757580040.688696 -0.117685 0.089456 0.063516 -0.777256 -0.144388 -0.123407 -0.081445 -0.676166
1757580040.690689 -0.116922 0.089456 0.063516 -0.775730 -0.144007 -0.123407 -0.081445 -0.674258
1757580040.692695 -0.116159 0.089456 0.063516 -0.773823 -0.143625 -0.123407 -0.081063 -0.672351
1757580040.694733 -0.115396 0.089456 0.063516 -0.772297 -0.143244 -0.123407 -0.081063 -0.670444
1757580040.696697 -0.114634 0.089456 0.063516 -0.770771 -0.142862 -0.123407 -0.081063 -0.668918
1757580040.698726 -0.113871 0.089456 0.063516 -0.768864 -0.142481 -0.123407 -0.081063 -0.667010
1757580040.700701 -0.113489 0.089456 0.063516 -0.767338 -0.142099 -0.123407 -0.081063 -0.665103
1757580040.702729 -0.112726 0.089456 0.063516 -0.765430 -0.141718 -0.123407 -0.080682 -0.663196
1757580040.704716 -0.111963 0.089456 0.063134 -0.763523 -0.141336 -0.123789 -0.080682 -0.661670
1757580040.706716 -0.111200 0.089456 0.063134 -0.761997 -0.140955 -0.123789 -0.080682 -0.659762
1757580040.708697 -0.110819 0.089456 0.063134 -0.760090 -0.140574 -0.123789 -0.080682 -0.657855
1757580040.710724 -0.110056 0.089456 0.063134 -0.758564 -0.140192 -0.123789 -0.080300 -0.655947
1757580040.712692 -0.109293 0.089456 0.063134 -0.756657 -0.139811 -0.123789 -0.080300 -0.654421
1757580040.714711 -0.108530 0.089456 0.063134 -0.755131 -0.139048 -0.123789 -0.080300 -0.652514
1757580040.716712 -0.107767 0.089456 0.063134 -0.753223 -0.138666 -0.123789 -0.079919 -0.650606
1757580040.718711 -0.107386 0.089456 0.063134 -0.751316 -0.138285 -0.123789 -0.079919 -0.648699
1757580040.720694 -0.106623 0.089456 0.062753 -0.749790 -0.137903 -0.123789 -0.079919 -0.646791
1757580040.722718 -0.105860 0.089456 0.062753 -0.747883 -0.137522 -0.123789 -0.079537 -0.645266
1757580040.724696 -0.105097 0.089456 0.062753 -0.746357 -0.137140 -0.123789 -0.079537 -0.643358
1757580040.726711 -0.104334 0.089456 0.062753 -0.744450 -0.136759 -0.123789 -0.079537 -0.641451
1757580040.728655 -0.103952 0.089456 0.062753 -0.742542 -0.136377 -0.123789 -0.079156 -0.639544
1757580040.730687 -0.103189 0.089456 0.062753 -0.741016 -0.135996 -0.123789 -0.079156 -0.637636
1757580040.732665 -0.102427 0.089456 0.062753 -0.739109 -0.135614 -0.123789 -0.078774 -0.635729
1757580040.734652 -0.101664 0.089456 0.062753 -0.737202 -0.135233 -0.123789 -0.078774 -0.633821
1757580040.736692 -0.101282 0.089456 0.062371 -0.735676 -0.134851 -0.123789 -0.078774 -0.631533
1757580040.738731 -0.100519 0.089456 0.062371 -0.733768 -0.134470 -0.123789 -0.078393 -0.629625
1757580040.740694 -0.099756 0.089456 0.062371 -0.732243 -0.134089 -0.123789 -0.078393 -0.627718
1757580040.742676 -0.098993 0.089456 0.062371 -0.730335 -0.133707 -0.123789 -0.078012 -0.625811
1757580040.744660 -0.098230 0.089456 0.062371 -0.728428 -0.133326 -0.123789 -0.078012 -0.623903
1757580040.746684 -0.097849 0.089456 0.062371 -0.726902 -0.132944 -0.123789 -0.077630 -0.621996
1757580040.748663 -0.097086 0.089456 0.062371 -0.724995 -0.132181 -0.123789 -0.077630 -0.620089
1757580040.750660 -0.096323 0.089456 0.062371 -0.723087 -0.131800 -0.123789 -0.077630 -0.618181
1757580040.752656 -0.095560 0.089456 0.062371 -0.721561 -0.131418 -0.123789 -0.077249 -0.616274
1757580040.754650 -0.094797 0.089456 0.061990 -0.719654 -0.131037 -0.123789 -0.077249 -0.613985
1757580040.756659 -0.094416 0.089456 0.061990 -0.718127 -0.130655 -0.123789 -0.077249 -0.612078
1757580040.758647 -0.093652 0.089456 0.061990 -0.716220 -0.130274 -0.123789 -0.076867 -0.610170
1757580040.760643 -0.092889 0.089456 0.061990 -0.714313 -0.129892 -0.123789 -0.076867 -0.608263
1757580040.762644 -0.092126 0.089456 0.061990 -0.712787 -0.129511 -0.123789 -0.076867 -0.606356
1757580040.764661 -0.091363 0.089456 0.061990 -0.710879 -0.129129 -0.123789 -0.076867 -0.604067
1757580040.766647 -0.090981 0.089456 0.061990 -0.708972 -0.128366 -0.123789 -0.076867 -0.602160
1757580040.768738 -0.090219 0.089837 0.061990 -0.707446 -0.127985 -0.123789 -0.076486 -0.600252
1757580040.770705 -0.089456 0.089837 0.061990 -0.705539 -0.127604 -0.124170 -0.076486 -0.598345
1757580040.772699 -0.088693 0.089837 0.061990 -0.704013 -0.127222 -0.124170 -0.076486 -0.596437
1757580040.774707 -0.088311 0.089837 0.061990 -0.702106 -0.126841 -0.124170 -0.076486 -0.594530
1757580040.776694 -0.087548 0.089837 0.061990 -0.700198 -0.126078 -0.124170 -0.076104 -0.592240
1757580040.778698 -0.086785 0.089837 0.061990 -0.698672 -0.125696 -0.124170 -0.076104 -0.590333
1757580040.780702 -0.086022 0.089837 0.061990 -0.696765 -0.125315 -0.124170 -0.076104 -0.588426
1757580040.782708 -0.085259 0.089837 0.061990 -0.694858 -0.124933 -0.124552 -0.076104 -0.586518
1757580040.784656 -0.084878 0.089837 0.061990 -0.693332 -0.124170 -0.124552 -0.076104 -0.584611
1757580040.786664 -0.084115 0.090219 0.061990 -0.691424 -0.123789 -0.124552 -0.075723 -0.582704
1757580040.788650 -0.083352 0.090219 0.061990 -0.689517 -0.123407 -0.124552 -0.075723 -0.580796
1757580040.790650 -0.082589 0.090219 0.061990 -0.687610 -0.123026 -0.124933 -0.075723 -0.578889
1757580040.792648 -0.082208 0.090219 0.061990 -0.686084 -0.122263 -0.124933 -0.075723 -0.576600
1757580040.794661 -0.081445 0.090219 0.061990 -0.684176 -0.121881 -0.124933 -0.075341 -0.574693
1757580040.796691 -0.080682 0.090219 0.061990 -0.682269 -0.121500 -0.124933 -0.075341 -0.572785
1757580040.798672 -0.079919 0.090219 0.061608 -0.680362 -0.120737 -0.124933 -0.075341 -0.570878
1757580040.800735 -0.079156 0.090600 0.061608 -0.678836 -0.120356 -0.125315 -0.075341 -0.568971
1757580040.802697 -0.078774 0.090600 0.061608 -0.676929 -0.119974 -0.125315 -0.074960 -0.567063
1757580040.804686 -0.078012 0.090600 0.061608 -0.675021 -0.119593 -0.125315 -0.074960 -0.565156
1757580040.806688 -0.077249 0.090600 0.061608 -0.673114 -0.118830 -0.125315 -0.074960 -0.563249
1757580040.808692 -0.076486 0.090600 0.061608 -0.671206 -0.118448 -0.125315 -0.074960 -0.561341
1757580040.810699 -0.076104 0.090600 0.061608 -0.669681 -0.118067 -0.125315 -0.074960 -0.559052
1757580040.812692 -0.075341 0.090600 0.061608 -0.667773 -0.117685 -0.125696 -0.074578 -0.557145
1757580040.814691 -0.074578 0.090600 0.061608 -0.665866 -0.117304 -0.125696 -0.074578 -0.555238
1757580040.816688 -0.073815 0.090600 0.061608 -0.663959 -0.116922 -0.125696 -0.074578 -0.553330
1757580040.818694 -0.073434 0.090981 0.061608 -0.662433 -0.116159 -0.125696 -0.074197 -0.551423
1757580040.820691 -0.072671 0.090981 0.061608 -0.660525 -0.115778 -0.125696 -0.074197 -0.549134
1757580040.822690 -0.071908 0.090981 0.061608 -0.658618 -0.115396 -0.125696 -0.074197 -0.547227
1757580040.824691 -0.071145 0.090981 0.061608 -0.657092 -0.115015 -0.125696 -0.074197 -0.545320
1757580040.826694 -0.070382 0.090981 0.061608 -0.655184 -0.114634 -0.125696 -0.073815 -0.543412
1757580040.828691 -0.070001 0.090981 0.061608 -0.653276 -0.113871 -0.125696 -0.073815 -0.541123
1757580040.830711 -0.069238 0.090981 0.061608 -0.651751 -0.113489 -0.125696 -0.073815 -0.539216
1757580040.832732 -0.068475 0.090981 0.061608 -0.649843 -0.113108 -0.126078 -0.073434 -0.537309
1757580040.834696 -0.068093 0.090981 0.061608 -0.647936 -0.112726 -0.126078 -0.073434 -0.535020
1757580040.836693 -0.067330 0.090981 0.061608 -0.646029 -0.111963 -0.126078 -0.073434 -0.533113
1757580040.838677 -0.066567 0.090981 0.061608 -0.644121 -0.111582 -0.126078 -0.073052 -0.531204
1757580040.840690 -0.065804 0.091363 0.061608 -0.642595 -0.111200 -0.126078 -0.073052 -0.529297
1757580040.842677 -0.065423 0.091363 0.061608 -0.640688 -0.110819 -0.126078 -0.073052 -0.527390
1757580040.844668 -0.064660 0.091363 0.061608 -0.638781 -0.110056 -0.126078 -0.072671 -0.525482
1757580040.846666 -0.063897 0.091363 0.061608 -0.637255 -0.109674 -0.126078 -0.072671 -0.523193
1757580040.848655 -0.063516 0.091363 0.061608 -0.635347 -0.109293 -0.126078 -0.072671 -0.521286
1757580040.850655 -0.062753 0.091363 0.061608 -0.633440 -0.108912 -0.126078 -0.072671 -0.519379
1757580040.852642 -0.061990 0.091363 0.061608 -0.631533 -0.108149 -0.126459 -0.072289 -0.517471
1757580040.854670 -0.061608 0.091363 0.061608 -0.630007 -0.107767 -0.126459 -0.072289 -0.515564
1757580040.856645 -0.060845 0.091363 0.061608 -0.628099 -0.107386 -0.126459 -0.072289 -0.513657
1757580040.858641 -0.060082 0.091363 0.061608 -0.626192 -0.107004 -0.126459 -0.072289 -0.511749
1757580040.860647 -0.059701 0.091744 0.061608 -0.624285 -0.106241 -0.126459 -0.071908 -0.509842
1757580040.862723 -0.058938 0.091744 0.061608 -0.622377 -0.105860 -0.126459 -0.071908 -0.507935
1757580040.864690 -0.058557 0.091744 0.061608 -0.620470 -0.105478 -0.126459 -0.071908 -0.506027
1757580040.866685 -0.057794 0.091744 0.061608 -0.618563 -0.105097 -0.126459 -0.071908 -0.504120
1757580040.868685 -0.057031 0.091744 0.061608 -0.617037 -0.104715 -0.126459 -0.071908 -0.501831
1757580040.870711 -0.056649 0.091744 0.061608 -0.615129 -0.103952 -0.126459 -0.071527 -0.499924
1757580040.872711 -0.055886 0.091744 0.061608 -0.613222 -0.103571 -0.126841 -0.071527 -0.498016
1757580040.874689 -0.055505 0.091744 0.061608 -0.611315 -0.103189 -0.126841 -0.071527 -0.496109
1757580040.876688 -0.054742 0.091744 0.061608 -0.609407 -0.102808 -0.126841 -0.071527 -0.494202
1757580040.878742 -0.054360 0.092126 0.061608 -0.607500 -0.102427 -0.126841 -0.071527 -0.491913
1757580040.880666 -0.053597 0.092126 0.061608 -0.605593 -0.102045 -0.126841 -0.071145 -0.490005
1757580040.882879 -0.053216 0.092126 0.061608 -0.603685 -0.101282 -0.126841 -0.071145 -0.488098
1757580040.884683 -0.052453 0.092126 0.061608 -0.602160 -0.100901 -0.126841 -0.071145 -0.486191
1757580040.886945 -0.052072 0.092126 0.061608 -0.600252 -0.100519 -0.126841 -0.071145 -0.483902
1757580040.888681 -0.051309 0.092126 0.061608 -0.598345 -0.100138 -0.126841 -0.070764 -0.481995
1757580040.890687 -0.050927 0.092126 0.061608 -0.596437 -0.099756 -0.126841 -0.070764 -0.480087
1757580040.892694 -0.050164 0.092126 0.061608 -0.594530 -0.099375 -0.127222 -0.070764 -0.477798
1757580040.894716 -0.049401 0.092126 0.061608 -0.592622 -0.098612 -0.127222 -0.070764 -0.475891
1757580040.896664 -0.049020 0.092126 0.061608 -0.590714 -0.098230 -0.127222 -0.070382 -0.473984
1757580040.898664 -0.048257 0.092507 0.061608 -0.588807 -0.097849 -0.127222 -0.070382 -0.471695
1757580040.900713 -0.047875 0.092507 0.061608 -0.586900 -0.097467 -0.127222 -0.070382 -0.469788
1757580040.902639 -0.047112 0.092507 0.061608 -0.584992 -0.097086 -0.127222 -0.070001 -0.467879
1757580040.904651 -0.046350 0.092507 0.061608 -0.583467 -0.096704 -0.127222 -0.070001 -0.465590
1757580040.906639 -0.045968 0.092507 0.061608 -0.581559 -0.096323 -0.127222 -0.069619 -0.463683
1757580040.908664 -0.045205 0.092507 0.061608 -0.579652 -0.095942 -0.127222 -0.069619 -0.461776
1757580040.910653 -0.044824 0.092507 0.061608 -0.577744 -0.095560 -0.127222 -0.069619 -0.459487
1757580040.912653 -0.044061 0.092507 0.061608 -0.575837 -0.094797 -0.127604 -0.069238 -0.457580
1757580040.914653 -0.043298 0.092507 0.061227 -0.574311 -0.094416 -0.127604 -0.068856 -0.455672
1757580040.916667 -0.042916 0.092507 0.061227 -0.572404 -0.094034 -0.127604 -0.068856 -0.453765
1757580040.918652 -0.042153 0.092507 0.061227 -0.570497 -0.093652 -0.127604 -0.068475 -0.451476
1757580040.920655 -0.041772 0.092507 0.061227 -0.568589 -0.093270 -0.127604 -0.068475 -0.449569
1757580040.922668 -0.041009 0.092507 0.061227 -0.566682 -0.092889 -0.127604 -0.068093 -0.447661
1757580040.924713 -0.040627 0.092507 0.061227 -0.565156 -0.092507 -0.127604 -0.067712 -0.445754
1757580040.926671 -0.039865 0.092889 0.061227 -0.563249 -0.092126 -0.127604 -0.067712 -0.443847
1757580040.928673 -0.039483 0.092889 0.061227 -0.561341 -0.091744 -0.127604 -0.067330 -0.441939
1757580040.930664 -0.038720 0.092889 0.061227 -0.559434 -0.090981 -0.127604 -0.066949 -0.440032
1757580040.932673 -0.038339 0.092889 0.060845 -0.557527 -0.090600 -0.127604 -0.066949 -0.438125
1757580040.934660 -0.037576 0.092889 0.060845 -0.555619 -0.090219 -0.127604 -0.066567 -0.436217
1757580040.936657 -0.037194 0.092889 0.060845 -0.554093 -0.089837 -0.127222 -0.066567 -0.434310
1757580040.938663 -0.036813 0.092889 0.060845 -0.552186 -0.089456 -0.127222 -0.066186 -0.432403
1757580040.940668 -0.036050 0.092889 0.060845 -0.550279 -0.089074 -0.127222 -0.066186 -0.430495
1757580040.942658 -0.035668 0.092889 0.060845 -0.548753 -0.088693 -0.127222 -0.065804 -0.428588
1757580040.944646 -0.034905 0.092889 0.060845 -0.546845 -0.088311 -0.127222 -0.065804 -0.426681
1757580040.946656 -0.034524 0.092889 0.060845 -0.544938 -0.087930 -0.127222 -0.065423 -0.424773
1757580040.948667 -0.033761 0.092889 0.060464 -0.543031 -0.087548 -0.127222 -0.065423 -0.422866
1757580040.950657 -0.033380 0.092889 0.060464 -0.541505 -0.087167 -0.127222 -0.065042 -0.420959
1757580040.952644 -0.032998 0.092889 0.060464 -0.539598 -0.086785 -0.127222 -0.065042 -0.419051
1757580040.954691 -0.032235 0.092889 0.060464 -0.537690 -0.086404 -0.127222 -0.065042 -0.417144
1757580040.956681 -0.031854 0.092889 0.060464 -0.535783 -0.086022 -0.127222 -0.064660 -0.415236
1757580040.958660 -0.031090 0.092889 0.060464 -0.534257 -0.085641 -0.127222 -0.064660 -0.413711
1757580040.960653 -0.030708 0.092889 0.060464 -0.532350 -0.085259 -0.127222 -0.064279 -0.411803
1757580040.962692 -0.030327 0.092889 0.060464 -0.530441 -0.084878 -0.127222 -0.064279 -0.409896
1757580040.964684 -0.029564 0.092889 0.060082 -0.528534 -0.084496 -0.126841 -0.063897 -0.407989
1757580040.966665 -0.029182 0.092889 0.060082 -0.526627 -0.084115 -0.126841 -0.063897 -0.406080
1757580040.968672 -0.028801 0.092889 0.060082 -0.525101 -0.083734 -0.126841 -0.063516 -0.404173
1757580040.970666 -0.028038 0.092889 0.060082 -0.523193 -0.083734 -0.126841 -0.063516 -0.402266
1757580040.972656 -0.027657 0.092889 0.060082 -0.521286 -0.083352 -0.126841 -0.063134 -0.400358
1757580040.974655 -0.027275 0.092889 0.060082 -0.519379 -0.082971 -0.126841 -0.062753 -0.398451
1757580040.976668 -0.026512 0.092889 0.060082 -0.517471 -0.082589 -0.126841 -0.062753 -0.396544
1757580040.978656 -0.026131 0.092889 0.060082 -0.515564 -0.082589 -0.126841 -0.062371 -0.394636
1757580040.980646 -0.025749 0.092889 0.059701 -0.513657 -0.082208 -0.126841 -0.061990 -0.392729
1757580040.982655 -0.025368 0.092889 0.059701 -0.511749 -0.081826 -0.126841 -0.061608 -0.390821
1757580040.984668 -0.024605 0.092889 0.059701 -0.509842 -0.081445 -0.126459 -0.061608 -0.388914
1757580040.986697 -0.024223 0.092889 0.059701 -0.507935 -0.081445 -0.126459 -0.061227 -0.387007
1757580040.988677 -0.023842 0.092889 0.059701 -0.506027 -0.081063 -0.126459 -0.060845 -0.385481
1757580040.990671 -0.023460 0.092889 0.059701 -0.504120 -0.080682 -0.126459 -0.060464 -0.383574
1757580040.992682 -0.023079 0.092889 0.059319 -0.502213 -0.080300 -0.126459 -0.060464 -0.381666
1757580040.994659 -0.022697 0.092889 0.059319 -0.500305 -0.080300 -0.126459 -0.060082 -0.379759
1757580040.996644 -0.021935 0.092889 0.059319 -0.498398 -0.079919 -0.126459 -0.059701 -0.377851
1757580040.998644 -0.021553 0.092889 0.059319 -0.496490 -0.079537 -0.126459 -0.059319 -0.375944
1757580041.000686 -0.021172 0.092889 0.059319 -0.494583 -0.079156 -0.126459 -0.058938 -0.374037
1757580041.002655 -0.020790 0.092889 0.059319 -0.492676 -0.079156 -0.126459 -0.058557 -0.372511
1757580041.004653 -0.020409 0.092889 0.059319 -0.490768 -0.078774 -0.126459 -0.058557 -0.370604
1757580041.006645 -0.020027 0.092889 0.059319 -0.488861 -0.078393 -0.126459 -0.058175 -0.368696
1757580041.008684 -0.019264 0.092889 0.058938 -0.486954 -0.078393 -0.126459 -0.057794 -0.366789
1757580041.010652 -0.018883 0.092889 0.058938 -0.485046 -0.078012 -0.126459 -0.057412 -0.364882
1757580041.012643 -0.018501 0.092889 0.058938 -0.483139 -0.077630 -0.126459 -0.057031 -0.363356
1757580041.014643 -0.018120 0.092889 0.058938 -0.480850 -0.077630 -0.126459 -0.056649 -0.361448
1757580041.016773 -0.017738 0.092889 0.058938 -0.478943 -0.077249 -0.126459 -0.056268 -0.359541
1757580041.018728 -0.017357 0.092889 0.058938 -0.477036 -0.076867 -0.126459 -0.055886 -0.357634
1757580041.020745 -0.016594 0.092889 0.058938 -0.475128 -0.076867 -0.126078 -0.055505 -0.355726
1757580041.022739 -0.016212 0.092889 0.058938 -0.473221 -0.076486 -0.126078 -0.055123 -0.353819
1757580041.024729 -0.015831 0.092889 0.058557 -0.471313 -0.076104 -0.126078 -0.055123 -0.351912
1757580041.026736 -0.015450 0.092889 0.058557 -0.469406 -0.076104 -0.126078 -0.054742 -0.350386
1757580041.028738 -0.015068 0.092889 0.058557 -0.467498 -0.075723 -0.126078 -0.054360 -0.348478
1757580041.030738 -0.014687 0.092889 0.058557 -0.465590 -0.075341 -0.126078 -0.053979 -0.346571
1757580041.032744 -0.014305 0.092889 0.058557 -0.463302 -0.075341 -0.126078 -0.053979 -0.344664
1757580041.034716 -0.013924 0.092889 0.058557 -0.461394 -0.074960 -0.126078 -0.053597 -0.342755
1757580041.036763 -0.013161 0.092889 0.058557 -0.459487 -0.074960 -0.126078 -0.053216 -0.340848
1757580041.038725 -0.012779 0.092889 0.058557 -0.457580 -0.074578 -0.126078 -0.052835 -0.339322
1757580041.040783 -0.012398 0.092889 0.058557 -0.455672 -0.074197 -0.126078 -0.052453 -0.337415
1757580041.042762 -0.012016 0.092889 0.058557 -0.453765 -0.074197 -0.126078 -0.052453 -0.335507
1757580041.044733 -0.011635 0.093270 0.058557 -0.451858 -0.073815 -0.126078 -0.052072 -0.333600
1757580041.046720 -0.011253 0.093270 0.058175 -0.449569 -0.073815 -0.126078 -0.051690 -0.331693
1757580041.048744 -0.010872 0.093270 0.058175 -0.447661 -0.073434 -0.126078 -0.051309 -0.329785
1757580041.050690 -0.010490 0.093270 0.058175 -0.445754 -0.073052 -0.125696 -0.050927 -0.327878
1757580041.052678 -0.009727 0.093270 0.058175 -0.443847 -0.073052 -0.125696 -0.050546 -0.325971
1757580041.054692 -0.009346 0.093270 0.058175 -0.441939 -0.072671 -0.125696 -0.050546 -0.324063
1757580041.056695 -0.008965 0.093270 0.058175 -0.440032 -0.072671 -0.125696 -0.050164 -0.322156
1757580041.058694 -0.008583 0.093270 0.058175 -0.437743 -0.072289 -0.125696 -0.049783 -0.320249
1757580041.060688 -0.008202 0.093270 0.058175 -0.435836 -0.072289 -0.125696 -0.049401 -0.318341
1757580041.062693 -0.007820 0.093270 0.058175 -0.433928 -0.071908 -0.125696 -0.049020 -0.316434
1757580041.064690 -0.007057 0.093270 0.057794 -0.432021 -0.071527 -0.125696 -0.048638 -0.314527
1757580041.066695 -0.006676 0.093270 0.057794 -0.430114 -0.071527 -0.125696 -0.048257 -0.312619
1757580041.068689 -0.006294 0.093652 0.057794 -0.428206 -0.071145 -0.125696 -0.047875 -0.310712
1757580041.070698 -0.005913 0.093652 0.057794 -0.426299 -0.071145 -0.125696 -0.047494 -0.308805
1757580041.072689 -0.005531 0.093652 0.057794 -0.424392 -0.070764 -0.125696 -0.047112 -0.306897
1757580041.074690 -0.005150 0.093652 0.057794 -0.422484 -0.070764 -0.125696 -0.046731 -0.304990
1757580041.076661 -0.004768 0.093652 0.057794 -0.420196 -0.070382 -0.125696 -0.046350 -0.303082
1757580041.078693 -0.004387 0.093652 0.057794 -0.418288 -0.070001 -0.125696 -0.045968 -0.301175
1757580041.080701 -0.004005 0.093652 0.057794 -0.416381 -0.070001 -0.125696 -0.045587 -0.299649
1757580041.082689 -0.003624 0.093652 0.057412 -0.414474 -0.069619 -0.125696 -0.045205 -0.297742
1757580041.084688 -0.003242 0.093652 0.057412 -0.412185 -0.069238 -0.125696 -0.044824 -0.295835
1757580041.086704 -0.002480 0.093652 0.057412 -0.410277 -0.069238 -0.125696 -0.044442 -0.293927
1757580041.088686 -0.002098 0.094034 0.057412 -0.408370 -0.068856 -0.125696 -0.044061 -0.292020
1757580041.090694 -0.001717 0.094034 0.057412 -0.406080 -0.068856 -0.125696 -0.043679 -0.290112
1757580041.092685 -0.001335 0.094034 0.057412 -0.404173 -0.068475 -0.125696 -0.043298 -0.288587
1757580041.094692 -0.000954 0.094034 0.057412 -0.402266 -0.068093 -0.125696 -0.042916 -0.286679
1757580041.096686 -0.000572 0.094034 0.057031 -0.399977 -0.068093 -0.125696 -0.042535 -0.284772
1757580041.098701 -0.000191 0.094034 0.057031 -0.398069 -0.067712 -0.125696 -0.042153 -0.282865
1757580041.100690 0.000572 0.094034 0.057031 -0.396162 -0.067712 -0.125696 -0.041772 -0.280956
1757580041.102701 0.000954 0.094034 0.057031 -0.393873 -0.067330 -0.125696 -0.041390 -0.279430
1757580041.104696 0.001335 0.094416 0.057031 -0.391966 -0.066949 -0.125696 -0.041009 -0.277523
1757580041.106691 0.001717 0.094416 0.057031 -0.389677 -0.066949 -0.126078 -0.040627 -0.275616
1757580041.108686 0.002098 0.094416 0.057031 -0.387388 -0.066567 -0.126078 -0.040246 -0.273708
1757580041.110788 0.002480 0.094416 0.056649 -0.385481 -0.066567 -0.126078 -0.039865 -0.271801
1757580041.112707 0.002861 0.094416 0.056649 -0.383192 -0.066186 -0.126078 -0.039483 -0.269894
1757580041.114755 0.003242 0.094416 0.056649 -0.381285 -0.065804 -0.126078 -0.039102 -0.268368
1757580041.116691 0.003624 0.094416 0.056649 -0.378996 -0.065804 -0.126078 -0.038720 -0.266460
1757580041.118690 0.004005 0.094416 0.056649 -0.377089 -0.065423 -0.126078 -0.038339 -0.264553
1757580041.120701 0.004768 0.094797 0.056649 -0.374800 -0.065423 -0.126078 -0.037576 -0.262646
1757580041.122693 0.005150 0.094797 0.056649 -0.372892 -0.065042 -0.126078 -0.037194 -0.260738
1757580041.124685 0.005531 0.094797 0.056268 -0.370604 -0.064660 -0.126078 -0.036813 -0.258831
1757580041.126702 0.005913 0.094797 0.056268 -0.368696 -0.064660 -0.126078 -0.036431 -0.256924
1757580041.128685 0.006294 0.094797 0.056268 -0.366789 -0.064279 -0.126078 -0.036050 -0.255016
1757580041.130693 0.006676 0.094797 0.056268 -0.364500 -0.064279 -0.126078 -0.035287 -0.253490
1757580041.132689 0.007057 0.094797 0.056268 -0.362593 -0.063897 -0.126078 -0.034905 -0.251583
1757580041.134691 0.007439 0.095179 0.055886 -0.360685 -0.063897 -0.126078 -0.034524 -0.249676
1757580041.136689 0.007820 0.095179 0.055886 -0.358397 -0.063516 -0.126078 -0.034142 -0.247768
1757580041.138689 0.008202 0.095179 0.055886 -0.356489 -0.063516 -0.126078 -0.033761 -0.245861
1757580041.140689 0.008583 0.095179 0.055886 -0.354582 -0.063134 -0.126078 -0.033380 -0.244335
1757580041.142692 0.008965 0.095179 0.055886 -0.352674 -0.063134 -0.126078 -0.032998 -0.242428
1757580041.144686 0.009346 0.095179 0.055505 -0.350386 -0.063134 -0.125696 -0.032235 -0.240520
1757580041.146703 0.009727 0.095179 0.055505 -0.348478 -0.062753 -0.125696 -0.031854 -0.238995
1757580041.148690 0.010109 0.095179 0.055505 -0.346571 -0.062753 -0.125696 -0.031472 -0.237087
1757580041.150687 0.010490 0.095179 0.055505 -0.344664 -0.062371 -0.125696 -0.031090 -0.235180
1757580041.152686 0.010872 0.095179 0.055123 -0.342374 -0.062371 -0.125696 -0.030327 -0.233654
1757580041.154693 0.011253 0.095179 0.055123 -0.340466 -0.062371 -0.125696 -0.029945 -0.231747
1757580041.156684 0.011635 0.095179 0.055123 -0.338559 -0.061990 -0.125696 -0.029564 -0.230221
1757580041.158686 0.011635 0.095179 0.055123 -0.336652 -0.061990 -0.125696 -0.029182 -0.228313
1757580041.160688 0.012016 0.095179 0.055123 -0.334744 -0.061990 -0.125696 -0.028419 -0.226406
1757580041.162693 0.012398 0.095179 0.054742 -0.332837 -0.061990 -0.125696 -0.028038 -0.224880
1757580041.164685 0.012779 0.095179 0.054742 -0.330548 -0.061608 -0.125315 -0.027657 -0.222973
1757580041.166687 0.013161 0.095179 0.054742 -0.328641 -0.061608 -0.125315 -0.026894 -0.221447
1757580041.168688 0.013542 0.095179 0.054742 -0.326734 -0.061608 -0.125315 -0.026512 -0.219921
1757580041.170713 0.013924 0.095179 0.054742 -0.324826 -0.061608 -0.125315 -0.026131 -0.218013
1757580041.172787 0.013924 0.095179 0.054360 -0.322919 -0.061608 -0.125315 -0.025368 -0.216487
1757580041.174691 0.014305 0.095179 0.054360 -0.320630 -0.061227 -0.125315 -0.024986 -0.214580
1757580041.176752 0.014687 0.095179 0.054360 -0.318723 -0.061227 -0.125315 -0.024605 -0.213054
1757580041.178738 0.015068 0.095179 0.054360 -0.316815 -0.061227 -0.124933 -0.023842 -0.211146
1757580041.180689 0.015068 0.095179 0.053979 -0.314527 -0.061227 -0.124933 -0.023460 -0.209620
1757580041.182693 0.015450 0.095179 0.053979 -0.312619 -0.061227 -0.124933 -0.023079 -0.208095
1757580041.184691 0.015450 0.095179 0.053979 -0.310330 -0.060845 -0.124933 -0.022697 -0.206187
1757580041.186708 0.015831 0.095179 0.053979 -0.308423 -0.060845 -0.124933 -0.021935 -0.204661
1757580041.188694 0.016212 0.095179 0.053597 -0.306516 -0.060845 -0.124552 -0.021553 -0.203135
1757580041.190754 0.016212 0.095179 0.053597 -0.304227 -0.060845 -0.124552 -0.021172 -0.201610
1757580041.192693 0.016594 0.095179 0.053597 -0.302320 -0.060845 -0.124552 -0.020790 -0.199702
1757580041.194703 0.016594 0.095179 0.053597 -0.300031 -0.060845 -0.124552 -0.020027 -0.198176
1757580041.196690 0.016975 0.095179 0.053216 -0.298123 -0.060845 -0.124552 -0.019646 -0.196269
1757580041.198759 0.017357 0.095179 0.053216 -0.295835 -0.060464 -0.124170 -0.019264 -0.194743
1757580041.200687 0.017357 0.095179 0.052835 -0.293927 -0.060464 -0.124170 -0.018883 -0.192836
1757580041.202740 0.017738 0.095179 0.052835 -0.291638 -0.060464 -0.124170 -0.018120 -0.191310
1757580041.204748 0.017738 0.095179 0.052835 -0.289731 -0.060464 -0.124170 -0.017738 -0.189784
1757580041.206701 0.018120 0.095179 0.052453 -0.287824 -0.060464 -0.124170 -0.017357 -0.188258
1757580041.208672 0.018501 0.095179 0.052453 -0.285535 -0.060464 -0.124170 -0.016594 -0.186351
1757580041.210673 0.018501 0.095179 0.052072 -0.283628 -0.060464 -0.123789 -0.016212 -0.184825
1757580041.212674 0.018883 0.095179 0.052072 -0.281720 -0.060464 -0.123789 -0.015831 -0.182918
1757580041.214669 0.019264 0.095179 0.051690 -0.279812 -0.060464 -0.123789 -0.015068 -0.181392
1757580041.216667 0.019264 0.095179 0.051690 -0.277523 -0.060082 -0.123789 -0.014687 -0.179866
1757580041.218655 0.019646 0.095179 0.051309 -0.275616 -0.060082 -0.123789 -0.013924 -0.177958
1757580041.220657 0.019646 0.095179 0.051309 -0.273327 -0.060082 -0.123789 -0.013542 -0.176433
1757580041.222659 0.020027 0.095179 0.050927 -0.271420 -0.060082 -0.123789 -0.012779 -0.174907
1757580041.224654 0.020027 0.095179 0.050927 -0.269512 -0.060082 -0.123407 -0.012398 -0.172999
1757580041.226656 0.020409 0.095179 0.050546 -0.267223 -0.060082 -0.123407 -0.012016 -0.171474
1757580041.228655 0.020409 0.095179 0.050546 -0.265316 -0.060082 -0.123407 -0.011253 -0.169948
1757580041.230655 0.020790 0.095179 0.050164 -0.263027 -0.060082 -0.123407 -0.010872 -0.168040
1757580041.232651 0.021172 0.095179 0.050164 -0.261120 -0.060082 -0.123407 -0.010109 -0.166514
1757580041.234674 0.021172 0.095179 0.049783 -0.259212 -0.059701 -0.123407 -0.009727 -0.164607
1757580041.236670 0.021553 0.095560 0.049783 -0.256924 -0.059701 -0.123407 -0.008965 -0.163081
1757580041.238650 0.021553 0.095560 0.049401 -0.255016 -0.059701 -0.123407 -0.008583 -0.161555
1757580041.240676 0.021935 0.095560 0.049401 -0.253109 -0.059701 -0.123407 -0.008202 -0.160029
1757580041.242665 0.021935 0.095560 0.049020 -0.251202 -0.059701 -0.123407 -0.007439 -0.158122
1757580041.244655 0.022316 0.095560 0.049020 -0.248913 -0.059701 -0.123026 -0.007057 -0.156596
1757580041.246655 0.022316 0.095560 0.048638 -0.247005 -0.059701 -0.123026 -0.006294 -0.154688
1757580041.248651 0.022316 0.095560 0.048638 -0.245098 -0.059701 -0.123026 -0.005913 -0.153162
1757580041.250662 0.022697 0.095560 0.048257 -0.242809 -0.059701 -0.123026 -0.005531 -0.151636
1757580041.252641 0.022697 0.095560 0.048257 -0.240902 -0.059319 -0.123026 -0.004768 -0.149729
1757580041.254637 0.023079 0.095560 0.047875 -0.238995 -0.059319 -0.123026 -0.004387 -0.148203
1757580041.256659 0.023079 0.095560 0.047875 -0.236706 -0.059319 -0.123026 -0.004005 -0.146677
1757580041.258649 0.023460 0.095560 0.047875 -0.234798 -0.059319 -0.123026 -0.003242 -0.144770
1757580041.260643 0.023460 0.095560 0.047494 -0.232891 -0.059319 -0.123026 -0.002861 -0.143244
1757580041.262642 0.023460 0.095560 0.047494 -0.230984 -0.059319 -0.123026 -0.002480 -0.141718
1757580041.264651 0.023842 0.095560 0.047494 -0.229076 -0.059319 -0.123026 -0.002098 -0.139811
1757580041.266688 0.023842 0.095560 0.047112 -0.226788 -0.058938 -0.123026 -0.001717 -0.138285
1757580041.268667 0.024223 0.095560 0.047112 -0.224880 -0.058938 -0.123026 -0.001335 -0.136377
1757580041.270663 0.024223 0.095560 0.047112 -0.222973 -0.058938 -0.123026 -0.000954 -0.134851
1757580041.272658 0.024605 0.095560 0.047112 -0.221066 -0.058938 -0.123026 -0.000191 -0.132944
1757580041.274641 0.024605 0.095560 0.046731 -0.219158 -0.058938 -0.123026 0.000191 -0.131418
1757580041.276650 0.024605 0.095560 0.046731 -0.217250 -0.058938 -0.123026 0.000572 -0.129511
1757580041.278641 0.024986 0.095560 0.046731 -0.215343 -0.058557 -0.123026 0.000954 -0.127985
1757580041.280657 0.024986 0.095560 0.046731 -0.213054 -0.058557 -0.123026 0.001717 -0.126078
1757580041.282650 0.025368 0.095560 0.046350 -0.211146 -0.058557 -0.123026 0.002098 -0.124552
1757580041.284652 0.025368 0.095560 0.046350 -0.209239 -0.058557 -0.123026 0.002480 -0.122644
1757580041.286639 0.025749 0.095560 0.045968 -0.207332 -0.058557 -0.123026 0.002861 -0.120737
1757580041.288669 0.025749 0.095560 0.045968 -0.205424 -0.058557 -0.123026 0.003242 -0.119211
1757580041.290649 0.025749 0.095560 0.045968 -0.203517 -0.058175 -0.123026 0.004005 -0.117304
1757580041.292641 0.026131 0.095560 0.045587 -0.201610 -0.058175 -0.123026 0.004387 -0.115778
1757580041.294639 0.026131 0.095942 0.045587 -0.199702 -0.058175 -0.123026 0.004768 -0.113871
1757580041.296653 0.026512 0.095942 0.045205 -0.197413 -0.058175 -0.123026 0.005150 -0.111963
1757580041.298692 0.026512 0.095942 0.044824 -0.195506 -0.058175 -0.123026 0.005913 -0.110437
1757580041.300663 0.026512 0.095942 0.044824 -0.193599 -0.058175 -0.123026 0.006294 -0.108530
1757580041.302677 0.026894 0.095942 0.044442 -0.191691 -0.058175 -0.123026 0.006676 -0.107004
1757580041.304723 0.026894 0.095942 0.044442 -0.189784 -0.057794 -0.123026 0.007439 -0.105097
1757580041.306659 0.027275 0.095942 0.044061 -0.187877 -0.057794 -0.123026 0.007820 -0.103189
1757580041.308704 0.027275 0.095942 0.043679 -0.185969 -0.057794 -0.123026 0.008202 -0.101664
1757580041.310675 0.027275 0.095942 0.043679 -0.183681 -0.057794 -0.123026 0.008583 -0.099756
1757580041.312670 0.027657 0.095942 0.043298 -0.181773 -0.057794 -0.123026 0.009346 -0.098230
1757580041.314647 0.027657 0.095942 0.042916 -0.179866 -0.057794 -0.123026 0.009727 -0.096323
1757580041.316663 0.028038 0.095942 0.042916 -0.177958 -0.057794 -0.123026 0.010109 -0.094797
1757580041.318648 0.028038 0.095942 0.042535 -0.176051 -0.057412 -0.123026 0.010490 -0.092889
1757580041.320650 0.028038 0.095942 0.042535 -0.174144 -0.057412 -0.123407 0.011253 -0.090981
1757580041.322639 0.028419 0.095942 0.042153 -0.172618 -0.057412 -0.123026 0.011635 -0.089456
1757580041.324652 0.028419 0.095942 0.041772 -0.170711 -0.057412 -0.123026 0.012016 -0.087548
1757580041.326648 0.028801 0.095942 0.041772 -0.168803 -0.057412 -0.123026 0.012779 -0.086022
1757580041.328749 0.028801 0.095942 0.041390 -0.166896 -0.057031 -0.123026 0.013161 -0.084115
1757580041.330650 0.028801 0.095942 0.041390 -0.164989 -0.057031 -0.123026 0.013542 -0.082589
1757580041.332676 0.029182 0.096323 0.041009 -0.163081 -0.057031 -0.123026 0.014305 -0.080682
1757580041.334653 0.029182 0.096323 0.041009 -0.161555 -0.057031 -0.123026 0.014687 -0.079156
1757580041.336642 0.029182 0.096323 0.040627 -0.159648 -0.056649 -0.123026 0.015450 -0.077249
1757580041.338637 0.029564 0.096323 0.040627 -0.157741 -0.056649 -0.123026 0.015831 -0.075723
1757580041.340657 0.029564 0.096323 0.040246 -0.155832 -0.056649 -0.123026 0.016594 -0.073815
1757580041.342638 0.029564 0.096323 0.039865 -0.154306 -0.056649 -0.123026 0.016975 -0.072289
1757580041.344649 0.029945 0.096323 0.039865 -0.152399 -0.056268 -0.123026 0.017738 -0.070382
1757580041.346639 0.029945 0.096323 0.039483 -0.150492 -0.056268 -0.123026 0.018120 -0.068856
1757580041.348659 0.029945 0.096323 0.039102 -0.148584 -0.056268 -0.123026 0.018501 -0.067330
1757580041.350639 0.030327 0.096323 0.038720 -0.147058 -0.055886 -0.123026 0.019264 -0.065423
1757580041.352649 0.030327 0.096323 0.038720 -0.145151 -0.055886 -0.123026 0.019646 -0.063516
1757580041.354655 0.030708 0.096323 0.038339 -0.143244 -0.055886 -0.123026 0.020409 -0.061990
1757580041.356661 0.030708 0.096323 0.037957 -0.141718 -0.055886 -0.123026 0.020790 -0.060464
1757580041.358632 0.030708 0.096323 0.037576 -0.139811 -0.055505 -0.123026 0.021172 -0.058557
1757580041.360674 0.031090 0.096323 0.037576 -0.137903 -0.055505 -0.123026 0.021935 -0.057031
1757580041.362636 0.031090 0.096323 0.037194 -0.136377 -0.055505 -0.123026 0.022316 -0.055505
1757580041.364662 0.031472 0.096323 0.036813 -0.134470 -0.055505 -0.123026 0.023079 -0.053597
1757580041.366646 0.031472 0.096323 0.036431 -0.132563 -0.055505 -0.123026 0.023460 -0.052072
1757580041.368659 0.031472 0.096323 0.036431 -0.131037 -0.055123 -0.123026 0.023842 -0.050164
1757580041.370649 0.031854 0.096323 0.036050 -0.129129 -0.055123 -0.123026 0.024223 -0.048638
1757580041.372667 0.031854 0.096323 0.035668 -0.127604 -0.055123 -0.123026 0.024986 -0.047112
1757580041.374647 0.031854 0.096323 0.035668 -0.125696 -0.055123 -0.123026 0.025368 -0.045205
1757580041.376651 0.032235 0.096323 0.035287 -0.123789 -0.055123 -0.123026 0.025749 -0.043679
1757580041.378637 0.032235 0.096323 0.034905 -0.121881 -0.054742 -0.123026 0.026512 -0.042153
1757580041.380663 0.032235 0.096323 0.034905 -0.120356 -0.054742 -0.123026 0.026894 -0.040627
1757580041.382642 0.032617 0.096323 0.034524 -0.118448 -0.054742 -0.123026 0.027657 -0.039102
1757580041.384644 0.032617 0.096323 0.034142 -0.116922 -0.054742 -0.123026 0.028038 -0.037576
1757580041.386638 0.032617 0.096323 0.034142 -0.115015 -0.054360 -0.123026 0.028801 -0.035668
1757580041.388661 0.032998 0.096323 0.033761 -0.113108 -0.054360 -0.123026 0.029182 -0.034142
1757580041.390689 0.032998 0.096323 0.033380 -0.111582 -0.054360 -0.123026 0.029564 -0.032617
1757580041.392695 0.032998 0.096323 0.033380 -0.109674 -0.054360 -0.123026 0.030327 -0.031090
1757580041.394648 0.033380 0.096323 0.032998 -0.108149 -0.054360 -0.123026 0.030708 -0.029564
1757580041.396668 0.033380 0.096323 0.032617 -0.106241 -0.054360 -0.123026 0.031472 -0.028038
1757580041.398649 0.033380 0.096323 0.032617 -0.104334 -0.053979 -0.123026 0.032235 -0.026512
1757580041.400668 0.033380 0.096323 0.032235 -0.102808 -0.053979 -0.123026 0.032617 -0.024986
1757580041.402654 0.033761 0.096323 0.032235 -0.100901 -0.053979 -0.122644 0.033380 -0.023079
1757580041.404641 0.033761 0.096323 0.031854 -0.099375 -0.053979 -0.122644 0.034142 -0.021553
1757580041.406635 0.033761 0.096323 0.031854 -0.097467 -0.053979 -0.122644 0.034524 -0.020027
1757580041.408723 0.034142 0.096323 0.031854 -0.095942 -0.053597 -0.122644 0.035287 -0.018501
1757580041.410686 0.034142 0.096323 0.031472 -0.094034 -0.053597 -0.122644 0.035668 -0.016975
1757580041.412691 0.034142 0.096323 0.031472 -0.092507 -0.053597 -0.122644 0.036431 -0.015450
1757580041.414645 0.034142 0.096323 0.031472 -0.090981 -0.053597 -0.122644 0.037194 -0.013924
1757580041.416642 0.034142 0.096323 0.031090 -0.089456 -0.053216 -0.122644 0.037576 -0.012398
1757580041.418648 0.034524 0.096323 0.031090 -0.087548 -0.053216 -0.122644 0.038339 -0.010872
1757580041.420657 0.034524 0.096323 0.030708 -0.086022 -0.053216 -0.122263 0.039102 -0.009346
1757580041.422637 0.034524 0.096323 0.030708 -0.084496 -0.053216 -0.122263 0.039483 -0.007820
1757580041.424765 0.034524 0.096323 0.030708 -0.082971 -0.052835 -0.122263 0.040246 -0.006294
1757580041.426657 0.034905 0.096323 0.030327 -0.081445 -0.052835 -0.122263 0.040627 -0.004768
1757580041.428650 0.034905 0.096323 0.030327 -0.080300 -0.052835 -0.122263 0.041390 -0.003242
1757580041.430650 0.034905 0.096323 0.029945 -0.078774 -0.052835 -0.122263 0.041772 -0.001335
1757580041.432670 0.034905 0.096323 0.029945 -0.077249 -0.052835 -0.122263 0.042535 0.000191
1757580041.434660 0.034905 0.096323 0.029564 -0.075723 -0.052453 -0.122263 0.042916 0.001335
1757580041.436661 0.034905 0.096323 0.029564 -0.074197 -0.052453 -0.122263 0.043679 0.003242
1757580041.438638 0.035287 0.096323 0.029182 -0.073052 -0.052453 -0.122263 0.044442 0.004387
1757580041.440640 0.035287 0.096323 0.029182 -0.071527 -0.052453 -0.122263 0.044824 0.005913
1757580041.442654 0.035287 0.096323 0.028801 -0.070001 -0.052453 -0.122263 0.045587 0.007820
1757580041.444640 0.035287 0.096323 0.028801 -0.068856 -0.052072 -0.122263 0.046350 0.008965
1757580041.446636 0.035287 0.096323 0.028419 -0.067330 -0.052072 -0.122263 0.046731 0.010490
1757580041.448635 0.035287 0.096323 0.028038 -0.065804 -0.052072 -0.122263 0.047494 0.012016
1757580041.450652 0.035287 0.096323 0.028038 -0.064660 -0.052072 -0.122263 0.048257 0.013542
1757580041.452726 0.035287 0.096323 0.027657 -0.063134 -0.052072 -0.122263 0.049020 0.015068
1757580041.454695 0.035668 0.096323 0.027275 -0.061990 -0.051690 -0.122263 0.049401 0.016212
1757580041.456658 0.035668 0.096323 0.027275 -0.060845 -0.051690 -0.122263 0.050164 0.017738
1757580041.458668 0.035668 0.096323 0.026894 -0.059319 -0.051690 -0.122263 0.050927 0.019264
1757580041.460649 0.035668 0.096323 0.026512 -0.058175 -0.051690 -0.122263 0.051309 0.020409
1757580041.462646 0.035668 0.096323 0.026131 -0.057031 -0.051690 -0.122263 0.052072 0.021935
1757580041.464643 0.035668 0.096323 0.026131 -0.055886 -0.051690 -0.122263 0.052835 0.023460
1757580041.466646 0.035668 0.096323 0.025749 -0.054742 -0.051690 -0.122263 0.053597 0.024605
1757580041.468648 0.035668 0.096323 0.025368 -0.053597 -0.051690 -0.122263 0.053979 0.026131
1757580041.470640 0.035668 0.096323 0.025368 -0.052072 -0.051690 -0.122263 0.054742 0.027657
1757580041.472639 0.035668 0.096323 0.024986 -0.050927 -0.051309 -0.122263 0.055505 0.028801
1757580041.474648 0.035668 0.096323 0.024605 -0.049783 -0.051309 -0.122263 0.056268 0.030327
1757580041.476648 0.035668 0.095942 0.024605 -0.048638 -0.051309 -0.122263 0.056649 0.031472
1757580041.478647 0.035668 0.095942 0.024223 -0.047494 -0.051309 -0.122263 0.057412 0.032617
1757580041.480679 0.035668 0.095942 0.023842 -0.046350 -0.051309 -0.122263 0.058175 0.034142
1757580041.482719 0.035668 0.095942 0.023842 -0.045205 -0.051309 -0.122263 0.058938 0.035287
1757580041.484670 0.035668 0.095942 0.023460 -0.044061 -0.051309 -0.122263 0.059701 0.036813
1757580041.486661 0.035668 0.095942 0.023079 -0.042916 -0.051309 -0.122263 0.060082 0.037957
1757580041.488655 0.035668 0.095942 0.022697 -0.041772 -0.051309 -0.122263 0.060845 0.039102
1757580041.490733 0.035287 0.095942 0.022697 -0.040627 -0.051309 -0.121881 0.061608 0.040627
1757580041.492686 0.035287 0.095942 0.022316 -0.039483 -0.051309 -0.121881 0.062371 0.041772
1757580041.494695 0.035287 0.095942 0.021935 -0.038720 -0.051309 -0.121881 0.063134 0.042916
1757580041.496685 0.035287 0.095942 0.021935 -0.037576 -0.051309 -0.121881 0.063516 0.044442
1757580041.498682 0.035287 0.095942 0.021553 -0.036431 -0.051309 -0.121881 0.064279 0.045587
1757580041.500680 0.035287 0.095560 0.021172 -0.035668 -0.051309 -0.121881 0.065042 0.046731
1757580041.502685 0.035287 0.095560 0.021172 -0.034524 -0.051309 -0.121881 0.065804 0.047875
1757580041.504681 0.035287 0.095560 0.020790 -0.033761 -0.051309 -0.121881 0.066567 0.049020
1757580041.506684 0.035287 0.095560 0.020409 -0.032617 -0.051309 -0.121881 0.066949 0.050164
1757580041.508680 0.035287 0.095560 0.020409 -0.031854 -0.051309 -0.121500 0.067712 0.051690
1757580041.510681 0.035287 0.095560 0.020027 -0.030708 -0.051309 -0.121500 0.068475 0.052835
1757580041.512676 0.035287 0.095179 0.019646 -0.029945 -0.051309 -0.121500 0.069238 0.053597
1757580041.514766 0.035287 0.095179 0.019646 -0.029182 -0.051309 -0.121500 0.069619 0.054742
1757580041.516657 0.035287 0.095179 0.019264 -0.028419 -0.051309 -0.121500 0.070382 0.055886
1757580041.518676 0.035287 0.095179 0.019264 -0.027657 -0.051309 -0.121500 0.070764 0.057031
1757580041.520651 0.035287 0.094797 0.019264 -0.026894 -0.051309 -0.121500 0.071527 0.058175
1757580041.522655 0.035287 0.094797 0.018883 -0.026131 -0.051309 -0.121119 0.071908 0.058938
1757580041.524646 0.035287 0.094797 0.018883 -0.025368 -0.051309 -0.121119 0.072289 0.060082
1757580041.526666 0.034905 0.094797 0.018883 -0.024605 -0.051309 -0.121119 0.073052 0.060845
1757580041.528646 0.034905 0.094416 0.018501 -0.023842 -0.051309 -0.121119 0.073434 0.061990
1757580041.530645 0.034905 0.094416 0.018501 -0.023079 -0.051309 -0.121119 0.073815 0.062753
1757580041.532639 0.034905 0.094416 0.018501 -0.022697 -0.051309 -0.120737 0.074578 0.063897
1757580041.534659 0.034905 0.094416 0.018120 -0.021935 -0.051309 -0.120737 0.074960 0.064660
1757580041.536645 0.034524 0.094416 0.018120 -0.021172 -0.051309 -0.120737 0.075341 0.065423
1757580041.538646 0.034524 0.094034 0.018120 -0.020790 -0.051309 -0.120737 0.075723 0.066567
1757580041.540631 0.034524 0.094034 0.018120 -0.020027 -0.051309 -0.120737 0.076104 0.067330
1757580041.542678 0.034524 0.094034 0.018120 -0.019646 -0.051309 -0.120737 0.076867 0.068093
1757580041.544667 0.034524 0.094034 0.017738 -0.018883 -0.051309 -0.120356 0.077249 0.069238
1757580041.546645 0.034142 0.093652 0.017738 -0.018501 -0.051309 -0.120356 0.077630 0.070001
1757580041.548647 0.034142 0.093652 0.017738 -0.017738 -0.051690 -0.120356 0.078393 0.070764
1757580041.550701 0.034142 0.093652 0.017738 -0.017357 -0.051690 -0.120356 0.078774 0.071527
1757580041.552658 0.034142 0.093652 0.017738 -0.016975 -0.051690 -0.120356 0.079156 0.072671
1757580041.554765 0.034142 0.093652 0.017357 -0.016594 -0.051690 -0.120356 0.079919 0.073434
1757580041.556654 0.034142 0.093270 0.017357 -0.015831 -0.051690 -0.120356 0.080300 0.074197
1757580041.558650 0.033761 0.093270 0.017357 -0.015450 -0.051690 -0.120356 0.080682 0.074960
1757580041.560645 0.033761 0.093270 0.017357 -0.015068 -0.051690 -0.120356 0.081445 0.075723
1757580041.562723 0.033761 0.093270 0.017357 -0.014687 -0.051690 -0.120356 0.081826 0.076486
1757580041.564650 0.033761 0.093270 0.016975 -0.014305 -0.051690 -0.120356 0.082208 0.077249
1757580041.566635 0.033761 0.093270 0.016975 -0.013924 -0.051690 -0.119974 0.082971 0.078012
1757580041.568632 0.033761 0.093270 0.016975 -0.013542 -0.051690 -0.119974 0.083352 0.078774
1757580041.570743 0.033380 0.092889 0.016975 -0.013161 -0.051690 -0.119974 0.083734 0.079537
1757580041.572641 0.033380 0.092889 0.016975 -0.012779 -0.051309 -0.119974 0.084496 0.080300
1757580041.574661 0.033380 0.092889 0.016594 -0.012398 -0.051309 -0.119974 0.084878 0.080682
1757580041.576710 0.033380 0.092889 0.016594 -0.012016 -0.051309 -0.119974 0.085259 0.081445
1757580041.578636 0.033380 0.092889 0.016594 -0.012016 -0.051309 -0.119593 0.085641 0.082208
1757580041.580665 0.033380 0.092889 0.016594 -0.011635 -0.051309 -0.119593 0.086404 0.082971
1757580041.582666 0.033380 0.092889 0.016594 -0.011253 -0.051309 -0.119593 0.086785 0.083734
1757580041.584640 0.033380 0.092889 0.016594 -0.010872 -0.051309 -0.119593 0.087167 0.084496
1757580041.586647 0.032998 0.092889 0.016212 -0.010490 -0.051309 -0.119593 0.087548 0.084878
1757580041.588652 0.032998 0.092889 0.016212 -0.010109 -0.051309 -0.119211 0.087930 0.085641
1757580041.590645 0.032998 0.092889 0.016212 -0.010109 -0.051309 -0.119211 0.088311 0.086022
1757580041.592635 0.032998 0.092889 0.016212 -0.009727 -0.051309 -0.119211 0.088693 0.086785
1757580041.594647 0.032998 0.092507 0.016212 -0.009346 -0.051309 -0.119211 0.089074 0.087167
1757580041.596651 0.032998 0.092507 0.016212 -0.009346 -0.051309 -0.118830 0.089456 0.087548
1757580041.598638 0.032998 0.092507 0.016212 -0.008965 -0.051309 -0.118830 0.089837 0.088311
1757580041.600635 0.032998 0.092507 0.015831 -0.008583 -0.051309 -0.118830 0.090219 0.088693
1757580041.602634 0.032617 0.092507 0.015831 -0.008583 -0.051309 -0.118830 0.090600 0.089074
1757580041.604653 0.032617 0.092507 0.015831 -0.008202 -0.051309 -0.118830 0.090981 0.089456
1757580041.606658 0.032617 0.092507 0.015831 -0.008202 -0.051309 -0.118830 0.091363 0.089837
1757580041.608670 0.032617 0.092507 0.015831 -0.007820 -0.051309 -0.118830 0.091744 0.090219
1757580041.610641 0.032617 0.092507 0.015831 -0.007820 -0.051309 -0.118448 0.091744 0.090981
1757580041.612653 0.032617 0.092507 0.015831 -0.007439 -0.051309 -0.118448 0.092126 0.091363
1757580041.614703 0.032617 0.092507 0.015831 -0.007439 -0.051309 -0.118448 0.092507 0.091744
1757580041.616672 0.032617 0.092507 0.015831 -0.007439 -0.051690 -0.118448 0.092507 0.092126
1757580041.618658 0.032617 0.092507 0.015450 -0.007057 -0.051690 -0.118448 0.092889 0.092507
1757580041.620692 0.032617 0.092507 0.015450 -0.007057 -0.051690 -0.118448 0.092889 0.092889
1757580041.622659 0.032617 0.092507 0.015450 -0.007057 -0.051690 -0.118448 0.093270 0.093270
1757580041.624659 0.032617 0.092889 0.015450 -0.007057 -0.051690 -0.118448 0.093270 0.093652
1757580041.626658 0.032617 0.092889 0.015450 -0.006676 -0.051690 -0.118448 0.093270 0.094034
1757580041.628643 0.032617 0.092889 0.015450 -0.006676 -0.051690 -0.118448 0.093652 0.094416
1757580041.630633 0.032617 0.092889 0.015450 -0.006676 -0.051690 -0.118448 0.093652 0.094797
1757580041.632648 0.032617 0.092889 0.015450 -0.006676 -0.051690 -0.118448 0.093652 0.094797
1757580041.634656 0.032617 0.092889 0.015450 -0.006676 -0.051690 -0.118448 0.093652 0.095179
1757580041.636642 0.032617 0.092889 0.015450 -0.006676 -0.051690 -0.118448 0.093652 0.095560
1757580041.638680 0.032617 0.092889 0.015450 -0.006294 -0.051690 -0.118448 0.094034 0.095560
1757580041.640668 0.032617 0.092889 0.015450 -0.006294 -0.051690 -0.118448 0.094034 0.095942
1757580041.642668 0.032617 0.092889 0.015068 -0.006294 -0.051690 -0.118448 0.094034 0.095942
1757580041.644655 0.032617 0.092889 0.015068 -0.006294 -0.051690 -0.118448 0.094034 0.095942
1757580041.646646 0.032235 0.092889 0.015068 -0.006294 -0.051690 -0.118448 0.094034 0.096323
1757580041.648659 0.032235 0.092889 0.015068 -0.006294 -0.051690 -0.118448 0.094416 0.096323
1757580041.650642 0.032235 0.092889 0.015068 -0.006294 -0.051690 -0.118448 0.094416 0.096323
1757580041.652655 0.032235 0.092889 0.015068 -0.006294 -0.051690 -0.118448 0.094416 0.096323
1757580041.654635 0.032235 0.092889 0.015068 -0.006294 -0.051690 -0.118448 0.094416 0.096323
1757580041.656654 0.032235 0.092889 0.015068 -0.006294 -0.051690 -0.118448 0.094416 0.096704
1757580041.658633 0.031854 0.092889 0.015068 -0.005913 -0.051690 -0.118448 0.094797 0.096704
1757580041.660645 0.031854 0.092889 0.015068 -0.005913 -0.051690 -0.118448 0.094797 0.096704
1757580041.662632 0.031854 0.092889 0.015068 -0.005913 -0.051690 -0.118448 0.094797 0.096704
1757580041.664654 0.031854 0.092889 0.015068 -0.005913 -0.051690 -0.118448 0.094797 0.096704
1757580041.666646 0.031854 0.092889 0.015068 -0.005913 -0.051690 -0.118448 0.094797 0.097086
1757580041.668648 0.031472 0.092889 0.015068 -0.005913 -0.051690 -0.118448 0.094797 0.097086
1757580041.670726 0.031472 0.092889 0.015068 -0.005913 -0.052072 -0.118448 0.095179 0.097086
1757580041.672670 0.031472 0.092889 0.015068 -0.005913 -0.052072 -0.118448 0.095179 0.097086
1757580041.674634 0.031472 0.092889 0.015068 -0.005913 -0.052072 -0.118067 0.095179 0.097086
1757580041.676657 0.031472 0.092889 0.015068 -0.005913 -0.052072 -0.118067 0.095179 0.097086
1757580041.678650 0.031090 0.092889 0.015068 -0.005913 -0.052072 -0.118067 0.095179 0.097086
1757580041.680663 0.031090 0.092889 0.015068 -0.005913 -0.052072 -0.118067 0.095179 0.097467
1757580041.682649 0.031090 0.092889 0.015068 -0.005913 -0.052453 -0.118067 0.095179 0.097467
1757580041.684668 0.031090 0.092889 0.015068 -0.005913 -0.052453 -0.118067 0.095560 0.097467
1757580041.686646 0.031090 0.092889 0.015450 -0.006294 -0.052453 -0.118067 0.095560 0.097467
1757580041.688693 0.030708 0.092889 0.015450 -0.006294 -0.052453 -0.118067 0.095560 0.097467
1757580041.690644 0.030708 0.092889 0.015450 -0.006294 -0.052835 -0.118067 0.095560 0.097467
1757580041.692672 0.030708 0.092889 0.015450 -0.006294 -0.052835 -0.117685 0.095560 0.097467
1757580041.694641 0.030708 0.092889 0.015450 -0.006294 -0.052835 -0.117685 0.095560 0.097467
1757580041.696657 0.030327 0.092889 0.015450 -0.006294 -0.052835 -0.117685 0.095560 0.097467
1757580041.698632 0.030327 0.092507 0.015450 -0.006294 -0.052835 -0.117685 0.095560 0.097467
1757580041.700758 0.030327 0.092507 0.015450 -0.006294 -0.053216 -0.117685 0.095942 0.097086
1757580041.702688 0.030327 0.092507 0.015450 -0.006294 -0.053216 -0.117685 0.095942 0.097086
1757580041.704737 0.030327 0.092507 0.015450 -0.006294 -0.053216 -0.117685 0.095942 0.097086
1757580041.706707 0.029945 0.092507 0.015450 -0.006294 -0.053597 -0.117685 0.095942 0.097086
1757580041.708750 0.029945 0.092507 0.015450 -0.006294 -0.053597 -0.117685 0.095942 0.097086
1757580041.710671 0.029945 0.092507 0.015450 -0.006294 -0.053597 -0.117304 0.095942 0.097086
1757580041.712682 0.029945 0.092507 0.015450 -0.006294 -0.053979 -0.117304 0.095942 0.097086
1757580041.714669 0.029564 0.092126 0.015450 -0.006294 -0.053979 -0.117304 0.095942 0.097086
1757580041.716788 0.029564 0.092126 0.015450 -0.006294 -0.054360 -0.117304 0.096323 0.096704
1757580041.718648 0.029564 0.092126 0.015450 -0.006676 -0.054360 -0.117304 0.096323 0.096704
1757580041.720649 0.029182 0.092126 0.015450 -0.006676 -0.054742 -0.117304 0.096323 0.096704
1757580041.722647 0.029182 0.092126 0.015450 -0.006676 -0.055123 -0.117304 0.096323 0.096704
1757580041.724693 0.029182 0.091744 0.015450 -0.006676 -0.055505 -0.117304 0.096323 0.096704
1757580041.726644 0.028801 0.091744 0.015450 -0.006676 -0.055886 -0.117304 0.096323 0.096704
1757580041.728646 0.028419 0.091744 0.015450 -0.006676 -0.055886 -0.116922 0.096323 0.096704
1757580041.730650 0.028419 0.091744 0.015450 -0.006676 -0.056268 -0.116922 0.096704 0.096704
1757580041.732804 0.028038 0.091363 0.015450 -0.006676 -0.056649 -0.116922 0.096704 0.096323
1757580041.734649 0.028038 0.091363 0.015450 -0.006676 -0.057031 -0.116922 0.096704 0.096323
1757580041.736645 0.027657 0.091363 0.015450 -0.007057 -0.057412 -0.116922 0.096704 0.096323
1757580041.738640 0.027657 0.090981 0.015450 -0.007057 -0.057794 -0.116922 0.096704 0.096323
1757580041.740643 0.027275 0.090981 0.015450 -0.007057 -0.058175 -0.116922 0.096704 0.096323
1757580041.742656 0.027275 0.090981 0.015450 -0.007057 -0.058175 -0.116541 0.096704 0.096323
1757580041.744644 0.026894 0.090981 0.015450 -0.007057 -0.058557 -0.116541 0.096704 0.095942
1757580041.746644 0.026512 0.090600 0.015450 -0.007057 -0.058938 -0.116541 0.097086 0.095942
1757580041.748636 0.026512 0.090600 0.015450 -0.007057 -0.059319 -0.116541 0.097086 0.095942
1757580041.750651 0.026131 0.090600 0.015450 -0.007057 -0.059701 -0.116541 0.097086 0.095942
1757580041.752644 0.026131 0.090219 0.015450 -0.007057 -0.060082 -0.116541 0.097086 0.095942
1757580041.754631 0.025749 0.090219 0.015450 -0.007057 -0.060464 -0.116159 0.097086 0.095942
1757580041.756681 0.025749 0.090219 0.015450 -0.007057 -0.060845 -0.116159 0.097086 0.095560
1757580041.758663 0.025368 0.089837 0.015450 -0.007057 -0.061227 -0.116159 0.097086 0.095560
1757580041.760661 0.025368 0.089837 0.015450 -0.007057 -0.061608 -0.116159 0.097086 0.095560
1757580041.762651 0.024986 0.089837 0.015450 -0.007057 -0.061990 -0.116159 0.097086 0.095560
1757580041.764704 0.024986 0.089456 0.015450 -0.007057 -0.062371 -0.115778 0.097086 0.095560
1757580041.766654 0.024605 0.089456 0.015450 -0.007057 -0.062371 -0.115778 0.097086 0.095179
1757580041.768645 0.024605 0.089456 0.015450 -0.007057 -0.062753 -0.115778 0.097086 0.095179
1757580041.770640 0.024223 0.089456 0.015450 -0.007057 -0.063134 -0.115778 0.097086 0.095179
1757580041.772629 0.024223 0.089074 0.015450 -0.007057 -0.063516 -0.115396 0.097086 0.095179
1757580041.774642 0.023842 0.089074 0.015450 -0.007057 -0.063897 -0.115396 0.097086 0.095179
1757580041.776643 0.023842 0.089074 0.015450 -0.007057 -0.064279 -0.115396 0.097086 0.095179
1757580041.778639 0.023460 0.089074 0.015450 -0.007057 -0.064660 -0.115015 0.097086 0.094797
1757580041.780635 0.023460 0.089074 0.015450 -0.007439 -0.065042 -0.115015 0.097086 0.094797
1757580041.782645 0.023079 0.088693 0.015450 -0.007439 -0.065042 -0.115015 0.097086 0.094797
1757580041.784642 0.023079 0.088693 0.015450 -0.007439 -0.065423 -0.114634 0.097086 0.094797
1757580041.786723 0.023079 0.088693 0.015450 -0.007439 -0.065804 -0.114634 0.097086 0.094797
1757580041.788707 0.022697 0.088693 0.015450 -0.007439 -0.065804 -0.114252 0.097086 0.094797
1757580041.790697 0.022697 0.088311 0.015450 -0.007439 -0.066186 -0.114252 0.097086 0.094797
1757580041.792688 0.022316 0.088311 0.015450 -0.007439 -0.066186 -0.113871 0.097086 0.094797
1757580041.794683 0.022316 0.088311 0.015450 -0.007439 -0.066567 -0.113871 0.097086 0.094797
1757580041.796682 0.022316 0.088311 0.015450 -0.007439 -0.066567 -0.113871 0.097086 0.094797
1757580041.798694 0.021935 0.088311 0.015450 -0.007439 -0.066949 -0.113489 0.097086 0.094416
1757580041.800689 0.021935 0.087930 0.015450 -0.007439 -0.066949 -0.113489 0.097086 0.094416
1757580041.802692 0.021553 0.087930 0.015450 -0.007439 -0.066949 -0.113108 0.097086 0.094416
1757580041.804704 0.021553 0.087930 0.015450 -0.007439 -0.067330 -0.113108 0.097086 0.094416
1757580041.806639 0.021553 0.087930 0.015450 -0.007820 -0.067330 -0.113108 0.097086 0.094416
1757580041.808637 0.021172 0.087548 0.015831 -0.007820 -0.067712 -0.112726 0.097086 0.094416
1757580041.810642 0.021172 0.087548 0.015831 -0.007820 -0.067712 -0.112726 0.097086 0.094416
1757580041.812640 0.021172 0.087548 0.015831 -0.007820 -0.067712 -0.112345 0.097086 0.094416
1757580041.814639 0.021172 0.087548 0.015831 -0.007820 -0.067712 -0.112345 0.097086 0.094416
1757580041.816638 0.020790 0.087167 0.015831 -0.007820 -0.068093 -0.112345 0.097086 0.094416
1757580041.818647 0.020790 0.087167 0.015831 -0.007820 -0.068093 -0.111963 0.097086 0.094416
1757580041.820642 0.020790 0.087167 0.015831 -0.007820 -0.068093 -0.111963 0.097086 0.094034
1757580041.822639 0.020790 0.087167 0.015831 -0.007820 -0.068475 -0.111582 0.097086 0.094034
1757580041.824686 0.020790 0.086785 0.015831 -0.007820 -0.068475 -0.111582 0.097086 0.094034
1757580041.826688 0.020409 0.086785 0.015831 -0.007820 -0.068475 -0.111200 0.097086 0.094034
1757580041.828650 0.020409 0.086785 0.015831 -0.007820 -0.068475 -0.111200 0.097086 0.094034
1757580041.830648 0.020409 0.086404 0.015831 -0.007820 -0.068475 -0.111200 0.097086 0.094034
1757580041.832651 0.020409 0.086404 0.015831 -0.007820 -0.068856 -0.110819 0.097086 0.094034
1757580041.834657 0.020409 0.086404 0.015831 -0.007439 -0.068856 -0.110819 0.097086 0.094034
1757580041.836628 0.020409 0.086022 0.015831 -0.007439 -0.068856 -0.110437 0.097086 0.094034
1757580041.838642 0.020409 0.086022 0.015831 -0.007439 -0.068856 -0.110437 0.097086 0.093652
1757580041.840625 0.020027 0.086022 0.015831 -0.007439 -0.068856 -0.110056 0.097086 0.094034
1757580041.842664 0.020027 0.085641 0.015831 -0.007439 -0.068856 -0.110056 0.097086 0.094034
1757580041.844633 0.020027 0.085641 0.015831 -0.007439 -0.069238 -0.109674 0.097086 0.093652
1757580041.846632 0.020027 0.085641 0.015831 -0.007439 -0.069238 -0.109674 0.097086 0.094034
1757580041.848629 0.020027 0.085259 0.015831 -0.007439 -0.069238 -0.109674 0.097086 0.094034
1757580041.850693 0.020027 0.085259 0.015831 -0.007439 -0.069238 -0.109293 0.097086 0.094034
1757580041.852640 0.020027 0.085259 0.015831 -0.007439 -0.069238 -0.109293 0.097086 0.094034
1757580041.854631 0.020027 0.084878 0.015831 -0.007439 -0.069238 -0.108912 0.097086 0.094034
1757580041.856695 0.020027 0.084878 0.015831 -0.007439 -0.069238 -0.108912 0.097086 0.094034
1757580041.858754 0.019646 0.084496 0.015831 -0.007439 -0.069238 -0.108530 0.097086 0.094034
1757580041.860686 0.019646 0.084496 0.015831 -0.007439 -0.069238 -0.108530 0.097086 0.094034
1757580041.862673 0.019646 0.084496 0.015831 -0.007439 -0.069238 -0.108149 0.097086 0.094034
1757580041.864641 0.019646 0.084115 0.015831 -0.007439 -0.069238 -0.107767 0.097086 0.094034
1757580041.866643 0.019646 0.084115 0.015831 -0.007439 -0.069238 -0.107767 0.097086 0.094034
1757580041.868640 0.019646 0.083734 0.015831 -0.007439 -0.069238 -0.107386 0.097086 0.094034
1757580041.870670 0.019646 0.083734 0.015831 -0.007439 -0.068856 -0.107386 0.097086 0.094034
1757580041.872639 0.019646 0.083352 0.015831 -0.007439 -0.068856 -0.107004 0.097086 0.094034
1757580041.874698 0.019646 0.083352 0.015831 -0.007439 -0.068856 -0.107004 0.097086 0.094034
1757580041.876678 0.019646 0.082971 0.015831 -0.007439 -0.068856 -0.106623 0.097086 0.094034
1757580041.878712 0.019646 0.082971 0.015831 -0.007439 -0.068856 -0.106623 0.097086 0.094034
1757580041.880682 0.019646 0.082589 0.015831 -0.007439 -0.068856 -0.106241 0.097086 0.094034
1757580041.882700 0.019646 0.082589 0.015831 -0.007439 -0.068856 -0.106241 0.097086 0.094034
1757580041.884667 0.019646 0.082208 0.015831 -0.007439 -0.068856 -0.105860 0.097086 0.094034
1757580041.886670 0.019646 0.082208 0.015831 -0.007439 -0.068856 -0.105478 0.097086 0.094034
1757580041.888657 0.019646 0.081826 0.015831 -0.007439 -0.068856 -0.105478 0.097086 0.094034
1757580041.890644 0.019264 0.081826 0.015831 -0.007439 -0.068856 -0.105097 0.097086 0.094034
1757580041.892709 0.019264 0.081445 0.015831 -0.007439 -0.068856 -0.105097 0.097086 0.094034
1757580041.894642 0.019264 0.081445 0.015831 -0.007439 -0.068856 -0.104715 0.097086 0.094034
1757580041.896642 0.019264 0.081063 0.015831 -0.007439 -0.068856 -0.104715 0.097086 0.094034
1757580041.898635 0.019264 0.081063 0.015831 -0.007439 -0.068856 -0.104334 0.097086 0.094034
1757580041.900640 0.019264 0.080682 0.015831 -0.007439 -0.068475 -0.104334 0.097086 0.094034
1757580041.902639 0.019264 0.080682 0.015831 -0.007439 -0.068475 -0.103952 0.097086 0.094034
1757580041.904641 0.019264 0.080300 0.015831 -0.007439 -0.068475 -0.103571 0.097086 0.094034
1757580041.906638 0.019264 0.080300 0.015831 -0.007439 -0.068475 -0.103571 0.097086 0.094034
1757580041.908632 0.019264 0.079919 0.015831 -0.007439 -0.068475 -0.103189 0.097086 0.094034
1757580041.910628 0.019264 0.079919 0.015831 -0.007439 -0.068475 -0.103189 0.097086 0.094034
1757580041.912647 0.019264 0.079537 0.015831 -0.007439 -0.068475 -0.102808 0.097086 0.094034
1757580041.914664 0.019264 0.079537 0.015831 -0.007439 -0.068475 -0.102427 0.097086 0.094034
1757580041.916659 0.019264 0.079156 0.015831 -0.007439 -0.068475 -0.102427 0.097086 0.094034
1757580041.918723 0.019264 0.078774 0.015831 -0.007439 -0.068475 -0.102045 0.097086 0.094034
1757580041.920673 0.019264 0.078774 0.015831 -0.007439 -0.068093 -0.102045 0.097086 0.094034
1757580041.922657 0.019264 0.078393 0.015831 -0.007439 -0.068093 -0.101664 0.097086 0.094034
1757580041.924658 0.019264 0.078393 0.015831 -0.007439 -0.068093 -0.101664 0.097086 0.094034
1757580041.926663 0.019264 0.078012 0.015831 -0.007439 -0.068093 -0.101282 0.097086 0.094034
1757580041.928675 0.019264 0.078012 0.015831 -0.007439 -0.068093 -0.100901 0.097086 0.094034
1757580041.930662 0.019264 0.077630 0.015831 -0.007439 -0.068093 -0.100901 0.096704 0.094034
1757580041.932659 0.019264 0.077630 0.015831 -0.007439 -0.068093 -0.100519 0.097086 0.094034
1757580041.934663 0.019264 0.077249 0.015831 -0.007439 -0.068093 -0.100519 0.097086 0.094034
1757580041.936661 0.019264 0.077249 0.015831 -0.007439 -0.067712 -0.100138 0.097086 0.094034
1757580041.938663 0.019264 0.076867 0.015831 -0.007439 -0.067712 -0.099756 0.096704 0.094034
1757580041.940664 0.018883 0.076867 0.015831 -0.007439 -0.067712 -0.099756 0.096704 0.094034
1757580041.942661 0.018883 0.076486 0.015831 -0.007439 -0.067712 -0.099375 0.097086 0.094034
1757580041.944660 0.018883 0.076486 0.015831 -0.007439 -0.067712 -0.098993 0.097086 0.094034
1757580041.946656 0.018883 0.076104 0.015831 -0.007439 -0.067712 -0.098993 0.097086 0.094034
1757580041.948670 0.018883 0.076104 0.015831 -0.007439 -0.067712 -0.098612 0.097086 0.094034
1757580041.950671 0.018883 0.075723 0.015831 -0.007439 -0.067712 -0.098612 0.096704 0.094034
1757580041.952661 0.018883 0.075723 0.015831 -0.007439 -0.067712 -0.098230 0.097086 0.094034
1757580041.954702 0.018883 0.075341 0.015831 -0.007439 -0.067712 -0.097849 0.097086 0.094034
1757580041.956669 0.018883 0.075341 0.015831 -0.007439 -0.067712 -0.097849 0.097086 0.094034
1757580041.958659 0.018883 0.074960 0.015831 -0.007439 -0.067712 -0.097467 0.096704 0.094034
1757580041.960656 0.018883 0.074960 0.015831 -0.007439 -0.067712 -0.097086 0.097086 0.094034
1757580041.962661 0.018883 0.074578 0.015831 -0.007439 -0.067330 -0.097086 0.097086 0.094034
1757580041.964688 0.018883 0.074578 0.015831 -0.007439 -0.067712 -0.096704 0.097086 0.094034
1757580041.966646 0.018883 0.074197 0.015831 -0.007439 -0.067330 -0.096704 0.097086 0.094034
1757580041.968654 0.018501 0.074197 0.015831 -0.007439 -0.067330 -0.096323 0.097086 0.094034
1757580041.970657 0.018501 0.073815 0.015831 -0.007439 -0.067330 -0.095942 0.097086 0.094034
1757580041.972723 0.018501 0.073815 0.015831 -0.007439 -0.067330 -0.095942 0.097086 0.094034
1757580041.974698 0.018501 0.073434 0.015831 -0.007439 -0.067330 -0.095560 0.097086 0.094034
1757580041.976694 0.018501 0.073434 0.015831 -0.007439 -0.067330 -0.095560 0.097086 0.094034
1757580041.978693 0.018501 0.073052 0.015831 -0.007439 -0.067330 -0.095179 0.096704 0.094034
1757580041.980755 0.018501 0.073052 0.015831 -0.007439 -0.067330 -0.094797 0.097086 0.094034
1757580041.982716 0.018501 0.072671 0.015831 -0.007439 -0.067330 -0.094797 0.097086 0.094034
1757580041.984656 0.018501 0.072671 0.015831 -0.007439 -0.067330 -0.094416 0.097086 0.094034
1757580041.986655 0.018501 0.072289 0.015831 -0.007439 -0.067330 -0.094416 0.096704 0.094034
1757580041.988682 0.018501 0.072289 0.015831 -0.007439 -0.067330 -0.094034 0.096704 0.094034
1757580041.990659 0.018120 0.071908 0.015831 -0.007439 -0.067330 -0.093652 0.096704 0.094034
1757580041.992645 0.018501 0.071908 0.015831 -0.007439 -0.067330 -0.093652 0.097086 0.094034
1757580041.994645 0.018120 0.071527 0.015831 -0.007439 -0.067330 -0.093270 0.097086 0.094034
1757580041.996640 0.018120 0.071527 0.015831 -0.007439 -0.066949 -0.093270 0.096704 0.094034
1757580041.998646 0.018120 0.071145 0.015831 -0.007439 -0.066949 -0.092889 0.096704 0.094034
1757580042.000639 0.018120 0.071145 0.015831 -0.007439 -0.066949 -0.092889 0.097086 0.094034
1757580042.002652 0.018120 0.070764 0.015831 -0.007439 -0.066949 -0.092507 0.097086 0.094034
1757580042.004641 0.018120 0.070764 0.015831 -0.007439 -0.066949 -0.092126 0.096704 0.094034
1757580042.006662 0.018120 0.070382 0.015831 -0.007439 -0.066949 -0.092126 0.096704 0.094034
1757580042.008644 0.018120 0.070382 0.015831 -0.007439 -0.066949 -0.091744 0.097086 0.094034
1757580042.010649 0.018120 0.070001 0.015831 -0.007439 -0.066949 -0.091744 0.096704 0.094034
1757580042.012660 0.018120 0.070001 0.015831 -0.007439 -0.066949 -0.091363 0.096704 0.094034
1757580042.014651 0.018120 0.069619 0.015831 -0.007439 -0.066949 -0.090981 0.097086 0.094034
1757580042.016690 0.017738 0.069238 0.015831 -0.007439 -0.066567 -0.090981 0.096704 0.094034
1757580042.018691 0.017738 0.069238 0.015831 -0.007439 -0.066567 -0.090600 0.096704 0.094034
1757580042.020648 0.017738 0.068856 0.015831 -0.007439 -0.066567 -0.090600 0.096704 0.094034
1757580042.022653 0.017738 0.068856 0.015831 -0.007439 -0.066567 -0.090219 0.096704 0.094034
1757580042.024647 0.017738 0.068856 0.015831 -0.007439 -0.066567 -0.089837 0.096704 0.094034
1757580042.026646 0.017738 0.068475 0.015831 -0.007439 -0.066567 -0.089837 0.096704 0.094034
1757580042.028642 0.017738 0.068475 0.015831 -0.007439 -0.066567 -0.089456 0.097086 0.094034
1757580042.030648 0.017738 0.068093 0.015831 -0.007439 -0.066567 -0.089456 0.096704 0.094034
1757580042.032644 0.017738 0.068093 0.015831 -0.007439 -0.066567 -0.089074 0.096704 0.094034
1757580042.034649 0.017738 0.067712 0.015831 -0.007439 -0.066567 -0.088693 0.096704 0.094034
1757580042.036645 0.017738 0.067712 0.015831 -0.007439 -0.066186 -0.088693 0.096704 0.094034
1757580042.038646 0.017738 0.067330 0.015831 -0.007439 -0.066186 -0.088311 0.097086 0.094034
1757580042.040638 0.017738 0.067330 0.015831 -0.007439 -0.066186 -0.088311 0.097086 0.094034
1757580042.042658 0.017357 0.066949 0.015831 -0.007439 -0.066186 -0.087930 0.096704 0.094034
1757580042.044641 0.017357 0.066949 0.015831 -0.007439 -0.066186 -0.087548 0.096704 0.094034
1757580042.046665 0.017357 0.066949 0.015831 -0.007439 -0.066186 -0.087548 0.097086 0.094034
1757580042.048647 0.017357 0.066567 0.015831 -0.007439 -0.066186 -0.087167 0.096704 0.094034
1757580042.050654 0.017357 0.066567 0.015831 -0.007439 -0.066186 -0.087167 0.097086 0.094034
1757580042.052644 0.017357 0.066186 0.015831 -0.007439 -0.066186 -0.086785 0.096704 0.094034
1757580042.054642 0.017357 0.066186 0.015831 -0.007439 -0.065804 -0.086404 0.096704 0.094034
1757580042.056644 0.017357 0.066186 0.015831 -0.007439 -0.065804 -0.086404 0.096704 0.094034
1757580042.058643 0.017357 0.065804 0.015831 -0.007439 -0.065804 -0.086022 0.096704 0.094416
1757580042.060644 0.017357 0.065804 0.015831 -0.007439 -0.065804 -0.086022 0.097086 0.094416
1757580042.062649 0.017357 0.065423 0.015831 -0.007439 -0.065804 -0.085641 0.097086 0.094034
1757580042.064641 0.016975 0.065423 0.015831 -0.007439 -0.065804 -0.085259 0.096704 0.094034
1757580042.066648 0.016975 0.065423 0.015831 -0.007439 -0.065804 -0.085259 0.096704 0.094416
1757580042.068639 0.016975 0.065042 0.015831 -0.007439 -0.065804 -0.084878 0.096704 0.094416
1757580042.070638 0.016975 0.065042 0.015831 -0.007439 -0.065804 -0.084878 0.096704 0.094416
1757580042.072730 0.016975 0.064660 0.015831 -0.007439 -0.065804 -0.084496 0.097086 0.094416
1757580042.074690 0.016975 0.064660 0.015831 -0.007439 -0.065423 -0.084496 0.097086 0.094416
1757580042.076688 0.016975 0.064660 0.015831 -0.007439 -0.065423 -0.084115 0.096704 0.094034
1757580042.078675 0.016975 0.064279 0.015831 -0.007439 -0.065423 -0.084115 0.096704 0.094416
1757580042.080671 0.016975 0.064279 0.015831 -0.007439 -0.065423 -0.083734 0.097086 0.094416
1757580042.082648 0.016975 0.063897 0.015831 -0.007439 -0.065423 -0.083734 0.097086 0.094034
1757580042.084626 0.016594 0.063897 0.015831 -0.007439 -0.065423 -0.083352 0.096704 0.094034
1757580042.086617 0.016594 0.063897 0.015831 -0.007439 -0.065423 -0.082971 0.096704 0.094416
1757580042.088664 0.016594 0.063516 0.015831 -0.007439 -0.065423 -0.082971 0.096704 0.094416
1757580042.090638 0.016594 0.063516 0.015831 -0.007439 -0.065423 -0.082589 0.097086 0.094034
1757580042.092627 0.016594 0.063516 0.015831 -0.007439 -0.065423 -0.082589 0.097086 0.094416
1757580042.094626 0.016594 0.063134 0.015831 -0.007439 -0.065042 -0.082208 0.096704 0.094416
1757580042.096640 0.016594 0.063134 0.015831 -0.007439 -0.065042 -0.082208 0.096704 0.094416
1757580042.098623 0.016594 0.062753 0.015831 -0.007439 -0.065042 -0.081826 0.096704 0.094416
1757580042.100626 0.016594 0.062753 0.015831 -0.007439 -0.065042 -0.081826 0.097086 0.094416
1757580042.102669 0.016594 0.062753 0.015831 -0.007439 -0.065042 -0.081445 0.097086 0.094416
1757580042.104680 0.016212 0.062371 0.015831 -0.007439 -0.065042 -0.081445 0.096704 0.094416
1757580042.106644 0.016212 0.062371 0.015831 -0.007439 -0.065042 -0.081063 0.096704 0.094416
1757580042.108643 0.016212 0.062371 0.015831 -0.007439 -0.065042 -0.081063 0.097086 0.094416
1757580042.110618 0.016212 0.061990 0.015831 -0.007439 -0.065042 -0.080682 0.096704 0.094416
1757580042.112639 0.016212 0.061990 0.015831 -0.007439 -0.065042 -0.080682 0.096704 0.094416
1757580042.114628 0.016212 0.061608 0.015831 -0.007439 -0.065042 -0.080300 0.097086 0.094416
1757580042.116627 0.016212 0.061608 0.015831 -0.007439 -0.065042 -0.080300 0.097086 0.094416
1757580042.118626 0.016212 0.061608 0.015831 -0.007439 -0.065042 -0.079919 0.096704 0.094416
1757580042.120713 0.015831 0.061227 0.015831 -0.007439 -0.064660 -0.079919 0.096704 0.094416
1757580042.122649 0.015831 0.061227 0.015831 -0.007439 -0.064660 -0.079537 0.097086 0.094416
1757580042.124651 0.015831 0.061227 0.015831 -0.007439 -0.064660 -0.079537 0.097086 0.094034
1757580042.126645 0.015831 0.060845 0.015831 -0.007439 -0.064660 -0.079156 0.097086 0.094416
1757580042.128659 0.015831 0.060845 0.015831 -0.007439 -0.064660 -0.079156 0.096704 0.094416
1757580042.130647 0.015831 0.060845 0.015831 -0.007439 -0.064660 -0.078774 0.096704 0.094034
1757580042.132706 0.015831 0.060464 0.015831 -0.007439 -0.064660 -0.078774 0.096704 0.094416
1757580042.134641 0.015450 0.060464 0.015831 -0.007439 -0.064660 -0.078393 0.096704 0.094416
1757580042.136657 0.015450 0.060082 0.015831 -0.007439 -0.064660 -0.078393 0.097086 0.094416
1757580042.138639 0.015450 0.060082 0.015831 -0.007439 -0.064660 -0.078012 0.097086 0.094034
1757580042.140718 0.015450 0.060082 0.015831 -0.007439 -0.064660 -0.078012 0.096704 0.094416
1757580042.142655 0.015450 0.059701 0.015831 -0.007439 -0.064660 -0.077630 0.096704 0.094416
1757580042.144642 0.015450 0.059701 0.015831 -0.007439 -0.064660 -0.077630 0.096704 0.094034
1757580042.146645 0.015450 0.059701 0.015831 -0.007439 -0.064660 -0.077249 0.097086 0.094416
1757580042.148643 0.015068 0.059319 0.015831 -0.007439 -0.064660 -0.077249 0.096704 0.094416
1757580042.150646 0.015068 0.059319 0.015831 -0.007439 -0.064660 -0.076867 0.096704 0.094416
1757580042.152681 0.015068 0.059319 0.015831 -0.007439 -0.064279 -0.076867 0.096704 0.094416
1757580042.154630 0.015068 0.058938 0.015831 -0.007439 -0.064279 -0.076486 0.097086 0.094416
1757580042.156649 0.015068 0.058938 0.015831 -0.007439 -0.064279 -0.076486 0.097086 0.094034
1757580042.158640 0.015068 0.058938 0.015831 -0.007439 -0.064279 -0.076104 0.096704 0.094034
1757580042.160651 0.015068 0.058557 0.015831 -0.007439 -0.064279 -0.076104 0.096704 0.094416
1757580042.162631 0.014687 0.058557 0.015831 -0.007439 -0.064279 -0.076104 0.096704 0.094416
1757580042.164629 0.014687 0.058557 0.015831 -0.007439 -0.064279 -0.075723 0.096704 0.094416
1757580042.166629 0.014687 0.058175 0.015831 -0.007439 -0.064279 -0.075723 0.096704 0.094416
1757580042.168640 0.014687 0.058175 0.015831 -0.007439 -0.064279 -0.075341 0.096704 0.094416
1757580042.170647 0.014687 0.058175 0.015831 -0.007439 -0.064279 -0.075341 0.097086 0.094416
1757580042.172653 0.014687 0.057794 0.015831 -0.007439 -0.064279 -0.074960 0.096704 0.094034
1757580042.174646 0.014687 0.057794 0.015831 -0.007439 -0.064279 -0.074960 0.096704 0.094416
1757580042.176630 0.014305 0.057794 0.015831 -0.007439 -0.064279 -0.074578 0.096704 0.094034
1757580042.178641 0.014305 0.057412 0.015831 -0.007439 -0.064279 -0.074578 0.096704 0.094034
1757580042.180648 0.014305 0.057412 0.015831 -0.007439 -0.064279 -0.074578 0.096704 0.094416
1757580042.182628 0.014305 0.057412 0.015831 -0.007439 -0.064279 -0.074197 0.097086 0.094416
1757580042.184647 0.014305 0.057031 0.015831 -0.007439 -0.064279 -0.074197 0.097086 0.094416
1757580042.186641 0.014305 0.057031 0.015831 -0.007439 -0.064279 -0.073815 0.096704 0.094416
1757580042.188673 0.014305 0.057031 0.015831 -0.007439 -0.064279 -0.073815 0.096704 0.094416
1757580042.190626 0.013924 0.056649 0.015831 -0.007439 -0.064279 -0.073434 0.097086 0.094416
1757580042.192679 0.013924 0.056649 0.015831 -0.007439 -0.064279 -0.073434 0.097086 0.094034
1757580042.194658 0.013924 0.056649 0.015831 -0.007439 -0.064279 -0.073434 0.096704 0.094416
1757580042.196645 0.013924 0.056649 0.015831 -0.007439 -0.064279 -0.073052 0.096704 0.094416
1757580042.198668 0.013924 0.056268 0.015831 -0.007439 -0.064279 -0.073052 0.097086 0.094034
1757580042.200663 0.013924 0.056268 0.015831 -0.007439 -0.064279 -0.072671 0.097086 0.094416
1757580042.202666 0.013924 0.056268 0.015831 -0.007439 -0.064279 -0.072671 0.097086 0.094416
1757580042.204666 0.013542 0.055886 0.015831 -0.007439 -0.064279 -0.072289 0.096704 0.094416
1757580042.206641 0.013542 0.055886 0.015831 -0.007439 -0.064279 -0.072289 0.096704 0.094034
1757580042.208651 0.013542 0.055886 0.015831 -0.007439 -0.064279 -0.072289 0.097086 0.094416
1757580042.210622 0.013542 0.055886 0.015831 -0.007439 -0.064279 -0.071908 0.097086 0.094416
1757580042.212641 0.013542 0.055505 0.015831 -0.007439 -0.064279 -0.071908 0.096704 0.094416
1757580042.214641 0.013542 0.055505 0.015831 -0.007439 -0.064279 -0.071527 0.096704 0.094034
1757580042.216652 0.013542 0.055505 0.015831 -0.007439 -0.064279 -0.071527 0.097086 0.094416
1757580042.218626 0.013542 0.055505 0.015831 -0.007439 -0.064279 -0.071145 0.097086 0.094416
1757580042.220647 0.013542 0.055123 0.015831 -0.007439 -0.064279 -0.071145 0.097086 0.094034
1757580042.222662 0.013161 0.055123 0.015831 -0.007439 -0.064279 -0.071145 0.096704 0.094416
1757580042.224647 0.013161 0.055123 0.015831 -0.007439 -0.064279 -0.070764 0.096704 0.094034
1757580042.226642 0.013161 0.055123 0.015831 -0.007439 -0.064279 -0.070764 0.096704 0.094034
1757580042.228656 0.013161 0.054742 0.015831 -0.007439 -0.064279 -0.070382 0.097086 0.094034
1757580042.230660 0.013161 0.054742 0.015831 -0.007439 -0.064279 -0.070382 0.097086 0.094034
1757580042.232623 0.013161 0.054742 0.015831 -0.007439 -0.064279 -0.070001 0.096704 0.094034
1757580042.234678 0.013161 0.054360 0.015831 -0.007439 -0.064279 -0.070001 0.097086 0.094416
1757580042.236625 0.013161 0.054360 0.015831 -0.007439 -0.064279 -0.069619 0.097086 0.094034
1757580042.238642 0.013161 0.054360 0.015831 -0.007439 -0.064279 -0.069619 0.097086 0.094416
1757580042.240621 0.013161 0.054360 0.015831 -0.007439 -0.064279 -0.069619 0.096704 0.094416
1757580042.242643 0.013161 0.053979 0.015831 -0.007439 -0.064279 -0.069238 0.096704 0.094034
1757580042.244619 0.012779 0.053979 0.015831 -0.007439 -0.064279 -0.069238 0.096704 0.094034
1757580042.246642 0.012779 0.053979 0.015831 -0.007439 -0.064279 -0.068856 0.096704 0.094034
1757580042.248641 0.012779 0.053979 0.015831 -0.007439 -0.064279 -0.068856 0.096704 0.094034
1757580042.250642 0.012779 0.053597 0.015831 -0.007439 -0.064279 -0.068856 0.096704 0.094034
1757580042.252631 0.012779 0.053597 0.015831 -0.007439 -0.064279 -0.068475 0.096704 0.094034
1757580042.254628 0.012779 0.053597 0.015831 -0.007439 -0.064279 -0.068475 0.096704 0.094034
1757580042.256631 0.012779 0.053597 0.015831 -0.007439 -0.064279 -0.068093 0.097086 0.094034
1757580042.258642 0.012779 0.053216 0.015831 -0.007439 -0.064660 -0.068093 0.097086 0.094034
1757580042.260671 0.012779 0.053216 0.015831 -0.007439 -0.064660 -0.068093 0.096704 0.094034
1757580042.262622 0.012779 0.053216 0.015831 -0.007439 -0.064660 -0.067712 0.096704 0.094034
1757580042.264626 0.012779 0.053216 0.015831 -0.007439 -0.064660 -0.067712 0.096704 0.094416
1757580042.266642 0.012398 0.052835 0.015831 -0.007439 -0.064660 -0.067712 0.097086 0.094034
1757580042.268625 0.012398 0.052835 0.015831 -0.007439 -0.064660 -0.067330 0.096704 0.094034
1757580042.270629 0.012398 0.052835 0.015831 -0.007439 -0.064660 -0.067330 0.096704 0.094034
1757580042.272627 0.012398 0.052453 0.015831 -0.007439 -0.064660 -0.066949 0.096704 0.094034
1757580042.274632 0.012398 0.052453 0.015831 -0.007439 -0.064660 -0.066949 0.096704 0.094034
1757580042.276622 0.012398 0.052453 0.015831 -0.007439 -0.064660 -0.066949 0.096704 0.094416
1757580042.278623 0.012398 0.052453 0.015831 -0.007439 -0.064660 -0.066567 0.096704 0.094034
1757580042.280620 0.012398 0.052072 0.015831 -0.007439 -0.064660 -0.066567 0.097086 0.094034
1757580042.282633 0.012398 0.052072 0.015831 -0.007439 -0.064660 -0.066567 0.097086 0.094416
1757580042.284623 0.012398 0.052072 0.015831 -0.007439 -0.064660 -0.066186 0.096704 0.094034
1757580042.286629 0.012398 0.051690 0.015831 -0.007439 -0.064660 -0.066186 0.096704 0.094034
1757580042.288621 0.012398 0.051690 0.015831 -0.007439 -0.065042 -0.066186 0.096704 0.094034
1757580042.290677 0.012398 0.051690 0.015831 -0.007439 -0.065042 -0.065804 0.097086 0.094034
1757580042.292660 0.012016 0.051690 0.015831 -0.007439 -0.065042 -0.065804 0.096704 0.094034
1757580042.294626 0.012016 0.051309 0.015831 -0.007439 -0.065042 -0.065804 0.096704 0.094034
1757580042.296626 0.012016 0.051309 0.015831 -0.007439 -0.065042 -0.065804 0.097086 0.094034
1757580042.298643 0.012016 0.051309 0.015831 -0.007439 -0.065042 -0.065423 0.096704 0.094034
1757580042.300627 0.012016 0.051309 0.015831 -0.007439 -0.065042 -0.065423 0.096704 0.094034
1757580042.302626 0.012016 0.050927 0.015831 -0.007439 -0.065042 -0.065423 0.096704 0.094034
1757580042.304620 0.012016 0.050927 0.015831 -0.007439 -0.065042 -0.065042 0.096704 0.094034
1757580042.306634 0.012016 0.050927 0.015831 -0.007439 -0.065042 -0.065042 0.097086 0.094034
1757580042.308619 0.012016 0.050546 0.015831 -0.007439 -0.065042 -0.065042 0.096704 0.094034
1757580042.310623 0.012016 0.050546 0.015831 -0.007439 -0.065423 -0.065042 0.096704 0.094034
1757580042.312620 0.012016 0.050546 0.015831 -0.007439 -0.065423 -0.064660 0.096704 0.094034
1757580042.314635 0.012016 0.050546 0.015831 -0.007439 -0.065423 -0.064660 0.097086 0.094034
1757580042.316622 0.012016 0.050164 0.015831 -0.007439 -0.065423 -0.064660 0.097086 0.094034
1757580042.318617 0.012016 0.050164 0.015831 -0.007439 -0.065423 -0.064660 0.096704 0.094034
1757580042.320617 0.011635 0.050164 0.015831 -0.007439 -0.065423 -0.064279 0.096704 0.094034
1757580042.322684 0.011635 0.049783 0.015831 -0.007439 -0.065423 -0.064279 0.096704 0.094034
1757580042.324621 0.011635 0.049783 0.015831 -0.007439 -0.065423 -0.064279 0.096704 0.094034
1757580042.326633 0.011635 0.049783 0.015831 -0.007439 -0.065423 -0.063897 0.096704 0.094034
1757580042.328620 0.011635 0.049783 0.015831 -0.007439 -0.065423 -0.063897 0.096704 0.094034
1757580042.330642 0.011635 0.049401 0.015831 -0.007439 -0.065423 -0.063897 0.097086 0.094034
1757580042.332644 0.011635 0.049401 0.015831 -0.007439 -0.065423 -0.063897 0.097086 0.094034
1757580042.334743 0.011635 0.049401 0.015831 -0.007439 -0.065423 -0.063516 0.096704 0.094034
1757580042.336680 0.011635 0.049020 0.015831 -0.007439 -0.065804 -0.063516 0.096704 0.094034
1757580042.338630 0.011635 0.049020 0.015831 -0.007439 -0.065804 -0.063516 0.096704 0.094034
1757580042.340623 0.011635 0.049020 0.015831 -0.007439 -0.065804 -0.063516 0.096704 0.094034
1757580042.342620 0.011635 0.049020 0.015831 -0.007439 -0.065804 -0.063134 0.096704 0.094034
1757580042.344634 0.011253 0.048638 0.015831 -0.007439 -0.065804 -0.063134 0.096704 0.094034
1757580042.346630 0.011253 0.048638 0.015831 -0.007439 -0.065804 -0.063134 0.096704 0.094034
1757580042.348622 0.011253 0.048638 0.015831 -0.007439 -0.065804 -0.063134 0.096704 0.094034
1757580042.350650 0.011253 0.048638 0.015831 -0.007439 -0.065804 -0.062753 0.097086 0.094034
1757580042.352629 0.011253 0.048257 0.015831 -0.007439 -0.065804 -0.062753 0.096704 0.094034
1757580042.354656 0.011253 0.048257 0.015831 -0.007439 -0.065804 -0.062753 0.096704 0.094034
1757580042.356628 0.011253 0.048257 0.015831 -0.007439 -0.065804 -0.062753 0.096704 0.094034
1757580042.358668 0.011253 0.047875 0.015831 -0.007439 -0.065804 -0.062371 0.096704 0.094034
1757580042.360649 0.011253 0.047875 0.015831 -0.007439 -0.065804 -0.062371 0.096704 0.094034
1757580042.362656 0.011253 0.047875 0.015831 -0.007439 -0.065804 -0.062371 0.096704 0.094034
1757580042.364619 0.011253 0.047875 0.015831 -0.007439 -0.065804 -0.062371 0.096704 0.094034
1757580042.366621 0.011253 0.047494 0.015831 -0.007439 -0.065804 -0.061990 0.096704 0.094034
1757580042.368624 0.011253 0.047494 0.015831 -0.007439 -0.065804 -0.061990 0.096704 0.094034
1757580042.370620 0.011253 0.047494 0.015831 -0.007439 -0.065804 -0.061990 0.096704 0.094034
1757580042.372622 0.011253 0.047494 0.015831 -0.007439 -0.066186 -0.061608 0.096704 0.094034
1757580042.374631 0.011253 0.047112 0.015831 -0.007439 -0.066186 -0.061608 0.096704 0.094034
1757580042.376621 0.011253 0.047112 0.015831 -0.007439 -0.066186 -0.061608 0.096704 0.094034
1757580042.378617 0.011253 0.047112 0.015831 -0.007439 -0.066186 -0.061608 0.096704 0.094034
1757580042.380666 0.011253 0.047112 0.015831 -0.007439 -0.066186 -0.061227 0.096704 0.094034
1757580042.382627 0.011253 0.046731 0.015831 -0.007439 -0.066186 -0.061227 0.096704 0.094034
1757580042.384676 0.010872 0.046731 0.015831 -0.007439 -0.066186 -0.061227 0.096704 0.094034
1757580042.386631 0.010872 0.046731 0.015831 -0.007439 -0.066186 -0.060845 0.096704 0.094034
1757580042.388618 0.010872 0.046731 0.015831 -0.007439 -0.066186 -0.060845 0.096704 0.094034
1757580042.390629 0.010872 0.046731 0.015831 -0.007439 -0.066186 -0.060845 0.096704 0.094034
1757580042.392647 0.010872 0.046350 0.015831 -0.007439 -0.066186 -0.060845 0.096704 0.094034
1757580042.394617 0.010872 0.046350 0.015831 -0.007439 -0.066186 -0.060464 0.096704 0.094034
1757580042.396620 0.010872 0.046350 0.015831 -0.007439 -0.066186 -0.060464 0.096704 0.094034
1757580042.398618 0.010872 0.046350 0.015831 -0.007439 -0.066567 -0.060464 0.096704 0.094034
1757580042.400622 0.010872 0.045968 0.015831 -0.007439 -0.066567 -0.060082 0.097086 0.094034
1757580042.402617 0.010872 0.045968 0.015831 -0.007439 -0.066567 -0.060082 0.096704 0.094034
1757580042.404664 0.010872 0.045968 0.015831 -0.007439 -0.066567 -0.060082 0.096704 0.094034
1757580042.406663 0.010872 0.045968 0.015831 -0.007439 -0.066567 -0.059701 0.096704 0.094034
1757580042.408633 0.010872 0.045968 0.015831 -0.007439 -0.066567 -0.059701 0.096704 0.094034
1757580042.410665 0.010872 0.045587 0.015831 -0.007439 -0.066567 -0.059701 0.096704 0.094034
1757580042.412663 0.010872 0.045587 0.015831 -0.007439 -0.066567 -0.059319 0.096704 0.094034
1757580042.414680 0.010872 0.045587 0.015831 -0.007439 -0.066567 -0.059319 0.096704 0.094034
1757580042.416654 0.010872 0.045587 0.015831 -0.007439 -0.066567 -0.059319 0.096704 0.094034
1757580042.418646 0.010490 0.045587 0.015831 -0.007439 -0.066567 -0.058938 0.096704 0.094034
1757580042.420637 0.010490 0.045205 0.015831 -0.007439 -0.066567 -0.058938 0.096704 0.094034
1757580042.422633 0.010490 0.045205 0.015831 -0.007439 -0.066567 -0.058938 0.096704 0.094034
1757580042.424650 0.010490 0.045205 0.015831 -0.007439 -0.066949 -0.058938 0.096704 0.094034
1757580042.426646 0.010490 0.045205 0.015831 -0.007439 -0.066949 -0.058557 0.096704 0.094034
1757580042.428645 0.010490 0.044824 0.015831 -0.007439 -0.066949 -0.058557 0.096704 0.094034
1757580042.430633 0.010490 0.044824 0.015831 -0.007439 -0.066949 -0.058557 0.096704 0.094034
1757580042.432636 0.010490 0.044824 0.015831 -0.007439 -0.066949 -0.058175 0.096704 0.094034
1757580042.434635 0.010490 0.044824 0.015831 -0.007439 -0.066949 -0.058175 0.096704 0.094034
1757580042.436636 0.010490 0.044824 0.015831 -0.007439 -0.066949 -0.058175 0.096704 0.094034
1757580042.438633 0.010490 0.044442 0.015831 -0.007439 -0.066949 -0.058175 0.096704 0.094034
1757580042.440646 0.010490 0.044442 0.015831 -0.007439 -0.066949 -0.057794 0.096704 0.094034
1757580042.442647 0.010490 0.044442 0.015831 -0.007439 -0.066949 -0.057794 0.096704 0.094034
1757580042.444637 0.010490 0.044442 0.015831 -0.007439 -0.066949 -0.057794 0.096704 0.094034
1757580042.446640 0.010490 0.044061 0.015831 -0.007439 -0.066949 -0.057412 0.096704 0.094034
1757580042.448683 0.010490 0.044061 0.015831 -0.007439 -0.066949 -0.057412 0.096704 0.094034
1757580042.450679 0.010490 0.044061 0.015831 -0.007439 -0.066949 -0.057412 0.096704 0.094034
1757580042.452633 0.010490 0.044061 0.015831 -0.007439 -0.066949 -0.057412 0.096704 0.094034
1757580042.454660 0.010109 0.044061 0.015831 -0.007439 -0.067330 -0.057031 0.096704 0.094034
1757580042.456646 0.010109 0.043679 0.015831 -0.007439 -0.067330 -0.057031 0.096704 0.094034
1757580042.458625 0.010109 0.043679 0.015831 -0.007439 -0.067330 -0.057031 0.096704 0.094034
1757580042.460623 0.010109 0.043679 0.015831 -0.007439 -0.067330 -0.057031 0.096704 0.094034
1757580042.462620 0.010109 0.043679 0.015831 -0.007439 -0.067330 -0.056649 0.096704 0.094034
1757580042.464625 0.010109 0.043298 0.015831 -0.007439 -0.067330 -0.056649 0.096704 0.094034
1757580042.466621 0.010109 0.043298 0.015831 -0.007439 -0.067330 -0.056649 0.096704 0.094034
1757580042.468629 0.010109 0.043298 0.015831 -0.007439 -0.067330 -0.056649 0.096704 0.094034
1757580042.470619 0.010109 0.043298 0.015831 -0.007439 -0.067330 -0.056268 0.096704 0.094034
1757580042.472624 0.010109 0.043298 0.015831 -0.007439 -0.067330 -0.056268 0.096704 0.094034
1757580042.474619 0.010109 0.042916 0.015831 -0.007439 -0.067330 -0.056268 0.096704 0.094034
1757580042.476625 0.010109 0.042916 0.015831 -0.007439 -0.067330 -0.056268 0.096704 0.094034
1757580042.478658 0.010109 0.042916 0.015831 -0.007439 -0.067330 -0.055886 0.096704 0.094034
1757580042.480626 0.010109 0.042916 0.015831 -0.007439 -0.067330 -0.055886 0.096704 0.094034
1757580042.482652 0.010109 0.042535 0.015831 -0.007439 -0.067330 -0.055886 0.097086 0.094034
1757580042.484638 0.009727 0.042535 0.015831 -0.007439 -0.067330 -0.055886 0.096704 0.094034
1757580042.486631 0.009727 0.042535 0.015831 -0.007439 -0.067330 -0.055886 0.096704 0.094034
1757580042.488624 0.009727 0.042535 0.015831 -0.007439 -0.067330 -0.055505 0.096704 0.094034
1757580042.490640 0.009727 0.042535 0.015831 -0.007439 -0.067330 -0.055505 0.096704 0.094034
1757580042.492641 0.009727 0.042153 0.015831 -0.007439 -0.067330 -0.055505 0.096704 0.094034
1757580042.494622 0.009727 0.042153 0.015831 -0.007439 -0.067330 -0.055505 0.096704 0.094034
1757580042.496622 0.009727 0.042153 0.015831 -0.007439 -0.067330 -0.055123 0.096704 0.094034
1757580042.498618 0.009727 0.042153 0.015831 -0.007439 -0.067330 -0.055123 0.096704 0.094034
1757580042.500631 0.009727 0.042153 0.015831 -0.007439 -0.067330 -0.055123 0.096704 0.094034
1757580042.502620 0.009727 0.041772 0.015831 -0.007439 -0.067330 -0.055123 0.096704 0.094034
1757580042.504624 0.009346 0.041772 0.015831 -0.007439 -0.067330 -0.055123 0.096704 0.094034
1757580042.506616 0.009346 0.041772 0.015831 -0.007439 -0.067330 -0.054742 0.096704 0.094034
1757580042.508705 0.009346 0.041772 0.015831 -0.007439 -0.067330 -0.054742 0.096704 0.094034
1757580042.510657 0.009346 0.041772 0.015831 -0.007439 -0.067330 -0.054742 0.096704 0.094034
1757580042.512626 0.009346 0.041390 0.015831 -0.007439 -0.067330 -0.054742 0.096704 0.094034
1757580042.514633 0.009346 0.041390 0.015831 -0.007439 -0.067330 -0.054360 0.096704 0.094034
1757580042.516647 0.009346 0.041390 0.015831 -0.007439 -0.067330 -0.054360 0.096704 0.094034
1757580042.518630 0.009346 0.041390 0.015831 -0.007439 -0.067330 -0.054360 0.096704 0.094034
1757580042.520614 0.009346 0.041009 0.015831 -0.007439 -0.067330 -0.054360 0.096704 0.094034
1757580042.522631 0.009346 0.041009 0.015831 -0.007439 -0.067330 -0.054360 0.096704 0.094034
1757580042.524626 0.009346 0.041009 0.015831 -0.007439 -0.067330 -0.053979 0.096704 0.094034
1757580042.526629 0.009346 0.041009 0.015831 -0.007439 -0.067330 -0.053979 0.096704 0.094034
1757580042.528624 0.008965 0.041009 0.015831 -0.007439 -0.067330 -0.053979 0.096704 0.094034
1757580042.530617 0.008965 0.040627 0.015831 -0.007439 -0.067330 -0.053979 0.096704 0.094034
1757580042.532617 0.008965 0.040627 0.015831 -0.007439 -0.067330 -0.053597 0.096704 0.094034
1757580042.534661 0.008965 0.040627 0.015831 -0.007439 -0.067330 -0.053597 0.096704 0.094034
1757580042.536669 0.008965 0.040627 0.015831 -0.007439 -0.067330 -0.053597 0.096704 0.094034
1757580042.538661 0.008965 0.040246 0.015831 -0.007439 -0.067330 -0.053597 0.096704 0.094034
1757580042.540660 0.008965 0.040246 0.015831 -0.007439 -0.067330 -0.053597 0.096704 0.094034
1757580042.542627 0.008965 0.040246 0.015831 -0.007439 -0.067330 -0.053216 0.096704 0.094034
1757580042.544629 0.008965 0.040246 0.015831 -0.007439 -0.067330 -0.053216 0.096704 0.094034
1757580042.546662 0.008965 0.040246 0.015831 -0.007439 -0.067330 -0.053216 0.096704 0.094034
1757580042.548640 0.008583 0.039865 0.015831 -0.007439 -0.067330 -0.053216 0.096704 0.094034
1757580042.550632 0.008583 0.039865 0.015831 -0.007439 -0.067330 -0.052835 0.096704 0.094034
1757580042.552648 0.008583 0.039865 0.015831 -0.007439 -0.067330 -0.052835 0.096704 0.094034
1757580042.554630 0.008583 0.039865 0.015831 -0.007439 -0.067330 -0.052835 0.096704 0.094034
1757580042.556616 0.008583 0.039483 0.015831 -0.007439 -0.067330 -0.052835 0.096704 0.094034
1757580042.558616 0.008583 0.039483 0.015831 -0.007439 -0.067330 -0.052453 0.096704 0.094034
1757580042.560648 0.008583 0.039483 0.015831 -0.007439 -0.067330 -0.052453 0.096704 0.094034
1757580042.562630 0.008583 0.039483 0.015831 -0.007439 -0.067330 -0.052453 0.096704 0.094034
1757580042.564617 0.008583 0.039483 0.015831 -0.007439 -0.067330 -0.052453 0.096704 0.094034
1757580042.566662 0.008583 0.039102 0.015831 -0.007439 -0.067330 -0.052072 0.096704 0.094034
1757580042.568701 0.008583 0.039102 0.015831 -0.007439 -0.067330 -0.052072 0.096704 0.094034
1757580042.570726 0.008202 0.039102 0.015831 -0.007439 -0.067330 -0.052072 0.096704 0.094034
1757580042.572648 0.008202 0.039102 0.015831 -0.007439 -0.067330 -0.052072 0.096704 0.094034
1757580042.574632 0.008202 0.038720 0.015831 -0.007439 -0.067330 -0.052072 0.096704 0.094034
1757580042.576680 0.008202 0.038720 0.015831 -0.007439 -0.067330 -0.051690 0.096704 0.094034
1757580042.578639 0.008202 0.038720 0.015831 -0.007439 -0.067330 -0.051690 0.096704 0.094034
1757580042.580651 0.008202 0.038720 0.015831 -0.007439 -0.067330 -0.051690 0.096704 0.094034
1757580042.582621 0.008202 0.038720 0.015831 -0.007439 -0.067330 -0.051690 0.096704 0.094034
1757580042.584644 0.008202 0.038339 0.015831 -0.007439 -0.067330 -0.051309 0.096704 0.094034
1757580042.586632 0.008202 0.038339 0.015831 -0.007439 -0.067330 -0.051309 0.096704 0.094034
1757580042.588624 0.008202 0.038339 0.015831 -0.007439 -0.067330 -0.051309 0.096704 0.094034
1757580042.590635 0.007820 0.038339 0.015831 -0.007439 -0.067330 -0.051309 0.096704 0.094034
1757580042.592662 0.007820 0.038339 0.015831 -0.007439 -0.067330 -0.050927 0.096704 0.094034
1757580042.594648 0.007820 0.037957 0.015831 -0.007439 -0.067330 -0.050927 0.096704 0.094034
1757580042.596660 0.007820 0.037957 0.015831 -0.007439 -0.067330 -0.050927 0.096704 0.094034
1757580042.598693 0.007820 0.037957 0.015831 -0.007439 -0.067330 -0.050927 0.096704 0.094034
1757580042.600655 0.007820 0.037957 0.015831 -0.007439 -0.067330 -0.050546 0.096704 0.094034
1757580042.602663 0.007820 0.037957 0.015831 -0.007439 -0.067330 -0.050546 0.096704 0.094034
1757580042.604633 0.007820 0.037576 0.015831 -0.007439 -0.067330 -0.050546 0.096704 0.094034
1757580042.606629 0.007820 0.037576 0.015831 -0.007439 -0.067330 -0.050546 0.096704 0.094034
1757580042.608661 0.007820 0.037576 0.015831 -0.007439 -0.067330 -0.050546 0.096704 0.094034
1757580042.610656 0.007820 0.037576 0.015831 -0.007439 -0.067330 -0.050164 0.096704 0.094034
1757580042.612633 0.007820 0.037576 0.015831 -0.007439 -0.067330 -0.050164 0.096704 0.094034
1757580042.614637 0.007439 0.037194 0.015831 -0.007439 -0.067330 -0.050164 0.096704 0.094034
1757580042.616635 0.007439 0.037194 0.015831 -0.007439 -0.067330 -0.050164 0.096704 0.094034
1757580042.618628 0.007439 0.037194 0.015831 -0.007439 -0.067330 -0.049783 0.096704 0.094034
1757580042.620622 0.007439 0.037194 0.015831 -0.007439 -0.067330 -0.049783 0.096704 0.094034
1757580042.622625 0.007439 0.036813 0.015831 -0.007439 -0.067330 -0.049783 0.096704 0.094034
1757580042.624618 0.007439 0.036813 0.015831 -0.007439 -0.067330 -0.049783 0.096704 0.094034
1757580042.626623 0.007439 0.036813 0.015831 -0.007439 -0.067330 -0.049783 0.096704 0.094416
1757580042.628617 0.007439 0.036813 0.015831 -0.007439 -0.067330 -0.049401 0.096704 0.094034
1757580042.630622 0.007439 0.036813 0.015831 -0.007439 -0.067330 -0.049401 0.096704 0.094034
1757580042.632615 0.007057 0.036431 0.015831 -0.007439 -0.067330 -0.049401 0.096704 0.094416
1757580042.634657 0.007057 0.036431 0.015831 -0.007439 -0.067330 -0.049401 0.096704 0.094034
1757580042.636654 0.007057 0.036431 0.015831 -0.007439 -0.067330 -0.049020 0.096704 0.094034
1757580042.638645 0.007057 0.036431 0.015831 -0.007439 -0.067330 -0.049020 0.096704 0.094034
1757580042.640628 0.007057 0.036050 0.015831 -0.007439 -0.067330 -0.049020 0.096704 0.094034
1757580042.642622 0.007057 0.036050 0.015831 -0.007439 -0.067330 -0.049020 0.096704 0.094034
1757580042.644618 0.007057 0.036050 0.015831 -0.007439 -0.067330 -0.049020 0.097086 0.094034
1757580042.646629 0.007057 0.036050 0.015831 -0.007439 -0.067330 -0.048638 0.096704 0.094416
1757580042.648625 0.007057 0.036050 0.015831 -0.007439 -0.067330 -0.048638 0.096704 0.094034
1757580042.650622 0.006676 0.035668 0.015831 -0.007439 -0.067330 -0.048638 0.096704 0.094034
1757580042.652617 0.006676 0.035668 0.015831 -0.007439 -0.067330 -0.048638 0.096704 0.094416
1757580042.654626 0.006676 0.035668 0.015831 -0.007439 -0.066949 -0.048257 0.096704 0.094034
1757580042.656619 0.006676 0.035668 0.015831 -0.007439 -0.066949 -0.048257 0.096704 0.094034
1757580042.658620 0.006676 0.035668 0.015831 -0.007439 -0.066949 -0.048257 0.096704 0.094034
1757580042.660665 0.006676 0.035287 0.015831 -0.007439 -0.066949 -0.048257 0.096704 0.094034
1757580042.662668 0.006676 0.035287 0.015831 -0.007439 -0.066949 -0.048257 0.096704 0.094034
1757580042.664737 0.006676 0.035287 0.015831 -0.007439 -0.066949 -0.047875 0.096704 0.094034
1757580042.666631 0.006294 0.035287 0.015831 -0.007439 -0.066949 -0.047875 0.096704 0.094034
1757580042.668624 0.006294 0.034905 0.015831 -0.007439 -0.066949 -0.047875 0.096704 0.094034
1757580042.670711 0.006294 0.034905 0.015831 -0.007439 -0.066949 -0.047875 0.096704 0.094416
1757580042.672643 0.006294 0.034905 0.015831 -0.007439 -0.066949 -0.047494 0.096704 0.094034
1757580042.674637 0.006294 0.034905 0.015831 -0.007439 -0.066949 -0.047494 0.096704 0.094034
1757580042.676625 0.006294 0.034524 0.015831 -0.007439 -0.066949 -0.047494 0.096704 0.094034
1757580042.678641 0.006294 0.034524 0.015831 -0.007439 -0.066949 -0.047494 0.096704 0.094034
1757580042.680619 0.005913 0.034524 0.015831 -0.007439 -0.066949 -0.047494 0.096704 0.094034
1757580042.682647 0.005913 0.034524 0.015831 -0.007439 -0.066949 -0.047112 0.096704 0.094034
1757580042.684614 0.005913 0.034524 0.015831 -0.007439 -0.066949 -0.047112 0.096704 0.094034
1757580042.686632 0.005913 0.034142 0.015831 -0.007439 -0.066949 -0.047112 0.096704 0.094034
1757580042.688620 0.005913 0.034142 0.015831 -0.007439 -0.066949 -0.047112 0.096704 0.094034
1757580042.690630 0.005913 0.034142 0.015831 -0.007439 -0.066949 -0.046731 0.096704 0.094416
1757580042.692618 0.005913 0.034142 0.015831 -0.007439 -0.066949 -0.046731 0.096704 0.094034
1757580042.694621 0.005531 0.034142 0.015831 -0.007439 -0.066949 -0.046731 0.096704 0.094034
1757580042.696657 0.005531 0.033761 0.015831 -0.007439 -0.066949 -0.046731 0.096704 0.094034
1757580042.698643 0.005531 0.033761 0.015831 -0.007439 -0.066949 -0.046731 0.096704 0.094034
1757580042.700667 0.005531 0.033761 0.015831 -0.007439 -0.066949 -0.046350 0.096704 0.094034
1757580042.702652 0.005531 0.033761 0.015831 -0.007439 -0.066949 -0.046350 0.096704 0.094034
1757580042.704624 0.005531 0.033380 0.015831 -0.007439 -0.066949 -0.046350 0.096704 0.094034
1757580042.706655 0.005531 0.033380 0.015831 -0.007439 -0.066949 -0.046350 0.096704 0.094034
1757580042.708621 0.005150 0.033380 0.015831 -0.007439 -0.066949 -0.045968 0.096704 0.094034
1757580042.710656 0.005150 0.033380 0.015831 -0.007439 -0.066949 -0.045968 0.096704 0.094034
1757580042.712616 0.005150 0.033380 0.015831 -0.007439 -0.066949 -0.045968 0.096704 0.094034
1757580042.714669 0.005150 0.032998 0.015831 -0.007439 -0.066949 -0.045968 0.096704 0.094034
1757580042.716617 0.005150 0.032998 0.015831 -0.007439 -0.066949 -0.045968 0.096704 0.094034
1757580042.718682 0.005150 0.032998 0.015831 -0.007439 -0.066949 -0.045587 0.096704 0.094034
1757580042.720624 0.005150 0.032998 0.015831 -0.007439 -0.066949 -0.045587 0.096704 0.094034
1757580042.722637 0.004768 0.032998 0.015831 -0.007439 -0.066949 -0.045587 0.096704 0.094034
1757580042.724669 0.004768 0.032617 0.015831 -0.007439 -0.066949 -0.045587 0.096704 0.094416
1757580042.726665 0.004768 0.032617 0.015831 -0.007439 -0.066949 -0.045205 0.096704 0.094034
1757580042.728625 0.004768 0.032617 0.015831 -0.007439 -0.066949 -0.045205 0.096704 0.094034
1757580042.730657 0.004768 0.032617 0.015831 -0.007439 -0.066949 -0.045205 0.096704 0.094034
1757580042.732693 0.004768 0.032235 0.015831 -0.007439 -0.066949 -0.045205 0.096704 0.094034
1757580042.734661 0.004768 0.032235 0.015831 -0.007439 -0.066949 -0.045205 0.096704 0.094416
1757580042.736630 0.004387 0.032235 0.015831 -0.007439 -0.066949 -0.044824 0.096704 0.094034
1757580042.738657 0.004387 0.032235 0.015831 -0.007439 -0.066949 -0.044824 0.096704 0.094034
1757580042.740629 0.004387 0.032235 0.015831 -0.007439 -0.066949 -0.044824 0.096704 0.094034
1757580042.742646 0.004387 0.031854 0.015831 -0.007439 -0.066949 -0.044824 0.096704 0.094416
1757580042.744617 0.004387 0.031854 0.015831 -0.007439 -0.066949 -0.044442 0.096704 0.094034
1757580042.746695 0.004387 0.031854 0.015831 -0.007439 -0.066949 -0.044442 0.096704 0.094034
1757580042.748627 0.004387 0.031854 0.015831 -0.007439 -0.066949 -0.044442 0.096704 0.094416
1757580042.750709 0.004005 0.031854 0.015831 -0.007439 -0.066949 -0.044442 0.096704 0.094034
1757580042.752659 0.004005 0.031472 0.015831 -0.007439 -0.066949 -0.044061 0.096704 0.094034
1757580042.754672 0.004005 0.031472 0.015831 -0.007439 -0.066949 -0.044061 0.096704 0.094416
1757580042.756701 0.004005 0.031472 0.015831 -0.007439 -0.066949 -0.044061 0.096704 0.094416
1757580042.758659 0.004005 0.031472 0.015831 -0.007439 -0.066949 -0.044061 0.096704 0.094034
1757580042.760690 0.004005 0.031090 0.015831 -0.007439 -0.066949 -0.044061 0.096704 0.094416
1757580042.762643 0.004005 0.031090 0.015831 -0.007439 -0.066949 -0.043679 0.096704 0.094034
1757580042.764637 0.004005 0.031090 0.015831 -0.007439 -0.066949 -0.043679 0.096704 0.094034
1757580042.766632 0.004005 0.031090 0.015831 -0.007439 -0.066949 -0.043679 0.096704 0.094034
1757580042.768630 0.003624 0.031090 0.015831 -0.007439 -0.066949 -0.043679 0.096704 0.094034
1757580042.770662 0.003624 0.030708 0.015831 -0.007439 -0.066949 -0.043298 0.096704 0.094416
1757580042.772619 0.003624 0.030708 0.015831 -0.007439 -0.066949 -0.043298 0.096704 0.094034
1757580042.774628 0.003624 0.030708 0.015831 -0.007439 -0.066949 -0.043298 0.096704 0.094416
1757580042.776614 0.003624 0.030708 0.015831 -0.007439 -0.066949 -0.043298 0.096704 0.094034
1757580042.778637 0.003624 0.030327 0.015831 -0.007439 -0.066949 -0.043298 0.096704 0.094034
1757580042.780617 0.003624 0.030327 0.015831 -0.007439 -0.066949 -0.042916 0.096704 0.094034
1757580042.782629 0.003624 0.030327 0.015831 -0.007439 -0.066949 -0.042916 0.096704 0.094034
1757580042.784614 0.003624 0.030327 0.015831 -0.007439 -0.066949 -0.042916 0.096704 0.094034
1757580042.786624 0.003624 0.030327 0.015831 -0.007439 -0.066949 -0.042916 0.096704 0.094034
1757580042.788710 0.003624 0.029945 0.015831 -0.007439 -0.066949 -0.042535 0.096704 0.094034
1757580042.790631 0.003242 0.029945 0.015831 -0.007439 -0.066949 -0.042535 0.096704 0.094034
1757580042.792622 0.003242 0.029945 0.015831 -0.007439 -0.066949 -0.042535 0.096704 0.094416
1757580042.794660 0.003242 0.029945 0.015831 -0.007439 -0.066949 -0.042535 0.096704 0.094034
1757580042.796636 0.003242 0.029945 0.015831 -0.007439 -0.066949 -0.042535 0.096704 0.094416
1757580042.798681 0.003242 0.029564 0.015831 -0.007439 -0.066949 -0.042153 0.096704 0.094034
1757580042.800646 0.003242 0.029564 0.015831 -0.007439 -0.066949 -0.042153 0.096704 0.094034
1757580042.802667 0.003242 0.029564 0.015831 -0.007439 -0.066949 -0.042153 0.096704 0.094034
1757580042.804646 0.003242 0.029564 0.015831 -0.007439 -0.066949 -0.042153 0.096704 0.094034
1757580042.806660 0.003242 0.029564 0.015831 -0.007439 -0.066949 -0.041772 0.096704 0.094034
1757580042.808662 0.002861 0.029182 0.015831 -0.007439 -0.066949 -0.041772 0.096704 0.094034
1757580042.810650 0.002861 0.029182 0.015831 -0.007439 -0.066949 -0.041772 0.096704 0.094416
1757580042.812687 0.002861 0.029182 0.015831 -0.007439 -0.066949 -0.041772 0.096704 0.094034
1757580042.814652 0.002861 0.029182 0.015831 -0.007439 -0.066949 -0.041772 0.096704 0.094034
1757580042.816689 0.002861 0.029182 0.015831 -0.007439 -0.066949 -0.041390 0.096704 0.094034
1757580042.818654 0.002861 0.028801 0.015831 -0.007439 -0.066949 -0.041390 0.096704 0.094034
1757580042.820658 0.002861 0.028801 0.015831 -0.007439 -0.066949 -0.041390 0.097086 0.094034
1757580042.822631 0.002861 0.028801 0.015831 -0.007439 -0.066949 -0.041390 0.096704 0.094034
1757580042.824618 0.002861 0.028801 0.015831 -0.007439 -0.066949 -0.041009 0.096704 0.094416
1757580042.826626 0.002861 0.028801 0.015831 -0.007439 -0.066949 -0.041009 0.096704 0.094034
1757580042.828610 0.002861 0.028419 0.015831 -0.007439 -0.066949 -0.041009 0.096704 0.094034
1757580042.830606 0.002480 0.028419 0.015831 -0.007439 -0.066949 -0.041009 0.096704 0.094034
1757580042.832623 0.002480 0.028419 0.015831 -0.007439 -0.066949 -0.041009 0.096704 0.094034
1757580042.834614 0.002480 0.028419 0.015831 -0.007439 -0.066949 -0.040627 0.096704 0.094416
1757580042.836614 0.002480 0.028419 0.015831 -0.007439 -0.066949 -0.040627 0.096704 0.094034
1757580042.838609 0.002480 0.028038 0.015831 -0.007439 -0.066949 -0.040627 0.096704 0.094034
1757580042.840616 0.002480 0.028038 0.015831 -0.007439 -0.066949 -0.040627 0.096704 0.094034
1757580042.842616 0.002480 0.028038 0.015831 -0.007439 -0.066949 -0.040246 0.096704 0.094034
1757580042.844611 0.002480 0.028038 0.015831 -0.007439 -0.066949 -0.040246 0.096704 0.094034
1757580042.846677 0.002480 0.028038 0.015831 -0.007439 -0.066949 -0.040246 0.096704 0.094034
1757580042.848619 0.002480 0.027657 0.015831 -0.007439 -0.066949 -0.040246 0.096704 0.094034
1757580042.850711 0.002480 0.027657 0.015831 -0.007439 -0.066949 -0.040246 0.096704 0.094416
1757580042.852662 0.002098 0.027657 0.015831 -0.007439 -0.066949 -0.039865 0.096704 0.094034
1757580042.854669 0.002098 0.027657 0.015831 -0.007439 -0.066949 -0.039865 0.096704 0.094034
1757580042.856666 0.002098 0.027275 0.015831 -0.007439 -0.066949 -0.039865 0.096704 0.094416
1757580042.858665 0.002098 0.027275 0.015831 -0.007439 -0.066949 -0.039865 0.096704 0.094034
1757580042.860664 0.002098 0.027275 0.015831 -0.007439 -0.066949 -0.039865 0.096704 0.094034
1757580042.862662 0.002098 0.027275 0.015831 -0.007439 -0.066949 -0.039483 0.096704 0.094034
1757580042.864663 0.002098 0.027275 0.015831 -0.007439 -0.066949 -0.039483 0.096704 0.094034
1757580042.866644 0.002098 0.026894 0.015831 -0.007439 -0.066949 -0.039483 0.096704 0.094034
1757580042.868664 0.002098 0.026894 0.015831 -0.007439 -0.066949 -0.039483 0.096704 0.094034
1757580042.870662 0.002098 0.026894 0.015831 -0.007439 -0.066949 -0.039102 0.096704 0.094034
1757580042.872664 0.002098 0.026894 0.015831 -0.007439 -0.066949 -0.039102 0.096704 0.094034
1757580042.874663 0.002098 0.026894 0.015831 -0.007439 -0.066949 -0.039102 0.096704 0.094034
1757580042.876663 0.001717 0.026512 0.015831 -0.007439 -0.066949 -0.039102 0.096704 0.094034
1757580042.878663 0.001717 0.026512 0.015831 -0.007439 -0.066949 -0.039102 0.096704 0.094034
1757580042.880674 0.001717 0.026512 0.015831 -0.007439 -0.066949 -0.038720 0.096704 0.094034
1757580042.882668 0.001717 0.026512 0.015831 -0.007439 -0.066949 -0.038720 0.096704 0.094034
1757580042.884660 0.001717 0.026512 0.015831 -0.007439 -0.066949 -0.038720 0.096704 0.094034
1757580042.886674 0.001717 0.026131 0.015831 -0.007439 -0.066949 -0.038720 0.096704 0.094034
1757580042.888705 0.001717 0.026131 0.015831 -0.007439 -0.066949 -0.038339 0.096704 0.094034
1757580042.890676 0.001717 0.026131 0.015831 -0.007439 -0.066949 -0.038339 0.096704 0.094034
1757580042.892643 0.001717 0.026131 0.015831 -0.007439 -0.066949 -0.038339 0.096704 0.094034
1757580042.894637 0.001717 0.026131 0.015831 -0.007439 -0.066949 -0.038339 0.096704 0.094034
1757580042.896642 0.001717 0.025749 0.015831 -0.007439 -0.066949 -0.038339 0.096704 0.094034
1757580042.898631 0.001717 0.025749 0.015831 -0.007439 -0.066949 -0.037957 0.096704 0.094034
1757580042.900631 0.001717 0.025749 0.015831 -0.007439 -0.066949 -0.037957 0.096704 0.094034
1757580042.902625 0.001335 0.025749 0.015831 -0.007439 -0.066949 -0.037957 0.096704 0.094034
1757580042.904641 0.001335 0.025749 0.015831 -0.007439 -0.066949 -0.037957 0.096704 0.094034
1757580042.906622 0.001335 0.025368 0.015831 -0.007439 -0.066949 -0.037576 0.096704 0.094034
1757580042.908622 0.001335 0.025368 0.015831 -0.007439 -0.066949 -0.037576 0.096704 0.094034
1757580042.910623 0.001335 0.025368 0.015831 -0.007439 -0.066949 -0.037576 0.096704 0.094034
1757580042.912646 0.001335 0.025368 0.015831 -0.007439 -0.066949 -0.037576 0.096704 0.094034
1757580042.914617 0.001335 0.025368 0.015831 -0.007439 -0.066949 -0.037576 0.096704 0.094034
1757580042.916630 0.001335 0.024986 0.015831 -0.007439 -0.066949 -0.037194 0.096704 0.094034
1757580042.918612 0.001335 0.024986 0.015831 -0.007439 -0.066949 -0.037194 0.096704 0.094034
1757580042.920614 0.001335 0.024986 0.015831 -0.007439 -0.066949 -0.037194 0.096704 0.094034
1757580042.922608 0.001335 0.024986 0.015831 -0.007439 -0.066949 -0.037194 0.096704 0.094034
1757580042.924619 0.001335 0.024605 0.015831 -0.007439 -0.066949 -0.036813 0.096704 0.094034
1757580042.926620 0.001335 0.024605 0.015831 -0.007439 -0.066949 -0.036813 0.096704 0.094034
1757580042.928626 0.000954 0.024605 0.015831 -0.007439 -0.066949 -0.036813 0.096704 0.094034
1757580042.930630 0.000954 0.024605 0.015831 -0.007439 -0.066949 -0.036813 0.096704 0.094034
1757580042.932646 0.000954 0.024605 0.015831 -0.007439 -0.066949 -0.036813 0.096704 0.094034
1757580042.934655 0.000954 0.024223 0.015831 -0.007439 -0.066949 -0.036431 0.096704 0.094034
1757580042.936666 0.000954 0.024223 0.015831 -0.007439 -0.066949 -0.036431 0.096704 0.094034
1757580042.938701 0.000954 0.024223 0.015831 -0.007439 -0.066949 -0.036431 0.096704 0.094034
1757580042.940646 0.000954 0.024223 0.015831 -0.007439 -0.066949 -0.036431 0.096704 0.094034
1757580042.942623 0.000954 0.024223 0.015831 -0.007439 -0.066949 -0.036050 0.096704 0.094034
1757580042.944640 0.000954 0.023842 0.015831 -0.007439 -0.066949 -0.036050 0.096704 0.094034
1757580042.946618 0.000954 0.023842 0.015831 -0.007439 -0.066949 -0.036050 0.096704 0.094034
1757580042.948693 0.000572 0.023842 0.015831 -0.007439 -0.066949 -0.036050 0.096704 0.094034
1757580042.950639 0.000572 0.023842 0.015831 -0.007439 -0.066949 -0.035668 0.096704 0.094034
1757580042.952627 0.000572 0.023842 0.015831 -0.007439 -0.066949 -0.035668 0.096704 0.094034
1757580042.954613 0.000572 0.023460 0.015831 -0.007439 -0.066949 -0.035668 0.096704 0.094034
1757580042.956696 0.000572 0.023460 0.015831 -0.007439 -0.066949 -0.035668 0.096704 0.094034
1757580042.958679 0.000572 0.023460 0.015831 -0.007439 -0.066949 -0.035668 0.096704 0.094034
1757580042.960675 0.000572 0.023460 0.015831 -0.007439 -0.066949 -0.035287 0.096704 0.094034
1757580042.962666 0.000572 0.023460 0.015831 -0.007439 -0.066949 -0.035287 0.096704 0.094034
1757580042.964677 0.000572 0.023079 0.015831 -0.007439 -0.066949 -0.035287 0.096704 0.094034
1757580042.966630 0.000572 0.023079 0.015831 -0.007439 -0.066949 -0.035287 0.096704 0.094034
1757580042.968663 0.000572 0.023079 0.015831 -0.007439 -0.066949 -0.035287 0.096704 0.094034
1757580042.970668 0.000572 0.023079 0.015831 -0.007439 -0.066949 -0.034905 0.096704 0.094034
1757580042.972673 0.000191 0.022697 0.015831 -0.007439 -0.066949 -0.034905 0.096704 0.094034
1757580042.974728 0.000191 0.022697 0.015831 -0.007439 -0.066949 -0.034905 0.096704 0.094034
1757580042.976639 0.000191 0.022697 0.015831 -0.007439 -0.066949 -0.034905 0.096704 0.094034
1757580042.978615 0.000191 0.022697 0.015831 -0.007439 -0.066949 -0.034524 0.096704 0.094034
1757580042.980625 0.000191 0.022697 0.015831 -0.007439 -0.066949 -0.034524 0.096704 0.094034
1757580042.982619 0.000191 0.022316 0.015831 -0.007439 -0.066949 -0.034524 0.096704 0.094034
1757580042.984614 0.000191 0.022316 0.015831 -0.007439 -0.066949 -0.034524 0.096704 0.094034
1757580042.986619 0.000191 0.022316 0.015831 -0.007439 -0.066949 -0.034142 0.096704 0.094034
1757580042.988609 0.000191 0.022316 0.015831 -0.007439 -0.066949 -0.034142 0.096704 0.094034
1757580042.990608 0.000191 0.022316 0.015831 -0.007439 -0.066949 -0.034142 0.096704 0.094034
1757580042.992644 0.000191 0.021935 0.015831 -0.007439 -0.067330 -0.034142 0.096704 0.094034
1757580042.994617 0.000191 0.021935 0.015831 -0.007439 -0.067330 -0.034142 0.096704 0.094034
1757580042.996628 0.000191 0.021935 0.015831 -0.007439 -0.067330 -0.033761 0.096704 0.094034
1757580042.998613 0.000191 0.021935 0.015831 -0.007439 -0.067330 -0.033761 0.096704 0.094034
1757580043.000625 0.000191 0.021935 0.015831 -0.007439 -0.067330 -0.033761 0.096704 0.094034
1757580043.002615 0.000191 0.021553 0.015831 -0.007439 -0.067330 -0.033761 0.096704 0.094034
1757580043.004614 -0.000191 0.021553 0.015831 -0.007439 -0.067330 -0.033761 0.096704 0.094034
1757580043.006631 -0.000191 0.021553 0.015831 -0.007439 -0.067330 -0.033380 0.096704 0.094034
1757580043.008611 -0.000191 0.021553 0.015831 -0.007439 -0.067330 -0.033380 0.096704 0.094034
1757580043.010651 -0.000191 0.021553 0.015831 -0.007439 -0.067330 -0.033380 0.096704 0.094034
1757580043.012634 -0.000191 0.021172 0.015831 -0.007439 -0.067330 -0.033380 0.096704 0.094034
1757580043.014617 -0.000191 0.021172 0.015831 -0.007439 -0.067330 -0.032998 0.096704 0.094034
1757580043.016619 -0.000191 0.021172 0.015831 -0.007439 -0.067330 -0.032998 0.097086 0.094034
1757580043.018615 -0.000191 0.021172 0.015831 -0.007439 -0.067330 -0.032998 0.096704 0.094034
1757580043.020608 -0.000191 0.021172 0.015831 -0.007439 -0.067330 -0.032998 0.096704 0.094034
1757580043.022611 -0.000191 0.020790 0.015831 -0.007439 -0.067330 -0.032617 0.096704 0.094034
1757580043.024608 -0.000191 0.020790 0.015831 -0.007439 -0.067330 -0.032617 0.096704 0.094034
1757580043.026624 -0.000191 0.020790 0.015831 -0.007439 -0.067330 -0.032617 0.096704 0.094034
1757580043.028610 -0.000191 0.020790 0.015831 -0.007439 -0.067330 -0.032617 0.096704 0.094034
1757580043.030614 -0.000191 0.020790 0.015831 -0.007439 -0.067330 -0.032235 0.096704 0.094034
1757580043.032609 -0.000572 0.020790 0.015831 -0.007439 -0.067330 -0.032235 0.096704 0.094034
1757580043.034616 -0.000572 0.020409 0.015831 -0.007439 -0.067330 -0.032235 0.096704 0.094034
1757580043.036653 -0.000572 0.020409 0.015831 -0.007439 -0.067330 -0.032235 0.096704 0.094034
1757580043.038634 -0.000572 0.020409 0.015831 -0.007439 -0.067330 -0.031854 0.096704 0.094034
1757580043.040608 -0.000572 0.020409 0.015831 -0.007439 -0.067330 -0.031854 0.096704 0.094034
1757580043.042620 -0.000572 0.020409 0.015831 -0.007439 -0.067330 -0.031854 0.096704 0.094034
1757580043.044611 -0.000572 0.020027 0.015831 -0.007439 -0.067330 -0.031854 0.096704 0.094034
1757580043.046615 -0.000572 0.020027 0.015831 -0.007439 -0.067330 -0.031854 0.096704 0.094034
1757580043.048612 -0.000572 0.020027 0.015831 -0.007439 -0.067330 -0.031472 0.096704 0.094034
1757580043.050618 -0.000572 0.020027 0.015831 -0.007439 -0.067330 -0.031472 0.096704 0.094034
1757580043.052610 -0.000572 0.020027 0.015831 -0.007439 -0.067330 -0.031472 0.096704 0.094034
1757580043.054625 -0.000572 0.019646 0.015831 -0.007439 -0.067330 -0.031472 0.096704 0.094034
1757580043.056613 -0.000572 0.019646 0.015831 -0.007439 -0.067330 -0.031090 0.096704 0.094034
1757580043.058606 -0.000572 0.019646 0.015831 -0.007439 -0.067330 -0.031090 0.096704 0.094034
1757580043.060606 -0.000954 0.019646 0.015831 -0.007439 -0.067330 -0.031090 0.096704 0.094034
1757580043.062624 -0.000954 0.019264 0.015831 -0.007439 -0.067330 -0.031090 0.096704 0.094034
1757580043.064607 -0.000954 0.019264 0.015831 -0.007439 -0.067330 -0.031090 0.096704 0.094034
1757580043.066607 -0.000954 0.019264 0.015831 -0.007439 -0.067330 -0.030708 0.096704 0.094034
1757580043.068649 -0.000954 0.019264 0.015831 -0.007439 -0.067330 -0.030708 0.096704 0.094034
1757580043.070638 -0.000954 0.019264 0.015831 -0.007439 -0.067330 -0.030708 0.096704 0.094034
1757580043.072657 -0.000954 0.018883 0.015831 -0.007439 -0.067330 -0.030708 0.096704 0.094034
1757580043.074638 -0.000954 0.018883 0.015831 -0.007439 -0.067330 -0.030708 0.096704 0.094034
1757580043.076615 -0.000954 0.018883 0.015831 -0.007439 -0.067330 -0.030327 0.096704 0.094034
1757580043.078628 -0.000954 0.018883 0.015831 -0.007439 -0.067330 -0.030327 0.096704 0.094034
1757580043.080611 -0.000954 0.018883 0.015831 -0.007439 -0.067330 -0.030327 0.096704 0.094034
1757580043.082620 -0.000954 0.018501 0.015831 -0.007439 -0.067330 -0.030327 0.096704 0.094034
1757580043.084609 -0.000954 0.018501 0.015831 -0.007439 -0.067330 -0.030327 0.096704 0.094034
1757580043.086646 -0.001335 0.018501 0.015831 -0.007439 -0.067330 -0.029945 0.096704 0.094034
1757580043.088635 -0.001335 0.018501 0.015831 -0.007439 -0.067330 -0.029945 0.096704 0.094034
1757580043.090645 -0.001335 0.018501 0.015831 -0.007439 -0.067330 -0.029945 0.096704 0.094034
1757580043.092638 -0.001335 0.018120 0.015831 -0.007439 -0.067330 -0.029945 0.096704 0.094034
1757580043.094648 -0.001335 0.018120 0.015831 -0.007439 -0.067330 -0.029564 0.096704 0.094034
1757580043.096626 -0.001335 0.018120 0.015831 -0.007439 -0.067330 -0.029564 0.096704 0.094034
1757580043.098628 -0.001335 0.018120 0.015831 -0.007439 -0.067330 -0.029564 0.096704 0.094034
1757580043.100674 -0.001335 0.018120 0.015831 -0.007439 -0.067330 -0.029564 0.096704 0.094034
1757580043.102681 -0.001335 0.017738 0.015831 -0.007439 -0.067330 -0.029564 0.096704 0.094034
1757580043.104643 -0.001335 0.017738 0.015831 -0.007439 -0.067330 -0.029182 0.096704 0.094034
1757580043.106632 -0.001335 0.017738 0.015831 -0.007439 -0.067330 -0.029182 0.096704 0.094034
1757580043.108626 -0.001335 0.017738 0.015831 -0.007439 -0.067330 -0.029182 0.096704 0.094034
1757580043.110632 -0.001717 0.017738 0.015831 -0.007439 -0.067712 -0.029182 0.096704 0.094034
1757580043.112621 -0.001717 0.017357 0.015831 -0.007439 -0.067712 -0.029182 0.096704 0.094034
1757580043.114624 -0.001717 0.017357 0.015831 -0.007439 -0.067712 -0.028801 0.096704 0.094034
1757580043.116610 -0.001717 0.017357 0.015831 -0.007439 -0.067712 -0.028801 0.096704 0.094034
1757580043.118630 -0.001717 0.017357 0.015831 -0.007439 -0.067712 -0.028801 0.096704 0.094034
1757580043.120616 -0.001717 0.017357 0.015831 -0.007439 -0.067712 -0.028801 0.096704 0.094034
1757580043.122630 -0.001717 0.016975 0.015831 -0.007439 -0.067712 -0.028801 0.096704 0.094034
1757580043.124615 -0.001717 0.016975 0.015831 -0.007439 -0.067712 -0.028419 0.096704 0.094034
1757580043.126606 -0.001717 0.016975 0.015831 -0.007439 -0.067712 -0.028419 0.096704 0.094034
1757580043.128604 -0.001717 0.016975 0.015831 -0.007439 -0.067712 -0.028419 0.096704 0.094034
1757580043.130733 -0.001717 0.016594 0.015831 -0.007439 -0.067712 -0.028419 0.096704 0.094034
1757580043.132643 -0.001717 0.016594 0.015831 -0.007439 -0.067712 -0.028038 0.096704 0.094034
1757580043.134609 -0.001717 0.016594 0.015831 -0.007439 -0.067712 -0.028038 0.096704 0.094034
1757580043.136612 -0.001717 0.016594 0.015831 -0.007439 -0.067712 -0.028038 0.096704 0.094034
1757580043.138609 -0.002098 0.016594 0.015831 -0.007439 -0.067712 -0.028038 0.096704 0.094034
1757580043.140625 -0.002098 0.016212 0.015831 -0.007439 -0.067712 -0.028038 0.096704 0.094034
1757580043.142616 -0.002098 0.016212 0.015831 -0.007439 -0.067712 -0.027657 0.096704 0.094034
1757580043.144610 -0.002098 0.016212 0.015831 -0.007439 -0.067712 -0.027657 0.096704 0.094034
1757580043.146610 -0.002098 0.016212 0.015831 -0.007439 -0.067712 -0.027657 0.096704 0.094034
1757580043.148614 -0.002098 0.016212 0.015831 -0.007439 -0.067712 -0.027657 0.096704 0.094034
1757580043.150605 -0.002098 0.015831 0.015831 -0.007439 -0.067712 -0.027657 0.096704 0.094034
1757580043.152611 -0.002098 0.015831 0.015831 -0.007439 -0.067712 -0.027275 0.096704 0.094034
1757580043.154606 -0.002098 0.015831 0.015831 -0.007439 -0.067712 -0.027275 0.096704 0.094034
1757580043.156614 -0.002098 0.015831 0.015831 -0.007439 -0.067712 -0.027275 0.096704 0.094034
1757580043.158607 -0.002098 0.015831 0.015831 -0.007439 -0.067712 -0.027275 0.096704 0.094034
1757580043.160613 -0.002480 0.015450 0.015831 -0.007439 -0.067712 -0.027275 0.096704 0.094034
1757580043.162635 -0.002480 0.015450 0.015831 -0.007439 -0.067712 -0.026894 0.096704 0.094034
1757580043.164627 -0.002480 0.015450 0.015831 -0.007439 -0.067712 -0.026894 0.096704 0.094034
1757580043.166608 -0.002480 0.015450 0.015831 -0.007439 -0.067712 -0.026894 0.096704 0.094034
1757580043.168614 -0.002480 0.015450 0.015831 -0.007439 -0.067330 -0.026894 0.096704 0.094034
1757580043.170605 -0.002480 0.015068 0.015831 -0.007439 -0.067712 -0.026512 0.096704 0.094034
1757580043.172617 -0.002480 0.015068 0.015831 -0.007439 -0.067712 -0.026512 0.096704 0.094034
1757580043.174606 -0.002480 0.015068 0.015831 -0.007439 -0.067330 -0.026512 0.096704 0.094034
1757580043.176614 -0.002480 0.015068 0.015831 -0.007439 -0.067330 -0.026512 0.096704 0.094034
1757580043.178605 -0.002480 0.015068 0.015831 -0.007439 -0.067712 -0.026512 0.096704 0.094034
1757580043.180618 -0.002480 0.014687 0.015831 -0.007439 -0.067330 -0.026131 0.096704 0.094034
1757580043.182608 -0.002480 0.014687 0.015831 -0.007439 -0.067712 -0.026131 0.096704 0.094034
1757580043.184615 -0.002480 0.014687 0.015831 -0.007439 -0.067712 -0.026131 0.096704 0.094034
1757580043.186606 -0.002480 0.014687 0.015831 -0.007439 -0.067712 -0.026131 0.096704 0.094034
1757580043.188635 -0.002861 0.014687 0.015831 -0.007439 -0.067712 -0.026131 0.096704 0.094034
1757580043.190659 -0.002861 0.014687 0.015831 -0.007439 -0.067330 -0.026131 0.096704 0.094034
1757580043.192696 -0.002861 0.014305 0.015831 -0.007439 -0.067330 -0.025749 0.096704 0.094034
1757580043.194665 -0.002861 0.014305 0.015831 -0.007439 -0.067330 -0.025749 0.096704 0.094034
1757580043.196666 -0.002861 0.014305 0.015831 -0.007439 -0.067712 -0.025749 0.096704 0.094034
1757580043.198702 -0.002861 0.014305 0.015831 -0.007439 -0.067712 -0.025749 0.096704 0.094034
1757580043.200643 -0.002861 0.013924 0.015831 -0.007439 -0.067330 -0.025749 0.096704 0.094034
1757580043.202624 -0.002861 0.013924 0.015831 -0.007439 -0.067330 -0.025368 0.096704 0.094034
1757580043.204634 -0.002861 0.013924 0.015831 -0.007439 -0.067330 -0.025368 0.096704 0.094034
1757580043.206616 -0.002861 0.013924 0.015831 -0.007439 -0.067330 -0.025368 0.096704 0.094034
1757580043.208625 -0.002861 0.013924 0.015831 -0.007439 -0.067330 -0.025368 0.096704 0.094034
1757580043.210653 -0.003242 0.013542 0.015831 -0.007439 -0.067330 -0.024986 0.097086 0.094034
1757580043.212614 -0.003242 0.013542 0.015831 -0.007439 -0.067330 -0.024986 0.096704 0.094034
1757580043.214627 -0.003242 0.013542 0.015831 -0.007439 -0.067330 -0.024986 0.096704 0.094034
1757580043.216631 -0.003242 0.013542 0.015831 -0.007439 -0.067330 -0.024986 0.096704 0.094034
1757580043.218626 -0.003242 0.013542 0.015831 -0.007439 -0.067330 -0.024986 0.096704 0.094034
1757580043.220612 -0.003242 0.013542 0.015831 -0.007439 -0.067330 -0.024605 0.096704 0.094034
1757580043.222676 -0.003242 0.013161 0.015831 -0.007439 -0.067330 -0.024605 0.096704 0.094034
1757580043.224638 -0.003242 0.013161 0.015831 -0.007439 -0.067330 -0.024605 0.096704 0.094034
1757580043.226612 -0.003242 0.013161 0.015831 -0.007439 -0.067330 -0.024605 0.096704 0.094034
1757580043.228617 -0.003242 0.013161 0.015831 -0.007439 -0.067330 -0.024605 0.096704 0.094034
1757580043.230628 -0.003624 0.013161 0.015831 -0.007439 -0.067330 -0.024605 0.096704 0.094034
1757580043.232638 -0.003624 0.012779 0.015831 -0.007439 -0.067330 -0.024223 0.096704 0.094034
1757580043.234616 -0.003624 0.012779 0.015831 -0.007439 -0.067330 -0.024223 0.096704 0.094034
1757580043.236613 -0.003624 0.012779 0.015831 -0.007439 -0.067330 -0.024223 0.096704 0.094034
1757580043.238620 -0.003624 0.012779 0.015831 -0.007439 -0.067330 -0.024223 0.096704 0.094034
1757580043.240677 -0.003624 0.012398 0.015831 -0.007439 -0.067330 -0.023842 0.096704 0.094034
1757580043.242686 -0.003624 0.012398 0.015831 -0.007439 -0.067330 -0.023842 0.096704 0.094034
1757580043.244669 -0.003624 0.012398 0.015831 -0.007439 -0.067330 -0.023842 0.096704 0.094034
1757580043.246680 -0.003624 0.012398 0.015831 -0.007439 -0.067330 -0.023842 0.096704 0.094034
1757580043.248687 -0.003624 0.012398 0.015831 -0.007439 -0.067330 -0.023842 0.096704 0.094034
1757580043.250682 -0.004005 0.012016 0.015831 -0.007439 -0.067330 -0.023460 0.096704 0.094034
1757580043.252654 -0.004005 0.012016 0.015831 -0.007439 -0.067330 -0.023460 0.096704 0.094034
1757580043.254714 -0.004005 0.012016 0.015831 -0.007439 -0.067330 -0.023460 0.096704 0.094416
1757580043.256694 -0.004005 0.012016 0.015831 -0.007439 -0.067330 -0.023460 0.096704 0.094034
1757580043.258662 -0.004005 0.012016 0.015831 -0.007439 -0.067330 -0.023460 0.096704 0.094034
1757580043.260722 -0.004005 0.012016 0.015831 -0.007439 -0.067330 -0.023079 0.096704 0.094034
1757580043.262719 -0.004005 0.011635 0.015831 -0.007439 -0.067330 -0.023079 0.096704 0.094034
1757580043.264687 -0.004005 0.011635 0.015831 -0.007439 -0.067330 -0.023079 0.096704 0.094034
1757580043.266678 -0.004005 0.011635 0.015831 -0.007439 -0.067330 -0.023079 0.096704 0.094034
1757580043.268663 -0.004005 0.011635 0.015831 -0.007439 -0.067330 -0.023079 0.096704 0.094034
1757580043.270678 -0.004005 0.011635 0.015831 -0.007439 -0.067330 -0.022697 0.096704 0.094034
1757580043.272663 -0.004387 0.011253 0.015831 -0.007439 -0.067330 -0.022697 0.096704 0.094034
1757580043.274698 -0.004387 0.011253 0.015831 -0.007439 -0.067330 -0.022697 0.096704 0.094034
1757580043.276653 -0.004387 0.011253 0.015831 -0.007439 -0.067330 -0.022697 0.096704 0.094034
1757580043.278681 -0.004387 0.011253 0.015831 -0.007439 -0.067330 -0.022697 0.096704 0.094034
1757580043.280663 -0.004387 0.011253 0.015831 -0.007439 -0.067330 -0.022316 0.096704 0.094034
1757580043.282697 -0.004387 0.010872 0.015831 -0.007439 -0.067330 -0.022316 0.096704 0.094034
1757580043.284666 -0.004387 0.010872 0.015831 -0.007439 -0.067330 -0.022316 0.096704 0.094034
1757580043.286692 -0.004387 0.010872 0.015831 -0.007439 -0.067330 -0.022316 0.096704 0.094034
1757580043.288683 -0.004387 0.010872 0.015831 -0.007439 -0.067330 -0.021935 0.096704 0.094034
1757580043.290667 -0.004387 0.010872 0.015831 -0.007439 -0.067330 -0.021935 0.096704 0.094034
1757580043.292683 -0.004387 0.010872 0.015831 -0.007439 -0.067330 -0.021935 0.096704 0.094034
1757580043.294669 -0.004768 0.010490 0.015831 -0.007439 -0.067330 -0.021935 0.096704 0.094034
1757580043.296671 -0.004768 0.010490 0.015831 -0.007439 -0.067330 -0.021935 0.096704 0.094034
1757580043.298693 -0.004768 0.010490 0.015831 -0.007439 -0.067330 -0.021553 0.096704 0.094034
1757580043.300629 -0.004768 0.010490 0.015831 -0.007439 -0.067330 -0.021553 0.096704 0.094034
1757580043.302624 -0.004768 0.010490 0.015831 -0.007439 -0.067330 -0.021553 0.096704 0.094034
1757580043.304626 -0.004768 0.010109 0.015831 -0.007439 -0.067330 -0.021553 0.096704 0.094034
1757580043.306623 -0.004768 0.010109 0.015831 -0.007439 -0.067330 -0.021172 0.096704 0.094034
1757580043.308619 -0.004768 0.010109 0.015831 -0.007439 -0.067330 -0.021172 0.096704 0.094034
1757580043.310628 -0.004768 0.010109 0.015831 -0.007439 -0.067330 -0.021172 0.096704 0.094034
1757580043.312621 -0.004768 0.010109 0.015831 -0.007439 -0.067330 -0.021172 0.096704 0.094034
1757580043.314622 -0.004768 0.010109 0.015831 -0.007439 -0.067330 -0.021172 0.096704 0.094034
1757580043.316742 -0.005150 0.009727 0.015831 -0.007439 -0.067330 -0.020790 0.096704 0.094034
1757580043.318654 -0.005150 0.009727 0.015831 -0.007439 -0.067330 -0.020790 0.096704 0.094034
1757580043.320652 -0.005150 0.009727 0.015831 -0.007439 -0.067330 -0.020790 0.096704 0.094034
1757580043.322656 -0.005150 0.009727 0.015831 -0.007439 -0.067330 -0.020790 0.096704 0.094034
1757580043.324630 -0.005150 0.009727 0.015831 -0.007439 -0.067330 -0.020790 0.096704 0.094034
1757580043.326639 -0.005150 0.009346 0.015831 -0.007439 -0.067330 -0.020409 0.096704 0.094034
1757580043.328619 -0.005150 0.009346 0.015831 -0.007439 -0.067330 -0.020409 0.096704 0.094034
1757580043.330616 -0.005150 0.009346 0.015831 -0.007439 -0.067330 -0.020409 0.096704 0.094034
1757580043.332608 -0.005150 0.009346 0.015831 -0.007439 -0.067330 -0.020409 0.096704 0.094034
1757580043.334602 -0.005150 0.009346 0.015831 -0.007439 -0.067330 -0.020409 0.096704 0.094034
1757580043.336605 -0.005150 0.009346 0.015831 -0.007439 -0.067330 -0.020027 0.096704 0.094034
1757580043.338612 -0.005150 0.008965 0.015831 -0.007439 -0.067330 -0.020027 0.096704 0.094034
1757580043.340610 -0.005531 0.008965 0.015831 -0.007439 -0.067330 -0.020027 0.096704 0.094416
1757580043.342607 -0.005531 0.008965 0.015831 -0.007439 -0.067330 -0.020027 0.096704 0.094034
1757580043.344609 -0.005531 0.008965 0.015831 -0.007439 -0.067330 -0.020027 0.096704 0.094034
1757580043.346651 -0.005531 0.008965 0.015831 -0.007439 -0.067330 -0.019646 0.096704 0.094034
1757580043.348627 -0.005531 0.008583 0.015831 -0.007439 -0.067330 -0.019646 0.096704 0.094034
1757580043.350643 -0.005531 0.008583 0.015831 -0.007439 -0.067330 -0.019646 0.096704 0.094034
1757580043.352612 -0.005531 0.008583 0.015831 -0.007439 -0.067330 -0.019646 0.096704 0.094034
1757580043.354641 -0.005531 0.008583 0.015831 -0.007439 -0.067330 -0.019646 0.096704 0.094034
1757580043.356610 -0.005531 0.008583 0.015831 -0.007439 -0.067330 -0.019264 0.096704 0.094034
1757580043.358620 -0.005531 0.008583 0.015831 -0.007439 -0.067330 -0.019264 0.096704 0.094034
1757580043.360614 -0.005531 0.008583 0.015831 -0.007439 -0.067330 -0.019264 0.096704 0.094034
1757580043.362616 -0.005913 0.008202 0.015831 -0.007439 -0.067330 -0.019264 0.096704 0.094034
1757580043.364608 -0.005913 0.008202 0.015831 -0.007439 -0.067330 -0.019264 0.096704 0.094034
1757580043.366609 -0.005913 0.008202 0.015831 -0.007439 -0.067330 -0.018883 0.096704 0.094034
1757580043.368612 -0.005913 0.008202 0.015831 -0.007439 -0.067330 -0.018883 0.096704 0.094034
1757580043.370645 -0.005913 0.008202 0.015831 -0.007439 -0.067330 -0.018883 0.096704 0.094034
1757580043.372610 -0.005913 0.007820 0.015831 -0.007439 -0.067330 -0.018883 0.096704 0.094034
1757580043.374613 -0.005913 0.007820 0.015831 -0.007439 -0.067330 -0.018883 0.096704 0.094034
1757580043.376609 -0.005913 0.007820 0.015831 -0.007439 -0.067330 -0.018501 0.096704 0.094034
1757580043.378739 -0.005913 0.007820 0.015831 -0.007439 -0.067330 -0.018501 0.096704 0.094034
1757580043.380625 -0.005913 0.007820 0.015831 -0.007439 -0.067330 -0.018501 0.096704 0.094034
1757580043.382611 -0.005913 0.007820 0.015831 -0.007439 -0.067330 -0.018501 0.096704 0.094034
1757580043.384610 -0.006294 0.007439 0.015831 -0.007439 -0.067330 -0.018501 0.096704 0.094034
1757580043.386714 -0.006294 0.007439 0.015831 -0.007439 -0.067330 -0.018120 0.096704 0.094034
1757580043.388625 -0.006294 0.007439 0.015831 -0.007439 -0.067330 -0.018120 0.096704 0.094416
1757580043.390614 -0.006294 0.007439 0.015831 -0.007439 -0.067330 -0.018120 0.096704 0.094034
1757580043.392615 -0.006294 0.007439 0.015831 -0.007439 -0.067330 -0.018120 0.096704 0.094034
1757580043.394633 -0.006294 0.007057 0.015831 -0.007439 -0.067330 -0.018120 0.096704 0.094034
1757580043.396610 -0.006294 0.007057 0.015831 -0.007439 -0.067330 -0.018120 0.096704 0.094034
1757580043.398613 -0.006294 0.007057 0.015831 -0.007439 -0.067330 -0.017738 0.096704 0.094034
1757580043.400608 -0.006294 0.007057 0.015831 -0.007439 -0.067330 -0.017738 0.096704 0.094034
1757580043.402614 -0.006294 0.007057 0.015831 -0.007439 -0.067330 -0.017738 0.096704 0.094034
1757580043.404607 -0.006294 0.006676 0.015831 -0.007439 -0.067330 -0.017738 0.096704 0.094034
1757580043.406602 -0.006294 0.006676 0.015831 -0.007439 -0.067330 -0.017738 0.096704 0.094034
1757580043.408613 -0.006676 0.006676 0.015831 -0.007439 -0.067330 -0.017357 0.096704 0.094416
1757580043.410630 -0.006676 0.006676 0.015831 -0.007439 -0.067330 -0.017357 0.096704 0.094034
1757580043.412607 -0.006676 0.006676 0.015831 -0.007439 -0.067330 -0.017357 0.096704 0.094034
1757580043.414615 -0.006676 0.006294 0.015831 -0.007439 -0.067330 -0.017357 0.096704 0.094034
1757580043.416665 -0.006676 0.006294 0.015831 -0.007439 -0.067330 -0.017357 0.096704 0.094034
1757580043.418633 -0.006676 0.006294 0.015831 -0.007439 -0.067330 -0.016975 0.096704 0.094034
1757580043.420606 -0.006676 0.006294 0.015831 -0.007439 -0.067330 -0.016975 0.096704 0.094034
1757580043.422604 -0.006676 0.006294 0.015831 -0.007439 -0.067330 -0.016975 0.096704 0.094034
1757580043.424615 -0.006676 0.006294 0.015831 -0.007439 -0.067330 -0.016975 0.096704 0.094034
1757580043.426601 -0.006676 0.005913 0.015831 -0.007439 -0.067330 -0.016975 0.096704 0.094416
1757580043.428604 -0.006676 0.005913 0.015831 -0.007439 -0.067330 -0.016594 0.096704 0.094034
1757580043.430605 -0.006676 0.005913 0.015831 -0.007439 -0.067330 -0.016594 0.096704 0.094034
1757580043.432619 -0.006676 0.005913 0.015831 -0.007439 -0.067330 -0.016594 0.096704 0.094034
1757580043.434604 -0.006676 0.005913 0.015831 -0.007439 -0.067330 -0.016594 0.096704 0.094416
1757580043.436610 -0.006676 0.005531 0.015831 -0.007439 -0.067330 -0.016594 0.096704 0.094034
1757580043.438605 -0.007057 0.005531 0.015831 -0.007439 -0.067330 -0.016212 0.096704 0.094034
1757580043.440658 -0.006676 0.005531 0.015831 -0.007439 -0.067330 -0.016212 0.096704 0.094416
1757580043.442613 -0.007057 0.005531 0.015831 -0.007439 -0.067330 -0.016212 0.096704 0.094034
1757580043.444608 -0.007057 0.005531 0.015831 -0.007439 -0.067330 -0.016212 0.096704 0.094034
1757580043.446609 -0.007057 0.005150 0.015831 -0.007439 -0.067330 -0.016212 0.096704 0.094034
1757580043.448670 -0.007057 0.005150 0.015831 -0.007439 -0.067330 -0.015831 0.096704 0.094034
1757580043.450610 -0.007057 0.005150 0.015831 -0.007439 -0.067330 -0.015831 0.096704 0.094034
1757580043.452615 -0.007057 0.005150 0.015831 -0.007439 -0.067330 -0.015831 0.096704 0.094034
1757580043.454617 -0.007057 0.005150 0.015831 -0.007439 -0.067330 -0.015831 0.096704 0.094034
1757580043.456630 -0.007057 0.005150 0.015831 -0.007439 -0.067330 -0.015450 0.096704 0.094034
1757580043.458616 -0.007057 0.005150 0.015831 -0.007439 -0.067330 -0.015450 0.096704 0.094034
1757580043.460604 -0.007057 0.005150 0.015831 -0.007439 -0.067330 -0.015450 0.096704 0.094034
1757580043.462603 -0.007057 0.005150 0.015831 -0.007439 -0.067330 -0.015450 0.096704 0.094034
1757580043.464627 -0.007057 0.005150 0.015831 -0.007439 -0.067330 -0.015450 0.096704 0.094034
1757580043.466609 -0.007057 0.005150 0.015831 -0.007439 -0.067330 -0.015068 0.096704 0.094034
1757580043.468615 -0.007057 0.005150 0.015831 -0.007439 -0.067330 -0.015068 0.096704 0.094034
1757580043.470601 -0.007057 0.005150 0.015831 -0.007439 -0.067330 -0.015068 0.096704 0.094034
1757580043.472638 -0.007057 0.005150 0.015831 -0.007439 -0.067330 -0.015068 0.096704 0.094416
1757580043.474612 -0.007057 0.005150 0.015831 -0.007439 -0.067330 -0.015068 0.096704 0.094034
1757580043.476650 -0.007057 0.005150 0.015831 -0.007439 -0.067330 -0.014687 0.096704 0.094034
1757580043.478620 -0.007057 0.005150 0.015831 -0.007439 -0.067330 -0.014687 0.096704 0.094416
1757580043.480637 -0.007057 0.005150 0.015831 -0.007439 -0.067330 -0.014687 0.096704 0.094034
1757580043.482615 -0.007057 0.005150 0.015831 -0.007439 -0.067330 -0.014687 0.096704 0.094034
1757580043.484617 -0.007057 0.005150 0.015831 -0.007439 -0.067330 -0.014687 0.096704 0.094034
1757580043.486627 -0.007057 0.005150 0.015831 -0.007439 -0.067330 -0.014305 0.096704 0.094034
1757580043.488625 -0.007057 0.004768 0.015831 -0.007439 -0.067330 -0.014305 0.096704 0.094034
1757580043.490609 -0.007057 0.004768 0.015831 -0.007439 -0.067330 -0.014305 0.096704 0.094034
1757580043.492627 -0.007057 0.004768 0.015831 -0.007439 -0.067330 -0.014305 0.096704 0.094034
1757580043.494609 -0.007057 0.004768 0.015831 -0.007439 -0.067330 -0.014305 0.096704 0.094034
1757580043.496610 -0.007057 0.004768 0.015831 -0.007439 -0.067330 -0.013924 0.096704 0.094034
1757580043.498604 -0.007057 0.004768 0.015831 -0.007439 -0.067330 -0.013924 0.096704 0.094034
1757580043.500629 -0.007057 0.004768 0.015831 -0.007439 -0.067330 -0.013924 0.096704 0.094034
1757580043.502689 -0.007057 0.004768 0.015831 -0.007439 -0.067330 -0.013924 0.096704 0.094034
1757580043.504622 -0.007057 0.004768 0.015831 -0.007439 -0.067330 -0.013924 0.096704 0.094034
1757580043.506621 -0.007057 0.004768 0.015831 -0.007439 -0.067330 -0.013542 0.096704 0.094034
1757580043.508631 -0.007057 0.004768 0.015831 -0.007439 -0.067330 -0.013542 0.096704 0.094416
1757580043.510622 -0.007057 0.004768 0.015831 -0.007439 -0.067330 -0.013542 0.096704 0.094034
1757580043.512622 -0.007057 0.004768 0.015831 -0.007439 -0.067330 -0.013542 0.096704 0.094034
1757580043.514616 -0.007057 0.004768 0.015831 -0.007439 -0.067330 -0.013161 0.096704 0.094416
1757580043.516628 -0.007057 0.004768 0.015831 -0.007439 -0.067330 -0.013161 0.096704 0.094034
1757580043.518618 -0.007057 0.004768 0.015831 -0.007057 -0.067330 -0.013161 0.096704 0.094034
1757580043.520618 -0.007057 0.004768 0.015831 -0.007057 -0.067330 -0.013161 0.096704 0.094034
1757580043.522620 -0.007057 0.004768 0.015831 -0.007057 -0.067330 -0.013161 0.096704 0.094034
1757580043.524623 -0.007057 0.004768 0.015831 -0.007439 -0.067330 -0.012779 0.096704 0.094034
1757580043.526625 -0.007057 0.004768 0.015831 -0.007057 -0.067330 -0.012779 0.096704 0.094416
1757580043.528618 -0.007057 0.004768 0.015831 -0.007439 -0.067330 -0.012779 0.096704 0.094034
1757580043.530617 -0.007057 0.004768 0.015831 -0.007439 -0.067330 -0.012779 0.096704 0.094416
1757580043.532729 -0.007057 0.004768 0.015831 -0.007439 -0.067330 -0.012779 0.096704 0.094416
1757580043.534642 -0.007057 0.004768 0.015831 -0.007057 -0.067330 -0.012398 0.096704 0.094416
1757580043.536628 -0.007057 0.004768 0.015831 -0.007057 -0.067330 -0.012398 0.096704 0.094034
1757580043.538633 -0.007057 0.004768 0.015831 -0.007057 -0.067330 -0.012398 0.096704 0.094034
1757580043.540652 -0.007057 0.004768 0.015831 -0.007057 -0.067330 -0.012398 0.096704 0.094034
1757580043.542622 -0.007057 0.004768 0.015831 -0.007057 -0.067330 -0.012398 0.096704 0.094034
1757580043.544621 -0.007057 0.004768 0.015831 -0.007057 -0.067330 -0.012016 0.096704 0.094034
1757580043.546614 -0.007057 0.004768 0.015831 -0.007057 -0.067330 -0.012016 0.096704 0.094034
1757580043.548654 -0.007057 0.004768 0.015831 -0.007057 -0.067330 -0.012016 0.096704 0.094034
1757580043.550621 -0.007057 0.004768 0.015831 -0.007057 -0.067330 -0.012016 0.096704 0.094034
1757580043.552613 -0.007057 0.004768 0.015831 -0.007057 -0.067330 -0.012016 0.096704 0.094034
1757580043.554619 -0.007057 0.004768 0.015831 -0.007057 -0.067330 -0.011635 0.096704 0.094034
1757580043.556687 -0.007057 0.004768 0.015831 -0.007057 -0.067330 -0.011635 0.096704 0.094034
1757580043.558632 -0.007057 0.004768 0.015831 -0.007057 -0.067330 -0.011635 0.096704 0.094034
1757580043.560664 -0.007057 0.004768 0.015831 -0.007057 -0.067330 -0.011635 0.096704 0.094034
1757580043.562628 -0.007057 0.004768 0.015831 -0.007057 -0.067330 -0.011635 0.096704 0.094034
1757580043.564654 -0.007057 0.004768 0.015831 -0.007057 -0.067330 -0.011253 0.096704 0.094034
1757580043.566632 -0.007057 0.004768 0.015831 -0.007057 -0.067330 -0.011253 0.096704 0.094034
1757580043.568708 -0.007057 0.004768 0.015831 -0.007057 -0.067330 -0.011253 0.096704 0.094034
1757580043.570633 -0.007057 0.004768 0.015831 -0.007057 -0.067330 -0.011253 0.096704 0.094034
1757580043.572624 -0.007057 0.004768 0.015831 -0.007057 -0.067330 -0.011253 0.096704 0.094034
1757580043.574623 -0.007057 0.004768 0.015831 -0.007057 -0.067330 -0.010872 0.096704 0.094416
1757580043.576620 -0.007057 0.004768 0.015831 -0.007057 -0.067330 -0.010872 0.096704 0.094034
1757580043.578621 -0.007057 0.004768 0.015831 -0.007057 -0.067330 -0.010872 0.096704 0.094034
1757580043.580626 -0.007057 0.004768 0.015831 -0.007057 -0.067330 -0.010872 0.096704 0.094416
1757580043.582625 -0.007057 0.004768 0.015831 -0.007057 -0.067330 -0.010872 0.096704 0.094034
1757580043.584622 -0.007057 0.004768 0.015831 -0.007057 -0.067330 -0.010490 0.096704 0.094416
1757580043.586668 -0.007057 0.004768 0.015831 -0.007057 -0.067330 -0.010490 0.096704 0.094034
1757580043.588637 -0.007057 0.004768 0.015831 -0.007057 -0.067330 -0.010490 0.096704 0.094034
1757580043.590626 -0.007057 0.004768 0.015831 -0.007057 -0.067330 -0.010490 0.096704 0.094034
1757580043.592631 -0.007057 0.004768 0.015831 -0.007057 -0.067330 -0.010490 0.096704 0.094034
1757580043.594657 -0.007057 0.004768 0.015831 -0.007057 -0.067330 -0.010109 0.096704 0.094416
1757580043.596661 -0.007057 0.004768 0.015831 -0.007057 -0.067330 -0.010109 0.096704 0.094034
1757580043.598623 -0.007057 0.004768 0.015831 -0.007057 -0.067330 -0.010109 0.096704 0.094034
1757580043.600647 -0.007057 0.004768 0.015831 -0.007057 -0.067330 -0.010109 0.096704 0.094034
1757580043.602640 -0.007057 0.004768 0.015831 -0.007057 -0.067330 -0.010109 0.096704 0.094034
1757580043.604620 -0.007057 0.004768 0.015831 -0.007057 -0.067330 -0.009727 0.096704 0.094034
1757580043.606618 -0.007057 0.004768 0.015831 -0.007057 -0.067330 -0.009727 0.096704 0.094034
1757580043.608625 -0.007057 0.004768 0.015831 -0.007057 -0.067330 -0.009727 0.096704 0.094034
1757580043.610632 -0.007057 0.004768 0.015831 -0.007057 -0.067330 -0.009727 0.096704 0.094034
1757580043.612622 -0.007057 0.004768 0.015831 -0.007057 -0.067330 -0.009727 0.096704 0.094034
1757580043.614619 -0.007057 0.004768 0.015831 -0.007057 -0.067330 -0.009727 0.096704 0.094034
1757580043.616617 -0.007057 0.004768 0.015831 -0.007057 -0.067330 -0.009346 0.096704 0.094034
1757580043.618627 -0.007057 0.004768 0.015831 -0.007057 -0.067330 -0.009346 0.096704 0.094034
1757580043.620621 -0.007057 0.004768 0.015831 -0.007057 -0.067330 -0.009346 0.096704 0.094034
1757580043.622617 -0.007057 0.004768 0.015831 -0.007057 -0.067330 -0.009346 0.096704 0.094416
1757580043.624627 -0.007057 0.004768 0.015831 -0.007057 -0.067330 -0.009346 0.096704 0.094034
1757580043.626717 -0.007057 0.004768 0.015831 -0.007057 -0.067330 -0.009346 0.096704 0.094034
1757580043.628677 -0.007057 0.004768 0.015831 -0.007057 -0.067330 -0.008965 0.096704 0.094034
1757580043.630625 -0.007057 0.004768 0.015831 -0.007057 -0.067330 -0.008965 0.096704 0.094034
1757580043.632622 -0.007057 0.004768 0.015831 -0.007057 -0.067330 -0.008965 0.096704 0.094034
1757580043.634622 -0.007057 0.004768 0.015831 -0.007057 -0.067330 -0.008965 0.096704 0.094416
1757580043.636619 -0.007057 0.004768 0.015831 -0.007057 -0.067330 -0.008965 0.096704 0.094034
1757580043.638628 -0.007057 0.004768 0.015831 -0.007057 -0.067330 -0.008965 0.096704 0.094034
1757580043.640619 -0.007057 0.004768 0.015831 -0.007057 -0.067330 -0.008583 0.096704 0.094034
1757580043.642616 -0.007057 0.004768 0.015831 -0.007057 -0.067330 -0.008583 0.096704 0.094034
1757580043.644622 -0.007057 0.004768 0.015831 -0.007057 -0.067330 -0.008583 0.096704 0.094034
1757580043.646632 -0.007057 0.004768 0.015831 -0.007057 -0.067330 -0.008583 0.096704 0.094416
1757580043.648620 -0.007057 0.004768 0.015831 -0.007057 -0.067330 -0.008583 0.096704 0.094034
1757580043.650615 -0.007057 0.004768 0.015831 -0.007057 -0.067330 -0.008583 0.096704 0.094034
1757580043.652618 -0.007057 0.004768 0.015831 -0.007057 -0.067330 -0.008202 0.096704 0.094416
1757580043.654627 -0.007057 0.004768 0.015831 -0.007057 -0.067330 -0.008202 0.096704 0.094034
1757580043.656624 -0.007057 0.004768 0.015831 -0.007057 -0.067330 -0.008202 0.096704 0.094034
1757580043.658639 -0.007057 0.004768 0.015831 -0.007057 -0.067330 -0.008202 0.096704 0.094034
1757580043.660618 -0.007057 0.004768 0.015831 -0.007057 -0.067330 -0.008202 0.096704 0.094034
1757580043.662628 -0.007057 0.004768 0.015831 -0.007057 -0.067330 -0.008202 0.096704 0.094034
1757580043.664642 -0.007057 0.004768 0.015831 -0.007057 -0.067330 -0.007820 0.096704 0.094034
1757580043.666623 -0.007057 0.004768 0.015831 -0.007057 -0.067330 -0.007820 0.096704 0.094034
1757580043.668617 -0.007057 0.004768 0.015831 -0.007057 -0.067330 -0.007820 0.096704 0.094034
1757580043.670625 -0.007057 0.004768 0.015831 -0.007057 -0.067330 -0.007820 0.096704 0.094034
1757580043.672635 -0.007057 0.004768 0.015831 -0.007057 -0.067330 -0.007820 0.096704 0.094034
1757580043.674616 -0.007057 0.004768 0.015831 -0.007057 -0.067330 -0.007820 0.096704 0.094034
1757580043.676616 -0.007057 0.004768 0.015831 -0.007057 -0.067330 -0.007439 0.096704 0.094034
1757580043.678641 -0.007057 0.004768 0.015831 -0.007057 -0.067330 -0.007439 0.096704 0.094034
1757580043.680619 -0.007057 0.004768 0.015831 -0.007057 -0.067330 -0.007439 0.096704 0.094034
1757580043.682614 -0.007057 0.004768 0.015831 -0.007057 -0.067330 -0.007439 0.096704 0.094034
1757580043.684616 -0.007057 0.004768 0.015831 -0.007057 -0.067330 -0.007439 0.096704 0.094034
1757580043.686740 -0.007057 0.004768 0.015831 -0.007057 -0.067330 -0.007439 0.096704 0.094034
1757580043.688807 -0.007057 0.004768 0.015831 -0.007057 -0.067330 -0.007439 0.096704 0.094034
1757580043.690660 -0.007057 0.004768 0.015831 -0.007057 -0.067330 -0.007057 0.096704 0.094034
1757580043.692648 -0.007057 0.004768 0.015831 -0.007057 -0.067330 -0.007057 0.096704 0.094034
1757580043.694682 -0.007057 0.004768 0.015831 -0.007057 -0.067330 -0.007057 0.096704 0.094034
1757580043.696612 -0.007057 0.004768 0.015831 -0.007057 -0.067330 -0.007057 0.096704 0.094034
1757580043.698633 -0.007057 0.004768 0.015831 -0.007057 -0.067330 -0.007057 0.096704 0.094034
1757580043.700616 -0.007057 0.004768 0.015831 -0.007057 -0.067330 -0.007057 0.096704 0.094034
1757580043.702647 -0.007057 0.004768 0.015831 -0.007057 -0.067330 -0.006676 0.096704 0.094034
1757580043.704607 -0.007057 0.004768 0.015831 -0.007057 -0.067330 -0.006676 0.096704 0.094034
1757580043.706625 -0.007057 0.004768 0.015831 -0.007057 -0.067330 -0.006676 0.096704 0.094034
1757580043.708623 -0.007057 0.004768 0.015831 -0.007057 -0.067330 -0.006676 0.096704 0.094034
1757580043.710621 -0.007057 0.004768 0.015831 -0.007057 -0.067330 -0.006676 0.096704 0.094034
1757580043.712602 -0.007057 0.004768 0.015831 -0.007057 -0.067330 -0.006676 0.096704 0.094034
1757580043.714634 -0.007057 0.004768 0.015831 -0.007057 -0.067330 -0.006676 0.096704 0.094034
1757580043.716617 -0.007057 0.004768 0.015831 -0.007057 -0.067330 -0.006294 0.096704 0.094034
1757580043.718623 -0.007057 0.004768 0.015831 -0.007057 -0.067330 -0.006294 0.096704 0.094034
1757580043.720639 -0.007057 0.004768 0.015831 -0.007057 -0.067330 -0.006294 0.096704 0.094034
1757580043.722608 -0.007057 0.004768 0.015831 -0.007057 -0.067330 -0.006294 0.096704 0.094034
1757580043.724615 -0.007057 0.004768 0.015831 -0.007057 -0.067330 -0.006294 0.096704 0.094034
1757580043.726634 -0.007057 0.004768 0.015831 -0.007057 -0.067330 -0.006294 0.096704 0.094034
1757580043.728616 -0.007057 0.004768 0.015831 -0.007057 -0.067330 -0.006294 0.096704 0.094034
1757580043.730623 -0.007057 0.004768 0.015831 -0.007057 -0.067330 -0.005913 0.096704 0.094034
1757580043.732617 -0.007057 0.004768 0.015831 -0.007057 -0.067330 -0.005913 0.096704 0.094034
1757580043.734657 -0.007057 0.004768 0.015831 -0.007057 -0.067330 -0.005913 0.096704 0.094034
1757580043.736623 -0.007057 0.004768 0.015831 -0.007057 -0.067330 -0.005913 0.096704 0.094034
1757580043.738621 -0.007057 0.004768 0.015831 -0.007057 -0.067330 -0.005913 0.096704 0.094034
1757580043.740614 -0.007057 0.004768 0.015831 -0.007057 -0.067330 -0.005913 0.096704 0.094034
1757580043.742621 -0.007057 0.004768 0.015831 -0.007057 -0.067330 -0.005531 0.096704 0.094034
1757580043.744599 -0.007057 0.004768 0.015831 -0.007057 -0.067330 -0.005531 0.096704 0.094034
1757580043.746616 -0.007057 0.004768 0.015831 -0.007057 -0.067330 -0.005531 0.096704 0.094034
1757580043.748621 -0.007057 0.004768 0.015831 -0.007057 -0.067330 -0.005531 0.096704 0.094034
1757580043.750740 -0.007057 0.004768 0.015831 -0.007057 -0.067330 -0.005531 0.096704 0.094034
1757580043.752602 -0.007057 0.004768 0.015831 -0.007057 -0.067330 -0.005531 0.096704 0.094034
1757580043.754620 -0.007057 0.004768 0.015831 -0.007057 -0.067330 -0.005531 0.096704 0.094034
1757580043.756622 -0.007057 0.004768 0.015831 -0.007057 -0.067330 -0.005531 0.096704 0.094034
1757580043.758616 -0.007057 0.004768 0.015831 -0.007057 -0.067330 -0.005150 0.096704 0.094034
1757580043.760601 -0.007057 0.004768 0.015831 -0.007057 -0.067330 -0.005150 0.096704 0.094034
1757580043.762624 -0.007057 0.004768 0.015831 -0.007057 -0.067330 -0.005150 0.096704 0.094034
1757580043.764613 -0.007057 0.004768 0.015831 -0.007057 -0.067330 -0.005150 0.096704 0.094034
1757580043.766615 -0.007057 0.004768 0.015831 -0.007057 -0.067330 -0.005150 0.096704 0.094034
1757580043.768630 -0.007057 0.004768 0.015831 -0.007057 -0.067330 -0.005150 0.096704 0.094034
1757580043.770649 -0.007057 0.004768 0.015831 -0.007057 -0.067330 -0.005150 0.096704 0.094034
1757580043.772601 -0.007057 0.004768 0.015831 -0.007057 -0.067330 -0.005150 0.096704 0.094034
1757580043.774608 -0.007057 0.004768 0.015831 -0.007057 -0.067330 -0.005150 0.096704 0.094034
1757580043.776612 -0.007057 0.004768 0.015831 -0.007057 -0.067330 -0.005150 0.096704 0.094034
1757580043.778606 -0.007057 0.004768 0.015831 -0.007057 -0.067330 -0.005150 0.096704 0.094034
1757580043.780608 -0.007057 0.004768 0.015831 -0.007057 -0.067330 -0.005150 0.096704 0.094416
1757580043.782640 -0.007057 0.004768 0.015831 -0.007057 -0.067330 -0.005150 0.096704 0.094034
1757580043.784638 -0.007057 0.004768 0.015831 -0.007057 -0.067330 -0.005150 0.096704 0.094034
1757580043.786599 -0.007057 0.004768 0.015831 -0.007057 -0.067330 -0.005150 0.096704 0.094416
1757580043.788731 -0.007057 0.004768 0.015831 -0.007057 -0.067330 -0.005150 0.096704 0.094034
1757580043.790709 -0.007057 0.004768 0.015831 -0.007057 -0.067330 -0.005150 0.096704 0.094034
1757580043.792624 -0.007057 0.004768 0.015831 -0.007057 -0.067330 -0.005150 0.096704 0.094416
1757580043.794610 -0.007057 0.004768 0.015831 -0.007057 -0.067330 -0.005150 0.096704 0.094034
1757580043.796608 -0.007057 0.004768 0.015831 -0.007057 -0.067330 -0.005150 0.096704 0.094034
1757580043.798726 -0.007057 0.004768 0.015831 -0.007057 -0.067330 -0.005150 0.096704 0.094034
1757580043.800624 -0.007057 0.004768 0.015831 -0.007057 -0.067330 -0.005150 0.096704 0.094034
1757580043.802624 -0.007057 0.004768 0.015831 -0.007057 -0.067330 -0.005150 0.096704 0.094034
1757580043.804622 -0.007057 0.004768 0.015831 -0.007057 -0.067330 -0.005150 0.096704 0.094034
1757580043.806662 -0.007057 0.004768 0.015831 -0.007057 -0.067330 -0.005150 0.096704 0.094034
1757580043.808624 -0.007057 0.004768 0.015831 -0.007057 -0.067330 -0.005150 0.096704 0.094416
1757580043.810647 -0.007057 0.004768 0.015831 -0.007057 -0.067330 -0.005150 0.096704 0.094034
1757580043.812743 -0.007057 0.004768 0.015831 -0.007057 -0.067330 -0.005150 0.096704 0.094416
1757580043.814648 -0.007057 0.004768 0.015831 -0.007057 -0.067330 -0.005150 0.096704 0.094034
1757580043.816709 -0.007057 0.004768 0.015831 -0.007057 -0.067330 -0.005150 0.096704 0.094034
1757580043.818667 -0.007057 0.004768 0.015831 -0.007057 -0.067330 -0.005150 0.096704 0.094416
1757580043.820666 -0.007057 0.004768 0.015831 -0.007057 -0.067330 -0.005150 0.096704 0.094034
1757580043.822664 -0.007057 0.004768 0.015831 -0.007057 -0.067330 -0.005150 0.096704 0.094034
1757580043.824665 -0.007057 0.004768 0.015831 -0.007057 -0.067330 -0.005150 0.096704 0.094034
1757580043.826665 -0.007057 0.004768 0.015831 -0.007057 -0.067330 -0.005150 0.096704 0.094034
1757580043.828660 -0.007057 0.004768 0.015831 -0.007057 -0.067330 -0.005150 0.096704 0.094034
1757580043.830655 -0.007057 0.004768 0.015831 -0.007057 -0.067330 -0.005150 0.096704 0.094416
1757580043.832659 -0.007057 0.004768 0.015831 -0.007057 -0.067330 -0.005150 0.096704 0.094416
1757580043.834653 -0.007057 0.004768 0.015831 -0.007057 -0.067330 -0.005150 0.096704 0.094416
1757580043.836651 -0.007057 0.004768 0.015831 -0.007057 -0.067330 -0.005150 0.096704 0.094034
1757580043.838655 -0.007057 0.004768 0.015831 -0.007057 -0.067330 -0.005150 0.096704 0.094034
1757580043.840658 -0.007057 0.004768 0.015831 -0.007057 -0.067330 -0.005150 0.096704 0.094416
1757580043.842653 -0.007057 0.004768 0.015831 -0.007057 -0.067330 -0.005150 0.096704 0.094034
1757580043.844667 -0.007057 0.004768 0.015831 -0.007057 -0.067330 -0.005150 0.096704 0.094034
1757580043.846659 -0.007057 0.004768 0.015831 -0.007057 -0.067330 -0.005150 0.096704 0.094034
1757580043.848654 -0.007057 0.004768 0.015831 -0.007057 -0.067330 -0.005150 0.096704 0.094034
1757580043.850663 -0.007057 0.004768 0.015831 -0.007057 -0.067330 -0.005150 0.096704 0.094416
1757580043.852651 -0.007057 0.004768 0.015831 -0.007057 -0.067330 -0.005150 0.096704 0.094034
1757580043.854657 -0.007057 0.004768 0.015831 -0.007057 -0.067330 -0.005150 0.096704 0.094034
1757580043.856668 -0.007057 0.004768 0.015831 -0.007057 -0.067330 -0.005150 0.096704 0.094034
1757580043.858652 -0.007057 0.004768 0.015831 -0.007057 -0.067330 -0.005150 0.096704 0.094034
1757580043.860645 -0.007057 0.004768 0.015831 -0.007057 -0.067330 -0.005150 0.096704 0.094034
1757580043.862608 -0.007057 0.004768 0.015831 -0.007057 -0.067330 -0.005150 0.096704 0.094416
1757580043.864602 -0.007057 0.004768 0.015831 -0.007057 -0.067330 -0.005150 0.096704 0.094034
1757580043.866600 -0.007057 0.004768 0.015831 -0.007057 -0.067330 -0.005150 0.096704 0.094416
1757580043.868615 -0.007057 0.004768 0.015831 -0.007057 -0.067330 -0.005150 0.096704 0.094416
1757580043.870605 -0.007057 0.004768 0.015831 -0.007057 -0.067330 -0.005150 0.096704 0.094416
1757580043.872598 -0.007057 0.004768 0.015831 -0.007057 -0.067330 -0.005150 0.096704 0.094034
1757580043.874653 -0.007057 0.004768 0.015831 -0.007057 -0.067330 -0.005150 0.096704 0.094034
1757580043.876616 -0.007057 0.004768 0.015831 -0.007057 -0.067330 -0.005150 0.096704 0.094034
1757580043.878613 -0.007057 0.004768 0.015831 -0.007057 -0.067330 -0.005150 0.096704 0.094034
1757580043.880643 -0.007057 0.004768 0.015831 -0.007057 -0.067330 -0.005150 0.096704 0.094034
1757580043.882627 -0.007057 0.004768 0.015831 -0.007057 -0.067330 -0.005150 0.096704 0.094034
1757580043.884611 -0.007057 0.004768 0.015831 -0.007057 -0.067330 -0.005150 0.096704 0.094034
1757580043.886601 -0.007057 0.004768 0.015831 -0.007057 -0.067330 -0.005150 0.096704 0.094034
1757580043.888598 -0.007057 0.004768 0.015831 -0.007057 -0.067330 -0.005150 0.096704 0.094034
1757580043.890600 -0.007057 0.004768 0.015831 -0.007057 -0.067330 -0.005150 0.096704 0.094034
1757580043.892619 -0.007057 0.004768 0.015831 -0.007057 -0.067330 -0.005150 0.096704 0.094416
1757580043.894610 -0.007057 0.004768 0.015831 -0.007057 -0.067330 -0.005150 0.096704 0.094034
1757580043.896599 -0.007057 0.004768 0.015831 -0.007057 -0.067330 -0.005150 0.096704 0.094034
1757580043.898597 -0.007057 0.004768 0.015831 -0.007057 -0.067330 -0.005150 0.096704 0.094034
1757580043.900611 -0.007057 0.004768 0.015831 -0.007057 -0.067330 -0.005150 0.096704 0.094034
1757580043.902602 -0.007057 0.004768 0.015831 -0.007057 -0.067330 -0.005150 0.096704 0.094034
1757580043.904606 -0.007057 0.004768 0.015831 -0.007057 -0.067330 -0.005150 0.096704 0.094034
1757580043.906639 -0.007057 0.004768 0.015831 -0.007057 -0.067330 -0.005150 0.096704 0.094034
1757580043.908617 -0.007057 0.004768 0.015831 -0.007057 -0.067330 -0.005150 0.096704 0.094034
1757580043.910604 -0.007057 0.004768 0.015831 -0.007057 -0.067330 -0.005150 0.096704 0.094034
1757580043.912600 -0.007057 0.004768 0.015831 -0.007057 -0.067330 -0.005150 0.096704 0.094034
1757580043.914610 -0.007057 0.004768 0.015831 -0.007057 -0.067330 -0.005150 0.096704 0.094416
1757580043.916626 -0.007057 0.004768 0.015831 -0.007057 -0.067330 -0.005150 0.096704 0.094034
1757580043.918601 -0.007057 0.004768 0.015831 -0.007057 -0.067330 -0.005150 0.096704 0.094034
1757580043.920599 -0.007057 0.004768 0.015831 -0.007057 -0.067330 -0.005150 0.096704 0.094034
1757580043.922599 -0.007057 0.004768 0.015831 -0.007057 -0.067330 -0.005150 0.096704 0.094034
1757580043.924630 -0.007057 0.004768 0.015831 -0.007057 -0.067330 -0.005150 0.096704 0.094034
1757580043.926604 -0.007057 0.004768 0.015831 -0.007057 -0.067330 -0.005150 0.096704 0.094034
1757580043.928678 -0.007057 0.004768 0.015831 -0.007057 -0.067330 -0.005150 0.096704 0.094034
1757580043.930617 -0.007057 0.004768 0.015831 -0.007057 -0.067330 -0.005150 0.096704 0.094034
1757580043.932624 -0.007057 0.004768 0.015831 -0.007057 -0.067330 -0.005150 0.096704 0.094416
1757580043.934611 -0.007057 0.004768 0.015831 -0.007057 -0.067330 -0.005150 0.096704 0.094416
1757580043.936777 -0.007057 0.004768 0.015831 -0.007057 -0.067330 -0.005150 0.096704 0.094416
1757580043.938647 -0.007057 0.004768 0.015831 -0.007057 -0.067330 -0.005150 0.096704 0.094034
1757580043.940731 -0.007057 0.004768 0.015831 -0.007057 -0.067330 -0.005150 0.096704 0.094034
1757580043.942615 -0.007057 0.004768 0.015831 -0.007057 -0.067330 -0.005150 0.096704 0.094416
1757580043.944621 -0.007057 0.004768 0.015831 -0.007057 -0.067330 -0.005150 0.096704 0.094416
1757580043.946617 -0.007057 0.004768 0.015831 -0.007057 -0.067330 -0.005150 0.096704 0.094034
1757580043.948609 -0.007057 0.004768 0.015831 -0.007057 -0.067330 -0.005150 0.096704 0.094034
1757580043.950604 -0.007057 0.004768 0.015831 -0.007057 -0.067330 -0.005150 0.096704 0.094034
1757580043.952599 -0.007057 0.004768 0.015831 -0.007057 -0.067330 -0.005150 0.096704 0.094034
1757580043.954603 -0.007057 0.004768 0.015831 -0.007057 -0.067330 -0.005150 0.096704 0.094034
1757580043.956598 -0.007057 0.004768 0.015831 -0.007057 -0.067330 -0.005150 0.096704 0.094416
1757580043.958601 -0.007439 0.004768 0.015831 -0.007057 -0.067330 -0.005150 0.096704 0.094416
1757580043.960597 -0.007439 0.004768 0.015831 -0.007057 -0.067330 -0.005150 0.096704 0.094034
1757580043.962630 -0.007439 0.004768 0.015831 -0.007057 -0.067330 -0.005150 0.096704 0.094034
1757580043.964601 -0.007439 0.004768 0.015831 -0.007057 -0.067330 -0.005150 0.096704 0.094034
1757580043.966623 -0.007439 0.004768 0.015831 -0.007057 -0.067330 -0.005150 0.096704 0.094034
1757580043.968660 -0.007439 0.004768 0.015831 -0.007057 -0.067330 -0.005150 0.096704 0.094034
1757580043.970613 -0.007439 0.004768 0.015831 -0.007057 -0.067330 -0.005150 0.096704 0.094034
1757580043.972612 -0.007439 0.004768 0.015831 -0.007057 -0.067330 -0.005150 0.096704 0.094034
1757580043.974604 -0.007439 0.004768 0.015831 -0.007057 -0.067330 -0.005150 0.096704 0.094034
1757580043.976635 -0.007439 0.004768 0.015831 -0.007057 -0.067330 -0.005150 0.096704 0.094034
1757580043.978612 -0.007439 0.004768 0.015831 -0.007057 -0.067330 -0.005150 0.096704 0.094034
1757580043.980604 -0.007439 0.004768 0.015831 -0.007057 -0.067330 -0.005150 0.096704 0.094034
1757580043.982607 -0.007439 0.004768 0.015831 -0.007057 -0.067330 -0.005150 0.096704 0.094034
1757580043.984597 -0.007439 0.004768 0.015831 -0.007057 -0.067330 -0.005150 0.096704 0.094416
1757580043.986605 -0.007439 0.004768 0.015831 -0.007057 -0.067330 -0.005150 0.096704 0.094416
1757580043.988599 -0.007439 0.004768 0.015831 -0.007057 -0.067330 -0.005150 0.096704 0.094416
1757580043.990605 -0.007439 0.004768 0.015831 -0.007057 -0.067330 -0.005150 0.096704 0.094034
1757580043.992609 -0.007439 0.004768 0.015831 -0.007057 -0.067330 -0.005150 0.096704 0.094034
1757580043.994622 -0.007439 0.004768 0.015831 -0.007057 -0.067330 -0.005150 0.096704 0.094416
1757580043.996607 -0.007439 0.004768 0.015831 -0.007057 -0.067330 -0.005150 0.096704 0.094034
1757580043.998699 -0.007439 0.004768 0.015831 -0.007057 -0.067330 -0.005150 0.096704 0.094416
1757580044.000623 -0.007439 0.004768 0.015831 -0.007057 -0.067330 -0.005150 0.096704 0.094034
1757580044.002598 -0.007439 0.004768 0.015831 -0.007057 -0.067330 -0.005150 0.096704 0.094034
1757580044.004618 -0.007439 0.004768 0.015831 -0.007057 -0.067330 -0.005150 0.096704 0.094034
1757580044.006626 -0.007439 0.004768 0.015831 -0.007057 -0.067330 -0.005150 0.096704 0.094034
1757580044.008600 -0.007439 0.004768 0.015831 -0.007057 -0.067330 -0.005150 0.096704 0.094034
1757580044.010594 -0.007439 0.004768 0.015831 -0.007057 -0.067330 -0.005150 0.096704 0.094416
1757580044.012594 -0.007439 0.004768 0.015831 -0.007057 -0.067330 -0.005150 0.096704 0.094416
1757580044.014630 -0.007439 0.004768 0.015831 -0.007057 -0.067330 -0.005150 0.096704 0.094034
1757580044.016601 -0.007439 0.004768 0.015831 -0.007057 -0.067330 -0.005150 0.096704 0.094034
1757580044.018595 -0.007439 0.004768 0.015831 -0.007057 -0.067330 -0.005150 0.096704 0.094034
1757580044.020623 -0.007439 0.004768 0.015831 -0.007057 -0.067330 -0.005150 0.096704 0.094034
